run_dir,run,has_ape,has_frontend_metrics,se3_ape_rmse_m,se3_ape_median_m,rpe_trans_rmse_m,rpe_trans_median_m,output_coverage_ratio,first_output_delay_s,init_success,tracking_lost_count_proxy,log_linear_solver_failures,log_failure_mentions,log_restart_mentions,feature_frames,exported_features_sum,exported_learned_features_sum,exported_non_loftr_learned_features_sum,exported_sp_lg_features_sum,exported_xfeat_features_sum,exported_loftr_features_sum,exported_recovered_features_sum,learned_candidate_count_sum,learned_confirmed_count_sum,recovered_count_sum,source_selection_dropped_sum,learned_export_gate_degraded_sum,learned_export_gate_dropped_sum,learned_export_geometry_dropped_sum,learned_export_benefit_dropped_sum,init_klt_only_active_sum,low_parallax_learned_holdoff_active_sum,exported_features_median,median_track_age_median,median_quality_median,median_backend_quality_median,median_classical_backend_quality_median,median_learned_backend_quality_median,classical_track_count_median,classical_grid_coverage_median,learned_export_grid_gain_median,learned_export_new_cells_median,classical_motion_px_median,classical_median_age_median,learned_export_gate_reason_counts,learned_export_benefit_reason_counts,learned_export_geometry_reason_counts,recovery_reason_counts,geometry_mode_counts,published_feature_bag,published_feature_bag_audit_status,published_feature_observations,published_learned_observations,published_loftr_observations,learned_really_exported,loftr_really_exported,safe_no_harm_candidate,learned_positive_candidate,warning
logs/aqualoc_archaeo_vins/external_hybrid_xfeat_every2_jul15screen2_a02_2000_2400_probe,external_hybrid_xfeat_every2_jul15screen2_a02_2000_2400_probe,0,1,,,,,,,,,,,,200,69213,1,1,0,1,0,0,124,45,45,832,0,832,0,832,0,0,348.5,9.25,0.251675,0.992367,0.992367,0.94,348.5,0.833333,,0,,,disabled:200,disabled:84;online_seed_microburst_no_extend:online_seed_basic:71;online_seed_microburst_no_extend:38;online_seed_basic:7,disabled:200,underwater_degradation+flat_regions+low_grid_texture:50;healthy:40;underwater_degradation+flat_regions+illumination_nonuniformity+low_grid_texture:34;underwater_degradation:28;low_grid_coverage+underwater_degradation+flat_regions+illumination_nonuniformity+low_grid_texture:20;low_grid_coverage:18;low_grid_coverage+underwater_degradation+flat_regions+low_grid_texture:5;low_grid_coverage+underwater_degradation:5,degraded_texture:94;severe_low_texture:74;planar_near_wall:19;normal:13,logs/aqualoc_archaeo_vins/external_hybrid_xfeat_every2_jul15screen2_a02_2000_2400_probe/features.bag,source_channels_audited,69213,1,0,1,0,0,0,missing_ape
logs/aqualoc_archaeo_vins/external_hybrid_xfeat_every2_jul15screen2_a03_3600_4000_probe,external_hybrid_xfeat_every2_jul15screen2_a03_3600_4000_probe,0,1,,,,,,,,,,,,200,69516,11,11,0,11,0,0,12,10,10,494,0,494,0,494,0,0,349,41.25,0.313813,0.993564,0.993564,0.94,349,0.833333,,0,,,disabled:200,online_seed_microburst_no_extend:100;disabled:86;online_seed_microburst_no_extend:online_seed_basic:11;online_seed_basic:3,disabled:200,underwater_degradation+flat_regions+low_grid_texture:71;underwater_degradation:55;low_grid_coverage:47;healthy:24;low_grid_coverage+underwater_degradation+flat_regions+low_grid_texture:3,planar_near_wall:102;degraded_texture:98,logs/aqualoc_archaeo_vins/external_hybrid_xfeat_every2_jul15screen2_a03_3600_4000_probe/features.bag,source_channels_audited,69516,11,0,1,0,0,0,missing_ape
logs/aqualoc_archaeo_vins/external_hybrid_xfeat_every2_jul15screen2_a03_5200_5600_probe,external_hybrid_xfeat_every2_jul15screen2_a03_5200_5600_probe,0,1,,,,,,,,,,,,200,67391,2,2,0,2,0,0,205,77,77,2686,0,2686,0,2686,0,0,337,26.25,0.306603,0.993488,0.993488,0.94,337,0.75,,0,,,disabled:200,online_seed_microburst_no_extend:90;disabled:54;online_seed_microburst_no_extend:online_seed_basic:52;online_seed_basic:4,disabled:200,low_grid_coverage+underwater_degradation+flat_regions+low_grid_texture:75;healthy:48;low_grid_coverage+underwater_degradation:32;low_grid_coverage:28;underwater_degradation:17,degraded_texture:135;severe_low_texture:44;planar_near_wall:21,logs/aqualoc_archaeo_vins/external_hybrid_xfeat_every2_jul15screen2_a03_5200_5600_probe/features.bag,source_channels_audited,67391,2,0,1,0,0,0,missing_ape
logs/aqualoc_archaeo_vins/external_hybrid_xfeat_every2_jul15screen2_a05_1200_1600_probe,external_hybrid_xfeat_every2_jul15screen2_a05_1200_1600_probe,0,1,,,,,,,,,,,,200,69647,9,9,0,9,0,0,78,29,29,382,0,382,0,382,0,0,349,4,0.292729,0.992064,0.992064,0.94,349,0.875,,0,,,disabled:200,online_seed_microburst_no_extend:100;disabled:70;online_seed_microburst_no_extend:online_seed_basic:25;online_seed_basic:5,disabled:200,healthy:148;illumination_nonuniformity:25;low_grid_coverage:15;low_grid_coverage+illumination_nonuniformity:12,degraded_texture:200,logs/aqualoc_archaeo_vins/external_hybrid_xfeat_every2_jul15screen2_a05_1200_1600_probe/features.bag,source_channels_audited,69647,9,0,1,0,0,0,missing_ape
logs/aqualoc_archaeo_vins/external_hybrid_xfeat_every2_jul15screen2_a05_2400_2800_probe,external_hybrid_xfeat_every2_jul15screen2_a05_2400_2800_probe,0,1,,,,,,,,,,,,200,69292,13,13,0,13,0,0,30,12,12,725,0,725,0,725,0,0,349,43,0.278451,0.993445,0.993445,0.94,349,0.833333,,0,,,disabled:200,online_seed_microburst_no_extend:106;disabled:66;online_seed_microburst_no_extend:online_seed_basic:25;online_seed_basic:3,disabled:200,healthy:132;low_grid_coverage:40;flat_regions+low_grid_texture:22;low_grid_coverage+underwater_degradation:4;underwater_degradation:2,degraded_texture:164;planar_near_wall:36,logs/aqualoc_archaeo_vins/external_hybrid_xfeat_every2_jul15screen2_a05_2400_2800_probe/features.bag,source_channels_audited,69292,13,0,1,0,0,0,missing_ape
logs/aqualoc_archaeo_vins/external_hybrid_xfeat_every2_jul15screen2_a08_8000_8400_probe,external_hybrid_xfeat_every2_jul15screen2_a08_8000_8400_probe,0,1,,,,,,,,,,,,200,70000,0,0,0,0,0,0,0,0,0,0,0,0,0,0,0,0,350,75,0.352321,0.994132,0.994132,,350,0.916667,,0,,,disabled:200,disabled:200,disabled:200,healthy:167;underwater_degradation:33,degraded_texture:184;normal:13;planar_near_wall:3,logs/aqualoc_archaeo_vins/external_hybrid_xfeat_every2_jul15screen2_a08_8000_8400_probe/features.bag,source_channels_audited,70000,0,0,0,0,0,0,missing_ape
logs/aqualoc_archaeo_vins/external_hybrid_xfeat_every2_jul15screen3_a06_1200_1600_probe,external_hybrid_xfeat_every2_jul15screen3_a06_1200_1600_probe,0,1,,,,,,,,,,,,200,70000,0,0,0,0,0,0,15,0,0,0,0,0,0,0,0,0,350,60.25,0.295402,0.993612,0.993612,,350,0.875,,0,,,disabled:200,disabled:200,disabled:200,healthy:94;underwater_degradation+flat_regions+low_grid_texture:61;low_grid_coverage+underwater_degradation+flat_regions+low_grid_texture:18;underwater_degradation:14;low_grid_coverage:11;low_grid_coverage+underwater_degradation:2,degraded_texture:112;planar_near_wall:88,logs/aqualoc_archaeo_vins/external_hybrid_xfeat_every2_jul15screen3_a06_1200_1600_probe/features.bag,source_channels_audited,70000,0,0,0,0,0,0,missing_ape
logs/aqualoc_archaeo_vins/external_hybrid_xfeat_every2_jul15screen3_a06_1600_2000_probe,external_hybrid_xfeat_every2_jul15screen3_a06_1600_2000_probe,0,1,,,,,,,,,,,,200,70000,0,0,0,0,0,0,0,0,0,0,0,0,0,0,0,0,350,36.5,0.27175,0.993306,0.993306,,350,0.875,,0,,,disabled:200,disabled:200,disabled:200,healthy:93;underwater_degradation:52;underwater_degradation+flat_regions+low_grid_texture:47;flat_regions+low_grid_texture:5;low_grid_coverage+underwater_degradation:2;low_grid_coverage:1,planar_near_wall:138;degraded_texture:62,logs/aqualoc_archaeo_vins/external_hybrid_xfeat_every2_jul15screen3_a06_1600_2000_probe/features.bag,source_channels_audited,70000,0,0,0,0,0,0,missing_ape
logs/aqualoc_archaeo_vins/external_hybrid_xfeat_every2_jul15screen3_a06_400_800_probe,external_hybrid_xfeat_every2_jul15screen3_a06_400_800_probe,0,1,,,,,,,,,,,,200,69150,5,5,0,5,0,0,163,61,61,911,0,914,0,914,0,0,349,1,0.385204,0.966254,0.966254,0.94,349,0.833333,,0,,,disabled:200,disabled:79;online_seed_microburst_no_extend:73;online_seed_microburst_no_extend:online_seed_basic:36;online_seed_basic:10;online_seed_gftt_dominated:ratio=0.686:classical=347:grid=0.958:online_seed_mirror_refill:1;online_seed_ok:1,disabled:200,illumination_nonuniformity:54;flat_regions+low_grid_texture:49;healthy:45;low_grid_coverage+illumination_nonuniformity:31;low_grid_coverage:17;flat_regions+illumination_nonuniformity+low_grid_texture:2;low_grid_coverage+flat_regions+low_grid_texture:2,degraded_texture:200,logs/aqualoc_archaeo_vins/external_hybrid_xfeat_every2_jul15screen3_a06_400_800_probe/features.bag,source_channels_audited,69150,5,0,1,0,0,0,missing_ape
logs/aqualoc_archaeo_vins/external_hybrid_xfeat_every2_jul15screen3_a06_800_1200_probe,external_hybrid_xfeat_every2_jul15screen3_a06_800_1200_probe,0,1,,,,,,,,,,,,200,69170,3,3,0,3,0,0,42,21,21,851,0,851,0,851,0,0,350,22,0.241635,0.992794,0.992794,0.94,350,0.833333,,0,,,disabled:200,disabled:115;online_seed_microburst_no_extend:41;online_seed_microburst_no_extend:online_seed_basic:40;online_seed_basic:4,disabled:200,healthy:68;illumination_nonuniformity:37;low_grid_coverage+illumination_nonuniformity:25;low_grid_coverage:25;underwater_degradation:22;low_grid_coverage+underwater_degradation+flat_regions+low_grid_texture:6;underwater_degradation+flat_regions+low_grid_texture:5;low_grid_coverage+underwater_degradation:4,planar_near_wall:109;degraded_texture:91,logs/aqualoc_archaeo_vins/external_hybrid_xfeat_every2_jul15screen3_a06_800_1200_probe/features.bag,source_channels_audited,69170,3,0,1,0,0,0,missing_ape
logs/aqualoc_archaeo_vins/external_hybrid_xfeat_every2_jul15screen4_a09_3600_4000_probe,external_hybrid_xfeat_every2_jul15screen4_a09_3600_4000_probe,0,1,,,,,,,,,,,,200,70000,0,0,0,0,0,0,5,5,5,5,0,140,0,140,0,0,350,30.25,0.42031,0.994093,0.994093,,350,0.875,,0,,,disabled:200,disabled:135;online_seed_sparse_start:candidates=1:classical=350:grid=0.833:online_seed_mirror_refill:online_seed_mirror_only_after_reject:60;online_seed_mirror_only_after_reject:4;online_seed_sparse_start:candidates=1:classical=350:grid=0.833:online_seed_basic:online_seed_mirror_only_after_reject:1,disabled:200,healthy:182;low_grid_coverage:15;illumination_nonuniformity:3,normal:200,logs/aqualoc_archaeo_vins/external_hybrid_xfeat_every2_jul15screen4_a09_3600_4000_probe/features.bag,source_channels_audited,70000,0,0,0,0,0,0,missing_ape
logs/aqualoc_archaeo_vins/external_hybrid_xfeat_every2_jul15screen4_a09_4400_4800_probe,external_hybrid_xfeat_every2_jul15screen4_a09_4400_4800_probe,0,1,,,,,,,,,,,,200,69829,16,16,0,16,0,0,17,9,9,180,0,180,0,180,0,0,350,48,0.301462,0.993682,0.993682,0.94,350,0.916667,,0,,,disabled:200,disabled:185;online_seed_microburst_no_extend:8;online_seed_microburst_no_extend:online_seed_basic:4;online_seed_basic:2;online_seed_ok:1,disabled:200,healthy:165;low_grid_coverage:35,degraded_texture:200,logs/aqualoc_archaeo_vins/external_hybrid_xfeat_every2_jul15screen4_a09_4400_4800_probe/features.bag,source_channels_audited,69829,16,0,1,0,0,0,missing_ape
logs/aqualoc_archaeo_vins/external_hybrid_xfeat_every2_jul15screen4_a09_5600_6000_probe,external_hybrid_xfeat_every2_jul15screen4_a09_5600_6000_probe,0,1,,,,,,,,,,,,200,69898,8,8,0,8,0,0,0,0,0,102,0,102,0,102,0,0,350,23,0.245486,0.992966,0.992969,0.94,350,0.833333,,0,,,disabled:200,disabled:167;online_seed_microburst_no_extend:25;online_seed_microburst_no_extend:online_seed_basic:5;online_seed_basic:3,disabled:200,underwater_degradation+flat_regions+low_grid_texture:79;flat_regions+low_grid_texture:36;healthy:36;low_grid_coverage:30;low_grid_coverage+underwater_degradation+flat_regions+low_grid_texture:13;low_grid_coverage+flat_regions+low_grid_texture:6,planar_near_wall:164;degraded_texture:36,logs/aqualoc_archaeo_vins/external_hybrid_xfeat_every2_jul15screen4_a09_5600_6000_probe/features.bag,source_channels_audited,69898,8,0,1,0,0,0,missing_ape
logs/aqualoc_archaeo_vins/external_hybrid_xfeat_every2_jul15screen4_a09_800_1200_probe,external_hybrid_xfeat_every2_jul15screen4_a09_800_1200_probe,0,1,,,,,,,,,,,,200,70000,0,0,0,0,0,0,20,18,18,18,0,695,0,695,0,0,350,79.5,0.472353,0.995099,0.995099,,346,0.791667,,0,,,disabled:200,online_seed_sparse_start:candidates=2:classical=350:grid=0.833:online_seed_mirror_refill:online_seed_mirror_only_after_reject:102;online_seed_mirror_only_after_reject:87;disabled:9;online_seed_sparse_start:candidates=2:classical=350:grid=0.833:online_seed_basic:online_seed_mirror_only_after_reject:2,disabled:200,low_grid_coverage:101;healthy:99,normal:200,logs/aqualoc_archaeo_vins/external_hybrid_xfeat_every2_jul15screen4_a09_800_1200_probe/features.bag,source_channels_audited,70000,0,0,0,0,0,0,missing_ape
logs/aqualoc_archaeo_vins/external_hybrid_xfeat_every2_jul15screen5_a02_1600_2000_probe,external_hybrid_xfeat_every2_jul15screen5_a02_1600_2000_probe,0,1,,,,,,,,,,,,200,66259,50,50,0,50,0,0,170,78,78,3819,0,3819,0,3819,0,0,327,37.25,0.323138,0.993733,0.993733,0.94,327,0.833333,,0,,,disabled:200,online_seed_microburst:100;online_seed_microburst:online_seed_basic:48;disabled:40;online_seed_basic:online_seed_budget:6;online_seed_basic:3;online_seed_budget:3,disabled:200,healthy:147;low_grid_coverage:26;underwater_degradation:18;underwater_degradation+flat_regions+low_grid_texture:9,degraded_texture:174;planar_near_wall:26,logs/aqualoc_archaeo_vins/external_hybrid_xfeat_every2_jul15screen5_a02_1600_2000_probe/features.bag,source_channels_audited,66259,50,0,1,0,0,0,missing_ape
logs/aqualoc_archaeo_vins/external_hybrid_xfeat_every2_jul15screen5_a02_3200_3600_probe,external_hybrid_xfeat_every2_jul15screen5_a02_3200_3600_probe,0,1,,,,,,,,,,,,200,69520,19,19,0,19,0,0,29,11,11,491,0,491,0,491,0,0,350,46,0.261235,0.993276,0.993276,0.94,350,0.833333,,0,,,disabled:200,disabled:115;online_seed_microburst_no_extend:70;online_seed_microburst_no_extend:online_seed_basic:11;online_seed_basic:4,disabled:200,underwater_degradation+flat_regions+low_grid_texture:120;low_grid_coverage+underwater_degradation+flat_regions+low_grid_texture:80,planar_near_wall:178;degraded_texture:22,logs/aqualoc_archaeo_vins/external_hybrid_xfeat_every2_jul15screen5_a02_3200_3600_probe/features.bag,source_channels_audited,69520,19,0,1,0,0,0,missing_ape
logs/aqualoc_archaeo_vins/external_hybrid_xfeat_every2_jul15screen5_a02_5600_6000_probe,external_hybrid_xfeat_every2_jul15screen5_a02_5600_6000_probe,0,1,,,,,,,,,,,,200,68288,50,50,0,50,0,0,54,39,39,2129,0,2129,0,2129,0,0,344,123,0.430433,0.994859,0.994859,0.94,344,0.833333,,0,,,disabled:200,online_seed_microburst:127;disabled:54;online_seed_budget:9;online_seed_microburst:online_seed_basic:7;online_seed_ok:2;online_seed_basic:online_seed_budget:1,disabled:200,healthy:130;low_grid_coverage:46;underwater_degradation:24,degraded_texture:143;normal:57,logs/aqualoc_archaeo_vins/external_hybrid_xfeat_every2_jul15screen5_a02_5600_6000_probe/features.bag,source_channels_audited,68288,50,0,1,0,0,0,missing_ape
logs/aqualoc_archaeo_vins/external_hybrid_xfeat_every2_jul15screen5_a02_8000_8400_probe,external_hybrid_xfeat_every2_jul15screen5_a02_8000_8400_probe,0,1,,,,,,,,,,,,200,66123,50,50,0,50,0,0,212,98,98,3995,0,3995,0,3995,0,0,331,45,0.379892,0.994396,0.994396,0.94,331,0.791667,,0,,,disabled:200,online_seed_microburst:123;disabled:42;online_seed_microburst:online_seed_basic:22;online_seed_basic:6;online_seed_budget:5;online_seed_basic:online_seed_budget:2,disabled:200,low_grid_coverage:100;underwater_degradation+flat_regions+low_grid_texture:47;underwater_degradation:20;low_grid_coverage+underwater_degradation:19;low_grid_coverage+underwater_degradation+flat_regions+low_grid_texture:8;healthy:6,degraded_texture:118;normal:66;planar_near_wall:16,logs/aqualoc_archaeo_vins/external_hybrid_xfeat_every2_jul15screen5_a02_8000_8400_probe/features.bag,source_channels_audited,66123,50,0,1,0,0,0,missing_ape
logs/aqualoc_archaeo_vins/external_hybrid_xfeat_every2_jul15screen6_a05_0_400_probe,external_hybrid_xfeat_every2_jul15screen6_a05_0_400_probe,0,1,,,,,,,,,,,,200,68008,50,50,0,50,0,0,182,76,76,2068,0,2068,0,2068,0,0,339,25,0.322768,0.99349,0.99349,0.94,339,0.833333,,0,,,disabled:200,online_seed_microburst:128;online_seed_microburst:online_seed_basic:37;disabled:23;online_seed_budget:6;online_seed_ok:5;online_seed_basic:1,disabled:200,healthy:128;low_grid_coverage:72,degraded_texture:165;normal:35,logs/aqualoc_archaeo_vins/external_hybrid_xfeat_every2_jul15screen6_a05_0_400_probe/features.bag,source_channels_audited,68008,50,0,1,0,0,0,missing_ape
logs/aqualoc_archaeo_vins/external_hybrid_xfeat_every2_jul15screen6_a05_1600_2000_probe,external_hybrid_xfeat_every2_jul15screen6_a05_1600_2000_probe,0,1,,,,,,,,,,,,200,67650,9,9,0,9,0,0,302,102,102,2452,0,2452,0,2452,0,0,339,37,0.280998,0.993285,0.993285,0.94,339,0.791667,,0,,,disabled:200,online_seed_microburst_no_extend:122;online_seed_microburst_no_extend:online_seed_basic:72;disabled:3;online_seed_ok:2;online_seed_basic:1,disabled:200,illumination_nonuniformity:109;low_grid_coverage+illumination_nonuniformity:74;low_grid_coverage:17,degraded_texture:200,logs/aqualoc_archaeo_vins/external_hybrid_xfeat_every2_jul15screen6_a05_1600_2000_probe/features.bag,source_channels_audited,67650,9,0,1,0,0,0,missing_ape
logs/aqualoc_archaeo_vins/external_hybrid_xfeat_every2_jul15screen6_a05_2800_3200_probe,external_hybrid_xfeat_every2_jul15screen6_a05_2800_3200_probe,0,1,,,,,,,,,,,,200,69999,0,0,0,0,0,0,18,3,3,4,0,4,0,4,0,0,350,16.5,0.230726,0.992821,0.992821,,350,0.875,,0,,,disabled:200,disabled:198;online_seed_basic:2,disabled:200,underwater_degradation+flat_regions+low_grid_texture:163;underwater_degradation:15;healthy:12;low_grid_coverage+underwater_degradation+flat_regions+low_grid_texture:9;low_grid_coverage:1,planar_near_wall:177;degraded_texture:23,logs/aqualoc_archaeo_vins/external_hybrid_xfeat_every2_jul15screen6_a05_2800_3200_probe/features.bag,source_channels_audited,69999,0,0,0,0,0,0,missing_ape
logs/aqualoc_archaeo_vins/external_hybrid_xfeat_every2_jul15screen7_a08_0_400_probe,external_hybrid_xfeat_every2_jul15screen7_a08_0_400_probe,0,1,,,,,,,,,,,,200,68548,50,50,0,50,0,0,59,15,15,1470,0,1470,0,1470,0,0,350,109,0.350766,0.994117,0.994117,0.94,350,0.875,,0,,,disabled:200,disabled:126;online_seed_microburst:56;online_seed_budget:9;online_seed_microburst:online_seed_basic:6;online_seed_ok:2;online_seed_basic:1,disabled:200,healthy:181;low_grid_coverage:19,degraded_texture:200,logs/aqualoc_archaeo_vins/external_hybrid_xfeat_every2_jul15screen7_a08_0_400_probe/features.bag,source_channels_audited,68548,50,0,1,0,0,0,missing_ape
logs/aqualoc_archaeo_vins/external_hybrid_xfeat_every2_jul15screen7_a08_400_800_probe,external_hybrid_xfeat_every2_jul15screen7_a08_400_800_probe,0,1,,,,,,,,,,,,200,69663,50,50,0,50,0,0,0,0,0,342,0,342,0,342,0,0,350,201,0.373977,0.994346,0.994346,0.94,350,0.875,,0,,,disabled:200,disabled:150;online_seed_microburst:34;online_seed_budget:6;online_seed_microburst:online_seed_basic:4;online_seed_basic:3;online_seed_ok:3,disabled:200,healthy:195;low_grid_coverage:5,degraded_texture:200,logs/aqualoc_archaeo_vins/external_hybrid_xfeat_every2_jul15screen7_a08_400_800_probe/features.bag,source_channels_audited,69663,50,0,1,0,0,0,missing_ape
logs/aqualoc_archaeo_vins/external_hybrid_xfeat_every2_jul15screen7_a08_5600_6000_probe,external_hybrid_xfeat_every2_jul15screen7_a08_5600_6000_probe,0,1,,,,,,,,,,,,200,66876,9,9,0,9,0,0,401,188,188,3312,0,3312,0,3312,0,0,333,33,0.279729,0.99326,0.99326,0.94,333,0.75,,0,,,disabled:200,online_seed_microburst_no_extend:online_seed_basic:122;online_seed_microburst_no_extend:69;disabled:5;online_seed_basic:4,disabled:200,low_grid_coverage+illumination_nonuniformity:127;low_grid_coverage:45;illumination_nonuniformity:19;healthy:9,degraded_texture:200,logs/aqualoc_archaeo_vins/external_hybrid_xfeat_every2_jul15screen7_a08_5600_6000_probe/features.bag,source_channels_audited,66876,9,0,1,0,0,0,missing_ape
logs/aqualoc_archaeo_vins/external_hybrid_xfeat_every2_jul15screen7_a08_800_1200_probe,external_hybrid_xfeat_every2_jul15screen7_a08_800_1200_probe,0,1,,,,,,,,,,,,200,70000,0,0,0,0,0,0,0,0,0,0,0,0,0,0,0,0,350,105.5,0.365243,0.994265,0.994265,,350,0.916667,,0,,,disabled:200,disabled:200,disabled:200,healthy:200,degraded_texture:200,logs/aqualoc_archaeo_vins/external_hybrid_xfeat_every2_jul15screen7_a08_800_1200_probe/features.bag,source_channels_audited,70000,0,0,0,0,0,0,missing_ape
logs/aqualoc_archaeo_vins/external_hybrid_xfeat_every2_jul15screen8_a07_400_800_probe,external_hybrid_xfeat_every2_jul15screen8_a07_400_800_probe,0,1,,,,,,,,,,,,200,70000,0,0,0,0,0,0,0,0,0,0,0,0,0,0,0,0,350,17,0.302666,0.993454,0.993454,,350,0.916667,,0,,,disabled:200,disabled:200,disabled:200,healthy:198;low_grid_coverage:2,degraded_texture:200,logs/aqualoc_archaeo_vins/external_hybrid_xfeat_every2_jul15screen8_a07_400_800_probe/features.bag,source_channels_audited,70000,0,0,0,0,0,0,missing_ape
logs/aqualoc_archaeo_vins/external_hybrid_xfeat_every2_jul15screen8_a07_5200_5600_probe,external_hybrid_xfeat_every2_jul15screen8_a07_5200_5600_probe,0,1,,,,,,,,,,,,200,69425,50,50,0,50,0,0,11,11,11,718,0,718,0,718,0,0,350,85.75,0.360566,0.99418,0.99418,0.94,350,0.875,,0,,,disabled:200,disabled:139;online_seed_microburst:32;online_seed_microburst:online_seed_basic:17;online_seed_budget:8;online_seed_basic:3;online_seed_basic:online_seed_budget:1,disabled:200,healthy:184;low_grid_coverage:16,degraded_texture:200,logs/aqualoc_archaeo_vins/external_hybrid_xfeat_every2_jul15screen8_a07_5200_5600_probe/features.bag,source_channels_audited,69425,50,0,1,0,0,0,missing_ape
logs/aqualoc_archaeo_vins/external_hybrid_xfeat_every2_jul15screen8_a07_5600_6000_probe,external_hybrid_xfeat_every2_jul15screen8_a07_5600_6000_probe,0,1,,,,,,,,,,,,200,70000,0,0,0,0,0,0,0,0,0,0,0,0,0,0,0,0,350,32,0.320113,0.993747,0.993747,,350,0.916667,,0,,,disabled:200,disabled:200,disabled:200,healthy:200,degraded_texture:200,logs/aqualoc_archaeo_vins/external_hybrid_xfeat_every2_jul15screen8_a07_5600_6000_probe/features.bag,source_channels_audited,70000,0,0,0,0,0,0,missing_ape
logs/aqualoc_archaeo_vins/external_hybrid_xfeat_every2_jul15screen8_a07_8400_8800_probe,external_hybrid_xfeat_every2_jul15screen8_a07_8400_8800_probe,0,1,,,,,,,,,,,,200,68744,50,50,0,50,0,0,56,34,34,1297,0,1297,0,1297,0,0,346.5,40,0.346034,0.993936,0.993936,0.94,345,0.833333,,0,,,disabled:200,online_seed_microburst:96;disabled:77;online_seed_microburst:online_seed_basic:15;online_seed_basic:online_seed_budget:8;online_seed_basic:4,disabled:200,healthy:106;low_grid_coverage+underwater_degradation:40;low_grid_coverage:33;underwater_degradation:16;underwater_degradation+flat_regions+low_grid_texture:5,normal:98;degraded_texture:66;planar_near_wall:36,logs/aqualoc_archaeo_vins/external_hybrid_xfeat_every2_jul15screen8_a07_8400_8800_probe/features.bag,source_channels_audited,68744,50,0,1,0,0,0,missing_ape
logs/aqualoc_archaeo_vins/external_hybrid_xfeat_every2_jul15screen_a01_9200_9600_probe,external_hybrid_xfeat_every2_jul15screen_a01_9200_9600_probe,0,1,,,,,,,,,,,,200,69624,7,7,0,7,0,0,29,20,20,403,0,403,0,403,0,0,349,55.5,0.327534,0.993815,0.993815,0.94,349,0.833333,,0,,,disabled:200,online_seed_microburst_no_extend:94;disabled:82;online_seed_microburst_no_extend:online_seed_basic:21;online_seed_basic:2;online_seed_ok:1,disabled:200,healthy:177;low_grid_coverage:23,degraded_texture:200,logs/aqualoc_archaeo_vins/external_hybrid_xfeat_every2_jul15screen_a01_9200_9600_probe/features.bag,source_channels_audited,69624,7,0,1,0,0,0,missing_ape
logs/aqualoc_archaeo_vins/external_hybrid_xfeat_every2_jul15screen_a02_3600_4000_probe,external_hybrid_xfeat_every2_jul15screen_a02_3600_4000_probe,0,1,,,,,,,,,,,,200,69211,19,19,0,19,0,0,140,24,24,813,0,813,0,813,0,0,347,30.75,0.25878,0.993094,0.993094,0.94,346.5,0.75,,0,,,disabled:200,online_seed_microburst_no_extend:online_seed_basic:71;disabled:70;online_seed_microburst_no_extend:56;online_seed_basic:3,disabled:200,low_grid_coverage+underwater_degradation+flat_regions+low_grid_texture:105;underwater_degradation+flat_regions+low_grid_texture:48;low_grid_coverage+underwater_degradation:47,planar_near_wall:107;severe_low_texture:49;degraded_texture:44,logs/aqualoc_archaeo_vins/external_hybrid_xfeat_every2_jul15screen_a02_3600_4000_probe/features.bag,source_channels_audited,69211,19,0,1,0,0,0,missing_ape
logs/aqualoc_archaeo_vins/external_hybrid_xfeat_every2_jul15screen_a03_2800_3200_probe,external_hybrid_xfeat_every2_jul15screen_a03_2800_3200_probe,0,1,,,,,,,,,,,,200,69037,8,8,0,8,0,0,51,26,26,1001,0,1001,0,1001,0,0,350,74.5,0.285271,0.993505,0.993505,0.94,350,0.916667,,0,,,disabled:200,disabled:125;online_seed_microburst_no_extend:43;online_seed_microburst_no_extend:online_seed_basic:29;online_seed_ok:2;online_seed_basic:1,disabled:200,underwater_degradation:76;underwater_degradation+flat_regions+low_grid_texture:48;low_grid_coverage:26;healthy:26;low_grid_coverage+underwater_degradation:24,degraded_texture:104;planar_near_wall:96,logs/aqualoc_archaeo_vins/external_hybrid_xfeat_every2_jul15screen_a03_2800_3200_probe/features.bag,source_channels_audited,69037,8,0,1,0,0,0,missing_ape
logs/aqualoc_archaeo_vins/external_hybrid_xfeat_every2_jul15screen_a03_3200_3600_probe,external_hybrid_xfeat_every2_jul15screen_a03_3200_3600_probe,0,1,,,,,,,,,,,,200,69193,50,50,0,50,0,0,26,18,18,825,0,825,0,825,0,0,348,38.75,0.300298,0.993582,0.993582,0.94,348,0.833333,,0,,,disabled:200,online_seed_microburst:134;disabled:45;online_seed_microburst:online_seed_basic:8;online_seed_budget:7;online_seed_ok:5;online_seed_basic:1,disabled:200,low_grid_coverage:59;underwater_degradation+flat_regions+low_grid_texture:45;healthy:35;low_grid_coverage+underwater_degradation+flat_regions+low_grid_texture:30;underwater_degradation:27;low_grid_coverage+underwater_degradation:4,degraded_texture:123;severe_low_texture:52;planar_near_wall:25,logs/aqualoc_archaeo_vins/external_hybrid_xfeat_every2_jul15screen_a03_3200_3600_probe/features.bag,source_channels_audited,69193,50,0,1,0,0,0,missing_ape
logs/aqualoc_archaeo_vins/external_hybrid_xfeat_every2_jul15screen_a03_5600_6000_probe,external_hybrid_xfeat_every2_jul15screen_a03_5600_6000_probe,0,1,,,,,,,,,,,,200,68444,50,50,0,50,0,0,94,42,42,1602,0,1602,0,1602,0,0,341,56,0.298164,0.993496,0.993496,0.94,341,0.791667,,0,,,disabled:200,online_seed_microburst:94;online_seed_microburst:online_seed_basic:50;disabled:43;online_seed_budget:8;online_seed_ok:4;online_seed_basic:1,disabled:200,low_grid_coverage:74;underwater_degradation+flat_regions+low_grid_texture:44;low_grid_coverage+underwater_degradation+flat_regions+low_grid_texture:30;underwater_degradation:29;low_grid_coverage+underwater_degradation:12;healthy:11,degraded_texture:115;planar_near_wall:57;severe_low_texture:28,logs/aqualoc_archaeo_vins/external_hybrid_xfeat_every2_jul15screen_a03_5600_6000_probe/features.bag,source_channels_audited,68444,50,0,1,0,0,0,missing_ape
logs/aqualoc_archaeo_vins/external_hybrid_xfeat_every2_jul15screen_a05_2000_2400_probe,external_hybrid_xfeat_every2_jul15screen_a05_2000_2400_probe,0,1,,,,,,,,,,,,200,68546,12,12,0,12,0,0,89,49,49,1524,0,1524,0,1524,0,0,343,79,0.325748,0.993901,0.993901,0.94,343,0.791667,,0,,,disabled:200,online_seed_microburst_no_extend:110;disabled:48;online_seed_microburst_no_extend:online_seed_basic:38;online_seed_basic:4,disabled:200,low_grid_coverage:104;healthy:79;low_grid_coverage+underwater_degradation:13;underwater_degradation:4,degraded_texture:196;planar_near_wall:4,logs/aqualoc_archaeo_vins/external_hybrid_xfeat_every2_jul15screen_a05_2000_2400_probe/features.bag,source_channels_audited,68546,12,0,1,0,0,0,missing_ape
logs/aqualoc_archaeo_vins/external_hybrid_xfeat_every2_jul15screen_a05_550_900_probe,external_hybrid_xfeat_every2_jul15screen_a05_550_900_probe,0,1,,,,,,,,,,,,175,60730,8,8,0,8,0,0,60,30,30,550,0,550,0,550,0,0,347,12,0.253335,0.992591,0.992591,0.94,347,0.833333,,0,,,disabled:175,online_seed_microburst_no_extend:122;online_seed_microburst_no_extend:online_seed_basic:28;disabled:21;online_seed_basic:4,disabled:175,healthy:127;low_grid_coverage:41;low_grid_coverage+flat_regions+low_grid_texture:4;flat_regions+low_grid_texture:1;illumination_nonuniformity:1;low_grid_coverage+illumination_nonuniformity:1,degraded_texture:162;planar_near_wall:13,logs/aqualoc_archaeo_vins/external_hybrid_xfeat_every2_jul15screen_a05_550_900_probe/features.bag,source_channels_audited,60730,8,0,1,0,0,0,missing_ape
logs/aqualoc_archaeo_vins/external_hybrid_xfeat_every2_jul15screen_a08_4700_4860_probe,external_hybrid_xfeat_every2_jul15screen_a08_4700_4860_probe,0,1,,,,,,,,,,,,80,27514,50,50,0,50,0,0,29,20,20,506,0,506,0,506,0,0,345,81,0.425222,0.994773,0.994773,0.94,345,0.833333,,0,,,disabled:80,online_seed_microburst:42;disabled:14;online_seed_microburst:online_seed_basic:12;online_seed_basic:online_seed_budget:7;online_seed_basic:5,disabled:80,healthy:68;low_grid_coverage:12,normal:58;degraded_texture:22,logs/aqualoc_archaeo_vins/external_hybrid_xfeat_every2_jul15screen_a08_4700_4860_probe/features.bag,source_channels_audited,27514,50,0,1,0,0,0,missing_ape
logs/aqualoc_archaeo_vins/external_hybrid_xfeat_every2_jul15screen_a08_6800_7200_probe,external_hybrid_xfeat_every2_jul15screen_a08_6800_7200_probe,0,1,,,,,,,,,,,,200,68910,11,11,0,11,0,0,41,18,18,1135,0,1135,0,1135,0,0,347,95.75,0.339869,0.994044,0.994044,0.94,347,0.791667,,0,,,disabled:200,online_seed_microburst_no_extend:135;disabled:55;online_seed_microburst_no_extend:online_seed_basic:6;online_seed_basic:4,disabled:200,low_grid_coverage:91;healthy:84;underwater_degradation:21;low_grid_coverage+underwater_degradation:4,degraded_texture:200,logs/aqualoc_archaeo_vins/external_hybrid_xfeat_every2_jul15screen_a08_6800_7200_probe/features.bag,source_channels_audited,68910,11,0,1,0,0,0,missing_ape
logs/aqualoc_archaeo_vins/external_hybrid_xfeat_every2_jul15screen_a10_4960_5280_probe,external_hybrid_xfeat_every2_jul15screen_a10_4960_5280_probe,0,1,,,,,,,,,,,,160,55927,5,5,0,5,0,0,0,0,0,73,0,73,0,73,0,0,350,8,0.250906,0.992127,0.992127,0.94,350,0.875,,0,,,disabled:160,disabled:100;online_seed_microburst_no_extend:53;online_seed_basic:4;online_seed_microburst_no_extend:online_seed_basic:3,disabled:160,flat_regions+low_grid_texture:66;underwater_degradation+flat_regions+low_grid_texture:63;low_grid_coverage+underwater_degradation+flat_regions+low_grid_texture:27;healthy:3;underwater_degradation:1,degraded_texture:111;planar_near_wall:49,logs/aqualoc_archaeo_vins/external_hybrid_xfeat_every2_jul15screen_a10_4960_5280_probe/features.bag,source_channels_audited,55927,5,0,1,0,0,0,missing_ape
logs/aqualoc_archaeo_vins/external_hybrid_xfeat_every2_jul16screen10_a01_6400_6800_probe,external_hybrid_xfeat_every2_jul16screen10_a01_6400_6800_probe,0,1,,,,,,,,,,,,200,69736,30,30,0,30,0,0,13,0,0,258,0,258,0,258,0,0,350,79.5,0.34427,0.993952,0.993955,0.94,350,0.833333,,0,,,disabled:200,disabled:132;online_seed_lineage_budget:online_seed_microburst_no_extend:56;online_seed_lineage_continuation:online_seed_microburst_no_extend:online_seed_basic:5;online_seed_ok:3;online_seed_lineage_budget:online_seed_microburst_no_extend:online_seed_basic:3;online_seed_lineage_continuation:online_seed_microburst_no_extend:1,disabled:200,healthy:100;low_grid_coverage:51;underwater_degradation:30;underwater_degradation+flat_regions+low_grid_texture:18;low_grid_coverage+underwater_degradation+flat_regions+low_grid_texture:1,degraded_texture:158;planar_near_wall:42,logs/aqualoc_archaeo_vins/external_hybrid_xfeat_every2_jul16screen10_a01_6400_6800_probe/features.bag,source_channels_audited,69736,30,0,1,0,0,0,missing_ape
logs/aqualoc_archaeo_vins/external_hybrid_xfeat_every2_jul16screen10_a01_6800_7200_probe,external_hybrid_xfeat_every2_jul16screen10_a01_6800_7200_probe,0,1,,,,,,,,,,,,200,68553,50,50,0,50,0,0,57,28,28,1471,0,1471,0,1471,0,0,345,88,0.312352,0.993714,0.993714,0.94,343.5,0.791667,,0,,,disabled:200,online_seed_microburst:124;disabled:34;online_seed_microburst:online_seed_basic:30;online_seed_budget:8;online_seed_basic:3;online_seed_ok:1,disabled:200,healthy:115;low_grid_coverage:85,degraded_texture:200,logs/aqualoc_archaeo_vins/external_hybrid_xfeat_every2_jul16screen10_a01_6800_7200_probe/features.bag,source_channels_audited,68553,50,0,1,0,0,0,missing_ape
logs/aqualoc_archaeo_vins/external_hybrid_xfeat_every2_jul16screen10_a01_7200_7600_probe,external_hybrid_xfeat_every2_jul16screen10_a01_7200_7600_probe,0,1,,,,,,,,,,,,200,68407,50,50,0,50,0,0,57,51,51,1644,0,1644,0,1644,0,0,347,52,0.287972,0.993478,0.993478,0.94,347,0.791667,,0,,,disabled:200,online_seed_microburst:132;online_seed_microburst:online_seed_basic:32;disabled:23;online_seed_basic:online_seed_budget:6;online_seed_basic:5;online_seed_budget:2,disabled:200,healthy:75;low_grid_coverage+underwater_degradation:59;low_grid_coverage:47;underwater_degradation:19,degraded_texture:200,logs/aqualoc_archaeo_vins/external_hybrid_xfeat_every2_jul16screen10_a01_7200_7600_probe/features.bag,source_channels_audited,68407,50,0,1,0,0,0,missing_ape
logs/aqualoc_archaeo_vins/external_hybrid_xfeat_every2_jul16screen10_a01_8800_9200_probe,external_hybrid_xfeat_every2_jul16screen10_a01_8800_9200_probe,0,1,,,,,,,,,,,,200,68270,28,28,0,28,0,0,143,73,73,1804,0,1804,0,1804,0,0,342.5,14.25,0.271091,0.992895,0.992895,0.94,342,0.75,,0,,,disabled:200,online_seed_lineage_budget:online_seed_microburst_no_extend:102;online_seed_lineage_budget:online_seed_microburst_no_extend:online_seed_basic:83;disabled:5;online_seed_basic:4;online_seed_lineage_continuation:online_seed_microburst_no_extend:4;online_seed_lineage_continuation:online_seed_microburst_no_extend:online_seed_basic:2,disabled:200,healthy:116;low_grid_coverage:75;underwater_degradation:8;low_grid_coverage+underwater_degradation:1,degraded_texture:199;normal:1,logs/aqualoc_archaeo_vins/external_hybrid_xfeat_every2_jul16screen10_a01_8800_9200_probe/features.bag,source_channels_audited,68270,28,0,1,0,0,0,missing_ape
logs/aqualoc_archaeo_vins/external_hybrid_xfeat_every2_jul16screen11_a04_11200_11600_probe,external_hybrid_xfeat_every2_jul16screen11_a04_11200_11600_probe,0,1,,,,,,,,,,,,200,69990,15,15,0,15,0,0,39,0,0,10,0,10,0,10,0,0,350,35,0.35605,0.994001,0.994001,0.94,350,0.875,,0,,,disabled:200,disabled:184;online_seed_ok:online_seed_lineage_continuation:7;online_seed_lineage_budget:online_seed_microburst_no_extend:4;online_seed_basic:3;online_seed_lineage_continuation:online_seed_microburst_no_extend:online_seed_basic:2,disabled:200,healthy:111;underwater_degradation+flat_regions+low_grid_texture:57;low_grid_coverage+underwater_degradation+flat_regions+low_grid_texture:20;flat_regions+low_grid_texture:10;low_grid_coverage:2,normal:83;degraded_texture:78;severe_low_texture:29;planar_near_wall:10,logs/aqualoc_archaeo_vins/external_hybrid_xfeat_every2_jul16screen11_a04_11200_11600_probe/features.bag,source_channels_audited,69990,15,0,1,0,0,0,missing_ape
logs/aqualoc_archaeo_vins/external_hybrid_xfeat_every2_jul16screen11_a04_3200_3600_probe,external_hybrid_xfeat_every2_jul16screen11_a04_3200_3600_probe,0,1,,,,,,,,,,,,200,69261,27,27,0,27,0,0,31,7,7,769,0,769,0,769,0,0,346,120,0.433402,0.994866,0.994866,0.94,346,0.875,,0,,,disabled:200,online_seed_lineage_budget:online_seed_microburst_no_extend:111;disabled:79;online_seed_lineage_continuation:online_seed_microburst_no_extend:online_seed_basic:4;online_seed_basic:2;online_seed_lineage_continuation:online_seed_microburst_no_extend:2;online_seed_ok:1;online_seed_microburst_no_extend:1,disabled:200,healthy:185;low_grid_coverage:15,normal:200,logs/aqualoc_archaeo_vins/external_hybrid_xfeat_every2_jul16screen11_a04_3200_3600_probe/features.bag,source_channels_audited,69261,27,0,1,0,0,0,missing_ape
logs/aqualoc_archaeo_vins/external_hybrid_xfeat_every2_jul16screen11_a04_7600_8000_probe,external_hybrid_xfeat_every2_jul16screen11_a04_7600_8000_probe,0,1,,,,,,,,,,,,200,70000,0,0,0,0,0,0,0,0,0,0,0,0,0,0,0,0,350,35.5,0.263892,0.993234,0.993234,,350,0.916667,,0,,,disabled:200,disabled:200,disabled:200,healthy:108;underwater_degradation+flat_regions+low_grid_texture:38;underwater_degradation:35;flat_regions+low_grid_texture:16;low_grid_coverage:3,degraded_texture:149;planar_near_wall:51,logs/aqualoc_archaeo_vins/external_hybrid_xfeat_every2_jul16screen11_a04_7600_8000_probe/features.bag,source_channels_audited,70000,0,0,0,0,0,0,missing_ape
logs/aqualoc_archaeo_vins/external_hybrid_xfeat_every2_jul16screen11_a04_8000_8400_probe,external_hybrid_xfeat_every2_jul16screen11_a04_8000_8400_probe,0,1,,,,,,,,,,,,200,69743,50,50,0,50,0,0,45,22,22,279,0,279,0,279,0,0,350,28,0.309842,0.993603,0.993611,0.94,350,0.916667,,0,,,disabled:200,disabled:137;online_seed_microburst:47;online_seed_basic:5;online_seed_basic:online_seed_budget:4;online_seed_microburst:online_seed_basic:4;online_seed_budget:3,disabled:200,healthy:117;underwater_degradation+flat_regions+low_grid_texture:48;low_grid_coverage:16;flat_regions+low_grid_texture:11;underwater_degradation:8,degraded_texture:131;normal:52;planar_near_wall:17,logs/aqualoc_archaeo_vins/external_hybrid_xfeat_every2_jul16screen11_a04_8000_8400_probe/features.bag,source_channels_audited,69743,50,0,1,0,0,0,missing_ape
logs/aqualoc_archaeo_vins/external_hybrid_xfeat_every2_jul16screen12_a10_3200_3600_probe,external_hybrid_xfeat_every2_jul16screen12_a10_3200_3600_probe,0,1,,,,,,,,,,,,200,70000,0,0,0,0,0,0,0,0,0,0,0,0,0,0,0,0,350,24,0.282396,0.993271,0.993271,,350,0.916667,,0,,,disabled:200,disabled:200,disabled:200,healthy:200,degraded_texture:200,logs/aqualoc_archaeo_vins/external_hybrid_xfeat_every2_jul16screen12_a10_3200_3600_probe/features.bag,source_channels_audited,70000,0,0,0,0,0,0,missing_ape
logs/aqualoc_archaeo_vins/external_hybrid_xfeat_every2_jul16screen12_a10_3600_4000_probe,external_hybrid_xfeat_every2_jul16screen12_a10_3600_4000_probe,0,1,,,,,,,,,,,,200,69036,19,19,0,19,0,0,74,46,46,1010,0,1010,0,1010,0,0,348,29,0.296195,0.993513,0.993513,0.94,348,0.75,,0,,,disabled:200,disabled:88;online_seed_lineage_budget:online_seed_microburst_no_extend:66;online_seed_lineage_budget:online_seed_microburst_no_extend:online_seed_basic:37;online_seed_ok:online_seed_lineage_continuation:6;online_seed_basic:3,disabled:200,low_grid_coverage:102;healthy:78;low_grid_coverage+illumination_nonuniformity:20,degraded_texture:200,logs/aqualoc_archaeo_vins/external_hybrid_xfeat_every2_jul16screen12_a10_3600_4000_probe/features.bag,source_channels_audited,69036,19,0,1,0,0,0,missing_ape
logs/aqualoc_archaeo_vins/external_hybrid_xfeat_every2_jul16screen12_a10_4000_4400_probe,external_hybrid_xfeat_every2_jul16screen12_a10_4000_4400_probe,0,1,,,,,,,,,,,,200,69229,26,26,0,26,0,0,119,68,68,839,0,839,0,839,0,0,347.5,8,0.230272,0.992653,0.992653,0.94,346,0.875,,0,,,disabled:200,online_seed_lineage_budget:online_seed_microburst_no_extend:82;disabled:70;online_seed_lineage_budget:online_seed_microburst_no_extend:online_seed_basic:39;online_seed_lineage_continuation:online_seed_microburst_no_extend:online_seed_basic:4;online_seed_basic:3;online_seed_lineage_continuation:online_seed_microburst_no_extend:2,disabled:200,healthy:76;flat_regions+low_grid_texture:55;low_grid_coverage:45;low_grid_coverage+illumination_nonuniformity:12;low_grid_coverage+flat_regions+low_grid_texture:10;underwater_degradation+flat_regions+low_grid_texture:1;low_grid_coverage+underwater_degradation+flat_regions+low_grid_texture:1,degraded_texture:177;planar_near_wall:23,logs/aqualoc_archaeo_vins/external_hybrid_xfeat_every2_jul16screen12_a10_4000_4400_probe/features.bag,source_channels_audited,69229,26,0,1,0,0,0,missing_ape
logs/aqualoc_archaeo_vins/external_hybrid_xfeat_every2_jul16screen21_a10_2800_3200_probe,external_hybrid_xfeat_every2_jul16screen21_a10_2800_3200_probe,0,1,,,,,,,,,,,,200,69399,21,21,0,21,0,0,43,15,15,616,0,616,0,616,0,0,350,29.75,0.376256,0.993787,0.993787,0.94,350,0.875,,0,,,disabled:200,disabled:116;online_seed_lineage_budget:online_seed_microburst_no_extend:67;online_seed_lineage_budget:online_seed_microburst_no_extend:online_seed_basic:8;online_seed_lineage_continuation:online_seed_microburst_no_extend:6;online_seed_ok:3,disabled:200,healthy:175;low_grid_coverage:25,normal:135;degraded_texture:65,logs/aqualoc_archaeo_vins/external_hybrid_xfeat_every2_jul16screen21_a10_2800_3200_probe/features.bag,source_channels_audited,69399,21,0,1,0,0,0,missing_ape
logs/aqualoc_archaeo_vins/external_hybrid_xfeat_every2_jul16screen23_a01_5600_6000_probe,external_hybrid_xfeat_every2_jul16screen23_a01_5600_6000_probe,0,1,,,,,,,,,,,,200,70000,0,0,0,0,0,0,0,0,0,0,0,0,0,0,0,0,350,36,0.226733,0.992814,0.992814,,350,1,,0,,,disabled:200,disabled:200,disabled:200,underwater_degradation:146;underwater_degradation+flat_regions+low_grid_texture:54,degraded_texture:128;planar_near_wall:67;severe_low_texture:5,logs/aqualoc_archaeo_vins/external_hybrid_xfeat_every2_jul16screen23_a01_5600_6000_probe/features.bag,source_channels_audited,70000,0,0,0,0,0,0,missing_ape
logs/aqualoc_archaeo_vins/external_hybrid_xfeat_every2_jul16screen37_a10_4400_4800_probe,external_hybrid_xfeat_every2_jul16screen37_a10_4400_4800_probe,0,1,,,,,,,,,,,,200,70000,0,0,0,0,0,0,0,0,0,0,0,0,0,0,0,0,350,20,0.246475,0.992944,0.992944,,350,0.875,,0,,,disabled:200,disabled:200,disabled:200,healthy:101;underwater_degradation+flat_regions+low_grid_texture:47;flat_regions+low_grid_texture:35;low_grid_coverage:12;low_grid_coverage+flat_regions+low_grid_texture:5,planar_near_wall:107;degraded_texture:93,logs/aqualoc_archaeo_vins/external_hybrid_xfeat_every2_jul16screen37_a10_4400_4800_probe/features.bag,source_channels_audited,70000,0,0,0,0,0,0,missing_ape
logs/aqualoc_archaeo_vins/external_hybrid_xfeat_every2_jul16screen38_a10_5200_5600_probe,external_hybrid_xfeat_every2_jul16screen38_a10_5200_5600_probe,0,1,,,,,,,,,,,,200,70000,0,0,0,0,0,0,0,0,0,0,0,0,0,0,0,0,350,50.75,0.387615,0.994277,0.994277,,350,0.916667,,0,,,disabled:200,disabled:200,disabled:200,healthy:134;underwater_degradation+flat_regions+low_grid_texture:44;flat_regions+low_grid_texture:16;underwater_degradation:6,normal:101;planar_near_wall:66;degraded_texture:33,logs/aqualoc_archaeo_vins/external_hybrid_xfeat_every2_jul16screen38_a10_5200_5600_probe/features.bag,source_channels_audited,70000,0,0,0,0,0,0,missing_ape
logs/aqualoc_archaeo_vins/external_hybrid_xfeat_every2_jul16screen39_a10_9600_10000_probe,external_hybrid_xfeat_every2_jul16screen39_a10_9600_10000_probe,0,1,,,,,,,,,,,,200,69136,9,9,0,9,0,0,14,3,3,867,0,867,0,867,0,0,347,56.25,0.379636,0.99428,0.99428,0.94,347,0.833333,,0,,,disabled:200,online_seed_microburst_no_extend:97;disabled:94;online_seed_microburst_no_extend:online_seed_basic:6;online_seed_ok:3,disabled:200,healthy:138;low_grid_coverage:62,normal:145;degraded_texture:55,logs/aqualoc_archaeo_vins/external_hybrid_xfeat_every2_jul16screen39_a10_9600_10000_probe/features.bag,source_channels_audited,69136,9,0,1,0,0,0,missing_ape
logs/aqualoc_archaeo_vins/external_hybrid_xfeat_every2_jul16screen40_a10_0_400_probe,external_hybrid_xfeat_every2_jul16screen40_a10_0_400_probe,0,1,,,,,,,,,,,,200,68075,18,18,0,18,0,0,58,42,42,1967,0,1967,0,1967,0,0,341,84.5,0.482436,0.995226,0.995226,0.94,341,0.791667,,0,,,disabled:200,online_seed_microburst_no_extend:184;online_seed_microburst_no_extend:online_seed_basic:9;disabled:4;online_seed_ok:3,disabled:200,low_grid_coverage:121;healthy:79,normal:200,logs/aqualoc_archaeo_vins/external_hybrid_xfeat_every2_jul16screen40_a10_0_400_probe/features.bag,source_channels_audited,68075,18,0,1,0,0,0,missing_ape
logs/aqualoc_archaeo_vins/external_hybrid_xfeat_every2_jul16screen40_a10_400_800_probe,external_hybrid_xfeat_every2_jul16screen40_a10_400_800_probe,0,1,,,,,,,,,,,,200,69084,50,50,0,50,0,0,68,16,16,932,0,932,0,932,0,0,348,71,0.481387,0.99501,0.99501,0.94,348,0.791667,,0,,,disabled:200,online_seed_microburst:116;disabled:64;online_seed_budget:7;online_seed_microburst:online_seed_basic:6;online_seed_basic:4;online_seed_basic:online_seed_budget:2;online_seed_ok:1,disabled:200,low_grid_coverage:134;healthy:66,normal:200,logs/aqualoc_archaeo_vins/external_hybrid_xfeat_every2_jul16screen40_a10_400_800_probe/features.bag,source_channels_audited,69084,50,0,1,0,0,0,missing_ape
logs/aqualoc_archaeo_vins/external_hybrid_xfeat_every2_jul16screen41_a10_1200_1600_probe,external_hybrid_xfeat_every2_jul16screen41_a10_1200_1600_probe,0,1,,,,,,,,,,,,200,70000,0,0,0,0,0,0,150,80,80,80,0,4138,0,4138,0,0,350,65.5,0.505797,0.995258,0.995258,,328,0.791667,,0,,,disabled:200,online_seed_sparse_start:candidates=1:classical=350:grid=0.792:online_seed_mirror_refill:online_seed_mirror_only_after_reject:168;online_seed_sparse_start:candidates=1:classical=350:grid=0.792:online_seed_basic:online_seed_mirror_refill:online_seed_mirror_only_after_reject:30;disabled:1;online_seed_sparse_start:candidates=1:classical=350:grid=0.792:online_seed_basic:online_seed_mirror_only_after_reject:1,disabled:200,low_grid_coverage:108;healthy:92,normal:200,logs/aqualoc_archaeo_vins/external_hybrid_xfeat_every2_jul16screen41_a10_1200_1600_probe/features.bag,source_channels_audited,70000,0,0,0,0,0,0,missing_ape
logs/aqualoc_archaeo_vins/external_hybrid_xfeat_every2_jul16screen42_a10_2400_2800_probe,external_hybrid_xfeat_every2_jul16screen42_a10_2400_2800_probe,0,1,,,,,,,,,,,,200,66435,50,50,0,50,0,0,82,42,42,3607,0,3607,0,3607,0,0,334,38,0.493961,0.995038,0.995038,0.94,334,0.833333,,0,,,disabled:200,online_seed_microburst:173;disabled:10;online_seed_budget:10;online_seed_microburst:online_seed_basic:5;online_seed_ok:1;online_seed_basic:1,disabled:200,healthy:183;low_grid_coverage:14;illumination_nonuniformity:3,normal:200,logs/aqualoc_archaeo_vins/external_hybrid_xfeat_every2_jul16screen42_a10_2400_2800_probe/features.bag,source_channels_audited,66435,50,0,1,0,0,0,missing_ape
logs/aqualoc_archaeo_vins/external_hybrid_xfeat_every2_jul16screen44_a06_0_400_probe,external_hybrid_xfeat_every2_jul16screen44_a06_0_400_probe,0,1,,,,,,,,,,,,200,66626,50,50,0,50,0,0,171,55,55,3478,0,3480,0,3480,0,0,334.5,14,0.459545,0.994345,0.994345,0.94,334,0.791667,,0,,,disabled:200,online_seed_microburst:154;disabled:28;online_seed_budget:10;online_seed_microburst:online_seed_basic:5;online_seed_ok:2;online_seed_gftt_dominated:ratio=0.658:classical=348:grid=0.917:online_seed_mirror_refill:1,disabled:200,healthy:100;low_grid_coverage:80;illumination_nonuniformity:16;low_grid_coverage+illumination_nonuniformity:4,normal:132;degraded_texture:68,logs/aqualoc_archaeo_vins/external_hybrid_xfeat_every2_jul16screen44_a06_0_400_probe/features.bag,source_channels_audited,66626,50,0,1,0,0,0,missing_ape
logs/aqualoc_archaeo_vins/external_hybrid_xfeat_every2_jul16screen45_a06_2800_3200_probe,external_hybrid_xfeat_every2_jul16screen45_a06_2800_3200_probe,0,1,,,,,,,,,,,,200,69224,50,50,0,50,0,0,36,21,21,798,0,798,0,798,0,0,350,54,0.524853,0.995671,0.995671,0.94,350,0.875,,0,,,disabled:200,disabled:135;online_seed_microburst:53;online_seed_budget:8;online_seed_ok:4,disabled:200,healthy:175;low_grid_coverage:25,normal:200,logs/aqualoc_archaeo_vins/external_hybrid_xfeat_every2_jul16screen45_a06_2800_3200_probe/features.bag,source_channels_audited,69224,50,0,1,0,0,0,missing_ape
logs/aqualoc_archaeo_vins/external_hybrid_xfeat_every2_jul16screen46_a01_12800_13200_probe,external_hybrid_xfeat_every2_jul16screen46_a01_12800_13200_probe,0,1,,,,,,,,,,,,200,70000,0,0,0,0,0,0,180,39,39,108,0,2734,0,2734,0,0,350,87,0.384323,0.994451,0.994451,,338,0.791667,,0,,,disabled:200,online_seed_low_grid_start:classical=350:grid=0.667:online_seed_mirror_only_after_reject:143;online_seed_mirror_only_after_reject:50;online_seed_low_grid_start:classical=350:grid=0.667:online_seed_basic:online_seed_mirror_only_after_reject:6;disabled:1,disabled:200,underwater_degradation+illumination_nonuniformity:102;illumination_nonuniformity:51;low_grid_coverage:33;low_grid_coverage+underwater_degradation+illumination_nonuniformity:7;low_grid_coverage+illumination_nonuniformity:7,degraded_texture:132;normal:68,logs/aqualoc_archaeo_vins/external_hybrid_xfeat_every2_jul16screen46_a01_12800_13200_probe/features.bag,source_channels_audited,70000,0,0,0,0,0,0,missing_ape
logs/aqualoc_archaeo_vins/external_hybrid_xfeat_every2_jul16screen47_a01_4400_4800_probe,external_hybrid_xfeat_every2_jul16screen47_a01_4400_4800_probe,0,1,,,,,,,,,,,,200,69720,50,50,0,50,0,0,3,0,0,280,0,280,0,280,0,0,350,97.25,0.359726,0.994039,0.994039,0.94,350,0.833333,,0,,,disabled:200,disabled:145;online_seed_microburst:42;online_seed_ok:7;online_seed_budget:5;online_seed_microburst:online_seed_basic:1,disabled:200,healthy:108;low_grid_coverage:92,degraded_texture:200,logs/aqualoc_archaeo_vins/external_hybrid_xfeat_every2_jul16screen47_a01_4400_4800_probe/features.bag,source_channels_audited,69720,50,0,1,0,0,0,missing_ape
logs/aqualoc_archaeo_vins/external_hybrid_xfeat_every2_jul16screen48_a01_4800_5200_probe,external_hybrid_xfeat_every2_jul16screen48_a01_4800_5200_probe,0,1,,,,,,,,,,,,200,68807,50,50,0,50,0,0,36,26,26,1226,0,1226,0,1226,0,0,350,201,0.392383,0.994475,0.994478,0.94,350,0.791667,,0,,,disabled:200,disabled:148;online_seed_microburst:33;online_seed_basic:online_seed_budget:7;online_seed_microburst:online_seed_basic:7;online_seed_ok:3;online_seed_budget:2,disabled:200,low_grid_coverage:166;healthy:34,degraded_texture:200,logs/aqualoc_archaeo_vins/external_hybrid_xfeat_every2_jul16screen48_a01_4800_5200_probe/features.bag,source_channels_audited,68807,50,0,1,0,0,0,missing_ape
logs/aqualoc_archaeo_vins/external_hybrid_xfeat_every2_jul16screen49_a01_13200_13600_probe,external_hybrid_xfeat_every2_jul16screen49_a01_13200_13600_probe,0,1,,,,,,,,,,,,200,69724,50,50,0,50,0,0,0,0,0,276,0,276,0,276,0,0,350,201,0.479084,0.995294,0.995294,0.94,350,0.833333,,0,,,disabled:200,disabled:140;online_seed_microburst:48;online_seed_ok:6;online_seed_budget:6,disabled:200,illumination_nonuniformity:116;healthy:66;low_grid_coverage+illumination_nonuniformity:11;low_grid_coverage:7,normal:162;degraded_texture:38,logs/aqualoc_archaeo_vins/external_hybrid_xfeat_every2_jul16screen49_a01_13200_13600_probe/features.bag,source_channels_audited,69724,50,0,1,0,0,0,missing_ape
logs/aqualoc_archaeo_vins/external_hybrid_xfeat_every2_jul16screen9_a03_2000_2400_probe,external_hybrid_xfeat_every2_jul16screen9_a03_2000_2400_probe,0,1,,,,,,,,,,,,200,69783,23,23,0,23,0,0,8,4,4,221,0,221,0,221,0,0,350,119.75,0.377949,0.994365,0.994365,0.94,350,0.875,,0,,,disabled:200,disabled:139;online_seed_lineage_budget:online_seed_microburst_no_extend:52;online_seed_lineage_continuation:online_seed_microburst_no_extend:6;online_seed_ok:2;online_seed_basic:1,disabled:200,healthy:195;low_grid_coverage:5,degraded_texture:200,logs/aqualoc_archaeo_vins/external_hybrid_xfeat_every2_jul16screen9_a03_2000_2400_probe/features.bag,source_channels_audited,69783,23,0,1,0,0,0,missing_ape
logs/aqualoc_archaeo_vins/external_hybrid_xfeat_every2_jul16screen9_a03_2400_2800_probe,external_hybrid_xfeat_every2_jul16screen9_a03_2400_2800_probe,0,1,,,,,,,,,,,,200,68804,50,50,0,50,0,0,52,24,24,1243,0,1243,0,1243,0,0,350,137,0.365414,0.994254,0.994256,0.94,350,0.875,,0,,,disabled:200,disabled:129;online_seed_microburst:57;online_seed_budget:6;online_seed_ok:3;online_seed_basic:online_seed_budget:2;online_seed_microburst:online_seed_basic:2;online_seed_basic:1,disabled:200,underwater_degradation:124;healthy:64;low_grid_coverage+underwater_degradation:12,degraded_texture:161;planar_near_wall:39,logs/aqualoc_archaeo_vins/external_hybrid_xfeat_every2_jul16screen9_a03_2400_2800_probe/features.bag,source_channels_audited,68804,50,0,1,0,0,0,missing_ape
logs/aqualoc_archaeo_vins/external_hybrid_xfeat_every2_jul16screen9_a03_4000_4400_probe,external_hybrid_xfeat_every2_jul16screen9_a03_4000_4400_probe,0,1,,,,,,,,,,,,200,66730,26,26,0,26,0,0,74,40,40,3332,0,3332,0,3332,0,0,333,55,0.441171,0.994923,0.994923,0.94,333,0.708333,,0,,,disabled:200,online_seed_lineage_budget:online_seed_microburst_no_extend:181;disabled:5;online_seed_lineage_continuation:online_seed_microburst_no_extend:4;online_seed_lineage_budget:online_seed_microburst_no_extend:online_seed_basic:4;online_seed_basic:2;online_seed_lineage_continuation:online_seed_microburst_no_extend:online_seed_basic:2;online_seed_ok:1;online_seed_microburst_no_extend:1,disabled:200,low_grid_coverage:184;healthy:16,degraded_texture:119;normal:81,logs/aqualoc_archaeo_vins/external_hybrid_xfeat_every2_jul16screen9_a03_4000_4400_probe/features.bag,source_channels_audited,66730,26,0,1,0,0,0,missing_ape
logs/aqualoc_archaeo_vins/external_hybrid_xfeat_every2_jul16screen9_a03_6000_6400_probe,external_hybrid_xfeat_every2_jul16screen9_a03_6000_6400_probe,0,1,,,,,,,,,,,,167,57942,29,29,0,29,0,0,18,15,15,523,0,523,0,523,0,0,348,49,0.215219,0.992829,0.992829,0.94,348,0.875,,0,,,disabled:167,online_seed_lineage_budget:online_seed_microburst_no_extend:76;disabled:51;online_seed_lineage_budget:online_seed_microburst_no_extend:online_seed_basic:29;online_seed_basic:5;online_seed_lineage_continuation:online_seed_microburst_no_extend:online_seed_basic:5;online_seed_lineage_continuation:online_seed_microburst_no_extend:1,disabled:167,underwater_degradation+flat_regions+low_grid_texture:119;healthy:20;underwater_degradation:15;low_grid_coverage+underwater_degradation+flat_regions+low_grid_texture:7;low_grid_coverage+underwater_degradation:5;low_grid_coverage:1,severe_low_texture:114;degraded_texture:30;planar_near_wall:23,logs/aqualoc_archaeo_vins/external_hybrid_xfeat_every2_jul16screen9_a03_6000_6400_probe/features.bag,source_channels_audited,57942,29,0,1,0,0,0,missing_ape
logs/aqualoc_real_vins/external_hybrid_xfeat_every2_jul16screen13_h01_1200_1600_probe,external_hybrid_xfeat_every2_jul16screen13_h01_1200_1600_probe,0,1,,,,,,,,,,,,200,69837,0,0,0,0,0,0,0,0,0,0,0,0,0,0,0,0,350,31.25,0.253649,0.992743,0.992743,,350,0.916667,,0,,,disabled:200,disabled:200,disabled:200,healthy:200,normal:196;degraded_texture:4,logs/aqualoc_real_vins/external_hybrid_xfeat_every2_jul16screen13_h01_1200_1600_probe/features.bag,source_channels_audited,69837,0,0,0,0,0,0,missing_ape
logs/aqualoc_real_vins/external_hybrid_xfeat_every2_jul16screen13_h01_2400_2800_probe,external_hybrid_xfeat_every2_jul16screen13_h01_2400_2800_probe,0,1,,,,,,,,,,,,200,68805,0,0,0,0,0,0,2,1,1,7,0,7,0,7,0,0,350,2,0.240803,0.99145,0.99145,,350,1,,0,,,disabled:200,disabled:193;online_seed_basic:7,disabled:200,flat_regions+backscatter_or_low_contrast+low_grid_texture:138;backscatter_or_low_contrast:56;low_track_count+flat_regions+backscatter_or_low_contrast+low_grid_texture:6,degraded_texture:200,logs/aqualoc_real_vins/external_hybrid_xfeat_every2_jul16screen13_h01_2400_2800_probe/features.bag,source_channels_audited,68805,0,0,0,0,0,0,missing_ape
logs/aqualoc_real_vins/external_hybrid_xfeat_every2_jul16screen13_h01_3200_3600_probe,external_hybrid_xfeat_every2_jul16screen13_h01_3200_3600_probe,0,1,,,,,,,,,,,,200,68426,18,18,0,18,0,0,10,4,4,263,0,263,0,263,0,0,349,2,0.205271,0.991474,0.991474,0.94,348,0.958333,,0,,,disabled:200,disabled:95;online_seed_lineage_budget:online_seed_microburst_no_extend:88;online_seed_lineage_budget:online_seed_microburst_no_extend:online_seed_basic:8;online_seed_lineage_continuation:online_seed_microburst_no_extend:online_seed_basic:6;online_seed_basic:3,disabled:200,backscatter_or_low_contrast:116;flat_regions+backscatter_or_low_contrast+low_grid_texture:78;low_track_count+backscatter_or_low_contrast:6,degraded_texture:176;normal:24,logs/aqualoc_real_vins/external_hybrid_xfeat_every2_jul16screen13_h01_3200_3600_probe/features.bag,source_channels_audited,68426,18,0,1,0,0,0,missing_ape
logs/aqualoc_real_vins/external_hybrid_xfeat_every2_jul16screen14_h04_1600_2000_probe,external_hybrid_xfeat_every2_jul16screen14_h04_1600_2000_probe,0,1,,,,,,,,,,,,200,69548,16,16,0,16,0,0,25,12,12,43,0,43,0,43,0,0,350,2,0.228155,0.99145,0.99145,0.94,350,0.875,,0,,,disabled:200,disabled:179;online_seed_basic:7;online_seed_lineage_continuation:online_seed_microburst_no_extend:online_seed_basic:5;online_seed_lineage_budget:online_seed_microburst_no_extend:5;online_seed_ok:online_seed_lineage_continuation:3;online_seed_microburst_no_extend:online_seed_basic:1,disabled:200,healthy:69;flat_regions+backscatter_or_low_contrast+low_grid_texture:61;underwater_degradation+flat_regions+backscatter_or_low_contrast+low_grid_texture:24;low_grid_coverage:15;flat_regions+low_grid_texture:14;illumination_nonuniformity:11;underwater_degradation+flat_regions+low_grid_texture:4;low_track_count+low_grid_coverage:1,degraded_texture:101;normal:81;severe_low_texture:17;planar_near_wall:1,logs/aqualoc_real_vins/external_hybrid_xfeat_every2_jul16screen14_h04_1600_2000_probe/features.bag,source_channels_audited,69548,16,0,1,0,0,0,missing_ape
logs/aqualoc_real_vins/external_hybrid_xfeat_every2_jul16screen14_h04_800_1200_probe,external_hybrid_xfeat_every2_jul16screen14_h04_800_1200_probe,0,1,,,,,,,,,,,,200,69564,17,17,0,17,0,0,1,0,0,13,0,13,0,13,0,0,350,4,0.271296,0.991814,0.991814,0.94,350,0.916667,,0,,,disabled:200,disabled:188;online_seed_basic:3;online_seed_lineage_continuation:online_seed_microburst_no_extend:online_seed_basic:3;online_seed_ok:online_seed_lineage_continuation:3;online_seed_lineage_budget:online_seed_microburst_no_extend:3,disabled:200,healthy:192;illumination_nonuniformity:5;low_grid_coverage:2;low_track_count:1,degraded_texture:104;normal:96,logs/aqualoc_real_vins/external_hybrid_xfeat_every2_jul16screen14_h04_800_1200_probe/features.bag,source_channels_audited,69564,17,0,1,0,0,0,missing_ape
logs/aqualoc_real_vins/external_hybrid_xfeat_every2_jul16screen15_h02_2000_2400_probe,external_hybrid_xfeat_every2_jul16screen15_h02_2000_2400_probe,0,1,,,,,,,,,,,,200,70000,0,0,0,0,0,0,0,0,0,0,0,0,0,0,0,0,350,26,0.21275,0.992639,0.992639,,350,1,,0,,,disabled:200,disabled:200,disabled:200,backscatter_or_low_contrast:164;healthy:28;flat_regions+backscatter_or_low_contrast+low_grid_texture:8,normal:191;planar_near_wall:6;degraded_texture:3,logs/aqualoc_real_vins/external_hybrid_xfeat_every2_jul16screen15_h02_2000_2400_probe/features.bag,source_channels_audited,70000,0,0,0,0,0,0,missing_ape
logs/aqualoc_real_vins/external_hybrid_xfeat_every2_jul16screen22_h02_1200_1600_probe,external_hybrid_xfeat_every2_jul16screen22_h02_1200_1600_probe,0,1,,,,,,,,,,,,200,70000,0,0,0,0,0,0,0,0,0,0,0,0,0,0,0,0,350,36,0.31778,0.993805,0.993805,,350,0.958333,,0,,,disabled:200,disabled:200,disabled:200,backscatter_or_low_contrast:150;healthy:50,normal:200,logs/aqualoc_real_vins/external_hybrid_xfeat_every2_jul16screen22_h02_1200_1600_probe/features.bag,source_channels_audited,70000,0,0,0,0,0,0,missing_ape
logs/aqualoc_real_vins/external_hybrid_xfeat_every2_jul16screen22_h02_800_1200_probe,external_hybrid_xfeat_every2_jul16screen22_h02_800_1200_probe,0,1,,,,,,,,,,,,200,70000,0,0,0,0,0,0,0,0,0,0,0,0,0,0,0,0,350,23,0.385815,0.994276,0.994276,,350,1,,0,,,disabled:200,disabled:200,disabled:200,healthy:86;backscatter_or_low_contrast:68;flat_regions+backscatter_or_low_contrast+low_grid_texture:46,normal:140;degraded_texture:44;planar_near_wall:16,logs/aqualoc_real_vins/external_hybrid_xfeat_every2_jul16screen22_h02_800_1200_probe/features.bag,source_channels_audited,70000,0,0,0,0,0,0,missing_ape
logs/cirs_caves_vins/external_hybrid_xfeat_every1_jul15screen_cirs_s0_d30_probe,external_hybrid_xfeat_every1_jul15screen_cirs_s0_d30_probe,0,1,,,,,,,,,,,,151,35352,14,14,0,14,0,0,45,9,9,36,151,36,0,12,0,0,234,4,0.454659,0.872914,0.872914,0.875657,234,1,,0,8.90361,4,low_classical_tracks:123;low_classical_tracks+learned_mode_extreme_textureless:28,disabled:143;online_seed_microburst_no_extend:5;online_seed_ok:3,disabled:143;accepted_feh_residual_stable:8,low_track_count+backscatter_or_low_contrast:80;low_track_count:71,normal:126;degraded_texture:25,logs/cirs_caves_vins/external_hybrid_xfeat_every1_jul15screen_cirs_s0_d30_probe/features.bag,source_channels_audited,35352,14,0,1,0,0,0,missing_ape
logs/cirs_caves_vins/external_hybrid_xfeat_every1_jul15screen_cirs_s1020_d30_probe,external_hybrid_xfeat_every1_jul15screen_cirs_s1020_d30_probe,0,1,,,,,,,,,,,,150,33516,0,0,0,0,0,0,0,0,0,0,150,0,0,0,0,0,222,6,0.482056,0.87908,0.87908,,222,1,,0,14.7003,6,low_classical_tracks:150,disabled:150,disabled:150,low_track_count:85;low_track_count+backscatter_or_low_contrast:65,normal:148;degraded_texture:2,logs/cirs_caves_vins/external_hybrid_xfeat_every1_jul15screen_cirs_s1020_d30_probe/features.bag,source_channels_audited,33516,0,0,0,0,0,0,missing_ape
logs/cirs_caves_vins/external_hybrid_xfeat_every1_jul15screen_cirs_s120_d30_probe,external_hybrid_xfeat_every1_jul15screen_cirs_s120_d30_probe,0,1,,,,,,,,,,,,150,33382,13,13,0,13,0,0,224,74,74,329,150,329,8,200,0,0,222,1,0.707961,0.871657,0.871657,0.870938,222,1,,0,0,1,low_classical_tracks:150,disabled:74;online_seed_microburst_no_extend:73;online_seed_ok:3,accepted_feh_residual_stable:76;disabled:73;residual_stability_rejected:1,low_track_count+backscatter_or_low_contrast:150,degraded_texture:140;normal:10,logs/cirs_caves_vins/external_hybrid_xfeat_every1_jul15screen_cirs_s120_d30_probe/features.bag,source_channels_audited,33382,13,0,1,0,0,0,missing_ape
logs/cirs_caves_vins/external_hybrid_xfeat_every1_jul15screen_cirs_s150_d30_probe,external_hybrid_xfeat_every1_jul15screen_cirs_s150_d30_probe,0,1,,,,,,,,,,,,150,35746,0,0,0,0,0,0,0,0,0,0,150,0,0,0,0,0,238,6,0.384576,0.872511,0.872511,,238,1,,0,12.0312,6,low_classical_tracks:150,disabled:150,disabled:150,low_track_count+backscatter_or_low_contrast:150,normal:150,logs/cirs_caves_vins/external_hybrid_xfeat_every1_jul15screen_cirs_s150_d30_probe/features.bag,source_channels_audited,35746,0,0,0,0,0,0,missing_ape
logs/cirs_caves_vins/external_hybrid_xfeat_every1_jul15screen_cirs_s180_d30_probe,external_hybrid_xfeat_every1_jul15screen_cirs_s180_d30_probe,0,1,,,,,,,,,,,,150,34541,8,8,0,8,0,0,150,17,17,38,150,38,0,36,0,0,230,5,0.423834,0.875954,0.875954,0.876034,230,1,,0,14.8351,5,low_classical_tracks:150,disabled:142;online_seed_microburst_no_extend:5;online_seed_ok:3,disabled:142;accepted_feh_residual_stable:8,low_track_count+backscatter_or_low_contrast:106;low_track_count:44,normal:141;degraded_texture:9,logs/cirs_caves_vins/external_hybrid_xfeat_every1_jul15screen_cirs_s180_d30_probe/features.bag,source_channels_audited,34541,8,0,1,0,0,0,missing_ape
logs/cirs_caves_vins/external_hybrid_xfeat_every1_jul15screen_cirs_s210_d30_probe,external_hybrid_xfeat_every1_jul15screen_cirs_s210_d30_probe,0,1,,,,,,,,,,,,150,34189,0,0,0,0,0,0,100,21,21,33,150,33,0,0,0,0,227,4,0.395924,0.866171,0.866171,,227,1,,0,8.1073,4,low_classical_tracks:101;low_classical_tracks+learned_mode_extreme_textureless:49,disabled:150,disabled:150,low_track_count+backscatter_or_low_contrast:140;low_track_count:10,normal:122;degraded_texture:28,logs/cirs_caves_vins/external_hybrid_xfeat_every1_jul15screen_cirs_s210_d30_probe/features.bag,source_channels_audited,34189,0,0,0,0,0,0,missing_ape
logs/cirs_caves_vins/external_hybrid_xfeat_every1_jul15screen_cirs_s240_d30_probe,external_hybrid_xfeat_every1_jul15screen_cirs_s240_d30_probe,0,1,,,,,,,,,,,,150,34153,0,0,0,0,0,0,45,0,0,0,150,0,0,0,0,0,228,4,0.423853,0.871146,0.871146,,228,1,,0,9.80928,4,low_classical_tracks:122;low_classical_tracks+learned_mode_extreme_textureless:28,disabled:150,disabled:150,low_track_count+backscatter_or_low_contrast:150,normal:118;degraded_texture:32,logs/cirs_caves_vins/external_hybrid_xfeat_every1_jul15screen_cirs_s240_d30_probe/features.bag,source_channels_audited,34153,0,0,0,0,0,0,missing_ape
logs/cirs_caves_vins/external_hybrid_xfeat_every1_jul15screen_cirs_s270_d30_probe,external_hybrid_xfeat_every1_jul15screen_cirs_s270_d30_probe,0,1,,,,,,,,,,,,150,32760,0,0,0,0,0,0,15,0,0,0,150,0,0,0,0,0,219,1,0.767862,0.876283,0.876283,,219,1,,0,0,1,low_classical_tracks:150,disabled:150,disabled:150,low_track_count:119;low_track_count+backscatter_or_low_contrast:31,degraded_texture:119;normal:31,logs/cirs_caves_vins/external_hybrid_xfeat_every1_jul15screen_cirs_s270_d30_probe/features.bag,source_channels_audited,32760,0,0,0,0,0,0,missing_ape
logs/cirs_caves_vins/external_hybrid_xfeat_every1_jul15screen_cirs_s300_d30_probe,external_hybrid_xfeat_every1_jul15screen_cirs_s300_d30_probe,0,1,,,,,,,,,,,,150,31930,7,7,0,7,0,0,129,4,4,5,150,5,1,3,0,0,213,1,0.776345,0.876137,0.876137,0.869323,213,1,,0,0,1,low_classical_tracks:148;low_classical_tracks+learned_mode_extreme_textureless:2,disabled:145;online_seed_ok:3;online_seed_microburst_no_extend:2,disabled:144;accepted_feh_residual_stable:5;all_sidecars_fail_feh:1,low_track_count:150,degraded_texture:149;normal:1,logs/cirs_caves_vins/external_hybrid_xfeat_every1_jul15screen_cirs_s300_d30_probe/features.bag,source_channels_audited,31930,7,0,1,0,0,0,missing_ape
logs/cirs_caves_vins/external_hybrid_xfeat_every1_jul15screen_cirs_s30_d30_probe,external_hybrid_xfeat_every1_jul15screen_cirs_s30_d30_probe,0,1,,,,,,,,,,,,149,34180,8,8,0,8,0,0,125,31,31,68,149,68,18,45,0,0,230,3,0.440311,0.878178,0.878178,0.870286,230,1,,0,13.55,3,low_classical_tracks:149,disabled:140;online_seed_microburst_no_extend:6;online_seed_ok:3,disabled:140;accepted_feh_residual_stable:9,low_track_count:92;low_track_count+backscatter_or_low_contrast:57,normal:100;degraded_texture:49,logs/cirs_caves_vins/external_hybrid_xfeat_every1_jul15screen_cirs_s30_d30_probe/features.bag,source_channels_audited,34180,8,0,1,0,0,0,missing_ape
logs/cirs_caves_vins/external_hybrid_xfeat_every1_jul15screen_cirs_s330_d30_probe,external_hybrid_xfeat_every1_jul15screen_cirs_s330_d30_probe,0,1,,,,,,,,,,,,150,32641,0,0,0,0,0,0,5,0,0,0,150,0,0,0,0,0,219,1,0.683246,0.870044,0.870044,,219,1,,0,0,1,low_classical_tracks:148;low_classical_tracks+learned_mode_extreme_textureless:2,disabled:150,disabled:150,low_track_count:144;low_track_count+backscatter_or_low_contrast:6,degraded_texture:149;normal:1,logs/cirs_caves_vins/external_hybrid_xfeat_every1_jul15screen_cirs_s330_d30_probe/features.bag,source_channels_audited,32641,0,0,0,0,0,0,missing_ape
logs/cirs_caves_vins/external_hybrid_xfeat_every1_jul15screen_cirs_s360_d30_probe,external_hybrid_xfeat_every1_jul15screen_cirs_s360_d30_probe,0,1,,,,,,,,,,,,150,33195,0,0,0,0,0,0,13,0,0,0,150,0,0,0,0,0,222,1,0.664284,0.86885,0.86885,,222,1,,0,0,1,low_classical_tracks:148;low_classical_tracks+learned_mode_extreme_textureless:2,disabled:150,disabled:150,low_track_count:145;low_track_count+backscatter_or_low_contrast:5,degraded_texture:149;normal:1,logs/cirs_caves_vins/external_hybrid_xfeat_every1_jul15screen_cirs_s360_d30_probe/features.bag,source_channels_audited,33195,0,0,0,0,0,0,missing_ape
logs/cirs_caves_vins/external_hybrid_xfeat_every1_jul15screen_cirs_s390_d30_probe,external_hybrid_xfeat_every1_jul15screen_cirs_s390_d30_probe,0,1,,,,,,,,,,,,150,33270,6,6,0,6,0,0,57,4,4,26,150,26,1,15,0,0,222,1,0.653031,0.868239,0.868239,0.88848,222,1,,0,0,1,low_classical_tracks:148;low_classical_tracks+learned_mode_extreme_textureless:2,disabled:137;online_seed_microburst_no_extend:10;online_seed_ok:3,disabled:136;accepted_feh_residual_stable:13;all_sidecars_fail_feh:1,low_track_count:150,degraded_texture:149;normal:1,logs/cirs_caves_vins/external_hybrid_xfeat_every1_jul15screen_cirs_s390_d30_probe/features.bag,source_channels_audited,33270,6,0,1,0,0,0,missing_ape
logs/cirs_caves_vins/external_hybrid_xfeat_every1_jul15screen_cirs_s420_d30_probe,external_hybrid_xfeat_every1_jul15screen_cirs_s420_d30_probe,0,1,,,,,,,,,,,,150,32333,0,0,0,0,0,0,99,0,0,0,150,0,0,0,0,0,216,1,0.802296,0.877545,0.877545,,216,1,,0,0,1,low_classical_tracks:149;low_classical_tracks+learned_mode_extreme_textureless:1,disabled:150,disabled:150,low_track_count:150,degraded_texture:149;normal:1,logs/cirs_caves_vins/external_hybrid_xfeat_every1_jul15screen_cirs_s420_d30_probe/features.bag,source_channels_audited,32333,0,0,0,0,0,0,missing_ape
logs/cirs_caves_vins/external_hybrid_xfeat_every1_jul15screen_cirs_s480_d30_probe,external_hybrid_xfeat_every1_jul15screen_cirs_s480_d30_probe,0,1,,,,,,,,,,,,149,33978,16,16,0,16,0,0,60,13,13,73,149,73,0,69,0,0,227,2,0.52552,0.874649,0.874649,0.872216,227,1,,0,7.91096,2,low_classical_tracks:134;low_classical_tracks+learned_mode_extreme_textureless:15,disabled:121;online_seed_microburst_no_extend:25;online_seed_ok:3,disabled:121;accepted_feh_residual_stable:28,low_track_count:149,degraded_texture:91;normal:58,logs/cirs_caves_vins/external_hybrid_xfeat_every1_jul15screen_cirs_s480_d30_probe/features.bag,source_channels_audited,33978,16,0,1,0,0,0,missing_ape
logs/cirs_caves_vins/external_hybrid_xfeat_every1_jul15screen_cirs_s510_d30_probe,external_hybrid_xfeat_every1_jul15screen_cirs_s510_d30_probe,0,1,,,,,,,,,,,,150,35368,12,12,0,12,0,0,120,16,16,53,150,53,2,37,0,0,235,4.5,0.496774,0.880715,0.880715,0.872051,235,1,,0,14.8113,4.5,low_classical_tracks:150,disabled:141;online_seed_microburst_no_extend:6;online_seed_ok:3,disabled:141;accepted_feh_residual_stable:9,low_track_count:150,normal:137;degraded_texture:13,logs/cirs_caves_vins/external_hybrid_xfeat_every1_jul15screen_cirs_s510_d30_probe/features.bag,source_channels_audited,35368,12,0,1,0,0,0,missing_ape
logs/cirs_caves_vins/external_hybrid_xfeat_every1_jul15screen_cirs_s540_d30_probe,external_hybrid_xfeat_every1_jul15screen_cirs_s540_d30_probe,0,1,,,,,,,,,,,,150,34361,0,0,0,0,0,0,0,0,0,0,150,0,0,0,0,0,225,6,0.525304,0.880231,0.880231,,225,1,,0,10.4981,6,low_classical_tracks:150,disabled:150,disabled:150,low_track_count:150,normal:135;degraded_texture:15,logs/cirs_caves_vins/external_hybrid_xfeat_every1_jul15screen_cirs_s540_d30_probe/features.bag,source_channels_audited,34361,0,0,0,0,0,0,missing_ape
logs/cirs_caves_vins/external_hybrid_xfeat_every1_jul15screen_cirs_s60_d30_probe,external_hybrid_xfeat_every1_jul15screen_cirs_s60_d30_probe,0,1,,,,,,,,,,,,150,33964,4,4,0,4,0,0,117,27,27,150,150,150,1,71,0,0,226,3,0.424492,0.862633,0.862633,0.864511,226,1,,0,6.32636,3,low_classical_tracks:103;low_classical_tracks+learned_mode_extreme_textureless:47,disabled:119;online_seed_microburst_no_extend:28;online_seed_ok:3,disabled:119;accepted_feh_residual_stable:31,low_track_count+backscatter_or_low_contrast:137;low_track_count:13,normal:84;degraded_texture:66,logs/cirs_caves_vins/external_hybrid_xfeat_every1_jul15screen_cirs_s60_d30_probe/features.bag,source_channels_audited,33964,4,0,1,0,0,0,missing_ape
logs/cirs_caves_vins/external_hybrid_xfeat_every1_jul15screen_cirs_s630_d30_probe,external_hybrid_xfeat_every1_jul15screen_cirs_s630_d30_probe,0,1,,,,,,,,,,,,150,33301,2,2,0,2,0,0,6,3,3,15,150,15,4,6,0,0,222,1,0.691505,0.870598,0.870598,0.870606,222,1,,0,0,1,low_classical_tracks:150,disabled:142;online_seed_microburst_no_extend:6;online_seed_ok:2,disabled:138;accepted_feh_residual_stable:8;all_sidecars_fail_feh:4,low_track_count:150,degraded_texture:149;normal:1,logs/cirs_caves_vins/external_hybrid_xfeat_every1_jul15screen_cirs_s630_d30_probe/features.bag,source_channels_audited,33301,2,0,1,0,0,0,missing_ape
logs/cirs_caves_vins/external_hybrid_xfeat_every1_jul15screen_cirs_s660_d30_probe,external_hybrid_xfeat_every1_jul15screen_cirs_s660_d30_probe,0,1,,,,,,,,,,,,150,33255,5,5,0,5,0,0,38,12,12,101,150,101,1,89,0,0,222,1,0.636916,0.867126,0.867126,0.85885,222,1,,0,0,1,low_classical_tracks:148;low_classical_tracks+learned_mode_extreme_textureless:2,disabled:135;online_seed_dense_start_cap:classical=221:grid=1.000:candidates=9:online_seed_budget:12;online_seed_microburst:online_seed_dense_start_cap:classical=221:grid=1.000:candidates=9:3,disabled:135;accepted_feh_residual_stable:15,low_track_count:116;low_track_count+backscatter_or_low_contrast:34,degraded_texture:149;normal:1,logs/cirs_caves_vins/external_hybrid_xfeat_every1_jul15screen_cirs_s660_d30_probe/features.bag,source_channels_audited,33255,5,0,1,0,0,0,missing_ape
logs/cirs_caves_vins/external_hybrid_xfeat_every1_jul15screen_cirs_s690_d30_probe,external_hybrid_xfeat_every1_jul15screen_cirs_s690_d30_probe,0,1,,,,,,,,,,,,150,33081,34,34,0,34,0,0,251,13,13,3,150,3,0,0,0,0,220,1,0.696919,0.870927,0.870927,0.888412,220,1,,0,0,1,low_classical_tracks:148;low_classical_tracks+learned_mode_extreme_textureless:2,disabled:142;online_seed_ok:8,disabled:142;accepted_feh_residual_stable:8,low_track_count:114;low_track_count+backscatter_or_low_contrast:36,degraded_texture:149;normal:1,logs/cirs_caves_vins/external_hybrid_xfeat_every1_jul15screen_cirs_s690_d30_probe/features.bag,source_channels_audited,33081,34,0,1,0,0,0,missing_ape
logs/cirs_caves_vins/external_hybrid_xfeat_every1_jul15screen_cirs_s720_d30_probe,external_hybrid_xfeat_every1_jul15screen_cirs_s720_d30_probe,0,1,,,,,,,,,,,,150,33311,0,0,0,0,0,0,16,0,0,0,150,0,0,0,0,0,222,1,0.654629,0.868242,0.868242,,222,1,,0,0,1,low_classical_tracks:149;low_classical_tracks+learned_mode_extreme_textureless:1,disabled:150,disabled:150,low_track_count+backscatter_or_low_contrast:108;low_track_count:42,degraded_texture:149;normal:1,logs/cirs_caves_vins/external_hybrid_xfeat_every1_jul15screen_cirs_s720_d30_probe/features.bag,source_channels_audited,33311,0,0,0,0,0,0,missing_ape
logs/cirs_caves_vins/external_hybrid_xfeat_every1_jul15screen_cirs_s750_d30_probe,external_hybrid_xfeat_every1_jul15screen_cirs_s750_d30_probe,0,1,,,,,,,,,,,,150,33351,1,1,0,1,0,0,152,36,36,196,150,196,7,108,0,0,223,2,0.485051,0.865544,0.865544,0.854229,223,1,,0,6.77327,2,low_classical_tracks:148;low_classical_tracks+learned_mode_extreme_textureless:2,disabled:120;online_seed_microburst_no_extend:29;online_seed_ok:1,disabled:120;accepted_feh_residual_stable:30,low_track_count+backscatter_or_low_contrast:150,degraded_texture:102;normal:48,logs/cirs_caves_vins/external_hybrid_xfeat_every1_jul15screen_cirs_s750_d30_probe/features.bag,source_channels_audited,33351,1,0,1,0,0,0,missing_ape
logs/cirs_caves_vins/external_hybrid_xfeat_every1_jul15screen_cirs_s780_d30_probe,external_hybrid_xfeat_every1_jul15screen_cirs_s780_d30_probe,0,1,,,,,,,,,,,,150,34036,0,0,0,0,0,0,0,0,0,0,150,0,0,0,0,0,226,4.5,0.419191,0.873995,0.873995,,226,1,,0,12.5045,4.5,low_classical_tracks:143;low_classical_tracks+learned_mode_extreme_textureless:7,disabled:150,disabled:150,low_track_count+backscatter_or_low_contrast:128;low_track_count:22,normal:124;degraded_texture:26,logs/cirs_caves_vins/external_hybrid_xfeat_every1_jul15screen_cirs_s780_d30_probe/features.bag,source_channels_audited,34036,0,0,0,0,0,0,missing_ape
logs/cirs_caves_vins/external_hybrid_xfeat_every1_jul15screen_cirs_s810_d30_probe,external_hybrid_xfeat_every1_jul15screen_cirs_s810_d30_probe,0,1,,,,,,,,,,,,150,33788,5,5,0,5,0,0,45,20,20,102,150,102,0,101,0,0,226,5,0.448839,0.878763,0.878763,0.864421,226,1,,0,15.6168,5,low_classical_tracks:150,disabled:134;online_seed_dense_start_cap:classical=227:grid=1.000:candidates=12:online_seed_budget:12;online_seed_microburst:online_seed_dense_start_cap:classical=227:grid=1.000:candidates=12:4,disabled:134;accepted_feh_residual_stable:16,low_track_count:104;low_track_count+backscatter_or_low_contrast:46,normal:125;degraded_texture:25,logs/cirs_caves_vins/external_hybrid_xfeat_every1_jul15screen_cirs_s810_d30_probe/features.bag,source_channels_audited,33788,5,0,1,0,0,0,missing_ape
logs/cirs_caves_vins/external_hybrid_xfeat_every1_jul15screen_cirs_s90_d30_probe,external_hybrid_xfeat_every1_jul15screen_cirs_s90_d30_probe,0,1,,,,,,,,,,,,150,33449,1,1,0,1,0,0,269,52,52,322,150,322,3,127,0,0,223,1,0.436655,0.854716,0.854716,0.885122,223,1,,0,0,1,low_classical_tracks:101;low_classical_tracks+frontend_low_grid:47;low_classical_tracks+learned_mode_extreme_textureless:2,disabled:96;online_seed_microburst_no_extend:53;online_seed_ok:1,disabled:95;accepted_feh_residual_stable:54;all_sidecars_fail_feh:1,low_track_count+backscatter_or_low_contrast:103;low_track_count+flat_regions+backscatter_or_low_contrast+low_grid_texture:47,degraded_texture:149;normal:1,logs/cirs_caves_vins/external_hybrid_xfeat_every1_jul15screen_cirs_s90_d30_probe/features.bag,source_channels_audited,33449,1,0,1,0,0,0,missing_ape
logs/cirs_caves_vins/external_hybrid_xfeat_every1_jul15screen_cirs_s990_d30_probe,external_hybrid_xfeat_every1_jul15screen_cirs_s990_d30_probe,0,1,,,,,,,,,,,,150,32271,4,4,0,4,0,0,192,4,4,0,150,0,0,0,0,0,214,1,0.773449,0.878526,0.878526,0.863054,214,1,,0,0,1,low_classical_tracks:150,disabled:149;online_seed_ok:1,disabled:149;accepted_feh_residual_stable:1,low_track_count:101;low_track_count+backscatter_or_low_contrast:49,degraded_texture:95;normal:55,logs/cirs_caves_vins/external_hybrid_xfeat_every1_jul15screen_cirs_s990_d30_probe/features.bag,source_channels_audited,32271,4,0,1,0,0,0,missing_ape
logs/ntnu_vins/external_hybrid_xfeat_every2_jul15screen_ntnu_fjord4_s20_d10_probe,external_hybrid_xfeat_every2_jul15screen_ntnu_fjord4_s20_d10_probe,0,1,,,,,,,,,,,,100,34703,9,9,0,9,0,0,15,12,12,309,0,309,0,309,0,0,347,14,0.527852,0.87874,0.878813,0.881028,347,0.875,,0,,,disabled:100,online_seed_microburst_no_extend:83;disabled:14;online_seed_ok:3,disabled:100,healthy:75;low_grid_coverage:25,normal:98;degraded_texture:2,logs/ntnu_vins/external_hybrid_xfeat_every2_jul15screen_ntnu_fjord4_s20_d10_probe/features.bag,source_channels_audited,34703,9,0,1,0,0,0,missing_ape
logs/ntnu_vins/external_hybrid_xfeat_every2_jul15screen_ntnu_fjord4_s90_d10_probe,external_hybrid_xfeat_every2_jul15screen_ntnu_fjord4_s90_d10_probe,0,1,,,,,,,,,,,,100,34699,0,0,0,0,0,0,65,37,37,338,0,338,0,338,0,0,349,8,0.510393,0.876074,0.876074,,349,0.916667,,0,,,disabled:100,online_seed_normal_motion_start:motion=15.787:candidates=7:classical=348:grid=0.875:63;disabled:34;online_seed_normal_motion_start:motion=15.787:candidates=7:classical=348:grid=0.875:online_seed_basic:3,disabled:100,illumination_nonuniformity:51;healthy:34;low_grid_coverage:11;low_grid_coverage+illumination_nonuniformity:4,normal:86;degraded_texture:14,logs/ntnu_vins/external_hybrid_xfeat_every2_jul15screen_ntnu_fjord4_s90_d10_probe/features.bag,source_channels_audited,34699,0,0,0,0,0,0,missing_ape
logs/ntnu_vins/external_hybrid_xfeat_every2_jul15screen_ntnu_mclab1_s90_d10_probe,external_hybrid_xfeat_every2_jul15screen_ntnu_mclab1_s90_d10_probe,0,1,,,,,,,,,,,,100,35000,0,0,0,0,0,0,18,3,3,3,0,87,0,87,0,0,350,6,0.471096,0.871831,0.871831,,350,0.958333,,0,,,disabled:100,online_seed_gftt_start:ratio=0.397:classical=350:grid=0.917:online_seed_mirror_only_after_reject:43;disabled:29;online_seed_mirror_only_after_reject:28,disabled:100,healthy:97;low_grid_coverage:3,normal:95;degraded_texture:5,logs/ntnu_vins/external_hybrid_xfeat_every2_jul15screen_ntnu_mclab1_s90_d10_probe/features.bag,source_channels_audited,35000,0,0,0,0,0,0,missing_ape
logs/ntnu_vins/external_hybrid_xfeat_every2_jul15screen_ntnu_mclab2_s120_d10_probe,external_hybrid_xfeat_every2_jul15screen_ntnu_mclab2_s120_d10_probe,0,1,,,,,,,,,,,,100,35000,0,0,0,0,0,0,77,27,27,27,0,618,0,618,0,0,350,4,0.349016,0.86935,0.86935,,342,0.875,,0,,,disabled:100,online_seed_gftt_start:ratio=0.280:classical=350:grid=0.792:online_seed_mirror_only_after_reject:67;online_seed_mirror_only_after_reject:29;online_seed_gftt_start:ratio=0.280:classical=350:grid=0.792:online_seed_basic:online_seed_mirror_only_after_reject:3;disabled:1,disabled:100,healthy:88;low_grid_coverage:12,normal:100,logs/ntnu_vins/external_hybrid_xfeat_every2_jul15screen_ntnu_mclab2_s120_d10_probe/features.bag,source_channels_audited,35000,0,0,0,0,0,0,missing_ape
logs/ntnu_vins/external_hybrid_xfeat_every2_jul15screen_ntnu_mclab2_s160_d10_probe,external_hybrid_xfeat_every2_jul15screen_ntnu_mclab2_s160_d10_probe,0,1,,,,,,,,,,,,100,35000,0,0,0,0,0,0,80,25,25,25,0,308,0,308,0,0,350,5,0.377082,0.871149,0.871149,,348,0.833333,,0,,,disabled:100,online_seed_sparse_start:candidates=2:classical=348:grid=0.792:online_seed_mirror_refill:online_seed_mirror_only_after_reject:70;disabled:27;online_seed_mirror_only_after_reject:2;online_seed_sparse_start:candidates=2:classical=348:grid=0.792:online_seed_basic:online_seed_mirror_refill:online_seed_mirror_only_after_reject:1,disabled:100,healthy:91;low_grid_coverage:9,normal:99;degraded_texture:1,logs/ntnu_vins/external_hybrid_xfeat_every2_jul15screen_ntnu_mclab2_s160_d10_probe/features.bag,source_channels_audited,35000,0,0,0,0,0,0,missing_ape
logs/ntnu_vins/external_hybrid_xfeat_every2_jul16screen16_ntnu_mclab1_s180_d10_probe,external_hybrid_xfeat_every2_jul16screen16_ntnu_mclab1_s180_d10_probe,0,1,,,,,,,,,,,,100,34991,16,16,0,16,0,0,36,6,6,14,0,14,0,14,0,0,350,3,0.467874,0.868889,0.868889,0.886378,350,0.916667,,0,,,disabled:100,disabled:86;online_seed_lineage_continuation:online_seed_microburst_no_extend:5;online_seed_basic:2;online_seed_ok:2;online_seed_lineage_budget:online_seed_microburst_no_extend:2;online_seed_ok:online_seed_lineage_continuation:1;online_seed_microburst_no_extend:online_seed_basic:1;online_seed_lineage_continuation:online_seed_microburst_no_extend:online_seed_basic:1,disabled:100,healthy:90;low_grid_coverage:9;illumination_nonuniformity:1,normal:55;degraded_texture:45,logs/ntnu_vins/external_hybrid_xfeat_every2_jul16screen16_ntnu_mclab1_s180_d10_probe/features.bag,source_channels_audited,34991,16,0,1,0,0,0,missing_ape
logs/ntnu_vins/external_hybrid_xfeat_every2_jul16screen16_ntnu_mclab2_s280_d10_probe,external_hybrid_xfeat_every2_jul16screen16_ntnu_mclab2_s280_d10_probe,0,1,,,,,,,,,,,,100,34994,23,23,0,23,0,0,23,7,7,13,0,13,0,13,0,0,350,5,0.428809,0.870277,0.870277,0.885208,350,0.875,,0,,,disabled:100,disabled:85;online_seed_lineage_budget:online_seed_microburst_no_extend:5;online_seed_ok:3;online_seed_ok:online_seed_lineage_continuation:3;online_seed_lineage_continuation:online_seed_microburst_no_extend:3;online_seed_microburst_no_extend:1,disabled:100,healthy:98;low_grid_coverage:2,normal:76;degraded_texture:24,logs/ntnu_vins/external_hybrid_xfeat_every2_jul16screen16_ntnu_mclab2_s280_d10_probe/features.bag,source_channels_audited,34994,23,0,1,0,0,0,missing_ape
logs/ntnu_vins/external_hybrid_xfeat_every2_jul16screen17_ntnu_fjord4_s260_d10_probe,external_hybrid_xfeat_every2_jul16screen17_ntnu_fjord4_s260_d10_probe,0,1,,,,,,,,,,,,100,34843,19,19,0,19,0,0,51,13,13,170,0,170,0,170,0,0,350,1,0.573901,0.864584,0.864584,0.888347,350,0.854167,,0,,,disabled:100,disabled:50;online_seed_lineage_budget:online_seed_microburst_no_extend:38;online_seed_ok:online_seed_lineage_continuation:6;online_seed_basic:2;online_seed_ok:2;online_seed_lineage_budget:online_seed_microburst_no_extend:online_seed_basic:2,disabled:100,illumination_nonuniformity:72;low_grid_coverage+illumination_nonuniformity:24;healthy:3;low_grid_coverage:1,degraded_texture:83;normal:17,logs/ntnu_vins/external_hybrid_xfeat_every2_jul16screen17_ntnu_fjord4_s260_d10_probe/features.bag,source_channels_audited,34843,19,0,1,0,0,0,missing_ape
logs/ntnu_vins/external_hybrid_xfeat_every2_jul16screen17_ntnu_fjord4_s280_d10_probe,external_hybrid_xfeat_every2_jul16screen17_ntnu_fjord4_s280_d10_probe,0,1,,,,,,,,,,,,100,35000,11,11,0,11,0,0,0,0,0,0,0,0,0,0,0,0,350,1,0.661879,0.870303,0.870303,0.883837,350,0.875,,0,,,disabled:100,disabled:93;online_seed_ok:online_seed_lineage_continuation:4;online_seed_ok:3,disabled:100,healthy:99;low_grid_coverage:1,degraded_texture:72;normal:28,logs/ntnu_vins/external_hybrid_xfeat_every2_jul16screen17_ntnu_fjord4_s280_d10_probe/features.bag,source_channels_audited,35000,11,0,1,0,0,0,missing_ape
logs/ntnu_vins/external_hybrid_xfeat_every2_jul16screen18_ntnu_fjord5_s220_d10_probe,external_hybrid_xfeat_every2_jul16screen18_ntnu_fjord5_s220_d10_probe,0,1,,,,,,,,,,,,100,34960,16,16,0,16,0,0,16,11,11,51,0,51,0,51,0,0,350,1,0.627378,0.866887,0.866887,0.897135,350,0.833333,,0,,,disabled:100,disabled:67;online_seed_lineage_budget:online_seed_microburst_no_extend:15;online_seed_ok:online_seed_lineage_continuation:11;online_seed_ok:3;online_seed_lineage_budget:online_seed_microburst_no_extend:online_seed_basic:2;online_seed_lineage_continuation:online_seed_microburst_no_extend:online_seed_basic:1;online_seed_microburst_no_extend:online_seed_basic:1,disabled:100,illumination_nonuniformity:68;low_grid_coverage+illumination_nonuniformity:13;healthy:10;low_grid_coverage:9,degraded_texture:98;normal:2,logs/ntnu_vins/external_hybrid_xfeat_every2_jul16screen18_ntnu_fjord5_s220_d10_probe/features.bag,source_channels_audited,34960,16,0,1,0,0,0,missing_ape
logs/ntnu_vins/external_hybrid_xfeat_every2_jul16screen18_ntnu_fjord5_s240_d10_probe,external_hybrid_xfeat_every2_jul16screen18_ntnu_fjord5_s240_d10_probe,0,1,,,,,,,,,,,,100,34981,17,17,0,17,0,0,103,18,18,37,0,37,0,37,0,0,350,2,0.541246,0.868072,0.868072,0.879218,350,0.791667,,0,,,disabled:100,disabled:75;online_seed_ok:online_seed_lineage_continuation:7;online_seed_lineage_budget:online_seed_microburst_no_extend:7;online_seed_microburst_no_extend:online_seed_basic:3;online_seed_basic:2;online_seed_ok:2;online_seed_lineage_continuation:online_seed_microburst_no_extend:online_seed_basic:2;online_seed_lineage_continuation:online_seed_microburst_no_extend:1,disabled:100,low_grid_coverage:51;healthy:39;illumination_nonuniformity:10,degraded_texture:87;normal:13,logs/ntnu_vins/external_hybrid_xfeat_every2_jul16screen18_ntnu_fjord5_s240_d10_probe/features.bag,source_channels_audited,34981,17,0,1,0,0,0,missing_ape
logs/ntnu_vins/external_hybrid_xfeat_every2_jul16screen19_ntnu_fjord3_s260_d10_probe,external_hybrid_xfeat_every2_jul16screen19_ntnu_fjord3_s260_d10_probe,0,1,,,,,,,,,,,,100,35000,5,5,0,5,0,0,10,0,0,0,0,0,0,0,0,0,350,7,0.509269,0.871324,0.871324,0.893199,350,0.875,,0,,,disabled:100,disabled:95;online_seed_ok:3;online_seed_ok:online_seed_lineage_continuation:2,disabled:100,healthy:96;low_grid_coverage:2;backscatter_or_low_contrast:2,normal:84;degraded_texture:16,logs/ntnu_vins/external_hybrid_xfeat_every2_jul16screen19_ntnu_fjord3_s260_d10_probe/features.bag,source_channels_audited,35000,5,0,1,0,0,0,missing_ape
logs/ntnu_vins/external_hybrid_xfeat_every2_jul16screen20_ntnu_fjord1_s140_d10_probe,external_hybrid_xfeat_every2_jul16screen20_ntnu_fjord1_s140_d10_probe,0,1,,,,,,,,,,,,100,34891,50,50,0,50,0,0,79,36,36,145,0,145,0,145,0,0,350,3,0.415457,0.865636,0.865636,0.884635,350,0.833333,,0,,,disabled:100,disabled:53;online_seed_microburst:30;online_seed_ok:6;online_seed_budget:5;online_seed_microburst:online_seed_basic:5;online_seed_basic:online_seed_budget:1,disabled:100,illumination_nonuniformity:80;low_grid_coverage+illumination_nonuniformity:20,normal:52;degraded_texture:48,logs/ntnu_vins/external_hybrid_xfeat_every2_jul16screen20_ntnu_fjord1_s140_d10_probe/features.bag,source_channels_audited,34891,50,0,1,0,0,0,missing_ape
logs/ntnu_vins/external_hybrid_xfeat_every2_jul16screen20_ntnu_fjord1_s240_d10_probe,external_hybrid_xfeat_every2_jul16screen20_ntnu_fjord1_s240_d10_probe,0,1,,,,,,,,,,,,100,34941,31,31,0,31,0,0,41,12,12,71,0,71,0,71,0,0,350,1,0.55251,0.862184,0.862184,0.885575,350,0.875,,0,,,disabled:100,disabled:72;online_seed_lineage_budget:online_seed_microburst_no_extend:16;online_seed_lineage_continuation:online_seed_microburst_no_extend:6;online_seed_ok:2;online_seed_basic:1;online_seed_ok:online_seed_lineage_continuation:1;online_seed_microburst_no_extend:1;online_seed_lineage_budget:online_seed_microburst_no_extend:online_seed_basic:1,disabled:100,illumination_nonuniformity:95;low_grid_coverage+illumination_nonuniformity:5,degraded_texture:99;normal:1,logs/ntnu_vins/external_hybrid_xfeat_every2_jul16screen20_ntnu_fjord1_s240_d10_probe/features.bag,source_channels_audited,34941,31,0,1,0,0,0,missing_ape
logs/ntnu_vins/external_hybrid_xfeat_every2_jul16screen24_ntnu_fjord2_s500_d10_probe,external_hybrid_xfeat_every2_jul16screen24_ntnu_fjord2_s500_d10_probe,0,1,,,,,,,,,,,,100,34517,18,18,0,18,0,0,116,39,39,522,0,522,0,522,0,0,345,1,0.662122,0.868714,0.868714,0.889863,345,0.875,,0,,,disabled:100,online_seed_lineage_budget:online_seed_microburst_no_extend:71;online_seed_lineage_budget:online_seed_microburst_no_extend:online_seed_basic:16;online_seed_ok:online_seed_lineage_continuation:6;disabled:4;online_seed_ok:2;online_seed_basic:1,disabled:100,illumination_nonuniformity:73;healthy:24;low_grid_coverage:2;low_grid_coverage+illumination_nonuniformity:1,degraded_texture:100,logs/ntnu_vins/external_hybrid_xfeat_every2_jul16screen24_ntnu_fjord2_s500_d10_probe/features.bag,source_channels_audited,34517,18,0,1,0,0,0,missing_ape
logs/ntnu_vins/external_hybrid_xfeat_every2_jul16screen24_ntnu_fjord2_s540_d10_probe,external_hybrid_xfeat_every2_jul16screen24_ntnu_fjord2_s540_d10_probe,0,1,,,,,,,,,,,,100,35003,11,11,0,11,0,0,23,5,5,2,0,2,0,2,0,0,350,1,0.631576,0.866789,0.866789,0.884958,350,0.833333,,0,,,disabled:100,disabled:93;online_seed_ok:3;online_seed_ok:online_seed_lineage_continuation:3;online_seed_basic:1,disabled:100,illumination_nonuniformity:61;healthy:20;low_grid_coverage:12;low_grid_coverage+illumination_nonuniformity:7,degraded_texture:100,logs/ntnu_vins/external_hybrid_xfeat_every2_jul16screen24_ntnu_fjord2_s540_d10_probe/features.bag,source_channels_audited,35003,11,0,1,0,0,0,missing_ape
logs/ntnu_vins/external_hybrid_xfeat_every2_jul16screen24_ntnu_fjord2_s60_d10_probe,external_hybrid_xfeat_every2_jul16screen24_ntnu_fjord2_s60_d10_probe,0,1,,,,,,,,,,,,100,34986,13,13,0,13,0,0,18,2,2,16,0,16,0,16,0,0,350,2,0.633418,0.870358,0.870358,0.893162,350,0.875,,0,,,disabled:100,disabled:81;online_seed_ok:online_seed_lineage_continuation:8;online_seed_lineage_budget:online_seed_microburst_no_extend:7;online_seed_basic:1;online_seed_microburst_no_extend:1;online_seed_lineage_continuation:online_seed_microburst_no_extend:online_seed_basic:1;online_seed_lineage_continuation:online_seed_microburst_no_extend:1,disabled:100,healthy:82;illumination_nonuniformity:10;low_grid_coverage:8,degraded_texture:80;normal:20,logs/ntnu_vins/external_hybrid_xfeat_every2_jul16screen24_ntnu_fjord2_s60_d10_probe/features.bag,source_channels_audited,34986,13,0,1,0,0,0,missing_ape
logs/ntnu_vins/external_hybrid_xfeat_every2_jul16screen24_ntnu_fjord2_s70_d10_probe,external_hybrid_xfeat_every2_jul16screen24_ntnu_fjord2_s70_d10_probe,0,1,,,,,,,,,,,,100,34925,17,17,0,17,0,0,36,9,9,84,0,84,0,84,0,0,350,1.5,0.584028,0.869699,0.869699,0.888745,350,0.833333,,0,,,disabled:100,disabled:64;online_seed_lineage_budget:online_seed_microburst_no_extend:19;online_seed_ok:online_seed_lineage_continuation:5;online_seed_ok:3;online_seed_microburst_no_extend:online_seed_basic:3;online_seed_lineage_continuation:online_seed_microburst_no_extend:3;online_seed_lineage_continuation:online_seed_microburst_no_extend:online_seed_basic:1;online_seed_microburst_no_extend:1,disabled:100,healthy:44;low_grid_coverage:34;illumination_nonuniformity:18;low_grid_coverage+illumination_nonuniformity:4,degraded_texture:77;normal:23,logs/ntnu_vins/external_hybrid_xfeat_every2_jul16screen24_ntnu_fjord2_s70_d10_probe/features.bag,source_channels_audited,34925,17,0,1,0,0,0,missing_ape
logs/ntnu_vins/external_hybrid_xfeat_every2_jul16screen24_ntnu_fjord2_s90_d10_probe,external_hybrid_xfeat_every2_jul16screen24_ntnu_fjord2_s90_d10_probe,0,1,,,,,,,,,,,,100,34760,24,24,0,24,0,0,14,9,9,249,0,249,0,249,0,0,347,32.5,0.633305,0.917402,0.917476,0.897396,347,0.875,,0,,,disabled:100,online_seed_lineage_budget:online_seed_microburst_no_extend:60;disabled:31;online_seed_lineage_continuation:online_seed_microburst_no_extend:6;online_seed_ok:3,disabled:100,illumination_nonuniformity:96;low_grid_coverage+illumination_nonuniformity:4,normal:100,logs/ntnu_vins/external_hybrid_xfeat_every2_jul16screen24_ntnu_fjord2_s90_d10_probe/features.bag,source_channels_audited,34760,24,0,1,0,0,0,missing_ape
logs/ntnu_vins/external_hybrid_xfeat_every2_jul16screen25_ntnu_fjord2_s260_d10_probe,external_hybrid_xfeat_every2_jul16screen25_ntnu_fjord2_s260_d10_probe,0,1,,,,,,,,,,,,100,34865,5,5,0,5,0,0,94,35,35,170,0,171,0,171,0,0,350,1,0.521631,0.868556,0.868556,0.87578,349.5,0.833333,,0,,,disabled:100,disabled:47;online_seed_microburst_no_extend:40;online_seed_microburst_no_extend:online_seed_basic:8;online_seed_ok:2;online_seed_basic:2;online_seed_gftt_dominated:ratio=0.802:classical=349:grid=0.917:online_seed_mirror_refill:1,disabled:100,healthy:39;low_grid_coverage+illumination_nonuniformity:29;illumination_nonuniformity:23;low_grid_coverage:9,degraded_texture:65;normal:35,logs/ntnu_vins/external_hybrid_xfeat_every2_jul16screen25_ntnu_fjord2_s260_d10_probe/features.bag,source_channels_audited,34865,5,0,1,0,0,0,missing_ape
logs/ntnu_vins/external_hybrid_xfeat_every2_jul16screen25_ntnu_fjord2_s280_d10_probe,external_hybrid_xfeat_every2_jul16screen25_ntnu_fjord2_s280_d10_probe,0,1,,,,,,,,,,,,100,35000,0,0,0,0,0,0,57,22,22,22,0,168,0,168,0,0,350,2,0.538633,0.865867,0.865867,,349,0.833333,,0,,,disabled:100,online_seed_gftt_start:ratio=0.257:classical=342:grid=0.833:online_seed_mirror_only_after_reject:47;online_seed_mirror_only_after_reject:37;online_seed_gftt_start:ratio=0.257:classical=342:grid=0.833:online_seed_basic:online_seed_mirror_only_after_reject:9;disabled:4;online_seed_basic:online_seed_mirror_only_after_reject:3,disabled:100,illumination_nonuniformity:61;low_grid_coverage+illumination_nonuniformity:39,degraded_texture:75;normal:25,logs/ntnu_vins/external_hybrid_xfeat_every2_jul16screen25_ntnu_fjord2_s280_d10_probe/features.bag,source_channels_audited,35000,0,0,0,0,0,0,missing_ape
logs/ntnu_vins/external_hybrid_xfeat_every2_jul16screen27_ntnu_fjord2_s510_d10_probe,external_hybrid_xfeat_every2_jul16screen27_ntnu_fjord2_s510_d10_probe,0,1,,,,,,,,,,,,100,35000,0,0,0,0,0,0,83,21,21,21,0,209,0,209,0,0,350,1,0.650138,0.867959,0.867959,,349,0.875,,0,,,disabled:100,online_seed_gftt_dominated:ratio=0.797:classical=349:grid=0.958:online_seed_mirror_refill:online_seed_mirror_only_after_reject:41;online_seed_gftt_dominated:ratio=0.797:classical=349:grid=0.958:online_seed_basic:online_seed_mirror_refill:online_seed_mirror_only_after_reject:7;online_seed_mirror_only_after_reject:7;online_seed_gftt_dominated:ratio=0.805:classical=349:grid=0.917:online_seed_mirror_refill:online_seed_mirror_only_after_reject:5;disabled:4;online_seed_gftt_dominated:ratio=0.808:classical=349:grid=0.917:online_seed_mirror_refill:online_seed_mirror_only_after_reject:3;online_seed_gftt_dominated:ratio=0.822:classical=348:grid=0.917:online_seed_mirror_refill:online_seed_mirror_only_after_reject:2;online_seed_gftt_dominated:ratio=0.828:classical=348:grid=0.917:online_seed_mirror_refill:online_seed_mirror_only_after_reject:2,disabled:100,illumination_nonuniformity:93;low_grid_coverage:3;low_grid_coverage+illumination_nonuniformity:2;healthy:2,degraded_texture:100,logs/ntnu_vins/external_hybrid_xfeat_every2_jul16screen27_ntnu_fjord2_s510_d10_probe/features.bag,source_channels_audited,35000,0,0,0,0,0,0,missing_ape
logs/ntnu_vins/external_hybrid_xfeat_every2_jul16screen27_ntnu_fjord2_s570_d10_probe,external_hybrid_xfeat_every2_jul16screen27_ntnu_fjord2_s570_d10_probe,0,1,,,,,,,,,,,,100,34966,9,9,0,9,0,0,55,18,18,52,0,59,0,59,0,0,350,1,0.638507,0.867573,0.867573,0.885038,350,0.875,,0,,,disabled:100,disabled:71;online_seed_microburst_no_extend:18;online_seed_ok:3;online_seed_gftt_dominated:ratio=0.662:classical=349:grid=0.917:online_seed_basic:online_seed_mirror_refill:1;online_seed_gftt_dominated:ratio=0.721:classical=348:grid=0.917:online_seed_mirror_refill:1;online_seed_gftt_dominated:ratio=0.771:classical=349:grid=0.917:online_seed_mirror_refill:1;online_seed_basic:1;online_seed_microburst_no_extend:online_seed_basic:1,disabled:100,illumination_nonuniformity:62;healthy:28;low_grid_coverage+illumination_nonuniformity:5;low_grid_coverage:5,degraded_texture:90;normal:10,logs/ntnu_vins/external_hybrid_xfeat_every2_jul16screen27_ntnu_fjord2_s570_d10_probe/features.bag,source_channels_audited,34966,9,0,1,0,0,0,missing_ape
logs/ntnu_vins/external_hybrid_xfeat_every2_jul16screen28_ntnu_fjord2_s490_d10_probe,external_hybrid_xfeat_every2_jul16screen28_ntnu_fjord2_s490_d10_probe,0,1,,,,,,,,,,,,100,34828,13,13,0,13,0,0,56,33,33,205,0,205,0,205,0,0,349,1,0.660113,0.869773,0.869773,0.877649,349,0.833333,,0,,,disabled:100,online_seed_microburst_no_extend:80;disabled:13;online_seed_ok:3;online_seed_microburst_no_extend:online_seed_basic:2;online_seed_basic:2,disabled:100,healthy:38;low_grid_coverage:26;illumination_nonuniformity:25;low_grid_coverage+illumination_nonuniformity:11,degraded_texture:81;normal:19,logs/ntnu_vins/external_hybrid_xfeat_every2_jul16screen28_ntnu_fjord2_s490_d10_probe/features.bag,source_channels_audited,34828,13,0,1,0,0,0,missing_ape
logs/ntnu_vins/external_hybrid_xfeat_every2_jul16screen28_ntnu_fjord2_s530_d10_probe,external_hybrid_xfeat_every2_jul16screen28_ntnu_fjord2_s530_d10_probe,0,1,,,,,,,,,,,,100,32419,50,50,0,50,0,0,380,147,147,3009,0,3021,0,3021,0,0,336,6,0.63769,0.870496,0.870496,0.874028,336,0.791667,,0,,,disabled:100,online_seed_microburst:76;online_seed_budget:9;online_seed_microburst:online_seed_basic:5;disabled:4;online_seed_ok:2;online_seed_basic:online_seed_budget:1;online_seed_gftt_dominated:ratio=0.754:classical=345:grid=0.917:online_seed_mirror_refill:1;online_seed_gftt_dominated:ratio=0.742:classical=345:grid=0.917:online_seed_mirror_refill:1,disabled:100,low_grid_coverage:35;healthy:26;low_grid_coverage+illumination_nonuniformity:26;illumination_nonuniformity:13,degraded_texture:51;normal:49,logs/ntnu_vins/external_hybrid_xfeat_every2_jul16screen28_ntnu_fjord2_s530_d10_probe/features.bag,source_channels_audited,32419,50,0,1,0,0,0,missing_ape
logs/ntnu_vins/external_hybrid_xfeat_every2_jul16screen29_ntnu_fjord2_s460_d10_probe,external_hybrid_xfeat_every2_jul16screen29_ntnu_fjord2_s460_d10_probe,0,1,,,,,,,,,,,,100,35000,0,0,0,0,0,0,67,28,28,28,0,277,0,277,0,0,350,3,0.450932,0.864532,0.864532,,349,0.833333,,0,,,disabled:100,online_seed_gftt_start:ratio=0.246:classical=345:grid=0.792:online_seed_mirror_only_after_reject:58;online_seed_mirror_only_after_reject:36;online_seed_gftt_start:ratio=0.246:classical=345:grid=0.792:online_seed_basic:online_seed_mirror_only_after_reject:4;disabled:2,disabled:100,illumination_nonuniformity:57;low_grid_coverage+illumination_nonuniformity:43,normal:53;degraded_texture:47,logs/ntnu_vins/external_hybrid_xfeat_every2_jul16screen29_ntnu_fjord2_s460_d10_probe/features.bag,source_channels_audited,35000,0,0,0,0,0,0,missing_ape
logs/ntnu_vins/external_hybrid_xfeat_every2_jul16screen29_ntnu_fjord2_s470_d10_probe,external_hybrid_xfeat_every2_jul16screen29_ntnu_fjord2_s470_d10_probe,0,1,,,,,,,,,,,,100,35000,0,0,0,0,0,0,58,46,46,46,0,308,0,308,0,0,350,3,0.454816,0.866348,0.866348,,348,0.833333,,0,,,disabled:100,online_seed_sparse_start:candidates=1:classical=350:grid=0.792:online_seed_mirror_refill:online_seed_mirror_only_after_reject:66;disabled:16;online_seed_sparse_start:candidates=1:classical=350:grid=0.792:online_seed_basic:online_seed_mirror_refill:online_seed_mirror_only_after_reject:13;online_seed_mirror_only_after_reject:3;online_seed_sparse_start:candidates=1:classical=350:grid=0.792:online_seed_basic:online_seed_mirror_only_after_reject:2,disabled:100,illumination_nonuniformity:64;low_grid_coverage+illumination_nonuniformity:36,degraded_texture:58;normal:42,logs/ntnu_vins/external_hybrid_xfeat_every2_jul16screen29_ntnu_fjord2_s470_d10_probe/features.bag,source_channels_audited,35000,0,0,0,0,0,0,missing_ape
logs/ntnu_vins/external_hybrid_xfeat_every2_jul16screen30_ntnu_fjord2_s130_d10_probe,external_hybrid_xfeat_every2_jul16screen30_ntnu_fjord2_s130_d10_probe,0,1,,,,,,,,,,,,100,35000,0,0,0,0,0,0,113,23,23,23,0,180,0,180,0,0,350,5,0.427752,0.865557,0.865557,,349,0.791667,,0,,,disabled:100,online_seed_gftt_start:ratio=0.309:classical=346:grid=0.833:online_seed_mirror_only_after_reject:49;online_seed_mirror_only_after_reject:25;disabled:15;online_seed_gftt_start:ratio=0.309:classical=346:grid=0.833:online_seed_basic:online_seed_mirror_only_after_reject:10;online_seed_basic:1,disabled:100,low_grid_coverage+illumination_nonuniformity:67;illumination_nonuniformity:33,normal:86;degraded_texture:14,logs/ntnu_vins/external_hybrid_xfeat_every2_jul16screen30_ntnu_fjord2_s130_d10_probe/features.bag,source_channels_audited,35000,0,0,0,0,0,0,missing_ape
logs/ntnu_vins/external_hybrid_xfeat_every2_jul16screen30_ntnu_fjord2_s290_d10_probe,external_hybrid_xfeat_every2_jul16screen30_ntnu_fjord2_s290_d10_probe,0,1,,,,,,,,,,,,100,34978,11,11,0,11,0,0,30,8,8,30,0,30,0,30,0,0,350,3,0.455911,0.867375,0.867375,0.877914,350,0.833333,,0,,,disabled:100,disabled:84;online_seed_microburst_no_extend:12;online_seed_basic:2;online_seed_ok:1;online_seed_microburst_no_extend:online_seed_basic:1,disabled:100,illumination_nonuniformity:79;low_grid_coverage+illumination_nonuniformity:21,degraded_texture:58;normal:42,logs/ntnu_vins/external_hybrid_xfeat_every2_jul16screen30_ntnu_fjord2_s290_d10_probe/features.bag,source_channels_audited,34978,11,0,1,0,0,0,missing_ape
logs/ntnu_vins/external_hybrid_xfeat_every2_jul16screen31_ntnu_fjord2_s120_d10_probe,external_hybrid_xfeat_every2_jul16screen31_ntnu_fjord2_s120_d10_probe,0,1,,,,,,,,,,,,100,35000,0,0,0,0,0,0,132,63,63,63,0,986,0,986,0,0,350,7,0.45888,0.867501,0.867501,,340,0.791667,,0,,,disabled:100,online_seed_low_grid_start:classical=347:grid=0.708:online_seed_mirror_only_after_reject:73;online_seed_low_grid_start:classical=347:grid=0.708:online_seed_basic:online_seed_mirror_only_after_reject:15;online_seed_mirror_only_after_reject:9;disabled:2;online_seed_basic:online_seed_mirror_only_after_reject:1,disabled:100,low_grid_coverage+illumination_nonuniformity:68;illumination_nonuniformity:32,normal:89;degraded_texture:11,logs/ntnu_vins/external_hybrid_xfeat_every2_jul16screen31_ntnu_fjord2_s120_d10_probe/features.bag,source_channels_audited,35000,0,0,0,0,0,0,missing_ape
logs/ntnu_vins/external_hybrid_xfeat_every2_jul16screen31_ntnu_fjord2_s210_d10_probe,external_hybrid_xfeat_every2_jul16screen31_ntnu_fjord2_s210_d10_probe,0,1,,,,,,,,,,,,100,35000,0,0,0,0,0,0,0,0,0,0,0,1,0,1,0,0,350,5,0.535203,0.870187,0.870187,,350,0.833333,,0,,,disabled:100,online_seed_mirror_only_after_reject:52;disabled:47;online_seed_sparse_start:candidates=1:classical=349:grid=0.792:online_seed_mirror_refill:online_seed_mirror_only_after_reject:1,disabled:100,healthy:83;low_grid_coverage:10;backscatter_or_low_contrast:7,normal:62;degraded_texture:38,logs/ntnu_vins/external_hybrid_xfeat_every2_jul16screen31_ntnu_fjord2_s210_d10_probe/features.bag,source_channels_audited,35000,0,0,0,0,0,0,missing_ape
logs/ntnu_vins/external_hybrid_xfeat_every2_jul16screen32_ntnu_fjord2_s430_d10_probe,external_hybrid_xfeat_every2_jul16screen32_ntnu_fjord2_s430_d10_probe,0,1,,,,,,,,,,,,100,34957,16,16,0,16,0,0,49,28,28,71,0,71,0,71,0,0,350,1,0.67461,0.870048,0.870048,0.872706,350,0.833333,,0,,,disabled:100,disabled:69;online_seed_microburst_no_extend:24;online_seed_microburst_no_extend:online_seed_basic:4;online_seed_ok:3,disabled:100,healthy:89;low_grid_coverage:11,degraded_texture:85;normal:15,logs/ntnu_vins/external_hybrid_xfeat_every2_jul16screen32_ntnu_fjord2_s430_d10_probe/features.bag,source_channels_audited,34957,16,0,1,0,0,0,missing_ape
logs/ntnu_vins/external_hybrid_xfeat_every2_jul16screen32_ntnu_fjord2_s480_d10_probe,external_hybrid_xfeat_every2_jul16screen32_ntnu_fjord2_s480_d10_probe,0,1,,,,,,,,,,,,100,34852,9,9,0,9,0,0,42,20,20,168,0,168,0,168,0,0,349,3,0.478313,0.868098,0.868098,0.881249,349,0.833333,,0,,,disabled:100,online_seed_microburst_no_extend:50;disabled:41;online_seed_microburst_no_extend:online_seed_basic:5;online_seed_basic:4,disabled:100,illumination_nonuniformity:63;low_grid_coverage+illumination_nonuniformity:27;low_grid_coverage:8;healthy:2,degraded_texture:61;normal:39,logs/ntnu_vins/external_hybrid_xfeat_every2_jul16screen32_ntnu_fjord2_s480_d10_probe/features.bag,source_channels_audited,34852,9,0,1,0,0,0,missing_ape
logs/ntnu_vins/external_hybrid_xfeat_every2_jul16screen33_ntnu_fjord2_s200_d10_probe,external_hybrid_xfeat_every2_jul16screen33_ntnu_fjord2_s200_d10_probe,0,1,,,,,,,,,,,,100,35000,0,0,0,0,0,0,19,16,16,16,0,139,0,139,0,0,350,7,0.53637,0.87106,0.87106,,349,0.833333,,0,,,disabled:100,online_seed_gftt_start:ratio=0.283:classical=350:grid=0.833:online_seed_mirror_only_after_reject:70;disabled:25;online_seed_mirror_only_after_reject:3;online_seed_gftt_start:ratio=0.283:classical=350:grid=0.833:online_seed_basic:online_seed_mirror_only_after_reject:2,disabled:100,healthy:86;low_grid_coverage:14,normal:86;degraded_texture:14,logs/ntnu_vins/external_hybrid_xfeat_every2_jul16screen33_ntnu_fjord2_s200_d10_probe/features.bag,source_channels_audited,35000,0,0,0,0,0,0,missing_ape
logs/ntnu_vins/external_hybrid_xfeat_every2_jul16screen33_ntnu_fjord2_s580_d10_probe,external_hybrid_xfeat_every2_jul16screen33_ntnu_fjord2_s580_d10_probe,0,1,,,,,,,,,,,,100,35000,0,0,0,0,0,0,3,0,0,0,0,0,0,0,0,0,350,4,0.495769,0.870649,0.870649,,350,0.875,,0,,,disabled:100,disabled:100,disabled:100,healthy:88;illumination_nonuniformity:12,normal:56;degraded_texture:44,logs/ntnu_vins/external_hybrid_xfeat_every2_jul16screen33_ntnu_fjord2_s580_d10_probe/features.bag,source_channels_audited,35000,0,0,0,0,0,0,missing_ape
logs/ntnu_vins/external_hybrid_xfeat_every2_jul16screen34_ntnu_fjord2_s340_d10_probe,external_hybrid_xfeat_every2_jul16screen34_ntnu_fjord2_s340_d10_probe,0,1,,,,,,,,,,,,100,34969,50,50,0,50,0,0,45,24,24,55,0,55,0,55,0,0,350,5,0.485134,0.87104,0.87104,0.871904,350,0.833333,,0,,,disabled:100,disabled:71;online_seed_microburst:17;online_seed_budget:8;online_seed_ok:3;online_seed_basic:1,disabled:100,healthy:51;low_grid_coverage+illumination_nonuniformity:26;illumination_nonuniformity:22;low_grid_coverage:1,normal:76;degraded_texture:24,logs/ntnu_vins/external_hybrid_xfeat_every2_jul16screen34_ntnu_fjord2_s340_d10_probe/features.bag,source_channels_audited,34969,50,0,1,0,0,0,missing_ape
logs/ntnu_vins/external_hybrid_xfeat_every2_jul16screen34_ntnu_fjord2_s410_d10_probe,external_hybrid_xfeat_every2_jul16screen34_ntnu_fjord2_s410_d10_probe,0,1,,,,,,,,,,,,100,34823,13,13,0,13,0,0,42,16,16,193,0,193,0,193,0,0,350,5,0.462231,0.869899,0.869899,0.881851,350,0.833333,,0,,,disabled:100,disabled:51;online_seed_microburst_no_extend:46;online_seed_ok:2;online_seed_basic:1,disabled:100,illumination_nonuniformity:47;low_grid_coverage+illumination_nonuniformity:26;healthy:20;low_grid_coverage:7,normal:63;degraded_texture:37,logs/ntnu_vins/external_hybrid_xfeat_every2_jul16screen34_ntnu_fjord2_s410_d10_probe/features.bag,source_channels_audited,34823,13,0,1,0,0,0,missing_ape
logs/ntnu_vins/external_hybrid_xfeat_every2_jul16screen35_ntnu_fjord2_s140_d10_probe,external_hybrid_xfeat_every2_jul16screen35_ntnu_fjord2_s140_d10_probe,0,1,,,,,,,,,,,,100,35000,0,0,0,0,0,0,89,61,61,61,0,308,0,308,0,0,350,7,0.413868,0.866875,0.866875,,349,0.791667,,0,,,disabled:100,online_seed_gftt_start:ratio=0.257:classical=350:grid=0.792:online_seed_mirror_only_after_reject:43;online_seed_mirror_only_after_reject:39;online_seed_gftt_start:ratio=0.257:classical=350:grid=0.792:online_seed_basic:online_seed_mirror_only_after_reject:13;online_seed_basic:online_seed_mirror_only_after_reject:3;disabled:2,disabled:100,low_grid_coverage+illumination_nonuniformity:91;illumination_nonuniformity:9,normal:100,logs/ntnu_vins/external_hybrid_xfeat_every2_jul16screen35_ntnu_fjord2_s140_d10_probe/features.bag,source_channels_audited,35000,0,0,0,0,0,0,missing_ape
logs/ntnu_vins/external_hybrid_xfeat_every2_jul16screen35_ntnu_fjord2_s270_d10_probe,external_hybrid_xfeat_every2_jul16screen35_ntnu_fjord2_s270_d10_probe,0,1,,,,,,,,,,,,100,35000,0,0,0,0,0,0,38,24,24,24,0,159,0,159,0,0,350,5,0.474839,0.868441,0.868441,,350,0.833333,,0,,,disabled:100,online_seed_mirror_only_after_reject:61;online_seed_gftt_start:ratio=0.231:classical=350:grid=0.792:online_seed_mirror_only_after_reject:35;disabled:3;online_seed_gftt_start:ratio=0.231:classical=350:grid=0.792:online_seed_basic:online_seed_mirror_only_after_reject:1,disabled:100,illumination_nonuniformity:74;low_grid_coverage+illumination_nonuniformity:26,normal:92;degraded_texture:8,logs/ntnu_vins/external_hybrid_xfeat_every2_jul16screen35_ntnu_fjord2_s270_d10_probe/features.bag,source_channels_audited,35000,0,0,0,0,0,0,missing_ape
logs/ntnu_vins/external_hybrid_xfeat_every2_jul16screen36_ntnu_fjord2_s190_d10_probe,external_hybrid_xfeat_every2_jul16screen36_ntnu_fjord2_s190_d10_probe,0,1,,,,,,,,,,,,100,35000,0,0,0,0,0,0,6,0,0,0,0,102,0,102,0,0,350,9,0.551378,0.872157,0.872157,,350,0.833333,,0,,,disabled:100,online_seed_mirror_only_after_reject:49;online_seed_gftt_start:ratio=0.231:classical=346:grid=0.833:online_seed_mirror_only_after_reject:48;disabled:3,disabled:100,healthy:86;low_grid_coverage:14,normal:100,logs/ntnu_vins/external_hybrid_xfeat_every2_jul16screen36_ntnu_fjord2_s190_d10_probe/features.bag,source_channels_audited,35000,0,0,0,0,0,0,missing_ape
logs/ntnu_vins/external_hybrid_xfeat_every2_jul16screen36_ntnu_fjord2_s360_d10_probe,external_hybrid_xfeat_every2_jul16screen36_ntnu_fjord2_s360_d10_probe,0,1,,,,,,,,,,,,100,35000,0,0,0,0,0,0,24,0,0,0,0,0,0,0,0,0,350,8.25,0.553678,0.872086,0.872086,,350,0.833333,,0,,,disabled:100,disabled:100,disabled:100,healthy:91;low_grid_coverage:9,normal:85;degraded_texture:15,logs/ntnu_vins/external_hybrid_xfeat_every2_jul16screen36_ntnu_fjord2_s360_d10_probe/features.bag,source_channels_audited,35000,0,0,0,0,0,0,missing_ape
logs/ntnu_vins/external_hybrid_xfeat_every2_jul16screen43_ntnu_fjord2_s300_d10_probe,external_hybrid_xfeat_every2_jul16screen43_ntnu_fjord2_s300_d10_probe,0,1,,,,,,,,,,,,100,35000,0,0,0,0,0,0,0,0,0,0,0,89,0,89,0,0,350,7,0.512666,0.869342,0.869342,,350,0.833333,,0,,,disabled:100,online_seed_mirror_only_after_reject:62;online_seed_gftt_start:ratio=0.278:classical=342:grid=0.833:online_seed_mirror_only_after_reject:24;disabled:14,disabled:100,illumination_nonuniformity:92;low_grid_coverage+illumination_nonuniformity:8,normal:89;degraded_texture:11,logs/ntnu_vins/external_hybrid_xfeat_every2_jul16screen43_ntnu_fjord2_s300_d10_probe/features.bag,source_channels_audited,35000,0,0,0,0,0,0,missing_ape
