level,pair_id,sequence,case,method,scope,query_count,visible_count,invisible_count,finite_count,missing_count,outside_count,accepted,correct,wrong_accepted,invisible_accepted,coverage,correct_visible_rate,wrong_rate,precision,invisible_rate,visible_epe_median,visible_epe_p90,visible_epe_p95,visible_le1_rate,visible_le2_rate
pair,A02_0_small,A02,small,B,all_queries,350,348,2,346,4,0,346,346,0,0,0.9885714285714285,0.9942528735632183,0.0,1.0,0.0,0.027536983433539372,0.05241034579665321,0.06876250862590857,0.9942528735632183,0.9942528735632183
pair,A02_0_small,A02,small,B,B_failures,4,2,2,0,4,0,0,0,0,0,0.0,0.0,0.0,,0.0,,,,0.0,0.0
pair,A02_0_small,A02,small,B,C_common_not_correct,4,2,2,0,4,0,0,0,0,0,0.0,0.0,0.0,,0.0,,,,0.0,0.0
pair,A02_0_small,A02,small,C_raw,all_queries,350,348,2,350,0,0,350,348,2,2,1.0,1.0,0.005714285714285714,0.9942857142857143,1.0,0.024580602122337904,0.0559706411256856,0.06149832447718947,1.0,1.0
pair,A02_0_small,A02,small,C_raw,B_failures,4,2,2,4,0,0,4,2,2,2,1.0,1.0,0.5,0.5,1.0,0.17276435131560391,0.17769677109997994,0.17831332357302693,1.0,1.0
pair,A02_0_small,A02,small,C_raw,C_common_not_correct,4,2,2,4,0,0,4,2,2,2,1.0,1.0,0.5,0.5,1.0,0.17276435131560391,0.17769677109997994,0.17831332357302693,1.0,1.0
pair,A02_0_small,A02,small,C_common,all_queries,350,348,2,350,0,0,342,342,0,0,0.9771428571428571,0.9827586206896551,0.0,1.0,0.0,0.024442726095011878,0.05523791974570942,0.06109755072020918,0.9827586206896551,0.9827586206896551
pair,A02_0_small,A02,small,C_common,B_failures,4,2,2,4,0,0,0,0,0,0,0.0,0.0,0.0,,0.0,,,,0.0,0.0
pair,A02_0_small,A02,small,C_common,C_common_not_correct,4,2,2,4,0,0,0,0,0,0,0.0,0.0,0.0,,0.0,,,,0.0,0.0
pair,A02_0_small,A02,small,C_production,all_queries,350,348,2,0,350,0,0,0,0,0,0.0,0.0,0.0,,0.0,,,,0.0,0.0
pair,A02_0_small,A02,small,C_production,B_failures,4,2,2,0,4,0,0,0,0,0,0.0,0.0,0.0,,0.0,,,,0.0,0.0
pair,A02_0_small,A02,small,C_production,C_common_not_correct,4,2,2,0,4,0,0,0,0,0,0.0,0.0,0.0,,0.0,,,,0.0,0.0
pair,A02_0_small,A02,small,S_raw,all_queries,350,348,2,350,0,0,350,348,2,2,1.0,1.0,0.005714285714285714,0.9942857142857143,1.0,0.015320247391800646,0.04316933768171218,0.053642599390083354,1.0,1.0
pair,A02_0_small,A02,small,S_raw,B_failures,4,2,2,4,0,0,4,2,2,2,1.0,1.0,0.5,0.5,1.0,0.02751185204530042,0.02775666059021504,0.027787261658329364,1.0,1.0
pair,A02_0_small,A02,small,S_raw,C_common_not_correct,4,2,2,4,0,0,4,2,2,2,1.0,1.0,0.5,0.5,1.0,0.02751185204530042,0.02775666059021504,0.027787261658329364,1.0,1.0
pair,A02_0_small,A02,small,S_common,all_queries,350,348,2,350,0,0,348,348,0,0,0.9942857142857143,1.0,0.0,1.0,0.0,0.015320247391800646,0.04316933768171218,0.053642599390083354,1.0,1.0
pair,A02_0_small,A02,small,S_common,B_failures,4,2,2,4,0,0,2,2,0,0,0.5,1.0,0.0,1.0,0.0,0.02751185204530042,0.02775666059021504,0.027787261658329364,1.0,1.0
pair,A02_0_small,A02,small,S_common,C_common_not_correct,4,2,2,4,0,0,2,2,0,0,0.5,1.0,0.0,1.0,0.0,0.02751185204530042,0.02775666059021504,0.027787261658329364,1.0,1.0
pair,A02_0_large,A02,large,B,all_queries,350,337,13,44,306,0,44,42,2,0,0.12571428571428572,0.12462908011869436,0.005714285714285714,0.9545454545454546,0.0,0.19729812571702676,0.39415498106719266,0.5435421335320582,0.12462908011869436,0.12462908011869436
pair,A02_0_large,A02,large,B,B_failures,306,293,13,0,306,0,0,0,0,0,0.0,0.0,0.0,,0.0,,,,0.0,0.0
pair,A02_0_large,A02,large,B,C_common_not_correct,180,167,13,0,180,0,0,0,0,0,0.0,0.0,0.0,,0.0,,,,0.0,0.0
pair,A02_0_large,A02,large,C_raw,all_queries,350,337,13,307,43,0,307,307,0,0,0.8771428571428571,0.9109792284866469,0.0,1.0,0.0,0.19302093263291364,0.39891154621270464,0.47791975590376046,0.9050445103857567,0.9109792284866469
pair,A02_0_large,A02,large,C_raw,B_failures,306,293,13,273,33,0,273,273,0,0,0.8921568627450981,0.931740614334471,0.0,1.0,0.0,0.19367528267719955,0.40057280015507146,0.49019169025236614,0.9249146757679181,0.931740614334471
pair,A02_0_large,A02,large,C_raw,C_common_not_correct,180,167,13,147,33,0,147,147,0,0,0.8166666666666667,0.8802395209580839,0.0,1.0,0.0,0.19302093263291364,0.44543593704502044,0.5492366511890319,0.8682634730538922,0.8802395209580839
pair,A02_0_large,A02,large,C_common,all_queries,350,337,13,307,43,0,151,151,0,0,0.43142857142857144,0.44807121661721067,0.0,1.0,0.0,0.19051479291919723,0.3715617843704918,0.4071093962617919,0.44807121661721067,0.44807121661721067
pair,A02_0_large,A02,large,C_common,B_failures,306,293,13,273,33,0,126,126,0,0,0.4117647058823529,0.4300341296928328,0.0,1.0,0.0,0.19486954246558305,0.3701721498853804,0.4076985304541803,0.4300341296928328,0.4300341296928328
pair,A02_0_large,A02,large,C_common,C_common_not_correct,180,167,13,147,33,0,0,0,0,0,0.0,0.0,0.0,,0.0,,,,0.0,0.0
pair,A02_0_large,A02,large,C_production,all_queries,350,337,13,125,225,0,125,125,0,0,0.35714285714285715,0.37091988130563797,0.0,1.0,0.0,0.19458940789141882,0.3704500767824027,0.40781635729265797,0.37091988130563797,0.37091988130563797
pair,A02_0_large,A02,large,C_production,B_failures,306,293,13,125,181,0,125,125,0,0,0.4084967320261438,0.42662116040955633,0.0,1.0,0.0,0.19458940789141882,0.3704500767824027,0.40781635729265797,0.42662116040955633,0.42662116040955633
pair,A02_0_large,A02,large,C_production,C_common_not_correct,180,167,13,0,180,0,0,0,0,0,0.0,0.0,0.0,,0.0,,,,0.0,0.0
pair,A02_0_large,A02,large,S_raw,all_queries,350,337,13,350,0,10,350,337,13,13,1.0,1.0,0.037142857142857144,0.9628571428571429,1.0,0.12919345773230376,0.19470873855670365,0.24062361462045262,1.0,1.0
pair,A02_0_large,A02,large,S_raw,B_failures,306,293,13,306,0,10,306,293,13,13,1.0,1.0,0.042483660130718956,0.9575163398692811,1.0,0.12785878208123458,0.19322368843545704,0.2437880069215879,1.0,1.0
pair,A02_0_large,A02,large,S_raw,C_common_not_correct,180,167,13,180,0,10,180,167,13,13,1.0,1.0,0.07222222222222222,0.9277777777777778,1.0,0.12945046487259376,0.23398690073154887,0.27504022183634524,1.0,1.0
pair,A02_0_large,A02,large,S_common,all_queries,350,337,13,350,0,10,337,337,0,0,0.9628571428571429,1.0,0.0,1.0,0.0,0.12919345773230376,0.19470873855670365,0.24062361462045262,1.0,1.0
pair,A02_0_large,A02,large,S_common,B_failures,306,293,13,306,0,10,293,293,0,0,0.9575163398692811,1.0,0.0,1.0,0.0,0.12785878208123458,0.19322368843545704,0.2437880069215879,1.0,1.0
pair,A02_0_large,A02,large,S_common,C_common_not_correct,180,167,13,180,0,10,167,167,0,0,0.9277777777777778,1.0,0.0,1.0,0.0,0.12945046487259376,0.23398690073154887,0.27504022183634524,1.0,1.0
pair,A02_0_illumination_blur,A02,illumination_blur,B,all_queries,350,347,3,267,83,0,267,263,4,0,0.7628571428571429,0.7579250720461095,0.011428571428571429,0.9850187265917603,0.0,0.21719066802635395,0.8869778672554663,1.1264286118027191,0.7089337175792507,0.7579250720461095
pair,A02_0_illumination_blur,A02,illumination_blur,B,B_failures,83,80,3,0,83,0,0,0,0,0,0.0,0.0,0.0,,0.0,,,,0.0,0.0
pair,A02_0_illumination_blur,A02,illumination_blur,B,C_common_not_correct,42,39,3,0,42,0,0,0,0,0,0.0,0.0,0.0,,0.0,,,,0.0,0.0
pair,A02_0_illumination_blur,A02,illumination_blur,C_raw,all_queries,350,347,3,344,6,0,344,338,6,2,0.9828571428571429,0.9740634005763689,0.017142857142857144,0.9825581395348837,0.6666666666666666,0.18757174585556968,0.7119703644544975,1.0124852915632014,0.930835734870317,0.9740634005763689
pair,A02_0_illumination_blur,A02,illumination_blur,C_raw,B_failures,83,80,3,77,6,0,77,73,4,2,0.927710843373494,0.9125,0.04819277108433735,0.948051948051948,0.6666666666666666,0.2150833077476918,1.031740931984826,1.5370847943869967,0.825,0.9125
pair,A02_0_illumination_blur,A02,illumination_blur,C_raw,C_common_not_correct,42,39,3,36,6,0,36,32,4,2,0.8571428571428571,0.8205128205128205,0.09523809523809523,0.8888888888888888,0.6666666666666666,0.2500555087109171,0.9388411804387594,1.8462854875373682,0.7692307692307693,0.8205128205128205
pair,A02_0_illumination_blur,A02,illumination_blur,C_common,all_queries,350,347,3,344,6,0,297,295,2,0,0.8485714285714285,0.8501440922190202,0.005714285714285714,0.9932659932659933,0.0,0.1833609437578939,0.6962030243385559,0.9302025515449737,0.8155619596541787,0.8501440922190202
pair,A02_0_illumination_blur,A02,illumination_blur,C_common,B_failures,83,80,3,77,6,0,41,41,0,0,0.4939759036144578,0.5125,0.0,1.0,0.0,0.1932603130507886,1.002610945144788,1.2492131969448026,0.45,0.5125
pair,A02_0_illumination_blur,A02,illumination_blur,C_common,C_common_not_correct,42,39,3,36,6,0,0,0,0,0,0.0,0.0,0.0,,0.0,,,,0.0,0.0
pair,A02_0_illumination_blur,A02,illumination_blur,C_production,all_queries,350,347,3,41,309,0,41,41,0,0,0.11714285714285715,0.11815561959654179,0.0,1.0,0.0,0.1932603130507886,1.002610945144788,1.2492131969448026,0.1037463976945245,0.11815561959654179
pair,A02_0_illumination_blur,A02,illumination_blur,C_production,B_failures,83,80,3,41,42,0,41,41,0,0,0.4939759036144578,0.5125,0.0,1.0,0.0,0.1932603130507886,1.002610945144788,1.2492131969448026,0.45,0.5125
pair,A02_0_illumination_blur,A02,illumination_blur,C_production,C_common_not_correct,42,39,3,0,42,0,0,0,0,0,0.0,0.0,0.0,,0.0,,,,0.0,0.0
pair,A02_0_illumination_blur,A02,illumination_blur,S_raw,all_queries,350,347,3,350,0,2,350,347,3,3,1.0,1.0,0.008571428571428572,0.9914285714285714,1.0,0.04661204707280095,0.08819953356551852,0.09245343842787249,1.0,1.0
pair,A02_0_illumination_blur,A02,illumination_blur,S_raw,B_failures,83,80,3,83,0,2,83,80,3,3,1.0,1.0,0.03614457831325301,0.963855421686747,1.0,0.06954218964434017,0.09414646165507054,0.11768092481280834,1.0,1.0
pair,A02_0_illumination_blur,A02,illumination_blur,S_raw,C_common_not_correct,42,39,3,42,0,2,42,39,3,3,1.0,1.0,0.07142857142857142,0.9285714285714286,1.0,0.05581212850129437,0.11841528622437825,0.1677097003338784,1.0,1.0
pair,A02_0_illumination_blur,A02,illumination_blur,S_common,all_queries,350,347,3,350,0,2,347,347,0,0,0.9914285714285714,1.0,0.0,1.0,0.0,0.04661204707280095,0.08819953356551852,0.09245343842787249,1.0,1.0
pair,A02_0_illumination_blur,A02,illumination_blur,S_common,B_failures,83,80,3,83,0,2,80,80,0,0,0.963855421686747,1.0,0.0,1.0,0.0,0.06954218964434017,0.09414646165507054,0.11768092481280834,1.0,1.0
pair,A02_0_illumination_blur,A02,illumination_blur,S_common,C_common_not_correct,42,39,3,42,0,2,39,39,0,0,0.9285714285714286,1.0,0.0,1.0,0.0,0.05581212850129437,0.11841528622437825,0.1677097003338784,1.0,1.0
pair,A02_0_outside_occluded,A02,outside_occluded,B,all_queries,350,247,103,73,277,0,73,72,1,0,0.20857142857142857,0.291497975708502,0.002857142857142857,0.9863013698630136,0.0,0.14516010913013858,0.46592777842464256,0.8737683312822261,0.2834008097165992,0.291497975708502
pair,A02_0_outside_occluded,A02,outside_occluded,B,B_failures,277,174,103,0,277,0,0,0,0,0,0.0,0.0,0.0,,0.0,,,,0.0,0.0
pair,A02_0_outside_occluded,A02,outside_occluded,B,C_common_not_correct,113,10,103,0,113,0,0,0,0,0,0.0,0.0,0.0,,0.0,,,,0.0,0.0
pair,A02_0_outside_occluded,A02,outside_occluded,C_raw,all_queries,350,247,103,339,11,5,339,245,94,93,0.9685714285714285,0.9919028340080972,0.26857142857142857,0.7227138643067846,0.9029126213592233,0.12501643089666872,0.3001029326432945,0.5061055539399564,0.979757085020243,0.9919028340080972
pair,A02_0_outside_occluded,A02,outside_occluded,C_raw,B_failures,277,174,103,267,10,5,267,174,93,93,0.9638989169675091,1.0,0.33574007220216606,0.651685393258427,0.9029126213592233,0.1241309411098862,0.23844124622882262,0.40244444014141045,1.0,1.0
pair,A02_0_outside_occluded,A02,outside_occluded,C_raw,C_common_not_correct,113,10,103,103,10,5,103,10,93,93,0.911504424778761,1.0,0.8230088495575221,0.0970873786407767,0.9029126213592233,0.18710360099564954,0.2749045804160987,0.33696597365665215,1.0,1.0
pair,A02_0_outside_occluded,A02,outside_occluded,C_common,all_queries,350,247,103,339,11,5,237,228,9,9,0.6771428571428572,0.9230769230769231,0.025714285714285714,0.9620253164556962,0.08737864077669903,0.12322889517093027,0.26822339289645014,0.5049490221774077,0.9109311740890689,0.9230769230769231
pair,A02_0_outside_occluded,A02,outside_occluded,C_common,B_failures,277,174,103,267,10,5,173,164,9,9,0.6245487364620939,0.9425287356321839,0.032490974729241874,0.9479768786127167,0.08737864077669903,0.12322889517093027,0.23169558831591824,0.4045863720588091,0.9425287356321839,0.9425287356321839
pair,A02_0_outside_occluded,A02,outside_occluded,C_common,C_common_not_correct,113,10,103,103,10,5,9,0,9,9,0.07964601769911504,0.0,0.07964601769911504,0.0,0.08737864077669903,,,,0.0,0.0
pair,A02_0_outside_occluded,A02,outside_occluded,C_production,all_queries,350,247,103,164,186,0,164,163,1,1,0.4685714285714286,0.659919028340081,0.002857142857142857,0.9939024390243902,0.009708737864077669,0.12276978597780865,0.23314590217329315,0.4059877258089461,0.659919028340081,0.659919028340081
pair,A02_0_outside_occluded,A02,outside_occluded,C_production,B_failures,277,174,103,164,113,0,164,163,1,1,0.592057761732852,0.9367816091954023,0.0036101083032490976,0.9939024390243902,0.009708737864077669,0.12276978597780865,0.23314590217329315,0.4059877258089461,0.9367816091954023,0.9367816091954023
pair,A02_0_outside_occluded,A02,outside_occluded,C_production,C_common_not_correct,113,10,103,1,112,0,1,0,1,1,0.008849557522123894,0.0,0.008849557522123894,0.0,0.009708737864077669,,,,0.0,0.0
pair,A02_0_outside_occluded,A02,outside_occluded,S_raw,all_queries,350,247,103,350,0,12,350,247,103,103,1.0,1.0,0.29428571428571426,0.7057142857142857,1.0,0.0686888869453036,0.12361990236635866,0.16351849271155655,1.0,1.0
pair,A02_0_outside_occluded,A02,outside_occluded,S_raw,B_failures,277,174,103,277,0,12,277,174,103,103,1.0,1.0,0.37184115523465705,0.628158844765343,1.0,0.06537655338874798,0.11925123605505819,0.17085472363293164,1.0,1.0
pair,A02_0_outside_occluded,A02,outside_occluded,S_raw,C_common_not_correct,113,10,103,113,0,12,113,10,103,103,1.0,1.0,0.911504424778761,0.08849557522123894,1.0,0.1118662503832398,0.13370659889454736,0.14171831929932172,1.0,1.0
pair,A02_0_outside_occluded,A02,outside_occluded,S_common,all_queries,350,247,103,350,0,12,279,246,33,33,0.7971428571428572,0.9959514170040485,0.09428571428571429,0.8817204301075269,0.32038834951456313,0.06849773113302343,0.122932095784439,0.15120799710486676,0.9959514170040485,0.9959514170040485
pair,A02_0_outside_occluded,A02,outside_occluded,S_common,B_failures,277,174,103,277,0,12,206,173,33,33,0.7436823104693141,0.9942528735632183,0.11913357400722022,0.8398058252427184,0.32038834951456313,0.06533113930842495,0.11857318156773744,0.15769390654628315,0.9942528735632183,0.9942528735632183
pair,A02_0_outside_occluded,A02,outside_occluded,S_common,C_common_not_correct,113,10,103,113,0,12,43,10,33,33,0.3805309734513274,1.0,0.2920353982300885,0.23255813953488372,0.32038834951456313,0.1118662503832398,0.13370659889454736,0.14171831929932172,1.0,1.0
pair,A02_50_small,A02,small,B,all_queries,350,350,0,348,2,0,348,348,0,0,0.9942857142857143,0.9942857142857143,0.0,1.0,,0.02398526462008977,0.052961783088937224,0.05986728554038307,0.9942857142857143,0.9942857142857143
pair,A02_50_small,A02,small,B,B_failures,2,2,0,0,2,0,0,0,0,0,0.0,0.0,0.0,,,,,,0.0,0.0
pair,A02_50_small,A02,small,B,C_common_not_correct,2,2,0,0,2,0,0,0,0,0,0.0,0.0,0.0,,,,,,0.0,0.0
pair,A02_50_small,A02,small,C_raw,all_queries,350,350,0,350,0,0,350,350,0,0,1.0,1.0,0.0,1.0,,0.0256003066056723,0.04947521562202762,0.06166101857908766,1.0,1.0
pair,A02_50_small,A02,small,C_raw,B_failures,2,2,0,2,0,0,2,2,0,0,1.0,1.0,0.0,1.0,,0.026896718365522994,0.0454798572537381,0.04780274961476499,1.0,1.0
pair,A02_50_small,A02,small,C_raw,C_common_not_correct,2,2,0,2,0,0,2,2,0,0,1.0,1.0,0.0,1.0,,0.026896718365522994,0.0454798572537381,0.04780274961476499,1.0,1.0
pair,A02_50_small,A02,small,C_common,all_queries,350,350,0,350,0,0,348,348,0,0,0.9942857142857143,0.9942857142857143,0.0,1.0,,0.0256003066056723,0.04919198652164142,0.06173551839125715,0.9942857142857143,0.9942857142857143
pair,A02_50_small,A02,small,C_common,B_failures,2,2,0,2,0,0,0,0,0,0,0.0,0.0,0.0,,,,,,0.0,0.0
pair,A02_50_small,A02,small,C_common,C_common_not_correct,2,2,0,2,0,0,0,0,0,0,0.0,0.0,0.0,,,,,,0.0,0.0
pair,A02_50_small,A02,small,C_production,all_queries,350,350,0,0,350,0,0,0,0,0,0.0,0.0,0.0,,,,,,0.0,0.0
pair,A02_50_small,A02,small,C_production,B_failures,2,2,0,0,2,0,0,0,0,0,0.0,0.0,0.0,,,,,,0.0,0.0
pair,A02_50_small,A02,small,C_production,C_common_not_correct,2,2,0,0,2,0,0,0,0,0,0.0,0.0,0.0,,,,,,0.0,0.0
pair,A02_50_small,A02,small,S_raw,all_queries,350,350,0,350,0,0,350,350,0,0,1.0,1.0,0.0,1.0,,0.026312338781952636,0.06700129509521287,0.072749338114071,1.0,1.0
pair,A02_50_small,A02,small,S_raw,B_failures,2,2,0,2,0,0,2,2,0,0,1.0,1.0,0.0,1.0,,0.0938905738607548,0.110563975232051,0.11264815040346302,1.0,1.0
pair,A02_50_small,A02,small,S_raw,C_common_not_correct,2,2,0,2,0,0,2,2,0,0,1.0,1.0,0.0,1.0,,0.0938905738607548,0.110563975232051,0.11264815040346302,1.0,1.0
pair,A02_50_small,A02,small,S_common,all_queries,350,350,0,350,0,0,350,350,0,0,1.0,1.0,0.0,1.0,,0.026312338781952636,0.06700129509521287,0.072749338114071,1.0,1.0
pair,A02_50_small,A02,small,S_common,B_failures,2,2,0,2,0,0,2,2,0,0,1.0,1.0,0.0,1.0,,0.0938905738607548,0.110563975232051,0.11264815040346302,1.0,1.0
pair,A02_50_small,A02,small,S_common,C_common_not_correct,2,2,0,2,0,0,2,2,0,0,1.0,1.0,0.0,1.0,,0.0938905738607548,0.110563975232051,0.11264815040346302,1.0,1.0
pair,A02_50_large,A02,large,B,all_queries,350,332,18,32,318,0,32,29,3,0,0.09142857142857143,0.08734939759036145,0.008571428571428572,0.90625,0.0,0.19974994480391922,0.3664809158717795,73.89491634365912,0.08734939759036145,0.08734939759036145
pair,A02_50_large,A02,large,B,B_failures,318,300,18,0,318,0,0,0,0,0,0.0,0.0,0.0,,0.0,,,,0.0,0.0
pair,A02_50_large,A02,large,B,C_common_not_correct,206,188,18,0,206,0,0,0,0,0,0.0,0.0,0.0,,0.0,,,,0.0,0.0
pair,A02_50_large,A02,large,C_raw,all_queries,350,332,18,286,64,2,286,153,133,3,0.8171428571428572,0.4608433734939759,0.38,0.534965034965035,0.16666666666666666,0.4296174752487605,160.94480699412102,217.03958020495878,0.4608433734939759,0.4608433734939759
pair,A02_50_large,A02,large,C_raw,B_failures,318,300,18,257,61,2,257,138,119,3,0.8081761006289309,0.46,0.3742138364779874,0.5369649805447471,0.16666666666666666,0.4248255038673079,189.95442726695276,226.22423229125258,0.46,0.46
pair,A02_50_large,A02,large,C_raw,C_common_not_correct,206,188,18,145,61,2,145,26,119,3,0.7038834951456311,0.13829787234042554,0.5776699029126213,0.1793103448275862,0.16666666666666666,98.65216438237027,217.0395802049589,263.1292934325891,0.13829787234042554,0.13829787234042554
pair,A02_50_large,A02,large,C_common,all_queries,350,332,18,286,64,2,127,127,0,0,0.3628571428571429,0.3825301204819277,0.0,1.0,0.0,0.20124644150102342,0.3905850561173602,0.4753120730148981,0.3825301204819277,0.3825301204819277
pair,A02_50_large,A02,large,C_common,B_failures,318,300,18,257,61,2,112,112,0,0,0.3522012578616352,0.37333333333333335,0.0,1.0,0.0,0.2014480405552338,0.3899400166044226,0.4886299264586509,0.37333333333333335,0.37333333333333335
pair,A02_50_large,A02,large,C_common,C_common_not_correct,206,188,18,145,61,2,0,0,0,0,0.0,0.0,0.0,,0.0,,,,0.0,0.0
pair,A02_50_large,A02,large,C_production,all_queries,350,332,18,111,239,0,111,111,0,0,0.3171428571428571,0.33433734939759036,0.0,1.0,0.0,0.20124644150102342,0.39032200465531935,0.48957379177268756,0.33433734939759036,0.33433734939759036
pair,A02_50_large,A02,large,C_production,B_failures,318,300,18,111,207,0,111,111,0,0,0.3490566037735849,0.37,0.0,1.0,0.0,0.20124644150102342,0.39032200465531935,0.48957379177268756,0.37,0.37
pair,A02_50_large,A02,large,C_production,C_common_not_correct,206,188,18,0,206,0,0,0,0,0,0.0,0.0,0.0,,0.0,,,,0.0,0.0
pair,A02_50_large,A02,large,S_raw,all_queries,350,332,18,350,0,13,350,332,18,18,1.0,1.0,0.05142857142857143,0.9485714285714286,1.0,0.09570991059632661,0.20550587836234394,0.2801577961775442,1.0,1.0
pair,A02_50_large,A02,large,S_raw,B_failures,318,300,18,318,0,13,318,300,18,18,1.0,1.0,0.05660377358490566,0.9433962264150944,1.0,0.09701654243728336,0.22523829416526805,0.29300238815207935,1.0,1.0
pair,A02_50_large,A02,large,S_raw,C_common_not_correct,206,188,18,206,0,13,206,188,18,18,1.0,1.0,0.08737864077669903,0.912621359223301,1.0,0.10592017728363345,0.2582987478918885,0.37897173834816844,1.0,1.0
pair,A02_50_large,A02,large,S_common,all_queries,350,332,18,350,0,13,332,332,0,0,0.9485714285714286,1.0,0.0,1.0,0.0,0.09570991059632661,0.20550587836234394,0.2801577961775442,1.0,1.0
pair,A02_50_large,A02,large,S_common,B_failures,318,300,18,318,0,13,300,300,0,0,0.9433962264150944,1.0,0.0,1.0,0.0,0.09701654243728336,0.22523829416526805,0.29300238815207935,1.0,1.0
pair,A02_50_large,A02,large,S_common,C_common_not_correct,206,188,18,206,0,13,188,188,0,0,0.912621359223301,1.0,0.0,1.0,0.0,0.10592017728363345,0.2582987478918885,0.37897173834816844,1.0,1.0
pair,A02_50_illumination_blur,A02,illumination_blur,B,all_queries,350,348,2,277,73,0,277,276,1,0,0.7914285714285715,0.7931034482758621,0.002857142857142857,0.9963898916967509,0.0,0.233902465035455,0.7032762683634204,1.1497799101381272,0.75,0.7931034482758621
pair,A02_50_illumination_blur,A02,illumination_blur,B,B_failures,73,71,2,0,73,0,0,0,0,0,0.0,0.0,0.0,,0.0,,,,0.0,0.0
pair,A02_50_illumination_blur,A02,illumination_blur,B,C_common_not_correct,29,27,2,0,29,0,0,0,0,0,0.0,0.0,0.0,,0.0,,,,0.0,0.0
pair,A02_50_illumination_blur,A02,illumination_blur,C_raw,all_queries,350,348,2,349,1,0,349,347,2,2,0.9971428571428571,0.9971264367816092,0.005714285714285714,0.994269340974212,1.0,0.17266060595558635,0.517362985687561,0.7484350769121143,0.9655172413793104,0.9971264367816092
pair,A02_50_illumination_blur,A02,illumination_blur,C_raw,B_failures,73,71,2,72,1,0,72,70,2,2,0.9863013698630136,0.9859154929577465,0.0273972602739726,0.9722222222222222,1.0,0.12831018826485552,0.2638735914399082,0.39758834748283134,0.971830985915493,0.9859154929577465
pair,A02_50_illumination_blur,A02,illumination_blur,C_raw,C_common_not_correct,29,27,2,28,1,0,28,26,2,2,0.9655172413793104,0.9629629629629629,0.06896551724137931,0.9285714285714286,1.0,0.16228647859608192,0.2597670195391979,0.34422084420297394,0.9629629629629629,0.9629629629629629
pair,A02_50_illumination_blur,A02,illumination_blur,C_common,all_queries,350,348,2,349,1,0,295,294,1,1,0.8428571428571429,0.8448275862068966,0.002857142857142857,0.9966101694915255,0.5,0.18088302555136332,0.5413936377444564,0.7949264199222776,0.8160919540229885,0.8448275862068966
pair,A02_50_illumination_blur,A02,illumination_blur,C_common,B_failures,73,71,2,72,1,0,45,44,1,1,0.6164383561643836,0.6197183098591549,0.0136986301369863,0.9777777777777777,0.5,0.11389874508470746,0.27518822754289884,0.48560296709085743,0.6056338028169014,0.6197183098591549
pair,A02_50_illumination_blur,A02,illumination_blur,C_common,C_common_not_correct,29,27,2,28,1,0,1,0,1,1,0.034482758620689655,0.0,0.034482758620689655,0.0,0.5,,,,0.0,0.0
pair,A02_50_illumination_blur,A02,illumination_blur,C_production,all_queries,350,348,2,45,305,0,45,44,1,1,0.12857142857142856,0.12643678160919541,0.002857142857142857,0.9777777777777777,0.5,0.11389874508470746,0.27518822754289884,0.48560296709085743,0.1235632183908046,0.12643678160919541
pair,A02_50_illumination_blur,A02,illumination_blur,C_production,B_failures,73,71,2,45,28,0,45,44,1,1,0.6164383561643836,0.6197183098591549,0.0136986301369863,0.9777777777777777,0.5,0.11389874508470746,0.27518822754289884,0.48560296709085743,0.6056338028169014,0.6197183098591549
pair,A02_50_illumination_blur,A02,illumination_blur,C_production,C_common_not_correct,29,27,2,1,28,0,1,0,1,1,0.034482758620689655,0.0,0.034482758620689655,0.0,0.5,,,,0.0,0.0
pair,A02_50_illumination_blur,A02,illumination_blur,S_raw,all_queries,350,348,2,350,0,0,350,348,2,2,1.0,1.0,0.005714285714285714,0.9942857142857143,1.0,0.03547068595443145,0.1208110641664344,0.1478597095943043,1.0,1.0
pair,A02_50_illumination_blur,A02,illumination_blur,S_raw,B_failures,73,71,2,73,0,0,73,71,2,2,1.0,1.0,0.0273972602739726,0.9726027397260274,1.0,0.09617914517487076,0.15929374505024688,0.1684252714750039,1.0,1.0
pair,A02_50_illumination_blur,A02,illumination_blur,S_raw,C_common_not_correct,29,27,2,29,0,0,29,27,2,2,1.0,1.0,0.06896551724137931,0.9310344827586207,1.0,0.0450097915719331,0.09855672897498416,0.111582955642462,1.0,1.0
pair,A02_50_illumination_blur,A02,illumination_blur,S_common,all_queries,350,348,2,350,0,0,348,348,0,0,0.9942857142857143,1.0,0.0,1.0,0.0,0.03547068595443145,0.1208110641664344,0.1478597095943043,1.0,1.0
pair,A02_50_illumination_blur,A02,illumination_blur,S_common,B_failures,73,71,2,73,0,0,71,71,0,0,0.9726027397260274,1.0,0.0,1.0,0.0,0.09617914517487076,0.15929374505024688,0.1684252714750039,1.0,1.0
pair,A02_50_illumination_blur,A02,illumination_blur,S_common,C_common_not_correct,29,27,2,29,0,0,27,27,0,0,0.9310344827586207,1.0,0.0,1.0,0.0,0.0450097915719331,0.09855672897498416,0.111582955642462,1.0,1.0
pair,A02_50_outside_occluded,A02,outside_occluded,B,all_queries,350,259,91,41,309,0,41,37,4,1,0.11714285714285715,0.14285714285714285,0.011428571428571429,0.9024390243902439,0.01098901098901099,0.12666157814614903,0.4412821701987449,47.062486988274465,0.14285714285714285,0.14285714285714285
pair,A02_50_outside_occluded,A02,outside_occluded,B,B_failures,309,219,90,0,309,0,0,0,0,0,0.0,0.0,0.0,,0.0,,,,0.0,0.0
pair,A02_50_outside_occluded,A02,outside_occluded,B,C_common_not_correct,105,15,90,0,105,0,0,0,0,0,0.0,0.0,0.0,,0.0,,,,0.0,0.0
pair,A02_50_outside_occluded,A02,outside_occluded,C_raw,all_queries,350,259,91,345,5,0,345,249,96,87,0.9857142857142858,0.9613899613899614,0.2742857142857143,0.7217391304347827,0.9560439560439561,0.11452337783847956,0.2820857009571472,0.44095201726275285,0.9575289575289575,0.9613899613899614
pair,A02_50_outside_occluded,A02,outside_occluded,C_raw,B_failures,309,219,90,304,5,0,304,209,95,86,0.9838187702265372,0.954337899543379,0.3074433656957929,0.6875,0.9555555555555556,0.11639942325895064,0.2768530857620931,0.5941899188743391,0.9497716894977168,0.954337899543379
pair,A02_50_outside_occluded,A02,outside_occluded,C_raw,C_common_not_correct,105,15,90,100,5,0,100,5,95,86,0.9523809523809523,0.3333333333333333,0.9047619047619048,0.05,0.9555555555555556,60.97841332984923,108.42296568796871,121.11792784103582,0.3333333333333333,0.3333333333333333
pair,A02_50_outside_occluded,A02,outside_occluded,C_common,all_queries,350,259,91,345,5,0,253,242,11,11,0.7228571428571429,0.9343629343629344,0.03142857142857143,0.9565217391304348,0.12087912087912088,0.10752410596376494,0.24954160620332663,0.3225493621536538,0.9305019305019305,0.9343629343629344
pair,A02_50_outside_occluded,A02,outside_occluded,C_common,B_failures,309,219,90,304,5,0,214,204,10,10,0.6925566343042071,0.9315068493150684,0.032362459546925564,0.9532710280373832,0.1111111111111111,0.10717394699902169,0.24946013581807705,0.32105527008349716,0.9269406392694064,0.9315068493150684
pair,A02_50_outside_occluded,A02,outside_occluded,C_common,C_common_not_correct,105,15,90,100,5,0,10,0,10,10,0.09523809523809523,0.0,0.09523809523809523,0.0,0.1111111111111111,,,,0.0,0.0
pair,A02_50_outside_occluded,A02,outside_occluded,C_production,all_queries,350,259,91,203,147,0,203,202,1,1,0.58,0.7799227799227799,0.002857142857142857,0.9950738916256158,0.01098901098901099,0.10717394699902169,0.24954160620332663,0.324916513800111,0.7760617760617761,0.7799227799227799
pair,A02_50_outside_occluded,A02,outside_occluded,C_production,B_failures,309,219,90,203,106,0,203,202,1,1,0.656957928802589,0.9223744292237442,0.003236245954692557,0.9950738916256158,0.011111111111111112,0.10717394699902169,0.24954160620332663,0.324916513800111,0.9178082191780822,0.9223744292237442
pair,A02_50_outside_occluded,A02,outside_occluded,C_production,C_common_not_correct,105,15,90,1,104,0,1,0,1,1,0.009523809523809525,0.0,0.009523809523809525,0.0,0.011111111111111112,,,,0.0,0.0
pair,A02_50_outside_occluded,A02,outside_occluded,S_raw,all_queries,350,259,91,350,0,3,350,259,91,91,1.0,1.0,0.26,0.74,1.0,0.061959296745486,0.12560017978772223,0.16414029582671222,1.0,1.0
pair,A02_50_outside_occluded,A02,outside_occluded,S_raw,B_failures,309,219,90,309,0,3,309,219,90,90,1.0,1.0,0.2912621359223301,0.7087378640776699,1.0,0.05956574245076515,0.12652010060851504,0.16713093190718903,1.0,1.0
pair,A02_50_outside_occluded,A02,outside_occluded,S_raw,C_common_not_correct,105,15,90,105,0,3,105,15,90,90,1.0,1.0,0.8571428571428571,0.14285714285714285,1.0,0.08710150948572715,0.1984594399706039,0.20172339016824484,1.0,1.0
pair,A02_50_outside_occluded,A02,outside_occluded,S_common,all_queries,350,259,91,350,0,3,317,259,58,58,0.9057142857142857,1.0,0.1657142857142857,0.8170347003154574,0.6373626373626373,0.061959296745486,0.12560017978772223,0.16414029582671222,1.0,1.0
pair,A02_50_outside_occluded,A02,outside_occluded,S_common,B_failures,309,219,90,309,0,3,276,219,57,57,0.8932038834951457,1.0,0.18446601941747573,0.7934782608695652,0.6333333333333333,0.05956574245076515,0.12652010060851504,0.16713093190718903,1.0,1.0
pair,A02_50_outside_occluded,A02,outside_occluded,S_common,C_common_not_correct,105,15,90,105,0,3,72,15,57,57,0.6857142857142857,1.0,0.5428571428571428,0.20833333333333334,0.6333333333333333,0.08710150948572715,0.1984594399706039,0.20172339016824484,1.0,1.0
pair,A02_100_small,A02,small,B,all_queries,350,348,2,348,2,0,348,348,0,0,0.9942857142857143,1.0,0.0,1.0,0.0,0.027222102775917537,0.056112929951624826,0.06293335759525116,1.0,1.0
pair,A02_100_small,A02,small,B,B_failures,2,0,2,0,2,0,0,0,0,0,0.0,,0.0,,0.0,,,,,
pair,A02_100_small,A02,small,B,C_common_not_correct,2,0,2,0,2,0,0,0,0,0,0.0,,0.0,,0.0,,,,,
pair,A02_100_small,A02,small,C_raw,all_queries,350,348,2,350,0,0,350,348,2,2,1.0,1.0,0.005714285714285714,0.9942857142857143,1.0,0.026066143714012807,0.05018009727323712,0.059455052416988695,1.0,1.0
pair,A02_100_small,A02,small,C_raw,B_failures,2,0,2,2,0,0,2,0,2,2,1.0,,1.0,0.0,1.0,,,,,
pair,A02_100_small,A02,small,C_raw,C_common_not_correct,2,0,2,2,0,0,2,0,2,2,1.0,,1.0,0.0,1.0,,,,,
pair,A02_100_small,A02,small,C_common,all_queries,350,348,2,350,0,0,348,348,0,0,0.9942857142857143,1.0,0.0,1.0,0.0,0.026066143714012807,0.05018009727323712,0.059455052416988695,1.0,1.0
pair,A02_100_small,A02,small,C_common,B_failures,2,0,2,2,0,0,0,0,0,0,0.0,,0.0,,0.0,,,,,
pair,A02_100_small,A02,small,C_common,C_common_not_correct,2,0,2,2,0,0,0,0,0,0,0.0,,0.0,,0.0,,,,,
pair,A02_100_small,A02,small,C_production,all_queries,350,348,2,0,350,0,0,0,0,0,0.0,0.0,0.0,,0.0,,,,0.0,0.0
pair,A02_100_small,A02,small,C_production,B_failures,2,0,2,0,2,0,0,0,0,0,0.0,,0.0,,0.0,,,,,
pair,A02_100_small,A02,small,C_production,C_common_not_correct,2,0,2,0,2,0,0,0,0,0,0.0,,0.0,,0.0,,,,,
pair,A02_100_small,A02,small,S_raw,all_queries,350,348,2,350,0,0,350,348,2,2,1.0,1.0,0.005714285714285714,0.9942857142857143,1.0,0.016871159962297273,0.04389381776268527,0.05564165000556722,1.0,1.0
pair,A02_100_small,A02,small,S_raw,B_failures,2,0,2,2,0,0,2,0,2,2,1.0,,1.0,0.0,1.0,,,,,
pair,A02_100_small,A02,small,S_raw,C_common_not_correct,2,0,2,2,0,0,2,0,2,2,1.0,,1.0,0.0,1.0,,,,,
pair,A02_100_small,A02,small,S_common,all_queries,350,348,2,350,0,0,348,348,0,0,0.9942857142857143,1.0,0.0,1.0,0.0,0.016871159962297273,0.04389381776268527,0.05564165000556722,1.0,1.0
pair,A02_100_small,A02,small,S_common,B_failures,2,0,2,2,0,0,0,0,0,0,0.0,,0.0,,0.0,,,,,
pair,A02_100_small,A02,small,S_common,C_common_not_correct,2,0,2,2,0,0,0,0,0,0,0.0,,0.0,,0.0,,,,,
pair,A02_100_large,A02,large,B,all_queries,350,335,15,24,326,0,24,23,1,0,0.06857142857142857,0.06865671641791045,0.002857142857142857,0.9583333333333334,0.0,0.18217987470353825,0.2921616022188772,0.38364830063307237,0.06865671641791045,0.06865671641791045
pair,A02_100_large,A02,large,B,B_failures,326,311,15,0,326,0,0,0,0,0,0.0,0.0,0.0,,0.0,,,,0.0,0.0
pair,A02_100_large,A02,large,B,C_common_not_correct,186,171,15,0,186,0,0,0,0,0,0.0,0.0,0.0,,0.0,,,,0.0,0.0
pair,A02_100_large,A02,large,C_raw,all_queries,350,335,15,332,18,3,332,317,15,4,0.9485714285714286,0.9462686567164179,0.04285714285714286,0.9548192771084337,0.26666666666666666,0.2104745502308078,0.4179107031780393,0.5167436104271025,0.9462686567164179,0.9462686567164179
pair,A02_100_large,A02,large,C_raw,B_failures,326,311,15,308,18,3,308,293,15,4,0.9447852760736196,0.9421221864951769,0.046012269938650305,0.9512987012987013,0.26666666666666666,0.210837329591116,0.4273921476973459,0.5405885958160502,0.9421221864951769,0.9421221864951769
pair,A02_100_large,A02,large,C_raw,C_common_not_correct,186,171,15,168,18,3,168,153,15,4,0.9032258064516129,0.8947368421052632,0.08064516129032258,0.9107142857142857,0.26666666666666666,0.21058275887388328,0.45759271642676985,101.73736903296884,0.8947368421052632,0.8947368421052632
pair,A02_100_large,A02,large,C_common,all_queries,350,335,15,332,18,3,155,155,0,0,0.44285714285714284,0.4626865671641791,0.0,1.0,0.0,0.21141537084724188,0.3984073816866781,0.46040481225861324,0.4626865671641791,0.4626865671641791
pair,A02_100_large,A02,large,C_common,B_failures,326,311,15,308,18,3,140,140,0,0,0.4294478527607362,0.45016077170418006,0.0,1.0,0.0,0.210837329591116,0.3990010642081196,0.4635667131569162,0.45016077170418006,0.45016077170418006
pair,A02_100_large,A02,large,C_common,C_common_not_correct,186,171,15,168,18,3,0,0,0,0,0.0,0.0,0.0,,0.0,,,,0.0,0.0
pair,A02_100_large,A02,large,C_production,all_queries,350,335,15,140,210,0,140,140,0,0,0.4,0.417910447761194,0.0,1.0,0.0,0.210837329591116,0.3990010642081196,0.4635667131569162,0.417910447761194,0.417910447761194
pair,A02_100_large,A02,large,C_production,B_failures,326,311,15,140,186,0,140,140,0,0,0.4294478527607362,0.45016077170418006,0.0,1.0,0.0,0.210837329591116,0.3990010642081196,0.4635667131569162,0.45016077170418006,0.45016077170418006
pair,A02_100_large,A02,large,C_production,C_common_not_correct,186,171,15,0,186,0,0,0,0,0,0.0,0.0,0.0,,0.0,,,,0.0,0.0
pair,A02_100_large,A02,large,S_raw,all_queries,350,335,15,350,0,12,350,335,15,15,1.0,1.0,0.04285714285714286,0.9571428571428572,1.0,0.10082274612258918,0.18078464166728447,0.2702178050064457,1.0,1.0
pair,A02_100_large,A02,large,S_raw,B_failures,326,311,15,326,0,12,326,311,15,15,1.0,1.0,0.046012269938650305,0.9539877300613497,1.0,0.1008443887066011,0.18844400764997415,0.30449933870304713,1.0,1.0
pair,A02_100_large,A02,large,S_raw,C_common_not_correct,186,171,15,186,0,12,186,171,15,15,1.0,1.0,0.08064516129032258,0.9193548387096774,1.0,0.10665185111109295,0.22987945020661568,0.37233338357448553,1.0,1.0
pair,A02_100_large,A02,large,S_common,all_queries,350,335,15,350,0,12,336,335,1,1,0.96,1.0,0.002857142857142857,0.9970238095238095,0.06666666666666667,0.10082274612258918,0.18078464166728447,0.2702178050064457,1.0,1.0
pair,A02_100_large,A02,large,S_common,B_failures,326,311,15,326,0,12,312,311,1,1,0.9570552147239264,1.0,0.003067484662576687,0.9967948717948718,0.06666666666666667,0.1008443887066011,0.18844400764997415,0.30449933870304713,1.0,1.0
pair,A02_100_large,A02,large,S_common,C_common_not_correct,186,171,15,186,0,12,172,171,1,1,0.9247311827956989,1.0,0.005376344086021506,0.9941860465116279,0.06666666666666667,0.10665185111109295,0.22987945020661568,0.37233338357448553,1.0,1.0
pair,A02_100_illumination_blur,A02,illumination_blur,B,all_queries,350,349,1,275,75,0,275,275,0,0,0.7857142857142857,0.7879656160458453,0.0,1.0,0.0,0.24364134165634524,0.715164337477783,0.9406299748772183,0.7535816618911175,0.7879656160458453
pair,A02_100_illumination_blur,A02,illumination_blur,B,B_failures,75,74,1,0,75,0,0,0,0,0,0.0,0.0,0.0,,0.0,,,,0.0,0.0
pair,A02_100_illumination_blur,A02,illumination_blur,B,C_common_not_correct,53,52,1,0,53,0,0,0,0,0,0.0,0.0,0.0,,0.0,,,,0.0,0.0
pair,A02_100_illumination_blur,A02,illumination_blur,C_raw,all_queries,350,349,1,348,2,1,348,344,4,1,0.9942857142857143,0.9856733524355301,0.011428571428571429,0.9885057471264368,1.0,0.18860610370939832,0.585346727246415,0.8657670579781037,0.9656160458452722,0.9856733524355301
pair,A02_100_illumination_blur,A02,illumination_blur,C_raw,B_failures,75,74,1,74,1,1,74,71,3,1,0.9866666666666667,0.9594594594594594,0.04,0.9594594594594594,1.0,0.18685786682716743,0.6950524241959524,1.1019173283765267,0.9324324324324325,0.9594594594594594
pair,A02_100_illumination_blur,A02,illumination_blur,C_raw,C_common_not_correct,53,52,1,52,1,1,52,49,3,1,0.9811320754716981,0.9423076923076923,0.05660377358490566,0.9423076923076923,1.0,0.18685786682716743,0.3885604474178628,0.7609153177382855,0.9423076923076923,0.9423076923076923
pair,A02_100_illumination_blur,A02,illumination_blur,C_common,all_queries,350,349,1,348,2,1,278,276,2,0,0.7942857142857143,0.7908309455587392,0.005714285714285714,0.9928057553956835,0.0,0.1943199856509193,0.6271633384214671,0.8893429391622165,0.7707736389684814,0.7908309455587392
pair,A02_100_illumination_blur,A02,illumination_blur,C_common,B_failures,75,74,1,74,1,1,24,22,2,0,0.32,0.2972972972972973,0.02666666666666667,0.9166666666666666,0.0,0.22527004534416548,1.7387602149512775,2.052502186892479,0.2702702702702703,0.2972972972972973
pair,A02_100_illumination_blur,A02,illumination_blur,C_common,C_common_not_correct,53,52,1,52,1,1,2,0,2,0,0.03773584905660377,0.0,0.03773584905660377,0.0,0.0,2.2841498328222425,2.4515668185367887,2.472493941751107,0.0,0.0
pair,A02_100_illumination_blur,A02,illumination_blur,C_production,all_queries,350,349,1,23,327,0,23,22,1,0,0.06571428571428571,0.06303724928366762,0.002857142857142857,0.9565217391304348,0.0,0.22468163691404044,1.2247980978483215,1.863388410829439,0.05730659025787966,0.06303724928366762
pair,A02_100_illumination_blur,A02,illumination_blur,C_production,B_failures,75,74,1,23,52,0,23,22,1,0,0.30666666666666664,0.2972972972972973,0.013333333333333334,0.9565217391304348,0.0,0.22468163691404044,1.2247980978483215,1.863388410829439,0.2702702702702703,0.2972972972972973
pair,A02_100_illumination_blur,A02,illumination_blur,C_production,C_common_not_correct,53,52,1,1,52,0,1,0,1,0,0.018867924528301886,0.0,0.018867924528301886,0.0,0.0,2.0748786006790603,2.0748786006790603,2.0748786006790603,0.0,0.0
pair,A02_100_illumination_blur,A02,illumination_blur,S_raw,all_queries,350,349,1,350,0,1,350,349,1,1,1.0,1.0,0.002857142857142857,0.9971428571428571,1.0,0.04677577426363749,0.11799038134953009,0.1456331938622336,1.0,1.0
pair,A02_100_illumination_blur,A02,illumination_blur,S_raw,B_failures,75,74,1,75,0,1,75,74,1,1,1.0,1.0,0.013333333333333334,0.9866666666666667,1.0,0.06454559080535682,0.15201015639489043,0.1732404622599148,1.0,1.0
pair,A02_100_illumination_blur,A02,illumination_blur,S_raw,C_common_not_correct,53,52,1,53,0,1,53,52,1,1,1.0,1.0,0.018867924528301886,0.9811320754716981,1.0,0.06426446251989514,0.1538034373447368,0.17345435769192044,1.0,1.0
pair,A02_100_illumination_blur,A02,illumination_blur,S_common,all_queries,350,349,1,350,0,1,349,349,0,0,0.9971428571428571,1.0,0.0,1.0,0.0,0.04677577426363749,0.11799038134953009,0.1456331938622336,1.0,1.0
pair,A02_100_illumination_blur,A02,illumination_blur,S_common,B_failures,75,74,1,75,0,1,74,74,0,0,0.9866666666666667,1.0,0.0,1.0,0.0,0.06454559080535682,0.15201015639489043,0.1732404622599148,1.0,1.0
pair,A02_100_illumination_blur,A02,illumination_blur,S_common,C_common_not_correct,53,52,1,53,0,1,52,52,0,0,0.9811320754716981,1.0,0.0,1.0,0.0,0.06426446251989514,0.1538034373447368,0.17345435769192044,1.0,1.0
pair,A02_100_outside_occluded,A02,outside_occluded,B,all_queries,350,258,92,37,313,0,37,36,1,0,0.10571428571428572,0.13953488372093023,0.002857142857142857,0.972972972972973,0.0,0.14019605342519703,0.30719045236954023,0.6292010363333451,0.13953488372093023,0.13953488372093023
pair,A02_100_outside_occluded,A02,outside_occluded,B,B_failures,313,221,92,0,313,0,0,0,0,0,0.0,0.0,0.0,,0.0,,,,0.0,0.0
pair,A02_100_outside_occluded,A02,outside_occluded,B,C_common_not_correct,124,32,92,0,124,0,0,0,0,0,0.0,0.0,0.0,,0.0,,,,0.0,0.0
pair,A02_100_outside_occluded,A02,outside_occluded,C_raw,all_queries,350,258,92,347,3,2,347,235,112,89,0.9914285714285714,0.9108527131782945,0.32,0.6772334293948127,0.967391304347826,0.12270434688986259,0.5403426477255062,169.50763786803589,0.9069767441860465,0.9108527131782945
pair,A02_100_outside_occluded,A02,outside_occluded,C_raw,B_failures,313,221,92,310,3,2,310,199,111,89,0.9904153354632588,0.9004524886877828,0.3546325878594249,0.6419354838709678,0.967391304347826,0.12074431455862712,1.2842369556461466,173.9373293141395,0.8959276018099548,0.9004524886877828
pair,A02_100_outside_occluded,A02,outside_occluded,C_raw,C_common_not_correct,124,32,92,121,3,2,121,10,111,89,0.9758064516129032,0.3125,0.8951612903225806,0.08264462809917356,0.967391304347826,148.04942543773143,204.9150973807324,221.28731326758142,0.28125,0.3125
pair,A02_100_outside_occluded,A02,outside_occluded,C_common,all_queries,350,258,92,347,3,2,231,224,7,7,0.66,0.8682170542635659,0.02,0.9696969696969697,0.07608695652173914,0.1143072474914806,0.245241850703573,0.29071976881224454,0.8682170542635659,0.8682170542635659
pair,A02_100_outside_occluded,A02,outside_occluded,C_common,B_failures,313,221,92,310,3,2,196,189,7,7,0.6261980830670927,0.8552036199095022,0.022364217252396165,0.9642857142857143,0.07608695652173914,0.11222492992332374,0.2167944437103981,0.26441245468097535,0.8552036199095022,0.8552036199095022
pair,A02_100_outside_occluded,A02,outside_occluded,C_common,C_common_not_correct,124,32,92,121,3,2,7,0,7,7,0.056451612903225805,0.0,0.056451612903225805,0.0,0.07608695652173914,,,,0.0,0.0
pair,A02_100_outside_occluded,A02,outside_occluded,C_production,all_queries,350,258,92,188,162,0,188,188,0,0,0.5371428571428571,0.7286821705426356,0.0,1.0,0.0,0.1122240988724712,0.21698148160456826,0.2646392538695152,0.7286821705426356,0.7286821705426356
pair,A02_100_outside_occluded,A02,outside_occluded,C_production,B_failures,313,221,92,188,125,0,188,188,0,0,0.6006389776357828,0.8506787330316742,0.0,1.0,0.0,0.1122240988724712,0.21698148160456826,0.2646392538695152,0.8506787330316742,0.8506787330316742
pair,A02_100_outside_occluded,A02,outside_occluded,C_production,C_common_not_correct,124,32,92,0,124,0,0,0,0,0,0.0,0.0,0.0,,0.0,,,,0.0,0.0
pair,A02_100_outside_occluded,A02,outside_occluded,S_raw,all_queries,350,258,92,350,0,7,350,258,92,92,1.0,1.0,0.26285714285714284,0.7371428571428571,1.0,0.05278590905517644,0.11499887948047084,0.13255835884864428,1.0,1.0
pair,A02_100_outside_occluded,A02,outside_occluded,S_raw,B_failures,313,221,92,313,0,7,313,221,92,92,1.0,1.0,0.2939297124600639,0.7060702875399361,1.0,0.05138404521684735,0.11731079020958626,0.13315873039544335,1.0,1.0
pair,A02_100_outside_occluded,A02,outside_occluded,S_raw,C_common_not_correct,124,32,92,124,0,7,124,32,92,92,1.0,1.0,0.7419354838709677,0.25806451612903225,1.0,0.09544592014346442,0.12561885731600816,0.13561721029499693,1.0,1.0
pair,A02_100_outside_occluded,A02,outside_occluded,S_common,all_queries,350,258,92,350,0,7,335,258,77,77,0.9571428571428572,1.0,0.22,0.7701492537313432,0.8369565217391305,0.05278590905517644,0.11499887948047084,0.13255835884864428,1.0,1.0
pair,A02_100_outside_occluded,A02,outside_occluded,S_common,B_failures,313,221,92,313,0,7,298,221,77,77,0.952076677316294,1.0,0.24600638977635783,0.7416107382550335,0.8369565217391305,0.05138404521684735,0.11731079020958626,0.13315873039544335,1.0,1.0
pair,A02_100_outside_occluded,A02,outside_occluded,S_common,C_common_not_correct,124,32,92,124,0,7,109,32,77,77,0.8790322580645161,1.0,0.6209677419354839,0.29357798165137616,0.8369565217391305,0.09544592014346442,0.12561885731600816,0.13561721029499693,1.0,1.0
pair,A02_150_small,A02,small,B,all_queries,350,349,1,348,2,0,348,348,0,0,0.9942857142857143,0.997134670487106,0.0,1.0,0.0,0.025832554448676173,0.050443888437725855,0.05972078649321797,0.997134670487106,0.997134670487106
pair,A02_150_small,A02,small,B,B_failures,2,1,1,0,2,0,0,0,0,0,0.0,0.0,0.0,,0.0,,,,0.0,0.0
pair,A02_150_small,A02,small,B,C_common_not_correct,2,1,1,0,2,0,0,0,0,0,0.0,0.0,0.0,,0.0,,,,0.0,0.0
pair,A02_150_small,A02,small,C_raw,all_queries,350,349,1,350,0,0,350,349,1,1,1.0,1.0,0.002857142857142857,0.9971428571428571,1.0,0.025943955674964443,0.0522786109764198,0.0605920550937557,1.0,1.0
pair,A02_150_small,A02,small,C_raw,B_failures,2,1,1,2,0,0,2,1,1,1,1.0,1.0,0.5,0.5,1.0,0.009948892109401275,0.009948892109401275,0.009948892109401275,1.0,1.0
pair,A02_150_small,A02,small,C_raw,C_common_not_correct,2,1,1,2,0,0,2,1,1,1,1.0,1.0,0.5,0.5,1.0,0.009948892109401275,0.009948892109401275,0.009948892109401275,1.0,1.0
pair,A02_150_small,A02,small,C_common,all_queries,350,349,1,350,0,0,346,346,0,0,0.9885714285714285,0.9914040114613181,0.0,1.0,0.0,0.025864826109495906,0.05207669938078354,0.06022397780151697,0.9914040114613181,0.9914040114613181
pair,A02_150_small,A02,small,C_common,B_failures,2,1,1,2,0,0,0,0,0,0,0.0,0.0,0.0,,0.0,,,,0.0,0.0
pair,A02_150_small,A02,small,C_common,C_common_not_correct,2,1,1,2,0,0,0,0,0,0,0.0,0.0,0.0,,0.0,,,,0.0,0.0
pair,A02_150_small,A02,small,C_production,all_queries,350,349,1,0,350,0,0,0,0,0,0.0,0.0,0.0,,0.0,,,,0.0,0.0
pair,A02_150_small,A02,small,C_production,B_failures,2,1,1,0,2,0,0,0,0,0,0.0,0.0,0.0,,0.0,,,,0.0,0.0
pair,A02_150_small,A02,small,C_production,C_common_not_correct,2,1,1,0,2,0,0,0,0,0,0.0,0.0,0.0,,0.0,,,,0.0,0.0
pair,A02_150_small,A02,small,S_raw,all_queries,350,349,1,350,0,0,350,349,1,1,1.0,1.0,0.002857142857142857,0.9971428571428571,1.0,0.02428656654118392,0.04295921313038053,0.04599488268645748,1.0,1.0
pair,A02_150_small,A02,small,S_raw,B_failures,2,1,1,2,0,0,2,1,1,1,1.0,1.0,0.5,0.5,1.0,0.032018591201207015,0.032018591201207015,0.032018591201207015,1.0,1.0
pair,A02_150_small,A02,small,S_raw,C_common_not_correct,2,1,1,2,0,0,2,1,1,1,1.0,1.0,0.5,0.5,1.0,0.032018591201207015,0.032018591201207015,0.032018591201207015,1.0,1.0
pair,A02_150_small,A02,small,S_common,all_queries,350,349,1,350,0,0,349,349,0,0,0.9971428571428571,1.0,0.0,1.0,0.0,0.02428656654118392,0.04295921313038053,0.04599488268645748,1.0,1.0
pair,A02_150_small,A02,small,S_common,B_failures,2,1,1,2,0,0,1,1,0,0,0.5,1.0,0.0,1.0,0.0,0.032018591201207015,0.032018591201207015,0.032018591201207015,1.0,1.0
pair,A02_150_small,A02,small,S_common,C_common_not_correct,2,1,1,2,0,0,1,1,0,0,0.5,1.0,0.0,1.0,0.0,0.032018591201207015,0.032018591201207015,0.032018591201207015,1.0,1.0
pair,A02_150_large,A02,large,B,all_queries,350,328,22,8,342,0,8,7,1,0,0.022857142857142857,0.021341463414634148,0.002857142857142857,0.875,0.0,0.1346439218017373,30.108786278575842,64.58363556505023,0.021341463414634148,0.021341463414634148
pair,A02_150_large,A02,large,B,B_failures,342,320,22,0,342,0,0,0,0,0,0.0,0.0,0.0,,0.0,,,,0.0,0.0
pair,A02_150_large,A02,large,B,C_common_not_correct,188,166,22,0,188,0,0,0,0,0,0.0,0.0,0.0,,0.0,,,,0.0,0.0
pair,A02_150_large,A02,large,C_raw,all_queries,350,328,22,322,28,2,322,312,10,5,0.92,0.9512195121951219,0.02857142857142857,0.968944099378882,0.22727272727272727,0.22044033370885402,0.39917514329933307,0.5016442377753241,0.9512195121951219,0.9512195121951219
pair,A02_150_large,A02,large,C_raw,B_failures,342,320,22,314,28,2,314,304,10,5,0.9181286549707602,0.95,0.029239766081871343,0.9681528662420382,0.22727272727272727,0.2200007675090649,0.3998335169213943,0.5017521844339156,0.95,0.95
pair,A02_150_large,A02,large,C_raw,C_common_not_correct,188,166,22,160,28,2,160,150,10,5,0.851063829787234,0.9036144578313253,0.05319148936170213,0.9375,0.22727272727272727,0.21103578999851955,0.3855983628396897,0.6659366060107118,0.9036144578313253,0.9036144578313253
pair,A02_150_large,A02,large,C_common,all_queries,350,328,22,322,28,2,156,156,0,0,0.44571428571428573,0.47560975609756095,0.0,1.0,0.0,0.22904881527550863,0.4032730548122522,0.4823243105708861,0.47560975609756095,0.47560975609756095
pair,A02_150_large,A02,large,C_common,B_failures,342,320,22,314,28,2,154,154,0,0,0.4502923976608187,0.48125,0.0,1.0,0.0,0.22821396143140624,0.40331433616617385,0.48238933853550775,0.48125,0.48125
pair,A02_150_large,A02,large,C_common,C_common_not_correct,188,166,22,160,28,2,0,0,0,0,0.0,0.0,0.0,,0.0,,,,0.0,0.0
pair,A02_150_large,A02,large,C_production,all_queries,350,328,22,112,238,0,112,112,0,0,0.32,0.34146341463414637,0.0,1.0,0.0,0.22821396143140624,0.409172304598257,0.50535130829809,0.34146341463414637,0.34146341463414637
pair,A02_150_large,A02,large,C_production,B_failures,342,320,22,112,230,0,112,112,0,0,0.32748538011695905,0.35,0.0,1.0,0.0,0.22821396143140624,0.409172304598257,0.50535130829809,0.35,0.35
pair,A02_150_large,A02,large,C_production,C_common_not_correct,188,166,22,0,188,0,0,0,0,0,0.0,0.0,0.0,,0.0,,,,0.0,0.0
pair,A02_150_large,A02,large,S_raw,all_queries,350,328,22,350,0,16,350,328,22,22,1.0,1.0,0.06285714285714286,0.9371428571428572,1.0,0.09741376478787958,0.18472277287516897,0.22249935217687458,1.0,1.0
pair,A02_150_large,A02,large,S_raw,B_failures,342,320,22,342,0,16,342,320,22,22,1.0,1.0,0.06432748538011696,0.935672514619883,1.0,0.09708270815130132,0.18471941991804539,0.2241704925397859,1.0,1.0
pair,A02_150_large,A02,large,S_raw,C_common_not_correct,188,166,22,188,0,16,188,166,22,22,1.0,1.0,0.11702127659574468,0.8829787234042553,1.0,0.09932182046516123,0.18646901105535574,0.23571146677523083,1.0,1.0
pair,A02_150_large,A02,large,S_common,all_queries,350,328,22,350,0,16,329,328,1,1,0.94,1.0,0.002857142857142857,0.9969604863221885,0.045454545454545456,0.09741376478787958,0.18472277287516897,0.22249935217687458,1.0,1.0
pair,A02_150_large,A02,large,S_common,B_failures,342,320,22,342,0,16,321,320,1,1,0.9385964912280702,1.0,0.0029239766081871343,0.9968847352024922,0.045454545454545456,0.09708270815130132,0.18471941991804539,0.2241704925397859,1.0,1.0
pair,A02_150_large,A02,large,S_common,C_common_not_correct,188,166,22,188,0,16,167,166,1,1,0.8882978723404256,1.0,0.005319148936170213,0.9940119760479041,0.045454545454545456,0.09932182046516123,0.18646901105535574,0.23571146677523083,1.0,1.0
pair,A02_150_illumination_blur,A02,illumination_blur,B,all_queries,350,350,0,288,62,0,288,288,0,0,0.8228571428571428,0.8228571428571428,0.0,1.0,,0.21495896922380212,0.5847464977198908,0.822450820038003,0.7942857142857143,0.8228571428571428
pair,A02_150_illumination_blur,A02,illumination_blur,B,B_failures,62,62,0,0,62,0,0,0,0,0,0.0,0.0,0.0,,,,,,0.0,0.0
pair,A02_150_illumination_blur,A02,illumination_blur,B,C_common_not_correct,41,41,0,0,41,0,0,0,0,0,0.0,0.0,0.0,,,,,,0.0,0.0
pair,A02_150_illumination_blur,A02,illumination_blur,C_raw,all_queries,350,350,0,350,0,0,350,349,1,0,1.0,0.9971428571428571,0.002857142857142857,0.9971428571428571,,0.18397571036593574,0.4646599226065782,0.6910264884923083,0.9828571428571429,0.9971428571428571
pair,A02_150_illumination_blur,A02,illumination_blur,C_raw,B_failures,62,62,0,62,0,0,62,61,1,0,1.0,0.9838709677419355,0.016129032258064516,0.9838709677419355,,0.15936078334061982,0.4218385640075836,0.4809370706110829,0.967741935483871,0.9838709677419355
pair,A02_150_illumination_blur,A02,illumination_blur,C_raw,C_common_not_correct,41,41,0,41,0,0,41,40,1,0,1.0,0.975609756097561,0.024390243902439025,0.975609756097561,,0.1717007324901947,0.4262799528759355,0.48182502154029894,0.975609756097561,0.975609756097561
pair,A02_150_illumination_blur,A02,illumination_blur,C_common,all_queries,350,350,0,350,0,0,283,283,0,0,0.8085714285714286,0.8085714285714286,0.0,1.0,,0.1902069521608496,0.47778122908923165,0.6834620886926545,0.7971428571428572,0.8085714285714286
pair,A02_150_illumination_blur,A02,illumination_blur,C_common,B_failures,62,62,0,62,0,0,21,21,0,0,0.3387096774193548,0.3387096774193548,0.0,1.0,,0.15240940244683707,0.24465288406651245,0.4389311132393665,0.3225806451612903,0.3387096774193548
pair,A02_150_illumination_blur,A02,illumination_blur,C_common,C_common_not_correct,41,41,0,41,0,0,0,0,0,0,0.0,0.0,0.0,,,,,,0.0,0.0
pair,A02_150_illumination_blur,A02,illumination_blur,C_production,all_queries,350,350,0,21,329,0,21,21,0,0,0.06,0.06,0.0,1.0,,0.15240940244683707,0.24465288406651245,0.4389311132393665,0.05714285714285714,0.06
pair,A02_150_illumination_blur,A02,illumination_blur,C_production,B_failures,62,62,0,21,41,0,21,21,0,0,0.3387096774193548,0.3387096774193548,0.0,1.0,,0.15240940244683707,0.24465288406651245,0.4389311132393665,0.3225806451612903,0.3387096774193548
pair,A02_150_illumination_blur,A02,illumination_blur,C_production,C_common_not_correct,41,41,0,0,41,0,0,0,0,0,0.0,0.0,0.0,,,,,,0.0,0.0
pair,A02_150_illumination_blur,A02,illumination_blur,S_raw,all_queries,350,350,0,350,0,0,350,350,0,0,1.0,1.0,0.0,1.0,,0.044871905167646595,0.08324232672381433,0.11619445953522588,1.0,1.0
pair,A02_150_illumination_blur,A02,illumination_blur,S_raw,B_failures,62,62,0,62,0,0,62,62,0,0,1.0,1.0,0.0,1.0,,0.05423148893260436,0.07325731367065448,0.08318008990299078,1.0,1.0
pair,A02_150_illumination_blur,A02,illumination_blur,S_raw,C_common_not_correct,41,41,0,41,0,0,41,41,0,0,1.0,1.0,0.0,1.0,,0.05421188717420902,0.07803504823968303,0.08837670618870792,1.0,1.0
pair,A02_150_illumination_blur,A02,illumination_blur,S_common,all_queries,350,350,0,350,0,0,350,350,0,0,1.0,1.0,0.0,1.0,,0.044871905167646595,0.08324232672381433,0.11619445953522588,1.0,1.0
pair,A02_150_illumination_blur,A02,illumination_blur,S_common,B_failures,62,62,0,62,0,0,62,62,0,0,1.0,1.0,0.0,1.0,,0.05423148893260436,0.07325731367065448,0.08318008990299078,1.0,1.0
pair,A02_150_illumination_blur,A02,illumination_blur,S_common,C_common_not_correct,41,41,0,41,0,0,41,41,0,0,1.0,1.0,0.0,1.0,,0.05421188717420902,0.07803504823968303,0.08837670618870792,1.0,1.0
pair,A02_150_outside_occluded,A02,outside_occluded,B,all_queries,350,245,105,69,281,0,69,69,0,0,0.19714285714285715,0.2816326530612245,0.0,1.0,0.0,0.15023711105098617,0.46398978515291917,0.5564712161608462,0.27755102040816326,0.2816326530612245
pair,A02_150_outside_occluded,A02,outside_occluded,B,B_failures,281,176,105,0,281,0,0,0,0,0,0.0,0.0,0.0,,0.0,,,,0.0,0.0
pair,A02_150_outside_occluded,A02,outside_occluded,B,C_common_not_correct,133,28,105,0,133,0,0,0,0,0,0.0,0.0,0.0,,0.0,,,,0.0,0.0
pair,A02_150_outside_occluded,A02,outside_occluded,C_raw,all_queries,350,245,105,324,26,6,324,224,100,97,0.9257142857142857,0.9142857142857143,0.2857142857142857,0.691358024691358,0.9238095238095239,0.11918987558930909,0.27938897391988216,0.40809247587463593,0.9102040816326531,0.9142857142857143
pair,A02_150_outside_occluded,A02,outside_occluded,C_raw,B_failures,281,176,105,255,26,6,255,157,98,97,0.9074733096085409,0.8920454545454546,0.3487544483985765,0.615686274509804,0.9238095238095239,0.11321156052868867,0.251824031337276,0.3391580477899207,0.8920454545454546,0.8920454545454546
pair,A02_150_outside_occluded,A02,outside_occluded,C_raw,C_common_not_correct,133,28,105,107,26,6,107,9,98,97,0.8045112781954887,0.32142857142857145,0.7368421052631579,0.08411214953271028,0.9238095238095239,0.12308580944413144,15.837294694534481,86.48260592070854,0.32142857142857145,0.32142857142857145
pair,A02_150_outside_occluded,A02,outside_occluded,C_common,all_queries,350,245,105,324,26,6,217,213,4,4,0.62,0.8693877551020408,0.011428571428571429,0.9815668202764977,0.0380952380952381,0.11918987558930909,0.2776911686052603,0.3713288807745492,0.8653061224489796,0.8693877551020408
pair,A02_150_outside_occluded,A02,outside_occluded,C_common,B_failures,281,176,105,255,26,6,152,148,4,4,0.5409252669039146,0.8409090909090909,0.014234875444839857,0.9736842105263158,0.0380952380952381,0.11235648704718346,0.251824031337276,0.33580619743666895,0.8409090909090909,0.8409090909090909
pair,A02_150_outside_occluded,A02,outside_occluded,C_common,C_common_not_correct,133,28,105,107,26,6,4,0,4,4,0.03007518796992481,0.0,0.03007518796992481,0.0,0.0380952380952381,,,,0.0,0.0
pair,A02_150_outside_occluded,A02,outside_occluded,C_production,all_queries,350,245,105,150,200,0,150,148,2,2,0.42857142857142855,0.6040816326530613,0.005714285714285714,0.9866666666666667,0.01904761904761905,0.11235648704718346,0.251824031337276,0.33580619743666895,0.6040816326530613,0.6040816326530613
pair,A02_150_outside_occluded,A02,outside_occluded,C_production,B_failures,281,176,105,150,131,0,150,148,2,2,0.5338078291814946,0.8409090909090909,0.0071174377224199285,0.9866666666666667,0.01904761904761905,0.11235648704718346,0.251824031337276,0.33580619743666895,0.8409090909090909,0.8409090909090909
pair,A02_150_outside_occluded,A02,outside_occluded,C_production,C_common_not_correct,133,28,105,2,131,0,2,0,2,2,0.015037593984962405,0.0,0.015037593984962405,0.0,0.01904761904761905,,,,0.0,0.0
pair,A02_150_outside_occluded,A02,outside_occluded,S_raw,all_queries,350,245,105,350,0,12,350,245,105,105,1.0,1.0,0.3,0.7,1.0,0.07475983566996822,0.14006026944538386,0.16643366497093606,1.0,1.0
pair,A02_150_outside_occluded,A02,outside_occluded,S_raw,B_failures,281,176,105,281,0,12,281,176,105,105,1.0,1.0,0.3736654804270463,0.6263345195729537,1.0,0.07592745910818163,0.1396376500569298,0.1668183411626325,1.0,1.0
pair,A02_150_outside_occluded,A02,outside_occluded,S_raw,C_common_not_correct,133,28,105,133,0,12,133,28,105,105,1.0,1.0,0.7894736842105263,0.21052631578947367,1.0,0.08662320321609832,0.14196607876130715,0.17292183034780198,1.0,1.0
pair,A02_150_outside_occluded,A02,outside_occluded,S_common,all_queries,350,245,105,350,0,12,264,245,19,19,0.7542857142857143,1.0,0.054285714285714284,0.928030303030303,0.18095238095238095,0.07475983566996822,0.14006026944538386,0.16643366497093606,1.0,1.0
pair,A02_150_outside_occluded,A02,outside_occluded,S_common,B_failures,281,176,105,281,0,12,195,176,19,19,0.693950177935943,1.0,0.06761565836298933,0.9025641025641026,0.18095238095238095,0.07592745910818163,0.1396376500569298,0.1668183411626325,1.0,1.0
pair,A02_150_outside_occluded,A02,outside_occluded,S_common,C_common_not_correct,133,28,105,133,0,12,47,28,19,19,0.3533834586466165,1.0,0.14285714285714285,0.5957446808510638,0.18095238095238095,0.08662320321609832,0.14196607876130715,0.17292183034780198,1.0,1.0
pair,A08_0_small,A08,small,B,all_queries,350,347,3,344,6,0,344,344,0,0,0.9828571428571429,0.9913544668587896,0.0,1.0,0.0,0.04064489601186547,0.09928748389650754,0.13158322348092727,0.9913544668587896,0.9913544668587896
pair,A08_0_small,A08,small,B,B_failures,6,3,3,0,6,0,0,0,0,0,0.0,0.0,0.0,,0.0,,,,0.0,0.0
pair,A08_0_small,A08,small,B,C_common_not_correct,5,2,3,0,5,0,0,0,0,0,0.0,0.0,0.0,,0.0,,,,0.0,0.0
pair,A08_0_small,A08,small,C_raw,all_queries,350,347,3,350,0,0,350,347,3,3,1.0,1.0,0.008571428571428572,0.9914285714285714,1.0,0.043711479883385175,0.09318897076895154,0.11396112852364279,1.0,1.0
pair,A08_0_small,A08,small,C_raw,B_failures,6,3,3,6,0,0,6,3,3,3,1.0,1.0,0.5,0.5,1.0,0.07226755146611605,0.16552336071806817,0.17718033687456217,1.0,1.0
pair,A08_0_small,A08,small,C_raw,C_common_not_correct,5,2,3,5,0,0,5,2,3,3,1.0,1.0,0.6,0.4,1.0,0.126889717018253,0.17644779382849557,0.18264255342977587,1.0,1.0
pair,A08_0_small,A08,small,C_common,all_queries,350,347,3,350,0,0,345,345,0,0,0.9857142857142858,0.9942363112391931,0.0,1.0,0.0,0.043542346355591115,0.0918887702312065,0.1127173466081699,0.9942363112391931,0.9942363112391931
pair,A08_0_small,A08,small,C_common,B_failures,6,3,3,6,0,0,1,1,0,0,0.16666666666666666,0.3333333333333333,0.0,1.0,0.0,0.07226755146611605,0.07226755146611605,0.07226755146611605,0.3333333333333333,0.3333333333333333
pair,A08_0_small,A08,small,C_common,C_common_not_correct,5,2,3,5,0,0,0,0,0,0,0.0,0.0,0.0,,0.0,,,,0.0,0.0
pair,A08_0_small,A08,small,C_production,all_queries,350,347,3,1,349,0,1,1,0,0,0.002857142857142857,0.002881844380403458,0.0,1.0,0.0,0.07226755146611605,0.07226755146611605,0.07226755146611605,0.002881844380403458,0.002881844380403458
pair,A08_0_small,A08,small,C_production,B_failures,6,3,3,1,5,0,1,1,0,0,0.16666666666666666,0.3333333333333333,0.0,1.0,0.0,0.07226755146611605,0.07226755146611605,0.07226755146611605,0.3333333333333333,0.3333333333333333
pair,A08_0_small,A08,small,C_production,C_common_not_correct,5,2,3,0,5,0,0,0,0,0,0.0,0.0,0.0,,0.0,,,,0.0,0.0
pair,A08_0_small,A08,small,S_raw,all_queries,350,347,3,350,0,0,350,347,3,3,1.0,1.0,0.008571428571428572,0.9914285714285714,1.0,0.03505346123095018,0.061456912556833054,0.0718077733903998,1.0,1.0
pair,A08_0_small,A08,small,S_raw,B_failures,6,3,3,6,0,0,6,3,3,3,1.0,1.0,0.5,0.5,1.0,0.06021721828819713,0.06219578261633717,0.06244310315735467,1.0,1.0
pair,A08_0_small,A08,small,S_raw,C_common_not_correct,5,2,3,5,0,0,5,2,3,3,1.0,1.0,0.6,0.4,1.0,0.058383850707286924,0.06182910910015513,0.06225976639926365,1.0,1.0
pair,A08_0_small,A08,small,S_common,all_queries,350,347,3,350,0,0,347,347,0,0,0.9914285714285714,1.0,0.0,1.0,0.0,0.03505346123095018,0.061456912556833054,0.0718077733903998,1.0,1.0
pair,A08_0_small,A08,small,S_common,B_failures,6,3,3,6,0,0,3,3,0,0,0.5,1.0,0.0,1.0,0.0,0.06021721828819713,0.06219578261633717,0.06244310315735467,1.0,1.0
pair,A08_0_small,A08,small,S_common,C_common_not_correct,5,2,3,5,0,0,2,2,0,0,0.4,1.0,0.0,1.0,0.0,0.058383850707286924,0.06182910910015513,0.06225976639926365,1.0,1.0
pair,A08_0_large,A08,large,B,all_queries,350,319,31,6,344,0,6,4,2,0,0.017142857142857144,0.012539184952978056,0.005714285714285714,0.6666666666666666,0.0,0.15448507404402795,145.24739414405485,149.87248189425236,0.012539184952978056,0.012539184952978056
pair,A08_0_large,A08,large,B,B_failures,344,313,31,0,344,0,0,0,0,0,0.0,0.0,0.0,,0.0,,,,0.0,0.0
pair,A08_0_large,A08,large,B,C_common_not_correct,326,295,31,0,326,0,0,0,0,0,0.0,0.0,0.0,,0.0,,,,0.0,0.0
pair,A08_0_large,A08,large,C_raw,all_queries,350,319,31,335,15,3,335,20,315,29,0.9571428571428572,0.06269592476489028,0.9,0.05970149253731343,0.9354838709677419,149.90484782979536,202.78217496909832,223.95398575770972,0.06269592476489028,0.06269592476489028
pair,A08_0_large,A08,large,C_raw,B_failures,344,313,31,329,15,3,329,19,310,29,0.9563953488372093,0.06070287539936102,0.9011627906976745,0.057750759878419454,0.9354838709677419,150.33248185836595,203.16999625261025,224.1795161493207,0.06070287539936102,0.06070287539936102
pair,A08_0_large,A08,large,C_raw,C_common_not_correct,326,295,31,311,15,3,311,1,310,29,0.9539877300613497,0.003389830508474576,0.950920245398773,0.003215434083601286,0.9354838709677419,154.1084965181991,205.23603560252312,227.18370124703964,0.003389830508474576,0.003389830508474576
pair,A08_0_large,A08,large,C_common,all_queries,350,319,31,335,15,3,23,19,4,0,0.06571428571428571,0.05956112852664577,0.011428571428571429,0.8260869565217391,0.0,0.3434441616442098,129.7744996441744,136.05605283722238,0.05956112852664577,0.05956112852664577
pair,A08_0_large,A08,large,C_common,B_failures,344,313,31,329,15,3,22,18,4,0,0.06395348837209303,0.05750798722044728,0.011627906976744186,0.8181818181818182,0.0,0.366930107728067,132.35260060506792,136.11857235229243,0.05750798722044728,0.05750798722044728
pair,A08_0_large,A08,large,C_common,C_common_not_correct,326,295,31,311,15,3,4,0,4,0,0.012269938650306749,0.0,0.012269938650306749,0.0,0.0,135.55589671666192,157.34943432425223,161.88550770787143,0.0,0.0
pair,A08_0_large,A08,large,C_production,all_queries,350,319,31,0,350,0,0,0,0,0,0.0,0.0,0.0,,0.0,,,,0.0,0.0
pair,A08_0_large,A08,large,C_production,B_failures,344,313,31,0,344,0,0,0,0,0,0.0,0.0,0.0,,0.0,,,,0.0,0.0
pair,A08_0_large,A08,large,C_production,C_common_not_correct,326,295,31,0,326,0,0,0,0,0,0.0,0.0,0.0,,0.0,,,,0.0,0.0
pair,A08_0_large,A08,large,S_raw,all_queries,350,319,31,350,0,28,350,319,31,31,1.0,1.0,0.08857142857142856,0.9114285714285715,1.0,0.1358094084030083,0.21710518294545525,0.2523013390569391,0.9968652037617555,1.0
pair,A08_0_large,A08,large,S_raw,B_failures,344,313,31,344,0,28,344,313,31,31,1.0,1.0,0.09011627906976744,0.9098837209302325,1.0,0.13488673485608835,0.21649119328814195,0.2442043618831343,0.9968051118210862,1.0
pair,A08_0_large,A08,large,S_raw,C_common_not_correct,326,295,31,326,0,28,326,295,31,31,1.0,1.0,0.0950920245398773,0.9049079754601227,1.0,0.13634146836523753,0.21820117425759347,0.25235696578036565,0.9966101694915255,1.0
pair,A08_0_large,A08,large,S_common,all_queries,350,319,31,350,0,28,318,318,0,0,0.9085714285714286,0.9968652037617555,0.0,1.0,0.0,0.13534807162954832,0.21713585570499203,0.2523152457377957,0.9937304075235109,0.9968652037617555
pair,A08_0_large,A08,large,S_common,B_failures,344,313,31,344,0,28,312,312,0,0,0.9069767441860465,0.9968051118210862,0.0,1.0,0.0,0.13488184596212893,0.21676751535726188,0.2448767922008087,0.9936102236421726,0.9968051118210862
pair,A08_0_large,A08,large,S_common,C_common_not_correct,326,295,31,326,0,28,294,294,0,0,0.901840490797546,0.9966101694915255,0.0,1.0,0.0,0.13623250836153705,0.21834294246356742,0.2523708724612223,0.9932203389830508,0.9966101694915255
pair,A08_0_illumination_blur,A08,illumination_blur,B,all_queries,350,340,10,308,42,0,308,300,8,0,0.88,0.8823529411764706,0.022857142857142857,0.974025974025974,0.0,0.2715622926875848,1.0530088338571664,1.531847746852048,0.8029411764705883,0.8823529411764706
pair,A08_0_illumination_blur,A08,illumination_blur,B,B_failures,42,32,10,0,42,0,0,0,0,0,0.0,0.0,0.0,,0.0,,,,0.0,0.0
pair,A08_0_illumination_blur,A08,illumination_blur,B,C_common_not_correct,33,23,10,0,33,0,0,0,0,0,0.0,0.0,0.0,,0.0,,,,0.0,0.0
pair,A08_0_illumination_blur,A08,illumination_blur,C_raw,all_queries,350,340,10,347,3,4,347,331,16,7,0.9914285714285714,0.9735294117647059,0.045714285714285714,0.9538904899135446,0.7,0.258552742899941,0.926760825977676,1.236567576876536,0.9147058823529411,0.9735294117647059
pair,A08_0_illumination_blur,A08,illumination_blur,C_raw,B_failures,42,32,10,39,3,4,39,28,11,7,0.9285714285714286,0.875,0.2619047619047619,0.717948717948718,0.7,0.29014768548586967,2.2869147425703216,18.241746465823343,0.84375,0.875
pair,A08_0_illumination_blur,A08,illumination_blur,C_raw,C_common_not_correct,33,23,10,30,3,4,30,19,11,7,0.9090909090909091,0.8260869565217391,0.3333333333333333,0.6333333333333333,0.7,0.3463970001063952,2.4454544847435997,34.01066582682476,0.8260869565217391,0.8260869565217391
pair,A08_0_illumination_blur,A08,illumination_blur,C_common,all_queries,350,340,10,347,3,4,312,309,3,0,0.8914285714285715,0.9088235294117647,0.008571428571428572,0.9903846153846154,0.0,0.2548160525720707,0.8231181578302531,1.1666934583986117,0.85,0.9088235294117647
pair,A08_0_illumination_blur,A08,illumination_blur,C_common,B_failures,42,32,10,39,3,4,10,9,1,0,0.23809523809523808,0.28125,0.023809523809523808,0.9,0.0,0.28359143553761135,1.8945206476904635,2.1152423260603825,0.25,0.28125
pair,A08_0_illumination_blur,A08,illumination_blur,C_common,C_common_not_correct,33,23,10,30,3,4,1,0,1,0,0.030303030303030304,0.0,0.030303030303030304,0.0,0.0,2.3359640044303025,2.3359640044303025,2.3359640044303025,0.0,0.0
pair,A08_0_illumination_blur,A08,illumination_blur,C_production,all_queries,350,340,10,10,340,0,10,9,1,0,0.02857142857142857,0.026470588235294117,0.002857142857142857,0.9,0.0,0.28359143553761135,1.8945206476904635,2.1152423260603825,0.023529411764705882,0.026470588235294117
pair,A08_0_illumination_blur,A08,illumination_blur,C_production,B_failures,42,32,10,10,32,0,10,9,1,0,0.23809523809523808,0.28125,0.023809523809523808,0.9,0.0,0.28359143553761135,1.8945206476904635,2.1152423260603825,0.25,0.28125
pair,A08_0_illumination_blur,A08,illumination_blur,C_production,C_common_not_correct,33,23,10,1,32,0,1,0,1,0,0.030303030303030304,0.0,0.030303030303030304,0.0,0.0,2.3359640044303025,2.3359640044303025,2.3359640044303025,0.0,0.0
pair,A08_0_illumination_blur,A08,illumination_blur,S_raw,all_queries,350,340,10,350,0,3,350,340,10,10,1.0,1.0,0.02857142857142857,0.9714285714285714,1.0,0.05819196840441998,0.10272431049511185,0.11975575858891589,1.0,1.0
pair,A08_0_illumination_blur,A08,illumination_blur,S_raw,B_failures,42,32,10,42,0,3,42,32,10,10,1.0,1.0,0.23809523809523808,0.7619047619047619,1.0,0.07560027280862668,0.1646099482404324,0.17143868847558216,1.0,1.0
pair,A08_0_illumination_blur,A08,illumination_blur,S_raw,C_common_not_correct,33,23,10,33,0,3,33,23,10,10,1.0,1.0,0.30303030303030304,0.696969696969697,1.0,0.08499359199161836,0.16735771749489164,0.1748965146405222,1.0,1.0
pair,A08_0_illumination_blur,A08,illumination_blur,S_common,all_queries,350,340,10,350,0,3,340,340,0,0,0.9714285714285714,1.0,0.0,1.0,0.0,0.05819196840441998,0.10272431049511185,0.11975575858891589,1.0,1.0
pair,A08_0_illumination_blur,A08,illumination_blur,S_common,B_failures,42,32,10,42,0,3,32,32,0,0,0.7619047619047619,1.0,0.0,1.0,0.0,0.07560027280862668,0.1646099482404324,0.17143868847558216,1.0,1.0
pair,A08_0_illumination_blur,A08,illumination_blur,S_common,C_common_not_correct,33,23,10,33,0,3,23,23,0,0,0.696969696969697,1.0,0.0,1.0,0.0,0.08499359199161836,0.16735771749489164,0.1748965146405222,1.0,1.0
pair,A08_0_outside_occluded,A08,outside_occluded,B,all_queries,350,244,106,48,302,0,48,47,1,0,0.13714285714285715,0.19262295081967212,0.002857142857142857,0.9791666666666666,0.0,0.2250339234747199,0.6077581905077668,0.8731119412403686,0.1885245901639344,0.19262295081967212
pair,A08_0_outside_occluded,A08,outside_occluded,B,B_failures,302,196,106,0,302,0,0,0,0,0,0.0,0.0,0.0,,0.0,,,,0.0,0.0
pair,A08_0_outside_occluded,A08,outside_occluded,B,C_common_not_correct,118,12,106,0,118,0,0,0,0,0,0.0,0.0,0.0,,0.0,,,,0.0,0.0
pair,A08_0_outside_occluded,A08,outside_occluded,C_raw,all_queries,350,244,106,329,21,4,329,242,87,86,0.94,0.9918032786885246,0.24857142857142858,0.7355623100303952,0.8113207547169812,0.24827904375950186,0.6848059468859569,0.8260546728761691,0.9672131147540983,0.9918032786885246
pair,A08_0_outside_occluded,A08,outside_occluded,C_raw,B_failures,302,196,106,281,21,4,281,194,87,86,0.9304635761589404,0.9897959183673469,0.28807947019867547,0.6903914590747331,0.8113207547169812,0.25251421654132833,0.7108442763177361,0.8688867689675966,0.9591836734693877,0.9897959183673469
pair,A08_0_outside_occluded,A08,outside_occluded,C_raw,C_common_not_correct,118,12,106,97,21,4,97,10,87,86,0.8220338983050848,0.8333333333333334,0.7372881355932204,0.10309278350515463,0.8113207547169812,0.44861441984154027,0.972828609563777,1.9126152946789705,0.8333333333333334,0.8333333333333334
pair,A08_0_outside_occluded,A08,outside_occluded,C_common,all_queries,350,244,106,329,21,4,234,232,2,2,0.6685714285714286,0.9508196721311475,0.005714285714285714,0.9914529914529915,0.018867924528301886,0.2356070749636504,0.6694791691194758,0.8018494090615259,0.9262295081967213,0.9508196721311475
pair,A08_0_outside_occluded,A08,outside_occluded,C_common,B_failures,302,196,106,281,21,4,186,184,2,2,0.6158940397350994,0.9387755102040817,0.006622516556291391,0.989247311827957,0.018867924528301886,0.24658985336628428,0.6847301383904367,0.8247986520768176,0.9081632653061225,0.9387755102040817
pair,A08_0_outside_occluded,A08,outside_occluded,C_common,C_common_not_correct,118,12,106,97,21,4,2,0,2,2,0.01694915254237288,0.0,0.01694915254237288,0.0,0.018867924528301886,,,,0.0,0.0
pair,A08_0_outside_occluded,A08,outside_occluded,C_production,all_queries,350,244,106,184,166,0,184,184,0,0,0.5257142857142857,0.7540983606557377,0.0,1.0,0.0,0.24658985336628428,0.6847301383904367,0.8247986520768176,0.7295081967213115,0.7540983606557377
pair,A08_0_outside_occluded,A08,outside_occluded,C_production,B_failures,302,196,106,184,118,0,184,184,0,0,0.609271523178808,0.9387755102040817,0.0,1.0,0.0,0.24658985336628428,0.6847301383904367,0.8247986520768176,0.9081632653061225,0.9387755102040817
pair,A08_0_outside_occluded,A08,outside_occluded,C_production,C_common_not_correct,118,12,106,0,118,0,0,0,0,0,0.0,0.0,0.0,,0.0,,,,0.0,0.0
pair,A08_0_outside_occluded,A08,outside_occluded,S_raw,all_queries,350,244,106,350,0,24,350,244,106,106,1.0,1.0,0.3028571428571429,0.6971428571428572,1.0,0.059120420339236104,0.11457626603503099,0.1417675937640876,1.0,1.0
pair,A08_0_outside_occluded,A08,outside_occluded,S_raw,B_failures,302,196,106,302,0,24,302,196,106,106,1.0,1.0,0.3509933774834437,0.6490066225165563,1.0,0.05942265464134136,0.1158155156091678,0.1428001110840476,1.0,1.0
pair,A08_0_outside_occluded,A08,outside_occluded,S_raw,C_common_not_correct,118,12,106,118,0,24,118,12,106,106,1.0,1.0,0.8983050847457628,0.1016949152542373,1.0,0.08576142559740563,0.16019761915588032,0.17744245119341395,1.0,1.0
pair,A08_0_outside_occluded,A08,outside_occluded,S_common,all_queries,350,244,106,350,0,24,245,243,2,2,0.7,0.9959016393442623,0.005714285714285714,0.9918367346938776,0.018867924528301886,0.05907598211958898,0.11463935596867478,0.14188944508563797,0.9959016393442623,0.9959016393442623
pair,A08_0_outside_occluded,A08,outside_occluded,S_common,B_failures,302,196,106,302,0,24,197,195,2,2,0.652317880794702,0.9948979591836735,0.006622516556291391,0.9898477157360406,0.018867924528301886,0.059372648076333925,0.11602551156380887,0.14293350375510933,0.9948979591836735,0.9948979591836735
pair,A08_0_outside_occluded,A08,outside_occluded,S_common,C_common_not_correct,118,12,106,118,0,24,13,11,2,2,0.11016949152542373,0.9166666666666666,0.01694915254237288,0.8461538461538461,0.018867924528301886,0.08118637481756563,0.16027202540212818,0.17935027628133465,0.9166666666666666,0.9166666666666666
pair,A08_50_small,A08,small,B,all_queries,350,348,2,344,6,0,344,344,0,0,0.9828571428571429,0.9885057471264368,0.0,1.0,0.0,0.040174612496292804,0.09430297457955808,0.13536826563565008,0.9885057471264368,0.9885057471264368
pair,A08_50_small,A08,small,B,B_failures,6,4,2,0,6,0,0,0,0,0,0.0,0.0,0.0,,0.0,,,,0.0,0.0
pair,A08_50_small,A08,small,B,C_common_not_correct,6,4,2,0,6,0,0,0,0,0,0.0,0.0,0.0,,0.0,,,,0.0,0.0
pair,A08_50_small,A08,small,C_raw,all_queries,350,348,2,350,0,0,350,348,2,2,1.0,1.0,0.005714285714285714,0.9942857142857143,1.0,0.04419281812260726,0.09161903959992763,0.11384704069155242,1.0,1.0
pair,A08_50_small,A08,small,C_raw,B_failures,6,4,2,6,0,0,6,4,2,2,1.0,1.0,0.3333333333333333,0.6666666666666666,1.0,0.0554447110621817,0.11157775869465027,0.12246145932631419,1.0,1.0
pair,A08_50_small,A08,small,C_raw,C_common_not_correct,6,4,2,6,0,0,6,4,2,2,1.0,1.0,0.3333333333333333,0.6666666666666666,1.0,0.0554447110621817,0.11157775869465027,0.12246145932631419,1.0,1.0
pair,A08_50_small,A08,small,C_common,all_queries,350,348,2,350,0,0,341,341,0,0,0.9742857142857143,0.9798850574712644,0.0,1.0,0.0,0.04410252599125168,0.08881752420699812,0.1068826633853762,0.9798850574712644,0.9798850574712644
pair,A08_50_small,A08,small,C_common,B_failures,6,4,2,6,0,0,0,0,0,0,0.0,0.0,0.0,,0.0,,,,0.0,0.0
pair,A08_50_small,A08,small,C_common,C_common_not_correct,6,4,2,6,0,0,0,0,0,0,0.0,0.0,0.0,,0.0,,,,0.0,0.0
pair,A08_50_small,A08,small,C_production,all_queries,350,348,2,0,350,0,0,0,0,0,0.0,0.0,0.0,,0.0,,,,0.0,0.0
pair,A08_50_small,A08,small,C_production,B_failures,6,4,2,0,6,0,0,0,0,0,0.0,0.0,0.0,,0.0,,,,0.0,0.0
pair,A08_50_small,A08,small,C_production,C_common_not_correct,6,4,2,0,6,0,0,0,0,0,0.0,0.0,0.0,,0.0,,,,0.0,0.0
pair,A08_50_small,A08,small,S_raw,all_queries,350,348,2,350,0,0,350,348,2,2,1.0,1.0,0.005714285714285714,0.9942857142857143,1.0,0.02304179614801029,0.04551211206381549,0.05793413680266234,1.0,1.0
pair,A08_50_small,A08,small,S_raw,B_failures,6,4,2,6,0,0,6,4,2,2,1.0,1.0,0.3333333333333333,0.6666666666666666,1.0,0.06939839078630124,0.08376549824106666,0.0840235277505202,1.0,1.0
pair,A08_50_small,A08,small,S_raw,C_common_not_correct,6,4,2,6,0,0,6,4,2,2,1.0,1.0,0.3333333333333333,0.6666666666666666,1.0,0.06939839078630124,0.08376549824106666,0.0840235277505202,1.0,1.0
pair,A08_50_small,A08,small,S_common,all_queries,350,348,2,350,0,0,348,348,0,0,0.9942857142857143,1.0,0.0,1.0,0.0,0.02304179614801029,0.04551211206381549,0.05793413680266234,1.0,1.0
pair,A08_50_small,A08,small,S_common,B_failures,6,4,2,6,0,0,4,4,0,0,0.6666666666666666,1.0,0.0,1.0,0.0,0.06939839078630124,0.08376549824106666,0.0840235277505202,1.0,1.0
pair,A08_50_small,A08,small,S_common,C_common_not_correct,6,4,2,6,0,0,4,4,0,0,0.6666666666666666,1.0,0.0,1.0,0.0,0.06939839078630124,0.08376549824106666,0.0840235277505202,1.0,1.0
pair,A08_50_large,A08,large,B,all_queries,350,317,33,10,340,0,10,6,4,0,0.02857142857142857,0.01892744479495268,0.011428571428571429,0.6,0.0,0.3606662863844523,169.27054629570065,172.41876497115985,0.01892744479495268,0.01892744479495268
pair,A08_50_large,A08,large,B,B_failures,340,307,33,0,340,0,0,0,0,0,0.0,0.0,0.0,,0.0,,,,0.0,0.0
pair,A08_50_large,A08,large,B,C_common_not_correct,322,289,33,0,322,0,0,0,0,0,0.0,0.0,0.0,,0.0,,,,0.0,0.0
pair,A08_50_large,A08,large,C_raw,all_queries,350,317,33,333,17,3,333,30,303,27,0.9514285714285714,0.0946372239747634,0.8657142857142858,0.09009009009009009,0.8181818181818182,143.23344570056224,206.68263616279978,220.56255597118252,0.0914826498422713,0.0946372239747634
pair,A08_50_large,A08,large,C_raw,B_failures,340,307,33,323,17,3,323,29,294,27,0.95,0.09446254071661238,0.8647058823529412,0.08978328173374613,0.8181818181818182,142.59340481135018,206.68263616279978,220.8196460722539,0.09120521172638436,0.09446254071661238
pair,A08_50_large,A08,large,C_raw,C_common_not_correct,322,289,33,305,17,3,305,11,294,27,0.9472049689440993,0.03806228373702422,0.9130434782608695,0.036065573770491806,0.8181818181818182,144.9794009584055,209.37109961493562,221.6072389561568,0.03806228373702422,0.03806228373702422
pair,A08_50_large,A08,large,C_common,all_queries,350,317,33,333,17,3,19,19,0,0,0.054285714285714284,0.05993690851735016,0.0,1.0,0.0,0.24061231043688347,0.47263046096246475,0.5427155781288538,0.056782334384858045,0.05993690851735016
pair,A08_50_large,A08,large,C_common,B_failures,340,307,33,323,17,3,18,18,0,0,0.052941176470588235,0.05863192182410423,0.0,1.0,0.0,0.24198948617019145,0.47398189912792027,0.5723523840502275,0.05537459283387622,0.05863192182410423
pair,A08_50_large,A08,large,C_common,C_common_not_correct,322,289,33,305,17,3,0,0,0,0,0.0,0.0,0.0,,0.0,,,,0.0,0.0
pair,A08_50_large,A08,large,C_production,all_queries,350,317,33,18,332,0,18,18,0,0,0.05142857142857143,0.056782334384858045,0.0,1.0,0.0,0.24198948617019145,0.47398189912792027,0.5723523840502275,0.05362776025236593,0.056782334384858045
pair,A08_50_large,A08,large,C_production,B_failures,340,307,33,18,322,0,18,18,0,0,0.052941176470588235,0.05863192182410423,0.0,1.0,0.0,0.24198948617019145,0.47398189912792027,0.5723523840502275,0.05537459283387622,0.05863192182410423
pair,A08_50_large,A08,large,C_production,C_common_not_correct,322,289,33,0,322,0,0,0,0,0,0.0,0.0,0.0,,0.0,,,,0.0,0.0
pair,A08_50_large,A08,large,S_raw,all_queries,350,317,33,350,0,31,350,317,33,33,1.0,1.0,0.09428571428571429,0.9057142857142857,1.0,0.12797315602117026,0.25179213194146854,0.2972637624970811,1.0,1.0
pair,A08_50_large,A08,large,S_raw,B_failures,340,307,33,340,0,31,340,307,33,33,1.0,1.0,0.09705882352941177,0.9029411764705882,1.0,0.12771070933524803,0.24852630834489137,0.2933395563438071,1.0,1.0
pair,A08_50_large,A08,large,S_raw,C_common_not_correct,322,289,33,322,0,31,322,289,33,33,1.0,1.0,0.10248447204968944,0.8975155279503105,1.0,0.13085591310590608,0.25363006948797157,0.30372101214987396,1.0,1.0
pair,A08_50_large,A08,large,S_common,all_queries,350,317,33,350,0,31,317,317,0,0,0.9057142857142857,1.0,0.0,1.0,0.0,0.12797315602117026,0.25179213194146854,0.2972637624970811,1.0,1.0
pair,A08_50_large,A08,large,S_common,B_failures,340,307,33,340,0,31,307,307,0,0,0.9029411764705882,1.0,0.0,1.0,0.0,0.12771070933524803,0.24852630834489137,0.2933395563438071,1.0,1.0
pair,A08_50_large,A08,large,S_common,C_common_not_correct,322,289,33,322,0,31,289,289,0,0,0.8975155279503105,1.0,0.0,1.0,0.0,0.13085591310590608,0.25363006948797157,0.30372101214987396,1.0,1.0
pair,A08_50_illumination_blur,A08,illumination_blur,B,all_queries,350,342,8,318,32,0,318,318,0,0,0.9085714285714286,0.9298245614035088,0.0,1.0,0.0,0.31121676451947944,0.9591354119499943,1.1021886704419939,0.8391812865497076,0.9298245614035088
pair,A08_50_illumination_blur,A08,illumination_blur,B,B_failures,32,24,8,0,32,0,0,0,0,0,0.0,0.0,0.0,,0.0,,,,0.0,0.0
pair,A08_50_illumination_blur,A08,illumination_blur,B,C_common_not_correct,27,19,8,0,27,0,0,0,0,0,0.0,0.0,0.0,,0.0,,,,0.0,0.0
pair,A08_50_illumination_blur,A08,illumination_blur,C_raw,all_queries,350,342,8,346,4,1,346,336,10,4,0.9885714285714285,0.9824561403508771,0.02857142857142857,0.9710982658959537,0.5,0.2960751524408394,0.8959003001124536,1.0844824141244822,0.9298245614035088,0.9824561403508771
pair,A08_50_illumination_blur,A08,illumination_blur,C_raw,B_failures,32,24,8,28,4,1,28,19,9,4,0.875,0.7916666666666666,0.28125,0.6785714285714286,0.5,0.47274456282478405,14.00471446223683,32.763840268795455,0.625,0.7916666666666666
pair,A08_50_illumination_blur,A08,illumination_blur,C_raw,C_common_not_correct,27,19,8,23,4,1,23,14,9,4,0.8518518518518519,0.7368421052631579,0.3333333333333333,0.6086956521739131,0.5,0.4599659481266026,22.25688894293063,36.43293466767362,0.6842105263157895,0.7368421052631579
pair,A08_50_illumination_blur,A08,illumination_blur,C_common,all_queries,350,342,8,346,4,1,323,321,2,0,0.9228571428571428,0.9385964912280702,0.005714285714285714,0.9938080495356038,0.0,0.28467880657491657,0.8617350413595539,1.0613767617162837,0.8888888888888888,0.9385964912280702
pair,A08_50_illumination_blur,A08,illumination_blur,C_common,B_failures,32,24,8,28,4,1,6,5,1,0,0.1875,0.20833333333333334,0.03125,0.8333333333333334,0.0,1.1127099907053877,1.9641841284314472,2.0093151064971697,0.08333333333333333,0.20833333333333334
pair,A08_50_illumination_blur,A08,illumination_blur,C_common,C_common_not_correct,27,19,8,23,4,1,1,0,1,0,0.037037037037037035,0.0,0.037037037037037035,0.0,0.0,2.0544460845628922,2.0544460845628922,2.0544460845628922,0.0,0.0
pair,A08_50_illumination_blur,A08,illumination_blur,C_production,all_queries,350,342,8,6,344,0,6,5,1,0,0.017142857142857144,0.014619883040935672,0.002857142857142857,0.8333333333333334,0.0,1.1127099907053877,1.9641841284314472,2.0093151064971697,0.005847953216374269,0.014619883040935672
pair,A08_50_illumination_blur,A08,illumination_blur,C_production,B_failures,32,24,8,6,26,0,6,5,1,0,0.1875,0.20833333333333334,0.03125,0.8333333333333334,0.0,1.1127099907053877,1.9641841284314472,2.0093151064971697,0.08333333333333333,0.20833333333333334
pair,A08_50_illumination_blur,A08,illumination_blur,C_production,C_common_not_correct,27,19,8,1,26,0,1,0,1,0,0.037037037037037035,0.0,0.037037037037037035,0.0,0.0,2.0544460845628922,2.0544460845628922,2.0544460845628922,0.0,0.0
pair,A08_50_illumination_blur,A08,illumination_blur,S_raw,all_queries,350,342,8,350,0,4,350,342,8,8,1.0,1.0,0.022857142857142857,0.9771428571428571,1.0,0.05153544653179898,0.1069132763487726,0.1365594116625597,1.0,1.0
pair,A08_50_illumination_blur,A08,illumination_blur,S_raw,B_failures,32,24,8,32,0,4,32,24,8,8,1.0,1.0,0.25,0.75,1.0,0.06254818706386069,0.16688681559941296,0.18516448070555486,1.0,1.0
pair,A08_50_illumination_blur,A08,illumination_blur,S_raw,C_common_not_correct,27,19,8,27,0,4,27,19,8,8,1.0,1.0,0.2962962962962963,0.7037037037037037,1.0,0.060506977931732264,0.1510876207970253,0.17740140874257607,1.0,1.0
pair,A08_50_illumination_blur,A08,illumination_blur,S_common,all_queries,350,342,8,350,0,4,342,342,0,0,0.9771428571428571,1.0,0.0,1.0,0.0,0.05153544653179898,0.1069132763487726,0.1365594116625597,1.0,1.0
pair,A08_50_illumination_blur,A08,illumination_blur,S_common,B_failures,32,24,8,32,0,4,24,24,0,0,0.75,1.0,0.0,1.0,0.0,0.06254818706386069,0.16688681559941296,0.18516448070555486,1.0,1.0
pair,A08_50_illumination_blur,A08,illumination_blur,S_common,C_common_not_correct,27,19,8,27,0,4,19,19,0,0,0.7037037037037037,1.0,0.0,1.0,0.0,0.060506977931732264,0.1510876207970253,0.17740140874257607,1.0,1.0
pair,A08_50_outside_occluded,A08,outside_occluded,B,all_queries,350,235,115,67,283,0,67,64,3,0,0.19142857142857142,0.2723404255319149,0.008571428571428572,0.9552238805970149,0.0,0.26418674004357706,0.9143275286448982,1.4493402753352076,0.25957446808510637,0.2723404255319149
pair,A08_50_outside_occluded,A08,outside_occluded,B,B_failures,283,168,115,0,283,0,0,0,0,0,0.0,0.0,0.0,,0.0,,,,0.0,0.0
pair,A08_50_outside_occluded,A08,outside_occluded,B,C_common_not_correct,155,40,115,0,155,0,0,0,0,0,0.0,0.0,0.0,,0.0,,,,0.0,0.0
pair,A08_50_outside_occluded,A08,outside_occluded,C_raw,all_queries,350,235,115,342,8,6,342,222,120,107,0.9771428571428571,0.9446808510638298,0.34285714285714286,0.6491228070175439,0.9304347826086956,0.23179266796047318,0.7656238178155995,72.2985882460196,0.9276595744680851,0.9446808510638298
pair,A08_50_outside_occluded,A08,outside_occluded,C_raw,B_failures,283,168,115,275,8,6,275,155,120,107,0.9717314487632509,0.9226190476190477,0.42402826855123676,0.5636363636363636,0.9304347826086956,0.22552858310373602,0.9847425172401314,106.24662719216822,0.9047619047619048,0.9226190476190477
pair,A08_50_outside_occluded,A08,outside_occluded,C_raw,C_common_not_correct,155,40,115,147,8,6,147,27,120,107,0.9483870967741935,0.675,0.7741935483870968,0.1836734693877551,0.9304347826086956,0.3606388598332805,137.252303869229,138.96579648430236,0.65,0.675
pair,A08_50_outside_occluded,A08,outside_occluded,C_common,all_queries,350,235,115,342,8,6,192,188,4,4,0.5485714285714286,0.8,0.011428571428571429,0.9791666666666666,0.034782608695652174,0.21911150026134224,0.5457149962241308,0.7682559112713924,0.7872340425531915,0.8
pair,A08_50_outside_occluded,A08,outside_occluded,C_common,B_failures,283,168,115,275,8,6,132,128,4,4,0.4664310954063604,0.7619047619047619,0.014134275618374558,0.9696969696969697,0.034782608695652174,0.19989983460788152,0.4762576132197561,0.8133933018618679,0.75,0.7619047619047619
pair,A08_50_outside_occluded,A08,outside_occluded,C_common,C_common_not_correct,155,40,115,147,8,6,4,0,4,4,0.025806451612903226,0.0,0.025806451612903226,0.0,0.034782608695652174,,,,0.0,0.0
pair,A08_50_outside_occluded,A08,outside_occluded,C_production,all_queries,350,235,115,128,222,0,128,128,0,0,0.3657142857142857,0.5446808510638298,0.0,1.0,0.0,0.19989983460788152,0.4762576132197561,0.8133933018618679,0.5361702127659574,0.5446808510638298
pair,A08_50_outside_occluded,A08,outside_occluded,C_production,B_failures,283,168,115,128,155,0,128,128,0,0,0.45229681978798586,0.7619047619047619,0.0,1.0,0.0,0.19989983460788152,0.4762576132197561,0.8133933018618679,0.75,0.7619047619047619
pair,A08_50_outside_occluded,A08,outside_occluded,C_production,C_common_not_correct,155,40,115,0,155,0,0,0,0,0,0.0,0.0,0.0,,0.0,,,,0.0,0.0
pair,A08_50_outside_occluded,A08,outside_occluded,S_raw,all_queries,350,235,115,350,0,18,350,235,115,115,1.0,1.0,0.32857142857142857,0.6714285714285714,1.0,0.06191118154682191,0.12086681290365935,0.15302312481713742,1.0,1.0
pair,A08_50_outside_occluded,A08,outside_occluded,S_raw,B_failures,283,168,115,283,0,18,283,168,115,115,1.0,1.0,0.40636042402826855,0.5936395759717314,1.0,0.06806042883475263,0.13001074427037215,0.16604028761677958,1.0,1.0
pair,A08_50_outside_occluded,A08,outside_occluded,S_raw,C_common_not_correct,155,40,115,155,0,18,155,40,115,115,1.0,1.0,0.7419354838709677,0.25806451612903225,1.0,0.08481035982798106,0.15276230442848576,0.1604147623455903,1.0,1.0
pair,A08_50_outside_occluded,A08,outside_occluded,S_common,all_queries,350,235,115,350,0,18,246,234,12,12,0.7028571428571428,0.9957446808510638,0.03428571428571429,0.9512195121951219,0.10434782608695652,0.061854437155682326,0.11843551212096572,0.1511519067128065,0.9957446808510638,0.9957446808510638
pair,A08_50_outside_occluded,A08,outside_occluded,S_common,B_failures,283,168,115,283,0,18,179,167,12,12,0.6325088339222615,0.9940476190476191,0.04240282685512368,0.9329608938547486,0.10434782608695652,0.06797166377952782,0.12473876659976924,0.16650164922293648,0.9940476190476191,0.9940476190476191
pair,A08_50_outside_occluded,A08,outside_occluded,S_common,C_common_not_correct,155,40,115,155,0,18,51,39,12,12,0.32903225806451614,0.975,0.07741935483870968,0.7647058823529411,0.10434782608695652,0.0847962474928463,0.1314944439044131,0.1640606754537677,0.975,0.975
pair,A08_100_small,A08,small,B,all_queries,350,346,4,341,9,0,341,341,0,0,0.9742857142857143,0.9855491329479769,0.0,1.0,0.0,0.04136177009061653,0.10303964146927677,0.11781546350251706,0.9855491329479769,0.9855491329479769
pair,A08_100_small,A08,small,B,B_failures,9,5,4,0,9,0,0,0,0,0,0.0,0.0,0.0,,0.0,,,,0.0,0.0
pair,A08_100_small,A08,small,B,C_common_not_correct,9,5,4,0,9,0,0,0,0,0,0.0,0.0,0.0,,0.0,,,,0.0,0.0
pair,A08_100_small,A08,small,C_raw,all_queries,350,346,4,350,0,0,350,346,4,4,1.0,1.0,0.011428571428571429,0.9885714285714285,1.0,0.043936133904496834,0.09626713633235137,0.11563964730351038,1.0,1.0
pair,A08_100_small,A08,small,C_raw,B_failures,9,5,4,9,0,0,9,5,4,4,1.0,1.0,0.4444444444444444,0.5555555555555556,1.0,0.06945363574755867,0.09607682770131333,0.10233533647672217,1.0,1.0
pair,A08_100_small,A08,small,C_raw,C_common_not_correct,9,5,4,9,0,0,9,5,4,4,1.0,1.0,0.4444444444444444,0.5555555555555556,1.0,0.06945363574755867,0.09607682770131333,0.10233533647672217,1.0,1.0
pair,A08_100_small,A08,small,C_common,all_queries,350,346,4,350,0,0,339,339,0,0,0.9685714285714285,0.9797687861271677,0.0,1.0,0.0,0.04355424355438614,0.0960927082243229,0.11625753461950776,0.9797687861271677,0.9797687861271677
pair,A08_100_small,A08,small,C_common,B_failures,9,5,4,9,0,0,0,0,0,0,0.0,0.0,0.0,,0.0,,,,0.0,0.0
pair,A08_100_small,A08,small,C_common,C_common_not_correct,9,5,4,9,0,0,0,0,0,0,0.0,0.0,0.0,,0.0,,,,0.0,0.0
pair,A08_100_small,A08,small,C_production,all_queries,350,346,4,0,350,0,0,0,0,0,0.0,0.0,0.0,,0.0,,,,0.0,0.0
pair,A08_100_small,A08,small,C_production,B_failures,9,5,4,0,9,0,0,0,0,0,0.0,0.0,0.0,,0.0,,,,0.0,0.0
pair,A08_100_small,A08,small,C_production,C_common_not_correct,9,5,4,0,9,0,0,0,0,0,0.0,0.0,0.0,,0.0,,,,0.0,0.0
pair,A08_100_small,A08,small,S_raw,all_queries,350,346,4,350,0,0,350,346,4,4,1.0,1.0,0.011428571428571429,0.9885714285714285,1.0,0.020553866240117007,0.03916963114711812,0.05043934135496102,1.0,1.0
pair,A08_100_small,A08,small,S_raw,B_failures,9,5,4,9,0,0,9,5,4,4,1.0,1.0,0.4444444444444444,0.5555555555555556,1.0,0.03981011781613156,0.04685054530627645,0.048473828863145475,1.0,1.0
pair,A08_100_small,A08,small,S_raw,C_common_not_correct,9,5,4,9,0,0,9,5,4,4,1.0,1.0,0.4444444444444444,0.5555555555555556,1.0,0.03981011781613156,0.04685054530627645,0.048473828863145475,1.0,1.0
pair,A08_100_small,A08,small,S_common,all_queries,350,346,4,350,0,0,346,346,0,0,0.9885714285714285,1.0,0.0,1.0,0.0,0.020553866240117007,0.03916963114711812,0.05043934135496102,1.0,1.0
pair,A08_100_small,A08,small,S_common,B_failures,9,5,4,9,0,0,5,5,0,0,0.5555555555555556,1.0,0.0,1.0,0.0,0.03981011781613156,0.04685054530627645,0.048473828863145475,1.0,1.0
pair,A08_100_small,A08,small,S_common,C_common_not_correct,9,5,4,9,0,0,5,5,0,0,0.5555555555555556,1.0,0.0,1.0,0.0,0.03981011781613156,0.04685054530627645,0.048473828863145475,1.0,1.0
pair,A08_100_large,A08,large,B,all_queries,350,326,24,16,334,0,16,10,6,0,0.045714285714285714,0.03067484662576687,0.017142857142857144,0.625,0.0,0.8978177481342513,127.68947396030762,154.4172502809888,0.024539877300613498,0.03067484662576687
pair,A08_100_large,A08,large,B,B_failures,334,310,24,0,334,0,0,0,0,0,0.0,0.0,0.0,,0.0,,,,0.0,0.0
pair,A08_100_large,A08,large,B,C_common_not_correct,298,274,24,0,298,0,0,0,0,0,0.0,0.0,0.0,,0.0,,,,0.0,0.0
pair,A08_100_large,A08,large,C_raw,all_queries,350,326,24,314,36,5,314,56,258,16,0.8971428571428571,0.17177914110429449,0.7371428571428571,0.17834394904458598,0.6666666666666666,140.6201413683069,201.91294742724372,225.63978959863965,0.17177914110429449,0.17177914110429449
pair,A08_100_large,A08,large,C_raw,B_failures,334,310,24,299,35,5,299,51,248,16,0.8952095808383234,0.16451612903225807,0.7425149700598802,0.1705685618729097,0.6666666666666666,140.96349965973997,201.9838812814274,226.59578921125507,0.16451612903225807,0.16451612903225807
pair,A08_100_large,A08,large,C_raw,C_common_not_correct,298,274,24,263,35,5,263,15,248,16,0.8825503355704698,0.05474452554744526,0.8322147651006712,0.057034220532319393,0.6666666666666666,150.66015877510878,210.9843056735308,227.53991233803495,0.05474452554744526,0.05474452554744526
pair,A08_100_large,A08,large,C_common,all_queries,350,326,24,314,36,5,38,37,1,0,0.10857142857142857,0.11349693251533742,0.002857142857142857,0.9736842105263158,0.0,0.29479326727637145,0.46568844636995976,0.5197741150843656,0.11349693251533742,0.11349693251533742
pair,A08_100_large,A08,large,C_common,B_failures,334,310,24,299,35,5,37,36,1,0,0.11077844311377245,0.11612903225806452,0.0029940119760479044,0.972972972972973,0.0,0.30327709847622775,0.4695842576378357,0.5208574288104122,0.11612903225806452,0.11612903225806452
pair,A08_100_large,A08,large,C_common,C_common_not_correct,298,274,24,263,35,5,1,0,1,0,0.003355704697986577,0.0,0.003355704697986577,0.0,0.0,120.13803116676233,120.13803116676233,120.13803116676233,0.0,0.0
pair,A08_100_large,A08,large,C_production,all_queries,350,326,24,1,349,0,1,1,0,0,0.002857142857142857,0.003067484662576687,0.0,1.0,0.0,0.30327709847622775,0.30327709847622775,0.30327709847622775,0.003067484662576687,0.003067484662576687
pair,A08_100_large,A08,large,C_production,B_failures,334,310,24,1,333,0,1,1,0,0,0.0029940119760479044,0.0032258064516129032,0.0,1.0,0.0,0.30327709847622775,0.30327709847622775,0.30327709847622775,0.0032258064516129032,0.0032258064516129032
pair,A08_100_large,A08,large,C_production,C_common_not_correct,298,274,24,0,298,0,0,0,0,0,0.0,0.0,0.0,,0.0,,,,0.0,0.0
pair,A08_100_large,A08,large,S_raw,all_queries,350,326,24,350,0,21,350,326,24,24,1.0,1.0,0.06857142857142857,0.9314285714285714,1.0,0.10464609021972866,0.18804309811911712,0.2644347136558183,1.0,1.0
pair,A08_100_large,A08,large,S_raw,B_failures,334,310,24,334,0,21,334,310,24,24,1.0,1.0,0.0718562874251497,0.9281437125748503,1.0,0.10403629498809772,0.1886608961433916,0.2714186884018199,1.0,1.0
pair,A08_100_large,A08,large,S_raw,C_common_not_correct,298,274,24,298,0,21,298,274,24,24,1.0,1.0,0.08053691275167785,0.9194630872483222,1.0,0.1086533288328825,0.19798384136390387,0.2809691691131966,1.0,1.0
pair,A08_100_large,A08,large,S_common,all_queries,350,326,24,350,0,21,326,326,0,0,0.9314285714285714,1.0,0.0,1.0,0.0,0.10464609021972866,0.18804309811911712,0.2644347136558183,1.0,1.0
pair,A08_100_large,A08,large,S_common,B_failures,334,310,24,334,0,21,310,310,0,0,0.9281437125748503,1.0,0.0,1.0,0.0,0.10403629498809772,0.1886608961433916,0.2714186884018199,1.0,1.0
pair,A08_100_large,A08,large,S_common,C_common_not_correct,298,274,24,298,0,21,274,274,0,0,0.9194630872483222,1.0,0.0,1.0,0.0,0.1086533288328825,0.19798384136390387,0.2809691691131966,1.0,1.0
pair,A08_100_illumination_blur,A08,illumination_blur,B,all_queries,350,346,4,310,40,0,310,307,3,0,0.8857142857142857,0.8872832369942196,0.008571428571428572,0.9903225806451613,0.0,0.3668842116022034,1.0341745711993524,1.3717078401672467,0.8005780346820809,0.8872832369942196
pair,A08_100_illumination_blur,A08,illumination_blur,B,B_failures,40,36,4,0,40,0,0,0,0,0,0.0,0.0,0.0,,0.0,,,,0.0,0.0
pair,A08_100_illumination_blur,A08,illumination_blur,B,C_common_not_correct,29,25,4,0,29,0,0,0,0,0,0.0,0.0,0.0,,0.0,,,,0.0,0.0
pair,A08_100_illumination_blur,A08,illumination_blur,C_raw,all_queries,350,346,4,348,2,1,348,333,15,2,0.9942857142857143,0.9624277456647399,0.04285714285714286,0.9568965517241379,0.5,0.32458416730753786,1.082154931912262,1.6931056350153253,0.8930635838150289,0.9624277456647399
pair,A08_100_illumination_blur,A08,illumination_blur,C_raw,B_failures,40,36,4,38,2,1,38,26,12,2,0.95,0.7222222222222222,0.3,0.6842105263157895,0.5,0.3445885425010098,11.197775285278206,15.66175706241048,0.6388888888888888,0.7222222222222222
pair,A08_100_illumination_blur,A08,illumination_blur,C_raw,C_common_not_correct,29,25,4,27,2,1,27,15,12,2,0.9310344827586207,0.6,0.41379310344827586,0.5555555555555556,0.5,0.3853205797430579,14.753822587694845,16.263078444206,0.6,0.6
pair,A08_100_illumination_blur,A08,illumination_blur,C_common,all_queries,350,346,4,348,2,1,320,316,4,0,0.9142857142857143,0.9132947976878613,0.011428571428571429,0.9875,0.0,0.32458416730753786,0.868829917888279,1.2992076056535247,0.8439306358381503,0.9132947976878613
pair,A08_100_illumination_blur,A08,illumination_blur,C_common,B_failures,40,36,4,38,2,1,13,11,2,0,0.325,0.3055555555555556,0.05,0.8461538461538461,0.0,0.3429110526882455,2.7268530608426262,2.9770483368578584,0.2222222222222222,0.3055555555555556
pair,A08_100_illumination_blur,A08,illumination_blur,C_common,C_common_not_correct,29,25,4,27,2,1,2,0,2,0,0.06896551724137931,0.0,0.06896551724137931,0.0,0.0,2.9877647875756,3.0306305904465662,3.035988815805437,0.0,0.0
pair,A08_100_illumination_blur,A08,illumination_blur,C_production,all_queries,350,346,4,13,337,0,13,11,2,0,0.037142857142857144,0.031791907514450865,0.005714285714285714,0.8461538461538461,0.0,0.3429110526882455,2.7268530608426262,2.9770483368578584,0.023121387283236993,0.031791907514450865
pair,A08_100_illumination_blur,A08,illumination_blur,C_production,B_failures,40,36,4,13,27,0,13,11,2,0,0.325,0.3055555555555556,0.05,0.8461538461538461,0.0,0.3429110526882455,2.7268530608426262,2.9770483368578584,0.2222222222222222,0.3055555555555556
pair,A08_100_illumination_blur,A08,illumination_blur,C_production,C_common_not_correct,29,25,4,2,27,0,2,0,2,0,0.06896551724137931,0.0,0.06896551724137931,0.0,0.0,2.9877647875756,3.0306305904465662,3.035988815805437,0.0,0.0
pair,A08_100_illumination_blur,A08,illumination_blur,S_raw,all_queries,350,346,4,350,0,4,350,346,4,4,1.0,1.0,0.011428571428571429,0.9885714285714285,1.0,0.04700523288602325,0.10733980583494125,0.12687210678007638,1.0,1.0
pair,A08_100_illumination_blur,A08,illumination_blur,S_raw,B_failures,40,36,4,40,0,4,40,36,4,4,1.0,1.0,0.1,0.9,1.0,0.09444453837143663,0.14884766037328026,0.19009725821145967,1.0,1.0
pair,A08_100_illumination_blur,A08,illumination_blur,S_raw,C_common_not_correct,29,25,4,29,0,4,29,25,4,4,1.0,1.0,0.13793103448275862,0.8620689655172413,1.0,0.09888763715816017,0.14950848661777386,0.1846695113250689,1.0,1.0
pair,A08_100_illumination_blur,A08,illumination_blur,S_common,all_queries,350,346,4,350,0,4,346,346,0,0,0.9885714285714285,1.0,0.0,1.0,0.0,0.04700523288602325,0.10733980583494125,0.12687210678007638,1.0,1.0
pair,A08_100_illumination_blur,A08,illumination_blur,S_common,B_failures,40,36,4,40,0,4,36,36,0,0,0.9,1.0,0.0,1.0,0.0,0.09444453837143663,0.14884766037328026,0.19009725821145967,1.0,1.0
pair,A08_100_illumination_blur,A08,illumination_blur,S_common,C_common_not_correct,29,25,4,29,0,4,25,25,0,0,0.8620689655172413,1.0,0.0,1.0,0.0,0.09888763715816017,0.14950848661777386,0.1846695113250689,1.0,1.0
pair,A08_100_outside_occluded,A08,outside_occluded,B,all_queries,350,235,115,97,253,0,97,95,2,2,0.27714285714285714,0.40425531914893614,0.005714285714285714,0.979381443298969,0.017391304347826087,0.2326886741610032,0.661148577928699,0.7905449336011288,0.39574468085106385,0.40425531914893614
pair,A08_100_outside_occluded,A08,outside_occluded,B,B_failures,253,140,113,0,253,0,0,0,0,0,0.0,0.0,0.0,,0.0,,,,0.0,0.0
pair,A08_100_outside_occluded,A08,outside_occluded,B,C_common_not_correct,131,18,113,0,131,0,0,0,0,0,0.0,0.0,0.0,,0.0,,,,0.0,0.0
pair,A08_100_outside_occluded,A08,outside_occluded,C_raw,all_queries,350,235,115,337,13,5,337,223,114,103,0.9628571428571429,0.948936170212766,0.32571428571428573,0.6617210682492581,0.8956521739130435,0.22895325568772476,0.7193412330683159,1.7232901823961806,0.9276595744680851,0.948936170212766
pair,A08_100_outside_occluded,A08,outside_occluded,C_raw,B_failures,253,140,113,240,13,5,240,132,108,101,0.9486166007905138,0.9428571428571428,0.4268774703557312,0.55,0.8938053097345132,0.21702098049607496,0.7014817406867655,2.2563839141686626,0.9214285714285714,0.9428571428571428
pair,A08_100_outside_occluded,A08,outside_occluded,C_raw,C_common_not_correct,131,18,113,118,13,5,118,10,108,101,0.9007633587786259,0.5555555555555556,0.8244274809160306,0.0847457627118644,0.8938053097345132,1.6981762058465857,114.1514893396479,136.74575110326444,0.4444444444444444,0.5555555555555556
pair,A08_100_outside_occluded,A08,outside_occluded,C_common,all_queries,350,235,115,337,13,5,217,212,5,5,0.62,0.902127659574468,0.014285714285714285,0.9769585253456221,0.043478260869565216,0.21644639099543478,0.5971696851811743,0.681599298797422,0.8893617021276595,0.902127659574468
pair,A08_100_outside_occluded,A08,outside_occluded,C_common,B_failures,253,140,113,240,13,5,127,122,5,5,0.5019762845849802,0.8714285714285714,0.019762845849802372,0.9606299212598425,0.04424778761061947,0.2055232478864181,0.5512633318850482,0.6718877809968461,0.8642857142857143,0.8714285714285714
pair,A08_100_outside_occluded,A08,outside_occluded,C_common,C_common_not_correct,131,18,113,118,13,5,5,0,5,5,0.03816793893129771,0.0,0.03816793893129771,0.0,0.04424778761061947,,,,0.0,0.0
pair,A08_100_outside_occluded,A08,outside_occluded,C_production,all_queries,350,235,115,122,228,0,122,121,1,1,0.3485714285714286,0.5148936170212766,0.002857142857142857,0.9918032786885246,0.008695652173913044,0.20359497388511288,0.5213659440955074,0.6704544981141963,0.5106382978723404,0.5148936170212766
pair,A08_100_outside_occluded,A08,outside_occluded,C_production,B_failures,253,140,113,122,131,0,122,121,1,1,0.48221343873517786,0.8642857142857143,0.003952569169960474,0.9918032786885246,0.008849557522123894,0.20359497388511288,0.5213659440955074,0.6704544981141963,0.8571428571428571,0.8642857142857143
pair,A08_100_outside_occluded,A08,outside_occluded,C_production,C_common_not_correct,131,18,113,1,130,0,1,0,1,1,0.007633587786259542,0.0,0.007633587786259542,0.0,0.008849557522123894,,,,0.0,0.0
pair,A08_100_outside_occluded,A08,outside_occluded,S_raw,all_queries,350,235,115,350,0,16,350,235,115,115,1.0,1.0,0.32857142857142857,0.6714285714285714,1.0,0.0657847807175852,0.1321937228692948,0.1557964356735552,1.0,1.0
pair,A08_100_outside_occluded,A08,outside_occluded,S_raw,B_failures,253,140,113,253,0,16,253,140,113,113,1.0,1.0,0.44664031620553357,0.5533596837944664,1.0,0.06763924827178812,0.13114535044620423,0.14198543437028252,1.0,1.0
pair,A08_100_outside_occluded,A08,outside_occluded,S_raw,C_common_not_correct,131,18,113,131,0,16,131,18,113,113,1.0,1.0,0.8625954198473282,0.13740458015267176,1.0,0.08955119889810939,0.13336083458463505,0.1483205974915411,1.0,1.0
pair,A08_100_outside_occluded,A08,outside_occluded,S_common,all_queries,350,235,115,350,0,16,241,235,6,6,0.6885714285714286,1.0,0.017142857142857144,0.975103734439834,0.05217391304347826,0.0657847807175852,0.1321937228692948,0.1557964356735552,1.0,1.0
pair,A08_100_outside_occluded,A08,outside_occluded,S_common,B_failures,253,140,113,253,0,16,145,140,5,5,0.5731225296442688,1.0,0.019762845849802372,0.9655172413793104,0.04424778761061947,0.06763924827178812,0.13114535044620423,0.14198543437028252,1.0,1.0
pair,A08_100_outside_occluded,A08,outside_occluded,S_common,C_common_not_correct,131,18,113,131,0,16,23,18,5,5,0.17557251908396945,1.0,0.03816793893129771,0.782608695652174,0.04424778761061947,0.08955119889810939,0.13336083458463505,0.1483205974915411,1.0,1.0
pair,A08_150_small,A08,small,B,all_queries,350,347,3,343,7,0,343,343,0,0,0.98,0.9884726224783862,0.0,1.0,0.0,0.04053637845936928,0.10088551622937507,0.15114341410282886,0.9884726224783862,0.9884726224783862
pair,A08_150_small,A08,small,B,B_failures,7,4,3,0,7,0,0,0,0,0,0.0,0.0,0.0,,0.0,,,,0.0,0.0
pair,A08_150_small,A08,small,B,C_common_not_correct,7,4,3,0,7,0,0,0,0,0,0.0,0.0,0.0,,0.0,,,,0.0,0.0
pair,A08_150_small,A08,small,C_raw,all_queries,350,347,3,350,0,0,350,347,3,3,1.0,1.0,0.008571428571428572,0.9914285714285714,1.0,0.04064264124960087,0.08883812514574341,0.11660889312398066,1.0,1.0
pair,A08_150_small,A08,small,C_raw,B_failures,7,4,3,7,0,0,7,4,3,3,1.0,1.0,0.42857142857142855,0.5714285714285714,1.0,0.06525328348606468,0.13089733179476676,0.13997813019739097,1.0,1.0
pair,A08_150_small,A08,small,C_raw,C_common_not_correct,7,4,3,7,0,0,7,4,3,3,1.0,1.0,0.42857142857142855,0.5714285714285714,1.0,0.06525328348606468,0.13089733179476676,0.13997813019739097,1.0,1.0
pair,A08_150_small,A08,small,C_common,all_queries,350,347,3,350,0,0,343,343,0,0,0.98,0.9884726224783862,0.0,1.0,0.0,0.04058915853915177,0.08797932679072991,0.11281558341499977,0.9884726224783862,0.9884726224783862
pair,A08_150_small,A08,small,C_common,B_failures,7,4,3,7,0,0,0,0,0,0,0.0,0.0,0.0,,0.0,,,,0.0,0.0
pair,A08_150_small,A08,small,C_common,C_common_not_correct,7,4,3,7,0,0,0,0,0,0,0.0,0.0,0.0,,0.0,,,,0.0,0.0
pair,A08_150_small,A08,small,C_production,all_queries,350,347,3,0,350,0,0,0,0,0,0.0,0.0,0.0,,0.0,,,,0.0,0.0
pair,A08_150_small,A08,small,C_production,B_failures,7,4,3,0,7,0,0,0,0,0,0.0,0.0,0.0,,0.0,,,,0.0,0.0
pair,A08_150_small,A08,small,C_production,C_common_not_correct,7,4,3,0,7,0,0,0,0,0,0.0,0.0,0.0,,0.0,,,,0.0,0.0
pair,A08_150_small,A08,small,S_raw,all_queries,350,347,3,350,0,0,350,347,3,3,1.0,1.0,0.008571428571428572,0.9914285714285714,1.0,0.024604021756170217,0.04839423215801257,0.06238100071114353,1.0,1.0
pair,A08_150_small,A08,small,S_raw,B_failures,7,4,3,7,0,0,7,4,3,3,1.0,1.0,0.42857142857142855,0.5714285714285714,1.0,0.06319764407543503,0.089057554313748,0.09412945689055806,1.0,1.0
pair,A08_150_small,A08,small,S_raw,C_common_not_correct,7,4,3,7,0,0,7,4,3,3,1.0,1.0,0.42857142857142855,0.5714285714285714,1.0,0.06319764407543503,0.089057554313748,0.09412945689055806,1.0,1.0
pair,A08_150_small,A08,small,S_common,all_queries,350,347,3,350,0,0,347,347,0,0,0.9914285714285714,1.0,0.0,1.0,0.0,0.024604021756170217,0.04839423215801257,0.06238100071114353,1.0,1.0
pair,A08_150_small,A08,small,S_common,B_failures,7,4,3,7,0,0,4,4,0,0,0.5714285714285714,1.0,0.0,1.0,0.0,0.06319764407543503,0.089057554313748,0.09412945689055806,1.0,1.0
pair,A08_150_small,A08,small,S_common,C_common_not_correct,7,4,3,7,0,0,4,4,0,0,0.5714285714285714,1.0,0.0,1.0,0.0,0.06319764407543503,0.089057554313748,0.09412945689055806,1.0,1.0
pair,A08_150_large,A08,large,B,all_queries,350,333,17,5,345,0,5,3,2,0,0.014285714285714285,0.009009009009009009,0.005714285714285714,0.6,0.0,0.7565362069718595,126.29715447583303,139.11359614939408,0.009009009009009009,0.009009009009009009
pair,A08_150_large,A08,large,B,B_failures,345,328,17,0,345,0,0,0,0,0,0.0,0.0,0.0,,0.0,,,,0.0,0.0
pair,A08_150_large,A08,large,B,C_common_not_correct,321,304,17,0,321,0,0,0,0,0,0.0,0.0,0.0,,0.0,,,,0.0,0.0
pair,A08_150_large,A08,large,C_raw,all_queries,350,333,17,327,23,3,327,50,277,16,0.9342857142857143,0.15015015015015015,0.7914285714285715,0.1529051987767584,0.9411764705882353,155.10760043527526,213.10993958469243,234.3133525408258,0.15015015015015015,0.15015015015015015
pair,A08_150_large,A08,large,C_raw,B_failures,345,328,17,322,23,3,322,49,273,16,0.9333333333333333,0.14939024390243902,0.7913043478260869,0.15217391304347827,0.9411764705882353,155.27128459827583,213.25328285803351,234.9600839481796,0.14939024390243902,0.14939024390243902
pair,A08_150_large,A08,large,C_raw,C_common_not_correct,321,304,17,298,23,3,298,25,273,16,0.9283489096573209,0.08223684210526316,0.8504672897196262,0.08389261744966443,0.9411764705882353,161.6861796733734,215.5729947093426,235.7016791120881,0.08223684210526316,0.08223684210526316
pair,A08_150_large,A08,large,C_common,all_queries,350,333,17,327,23,3,25,25,0,0,0.07142857142857142,0.07507507507507508,0.0,1.0,0.0,0.23626468517319088,0.4896613421669133,0.5437616741097451,0.07507507507507508,0.07507507507507508
pair,A08_150_large,A08,large,C_common,B_failures,345,328,17,322,23,3,24,24,0,0,0.06956521739130435,0.07317073170731707,0.0,1.0,0.0,0.23437881185174003,0.4970490783391197,0.5452960108131205,0.07317073170731707,0.07317073170731707
pair,A08_150_large,A08,large,C_common,C_common_not_correct,321,304,17,298,23,3,0,0,0,0,0.0,0.0,0.0,,0.0,,,,0.0,0.0
pair,A08_150_large,A08,large,C_production,all_queries,350,333,17,0,350,0,0,0,0,0,0.0,0.0,0.0,,0.0,,,,0.0,0.0
pair,A08_150_large,A08,large,C_production,B_failures,345,328,17,0,345,0,0,0,0,0,0.0,0.0,0.0,,0.0,,,,0.0,0.0
pair,A08_150_large,A08,large,C_production,C_common_not_correct,321,304,17,0,321,0,0,0,0,0,0.0,0.0,0.0,,0.0,,,,0.0,0.0
pair,A08_150_large,A08,large,S_raw,all_queries,350,333,17,350,0,15,350,333,17,17,1.0,1.0,0.04857142857142857,0.9514285714285714,1.0,0.10489251561949321,0.19602620666549853,0.24480571709347174,1.0,1.0
pair,A08_150_large,A08,large,S_raw,B_failures,345,328,17,345,0,15,345,328,17,17,1.0,1.0,0.04927536231884058,0.9507246376811594,1.0,0.10600588866992741,0.1969355686461852,0.2476113691400409,1.0,1.0
pair,A08_150_large,A08,large,S_raw,C_common_not_correct,321,304,17,321,0,15,321,304,17,17,1.0,1.0,0.0529595015576324,0.9470404984423676,1.0,0.10815767945413593,0.20185073998303868,0.25568184151972484,1.0,1.0
pair,A08_150_large,A08,large,S_common,all_queries,350,333,17,350,0,15,333,333,0,0,0.9514285714285714,1.0,0.0,1.0,0.0,0.10489251561949321,0.19602620666549853,0.24480571709347174,1.0,1.0
pair,A08_150_large,A08,large,S_common,B_failures,345,328,17,345,0,15,328,328,0,0,0.9507246376811594,1.0,0.0,1.0,0.0,0.10600588866992741,0.1969355686461852,0.2476113691400409,1.0,1.0
pair,A08_150_large,A08,large,S_common,C_common_not_correct,321,304,17,321,0,15,304,304,0,0,0.9470404984423676,1.0,0.0,1.0,0.0,0.10815767945413593,0.20185073998303868,0.25568184151972484,1.0,1.0
pair,A08_150_illumination_blur,A08,illumination_blur,B,all_queries,350,348,2,322,28,0,322,318,4,0,0.92,0.9137931034482759,0.011428571428571429,0.9875776397515528,0.0,0.3270097858693267,1.0175055137357394,1.3328853248990544,0.8304597701149425,0.9137931034482759
pair,A08_150_illumination_blur,A08,illumination_blur,B,B_failures,28,26,2,0,28,0,0,0,0,0,0.0,0.0,0.0,,0.0,,,,0.0,0.0
pair,A08_150_illumination_blur,A08,illumination_blur,B,C_common_not_correct,17,15,2,0,17,0,0,0,0,0,0.0,0.0,0.0,,0.0,,,,0.0,0.0
pair,A08_150_illumination_blur,A08,illumination_blur,C_raw,all_queries,350,348,2,350,0,1,350,342,8,2,1.0,0.9827586206896551,0.022857142857142857,0.9771428571428571,1.0,0.318381277800322,0.8462977537891531,1.1219530492209362,0.9252873563218391,0.9827586206896551
pair,A08_150_illumination_blur,A08,illumination_blur,C_raw,B_failures,28,26,2,28,0,1,28,23,5,2,1.0,0.8846153846153846,0.17857142857142858,0.8214285714285714,1.0,0.469457185024981,1.9288637705860125,2.990155102108918,0.7692307692307693,0.8846153846153846
pair,A08_150_illumination_blur,A08,illumination_blur,C_raw,C_common_not_correct,17,15,2,17,0,1,17,12,5,2,1.0,0.8,0.29411764705882354,0.7058823529411765,1.0,0.5197184538851561,2.8837171792340706,4.480562928691617,0.8,0.8
pair,A08_150_illumination_blur,A08,illumination_blur,C_common,all_queries,350,348,2,350,0,1,329,326,3,0,0.94,0.9367816091954023,0.008571428571428572,0.9908814589665653,0.0,0.30774427673186494,0.8443556580971299,1.0835637539052785,0.8793103448275862,0.9367816091954023
pair,A08_150_illumination_blur,A08,illumination_blur,C_common,B_failures,28,26,2,28,0,1,12,11,1,0,0.42857142857142855,0.4230769230769231,0.03571428571428571,0.9166666666666666,0.0,0.4166609086851605,1.3996975577008581,1.8759535988711447,0.3076923076923077,0.4230769230769231
pair,A08_150_illumination_blur,A08,illumination_blur,C_common,C_common_not_correct,17,15,2,17,0,1,1,0,1,0,0.058823529411764705,0.0,0.058823529411764705,0.0,0.0,2.457965487734683,2.457965487734683,2.457965487734683,0.0,0.0
pair,A08_150_illumination_blur,A08,illumination_blur,C_production,all_queries,350,348,2,11,339,0,11,11,0,0,0.03142857142857143,0.031609195402298854,0.0,1.0,0.0,0.39613406809907403,1.3991170960725023,1.3994395747549222,0.022988505747126436,0.031609195402298854
pair,A08_150_illumination_blur,A08,illumination_blur,C_production,B_failures,28,26,2,11,17,0,11,11,0,0,0.39285714285714285,0.4230769230769231,0.0,1.0,0.0,0.39613406809907403,1.3991170960725023,1.3994395747549222,0.3076923076923077,0.4230769230769231
pair,A08_150_illumination_blur,A08,illumination_blur,C_production,C_common_not_correct,17,15,2,0,17,0,0,0,0,0,0.0,0.0,0.0,,0.0,,,,0.0,0.0
pair,A08_150_illumination_blur,A08,illumination_blur,S_raw,all_queries,350,348,2,350,0,1,350,348,2,2,1.0,1.0,0.005714285714285714,0.9942857142857143,1.0,0.04134100950928353,0.08850630082579634,0.09787307803256887,1.0,1.0
pair,A08_150_illumination_blur,A08,illumination_blur,S_raw,B_failures,28,26,2,28,0,1,28,26,2,2,1.0,1.0,0.07142857142857142,0.9285714285714286,1.0,0.05236422357952328,0.10510890971532043,0.1107682430689727,1.0,1.0
pair,A08_150_illumination_blur,A08,illumination_blur,S_raw,C_common_not_correct,17,15,2,17,0,1,17,15,2,2,1.0,1.0,0.11764705882352941,0.8823529411764706,1.0,0.07909412395635797,0.11059471624290605,0.1332531198005655,1.0,1.0
pair,A08_150_illumination_blur,A08,illumination_blur,S_common,all_queries,350,348,2,350,0,1,348,348,0,0,0.9942857142857143,1.0,0.0,1.0,0.0,0.04134100950928353,0.08850630082579634,0.09787307803256887,1.0,1.0
pair,A08_150_illumination_blur,A08,illumination_blur,S_common,B_failures,28,26,2,28,0,1,26,26,0,0,0.9285714285714286,1.0,0.0,1.0,0.0,0.05236422357952328,0.10510890971532043,0.1107682430689727,1.0,1.0
pair,A08_150_illumination_blur,A08,illumination_blur,S_common,C_common_not_correct,17,15,2,17,0,1,15,15,0,0,0.8823529411764706,1.0,0.0,1.0,0.0,0.07909412395635797,0.11059471624290605,0.1332531198005655,1.0,1.0
pair,A08_150_outside_occluded,A08,outside_occluded,B,all_queries,350,226,124,82,268,0,82,81,1,0,0.2342857142857143,0.3584070796460177,0.002857142857142857,0.9878048780487805,0.0,0.23943978047668246,0.8429932108448077,0.9131888149480096,0.34513274336283184,0.3584070796460177
pair,A08_150_outside_occluded,A08,outside_occluded,B,B_failures,268,144,124,0,268,0,0,0,0,0,0.0,0.0,0.0,,0.0,,,,0.0,0.0
pair,A08_150_outside_occluded,A08,outside_occluded,B,C_common_not_correct,175,51,124,0,175,0,0,0,0,0,0.0,0.0,0.0,,0.0,,,,0.0,0.0
pair,A08_150_outside_occluded,A08,outside_occluded,C_raw,all_queries,350,226,124,342,8,2,342,187,155,116,0.9771428571428571,0.827433628318584,0.44285714285714284,0.5467836257309941,0.9354838709677419,0.31518793780261245,120.46130493110485,140.17457702253532,0.8008849557522124,0.827433628318584
pair,A08_150_outside_occluded,A08,outside_occluded,C_raw,B_failures,268,144,124,260,8,2,260,107,153,116,0.9701492537313433,0.7430555555555556,0.5708955223880597,0.4115384615384615,0.9354838709677419,0.334184833026853,126.41099874562637,147.4661537045061,0.7013888888888888,0.7430555555555556
pair,A08_150_outside_occluded,A08,outside_occluded,C_raw,C_common_not_correct,175,51,124,167,8,2,167,14,153,116,0.9542857142857143,0.27450980392156865,0.8742857142857143,0.08383233532934131,0.9354838709677419,112.02557987003446,150.73157107011653,171.16432749991753,0.2549019607843137,0.27450980392156865
pair,A08_150_outside_occluded,A08,outside_occluded,C_common,all_queries,350,226,124,342,8,2,176,172,4,3,0.5028571428571429,0.7610619469026548,0.011428571428571429,0.9772727272727273,0.024193548387096774,0.23807631845885105,0.6139625150818545,0.8009427650586949,0.7389380530973452,0.7610619469026548
pair,A08_150_outside_occluded,A08,outside_occluded,C_common,B_failures,268,144,124,260,8,2,96,93,3,3,0.3582089552238806,0.6458333333333334,0.011194029850746268,0.96875,0.024193548387096774,0.2555693242596256,0.5449209033928024,0.9028703489312526,0.6111111111111112,0.6458333333333334
pair,A08_150_outside_occluded,A08,outside_occluded,C_common,C_common_not_correct,175,51,124,167,8,2,3,0,3,3,0.017142857142857144,0.0,0.017142857142857144,0.0,0.024193548387096774,,,,0.0,0.0
pair,A08_150_outside_occluded,A08,outside_occluded,C_production,all_queries,350,226,124,93,257,0,93,93,0,0,0.26571428571428574,0.41150442477876104,0.0,1.0,0.0,0.2555693242596256,0.5449209033928024,0.9028703489312526,0.3893805309734513,0.41150442477876104
pair,A08_150_outside_occluded,A08,outside_occluded,C_production,B_failures,268,144,124,93,175,0,93,93,0,0,0.34701492537313433,0.6458333333333334,0.0,1.0,0.0,0.2555693242596256,0.5449209033928024,0.9028703489312526,0.6111111111111112,0.6458333333333334
pair,A08_150_outside_occluded,A08,outside_occluded,C_production,C_common_not_correct,175,51,124,0,175,0,0,0,0,0,0.0,0.0,0.0,,0.0,,,,0.0,0.0
pair,A08_150_outside_occluded,A08,outside_occluded,S_raw,all_queries,350,226,124,350,0,15,350,226,124,124,1.0,1.0,0.35428571428571426,0.6457142857142857,1.0,0.0828735513449312,0.15733669223015806,0.1778347637267261,1.0,1.0
pair,A08_150_outside_occluded,A08,outside_occluded,S_raw,B_failures,268,144,124,268,0,15,268,144,124,124,1.0,1.0,0.4626865671641791,0.5373134328358209,1.0,0.09006727652230079,0.1609680932658865,0.17496093637241014,1.0,1.0
pair,A08_150_outside_occluded,A08,outside_occluded,S_raw,C_common_not_correct,175,51,124,175,0,15,175,51,124,124,1.0,1.0,0.7085714285714285,0.2914285714285714,1.0,0.08287309296800412,0.1573284939399951,0.1724606609083051,1.0,1.0
pair,A08_150_outside_occluded,A08,outside_occluded,S_common,all_queries,350,226,124,350,0,15,233,226,7,7,0.6657142857142857,1.0,0.02,0.9699570815450643,0.056451612903225805,0.0828735513449312,0.15733669223015806,0.1778347637267261,1.0,1.0
pair,A08_150_outside_occluded,A08,outside_occluded,S_common,B_failures,268,144,124,268,0,15,151,144,7,7,0.5634328358208955,1.0,0.026119402985074626,0.9536423841059603,0.056451612903225805,0.09006727652230079,0.1609680932658865,0.17496093637241014,1.0,1.0
pair,A08_150_outside_occluded,A08,outside_occluded,S_common,C_common_not_correct,175,51,124,175,0,15,58,51,7,7,0.3314285714285714,1.0,0.04,0.8793103448275862,0.056451612903225805,0.08287309296800412,0.1573284939399951,0.1724606609083051,1.0,1.0
pair,H02_0_small,H02,small,B,all_queries,350,335,15,322,28,0,322,322,0,0,0.92,0.9611940298507463,0.0,1.0,0.0,0.03781813889368766,0.1217178820600674,0.16254523747951083,0.9611940298507463,0.9611940298507463
pair,H02_0_small,H02,small,B,B_failures,28,13,15,0,28,0,0,0,0,0,0.0,0.0,0.0,,0.0,,,,0.0,0.0
pair,H02_0_small,H02,small,B,C_common_not_correct,24,9,15,0,24,0,0,0,0,0,0.0,0.0,0.0,,0.0,,,,0.0,0.0
pair,H02_0_small,H02,small,C_raw,all_queries,350,335,15,350,0,2,350,335,15,15,1.0,1.0,0.04285714285714286,0.9571428571428572,1.0,0.040169692235837225,0.11443049787914077,0.1591659502911045,1.0,1.0
pair,H02_0_small,H02,small,C_raw,B_failures,28,13,15,28,0,2,28,13,15,15,1.0,1.0,0.5357142857142857,0.4642857142857143,1.0,0.07472610860245499,0.3217011411438547,0.3514672132558187,1.0,1.0
pair,H02_0_small,H02,small,C_raw,C_common_not_correct,24,9,15,24,0,2,24,9,15,15,1.0,1.0,0.625,0.375,1.0,0.07954288347299877,0.3408848674364275,0.3620495590752101,1.0,1.0
pair,H02_0_small,H02,small,C_common,all_queries,350,335,15,350,0,2,324,324,0,0,0.9257142857142857,0.9671641791044776,0.0,1.0,0.0,0.03955383662407452,0.11065463884277024,0.14534673416888969,0.9671641791044776,0.9671641791044776
pair,H02_0_small,H02,small,C_common,B_failures,28,13,15,28,0,2,4,4,0,0,0.14285714285714285,0.3076923076923077,0.0,1.0,0.0,0.062149599157208024,0.09119640455032965,0.09472575368201706,0.3076923076923077,0.3076923076923077
pair,H02_0_small,H02,small,C_common,C_common_not_correct,24,9,15,24,0,2,0,0,0,0,0.0,0.0,0.0,,0.0,,,,0.0,0.0
pair,H02_0_small,H02,small,C_production,all_queries,350,335,15,4,346,0,4,4,0,0,0.011428571428571429,0.011940298507462687,0.0,1.0,0.0,0.062149599157208024,0.09119640455032965,0.09472575368201706,0.011940298507462687,0.011940298507462687
pair,H02_0_small,H02,small,C_production,B_failures,28,13,15,4,24,0,4,4,0,0,0.14285714285714285,0.3076923076923077,0.0,1.0,0.0,0.062149599157208024,0.09119640455032965,0.09472575368201706,0.3076923076923077,0.3076923076923077
pair,H02_0_small,H02,small,C_production,C_common_not_correct,24,9,15,0,24,0,0,0,0,0,0.0,0.0,0.0,,0.0,,,,0.0,0.0
pair,H02_0_small,H02,small,S_raw,all_queries,350,335,15,350,0,2,350,335,15,15,1.0,1.0,0.04285714285714286,0.9571428571428572,1.0,0.03289456402389105,0.06377261034102373,0.07863132980717104,1.0,1.0
pair,H02_0_small,H02,small,S_raw,B_failures,28,13,15,28,0,2,28,13,15,15,1.0,1.0,0.5357142857142857,0.4642857142857143,1.0,0.07405386788651437,0.11409871364129047,0.11834899973931307,1.0,1.0
pair,H02_0_small,H02,small,S_raw,C_common_not_correct,24,9,15,24,0,2,24,9,15,15,1.0,1.0,0.625,0.375,1.0,0.05114666737242211,0.11344462732964841,0.11388068487074311,1.0,1.0
pair,H02_0_small,H02,small,S_common,all_queries,350,335,15,350,0,2,335,335,0,0,0.9571428571428572,1.0,0.0,1.0,0.0,0.03289456402389105,0.06377261034102373,0.07863132980717104,1.0,1.0
pair,H02_0_small,H02,small,S_common,B_failures,28,13,15,28,0,2,13,13,0,0,0.4642857142857143,1.0,0.0,1.0,0.0,0.07405386788651437,0.11409871364129047,0.11834899973931307,1.0,1.0
pair,H02_0_small,H02,small,S_common,C_common_not_correct,24,9,15,24,0,2,9,9,0,0,0.375,1.0,0.0,1.0,0.0,0.05114666737242211,0.11344462732964841,0.11388068487074311,1.0,1.0
pair,H02_0_large,H02,large,B,all_queries,350,293,57,138,212,0,138,137,1,1,0.3942857142857143,0.46757679180887374,0.002857142857142857,0.9927536231884058,0.017543859649122806,0.21402046882180628,0.422931709090605,0.46743727676605296,0.46757679180887374,0.46757679180887374
pair,H02_0_large,H02,large,B,B_failures,212,156,56,0,212,0,0,0,0,0,0.0,0.0,0.0,,0.0,,,,0.0,0.0
pair,H02_0_large,H02,large,B,C_common_not_correct,124,68,56,0,124,0,0,0,0,0,0.0,0.0,0.0,,0.0,,,,0.0,0.0
pair,H02_0_large,H02,large,C_raw,all_queries,350,293,57,305,45,6,305,287,18,17,0.8714285714285714,0.9795221843003413,0.05142857142857143,0.940983606557377,0.2982456140350877,0.26793868104401686,0.6016446148717174,0.6526729666410719,0.9761092150170648,0.9795221843003413
pair,H02_0_large,H02,large,C_raw,B_failures,212,156,56,172,40,6,172,155,17,16,0.8113207547169812,0.9935897435897436,0.08018867924528301,0.9011627906976745,0.2857142857142857,0.24625169750968018,0.549758426574606,0.6301945439180764,0.9871794871794872,0.9935897435897436
pair,H02_0_large,H02,large,C_raw,C_common_not_correct,124,68,56,84,40,6,84,67,17,16,0.6774193548387096,0.9852941176470589,0.13709677419354838,0.7976190476190477,0.2857142857142857,0.31385665257742157,0.6303693408566311,0.8024943592542568,0.9705882352941176,0.9852941176470589
pair,H02_0_large,H02,large,C_common,all_queries,350,293,57,305,45,6,213,213,0,0,0.6085714285714285,0.726962457337884,0.0,1.0,0.0,0.25055919898152823,0.5908538630301485,0.6309613390836636,0.726962457337884,0.726962457337884
pair,H02_0_large,H02,large,C_common,B_failures,212,156,56,172,40,6,88,88,0,0,0.41509433962264153,0.5641025641025641,0.0,1.0,0.0,0.2161926885704457,0.43796793601162126,0.5391215492928564,0.5641025641025641,0.5641025641025641
pair,H02_0_large,H02,large,C_common,C_common_not_correct,124,68,56,84,40,6,0,0,0,0,0.0,0.0,0.0,,0.0,,,,0.0,0.0
pair,H02_0_large,H02,large,C_production,all_queries,350,293,57,86,264,0,86,86,0,0,0.24571428571428572,0.2935153583617747,0.0,1.0,0.0,0.2150474179096396,0.4189065084556538,0.48002230283521774,0.2935153583617747,0.2935153583617747
pair,H02_0_large,H02,large,C_production,B_failures,212,156,56,86,126,0,86,86,0,0,0.4056603773584906,0.5512820512820513,0.0,1.0,0.0,0.2150474179096396,0.4189065084556538,0.48002230283521774,0.5512820512820513,0.5512820512820513
pair,H02_0_large,H02,large,C_production,C_common_not_correct,124,68,56,0,124,0,0,0,0,0,0.0,0.0,0.0,,0.0,,,,0.0,0.0
pair,H02_0_large,H02,large,S_raw,all_queries,350,293,57,350,0,46,350,293,57,57,1.0,1.0,0.16285714285714287,0.8371428571428572,1.0,0.11759555210412168,0.21502779140386477,0.2565735613582259,1.0,1.0
pair,H02_0_large,H02,large,S_raw,B_failures,212,156,56,212,0,46,212,156,56,56,1.0,1.0,0.2641509433962264,0.7358490566037735,1.0,0.11959650204522501,0.23652446583525055,0.3136064483833346,1.0,1.0
pair,H02_0_large,H02,large,S_raw,C_common_not_correct,124,68,56,124,0,46,124,68,56,56,1.0,1.0,0.45161290322580644,0.5483870967741935,1.0,0.14356794239733797,0.3153856214725473,0.38964284469421845,1.0,1.0
pair,H02_0_large,H02,large,S_common,all_queries,350,293,57,350,0,46,293,293,0,0,0.8371428571428572,1.0,0.0,1.0,0.0,0.11759555210412168,0.21502779140386477,0.2565735613582259,1.0,1.0
pair,H02_0_large,H02,large,S_common,B_failures,212,156,56,212,0,46,156,156,0,0,0.7358490566037735,1.0,0.0,1.0,0.0,0.11959650204522501,0.23652446583525055,0.3136064483833346,1.0,1.0
pair,H02_0_large,H02,large,S_common,C_common_not_correct,124,68,56,124,0,46,68,68,0,0,0.5483870967741935,1.0,0.0,1.0,0.0,0.14356794239733797,0.3153856214725473,0.38964284469421845,1.0,1.0
pair,H02_0_illumination_blur,H02,illumination_blur,B,all_queries,350,327,23,188,162,0,188,183,5,0,0.5371428571428571,0.5596330275229358,0.014285714285714285,0.973404255319149,0.0,0.4182399072536571,1.2653040945331682,1.6418665912268104,0.47706422018348627,0.5596330275229358
pair,H02_0_illumination_blur,H02,illumination_blur,B,B_failures,162,139,23,0,162,0,0,0,0,0,0.0,0.0,0.0,,0.0,,,,0.0,0.0
pair,H02_0_illumination_blur,H02,illumination_blur,B,C_common_not_correct,121,98,23,0,121,0,0,0,0,0,0.0,0.0,0.0,,0.0,,,,0.0,0.0
pair,H02_0_illumination_blur,H02,illumination_blur,C_raw,all_queries,350,327,23,325,25,6,325,283,42,5,0.9285714285714286,0.8654434250764526,0.12,0.8707692307692307,0.21739130434782608,0.534002316055108,2.3083248241160446,13.697427338646634,0.7003058103975535,0.8654434250764526
pair,H02_0_illumination_blur,H02,illumination_blur,C_raw,B_failures,162,139,23,137,25,6,137,100,37,5,0.845679012345679,0.7194244604316546,0.22839506172839505,0.7299270072992701,0.21739130434782608,0.9170058162527119,19.66056130501745,55.364024889889166,0.5035971223021583,0.7194244604316546
pair,H02_0_illumination_blur,H02,illumination_blur,C_raw,C_common_not_correct,121,98,23,96,25,6,96,59,37,5,0.7933884297520661,0.6020408163265306,0.30578512396694213,0.6145833333333334,0.21739130434782608,1.0776725720115508,37.70383112490615,57.98514026180892,0.4489795918367347,0.6020408163265306
pair,H02_0_illumination_blur,H02,illumination_blur,C_common,all_queries,350,327,23,325,25,6,220,214,6,0,0.6285714285714286,0.654434250764526,0.017142857142857144,0.9727272727272728,0.0,0.434562369791361,1.2790556615318727,1.5921986021598489,0.5412844036697247,0.654434250764526
pair,H02_0_illumination_blur,H02,illumination_blur,C_common,B_failures,162,139,23,137,25,6,44,41,3,0,0.2716049382716049,0.2949640287769784,0.018518518518518517,0.9318181818181818,0.0,0.8128583599154937,1.474704906020344,2.2186169044098545,0.18705035971223022,0.2949640287769784
pair,H02_0_illumination_blur,H02,illumination_blur,C_common,C_common_not_correct,121,98,23,96,25,6,3,0,3,0,0.024793388429752067,0.0,0.024793388429752067,0.0,0.0,2.673041267843303,2.7819455131013275,2.7955585437585806,0.0,0.0
pair,H02_0_illumination_blur,H02,illumination_blur,C_production,all_queries,350,327,23,32,318,0,32,31,1,0,0.09142857142857143,0.09480122324159021,0.002857142857142857,0.96875,0.0,0.7218801787109259,1.3340668489537355,1.4205376837207238,0.07339449541284404,0.09480122324159021
pair,H02_0_illumination_blur,H02,illumination_blur,C_production,B_failures,162,139,23,32,130,0,32,31,1,0,0.19753086419753085,0.22302158273381295,0.006172839506172839,0.96875,0.0,0.7218801787109259,1.3340668489537355,1.4205376837207238,0.17266187050359713,0.22302158273381295
pair,H02_0_illumination_blur,H02,illumination_blur,C_production,C_common_not_correct,121,98,23,1,120,0,1,0,1,0,0.008264462809917356,0.0,0.008264462809917356,0.0,0.0,2.673041267843303,2.673041267843303,2.673041267843303,0.0,0.0
pair,H02_0_illumination_blur,H02,illumination_blur,S_raw,all_queries,350,327,23,350,0,16,350,327,23,23,1.0,1.0,0.06571428571428571,0.9342857142857143,1.0,0.07216700971834687,0.17609528407815864,0.21219957687239302,1.0,1.0
pair,H02_0_illumination_blur,H02,illumination_blur,S_raw,B_failures,162,139,23,162,0,16,162,139,23,23,1.0,1.0,0.1419753086419753,0.8580246913580247,1.0,0.08340397332889656,0.17841943177527397,0.21747154159677518,1.0,1.0
pair,H02_0_illumination_blur,H02,illumination_blur,S_raw,C_common_not_correct,121,98,23,121,0,16,121,98,23,23,1.0,1.0,0.19008264462809918,0.8099173553719008,1.0,0.0942239177562223,0.1859132876866575,0.26106756364652633,1.0,1.0
pair,H02_0_illumination_blur,H02,illumination_blur,S_common,all_queries,350,327,23,350,0,16,327,327,0,0,0.9342857142857143,1.0,0.0,1.0,0.0,0.07216700971834687,0.17609528407815864,0.21219957687239302,1.0,1.0
pair,H02_0_illumination_blur,H02,illumination_blur,S_common,B_failures,162,139,23,162,0,16,139,139,0,0,0.8580246913580247,1.0,0.0,1.0,0.0,0.08340397332889656,0.17841943177527397,0.21747154159677518,1.0,1.0
pair,H02_0_illumination_blur,H02,illumination_blur,S_common,C_common_not_correct,121,98,23,121,0,16,98,98,0,0,0.8099173553719008,1.0,0.0,1.0,0.0,0.0942239177562223,0.1859132876866575,0.26106756364652633,1.0,1.0
pair,H02_0_outside_occluded,H02,outside_occluded,B,all_queries,350,270,80,68,282,0,68,68,0,0,0.19428571428571428,0.2518518518518518,0.0,1.0,0.0,0.1403394220829588,0.3785463789304381,0.4559797212786227,0.2518518518518518,0.2518518518518518
pair,H02_0_outside_occluded,H02,outside_occluded,B,B_failures,282,202,80,0,282,0,0,0,0,0,0.0,0.0,0.0,,0.0,,,,0.0,0.0
pair,H02_0_outside_occluded,H02,outside_occluded,B,C_common_not_correct,222,142,80,0,222,0,0,0,0,0,0.0,0.0,0.0,,0.0,,,,0.0,0.0
pair,H02_0_outside_occluded,H02,outside_occluded,C_raw,all_queries,350,270,80,327,23,8,327,203,124,66,0.9342857142857143,0.7518518518518519,0.35428571428571426,0.6207951070336392,0.825,0.18070162731636408,81.55063054002798,188.7648005435534,0.7518518518518519,0.7518518518518519
pair,H02_0_outside_occluded,H02,outside_occluded,C_raw,B_failures,282,202,80,259,23,8,259,138,121,66,0.9184397163120568,0.6831683168316832,0.42907801418439717,0.5328185328185329,0.825,0.19077455796548454,103.41338146543205,210.8698948046087,0.6831683168316832,0.6831683168316832
pair,H02_0_outside_occluded,H02,outside_occluded,C_raw,C_common_not_correct,222,142,80,199,23,8,199,78,121,66,0.8963963963963963,0.5492957746478874,0.545045045045045,0.39195979899497485,0.825,0.37272841791446937,186.57417494356483,247.7227980707301,0.5492957746478874,0.5492957746478874
pair,H02_0_outside_occluded,H02,outside_occluded,C_common,all_queries,350,270,80,327,23,8,118,117,1,0,0.33714285714285713,0.43333333333333335,0.002857142857142857,0.9915254237288136,0.0,0.12434811331868305,0.3071886323999079,0.38300223373038167,0.43333333333333335,0.43333333333333335
pair,H02_0_outside_occluded,H02,outside_occluded,C_common,B_failures,282,202,80,259,23,8,61,60,1,0,0.21631205673758866,0.297029702970297,0.0035460992907801418,0.9836065573770492,0.0,0.1164304011382222,0.21483116241958178,0.30717429913727545,0.297029702970297,0.297029702970297
pair,H02_0_outside_occluded,H02,outside_occluded,C_common,C_common_not_correct,222,142,80,199,23,8,1,0,1,0,0.0045045045045045045,0.0,0.0045045045045045045,0.0,0.0,10.946925115417567,10.946925115417567,10.946925115417567,0.0,0.0
pair,H02_0_outside_occluded,H02,outside_occluded,C_production,all_queries,350,270,80,60,290,0,60,60,0,0,0.17142857142857143,0.2222222222222222,0.0,1.0,0.0,0.11296398950881795,0.21214410374849252,0.26708938592522663,0.2222222222222222,0.2222222222222222
pair,H02_0_outside_occluded,H02,outside_occluded,C_production,B_failures,282,202,80,60,222,0,60,60,0,0,0.2127659574468085,0.297029702970297,0.0,1.0,0.0,0.11296398950881795,0.21214410374849252,0.26708938592522663,0.297029702970297,0.297029702970297
pair,H02_0_outside_occluded,H02,outside_occluded,C_production,C_common_not_correct,222,142,80,0,222,0,0,0,0,0,0.0,0.0,0.0,,0.0,,,,0.0,0.0
pair,H02_0_outside_occluded,H02,outside_occluded,S_raw,all_queries,350,270,80,350,0,18,350,270,80,80,1.0,1.0,0.22857142857142856,0.7714285714285715,1.0,0.06929283720376983,0.14181395758237975,0.17215474308395384,1.0,1.0
pair,H02_0_outside_occluded,H02,outside_occluded,S_raw,B_failures,282,202,80,282,0,18,282,202,80,80,1.0,1.0,0.28368794326241137,0.7163120567375887,1.0,0.07402760960354487,0.14318399716561456,0.17113447097311538,1.0,1.0
pair,H02_0_outside_occluded,H02,outside_occluded,S_raw,C_common_not_correct,222,142,80,222,0,18,222,142,80,80,1.0,1.0,0.36036036036036034,0.6396396396396397,1.0,0.08860601817786115,0.1614181109513598,0.1830172926834203,1.0,1.0
pair,H02_0_outside_occluded,H02,outside_occluded,S_common,all_queries,350,270,80,350,0,18,272,268,4,4,0.7771428571428571,0.9925925925925926,0.011428571428571429,0.9852941176470589,0.05,0.06898368180342693,0.14161278039214126,0.1679187696005706,0.9925925925925926,0.9925925925925926
pair,H02_0_outside_occluded,H02,outside_occluded,S_common,B_failures,282,202,80,282,0,18,204,200,4,4,0.723404255319149,0.9900990099009901,0.014184397163120567,0.9803921568627451,0.05,0.07306865576766851,0.14162847548301258,0.1664955548729874,0.9900990099009901,0.9900990099009901
pair,H02_0_outside_occluded,H02,outside_occluded,S_common,C_common_not_correct,222,142,80,222,0,18,144,140,4,4,0.6486486486486487,0.9859154929577465,0.018018018018018018,0.9722222222222222,0.05,0.08774196332062692,0.1555940214370825,0.17479552832314965,0.9859154929577465,0.9859154929577465
pair,H02_50_small,H02,small,B,all_queries,350,337,13,323,27,0,323,323,0,0,0.9228571428571428,0.9584569732937686,0.0,1.0,0.0,0.034671255972933274,0.09688353725555718,0.13378324877335426,0.9584569732937686,0.9584569732937686
pair,H02_50_small,H02,small,B,B_failures,27,14,13,0,27,0,0,0,0,0,0.0,0.0,0.0,,0.0,,,,0.0,0.0
pair,H02_50_small,H02,small,B,C_common_not_correct,27,14,13,0,27,0,0,0,0,0,0.0,0.0,0.0,,0.0,,,,0.0,0.0
pair,H02_50_small,H02,small,C_raw,all_queries,350,337,13,350,0,1,350,337,13,13,1.0,1.0,0.037142857142857144,0.9628571428571429,1.0,0.03556690449768945,0.09604419421077416,0.13219622074738185,1.0,1.0
pair,H02_50_small,H02,small,C_raw,B_failures,27,14,13,27,0,1,27,14,13,13,1.0,1.0,0.48148148148148145,0.5185185185185185,1.0,0.05930023886756736,0.12182111781520868,0.13683870399232106,1.0,1.0
pair,H02_50_small,H02,small,C_raw,C_common_not_correct,27,14,13,27,0,1,27,14,13,13,1.0,1.0,0.48148148148148145,0.5185185185185185,1.0,0.05930023886756736,0.12182111781520868,0.13683870399232106,1.0,1.0
pair,H02_50_small,H02,small,C_common,all_queries,350,337,13,350,0,1,320,320,0,0,0.9142857142857143,0.9495548961424333,0.0,1.0,0.0,0.03480600866284756,0.09475215875392744,0.129971933238963,0.9495548961424333,0.9495548961424333
pair,H02_50_small,H02,small,C_common,B_failures,27,14,13,27,0,1,0,0,0,0,0.0,0.0,0.0,,0.0,,,,0.0,0.0
pair,H02_50_small,H02,small,C_common,C_common_not_correct,27,14,13,27,0,1,0,0,0,0,0.0,0.0,0.0,,0.0,,,,0.0,0.0
pair,H02_50_small,H02,small,C_production,all_queries,350,337,13,0,350,0,0,0,0,0,0.0,0.0,0.0,,0.0,,,,0.0,0.0
pair,H02_50_small,H02,small,C_production,B_failures,27,14,13,0,27,0,0,0,0,0,0.0,0.0,0.0,,0.0,,,,0.0,0.0
pair,H02_50_small,H02,small,C_production,C_common_not_correct,27,14,13,0,27,0,0,0,0,0,0.0,0.0,0.0,,0.0,,,,0.0,0.0
pair,H02_50_small,H02,small,S_raw,all_queries,350,337,13,350,0,1,350,337,13,13,1.0,1.0,0.037142857142857144,0.9628571428571429,1.0,0.01942654788818862,0.05607718394976643,0.0668378109489088,1.0,1.0
pair,H02_50_small,H02,small,S_raw,B_failures,27,14,13,27,0,1,27,14,13,13,1.0,1.0,0.48148148148148145,0.5185185185185185,1.0,0.04927218280952755,0.08844661433235036,0.10297713033777077,1.0,1.0
pair,H02_50_small,H02,small,S_raw,C_common_not_correct,27,14,13,27,0,1,27,14,13,13,1.0,1.0,0.48148148148148145,0.5185185185185185,1.0,0.04927218280952755,0.08844661433235036,0.10297713033777077,1.0,1.0
pair,H02_50_small,H02,small,S_common,all_queries,350,337,13,350,0,1,337,337,0,0,0.9628571428571429,1.0,0.0,1.0,0.0,0.01942654788818862,0.05607718394976643,0.0668378109489088,1.0,1.0
pair,H02_50_small,H02,small,S_common,B_failures,27,14,13,27,0,1,14,14,0,0,0.5185185185185185,1.0,0.0,1.0,0.0,0.04927218280952755,0.08844661433235036,0.10297713033777077,1.0,1.0
pair,H02_50_small,H02,small,S_common,C_common_not_correct,27,14,13,27,0,1,14,14,0,0,0.5185185185185185,1.0,0.0,1.0,0.0,0.04927218280952755,0.08844661433235036,0.10297713033777077,1.0,1.0
pair,H02_50_large,H02,large,B,all_queries,350,282,68,88,262,0,88,88,0,0,0.25142857142857145,0.3120567375886525,0.0,1.0,0.0,0.17138358421787198,0.3933714269526921,0.4946406454225129,0.3120567375886525,0.3120567375886525
pair,H02_50_large,H02,large,B,B_failures,262,194,68,0,262,0,0,0,0,0,0.0,0.0,0.0,,0.0,,,,0.0,0.0
pair,H02_50_large,H02,large,B,C_common_not_correct,153,85,68,0,153,0,0,0,0,0,0.0,0.0,0.0,,0.0,,,,0.0,0.0
pair,H02_50_large,H02,large,C_raw,all_queries,350,282,68,261,89,10,261,245,16,14,0.7457142857142857,0.8687943262411347,0.045714285714285714,0.9386973180076629,0.20588235294117646,0.23700834112693167,0.590496137777108,0.6784203471920188,0.8652482269503546,0.8687943262411347
pair,H02_50_large,H02,large,C_raw,B_failures,262,194,68,173,89,10,173,157,16,14,0.6603053435114504,0.8092783505154639,0.061068702290076333,0.9075144508670521,0.20588235294117646,0.23881827864959196,0.5880796556368654,0.7063213530741012,0.8092783505154639,0.8092783505154639
pair,H02_50_large,H02,large,C_raw,C_common_not_correct,153,85,68,64,89,10,64,48,16,14,0.41830065359477125,0.5647058823529412,0.10457516339869281,0.75,0.20588235294117646,0.20929379573709123,0.5068271069508441,0.8095269547696491,0.5647058823529412,0.5647058823529412
pair,H02_50_large,H02,large,C_common,all_queries,350,282,68,261,89,10,194,194,0,0,0.5542857142857143,0.6879432624113475,0.0,1.0,0.0,0.23934350152360573,0.5914540186278155,0.6605250396431052,0.6843971631205674,0.6879432624113475
pair,H02_50_large,H02,large,C_common,B_failures,262,194,68,173,89,10,109,109,0,0,0.41603053435114506,0.5618556701030928,0.0,1.0,0.0,0.24145921562285705,0.5880796556368654,0.6761201820866508,0.5618556701030928,0.5618556701030928
pair,H02_50_large,H02,large,C_common,C_common_not_correct,153,85,68,64,89,10,0,0,0,0,0.0,0.0,0.0,,0.0,,,,0.0,0.0
pair,H02_50_large,H02,large,C_production,all_queries,350,282,68,109,241,0,109,109,0,0,0.31142857142857144,0.38652482269503546,0.0,1.0,0.0,0.24145921562285705,0.5880796556368654,0.6761201820866508,0.38652482269503546,0.38652482269503546
pair,H02_50_large,H02,large,C_production,B_failures,262,194,68,109,153,0,109,109,0,0,0.41603053435114506,0.5618556701030928,0.0,1.0,0.0,0.24145921562285705,0.5880796556368654,0.6761201820866508,0.5618556701030928,0.5618556701030928
pair,H02_50_large,H02,large,C_production,C_common_not_correct,153,85,68,0,153,0,0,0,0,0,0.0,0.0,0.0,,0.0,,,,0.0,0.0
pair,H02_50_large,H02,large,S_raw,all_queries,350,282,68,350,0,58,350,282,68,68,1.0,1.0,0.19428571428571428,0.8057142857142857,1.0,0.14680522817005384,0.2572182997748613,0.31400178292320857,1.0,1.0
pair,H02_50_large,H02,large,S_raw,B_failures,262,194,68,262,0,58,262,194,68,68,1.0,1.0,0.2595419847328244,0.7404580152671756,1.0,0.14680522817005384,0.2618876725157299,0.32757120662936073,1.0,1.0
pair,H02_50_large,H02,large,S_raw,C_common_not_correct,153,85,68,153,0,58,153,85,68,68,1.0,1.0,0.4444444444444444,0.5555555555555556,1.0,0.16356093354245227,0.2896067496125113,0.37208922617731605,1.0,1.0
pair,H02_50_large,H02,large,S_common,all_queries,350,282,68,350,0,58,282,282,0,0,0.8057142857142857,1.0,0.0,1.0,0.0,0.14680522817005384,0.2572182997748613,0.31400178292320857,1.0,1.0
pair,H02_50_large,H02,large,S_common,B_failures,262,194,68,262,0,58,194,194,0,0,0.7404580152671756,1.0,0.0,1.0,0.0,0.14680522817005384,0.2618876725157299,0.32757120662936073,1.0,1.0
pair,H02_50_large,H02,large,S_common,C_common_not_correct,153,85,68,153,0,58,85,85,0,0,0.5555555555555556,1.0,0.0,1.0,0.0,0.16356093354245227,0.2896067496125113,0.37208922617731605,1.0,1.0
pair,H02_50_illumination_blur,H02,illumination_blur,B,all_queries,350,329,21,199,151,0,199,197,2,0,0.5685714285714286,0.5987841945288754,0.005714285714285714,0.9899497487437185,0.0,0.3801327004191458,1.1362235373879768,1.4747370671417153,0.5197568389057751,0.5987841945288754
pair,H02_50_illumination_blur,H02,illumination_blur,B,B_failures,151,130,21,0,151,0,0,0,0,0,0.0,0.0,0.0,,0.0,,,,0.0,0.0
pair,H02_50_illumination_blur,H02,illumination_blur,B,C_common_not_correct,111,90,21,0,111,0,0,0,0,0,0.0,0.0,0.0,,0.0,,,,0.0,0.0
pair,H02_50_illumination_blur,H02,illumination_blur,C_raw,all_queries,350,329,21,329,21,7,329,286,43,11,0.94,0.8693009118541033,0.12285714285714286,0.8693009118541033,0.5238095238095238,0.4205916654261703,1.9683798061293476,7.451777626734767,0.7537993920972644,0.8693009118541033
pair,H02_50_illumination_blur,H02,illumination_blur,C_raw,B_failures,151,130,21,130,21,7,130,90,40,11,0.8609271523178808,0.6923076923076923,0.26490066225165565,0.6923076923076923,0.5238095238095238,0.7722821602993986,10.881976342593056,23.137380022240254,0.5384615384615384,0.6923076923076923
pair,H02_50_illumination_blur,H02,illumination_blur,C_raw,C_common_not_correct,111,90,21,90,21,7,90,50,40,11,0.8108108108108109,0.5555555555555556,0.36036036036036034,0.5555555555555556,0.5238095238095238,0.9890172200347915,20.445485509731526,43.527855343688515,0.4444444444444444,0.5555555555555556
pair,H02_50_illumination_blur,H02,illumination_blur,C_common,all_queries,350,329,21,329,21,7,235,231,4,1,0.6714285714285714,0.7021276595744681,0.011428571428571429,0.9829787234042553,0.047619047619047616,0.37770415670464624,1.1478409708476307,1.4207171263351668,0.6170212765957447,0.7021276595744681
pair,H02_50_illumination_blur,H02,illumination_blur,C_common,B_failures,151,130,21,130,21,7,43,40,3,1,0.2847682119205298,0.3076923076923077,0.019867549668874173,0.9302325581395349,0.047619047619047616,0.49168617564667993,1.435371929487494,1.6981442669290758,0.23076923076923078,0.3076923076923077
pair,H02_50_illumination_blur,H02,illumination_blur,C_common,C_common_not_correct,111,90,21,90,21,7,3,0,3,1,0.02702702702702703,0.0,0.02702702702702703,0.0,0.047619047619047616,2.7615516427230986,3.252204892942979,3.313536549220464,0.0,0.0
pair,H02_50_illumination_blur,H02,illumination_blur,C_production,all_queries,350,329,21,36,314,0,36,35,1,1,0.10285714285714286,0.10638297872340426,0.002857142857142857,0.9722222222222222,0.047619047619047616,0.43713692309862934,1.3195455950674524,1.4007425076074322,0.08814589665653495,0.10638297872340426
pair,H02_50_illumination_blur,H02,illumination_blur,C_production,B_failures,151,130,21,36,115,0,36,35,1,1,0.23841059602649006,0.2692307692307692,0.006622516556291391,0.9722222222222222,0.047619047619047616,0.43713692309862934,1.3195455950674524,1.4007425076074322,0.2230769230769231,0.2692307692307692
pair,H02_50_illumination_blur,H02,illumination_blur,C_production,C_common_not_correct,111,90,21,1,110,0,1,0,1,1,0.009009009009009009,0.0,0.009009009009009009,0.0,0.047619047619047616,,,,0.0,0.0
pair,H02_50_illumination_blur,H02,illumination_blur,S_raw,all_queries,350,329,21,350,0,13,350,329,21,21,1.0,1.0,0.06,0.94,1.0,0.06746102721643472,0.13727195666557088,0.14971428626279482,1.0,1.0
pair,H02_50_illumination_blur,H02,illumination_blur,S_raw,B_failures,151,130,21,151,0,13,151,130,21,21,1.0,1.0,0.1390728476821192,0.8609271523178808,1.0,0.08800378881940724,0.14287311662984428,0.16889034380520687,1.0,1.0
pair,H02_50_illumination_blur,H02,illumination_blur,S_raw,C_common_not_correct,111,90,21,111,0,13,111,90,21,21,1.0,1.0,0.1891891891891892,0.8108108108108109,1.0,0.09984051433175012,0.15033686333143567,0.19687442999718927,1.0,1.0
pair,H02_50_illumination_blur,H02,illumination_blur,S_common,all_queries,350,329,21,350,0,13,329,329,0,0,0.94,1.0,0.0,1.0,0.0,0.06746102721643472,0.13727195666557088,0.14971428626279482,1.0,1.0
pair,H02_50_illumination_blur,H02,illumination_blur,S_common,B_failures,151,130,21,151,0,13,130,130,0,0,0.8609271523178808,1.0,0.0,1.0,0.0,0.08800378881940724,0.14287311662984428,0.16889034380520687,1.0,1.0
pair,H02_50_illumination_blur,H02,illumination_blur,S_common,C_common_not_correct,111,90,21,111,0,13,90,90,0,0,0.8108108108108109,1.0,0.0,1.0,0.0,0.09984051433175012,0.15033686333143567,0.19687442999718927,1.0,1.0
pair,H02_50_outside_occluded,H02,outside_occluded,B,all_queries,350,266,84,91,259,0,91,91,0,0,0.26,0.34210526315789475,0.0,1.0,0.0,0.13555231020094965,0.3755585749687447,0.4572505210168415,0.34210526315789475,0.34210526315789475
pair,H02_50_outside_occluded,H02,outside_occluded,B,B_failures,259,175,84,0,259,0,0,0,0,0,0.0,0.0,0.0,,0.0,,,,0.0,0.0
pair,H02_50_outside_occluded,H02,outside_occluded,B,C_common_not_correct,217,133,84,0,217,0,0,0,0,0,0.0,0.0,0.0,,0.0,,,,0.0,0.0
pair,H02_50_outside_occluded,H02,outside_occluded,C_raw,all_queries,350,266,84,287,63,5,287,215,72,62,0.82,0.8082706766917294,0.2057142857142857,0.7491289198606271,0.7380952380952381,0.14922882751822084,0.6058111477250946,1.3211702268548071,0.793233082706767,0.8082706766917294
pair,H02_50_outside_occluded,H02,outside_occluded,C_raw,B_failures,259,175,84,196,63,5,196,124,72,62,0.7567567567567568,0.7085714285714285,0.277992277992278,0.6326530612244898,0.7380952380952381,0.15656245505200905,1.0304817214391366,68.8072858380702,0.6857142857142857,0.7085714285714285
pair,H02_50_outside_occluded,H02,outside_occluded,C_raw,C_common_not_correct,217,133,84,154,63,5,154,82,72,62,0.7096774193548387,0.6165413533834586,0.3317972350230415,0.5324675324675324,0.7380952380952381,0.16460762068823961,22.931242451728757,86.21153933668232,0.5864661654135338,0.6165413533834586
pair,H02_50_outside_occluded,H02,outside_occluded,C_common,all_queries,350,266,84,287,63,5,121,120,1,1,0.3457142857142857,0.45112781954887216,0.002857142857142857,0.9917355371900827,0.011904761904761904,0.14500427307867414,0.3469413597846539,0.545653242116877,0.45112781954887216,0.45112781954887216
pair,H02_50_outside_occluded,H02,outside_occluded,C_common,B_failures,259,175,84,196,63,5,43,42,1,1,0.16602316602316602,0.24,0.003861003861003861,0.9767441860465116,0.011904761904761904,0.14500427307867414,0.3457457055340488,0.5365917030349637,0.24,0.24
pair,H02_50_outside_occluded,H02,outside_occluded,C_common,C_common_not_correct,217,133,84,154,63,5,1,0,1,1,0.004608294930875576,0.0,0.004608294930875576,0.0,0.011904761904761904,,,,0.0,0.0
pair,H02_50_outside_occluded,H02,outside_occluded,C_production,all_queries,350,266,84,43,307,0,43,42,1,1,0.12285714285714286,0.15789473684210525,0.002857142857142857,0.9767441860465116,0.011904761904761904,0.14500427307867414,0.3457457055340488,0.5365917030349637,0.15789473684210525,0.15789473684210525
pair,H02_50_outside_occluded,H02,outside_occluded,C_production,B_failures,259,175,84,43,216,0,43,42,1,1,0.16602316602316602,0.24,0.003861003861003861,0.9767441860465116,0.011904761904761904,0.14500427307867414,0.3457457055340488,0.5365917030349637,0.24,0.24
pair,H02_50_outside_occluded,H02,outside_occluded,C_production,C_common_not_correct,217,133,84,1,216,0,1,0,1,1,0.004608294930875576,0.0,0.004608294930875576,0.0,0.011904761904761904,,,,0.0,0.0
pair,H02_50_outside_occluded,H02,outside_occluded,S_raw,all_queries,350,266,84,350,0,25,350,266,84,84,1.0,1.0,0.24,0.76,1.0,0.09848316859186287,0.18599796427555088,0.22153071047957018,1.0,1.0
pair,H02_50_outside_occluded,H02,outside_occluded,S_raw,B_failures,259,175,84,259,0,25,259,175,84,84,1.0,1.0,0.32432432432432434,0.6756756756756757,1.0,0.11224431360927628,0.2032248837324488,0.26991512279702634,1.0,1.0
pair,H02_50_outside_occluded,H02,outside_occluded,S_raw,C_common_not_correct,217,133,84,217,0,25,217,133,84,84,1.0,1.0,0.3870967741935484,0.6129032258064516,1.0,0.11832047819926013,0.22008302189358078,0.28251268099917715,1.0,1.0
pair,H02_50_outside_occluded,H02,outside_occluded,S_common,all_queries,350,266,84,350,0,25,267,265,2,2,0.7628571428571429,0.9962406015037594,0.005714285714285714,0.9925093632958801,0.023809523809523808,0.0985044948766325,0.18610395598454918,0.221572081189938,0.9962406015037594,0.9962406015037594
pair,H02_50_outside_occluded,H02,outside_occluded,S_common,B_failures,259,175,84,259,0,25,176,174,2,2,0.6795366795366795,0.9942857142857143,0.007722007722007722,0.9886363636363636,0.023809523809523808,0.11254093727060267,0.20358414099579444,0.27035535094804436,0.9942857142857143,0.9942857142857143
pair,H02_50_outside_occluded,H02,outside_occluded,S_common,C_common_not_correct,217,133,84,217,0,25,134,132,2,2,0.6175115207373272,0.9924812030075187,0.009216589861751152,0.9850746268656716,0.023809523809523808,0.11897558095620028,0.22049658585881643,0.2832316959473713,0.9924812030075187,0.9924812030075187
pair,H02_100_small,H02,small,B,all_queries,350,342,8,330,20,0,330,330,0,0,0.9428571428571428,0.9649122807017544,0.0,1.0,0.0,0.03511893710713229,0.10122945192353856,0.1505558508384236,0.9649122807017544,0.9649122807017544
pair,H02_100_small,H02,small,B,B_failures,20,12,8,0,20,0,0,0,0,0,0.0,0.0,0.0,,0.0,,,,0.0,0.0
pair,H02_100_small,H02,small,B,C_common_not_correct,19,11,8,0,19,0,0,0,0,0,0.0,0.0,0.0,,0.0,,,,0.0,0.0
pair,H02_100_small,H02,small,C_raw,all_queries,350,342,8,350,0,0,350,342,8,8,1.0,1.0,0.022857142857142857,0.9771428571428571,1.0,0.03749416115393345,0.0981238431499076,0.13210527565695268,1.0,1.0
pair,H02_100_small,H02,small,C_raw,B_failures,20,12,8,20,0,0,20,12,8,8,1.0,1.0,0.4,0.6,1.0,0.04799992880126373,0.0967252327794345,0.16131548488315728,1.0,1.0
pair,H02_100_small,H02,small,C_raw,C_common_not_correct,19,11,8,19,0,0,19,11,8,8,1.0,1.0,0.42105263157894735,0.5789473684210527,1.0,0.049735379933003566,0.09817198350086956,0.16833142948118934,1.0,1.0
pair,H02_100_small,H02,small,C_common,all_queries,350,342,8,350,0,0,323,323,0,0,0.9228571428571428,0.9444444444444444,0.0,1.0,0.0,0.036315314110210904,0.09432554128056894,0.12025693891803231,0.9444444444444444,0.9444444444444444
pair,H02_100_small,H02,small,C_common,B_failures,20,12,8,20,0,0,1,1,0,0,0.05,0.08333333333333333,0.0,1.0,0.0,0.015124488100377509,0.015124488100377509,0.015124488100377509,0.08333333333333333,0.08333333333333333
pair,H02_100_small,H02,small,C_common,C_common_not_correct,19,11,8,19,0,0,0,0,0,0,0.0,0.0,0.0,,0.0,,,,0.0,0.0
pair,H02_100_small,H02,small,C_production,all_queries,350,342,8,1,349,0,1,1,0,0,0.002857142857142857,0.0029239766081871343,0.0,1.0,0.0,0.015124488100377509,0.015124488100377509,0.015124488100377509,0.0029239766081871343,0.0029239766081871343
pair,H02_100_small,H02,small,C_production,B_failures,20,12,8,1,19,0,1,1,0,0,0.05,0.08333333333333333,0.0,1.0,0.0,0.015124488100377509,0.015124488100377509,0.015124488100377509,0.08333333333333333,0.08333333333333333
pair,H02_100_small,H02,small,C_production,C_common_not_correct,19,11,8,0,19,0,0,0,0,0,0.0,0.0,0.0,,0.0,,,,0.0,0.0
pair,H02_100_small,H02,small,S_raw,all_queries,350,342,8,350,0,0,350,342,8,8,1.0,1.0,0.022857142857142857,0.9771428571428571,1.0,0.03663753091477756,0.06076405700349154,0.06927429742122039,1.0,1.0
pair,H02_100_small,H02,small,S_raw,B_failures,20,12,8,20,0,0,20,12,8,8,1.0,1.0,0.4,0.6,1.0,0.059324799663274974,0.07077630576863286,0.07165765922238522,1.0,1.0
pair,H02_100_small,H02,small,S_raw,C_common_not_correct,19,11,8,19,0,0,19,11,8,8,1.0,1.0,0.42105263157894735,0.5789473684210527,1.0,0.060817403273926075,0.07127281177946278,0.0717004200493766,1.0,1.0
pair,H02_100_small,H02,small,S_common,all_queries,350,342,8,350,0,0,342,342,0,0,0.9771428571428571,1.0,0.0,1.0,0.0,0.03663753091477756,0.06076405700349154,0.06927429742122039,1.0,1.0
pair,H02_100_small,H02,small,S_common,B_failures,20,12,8,20,0,0,12,12,0,0,0.6,1.0,0.0,1.0,0.0,0.059324799663274974,0.07077630576863286,0.07165765922238522,1.0,1.0
pair,H02_100_small,H02,small,S_common,C_common_not_correct,19,11,8,19,0,0,11,11,0,0,0.5789473684210527,1.0,0.0,1.0,0.0,0.060817403273926075,0.07127281177946278,0.0717004200493766,1.0,1.0
pair,H02_100_large,H02,large,B,all_queries,350,282,68,55,295,0,55,55,0,0,0.15714285714285714,0.1950354609929078,0.0,1.0,0.0,0.19521154742022595,0.3922519984121305,0.42149377647766917,0.19148936170212766,0.1950354609929078
pair,H02_100_large,H02,large,B,B_failures,295,227,68,0,295,0,0,0,0,0,0.0,0.0,0.0,,0.0,,,,0.0,0.0
pair,H02_100_large,H02,large,B,C_common_not_correct,181,113,68,0,181,0,0,0,0,0,0.0,0.0,0.0,,0.0,,,,0.0,0.0
pair,H02_100_large,H02,large,C_raw,all_queries,350,282,68,225,125,4,225,215,10,8,0.6428571428571429,0.7624113475177305,0.02857142857142857,0.9555555555555556,0.11764705882352941,0.2283821282615651,0.4990743930666681,0.619131985379965,0.7588652482269503,0.7624113475177305
pair,H02_100_large,H02,large,C_raw,B_failures,295,227,68,173,122,4,173,164,9,8,0.5864406779661017,0.7224669603524229,0.030508474576271188,0.9479768786127167,0.11764705882352941,0.21229787021566862,0.4467316796853899,0.6014257176384544,0.7224669603524229,0.7224669603524229
pair,H02_100_large,H02,large,C_raw,C_common_not_correct,181,113,68,59,122,4,59,50,9,8,0.3259668508287293,0.4424778761061947,0.049723756906077346,0.847457627118644,0.11764705882352941,0.21193227887378807,0.4136879093599423,0.44124200798414104,0.4424778761061947,0.4424778761061947
pair,H02_100_large,H02,large,C_common,all_queries,350,282,68,225,125,4,146,146,0,0,0.41714285714285715,0.5177304964539007,0.0,1.0,0.0,0.2268307172081428,0.5225314144637305,0.6341758488653275,0.5141843971631206,0.5177304964539007
pair,H02_100_large,H02,large,C_common,B_failures,295,227,68,173,122,4,114,114,0,0,0.3864406779661017,0.5022026431718062,0.0,1.0,0.0,0.21638328056664108,0.5132592675171413,0.6263106809639986,0.5022026431718062,0.5022026431718062
pair,H02_100_large,H02,large,C_common,C_common_not_correct,181,113,68,59,122,4,0,0,0,0,0.0,0.0,0.0,,0.0,,,,0.0,0.0
pair,H02_100_large,H02,large,C_production,all_queries,350,282,68,114,236,0,114,114,0,0,0.32571428571428573,0.40425531914893614,0.0,1.0,0.0,0.21638328056664108,0.5132592675171413,0.6263106809639986,0.40425531914893614,0.40425531914893614
pair,H02_100_large,H02,large,C_production,B_failures,295,227,68,114,181,0,114,114,0,0,0.3864406779661017,0.5022026431718062,0.0,1.0,0.0,0.21638328056664108,0.5132592675171413,0.6263106809639986,0.5022026431718062,0.5022026431718062
pair,H02_100_large,H02,large,C_production,C_common_not_correct,181,113,68,0,181,0,0,0,0,0,0.0,0.0,0.0,,0.0,,,,0.0,0.0
pair,H02_100_large,H02,large,S_raw,all_queries,350,282,68,350,0,59,350,282,68,68,1.0,1.0,0.19428571428571428,0.8057142857142857,1.0,0.10606041715841273,0.19528605218914016,0.23972785555966084,1.0,1.0
pair,H02_100_large,H02,large,S_raw,B_failures,295,227,68,295,0,59,295,227,68,68,1.0,1.0,0.2305084745762712,0.7694915254237288,1.0,0.11169392414817896,0.1969114198510549,0.24244903862317735,1.0,1.0
pair,H02_100_large,H02,large,S_raw,C_common_not_correct,181,113,68,181,0,59,181,113,68,68,1.0,1.0,0.3756906077348066,0.6243093922651933,1.0,0.10851063016817632,0.2387240011012228,0.3038785555925369,1.0,1.0
pair,H02_100_large,H02,large,S_common,all_queries,350,282,68,350,0,59,282,282,0,0,0.8057142857142857,1.0,0.0,1.0,0.0,0.10606041715841273,0.19528605218914016,0.23972785555966084,1.0,1.0
pair,H02_100_large,H02,large,S_common,B_failures,295,227,68,295,0,59,227,227,0,0,0.7694915254237288,1.0,0.0,1.0,0.0,0.11169392414817896,0.1969114198510549,0.24244903862317735,1.0,1.0
pair,H02_100_large,H02,large,S_common,C_common_not_correct,181,113,68,181,0,59,113,113,0,0,0.6243093922651933,1.0,0.0,1.0,0.0,0.10851063016817632,0.2387240011012228,0.3038785555925369,1.0,1.0
pair,H02_100_illumination_blur,H02,illumination_blur,B,all_queries,350,329,21,204,146,0,204,199,5,0,0.5828571428571429,0.6048632218844985,0.014285714285714285,0.9754901960784313,0.0,0.28219529474984306,0.7214911845077735,1.0697910082311202,0.5805471124620061,0.6048632218844985
pair,H02_100_illumination_blur,H02,illumination_blur,B,B_failures,146,125,21,0,146,0,0,0,0,0,0.0,0.0,0.0,,0.0,,,,0.0,0.0
pair,H02_100_illumination_blur,H02,illumination_blur,B,C_common_not_correct,119,98,21,0,119,0,0,0,0,0,0.0,0.0,0.0,,0.0,,,,0.0,0.0
pair,H02_100_illumination_blur,H02,illumination_blur,C_raw,all_queries,350,329,21,335,15,9,335,284,51,16,0.9571428571428572,0.8632218844984803,0.1457142857142857,0.8477611940298507,0.7619047619047619,0.3470505121430628,3.061108937472314,24.411510324886432,0.7659574468085106,0.8632218844984803
pair,H02_100_illumination_blur,H02,illumination_blur,C_raw,B_failures,146,125,21,132,14,9,132,81,51,16,0.9041095890410958,0.648,0.3493150684931507,0.6136363636363636,0.7619047619047619,0.9548352336989896,33.42586779731131,53.248506258406344,0.48,0.648
pair,H02_100_illumination_blur,H02,illumination_blur,C_raw,C_common_not_correct,119,98,21,105,14,9,105,54,51,16,0.8823529411764706,0.5510204081632653,0.42857142857142855,0.5142857142857142,0.7619047619047619,1.0984856351113963,36.899235381046154,63.1316756987615,0.4387755102040816,0.5510204081632653
pair,H02_100_illumination_blur,H02,illumination_blur,C_common,all_queries,350,329,21,335,15,9,220,220,0,0,0.6285714285714286,0.668693009118541,0.0,1.0,0.0,0.3055005614380492,0.9509282859939681,1.133699004505348,0.60790273556231,0.668693009118541
pair,H02_100_illumination_blur,H02,illumination_blur,C_common,B_failures,146,125,21,132,14,9,27,27,0,0,0.18493150684931506,0.216,0.0,1.0,0.0,0.5427223208758538,1.355891280987776,1.548601202373174,0.136,0.216
pair,H02_100_illumination_blur,H02,illumination_blur,C_common,C_common_not_correct,119,98,21,105,14,9,0,0,0,0,0.0,0.0,0.0,,0.0,,,,0.0,0.0
pair,H02_100_illumination_blur,H02,illumination_blur,C_production,all_queries,350,329,21,24,326,0,24,24,0,0,0.06857142857142857,0.0729483282674772,0.0,1.0,0.0,0.5038978384285816,1.185936333778836,1.3259319860947485,0.05167173252279635,0.0729483282674772
pair,H02_100_illumination_blur,H02,illumination_blur,C_production,B_failures,146,125,21,24,122,0,24,24,0,0,0.1643835616438356,0.192,0.0,1.0,0.0,0.5038978384285816,1.185936333778836,1.3259319860947485,0.136,0.192
pair,H02_100_illumination_blur,H02,illumination_blur,C_production,C_common_not_correct,119,98,21,0,119,0,0,0,0,0,0.0,0.0,0.0,,0.0,,,,0.0,0.0
pair,H02_100_illumination_blur,H02,illumination_blur,S_raw,all_queries,350,329,21,350,0,14,350,329,21,21,1.0,1.0,0.06,0.94,1.0,0.06011245642274266,0.09703293413799191,0.11496290747444424,1.0,1.0
pair,H02_100_illumination_blur,H02,illumination_blur,S_raw,B_failures,146,125,21,146,0,14,146,125,21,21,1.0,1.0,0.14383561643835616,0.8561643835616438,1.0,0.07069785794787951,0.11386924991672062,0.15468030209920836,1.0,1.0
pair,H02_100_illumination_blur,H02,illumination_blur,S_raw,C_common_not_correct,119,98,21,119,0,14,119,98,21,21,1.0,1.0,0.17647058823529413,0.8235294117647058,1.0,0.07309337795663584,0.13262708020891478,0.16421320710143725,1.0,1.0
pair,H02_100_illumination_blur,H02,illumination_blur,S_common,all_queries,350,329,21,350,0,14,329,329,0,0,0.94,1.0,0.0,1.0,0.0,0.06011245642274266,0.09703293413799191,0.11496290747444424,1.0,1.0
pair,H02_100_illumination_blur,H02,illumination_blur,S_common,B_failures,146,125,21,146,0,14,125,125,0,0,0.8561643835616438,1.0,0.0,1.0,0.0,0.07069785794787951,0.11386924991672062,0.15468030209920836,1.0,1.0
pair,H02_100_illumination_blur,H02,illumination_blur,S_common,C_common_not_correct,119,98,21,119,0,14,98,98,0,0,0.8235294117647058,1.0,0.0,1.0,0.0,0.07309337795663584,0.13262708020891478,0.16421320710143725,1.0,1.0
pair,H02_100_outside_occluded,H02,outside_occluded,B,all_queries,350,261,89,52,298,0,52,52,0,0,0.14857142857142858,0.19923371647509577,0.0,1.0,0.0,0.13793542504081546,0.3533030212408107,0.5211610321222819,0.19157088122605365,0.19923371647509577
pair,H02_100_outside_occluded,H02,outside_occluded,B,B_failures,298,209,89,0,298,0,0,0,0,0,0.0,0.0,0.0,,0.0,,,,0.0,0.0
pair,H02_100_outside_occluded,H02,outside_occluded,B,C_common_not_correct,245,156,89,0,245,0,0,0,0,0,0.0,0.0,0.0,,0.0,,,,0.0,0.0
pair,H02_100_outside_occluded,H02,outside_occluded,C_raw,all_queries,350,261,89,192,158,5,192,118,74,55,0.5485714285714286,0.4521072796934866,0.21142857142857144,0.6145833333333334,0.6179775280898876,0.18084945576259215,108.6587137953814,139.5145450370059,0.4444444444444444,0.4521072796934866
pair,H02_100_outside_occluded,H02,outside_occluded,C_raw,B_failures,298,209,89,141,157,5,141,70,71,55,0.47315436241610737,0.3349282296650718,0.23825503355704697,0.49645390070921985,0.6179775280898876,0.19619905678688193,120.18920144529946,170.8823034432731,0.33014354066985646,0.3349282296650718
pair,H02_100_outside_occluded,H02,outside_occluded,C_raw,C_common_not_correct,245,156,89,88,157,5,88,17,71,55,0.35918367346938773,0.10897435897435898,0.2897959183673469,0.19318181818181818,0.6179775280898876,0.6336685434839294,203.01023736502265,240.2670996037243,0.10897435897435898,0.10897435897435898
pair,H02_100_outside_occluded,H02,outside_occluded,C_common,all_queries,350,261,89,192,158,5,99,99,0,0,0.28285714285714286,0.3793103448275862,0.0,1.0,0.0,0.16868271247415503,0.36951279949384763,0.6052128760376578,0.3716475095785441,0.3793103448275862
pair,H02_100_outside_occluded,H02,outside_occluded,C_common,B_failures,298,209,89,141,157,5,53,53,0,0,0.17785234899328858,0.2535885167464115,0.0,1.0,0.0,0.16868271247415503,0.4740573541627721,0.6428027964802137,0.24880382775119617,0.2535885167464115
pair,H02_100_outside_occluded,H02,outside_occluded,C_common,C_common_not_correct,245,156,89,88,157,5,0,0,0,0,0.0,0.0,0.0,,0.0,,,,0.0,0.0
pair,H02_100_outside_occluded,H02,outside_occluded,C_production,all_queries,350,261,89,53,297,0,53,53,0,0,0.15142857142857144,0.20306513409961685,0.0,1.0,0.0,0.16868271247415503,0.4740573541627721,0.6428027964802137,0.19923371647509577,0.20306513409961685
pair,H02_100_outside_occluded,H02,outside_occluded,C_production,B_failures,298,209,89,53,245,0,53,53,0,0,0.17785234899328858,0.2535885167464115,0.0,1.0,0.0,0.16868271247415503,0.4740573541627721,0.6428027964802137,0.24880382775119617,0.2535885167464115
pair,H02_100_outside_occluded,H02,outside_occluded,C_production,C_common_not_correct,245,156,89,0,245,0,0,0,0,0,0.0,0.0,0.0,,0.0,,,,0.0,0.0
pair,H02_100_outside_occluded,H02,outside_occluded,S_raw,all_queries,350,261,89,350,0,23,350,261,89,89,1.0,1.0,0.2542857142857143,0.7457142857142857,1.0,0.09300551183056706,0.1878752476851842,0.23048562405619305,1.0,1.0
pair,H02_100_outside_occluded,H02,outside_occluded,S_raw,B_failures,298,209,89,298,0,23,298,209,89,89,1.0,1.0,0.2986577181208054,0.7013422818791947,1.0,0.08357336842705959,0.18404923656336164,0.2179046551019097,1.0,1.0
pair,H02_100_outside_occluded,H02,outside_occluded,S_raw,C_common_not_correct,245,156,89,245,0,23,245,156,89,89,1.0,1.0,0.363265306122449,0.636734693877551,1.0,0.07647879551507739,0.17487213014170394,0.2065569550990511,1.0,1.0
pair,H02_100_outside_occluded,H02,outside_occluded,S_common,all_queries,350,261,89,350,0,23,317,261,56,56,0.9057142857142857,1.0,0.16,0.8233438485804416,0.6292134831460674,0.09300551183056706,0.1878752476851842,0.23048562405619305,1.0,1.0
pair,H02_100_outside_occluded,H02,outside_occluded,S_common,B_failures,298,209,89,298,0,23,265,209,56,56,0.889261744966443,1.0,0.18791946308724833,0.7886792452830189,0.6292134831460674,0.08357336842705959,0.18404923656336164,0.2179046551019097,1.0,1.0
pair,H02_100_outside_occluded,H02,outside_occluded,S_common,C_common_not_correct,245,156,89,245,0,23,212,156,56,56,0.8653061224489796,1.0,0.22857142857142856,0.7358490566037735,0.6292134831460674,0.07647879551507739,0.17487213014170394,0.2065569550990511,1.0,1.0
pair,H02_150_small,H02,small,B,all_queries,350,333,17,329,21,0,329,329,0,0,0.94,0.987987987987988,0.0,1.0,0.0,0.0276276237683397,0.06268936224942835,0.09098823323928014,0.987987987987988,0.987987987987988
pair,H02_150_small,H02,small,B,B_failures,21,4,17,0,21,0,0,0,0,0,0.0,0.0,0.0,,0.0,,,,0.0,0.0
pair,H02_150_small,H02,small,B,C_common_not_correct,21,4,17,0,21,0,0,0,0,0,0.0,0.0,0.0,,0.0,,,,0.0,0.0
pair,H02_150_small,H02,small,C_raw,all_queries,350,333,17,350,0,3,350,333,17,17,1.0,1.0,0.04857142857142857,0.9514285714285714,1.0,0.029015202873648224,0.07562222358476464,0.09322810046469739,1.0,1.0
pair,H02_150_small,H02,small,C_raw,B_failures,21,4,17,21,0,3,21,4,17,17,1.0,1.0,0.8095238095238095,0.19047619047619047,1.0,0.04621701449616093,0.12912318282354338,0.1467569058474789,1.0,1.0
pair,H02_150_small,H02,small,C_raw,C_common_not_correct,21,4,17,21,0,3,21,4,17,17,1.0,1.0,0.8095238095238095,0.19047619047619047,1.0,0.04621701449616093,0.12912318282354338,0.1467569058474789,1.0,1.0
pair,H02_150_small,H02,small,C_common,all_queries,350,333,17,350,0,3,328,328,0,0,0.9371428571428572,0.984984984984985,0.0,1.0,0.0,0.02879388707813698,0.07370637270889704,0.09206763836319287,0.984984984984985,0.984984984984985
pair,H02_150_small,H02,small,C_common,B_failures,21,4,17,21,0,3,0,0,0,0,0.0,0.0,0.0,,0.0,,,,0.0,0.0
pair,H02_150_small,H02,small,C_common,C_common_not_correct,21,4,17,21,0,3,0,0,0,0,0.0,0.0,0.0,,0.0,,,,0.0,0.0
pair,H02_150_small,H02,small,C_production,all_queries,350,333,17,0,350,0,0,0,0,0,0.0,0.0,0.0,,0.0,,,,0.0,0.0
pair,H02_150_small,H02,small,C_production,B_failures,21,4,17,0,21,0,0,0,0,0,0.0,0.0,0.0,,0.0,,,,0.0,0.0
pair,H02_150_small,H02,small,C_production,C_common_not_correct,21,4,17,0,21,0,0,0,0,0,0.0,0.0,0.0,,0.0,,,,0.0,0.0
pair,H02_150_small,H02,small,S_raw,all_queries,350,333,17,350,0,3,350,333,17,17,1.0,1.0,0.04857142857142857,0.9514285714285714,1.0,0.027295062632129795,0.053101761795784325,0.0573851585776276,1.0,1.0
pair,H02_150_small,H02,small,S_raw,B_failures,21,4,17,21,0,3,21,4,17,17,1.0,1.0,0.8095238095238095,0.19047619047619047,1.0,0.05479245968868836,0.06404855542922931,0.06513499535856387,1.0,1.0
pair,H02_150_small,H02,small,S_raw,C_common_not_correct,21,4,17,21,0,3,21,4,17,17,1.0,1.0,0.8095238095238095,0.19047619047619047,1.0,0.05479245968868836,0.06404855542922931,0.06513499535856387,1.0,1.0
pair,H02_150_small,H02,small,S_common,all_queries,350,333,17,350,0,3,334,333,1,1,0.9542857142857143,1.0,0.002857142857142857,0.9970059880239521,0.058823529411764705,0.027295062632129795,0.053101761795784325,0.0573851585776276,1.0,1.0
pair,H02_150_small,H02,small,S_common,B_failures,21,4,17,21,0,3,5,4,1,1,0.23809523809523808,1.0,0.047619047619047616,0.8,0.058823529411764705,0.05479245968868836,0.06404855542922931,0.06513499535856387,1.0,1.0
pair,H02_150_small,H02,small,S_common,C_common_not_correct,21,4,17,21,0,3,5,4,1,1,0.23809523809523808,1.0,0.047619047619047616,0.8,0.058823529411764705,0.05479245968868836,0.06404855542922931,0.06513499535856387,1.0,1.0
pair,H02_150_large,H02,large,B,all_queries,350,269,81,3,347,0,3,3,0,0,0.008571428571428572,0.011152416356877323,0.0,1.0,0.0,0.2506870694213324,0.7716154383798326,0.836731484499645,0.011152416356877323,0.011152416356877323
pair,H02_150_large,H02,large,B,B_failures,347,266,81,0,347,0,0,0,0,0,0.0,0.0,0.0,,0.0,,,,0.0,0.0
pair,H02_150_large,H02,large,B,C_common_not_correct,316,235,81,0,316,0,0,0,0,0,0.0,0.0,0.0,,0.0,,,,0.0,0.0
pair,H02_150_large,H02,large,C_raw,all_queries,350,269,81,109,241,2,109,48,61,15,0.31142857142857144,0.17843866171003717,0.1742857142857143,0.44036697247706424,0.18518518518518517,1.711255353330872,133.28959177306615,147.9793462004497,0.137546468401487,0.17843866171003717
pair,H02_150_large,H02,large,C_raw,B_failures,347,266,81,107,240,2,107,46,61,15,0.30835734870317005,0.17293233082706766,0.17579250720461095,0.42990654205607476,0.18518518518518517,1.9984913464515994,135.53112310304624,148.03450325089148,0.13157894736842105,0.17293233082706766
pair,H02_150_large,H02,large,C_raw,C_common_not_correct,316,235,81,76,240,2,76,15,61,15,0.24050632911392406,0.06382978723404255,0.1930379746835443,0.19736842105263158,0.18518518518518517,36.15165723200496,146.30809684898395,148.5784862105749,0.04680851063829787,0.06382978723404255
pair,H02_150_large,H02,large,C_common,all_queries,350,269,81,109,241,2,33,33,0,0,0.09428571428571429,0.12267657992565056,0.0,1.0,0.0,0.6494437820640596,1.2262417806370076,1.4259804825129225,0.09665427509293681,0.12267657992565056
pair,H02_150_large,H02,large,C_common,B_failures,347,266,81,107,240,2,31,31,0,0,0.0893371757925072,0.11654135338345864,0.0,1.0,0.0,0.6011658028532857,1.2330748649286352,1.4376183556265831,0.09022556390977443,0.11654135338345864
pair,H02_150_large,H02,large,C_common,C_common_not_correct,316,235,81,76,240,2,0,0,0,0,0.0,0.0,0.0,,0.0,,,,0.0,0.0
pair,H02_150_large,H02,large,C_production,all_queries,350,269,81,0,350,0,0,0,0,0,0.0,0.0,0.0,,0.0,,,,0.0,0.0
pair,H02_150_large,H02,large,C_production,B_failures,347,266,81,0,347,0,0,0,0,0,0.0,0.0,0.0,,0.0,,,,0.0,0.0
pair,H02_150_large,H02,large,C_production,C_common_not_correct,316,235,81,0,316,0,0,0,0,0,0.0,0.0,0.0,,0.0,,,,0.0,0.0
pair,H02_150_large,H02,large,S_raw,all_queries,350,269,81,350,0,70,350,269,81,81,1.0,1.0,0.23142857142857143,0.7685714285714286,1.0,0.10585983282485602,0.19527510126457398,0.24393271673827358,1.0,1.0
pair,H02_150_large,H02,large,S_raw,B_failures,347,266,81,347,0,70,347,266,81,81,1.0,1.0,0.2334293948126801,0.7665706051873199,1.0,0.105785462316665,0.1964027336071269,0.24452755148892663,1.0,1.0
pair,H02_150_large,H02,large,S_raw,C_common_not_correct,316,235,81,316,0,70,316,235,81,81,1.0,1.0,0.2563291139240506,0.7436708860759493,1.0,0.10651773781526205,0.20052048696664446,0.24418800837934107,1.0,1.0
pair,H02_150_large,H02,large,S_common,all_queries,350,269,81,350,0,70,269,269,0,0,0.7685714285714286,1.0,0.0,1.0,0.0,0.10585983282485602,0.19527510126457398,0.24393271673827358,1.0,1.0
pair,H02_150_large,H02,large,S_common,B_failures,347,266,81,347,0,70,266,266,0,0,0.7665706051873199,1.0,0.0,1.0,0.0,0.105785462316665,0.1964027336071269,0.24452755148892663,1.0,1.0
pair,H02_150_large,H02,large,S_common,C_common_not_correct,316,235,81,316,0,70,235,235,0,0,0.7436708860759493,1.0,0.0,1.0,0.0,0.10651773781526205,0.20052048696664446,0.24418800837934107,1.0,1.0
pair,H02_150_illumination_blur,H02,illumination_blur,B,all_queries,350,321,29,225,125,0,225,224,1,0,0.6428571428571429,0.6978193146417445,0.002857142857142857,0.9955555555555555,0.0,0.23026103044335414,0.803045042514217,1.0174444840867942,0.6635514018691588,0.6978193146417445
pair,H02_150_illumination_blur,H02,illumination_blur,B,B_failures,125,96,29,0,125,0,0,0,0,0,0.0,0.0,0.0,,0.0,,,,0.0,0.0
pair,H02_150_illumination_blur,H02,illumination_blur,B,C_common_not_correct,88,59,29,0,88,0,0,0,0,0,0.0,0.0,0.0,,0.0,,,,0.0,0.0
pair,H02_150_illumination_blur,H02,illumination_blur,C_raw,all_queries,350,321,29,323,27,5,323,309,14,8,0.9228571428571428,0.9626168224299065,0.04,0.9566563467492261,0.27586206896551724,0.2782802337279883,0.9124640009782982,1.1695178573285248,0.9158878504672897,0.9626168224299065
pair,H02_150_illumination_blur,H02,illumination_blur,C_raw,B_failures,125,96,29,98,27,5,98,84,14,8,0.784,0.875,0.112,0.8571428571428571,0.27586206896551724,0.43749563121420365,1.512473311238239,3.130217360098192,0.7604166666666666,0.875
pair,H02_150_illumination_blur,H02,illumination_blur,C_raw,C_common_not_correct,88,59,29,61,27,5,61,47,14,8,0.6931818181818182,0.7966101694915254,0.1590909090909091,0.7704918032786885,0.27586206896551724,0.4701224676744079,2.134803740130309,19.50812873253216,0.6610169491525424,0.7966101694915254
pair,H02_150_illumination_blur,H02,illumination_blur,C_common,all_queries,350,321,29,323,27,5,241,241,0,0,0.6885714285714286,0.7507788161993769,0.0,1.0,0.0,0.2331995319282123,0.76382567686615,0.928132592418592,0.7289719626168224,0.7507788161993769
pair,H02_150_illumination_blur,H02,illumination_blur,C_common,B_failures,125,96,29,98,27,5,37,37,0,0,0.296,0.3854166666666667,0.0,1.0,0.0,0.3618460877980969,0.9972327211068264,1.2087028461175673,0.3541666666666667,0.3854166666666667
pair,H02_150_illumination_blur,H02,illumination_blur,C_common,C_common_not_correct,88,59,29,61,27,5,0,0,0,0,0.0,0.0,0.0,,0.0,,,,0.0,0.0
pair,H02_150_illumination_blur,H02,illumination_blur,C_production,all_queries,350,321,29,30,320,0,30,30,0,0,0.08571428571428572,0.09345794392523364,0.0,1.0,0.0,0.2881976494607864,0.9357798642498462,0.9857459946775624,0.09034267912772585,0.09345794392523364
pair,H02_150_illumination_blur,H02,illumination_blur,C_production,B_failures,125,96,29,30,95,0,30,30,0,0,0.24,0.3125,0.0,1.0,0.0,0.2881976494607864,0.9357798642498462,0.9857459946775624,0.3020833333333333,0.3125
pair,H02_150_illumination_blur,H02,illumination_blur,C_production,C_common_not_correct,88,59,29,0,88,0,0,0,0,0,0.0,0.0,0.0,,0.0,,,,0.0,0.0
pair,H02_150_illumination_blur,H02,illumination_blur,S_raw,all_queries,350,321,29,350,0,20,350,321,29,29,1.0,1.0,0.08285714285714285,0.9171428571428571,1.0,0.05330591347538477,0.11561961881254615,0.1539800290375084,1.0,1.0
pair,H02_150_illumination_blur,H02,illumination_blur,S_raw,B_failures,125,96,29,125,0,20,125,96,29,29,1.0,1.0,0.232,0.768,1.0,0.07090669571771988,0.1880939988885201,0.2025655801274439,1.0,1.0
pair,H02_150_illumination_blur,H02,illumination_blur,S_raw,C_common_not_correct,88,59,29,88,0,20,88,59,29,29,1.0,1.0,0.32954545454545453,0.6704545454545454,1.0,0.0897755420270004,0.19552788651754746,0.21989899658057568,1.0,1.0
pair,H02_150_illumination_blur,H02,illumination_blur,S_common,all_queries,350,321,29,350,0,20,321,321,0,0,0.9171428571428571,1.0,0.0,1.0,0.0,0.05330591347538477,0.11561961881254615,0.1539800290375084,1.0,1.0
pair,H02_150_illumination_blur,H02,illumination_blur,S_common,B_failures,125,96,29,125,0,20,96,96,0,0,0.768,1.0,0.0,1.0,0.0,0.07090669571771988,0.1880939988885201,0.2025655801274439,1.0,1.0
pair,H02_150_illumination_blur,H02,illumination_blur,S_common,C_common_not_correct,88,59,29,88,0,20,59,59,0,0,0.6704545454545454,1.0,0.0,1.0,0.0,0.0897755420270004,0.19552788651754746,0.21989899658057568,1.0,1.0
pair,H02_150_outside_occluded,H02,outside_occluded,B,all_queries,350,250,100,28,322,0,28,25,3,2,0.08,0.1,0.008571428571428572,0.8928571428571429,0.02,0.1122283829527393,0.2120603115624221,0.24349787971476994,0.1,0.1
pair,H02_150_outside_occluded,H02,outside_occluded,B,B_failures,322,224,98,0,322,0,0,0,0,0,0.0,0.0,0.0,,0.0,,,,0.0,0.0
pair,H02_150_outside_occluded,H02,outside_occluded,B,C_common_not_correct,322,224,98,0,322,0,0,0,0,0,0.0,0.0,0.0,,0.0,,,,0.0,0.0
pair,H02_150_outside_occluded,H02,outside_occluded,C_raw,all_queries,350,250,100,140,210,4,140,21,119,36,0.4,0.084,0.34,0.15,0.36,108.72128586316556,154.88451111157647,166.78435050603068,0.084,0.084
pair,H02_150_outside_occluded,H02,outside_occluded,C_raw,B_failures,322,224,98,123,199,4,123,17,106,36,0.38198757763975155,0.07589285714285714,0.32919254658385094,0.13821138211382114,0.3673469387755102,108.54730342277928,154.51551181035347,166.5760648530884,0.07589285714285714,0.07589285714285714
pair,H02_150_outside_occluded,H02,outside_occluded,C_raw,C_common_not_correct,322,224,98,123,199,4,123,17,106,36,0.38198757763975155,0.07589285714285714,0.32919254658385094,0.13821138211382114,0.3673469387755102,108.54730342277928,154.51551181035347,166.5760648530884,0.07589285714285714,0.07589285714285714
pair,H02_150_outside_occluded,H02,outside_occluded,C_common,all_queries,350,250,100,140,210,4,1,0,1,0,0.002857142857142857,0.0,0.002857142857142857,0.0,0.0,116.2557006639006,116.2557006639006,116.2557006639006,0.0,0.0
pair,H02_150_outside_occluded,H02,outside_occluded,C_common,B_failures,322,224,98,123,199,4,1,0,1,0,0.003105590062111801,0.0,0.003105590062111801,0.0,0.0,116.2557006639006,116.2557006639006,116.2557006639006,0.0,0.0
pair,H02_150_outside_occluded,H02,outside_occluded,C_common,C_common_not_correct,322,224,98,123,199,4,1,0,1,0,0.003105590062111801,0.0,0.003105590062111801,0.0,0.0,116.2557006639006,116.2557006639006,116.2557006639006,0.0,0.0
pair,H02_150_outside_occluded,H02,outside_occluded,C_production,all_queries,350,250,100,0,350,0,0,0,0,0,0.0,0.0,0.0,,0.0,,,,0.0,0.0
pair,H02_150_outside_occluded,H02,outside_occluded,C_production,B_failures,322,224,98,0,322,0,0,0,0,0,0.0,0.0,0.0,,0.0,,,,0.0,0.0
pair,H02_150_outside_occluded,H02,outside_occluded,C_production,C_common_not_correct,322,224,98,0,322,0,0,0,0,0,0.0,0.0,0.0,,0.0,,,,0.0,0.0
pair,H02_150_outside_occluded,H02,outside_occluded,S_raw,all_queries,350,250,100,350,0,31,350,250,100,100,1.0,1.0,0.2857142857142857,0.7142857142857143,1.0,0.09135144271960094,0.1849030187533474,0.21206976601573357,1.0,1.0
pair,H02_150_outside_occluded,H02,outside_occluded,S_raw,B_failures,322,224,98,322,0,31,322,224,98,98,1.0,1.0,0.30434782608695654,0.6956521739130435,1.0,0.09459935537936084,0.1864464003736192,0.2160005071062694,1.0,1.0
pair,H02_150_outside_occluded,H02,outside_occluded,S_raw,C_common_not_correct,322,224,98,322,0,31,322,224,98,98,1.0,1.0,0.30434782608695654,0.6956521739130435,1.0,0.09459935537936084,0.1864464003736192,0.2160005071062694,1.0,1.0
pair,H02_150_outside_occluded,H02,outside_occluded,S_common,all_queries,350,250,100,350,0,31,284,250,34,34,0.8114285714285714,1.0,0.09714285714285714,0.8802816901408451,0.34,0.09135144271960094,0.1849030187533474,0.21206976601573357,1.0,1.0
pair,H02_150_outside_occluded,H02,outside_occluded,S_common,B_failures,322,224,98,322,0,31,256,224,32,32,0.7950310559006211,1.0,0.09937888198757763,0.875,0.32653061224489793,0.09459935537936084,0.1864464003736192,0.2160005071062694,1.0,1.0
pair,H02_150_outside_occluded,H02,outside_occluded,S_common,C_common_not_correct,322,224,98,322,0,31,256,224,32,32,0.7950310559006211,1.0,0.09937888198757763,0.875,0.32653061224489793,0.09459935537936084,0.1864464003736192,0.2160005071062694,1.0,1.0
group,,A02,small,B,all_queries,1400,1395,5,1390,10,0,1390,1390,0,0,0.9928571428571429,0.996415770609319,0.0,1.0,0.0,0.02617347701103672,0.05333632475904558,0.0631141992949781,0.996415770609319,0.996415770609319
group,,A02,small,B,B_failures,10,5,5,0,10,0,0,0,0,0,0.0,0.0,0.0,,0.0,,,,0.0,0.0
group,,A02,small,B,C_common_not_correct,10,5,5,0,10,0,0,0,0,0,0.0,0.0,0.0,,0.0,,,,0.0,0.0
group,,A02,small,C_raw,all_queries,1400,1395,5,1400,0,0,1400,1395,5,5,1.0,1.0,0.0035714285714285713,0.9964285714285714,1.0,0.025695222393718634,0.05231074086344471,0.06136608675163493,1.0,1.0
group,,A02,small,C_raw,B_failures,10,5,5,10,0,0,10,5,5,5,1.0,1.0,0.5,0.5,1.0,0.050125641975791876,0.1739974562616979,0.17646366615388592,1.0,1.0
group,,A02,small,C_raw,C_common_not_correct,10,5,5,10,0,0,10,5,5,5,1.0,1.0,0.5,0.5,1.0,0.050125641975791876,0.1739974562616979,0.17646366615388592,1.0,1.0
group,,A02,small,C_common,all_queries,1400,1395,5,1400,0,0,1384,1384,0,0,0.9885714285714285,0.9921146953405018,0.0,1.0,0.0,0.025580517244355307,0.05209671103792668,0.0610453337073673,0.9921146953405018,0.9921146953405018
group,,A02,small,C_common,B_failures,10,5,5,10,0,0,0,0,0,0,0.0,0.0,0.0,,0.0,,,,0.0,0.0
group,,A02,small,C_common,C_common_not_correct,10,5,5,10,0,0,0,0,0,0,0.0,0.0,0.0,,0.0,,,,0.0,0.0
group,,A02,small,C_production,all_queries,1400,1395,5,0,1400,0,0,0,0,0,0.0,0.0,0.0,,0.0,,,,0.0,0.0
group,,A02,small,C_production,B_failures,10,5,5,0,10,0,0,0,0,0,0.0,0.0,0.0,,0.0,,,,0.0,0.0
group,,A02,small,C_production,C_common_not_correct,10,5,5,0,10,0,0,0,0,0,0.0,0.0,0.0,,0.0,,,,0.0,0.0
group,,A02,small,S_raw,all_queries,1400,1395,5,1400,0,0,1400,1395,5,5,1.0,1.0,0.0035714285714285713,0.9964285714285714,1.0,0.020154306625817898,0.04966408388680615,0.059242398445930496,1.0,1.0
group,,A02,small,S_raw,B_failures,10,5,5,10,0,0,10,5,5,5,1.0,1.0,0.5,0.5,1.0,0.032018591201207015,0.09805892420357885,0.10639562488922694,1.0,1.0
group,,A02,small,S_raw,C_common_not_correct,10,5,5,10,0,0,10,5,5,5,1.0,1.0,0.5,0.5,1.0,0.032018591201207015,0.09805892420357885,0.10639562488922694,1.0,1.0
group,,A02,small,S_common,all_queries,1400,1395,5,1400,0,0,1395,1395,0,0,0.9964285714285714,1.0,0.0,1.0,0.0,0.020154306625817898,0.04966408388680615,0.059242398445930496,1.0,1.0
group,,A02,small,S_common,B_failures,10,5,5,10,0,0,5,5,0,0,0.5,1.0,0.0,1.0,0.0,0.032018591201207015,0.09805892420357885,0.10639562488922694,1.0,1.0
group,,A02,small,S_common,C_common_not_correct,10,5,5,10,0,0,5,5,0,0,0.5,1.0,0.0,1.0,0.0,0.032018591201207015,0.09805892420357885,0.10639562488922694,1.0,1.0
group,,A02,large,B,all_queries,1400,1332,68,108,1292,0,108,101,7,0,0.07714285714285714,0.07582582582582582,0.005,0.9351851851851852,0.0,0.18496728136955323,0.40515102475500836,45.66367191809861,0.07582582582582582,0.07582582582582582
group,,A02,large,B,B_failures,1292,1224,68,0,1292,0,0,0,0,0,0.0,0.0,0.0,,0.0,,,,0.0,0.0
group,,A02,large,B,C_common_not_correct,760,692,68,0,760,0,0,0,0,0,0.0,0.0,0.0,,0.0,,,,0.0,0.0
group,,A02,large,C_raw,all_queries,1400,1332,68,1247,153,7,1247,1089,158,12,0.8907142857142857,0.8175675675675675,0.11285714285714285,0.8732959101844426,0.17647058823529413,0.22625225888232556,70.44836645308484,107.76629899283682,0.816066066066066,0.8175675675675675
group,,A02,large,C_raw,B_failures,1292,1224,68,1152,140,7,1152,1008,144,12,0.891640866873065,0.8235294117647058,0.11145510835913312,0.875,0.17647058823529413,0.2257579078612157,71.11570190778129,113.42787979591706,0.8218954248366013,0.8235294117647058
group,,A02,large,C_raw,C_common_not_correct,760,692,68,620,140,7,620,476,144,12,0.8157894736842105,0.6878612716763006,0.18947368421052632,0.7677419354838709,0.17647058823529413,0.24259346704533008,107.76629899283692,181.37009477855008,0.684971098265896,0.6878612716763006
group,,A02,large,C_common,all_queries,1400,1332,68,1247,153,7,589,589,0,0,0.4207142857142857,0.4421921921921922,0.0,1.0,0.0,0.21049003632407876,0.3911085218712116,0.4632993794230672,0.4421921921921922,0.4421921921921922
group,,A02,large,C_common,B_failures,1292,1224,68,1152,140,7,532,532,0,0,0.4117647058823529,0.434640522875817,0.0,1.0,0.0,0.210837329591116,0.3971993327082673,0.47602425448949326,0.434640522875817,0.434640522875817
group,,A02,large,C_common,C_common_not_correct,760,692,68,620,140,7,0,0,0,0,0.0,0.0,0.0,,0.0,,,,0.0,0.0
group,,A02,large,C_production,all_queries,1400,1332,68,488,912,0,488,488,0,0,0.3485714285714286,0.3663663663663664,0.0,1.0,0.0,0.21017345975370555,0.3934824949790036,0.47936263233675647,0.3663663663663664,0.3663663663663664
group,,A02,large,C_production,B_failures,1292,1224,68,488,804,0,488,488,0,0,0.37770897832817335,0.39869281045751637,0.0,1.0,0.0,0.21017345975370555,0.3934824949790036,0.47936263233675647,0.39869281045751637,0.39869281045751637
group,,A02,large,C_production,C_common_not_correct,760,692,68,0,760,0,0,0,0,0,0.0,0.0,0.0,,0.0,,,,0.0,0.0
group,,A02,large,S_raw,all_queries,1400,1332,68,1400,0,51,1400,1332,68,68,1.0,1.0,0.04857142857142857,0.9514285714285714,1.0,0.10619528647251908,0.1899454256822343,0.24495436704983292,1.0,1.0
group,,A02,large,S_raw,B_failures,1292,1224,68,1292,0,51,1292,1224,68,68,1.0,1.0,0.05263157894736842,0.9473684210526315,1.0,0.10619528647251908,0.190326720608759,0.24811711886429394,1.0,1.0
group,,A02,large,S_raw,C_common_not_correct,760,692,68,760,0,51,760,692,68,68,1.0,1.0,0.08947368421052632,0.9105263157894737,1.0,0.11021398536689803,0.23272151576884678,0.3247467361746132,1.0,1.0
group,,A02,large,S_common,all_queries,1400,1332,68,1400,0,51,1334,1332,2,2,0.9528571428571428,1.0,0.0014285714285714286,0.9985007496251874,0.029411764705882353,0.10619528647251908,0.1899454256822343,0.24495436704983292,1.0,1.0
group,,A02,large,S_common,B_failures,1292,1224,68,1292,0,51,1226,1224,2,2,0.9489164086687306,1.0,0.0015479876160990713,0.99836867862969,0.029411764705882353,0.10619528647251908,0.190326720608759,0.24811711886429394,1.0,1.0
group,,A02,large,S_common,C_common_not_correct,760,692,68,760,0,51,694,692,2,2,0.9131578947368421,1.0,0.002631578947368421,0.9971181556195965,0.029411764705882353,0.11021398536689803,0.23272151576884678,0.3247467361746132,1.0,1.0
group,,A02,illumination_blur,B,all_queries,1400,1394,6,1107,293,0,1107,1102,5,0,0.7907142857142857,0.7905308464849354,0.0035714285714285713,0.995483288166215,0.0,0.22667124615664172,0.7007728921278175,1.0093658739638067,0.7517934002869441,0.7905308464849354
group,,A02,illumination_blur,B,B_failures,293,287,6,0,293,0,0,0,0,0,0.0,0.0,0.0,,0.0,,,,0.0,0.0
group,,A02,illumination_blur,B,C_common_not_correct,165,159,6,0,165,0,0,0,0,0,0.0,0.0,0.0,,0.0,,,,0.0,0.0
group,,A02,illumination_blur,C_raw,all_queries,1400,1394,6,1391,9,1,1391,1378,13,5,0.9935714285714285,0.9885222381635581,0.009285714285714286,0.9906542056074766,0.8333333333333334,0.18353887934972168,0.560818356018606,0.8133425551683428,0.9612625538020086,0.9885222381635581
group,,A02,illumination_blur,C_raw,B_failures,293,287,6,285,8,1,285,275,10,5,0.9726962457337884,0.9581881533101045,0.034129692832764506,0.9649122807017544,0.8333333333333334,0.1677921862628323,0.5381892552824759,1.0521262402705356,0.9198606271777003,0.9581881533101045
group,,A02,illumination_blur,C_raw,C_common_not_correct,165,159,6,157,8,1,157,147,10,5,0.9515151515151515,0.9245283018867925,0.06060606060606061,0.9363057324840764,0.8333333333333334,0.1779291817639851,0.4568720022182868,0.9156063087285894,0.9119496855345912,0.9245283018867925
group,,A02,illumination_blur,C_common,all_queries,1400,1394,6,1391,9,1,1153,1148,5,1,0.8235714285714286,0.8235294117647058,0.0035714285714285713,0.9956634865568084,0.16666666666666666,0.18746099788008286,0.5951498910720608,0.81836497007406,0.7998565279770444,0.8235294117647058
group,,A02,illumination_blur,C_common,B_failures,293,287,6,285,8,1,131,128,3,1,0.447098976109215,0.445993031358885,0.010238907849829351,0.9770992366412213,0.16666666666666666,0.15413033416664645,0.7461952875126066,1.2817400203649676,0.4146341463414634,0.445993031358885
group,,A02,illumination_blur,C_common,C_common_not_correct,165,159,6,157,8,1,3,0,3,1,0.01818181818181818,0.0,0.01818181818181818,0.0,0.16666666666666666,2.2841498328222425,2.4515668185367887,2.472493941751107,0.0,0.0
group,,A02,illumination_blur,C_production,all_queries,1400,1394,6,130,1270,0,130,128,2,1,0.09285714285714286,0.09182209469153516,0.0014285714285714286,0.9846153846153847,0.16666666666666666,0.15339158570763614,0.7196661912326751,1.2534601843875561,0.08536585365853659,0.09182209469153516
group,,A02,illumination_blur,C_production,B_failures,293,287,6,130,163,0,130,128,2,1,0.44368600682593856,0.445993031358885,0.006825938566552901,0.9846153846153847,0.16666666666666666,0.15339158570763614,0.7196661912326751,1.2534601843875561,0.4146341463414634,0.445993031358885
group,,A02,illumination_blur,C_production,C_common_not_correct,165,159,6,2,163,0,2,0,2,1,0.012121212121212121,0.0,0.012121212121212121,0.0,0.16666666666666666,2.0748786006790603,2.0748786006790603,2.0748786006790603,0.0,0.0
group,,A02,illumination_blur,S_raw,all_queries,1400,1394,6,1400,0,3,1400,1394,6,6,1.0,1.0,0.004285714285714286,0.9957142857142857,1.0,0.04308531838404435,0.0983143469968988,0.12929159898999062,1.0,1.0
group,,A02,illumination_blur,S_raw,B_failures,293,287,6,293,0,3,293,287,6,6,1.0,1.0,0.020477815699658702,0.9795221843003413,1.0,0.06509053543363817,0.14943985191579048,0.1663700799359253,1.0,1.0
group,,A02,illumination_blur,S_raw,C_common_not_correct,165,159,6,165,0,3,165,159,6,6,1.0,1.0,0.03636363636363636,0.9636363636363636,1.0,0.05655436295493759,0.1262967399198279,0.16290002950507243,1.0,1.0
group,,A02,illumination_blur,S_common,all_queries,1400,1394,6,1400,0,3,1394,1394,0,0,0.9957142857142857,1.0,0.0,1.0,0.0,0.04308531838404435,0.0983143469968988,0.12929159898999062,1.0,1.0
group,,A02,illumination_blur,S_common,B_failures,293,287,6,293,0,3,287,287,0,0,0.9795221843003413,1.0,0.0,1.0,0.0,0.06509053543363817,0.14943985191579048,0.1663700799359253,1.0,1.0
group,,A02,illumination_blur,S_common,C_common_not_correct,165,159,6,165,0,3,159,159,0,0,0.9636363636363636,1.0,0.0,1.0,0.0,0.05655436295493759,0.1262967399198279,0.16290002950507243,1.0,1.0
group,,A02,outside_occluded,B,all_queries,1400,1009,391,220,1180,0,220,214,6,1,0.15714285714285714,0.21209117938553024,0.004285714285714286,0.9727272727272728,0.0025575447570332483,0.13873235205340234,0.46568996894911263,0.8238103678698223,0.2091179385530228,0.21209117938553024
group,,A02,outside_occluded,B,B_failures,1180,790,390,0,1180,0,0,0,0,0,0.0,0.0,0.0,,0.0,,,,0.0,0.0
group,,A02,outside_occluded,B,C_common_not_correct,475,85,390,0,475,0,0,0,0,0,0.0,0.0,0.0,,0.0,,,,0.0,0.0
group,,A02,outside_occluded,C_raw,all_queries,1400,1009,391,1355,45,13,1355,953,402,366,0.9678571428571429,0.9444995044598612,0.28714285714285714,0.7033210332103321,0.9360613810741688,0.12074431455862712,0.33072004953998757,0.6860980832038476,0.9385530227948464,0.9444995044598612
group,,A02,outside_occluded,C_raw,B_failures,1180,790,390,1136,44,13,1136,739,397,365,0.9627118644067797,0.9354430379746835,0.3364406779661017,0.6505281690140845,0.9358974358974359,0.11876944908901918,0.30515604807379915,0.6690307996459238,0.9329113924050633,0.9354430379746835
group,,A02,outside_occluded,C_raw,C_common_not_correct,475,85,390,431,44,13,431,34,397,365,0.9073684210526316,0.4,0.8357894736842105,0.07888631090487239,0.9358974358974359,0.9092181014072686,196.7695305211098,204.41234126692183,0.38823529411764707,0.4
group,,A02,outside_occluded,C_common,all_queries,1400,1009,391,1355,45,13,938,907,31,31,0.67,0.8989098116947473,0.02214285714285714,0.9669509594882729,0.0792838874680307,0.11591876409132469,0.2541795256128081,0.3616749230592784,0.8939544103072349,0.8989098116947473
group,,A02,outside_occluded,C_common,B_failures,1180,790,390,1136,44,13,735,705,30,30,0.6228813559322034,0.8924050632911392,0.025423728813559324,0.9591836734693877,0.07692307692307693,0.1126283318078569,0.24184416809352166,0.3298787288415995,0.8911392405063291,0.8924050632911392
group,,A02,outside_occluded,C_common,C_common_not_correct,475,85,390,431,44,13,30,0,30,30,0.06315789473684211,0.0,0.06315789473684211,0.0,0.07692307692307693,,,,0.0,0.0
group,,A02,outside_occluded,C_production,all_queries,1400,1009,391,705,695,0,705,701,4,4,0.5035714285714286,0.6947472745292369,0.002857142857142857,0.9943262411347518,0.010230179028132993,0.11252393131893293,0.24262528885252554,0.330636627137395,0.6937561942517344,0.6947472745292369
group,,A02,outside_occluded,C_production,B_failures,1180,790,390,705,475,0,705,701,4,4,0.597457627118644,0.8873417721518987,0.003389830508474576,0.9943262411347518,0.010256410256410256,0.11252393131893293,0.24262528885252554,0.330636627137395,0.8860759493670886,0.8873417721518987
group,,A02,outside_occluded,C_production,C_common_not_correct,475,85,390,4,471,0,4,0,4,4,0.008421052631578947,0.0,0.008421052631578947,0.0,0.010256410256410256,,,,0.0,0.0
group,,A02,outside_occluded,S_raw,all_queries,1400,1009,391,1400,0,34,1400,1009,391,391,1.0,1.0,0.2792857142857143,0.7207142857142858,1.0,0.06415344795552141,0.12557574294439441,0.15662000856931071,1.0,1.0
group,,A02,outside_occluded,S_raw,B_failures,1180,790,390,1180,0,34,1180,790,390,390,1.0,1.0,0.3305084745762712,0.6694915254237288,1.0,0.06115791525776111,0.1253360937334847,0.15660946937978887,1.0,1.0
group,,A02,outside_occluded,S_raw,C_common_not_correct,475,85,390,475,0,34,475,85,390,390,1.0,1.0,0.8210526315789474,0.17894736842105263,1.0,0.09452288416480753,0.15391460913292984,0.19387499788249227,1.0,1.0
group,,A02,outside_occluded,S_common,all_queries,1400,1009,391,1400,0,34,1195,1008,187,187,0.8535714285714285,0.9990089197224975,0.13357142857142856,0.8435146443514644,0.4782608695652174,0.06412443463195341,0.12541384111801582,0.15609953431715193,0.9990089197224975,0.9990089197224975
group,,A02,outside_occluded,S_common,B_failures,1180,790,390,1180,0,34,975,789,186,186,0.826271186440678,0.9987341772151899,0.1576271186440678,0.8092307692307692,0.47692307692307695,0.06112692642120062,0.12497261351342483,0.1560432480345952,0.9987341772151899,0.9987341772151899
group,,A02,outside_occluded,S_common,C_common_not_correct,475,85,390,475,0,34,271,85,186,186,0.5705263157894737,1.0,0.391578947368421,0.31365313653136534,0.47692307692307695,0.09452288416480753,0.15391460913292984,0.19387499788249227,1.0,1.0
group,,A02,ALL,B,all_queries,5600,5130,470,2825,2775,0,2825,2807,18,1,0.5044642857142857,0.5471734892787524,0.0032142857142857142,0.9936283185840707,0.002127659574468085,0.059410222631417355,0.448994140184794,0.6734546011968967,0.5360623781676414,0.5471734892787524
group,,A02,ALL,B,B_failures,2775,2306,469,0,2775,0,0,0,0,0,0.0,0.0,0.0,,0.0,,,,0.0,0.0
group,,A02,ALL,B,C_common_not_correct,1410,941,469,0,1410,0,0,0,0,0,0.0,0.0,0.0,,0.0,,,,0.0,0.0
group,,A02,ALL,C_raw,all_queries,5600,5130,470,5393,207,21,5393,4815,578,388,0.9630357142857143,0.9385964912280702,0.10321428571428572,0.8928240311514927,0.825531914893617,0.116894064750575,0.4339691916076237,0.9132997749754234,0.9296296296296296,0.9385964912280702
group,,A02,ALL,C_raw,B_failures,2775,2306,469,2583,192,21,2583,2027,556,387,0.9308108108108109,0.8790112749349523,0.20036036036036037,0.7847464188927603,0.8251599147121536,0.17515740821078787,0.5538471574981437,97.64686195413849,0.8725065047701648,0.8790112749349523
group,,A02,ALL,C_raw,C_common_not_correct,1410,941,469,1218,192,21,1218,662,556,387,0.8638297872340426,0.7035069075451648,0.3943262411347518,0.5435139573070608,0.8251599147121536,0.22887385381655986,108.80716839747328,178.0379273960113,0.6981934112646121,0.7035069075451648
group,,A02,ALL,C_common,all_queries,5600,5130,470,5393,207,21,4064,4028,36,32,0.7257142857142858,0.7851851851851852,0.0064285714285714285,0.9911417322834646,0.06808510638297872,0.09319145691350297,0.34718145071916856,0.4902952662316505,0.7777777777777778,0.7851851851851852
group,,A02,ALL,C_common,B_failures,2775,2306,469,2583,192,21,1398,1365,33,31,0.5037837837837837,0.5919340849956635,0.011891891891891892,0.9763948497854077,0.06609808102345416,0.14966382355715913,0.3637504396042846,0.45346846848500305,0.5875975715524718,0.5919340849956635
group,,A02,ALL,C_common,C_common_not_correct,1410,941,469,1218,192,21,33,0,33,31,0.023404255319148935,0.0,0.023404255319148935,0.0,0.06609808102345416,2.2841498328222425,2.4515668185367887,2.472493941751107,0.0,0.0
group,,A02,ALL,C_production,all_queries,5600,5130,470,1323,4277,0,1323,1317,6,5,0.23625,0.2567251461988304,0.0010714285714285715,0.9954648526077098,0.010638297872340425,0.14640565062721023,0.35736045347198486,0.45510129376672354,0.254775828460039,0.2567251461988304
group,,A02,ALL,C_production,B_failures,2775,2306,469,1323,1452,0,1323,1317,6,5,0.47675675675675677,0.5711188204683435,0.002162162162162162,0.9954648526077098,0.010660980810234541,0.14640565062721023,0.35736045347198486,0.45510129376672354,0.5667823070251518,0.5711188204683435
group,,A02,ALL,C_production,C_common_not_correct,1410,941,469,6,1404,0,6,0,6,5,0.00425531914893617,0.0,0.00425531914893617,0.0,0.010660980810234541,2.0748786006790603,2.0748786006790603,2.0748786006790603,0.0,0.0
group,,A02,ALL,S_raw,all_queries,5600,5130,470,5600,0,88,5600,5130,470,470,1.0,1.0,0.08392857142857142,0.9160714285714285,1.0,0.04958816600298678,0.13789251483908288,0.16825628553641306,1.0,1.0
group,,A02,ALL,S_raw,B_failures,2775,2306,469,2775,0,88,2775,2306,469,469,1.0,1.0,0.169009009009009,0.8309909909909909,1.0,0.08305830710129883,0.16793664841577588,0.20868359880877163,1.0,1.0
group,,A02,ALL,S_raw,C_common_not_correct,1410,941,469,1410,0,88,1410,941,469,469,1.0,1.0,0.3326241134751773,0.6673758865248227,1.0,0.09841882232178881,0.20576196629773125,0.27270166205653057,1.0,1.0
group,,A02,ALL,S_common,all_queries,5600,5130,470,5600,0,88,5318,5129,189,189,0.9496428571428571,0.9998050682261208,0.03375,0.9644603234298609,0.4021276595744681,0.04958734914213444,0.13786848222330456,0.16819423045225332,0.9998050682261208,0.9998050682261208
group,,A02,ALL,S_common,B_failures,2775,2306,469,2775,0,88,2493,2305,188,188,0.8983783783783784,0.9995663486556808,0.06774774774774775,0.9245888487765744,0.40085287846481876,0.0830155197773374,0.16777965453085258,0.20847855544300356,0.9995663486556808,0.9995663486556808
group,,A02,ALL,S_common,C_common_not_correct,1410,941,469,1410,0,88,1129,941,188,188,0.800709219858156,1.0,0.13333333333333333,0.83348095659876,0.40085287846481876,0.09841882232178881,0.20576196629773125,0.27270166205653057,1.0,1.0
group,,A08,small,B,all_queries,1400,1388,12,1372,28,0,1372,1372,0,0,0.98,0.9884726224783862,0.0,1.0,0.0,0.040774592441773616,0.10068541508263083,0.13563749005710546,0.9884726224783862,0.9884726224783862
group,,A08,small,B,B_failures,28,16,12,0,28,0,0,0,0,0,0.0,0.0,0.0,,0.0,,,,0.0,0.0
group,,A08,small,B,C_common_not_correct,27,15,12,0,27,0,0,0,0,0,0.0,0.0,0.0,,0.0,,,,0.0,0.0
group,,A08,small,C_raw,all_queries,1400,1388,12,1400,0,0,1400,1388,12,12,1.0,1.0,0.008571428571428572,0.9914285714285714,1.0,0.043356100117382126,0.09202564025981172,0.11566353593671837,1.0,1.0
group,,A08,small,C_raw,B_failures,28,16,12,28,0,0,28,16,12,12,1.0,1.0,0.42857142857142855,0.5714285714285714,1.0,0.06719787837650423,0.14120204427899674,0.1590035247077755,1.0,1.0
group,,A08,small,C_raw,C_common_not_correct,27,15,12,27,0,0,27,15,12,12,1.0,1.0,0.4444444444444444,0.5555555555555556,1.0,0.06494212100544981,0.14277342114320044,0.1609924439293275,1.0,1.0
group,,A08,small,C_common,all_queries,1400,1388,12,1400,0,0,1368,1368,0,0,0.9771428571428571,0.9855907780979827,0.0,1.0,0.0,0.04309567910856406,0.09051224271037975,0.11434412709125638,0.9855907780979827,0.9855907780979827
group,,A08,small,C_common,B_failures,28,16,12,28,0,0,1,1,0,0,0.03571428571428571,0.0625,0.0,1.0,0.0,0.07226755146611605,0.07226755146611605,0.07226755146611605,0.0625,0.0625
group,,A08,small,C_common,C_common_not_correct,27,15,12,27,0,0,0,0,0,0,0.0,0.0,0.0,,0.0,,,,0.0,0.0
group,,A08,small,C_production,all_queries,1400,1388,12,1,1399,0,1,1,0,0,0.0007142857142857143,0.0007204610951008645,0.0,1.0,0.0,0.07226755146611605,0.07226755146611605,0.07226755146611605,0.0007204610951008645,0.0007204610951008645
group,,A08,small,C_production,B_failures,28,16,12,1,27,0,1,1,0,0,0.03571428571428571,0.0625,0.0,1.0,0.0,0.07226755146611605,0.07226755146611605,0.07226755146611605,0.0625,0.0625
group,,A08,small,C_production,C_common_not_correct,27,15,12,0,27,0,0,0,0,0,0.0,0.0,0.0,,0.0,,,,0.0,0.0
group,,A08,small,S_raw,all_queries,1400,1388,12,1400,0,0,1400,1388,12,12,1.0,1.0,0.008571428571428572,0.9914285714285714,1.0,0.024707349801397573,0.052307097968906896,0.0622081932536247,1.0,1.0
group,,A08,small,S_raw,B_failures,28,16,12,28,0,0,28,16,12,12,1.0,1.0,0.42857142857142855,0.5714285714285714,1.0,0.058226319665258076,0.0834214588951286,0.08801150781182235,1.0,1.0
group,,A08,small,S_raw,C_common_not_correct,27,15,12,27,0,0,27,15,12,12,1.0,1.0,0.4444444444444444,0.5555555555555556,1.0,0.056235421042319024,0.08359347856809762,0.08875749792219205,1.0,1.0
group,,A08,small,S_common,all_queries,1400,1388,12,1400,0,0,1388,1388,0,0,0.9914285714285714,1.0,0.0,1.0,0.0,0.024707349801397573,0.052307097968906896,0.0622081932536247,1.0,1.0
group,,A08,small,S_common,B_failures,28,16,12,28,0,0,16,16,0,0,0.5714285714285714,1.0,0.0,1.0,0.0,0.058226319665258076,0.0834214588951286,0.08801150781182235,1.0,1.0
group,,A08,small,S_common,C_common_not_correct,27,15,12,27,0,0,15,15,0,0,0.5555555555555556,1.0,0.0,1.0,0.0,0.056235421042319024,0.08359347856809762,0.08875749792219205,1.0,1.0
group,,A08,large,B,all_queries,1400,1295,105,37,1363,0,37,23,14,0,0.02642857142857143,0.01776061776061776,0.01,0.6216216216216216,0.0,0.6177720095200999,154.24686312768452,169.9701504458027,0.016216216216216217,0.01776061776061776
group,,A08,large,B,B_failures,1363,1258,105,0,1363,0,0,0,0,0,0.0,0.0,0.0,,0.0,,,,0.0,0.0
group,,A08,large,B,C_common_not_correct,1267,1162,105,0,1267,0,0,0,0,0,0.0,0.0,0.0,,0.0,,,,0.0,0.0
group,,A08,large,C_raw,all_queries,1400,1295,105,1309,91,14,1309,156,1153,88,0.935,0.12046332046332046,0.8235714285714286,0.11917494270435447,0.8380952380952381,145.95528093134024,205.6238745136086,225.43688715663552,0.11969111969111969,0.12046332046332046
group,,A08,large,C_raw,B_failures,1363,1258,105,1273,90,14,1273,148,1125,88,0.933969185619956,0.11764705882352941,0.8253851797505503,0.11626080125687353,0.8380952380952381,146.06740173526384,206.308705080219,226.38595988531415,0.11685214626391097,0.11764705882352941
group,,A08,large,C_raw,C_common_not_correct,1267,1162,105,1177,90,14,1177,52,1125,88,0.9289660615627466,0.04475043029259897,0.8879242304656669,0.044180118946474084,0.8380952380952381,152.10034356767218,210.28121215383575,228.3736281748975,0.04475043029259897,0.04475043029259897
group,,A08,large,C_common,all_queries,1400,1295,105,1309,91,14,105,100,5,0,0.075,0.07722007722007722,0.0035714285714285713,0.9523809523809523,0.0,0.27403851817834546,0.5991585630815699,1.0566343344338904,0.07644787644787644,0.07722007722007722
group,,A08,large,C_common,B_failures,1363,1258,105,1273,90,14,101,96,5,0,0.07410124724871607,0.07631160572337042,0.003668378576669112,0.9504950495049505,0.0,0.274102431279479,0.608776188755684,1.0761780847135738,0.075516693163752,0.07631160572337042
group,,A08,large,C_common,C_common_not_correct,1267,1162,105,1177,90,14,5,0,5,0,0.003946329913180742,0.0,0.003946329913180742,0.0,0.0,134.93070156596136,154.3253854018394,160.37348324666505,0.0,0.0
group,,A08,large,C_production,all_queries,1400,1295,105,19,1381,0,19,19,0,0,0.013571428571428571,0.014671814671814672,0.0,1.0,0.0,0.24336666190349945,0.47263046096246475,0.5427155781288538,0.013899613899613899,0.014671814671814672
group,,A08,large,C_production,B_failures,1363,1258,105,19,1344,0,19,19,0,0,0.013939838591342627,0.015103338632750398,0.0,1.0,0.0,0.24336666190349945,0.47263046096246475,0.5427155781288538,0.014308426073131956,0.015103338632750398
group,,A08,large,C_production,C_common_not_correct,1267,1162,105,0,1267,0,0,0,0,0,0.0,0.0,0.0,,0.0,,,,0.0,0.0
group,,A08,large,S_raw,all_queries,1400,1295,105,1400,0,95,1400,1295,105,105,1.0,1.0,0.075,0.925,1.0,0.11664428033657973,0.21843272673410952,0.2701037656560562,0.9992277992277993,1.0
group,,A08,large,S_raw,B_failures,1363,1258,105,1363,0,95,1363,1258,105,105,1.0,1.0,0.07703595011005136,0.9229640498899486,1.0,0.1165955508827417,0.21818108647357437,0.26566040315462836,0.9992050874403816,1.0
group,,A08,large,S_raw,C_common_not_correct,1267,1162,105,1267,0,95,1267,1162,105,105,1.0,1.0,0.08287292817679558,0.9171270718232044,1.0,0.11974569858236409,0.22130779001489007,0.27294741186757093,0.9991394148020654,1.0
group,,A08,large,S_common,all_queries,1400,1295,105,1400,0,95,1294,1294,0,0,0.9242857142857143,0.9992277992277993,0.0,1.0,0.0,0.1166441519931439,0.21851660682095442,0.27013345225086627,0.9984555984555985,0.9992277992277993
group,,A08,large,S_common,B_failures,1363,1258,105,1363,0,95,1257,1257,0,0,0.9222303741746148,0.9992050874403816,0.0,1.0,0.0,0.11654734341584543,0.21826496656041947,0.26594622520338046,0.9984101748807631,0.9992050874403816
group,,A08,large,S_common,C_common_not_correct,1267,1162,105,1267,0,95,1161,1161,0,0,0.9163378058405682,0.9991394148020654,0.0,1.0,0.0,0.11930103014038666,0.22132591422873754,0.2729891447113865,0.9982788296041308,0.9991394148020654
group,,A08,illumination_blur,B,all_queries,1400,1376,24,1258,142,0,1258,1243,15,0,0.8985714285714286,0.903343023255814,0.010714285714285714,0.9880763116057234,0.0,0.324022950615738,1.020193374305415,1.2939775352949374,0.8183139534883721,0.903343023255814
group,,A08,illumination_blur,B,B_failures,142,118,24,0,142,0,0,0,0,0,0.0,0.0,0.0,,0.0,,,,0.0,0.0
group,,A08,illumination_blur,B,C_common_not_correct,106,82,24,0,106,0,0,0,0,0,0.0,0.0,0.0,,0.0,,,,0.0,0.0
group,,A08,illumination_blur,C_raw,all_queries,1400,1376,24,1391,9,7,1391,1342,49,15,0.9935714285714285,0.9752906976744186,0.035,0.9647735442127966,0.625,0.29685037190070845,0.9147098498806226,1.263656348332613,0.9156976744186046,0.9752906976744186
group,,A08,illumination_blur,C_raw,B_failures,142,118,24,133,9,7,133,96,37,15,0.9366197183098591,0.8135593220338984,0.2605633802816901,0.7218045112781954,0.625,0.40519549095328555,5.9559126366995025,16.863076776529738,0.7203389830508474,0.8135593220338984
group,,A08,illumination_blur,C_raw,C_common_not_correct,106,82,24,97,9,7,97,60,37,15,0.9150943396226415,0.7317073170731707,0.3490566037735849,0.6185567010309279,0.625,0.45514915345696716,13.281085238532155,34.38029431892859,0.7195121951219512,0.7317073170731707
group,,A08,illumination_blur,C_common,all_queries,1400,1376,24,1391,9,7,1284,1272,12,0,0.9171428571428571,0.9244186046511628,0.008571428571428572,0.9906542056074766,0.0,0.29110402929068324,0.8483865529030288,1.144301354623785,0.8655523255813954,0.9244186046511628
group,,A08,illumination_blur,C_common,B_failures,142,118,24,133,9,7,41,36,5,0,0.2887323943661972,0.3050847457627119,0.035211267605633804,0.8780487804878049,0.0,0.344583715136726,2.0544460845628922,2.457965487734683,0.22033898305084745,0.3050847457627119
group,,A08,illumination_blur,C_common,C_common_not_correct,106,82,24,97,9,7,5,0,5,0,0.04716981132075472,0.0,0.04716981132075472,0.0,0.0,2.457965487734683,2.998481238293342,3.019914139728825,0.0,0.0
group,,A08,illumination_blur,C_production,all_queries,1400,1376,24,40,1360,0,40,36,4,0,0.02857142857142857,0.02616279069767442,0.002857142857142857,0.9,0.0,0.3437473839124857,1.9132262598952918,2.3658749309081304,0.0188953488372093,0.02616279069767442
group,,A08,illumination_blur,C_production,B_failures,142,118,24,40,102,0,40,36,4,0,0.28169014084507044,0.3050847457627119,0.028169014084507043,0.9,0.0,0.3437473839124857,1.9132262598952918,2.3658749309081304,0.22033898305084745,0.3050847457627119
group,,A08,illumination_blur,C_production,C_common_not_correct,106,82,24,4,102,0,4,0,4,0,0.03773584905660377,0.0,0.03773584905660377,0.0,0.0,2.6350732692085974,3.009197689011083,3.025272365087696,0.0,0.0
group,,A08,illumination_blur,S_raw,all_queries,1400,1376,24,1400,0,12,1400,1376,24,24,1.0,1.0,0.017142857142857144,0.9828571428571429,1.0,0.04882846806690943,0.09908236035050388,0.1217193593188326,1.0,1.0
group,,A08,illumination_blur,S_raw,B_failures,142,118,24,142,0,12,142,118,24,24,1.0,1.0,0.16901408450704225,0.8309859154929577,1.0,0.07563583946196775,0.15520022561221858,0.18529411904892,1.0,1.0
group,,A08,illumination_blur,S_raw,C_common_not_correct,106,82,24,106,0,12,106,82,24,24,1.0,1.0,0.22641509433962265,0.7735849056603774,1.0,0.08384149416557907,0.1646099482404324,0.18460917197108648,1.0,1.0
group,,A08,illumination_blur,S_common,all_queries,1400,1376,24,1400,0,12,1376,1376,0,0,0.9828571428571429,1.0,0.0,1.0,0.0,0.04882846806690943,0.09908236035050388,0.1217193593188326,1.0,1.0
group,,A08,illumination_blur,S_common,B_failures,142,118,24,142,0,12,118,118,0,0,0.8309859154929577,1.0,0.0,1.0,0.0,0.07563583946196775,0.15520022561221858,0.18529411904892,1.0,1.0
group,,A08,illumination_blur,S_common,C_common_not_correct,106,82,24,106,0,12,82,82,0,0,0.7735849056603774,1.0,0.0,1.0,0.0,0.08384149416557907,0.1646099482404324,0.18460917197108648,1.0,1.0
group,,A08,outside_occluded,B,all_queries,1400,940,460,294,1106,0,294,287,7,2,0.21,0.30531914893617024,0.005,0.9761904761904762,0.004347826086956522,0.24210833105307322,0.7865790179224442,0.9414571528150149,0.2957446808510638,0.30531914893617024
group,,A08,outside_occluded,B,B_failures,1106,648,458,0,1106,0,0,0,0,0,0.0,0.0,0.0,,0.0,,,,0.0,0.0
group,,A08,outside_occluded,B,C_common_not_correct,579,121,458,0,579,0,0,0,0,0,0.0,0.0,0.0,,0.0,,,,0.0,0.0
group,,A08,outside_occluded,C_raw,all_queries,1400,940,460,1350,50,17,1350,874,476,412,0.9642857142857143,0.9297872340425531,0.34,0.6474074074074074,0.8956521739130435,0.24761171846350355,0.8578026280336278,104.78757807205247,0.9074468085106383,0.9297872340425531
group,,A08,outside_occluded,C_raw,B_failures,1106,648,458,1056,50,17,1056,588,468,410,0.9547920433996383,0.9074074074074074,0.4231464737793852,0.5568181818181818,0.8951965065502183,0.2529379340467692,1.2716671882635469,116.47289981140403,0.8796296296296297,0.9074074074074074
group,,A08,outside_occluded,C_raw,C_common_not_correct,579,121,458,529,50,17,529,61,468,410,0.9136442141623489,0.5041322314049587,0.8082901554404145,0.11531190926275993,0.8951965065502183,1.769930424559715,145.46299245250518,157.7083690726527,0.47107438016528924,0.5041322314049587
group,,A08,outside_occluded,C_common,all_queries,1400,940,460,1350,50,17,819,804,15,14,0.585,0.8553191489361702,0.010714285714285714,0.9816849816849816,0.030434782608695653,0.22684834741640156,0.6097984824492609,0.786410021326452,0.8372340425531914,0.8553191489361702
group,,A08,outside_occluded,C_common,B_failures,1106,648,458,1056,50,17,541,527,14,14,0.4891500904159132,0.8132716049382716,0.012658227848101266,0.9741219963031423,0.03056768558951965,0.22292003923737214,0.5893887050422689,0.8025752678916659,0.7916666666666666,0.8132716049382716
group,,A08,outside_occluded,C_common,C_common_not_correct,579,121,458,529,50,17,14,0,14,14,0.024179620034542316,0.0,0.024179620034542316,0.0,0.03056768558951965,,,,0.0,0.0
group,,A08,outside_occluded,C_production,all_queries,1400,940,460,527,873,0,527,526,1,1,0.37642857142857145,0.5595744680851064,0.0007142857142857143,0.9981024667931688,0.002173913043478261,0.2212758412660242,0.5771200984371438,0.8027204396576939,0.5446808510638298,0.5595744680851064
group,,A08,outside_occluded,C_production,B_failures,1106,648,458,527,579,0,527,526,1,1,0.47649186256781195,0.8117283950617284,0.0009041591320072332,0.9981024667931688,0.002183406113537118,0.2212758412660242,0.5771200984371438,0.8027204396576939,0.7901234567901234,0.8117283950617284
group,,A08,outside_occluded,C_production,C_common_not_correct,579,121,458,1,578,0,1,0,1,1,0.0017271157167530224,0.0,0.0017271157167530224,0.0,0.002183406113537118,,,,0.0,0.0
group,,A08,outside_occluded,S_raw,all_queries,1400,940,460,1400,0,73,1400,940,460,460,1.0,1.0,0.32857142857142857,0.6714285714285714,1.0,0.06564690930065262,0.1331261045849744,0.16083983045184716,1.0,1.0
group,,A08,outside_occluded,S_raw,B_failures,1106,648,458,1106,0,73,1106,648,458,458,1.0,1.0,0.4141048824593128,0.5858951175406871,1.0,0.06737460361749453,0.13480134020837076,0.16331464539286825,1.0,1.0
group,,A08,outside_occluded,S_raw,C_common_not_correct,579,121,458,579,0,73,579,121,458,458,1.0,1.0,0.7910189982728842,0.20898100172711573,1.0,0.08482447216311582,0.15676884923741338,0.18245647185707278,1.0,1.0
group,,A08,outside_occluded,S_common,all_queries,1400,940,460,1400,0,73,965,938,27,27,0.6892857142857143,0.997872340425532,0.019285714285714285,0.9720207253886011,0.058695652173913045,0.06554576032644202,0.1326960774476459,0.1608595631924686,0.997872340425532,0.997872340425532
group,,A08,outside_occluded,S_common,B_failures,1106,648,458,1106,0,73,672,646,26,26,0.6075949367088608,0.9969135802469136,0.023508137432188065,0.9613095238095238,0.056768558951965066,0.0668318716780941,0.13403534784872978,0.16344538315184223,0.9969135802469136,0.9969135802469136
group,,A08,outside_occluded,S_common,C_common_not_correct,579,121,458,579,0,73,145,119,26,26,0.2504317789291883,0.9834710743801653,0.044905008635578586,0.8206896551724138,0.056768558951965066,0.0847962474928463,0.15688077817792973,0.1840536773874195,0.9834710743801653,0.9834710743801653
group,,A08,ALL,B,all_queries,5600,4999,601,2961,2639,0,2961,2925,36,2,0.52875,0.585117023404681,0.0064285714285714285,0.9878419452887538,0.0033277870216306157,0.11161704276932612,0.7216765046237655,1.0344643617609526,0.5595119023804761,0.585117023404681
group,,A08,ALL,B,B_failures,2639,2040,599,0,2639,0,0,0,0,0,0.0,0.0,0.0,,0.0,,,,0.0,0.0
group,,A08,ALL,B,C_common_not_correct,1979,1380,599,0,1979,0,0,0,0,0,0.0,0.0,0.0,,0.0,,,,0.0,0.0
group,,A08,ALL,C_raw,all_queries,5600,4999,601,5450,150,38,5450,3760,1690,527,0.9732142857142857,0.7521504300860172,0.30178571428571427,0.689908256880734,0.8768718801996672,0.2444669114209185,159.40792601653672,184.96192386119952,0.7313462692538508,0.7521504300860172
group,,A08,ALL,C_raw,B_failures,2639,2040,599,2490,149,38,2490,848,1642,525,0.9435392194012884,0.41568627450980394,0.6222053808260705,0.3405622489959839,0.8764607679465777,101.88055903341413,191.94285150540395,214.03517680026437,0.40098039215686276,0.41568627450980394
group,,A08,ALL,C_raw,C_common_not_correct,1979,1380,599,1830,149,38,1830,188,1642,525,0.9247094492167761,0.13623188405797101,0.829711975745326,0.10273224043715846,0.8764607679465777,141.37303985773883,203.73506632224326,223.7327445826934,0.13260869565217392,0.13623188405797101
group,,A08,ALL,C_common,all_queries,5600,4999,601,5450,150,38,3576,3544,32,14,0.6385714285714286,0.7089417883576715,0.005714285714285714,0.9910514541387024,0.02329450915141431,0.14000584953338746,0.5846994866146359,0.8268330285392522,0.6891378275655131,0.7089417883576715
group,,A08,ALL,C_common,B_failures,2639,2040,599,2490,149,38,684,660,24,14,0.2591890867752937,0.3235294117647059,0.00909435392194013,0.9649122807017544,0.02337228714524207,0.23434864649302026,0.6797637777944435,1.0202837469818722,0.3112745098039216,0.3235294117647059
group,,A08,ALL,C_common,C_common_not_correct,1979,1380,599,1830,149,38,24,0,24,14,0.01212733703890854,0.0,0.01212733703890854,0.0,0.02337228714524207,56.095519499095374,139.2051407897753,152.81336094063295,0.0,0.0
group,,A08,ALL,C_production,all_queries,5600,4999,601,587,5013,0,587,582,5,1,0.10482142857142857,0.11642328465693139,0.0008928571428571428,0.9914821124361158,0.0016638935108153079,0.22890503200668078,0.6817352005177111,0.9894950340673025,0.11142228445689138,0.11642328465693139
group,,A08,ALL,C_production,B_failures,2639,2040,599,587,2052,0,587,582,5,1,0.22243273967411897,0.2852941176470588,0.0018946570670708603,0.9914821124361158,0.001669449081803005,0.22890503200668078,0.6817352005177111,0.9894950340673025,0.2730392156862745,0.2852941176470588
group,,A08,ALL,C_production,C_common_not_correct,1979,1380,599,5,1974,0,5,0,5,1,0.0025265285497726125,0.0,0.0025265285497726125,0.0,0.001669449081803005,2.6350732692085974,3.009197689011083,3.025272365087696,0.0,0.0
group,,A08,ALL,S_raw,all_queries,5600,4999,601,5600,0,180,5600,4999,601,601,1.0,1.0,0.10732142857142857,0.8926785714285714,1.0,0.05280444665813347,0.14853335495309347,0.18504569923227301,0.9997999599919984,1.0
group,,A08,ALL,S_raw,B_failures,2639,2040,599,2639,0,180,2639,2040,599,599,1.0,1.0,0.22697991663508904,0.7730200833649109,1.0,0.09652637347240361,0.18962909516078089,0.2336643358155425,0.9995098039215686,1.0
group,,A08,ALL,S_raw,C_common_not_correct,1979,1380,599,1979,0,180,1979,1380,599,599,1.0,1.0,0.302678120262759,0.697321879737241,1.0,0.11268307354908498,0.21284273151279767,0.25916644517596144,0.9992753623188406,1.0
group,,A08,ALL,S_common,all_queries,5600,4999,601,5600,0,180,5023,4996,27,27,0.8969642857142858,0.9993998799759952,0.004821428571428571,0.9946247262592076,0.04492512479201331,0.05277147831655109,0.14840020983314095,0.18504973963798127,0.9991998399679936,0.9993998799759952
group,,A08,ALL,S_common,B_failures,2639,2040,599,2639,0,180,2063,2037,26,26,0.7817355058734369,0.9985294117647059,0.009852216748768473,0.9873969946679593,0.04340567612687813,0.09645268124341964,0.18970283451532668,0.23376371411466404,0.9980392156862745,0.9985294117647059
group,,A08,ALL,S_common,C_common_not_correct,1979,1380,599,1979,0,180,1403,1377,26,26,0.708943911066195,0.9978260869565218,0.013137948458817585,0.9814682822523164,0.04340567612687813,0.11257265711510474,0.21289549807257202,0.25917481200747927,0.9971014492753624,0.9978260869565218
group,,H02,small,B,all_queries,1400,1347,53,1304,96,0,1304,1304,0,0,0.9314285714285714,0.9680772086117297,0.0,1.0,0.0,0.033080116554205716,0.09699789294307058,0.14000271253215157,0.9680772086117297,0.9680772086117297
group,,H02,small,B,B_failures,96,43,53,0,96,0,0,0,0,0,0.0,0.0,0.0,,0.0,,,,0.0,0.0
group,,H02,small,B,C_common_not_correct,91,38,53,0,91,0,0,0,0,0,0.0,0.0,0.0,,0.0,,,,0.0,0.0
group,,H02,small,C_raw,all_queries,1400,1347,53,1400,0,6,1400,1347,53,53,1.0,1.0,0.03785714285714286,0.9621428571428572,1.0,0.035456288404261224,0.09477610564372484,0.12932441994013724,1.0,1.0
group,,H02,small,C_raw,B_failures,96,43,53,96,0,6,96,43,53,53,1.0,1.0,0.5520833333333334,0.4479166666666667,1.0,0.05426686632407587,0.16229831244205525,0.2824151448721666,1.0,1.0
group,,H02,small,C_raw,C_common_not_correct,91,38,53,91,0,6,91,38,53,53,1.0,1.0,0.5824175824175825,0.4175824175824176,1.0,0.058639817012173204,0.18662070284844323,0.2937466546060147,1.0,1.0
group,,H02,small,C_common,all_queries,1400,1347,53,1400,0,6,1295,1295,0,0,0.925,0.961395694135115,0.0,1.0,0.0,0.03461055601207309,0.09252402416981435,0.1249077023272604,0.961395694135115,0.961395694135115
group,,H02,small,C_common,B_failures,96,43,53,96,0,6,5,5,0,0,0.052083333333333336,0.11627906976744186,0.0,1.0,0.0,0.04957308971196105,0.08884350512920469,0.0935493039714546,0.11627906976744186,0.11627906976744186
group,,H02,small,C_common,C_common_not_correct,91,38,53,91,0,6,0,0,0,0,0.0,0.0,0.0,,0.0,,,,0.0,0.0
group,,H02,small,C_production,all_queries,1400,1347,53,5,1395,0,5,5,0,0,0.0035714285714285713,0.003711952487008166,0.0,1.0,0.0,0.04957308971196105,0.08884350512920469,0.0935493039714546,0.003711952487008166,0.003711952487008166
group,,H02,small,C_production,B_failures,96,43,53,5,91,0,5,5,0,0,0.052083333333333336,0.11627906976744186,0.0,1.0,0.0,0.04957308971196105,0.08884350512920469,0.0935493039714546,0.11627906976744186,0.11627906976744186
group,,H02,small,C_production,C_common_not_correct,91,38,53,0,91,0,0,0,0,0,0.0,0.0,0.0,,0.0,,,,0.0,0.0
group,,H02,small,S_raw,all_queries,1400,1347,53,1400,0,6,1400,1347,53,53,1.0,1.0,0.03785714285714286,0.9621428571428572,1.0,0.029236224998340533,0.057961473702461186,0.06777513958550703,1.0,1.0
group,,H02,small,S_raw,B_failures,96,43,53,96,0,6,96,43,53,53,1.0,1.0,0.5520833333333334,0.4479166666666667,1.0,0.05715708173542387,0.09486127986763809,0.11420772802656415,1.0,1.0
group,,H02,small,S_raw,C_common_not_correct,91,38,53,91,0,6,91,38,53,53,1.0,1.0,0.5824175824175825,0.4175824175824176,1.0,0.05641348934442819,0.09129005222703632,0.11339012013701157,1.0,1.0
group,,H02,small,S_common,all_queries,1400,1347,53,1400,0,6,1348,1347,1,1,0.9628571428571429,1.0,0.0007142857142857143,0.9992581602373887,0.018867924528301886,0.029236224998340533,0.057961473702461186,0.06777513958550703,1.0,1.0
group,,H02,small,S_common,B_failures,96,43,53,96,0,6,44,43,1,1,0.4583333333333333,1.0,0.010416666666666666,0.9772727272727273,0.018867924528301886,0.05715708173542387,0.09486127986763809,0.11420772802656415,1.0,1.0
group,,H02,small,S_common,C_common_not_correct,91,38,53,91,0,6,39,38,1,1,0.42857142857142855,1.0,0.01098901098901099,0.9743589743589743,0.018867924528301886,0.05641348934442819,0.09129005222703632,0.11339012013701157,1.0,1.0
group,,H02,large,B,all_queries,1400,1126,274,284,1116,0,284,283,1,1,0.20285714285714285,0.25133214920071045,0.0007142857142857143,0.9964788732394366,0.0036496350364963502,0.20242357436693847,0.4155095693979134,0.4809822658902958,0.25044404973357015,0.25133214920071045
group,,H02,large,B,B_failures,1116,843,273,0,1116,0,0,0,0,0,0.0,0.0,0.0,,0.0,,,,0.0,0.0
group,,H02,large,B,C_common_not_correct,774,501,273,0,774,0,0,0,0,0,0.0,0.0,0.0,,0.0,,,,0.0,0.0
group,,H02,large,C_raw,all_queries,1400,1126,274,900,500,22,900,795,105,54,0.6428571428571429,0.7060390763765542,0.075,0.8833333333333333,0.19708029197080293,0.26830640076997037,0.7547869773255216,21.137210567688648,0.6936056838365897,0.7060390763765542
group,,H02,large,C_raw,B_failures,1116,843,273,625,491,22,625,522,103,53,0.5600358422939068,0.6192170818505338,0.09229390681003584,0.8352,0.19413919413919414,0.26048429963942676,1.2088959137206727,41.76297978686132,0.604982206405694,0.6192170818505338
group,,H02,large,C_raw,C_common_not_correct,774,501,273,283,491,22,283,180,103,53,0.36563307493540054,0.3592814371257485,0.1330749354005168,0.6360424028268551,0.19413919413919414,0.3120524975871355,78.78899774758067,121.04347558666122,0.34930139720558884,0.3592814371257485
group,,H02,large,C_common,all_queries,1400,1126,274,900,500,22,586,586,0,0,0.4185714285714286,0.5204262877442274,0.0,1.0,0.0,0.2504771829284641,0.6112327630120842,0.7087268370638393,0.5124333925399644,0.5204262877442274
group,,H02,large,C_common,B_failures,1116,843,273,625,491,22,342,342,0,0,0.3064516129032258,0.40569395017793597,0.0,1.0,0.0,0.23819420765346916,0.6109228986499048,0.7571942397857311,0.3973902728351127,0.40569395017793597
group,,H02,large,C_common,C_common_not_correct,774,501,273,283,491,22,0,0,0,0,0.0,0.0,0.0,,0.0,,,,0.0,0.0
group,,H02,large,C_production,all_queries,1400,1126,274,309,1091,0,309,309,0,0,0.22071428571428572,0.2744227353463588,0.0,1.0,0.0,0.22654112880384175,0.51257321744008,0.635762287913774,0.2744227353463588,0.2744227353463588
group,,H02,large,C_production,B_failures,1116,843,273,309,807,0,309,309,0,0,0.2768817204301075,0.3665480427046263,0.0,1.0,0.0,0.22654112880384175,0.51257321744008,0.635762287913774,0.3665480427046263,0.3665480427046263
group,,H02,large,C_production,C_common_not_correct,774,501,273,0,774,0,0,0,0,0,0.0,0.0,0.0,,0.0,,,,0.0,0.0
group,,H02,large,S_raw,all_queries,1400,1126,274,1400,0,233,1400,1126,274,274,1.0,1.0,0.1957142857142857,0.8042857142857143,1.0,0.1174983283501675,0.22412980373465605,0.2627554919373933,1.0,1.0
group,,H02,large,S_raw,B_failures,1116,843,273,1116,0,233,1116,843,273,273,1.0,1.0,0.2446236559139785,0.7553763440860215,1.0,0.11756469415284129,0.23070611168381763,0.28288574809020645,1.0,1.0
group,,H02,large,S_raw,C_common_not_correct,774,501,273,774,0,233,774,501,273,273,1.0,1.0,0.35271317829457366,0.6472868217054264,1.0,0.12010366702789614,0.25025331695399833,0.3179563830114418,1.0,1.0
group,,H02,large,S_common,all_queries,1400,1126,274,1400,0,233,1126,1126,0,0,0.8042857142857143,1.0,0.0,1.0,0.0,0.1174983283501675,0.22412980373465605,0.2627554919373933,1.0,1.0
group,,H02,large,S_common,B_failures,1116,843,273,1116,0,233,843,843,0,0,0.7553763440860215,1.0,0.0,1.0,0.0,0.11756469415284129,0.23070611168381763,0.28288574809020645,1.0,1.0
group,,H02,large,S_common,C_common_not_correct,774,501,273,774,0,233,501,501,0,0,0.6472868217054264,1.0,0.0,1.0,0.0,0.12010366702789614,0.25025331695399833,0.3179563830114418,1.0,1.0
group,,H02,illumination_blur,B,all_queries,1400,1306,94,816,584,0,816,803,13,0,0.5828571428571429,0.614854517611026,0.009285714285714286,0.9840686274509803,0.0,0.3133946124419673,1.0192376676539583,1.3165065300916345,0.5597243491577335,0.614854517611026
group,,H02,illumination_blur,B,B_failures,584,490,94,0,584,0,0,0,0,0,0.0,0.0,0.0,,0.0,,,,0.0,0.0
group,,H02,illumination_blur,B,C_common_not_correct,439,345,94,0,439,0,0,0,0,0,0.0,0.0,0.0,,0.0,,,,0.0,0.0
group,,H02,illumination_blur,C_raw,all_queries,1400,1306,94,1312,88,27,1312,1162,150,40,0.9371428571428572,0.889739663093415,0.10714285714285714,0.885670731707317,0.425531914893617,0.3799890530173019,1.6755612071390396,8.829426396875492,0.7833078101071975,0.889739663093415
group,,H02,illumination_blur,C_raw,B_failures,584,490,94,497,87,27,497,355,142,40,0.851027397260274,0.7244897959183674,0.24315068493150685,0.7142857142857143,0.425531914893617,0.783326353500138,19.537311998039748,43.083524300227985,0.5571428571428572,0.7244897959183674
group,,H02,illumination_blur,C_raw,C_common_not_correct,439,345,94,352,87,27,352,210,142,40,0.8018223234624146,0.6086956521739131,0.3234624145785877,0.5965909090909091,0.425531914893617,0.9420459247589379,33.44288774121158,56.69619998859423,0.4811594202898551,0.6086956521739131
group,,H02,illumination_blur,C_common,all_queries,1400,1306,94,1312,88,27,916,906,10,1,0.6542857142857142,0.6937212863705973,0.007142857142857143,0.9890829694323144,0.010638297872340425,0.3156542476662398,1.0422678344108862,1.332008034783082,0.6232771822358346,0.6937212863705973
group,,H02,illumination_blur,C_common,B_failures,584,490,94,497,87,27,151,145,6,1,0.2585616438356164,0.29591836734693877,0.010273972602739725,0.9602649006622517,0.010638297872340425,0.6753694053734514,1.4300316617137834,1.6678034051693178,0.21836734693877552,0.29591836734693877
group,,H02,illumination_blur,C_common,C_common_not_correct,439,345,94,352,87,27,6,0,6,1,0.01366742596810934,0.0,0.01366742596810934,0.0,0.010638297872340425,2.673041267843303,3.148589553065103,3.261728879281526,0.0,0.0
group,,H02,illumination_blur,C_production,all_queries,1400,1306,94,122,1278,0,122,120,2,1,0.08714285714285715,0.09188361408882083,0.0014285714285714286,0.9836065573770492,0.010638297872340425,0.48372326313478375,1.2115610296489339,1.3705555583857771,0.07580398162327719,0.09188361408882083
group,,H02,illumination_blur,C_production,B_failures,584,490,94,122,462,0,122,120,2,1,0.2089041095890411,0.24489795918367346,0.003424657534246575,0.9836065573770492,0.010638297872340425,0.48372326313478375,1.2115610296489339,1.3705555583857771,0.20204081632653062,0.24489795918367346
group,,H02,illumination_blur,C_production,C_common_not_correct,439,345,94,2,437,0,2,0,2,1,0.004555808656036446,0.0,0.004555808656036446,0.0,0.010638297872340425,2.673041267843303,2.673041267843303,2.673041267843303,0.0,0.0
group,,H02,illumination_blur,S_raw,all_queries,1400,1306,94,1400,0,63,1400,1306,94,94,1.0,1.0,0.06714285714285714,0.9328571428571428,1.0,0.06259394724061577,0.13222468194256506,0.1680190998214834,1.0,1.0
group,,H02,illumination_blur,S_raw,B_failures,584,490,94,584,0,63,584,490,94,94,1.0,1.0,0.16095890410958905,0.839041095890411,1.0,0.07532452209894183,0.15532086326100092,0.19548957328475014,1.0,1.0
group,,H02,illumination_blur,S_raw,C_common_not_correct,439,345,94,439,0,63,439,345,94,94,1.0,1.0,0.214123006833713,0.785876993166287,1.0,0.08799360952741148,0.17637526759966937,0.20603128922904768,1.0,1.0
group,,H02,illumination_blur,S_common,all_queries,1400,1306,94,1400,0,63,1306,1306,0,0,0.9328571428571428,1.0,0.0,1.0,0.0,0.06259394724061577,0.13222468194256506,0.1680190998214834,1.0,1.0
group,,H02,illumination_blur,S_common,B_failures,584,490,94,584,0,63,490,490,0,0,0.839041095890411,1.0,0.0,1.0,0.0,0.07532452209894183,0.15532086326100092,0.19548957328475014,1.0,1.0
group,,H02,illumination_blur,S_common,C_common_not_correct,439,345,94,439,0,63,345,345,0,0,0.785876993166287,1.0,0.0,1.0,0.0,0.08799360952741148,0.17637526759966937,0.20603128922904768,1.0,1.0
group,,H02,outside_occluded,B,all_queries,1400,1047,353,239,1161,0,239,236,3,2,0.1707142857142857,0.22540592168099333,0.002142857142857143,0.9874476987447699,0.0056657223796034,0.1336404271880892,0.37438041743319495,0.47451202307637397,0.22349570200573066,0.22540592168099333
group,,H02,outside_occluded,B,B_failures,1161,810,351,0,1161,0,0,0,0,0,0.0,0.0,0.0,,0.0,,,,0.0,0.0
group,,H02,outside_occluded,B,C_common_not_correct,1006,655,351,0,1006,0,0,0,0,0,0.0,0.0,0.0,,0.0,,,,0.0,0.0
group,,H02,outside_occluded,C_raw,all_queries,1400,1047,353,946,454,22,946,557,389,219,0.6757142857142857,0.5319961795606495,0.27785714285714286,0.5887949260042283,0.6203966005665722,0.19054220869835423,118.4055409232998,153.33114426593406,0.5262655205348615,0.5319961795606495
group,,H02,outside_occluded,C_raw,B_failures,1161,810,351,719,442,22,719,349,370,219,0.6192937123169682,0.4308641975308642,0.3186907838070629,0.4853963838664812,0.6239316239316239,0.21984945098324668,127.98024708788269,168.37320967802205,0.4246913580246914,0.4308641975308642
group,,H02,outside_occluded,C_raw,C_common_not_correct,1006,655,351,564,442,22,564,194,370,219,0.5606361829025845,0.2961832061068702,0.36779324055666,0.34397163120567376,0.6239316239316239,0.4194345938367715,149.04680293676662,197.02903983608337,0.2900763358778626,0.2961832061068702
group,,H02,outside_occluded,C_common,all_queries,1400,1047,353,946,454,22,339,336,3,1,0.24214285714285713,0.3209169054441261,0.002142857142857143,0.9911504424778761,0.0028328611898017,0.14066181552574464,0.346681968290974,0.5094800391767278,0.31900668576886343,0.3209169054441261
group,,H02,outside_occluded,C_common,B_failures,1161,810,351,719,442,22,158,155,3,1,0.13608957795004306,0.19135802469135801,0.002583979328165375,0.9810126582278481,0.002849002849002849,0.1328430386348757,0.3624171902809578,0.5903318623189788,0.19012345679012346,0.19135802469135801
group,,H02,outside_occluded,C_common,C_common_not_correct,1006,655,351,564,442,22,3,0,3,1,0.002982107355864811,0.0,0.002982107355864811,0.0,0.002849002849002849,63.601312889659084,105.7248231090523,110.99026188647645,0.0,0.0
group,,H02,outside_occluded,C_production,all_queries,1400,1047,353,156,1244,0,156,155,1,1,0.11142857142857143,0.14804202483285578,0.0007142857142857143,0.9935897435897436,0.0028328611898017,0.13239572618430046,0.34717014760059217,0.5085910232253894,0.14708691499522444,0.14804202483285578
group,,H02,outside_occluded,C_production,B_failures,1161,810,351,156,1005,0,156,155,1,1,0.1343669250645995,0.19135802469135801,0.0008613264427217916,0.9935897435897436,0.002849002849002849,0.13239572618430046,0.34717014760059217,0.5085910232253894,0.19012345679012346,0.19135802469135801
group,,H02,outside_occluded,C_production,C_common_not_correct,1006,655,351,1,1005,0,1,0,1,1,0.0009940357852882703,0.0,0.0009940357852882703,0.0,0.002849002849002849,,,,0.0,0.0
group,,H02,outside_occluded,S_raw,all_queries,1400,1047,353,1400,0,97,1400,1047,353,353,1.0,1.0,0.25214285714285717,0.7478571428571429,1.0,0.08736879014998396,0.17788093620017262,0.2073219538278818,1.0,1.0
group,,H02,outside_occluded,S_raw,B_failures,1161,810,351,1161,0,97,1161,810,351,351,1.0,1.0,0.3023255813953488,0.6976744186046512,1.0,0.09121223336437721,0.18362346790329825,0.2151416472940266,1.0,1.0
group,,H02,outside_occluded,S_raw,C_common_not_correct,1006,655,351,1006,0,97,1006,655,351,351,1.0,1.0,0.3489065606361829,0.6510934393638171,1.0,0.0942728672907817,0.18644185301185406,0.21801520206740244,1.0,1.0
group,,H02,outside_occluded,S_common,all_queries,1400,1047,353,1400,0,97,1140,1044,96,96,0.8142857142857143,0.997134670487106,0.06857142857142857,0.9157894736842105,0.2719546742209632,0.08697285106693628,0.17733566437261525,0.2073422104975355,0.997134670487106,0.997134670487106
group,,H02,outside_occluded,S_common,B_failures,1161,810,351,1161,0,97,901,807,94,94,0.7760551248923342,0.9962962962962963,0.08096468561584841,0.8956714761376249,0.2678062678062678,0.09106227766062315,0.18316570436816065,0.21557107720014787,0.9962962962962963,0.9962962962962963
group,,H02,outside_occluded,S_common,C_common_not_correct,1006,655,351,1006,0,97,746,652,94,94,0.7415506958250497,0.9954198473282443,0.09343936381709742,0.8739946380697051,0.2678062678062678,0.09390217080310988,0.18513821396573207,0.21863554801525578,0.9954198473282443,0.9954198473282443
group,,H02,ALL,B,all_queries,5600,4826,774,2643,2957,0,2643,2626,17,3,0.4719642857142857,0.5441359303771239,0.0030357142857142857,0.9935679152478244,0.003875968992248062,0.08299551709425233,0.5170834722338877,0.8134078870323058,0.5285951098217986,0.5441359303771239
group,,H02,ALL,B,B_failures,2957,2186,771,0,2957,0,0,0,0,0,0.0,0.0,0.0,,0.0,,,,0.0,0.0
group,,H02,ALL,B,C_common_not_correct,2310,1539,771,0,2310,0,0,0,0,0,0.0,0.0,0.0,,0.0,,,,0.0,0.0
group,,H02,ALL,C_raw,all_queries,5600,4826,774,4558,1042,77,4558,3861,697,366,0.8139285714285714,0.8000414421881475,0.12446428571428571,0.847082053532251,0.4728682170542636,0.16578658848480604,1.2291515527758528,36.28095265843869,0.7670949026108579,0.8000414421881475
group,,H02,ALL,C_raw,B_failures,2957,2186,771,1937,1020,77,1937,1269,668,365,0.6550557997970916,0.5805123513266239,0.22590463307406156,0.6551368094992256,0.47341115434500647,0.3129711690619925,64.1813711592974,116.38213745107362,0.535224153705398,0.5805123513266239
group,,H02,ALL,C_raw,C_common_not_correct,2310,1539,771,1290,1020,77,1290,622,668,365,0.5584415584415584,0.4041585445094217,0.2891774891774892,0.4821705426356589,0.47341115434500647,0.44975308711463174,108.60312451235818,143.33498619576034,0.3697205977907732,0.4041585445094217
group,,H02,ALL,C_common,all_queries,5600,4826,774,4558,1042,77,3136,3123,13,2,0.56,0.6471197679237464,0.0023214285714285715,0.9958545918367347,0.002583979328165375,0.1150136843384898,0.5930936699285844,0.8553787505335786,0.6257770410277662,0.6471197679237464
group,,H02,ALL,C_common,B_failures,2957,2186,771,1937,1020,77,656,647,9,2,0.22184646601285085,0.2959743824336688,0.003043625295908015,0.9862804878048781,0.0025940337224383916,0.23919473996964624,0.9142082250870536,1.2063752205691172,0.27493138151875574,0.2959743824336688
group,,H02,ALL,C_common,C_common_not_correct,2310,1539,771,1290,1020,77,9,0,9,2,0.003896103896103896,0.0,0.003896103896103896,0.0,0.0025940337224383916,2.8091715744158336,53.07043533481081,84.66306799935562,0.0,0.0
group,,H02,ALL,C_production,all_queries,5600,4826,774,592,5008,0,592,589,3,2,0.10571428571428572,0.1220472440944882,0.0005357142857142857,0.9949324324324325,0.002583979328165375,0.2245723225100168,0.7039687572449924,0.9287926438396078,0.11748860339825942,0.1220472440944882
group,,H02,ALL,C_production,B_failures,2957,2186,771,592,2365,0,592,589,3,2,0.20020290835306054,0.26944190301921317,0.0010145417653026716,0.9949324324324325,0.0025940337224383916,0.2245723225100168,0.7039687572449924,0.9287926438396078,0.2593778591033852,0.26944190301921317
group,,H02,ALL,C_production,C_common_not_correct,2310,1539,771,3,2307,0,3,0,3,2,0.0012987012987012987,0.0,0.0012987012987012987,0.0,0.0025940337224383916,2.673041267843303,2.673041267843303,2.673041267843303,0.0,0.0
group,,H02,ALL,S_raw,all_queries,5600,4826,774,5600,0,399,5600,4826,774,774,1.0,1.0,0.1382142857142857,0.8617857142857143,1.0,0.0625709499390799,0.16385712790877316,0.203596114795754,1.0,1.0
group,,H02,ALL,S_raw,B_failures,2957,2186,771,2957,0,399,2957,2186,771,771,1.0,1.0,0.2607372336827866,0.7392627663172134,1.0,0.09768489805264374,0.19676410657229576,0.24361564215438403,1.0,1.0
group,,H02,ALL,S_raw,C_common_not_correct,2310,1539,771,2310,0,399,2310,1539,771,771,1.0,1.0,0.33376623376623377,0.6662337662337663,1.0,0.1001083457711714,0.202490565882605,0.25975189802194354,1.0,1.0
group,,H02,ALL,S_common,all_queries,5600,4826,774,5600,0,399,4920,4823,97,97,0.8785714285714286,0.9993783671777869,0.01732142857142857,0.9802845528455284,0.12532299741602068,0.06247088377516909,0.16353696662329217,0.20360950791514837,0.9993783671777869,0.9993783671777869
group,,H02,ALL,S_common,B_failures,2957,2186,771,2957,0,399,2278,2183,95,95,0.770375380453162,0.9986276303751144,0.032127155901251266,0.9582967515364355,0.12321660181582361,0.0975743499150581,0.1962952241447423,0.2436843984750127,0.9986276303751144,0.9986276303751144
group,,H02,ALL,S_common,C_common_not_correct,2310,1539,771,2310,0,399,1631,1536,95,95,0.706060606060606,0.9980506822612085,0.04112554112554113,0.9417535254445125,0.12321660181582361,0.09989503827531868,0.20260750332404126,0.2598475433007303,0.9980506822612085,0.9980506822612085
group,,ALL,small,B,all_queries,4200,4130,70,4066,134,0,4066,4066,0,0,0.9680952380952381,0.9845036319612591,0.0,1.0,0.0,0.03218101061654152,0.0838498146486937,0.11388142146537189,0.9845036319612591,0.9845036319612591
group,,ALL,small,B,B_failures,134,64,70,0,134,0,0,0,0,0,0.0,0.0,0.0,,0.0,,,,0.0,0.0
group,,ALL,small,B,C_common_not_correct,128,58,70,0,128,0,0,0,0,0,0.0,0.0,0.0,,0.0,,,,0.0,0.0
group,,ALL,small,C_raw,all_queries,4200,4130,70,4200,0,6,4200,4130,70,70,1.0,1.0,0.016666666666666666,0.9833333333333333,1.0,0.03373714742477214,0.08008702164069366,0.1055391511422959,1.0,1.0
group,,ALL,small,C_raw,B_failures,134,64,70,134,0,6,134,64,70,70,1.0,1.0,0.5223880597014925,0.47761194029850745,1.0,0.062427235249805854,0.16593636727101807,0.23104284109694093,1.0,1.0
group,,ALL,small,C_raw,C_common_not_correct,128,58,70,128,0,6,128,58,70,70,1.0,1.0,0.546875,0.453125,1.0,0.062427235249805854,0.17029814142341593,0.245811587029952,1.0,1.0
group,,ALL,small,C_common,all_queries,4200,4130,70,4200,0,6,4047,4047,0,0,0.9635714285714285,0.9799031476997578,0.0,1.0,0.0,0.03336795132757437,0.07830637124493425,0.10191085494745691,0.9799031476997578,0.9799031476997578
group,,ALL,small,C_common,B_failures,134,64,70,134,0,6,6,6,0,0,0.04477611940298507,0.09375,0.0,1.0,0.0,0.060920320589038554,0.08649060570807975,0.09237285426089212,0.09375,0.09375
group,,ALL,small,C_common,C_common_not_correct,128,58,70,128,0,6,0,0,0,0,0.0,0.0,0.0,,0.0,,,,0.0,0.0
group,,ALL,small,C_production,all_queries,4200,4130,70,6,4194,0,6,6,0,0,0.0014285714285714286,0.0014527845036319612,0.0,1.0,0.0,0.060920320589038554,0.08649060570807975,0.09237285426089212,0.0014527845036319612,0.0014527845036319612
group,,ALL,small,C_production,B_failures,134,64,70,6,128,0,6,6,0,0,0.04477611940298507,0.09375,0.0,1.0,0.0,0.060920320589038554,0.08649060570807975,0.09237285426089212,0.09375,0.09375
group,,ALL,small,C_production,C_common_not_correct,128,58,70,0,128,0,0,0,0,0,0.0,0.0,0.0,,0.0,,,,0.0,0.0
group,,ALL,small,S_raw,all_queries,4200,4130,70,4200,0,6,4200,4130,70,70,1.0,1.0,0.016666666666666666,0.9833333333333333,1.0,0.024436377525327332,0.05387917285522771,0.06369207308738095,1.0,1.0
group,,ALL,small,S_raw,B_failures,134,64,70,134,0,6,134,64,70,70,1.0,1.0,0.5223880597014925,0.47761194029850745,1.0,0.05669625138887145,0.09417797661068818,0.1141532208339273,1.0,1.0
group,,ALL,small,S_raw,C_common_not_correct,128,58,70,128,0,6,128,58,70,70,1.0,1.0,0.546875,0.453125,1.0,0.05595265899787577,0.09129005222703632,0.11339012013701157,1.0,1.0
group,,ALL,small,S_common,all_queries,4200,4130,70,4200,0,6,4131,4130,1,1,0.9835714285714285,1.0,0.0002380952380952381,0.9997579278625031,0.014285714285714285,0.024436377525327332,0.05387917285522771,0.06369207308738095,1.0,1.0
group,,ALL,small,S_common,B_failures,134,64,70,134,0,6,65,64,1,1,0.48507462686567165,1.0,0.007462686567164179,0.9846153846153847,0.014285714285714285,0.05669625138887145,0.09417797661068818,0.1141532208339273,1.0,1.0
group,,ALL,small,S_common,C_common_not_correct,128,58,70,128,0,6,59,58,1,1,0.4609375,1.0,0.0078125,0.9830508474576272,0.014285714285714285,0.05595265899787577,0.09129005222703632,0.11339012013701157,1.0,1.0
group,,ALL,large,B,all_queries,4200,3753,447,429,3771,0,429,407,22,1,0.10214285714285715,0.10844657607247535,0.005238095238095238,0.9487179487179487,0.0022371364653243847,0.20390308474324817,0.48322983919568213,1.1671547723169684,0.10764721556088462,0.10844657607247535
group,,ALL,large,B,B_failures,3771,3325,446,0,3771,0,0,0,0,0,0.0,0.0,0.0,,0.0,,,,0.0,0.0
group,,ALL,large,B,C_common_not_correct,2801,2355,446,0,2801,0,0,0,0,0,0.0,0.0,0.0,,0.0,,,,0.0,0.0
group,,ALL,large,C_raw,all_queries,4200,3753,447,3456,744,43,3456,2040,1416,154,0.8228571428571428,0.5435651478816946,0.33714285714285713,0.5902777777777778,0.34451901565995524,0.37716195696120464,177.8348451049276,201.70851832528888,0.5390354383160139,0.5435651478816946
group,,ALL,large,C_raw,B_failures,3771,3325,446,3050,721,43,3050,1678,1372,153,0.8088040307610713,0.5046616541353384,0.36382922301776716,0.5501639344262295,0.3430493273542601,0.40983924383945797,182.85495569975615,204.47218323148294,0.5001503759398497,0.5046616541353384
group,,ALL,large,C_raw,C_common_not_correct,2801,2355,446,2080,721,43,2080,708,1372,153,0.7425919314530525,0.3006369426751592,0.48982506247768653,0.3403846153846154,0.3430493273542601,111.57076001056055,195.34487194784705,219.40483638828005,0.2976645435244161,0.3006369426751592
group,,ALL,large,C_common,all_queries,4200,3753,447,3456,744,43,1280,1275,5,0,0.3047619047619048,0.33972821742605913,0.0011904761904761906,0.99609375,0.0,0.23178107519641955,0.5055675718083843,0.6199926970446438,0.3370636823874234,0.33972821742605913
group,,ALL,large,C_common,B_failures,3771,3325,446,3050,721,43,975,970,5,0,0.25855210819411295,0.29172932330827067,0.0013259082471492973,0.9948717948717949,0.0,0.22629891120845663,0.4809466852212271,0.6011981122122204,0.2893233082706767,0.29172932330827067
group,,ALL,large,C_common,C_common_not_correct,2801,2355,446,2080,721,43,5,0,5,0,0.001785076758300607,0.0,0.001785076758300607,0.0,0.0,134.93070156596136,154.3253854018394,160.37348324666505,0.0,0.0
group,,ALL,large,C_production,all_queries,4200,3753,447,816,3384,0,816,816,0,0,0.19428571428571428,0.21742605915267785,0.0,1.0,0.0,0.21728350867927915,0.43108689000228695,0.5304527016476843,0.21715960564881429,0.21742605915267785
group,,ALL,large,C_production,B_failures,3771,3325,446,816,2955,0,816,816,0,0,0.2163882259347653,0.24541353383458647,0.0,1.0,0.0,0.21728350867927915,0.43108689000228695,0.5304527016476843,0.24511278195488723,0.24541353383458647
group,,ALL,large,C_production,C_common_not_correct,2801,2355,446,0,2801,0,0,0,0,0,0.0,0.0,0.0,,0.0,,,,0.0,0.0
group,,ALL,large,S_raw,all_queries,4200,3753,447,4200,0,379,4200,3753,447,447,1.0,1.0,0.10642857142857143,0.8935714285714286,1.0,0.11324693665757342,0.21230025754170564,0.26093589843348297,0.9997335464961364,1.0
group,,ALL,large,S_raw,B_failures,3771,3325,446,3771,0,379,3771,3325,446,446,1.0,1.0,0.11827101564571732,0.8817289843542827,1.0,0.11310392091675628,0.21501413187510354,0.268860004410796,0.9996992481203008,1.0
group,,ALL,large,S_raw,C_common_not_correct,2801,2355,446,2801,0,379,2801,2355,446,446,1.0,1.0,0.15922884684041413,0.8407711531595858,1.0,0.11669098905342942,0.2295068756778425,0.2925414381819684,0.9995753715498938,1.0
group,,ALL,large,S_common,all_queries,4200,3753,447,4200,0,379,3754,3752,2,2,0.8938095238095238,0.9997335464961364,0.0004761904761904762,0.9994672349493873,0.0044742729306487695,0.11322772048360552,0.21230329218333122,0.26093898216906924,0.9994670929922729,0.9997335464961364
group,,ALL,large,S_common,B_failures,3771,3325,446,3771,0,379,3326,3324,2,2,0.8819941660037125,0.9996992481203008,0.0005303632988597189,0.9993986770895971,0.004484304932735426,0.11304922958464454,0.2150305883418905,0.2689856913691073,0.9993984962406015,0.9996992481203008
group,,ALL,large,S_common,C_common_not_correct,2801,2355,446,2801,0,379,2356,2354,2,2,0.8411281685112459,0.9995753715498938,0.0007140307033202428,0.9991511035653651,0.004484304932735426,0.11668346938763713,0.22960001931003612,0.2925604378510426,0.9991507430997877,0.9995753715498938
group,,ALL,illumination_blur,B,all_queries,4200,4076,124,3181,1019,0,3181,3148,33,0,0.7573809523809524,0.7723258096172718,0.007857142857142858,0.9896259038038353,0.0,0.28242640956501497,0.934871070393939,1.2074960195262454,0.7127085377821394,0.7723258096172718
group,,ALL,illumination_blur,B,B_failures,1019,895,124,0,1019,0,0,0,0,0,0.0,0.0,0.0,,0.0,,,,0.0,0.0
group,,ALL,illumination_blur,B,C_common_not_correct,710,586,124,0,710,0,0,0,0,0,0.0,0.0,0.0,,0.0,,,,0.0,0.0
group,,ALL,illumination_blur,C_raw,all_queries,4200,4076,124,4094,106,35,4094,3882,212,60,0.9747619047619047,0.9524043179587831,0.05047619047619047,0.9482169027845627,0.4838709677419355,0.2684988582770913,1.0123796836906014,1.5378855002887917,0.8888616290480864,0.9524043179587831
group,,ALL,illumination_blur,C_raw,B_failures,1019,895,124,915,104,35,915,726,189,60,0.8979391560353287,0.8111731843575419,0.18547595682041218,0.7934426229508197,0.4838709677419355,0.39094034876299816,6.335390410630167,25.31623598461446,0.6949720670391062,0.8111731843575419
group,,ALL,illumination_blur,C_raw,C_common_not_correct,710,586,124,606,104,35,606,417,189,60,0.8535211267605634,0.71160409556314,0.2661971830985915,0.6881188118811881,0.4838709677419355,0.4414534323325353,17.122886068498367,39.909205718253666,0.6313993174061433,0.71160409556314
group,,ALL,illumination_blur,C_common,all_queries,4200,4076,124,4094,106,35,3353,3326,27,2,0.7983333333333333,0.8159960745829244,0.0064285714285714285,0.9919475096928124,0.016129032258064516,0.25587182418058657,0.834532778893604,1.1366189605894579,0.7654563297350343,0.8159960745829244
group,,ALL,illumination_blur,C_common,B_failures,1019,895,124,915,104,35,323,309,14,2,0.3169774288518155,0.3452513966480447,0.013738959764474975,0.9566563467492261,0.016129032258064516,0.3071368517855113,1.3873732934481886,1.8739221723000021,0.28156424581005585,0.3452513966480447
group,,ALL,illumination_blur,C_common,C_common_not_correct,710,586,124,606,104,35,14,0,14,2,0.01971830985915493,0.0,0.01971830985915493,0.0,0.016129032258064516,2.475693276350054,3.0306305904465662,3.191431565114446,0.0,0.0
group,,ALL,illumination_blur,C_production,all_queries,4200,4076,124,292,3908,0,292,284,8,2,0.06952380952380953,0.06967615309126594,0.0019047619047619048,0.9726027397260274,0.016129032258064516,0.27567078618371366,1.2546372640500754,1.434036256049006,0.05986261040235525,0.06967615309126594
group,,ALL,illumination_blur,C_production,B_failures,1019,895,124,292,727,0,292,284,8,2,0.28655544651619236,0.31731843575418994,0.007850834151128557,0.9726027397260274,0.016129032258064516,0.27567078618371366,1.2546372640500754,1.434036256049006,0.27262569832402234,0.31731843575418994
group,,ALL,illumination_blur,C_production,C_common_not_correct,710,586,124,8,702,0,8,0,8,2,0.011267605633802818,0.0,0.011267605633802818,0.0,0.016129032258064516,2.504502636136803,2.9877647875756,3.014555914369954,0.0,0.0
group,,ALL,illumination_blur,S_raw,all_queries,4200,4076,124,4200,0,78,4200,4076,124,124,1.0,1.0,0.029523809523809525,0.9704761904761905,1.0,0.051104852639453135,0.11244327077780944,0.14258642253131437,1.0,1.0
group,,ALL,illumination_blur,S_raw,B_failures,1019,895,124,1019,0,78,1019,895,124,124,1.0,1.0,0.12168792934249265,0.8783120706575074,1.0,0.07302091092412931,0.15309990391020364,0.18209657604211438,1.0,1.0
group,,ALL,illumination_blur,S_raw,C_common_not_correct,710,586,124,710,0,78,710,586,124,124,1.0,1.0,0.17464788732394365,0.8253521126760563,1.0,0.0754813073227719,0.1637289240427366,0.19366030798017905,1.0,1.0
group,,ALL,illumination_blur,S_common,all_queries,4200,4076,124,4200,0,78,4076,4076,0,0,0.9704761904761905,1.0,0.0,1.0,0.0,0.051104852639453135,0.11244327077780944,0.14258642253131437,1.0,1.0
group,,ALL,illumination_blur,S_common,B_failures,1019,895,124,1019,0,78,895,895,0,0,0.8783120706575074,1.0,0.0,1.0,0.0,0.07302091092412931,0.15309990391020364,0.18209657604211438,1.0,1.0
group,,ALL,illumination_blur,S_common,C_common_not_correct,710,586,124,710,0,78,586,586,0,0,0.8253521126760563,1.0,0.0,1.0,0.0,0.0754813073227719,0.1637289240427366,0.19366030798017905,1.0,1.0
group,,ALL,outside_occluded,B,all_queries,4200,2996,1204,753,3447,0,753,737,16,5,0.1792857142857143,0.24599465954606142,0.0038095238095238095,0.9787516600265604,0.004152823920265781,0.1682051753598549,0.5944979053367112,0.8483544556012752,0.24132176234979974,0.24599465954606142
group,,ALL,outside_occluded,B,B_failures,3447,2248,1199,0,3447,0,0,0,0,0,0.0,0.0,0.0,,0.0,,,,0.0,0.0
group,,ALL,outside_occluded,B,C_common_not_correct,2060,861,1199,0,2060,0,0,0,0,0,0.0,0.0,0.0,,0.0,,,,0.0,0.0
group,,ALL,outside_occluded,C_raw,all_queries,4200,2996,1204,3651,549,52,3651,2384,1267,997,0.8692857142857143,0.7957276368491322,0.3016666666666667,0.6529717885510818,0.8280730897009967,0.17724690261921694,7.0601223017369295,119.79592193096173,0.784712950600801,0.7957276368491322
group,,ALL,outside_occluded,C_raw,B_failures,3447,2248,1199,2911,536,52,2911,1676,1235,994,0.8445024659123875,0.7455516014234875,0.3582825645488831,0.5757471659223634,0.8290241868223519,0.17728108598289513,77.18853342721209,127.1837172687116,0.7344306049822064,0.7455516014234875
group,,ALL,outside_occluded,C_raw,C_common_not_correct,2060,861,1199,1524,536,52,1524,289,1235,994,0.7398058252427184,0.3356562137049942,0.5995145631067961,0.18963254593175852,0.8290241868223519,0.577896698152045,155.51302591649124,196.53136548735355,0.3252032520325203,0.3356562137049942
group,,ALL,outside_occluded,C_common,all_queries,4200,2996,1204,3651,549,52,2096,2047,49,46,0.4990476190476191,0.6832443257676902,0.011666666666666667,0.9766221374045801,0.03820598006644518,0.15825923689280447,0.4339966079566344,0.631429094637159,0.6752336448598131,0.6832443257676902
group,,ALL,outside_occluded,C_common,B_failures,3447,2248,1199,2911,536,52,1434,1387,47,45,0.41601392515230634,0.6169928825622776,0.013635044966637656,0.9672245467224547,0.03753127606338615,0.1504187978989989,0.40269241638316544,0.5845702309395411,0.6098754448398577,0.6169928825622776
group,,ALL,outside_occluded,C_common,C_common_not_correct,2060,861,1199,1524,536,52,47,0,47,45,0.022815533980582524,0.0,0.022815533980582524,0.0,0.03753127606338615,63.601312889659084,105.7248231090523,110.99026188647645,0.0,0.0
group,,ALL,outside_occluded,C_production,all_queries,4200,2996,1204,1388,2812,0,1388,1382,6,6,0.3304761904761905,0.4612817089452603,0.0014285714285714286,0.9956772334293948,0.0049833887043189366,0.1501270898314097,0.39803221849131926,0.5668942590528888,0.4559412550066756,0.4612817089452603
group,,ALL,outside_occluded,C_production,B_failures,3447,2248,1199,1388,2059,0,1388,1382,6,6,0.4026689875253844,0.6147686832740213,0.0017406440382941688,0.9956772334293948,0.0050041701417848205,0.1501270898314097,0.39803221849131926,0.5668942590528888,0.6076512455516014,0.6147686832740213
group,,ALL,outside_occluded,C_production,C_common_not_correct,2060,861,1199,6,2054,0,6,0,6,6,0.002912621359223301,0.0,0.002912621359223301,0.0,0.0050041701417848205,,,,0.0,0.0
group,,ALL,outside_occluded,S_raw,all_queries,4200,2996,1204,4200,0,204,4200,2996,1204,1204,1.0,1.0,0.2866666666666667,0.7133333333333334,1.0,0.07205096088741286,0.15036403543252747,0.1812056814650757,1.0,1.0
group,,ALL,outside_occluded,S_raw,B_failures,3447,2248,1199,3447,0,204,3447,2248,1199,1199,1.0,1.0,0.34783870031911807,0.6521612996808819,1.0,0.0725715771463028,0.15516102982227675,0.18462078500035045,1.0,1.0
group,,ALL,outside_occluded,S_raw,C_common_not_correct,2060,861,1199,2060,0,204,2060,861,1199,1199,1.0,1.0,0.5820388349514564,0.4179611650485437,1.0,0.09207256535603268,0.18245647185707278,0.20576305376508064,1.0,1.0
group,,ALL,outside_occluded,S_common,all_queries,4200,2996,1204,4200,0,204,3300,2990,310,310,0.7857142857142857,0.9979973297730307,0.07380952380952381,0.906060606060606,0.2574750830564784,0.07194940804993649,0.15004838320202105,0.1798435503959092,0.9979973297730307,0.9979973297730307
group,,ALL,outside_occluded,S_common,B_failures,3447,2248,1199,3447,0,204,2548,2242,306,306,0.7391935015955904,0.9973309608540926,0.08877284595300261,0.8799058084772371,0.25521267723102586,0.07244609253347328,0.15486902043231626,0.18383337389945836,0.9973309608540926,0.9973309608540926
group,,ALL,outside_occluded,S_common,C_common_not_correct,2060,861,1199,2060,0,204,1162,856,306,306,0.5640776699029126,0.9941927990708479,0.14854368932038836,0.7366609294320138,0.25521267723102586,0.09183842740677008,0.18197260344074168,0.2065569550990511,0.9941927990708479,0.9941927990708479
group,,ALL,ALL,B,all_queries,16800,14955,1845,8429,8371,0,8429,8358,71,6,0.5017261904761905,0.558876629889669,0.004226190476190476,0.9915766994898565,0.0032520325203252032,0.08550154135328711,0.5674050290730541,0.8723739860835664,0.5414911400869274,0.558876629889669
group,,ALL,ALL,B,B_failures,8371,6532,1839,0,8371,0,0,0,0,0,0.0,0.0,0.0,,0.0,,,,0.0,0.0
group,,ALL,ALL,B,C_common_not_correct,5699,3860,1839,0,5699,0,0,0,0,0,0.0,0.0,0.0,,0.0,,,,0.0,0.0
group,,ALL,ALL,C_raw,all_queries,16800,14955,1845,15401,1399,136,15401,12436,2965,1281,0.9167261904761905,0.8315613507188231,0.17648809523809525,0.8074800337640413,0.6943089430894309,0.1624577290715596,74.81858023644413,148.88137262967817,0.8108993647609495,0.8315613507188231
group,,ALL,ALL,C_raw,B_failures,8371,6532,1839,7010,1361,136,7010,4144,2866,1277,0.8374148847210608,0.6344151867728107,0.342372476406642,0.5911554921540656,0.6943991299619359,0.28863543039582873,158.81506517986023,187.66782951170003,0.612369871402327,0.6344151867728107
group,,ALL,ALL,C_raw,C_common_not_correct,5699,3860,1839,4338,1361,136,4338,1472,2866,1277,0.7611861730128092,0.38134715025906735,0.502895244779786,0.3393268787459659,0.6943991299619359,7.822884726193399,184.6998246207226,208.72453178038324,0.3650259067357513,0.38134715025906735
group,,ALL,ALL,C_common,all_queries,16800,14955,1845,15401,1399,136,10776,10695,81,48,0.6414285714285715,0.7151454363089268,0.004821428571428571,0.9924832962138085,0.026016260162601626,0.11210052153149314,0.4926998179055263,0.7254868673412569,0.6990972918756269,0.7151454363089268
group,,ALL,ALL,C_common,B_failures,8371,6532,1839,7010,1361,136,2738,2672,66,47,0.327081591207741,0.40906307409675446,0.00788436268068331,0.9758948137326515,0.0255573681348559,0.18792236003755264,0.5351167938532255,0.8371564796482116,0.3966625842008573,0.40906307409675446
group,,ALL,ALL,C_common,C_common_not_correct,5699,3860,1839,4338,1361,136,66,0,66,47,0.011580979119143709,0.0,0.011580979119143709,0.0,0.0255573681348559,2.9341825339868923,135.1807796262416,139.20514078977524,0.0,0.0
group,,ALL,ALL,C_production,all_queries,16800,14955,1845,2502,14298,0,2502,2488,14,8,0.14892857142857144,0.1663657639585423,0.0008333333333333334,0.9944044764188649,0.004336043360433604,0.18116345743983386,0.4826169364116838,0.7201938907423739,0.16255432965563357,0.1663657639585423
group,,ALL,ALL,C_production,B_failures,8371,6532,1839,2502,5869,0,2502,2488,14,8,0.2988890216222673,0.3808940600122474,0.0016724405686297933,0.9944044764188649,0.004350190320826536,0.18116345743983386,0.4826169364116838,0.7201938907423739,0.37216778934476424,0.3808940600122474
group,,ALL,ALL,C_production,C_common_not_correct,5699,3860,1839,14,5685,0,14,0,14,8,0.0024565713283032113,0.0,0.0024565713283032113,0.0,0.004350190320826536,2.504502636136803,2.9877647875756,3.014555914369954,0.0,0.0
group,,ALL,ALL,S_raw,all_queries,16800,14955,1845,16800,0,667,16800,14955,1845,1845,1.0,1.0,0.10982142857142857,0.8901785714285714,1.0,0.05479192119523221,0.1495413269214999,0.18602924560158227,0.999933132731528,1.0
group,,ALL,ALL,S_raw,B_failures,8371,6532,1839,8371,0,667,8371,6532,1839,1839,1.0,1.0,0.219687014693585,0.780312985306415,1.0,0.0925385795019788,0.18496350087027244,0.23029860853668105,0.9998469075321494,1.0
group,,ALL,ALL,S_raw,C_common_not_correct,5699,3860,1839,5699,0,667,5699,3860,1839,1839,1.0,1.0,0.32268819091068607,0.6773118090893139,1.0,0.10418651089833733,0.2061386583931653,0.2609519816665215,0.9997409326424871,1.0
group,,ALL,ALL,S_common,all_queries,16800,14955,1845,16800,0,667,15261,14948,313,313,0.9083928571428571,0.9995319291206954,0.01863095238095238,0.979490203787432,0.16964769647696476,0.05477987408722057,0.1492872025360044,0.18586220495041367,0.9994650618522234,0.9995319291206954
group,,ALL,ALL,S_common,B_failures,8371,6532,1839,8371,0,667,6834,6525,309,309,0.816389917572572,0.9989283527250459,0.03691315255047187,0.9547848990342406,0.16802610114192496,0.09252918083270337,0.1848277823510945,0.23041761841273392,0.9987752602571953,0.9989283527250459
group,,ALL,ALL,S_common,C_common_not_correct,5699,3860,1839,5699,0,667,4163,3854,309,309,0.7304790314090192,0.9984455958549223,0.05422003860326373,0.9257746817199135,0.16802610114192496,0.10415694009664327,0.20633394180772544,0.26119650037289427,0.9981865284974093,0.9984455958549223
