sequence,raw_index,stamp_ns,track_id,previous_x,previous_y,B_failure,C_x,C_y,C_fb,C_accepted,S_x,S_y,S_fb,S_accepted,category,C_offline_steps,S_offline_steps,C_termination,S_termination,visual_identity,physical_correctness,S_info_0,S_info_1,S_info_2,S_info_3,C_offline_displacement_px,S_offline_displacement_px
A02,1,1542828791787420320,144,239.0,592.0,fb_fail,238.17543029785156,593.3756713867188,0.050139519468722304,True,241.44422817230225,597.8230400085449,1.3032122094442928,False,C_only,0,0,border_fail,not_accepted,Unknown,Unknown,0.7130601406097412,-0.7183398008346558,0.1920883059501648,-0.10312724113464355,0.0,
A02,1,1542828791787420320,239,405.0,602.0,ncc_fail,404.3805847167969,603.44580078125,0.0519049819369965,False,404.3773074746132,603.416813492775,0.020847441037215798,False,neither,0,0,not_accepted,not_accepted,Unknown,Unknown,-6.207163333892822,6.197629928588867,3.27487850189209,-0.030000073835253716,,
A02,1,1542828791787420320,253,335.0,604.0,ncc_fail,334.2838439941406,605.535888671875,0.06772878533589138,False,334.336038172245,605.5094726085663,0.02850081169180124,False,neither,0,0,not_accepted,not_accepted,Unknown,Unknown,-5.98236608505249,5.974246978759766,3.168274402618408,-0.02708335593342781,,
A02,1,1542828791787420320,261,672.0,599.0,border_fail,671.3753662109375,600.0223999023438,0.06311460144962752,False,671.4167885184288,600.0637791156769,0.03011577280839914,False,neither,0,0,not_accepted,not_accepted,Unknown,Unknown,-6.21129035949707,6.209221839904785,3.266458511352539,-0.0348748080432415,,
A02,2,1542828791836239008,350,245.0,603.0,ncc_fail,247.5717010498047,611.1168823242188,1.791307890371511,False,244.2333700656891,604.7984429597855,0.14252007620446372,False,neither,0,0,not_accepted,not_accepted,Unknown,Unknown,-2.425292730331421,2.452211618423462,2.280625820159912,-0.04023487865924835,,
A02,2,1542828791836239008,351,404.0,603.0,ncc_fail,403.38592529296875,604.4451904296875,0.03428035625033396,False,403.353355050087,604.4551261663437,0.030022442668496338,False,neither,0,0,not_accepted,not_accepted,Unknown,Unknown,-6.193661212921143,6.184096813201904,3.268970489501953,-0.03120242990553379,,
A02,2,1542828791836239008,353,340.0,604.0,ncc_fail,339.307373046875,605.5404052734375,0.05155430678093938,False,339.3073005080223,605.5310883522034,0.03923692759022461,False,neither,0,0,not_accepted,not_accepted,Unknown,Unknown,-6.08072566986084,6.0718994140625,3.2140045166015625,-0.02994965761899948,,
A02,3,1542828791887907424,355,248.0,603.0,forward_fail,nan,nan,nan,False,247.2219944000244,604.6504006385803,0.02222640057443776,False,neither,0,0,not_accepted,not_accepted,Unknown,Unknown,-5.444563388824463,5.438581466674805,2.9688148498535156,-0.028811229392886162,,
A02,4,1542828791935959872,140,697.1766967773438,599.9476318359375,border_fail,696.5280151367188,600.9462890625,0.07090774874324239,False,696.5879083533916,601.002706456057,0.01816369381999885,False,neither,0,0,not_accepted,not_accepted,Unknown,Unknown,-6.379839734155883,6.372242387021814,3.3243836713724555,-0.032859233044626374,,
A02,4,1542828791935959872,155,311.9493713378906,599.6527099609375,border_fail,311.3375549316406,601.336669921875,0.12554980970108676,False,311.26101722331055,601.2451862027248,0.020588614163771727,False,neither,0,0,not_accepted,not_accepted,Unknown,Unknown,-6.107263840950836,6.098147114568466,3.2256882999794874,-0.030547493950554512,,
A02,4,1542828791935959872,297,446.18927001953125,599.0762329101562,border_fail,445.5973815917969,600.5582885742188,0.06174982139864665,False,445.59539019310705,600.4813711827777,0.015389631129269235,False,neither,0,0,not_accepted,not_accepted,Unknown,Unknown,-6.178278396842865,6.174547944683365,3.262740172738863,-0.03245234466349495,,
A02,5,1542828791986278080,256,419.538818359375,598.5579833984375,border_fail,418.9613342285156,600.0789184570312,0.03542328455980605,False,418.9728602333582,600.0228829177047,0.02315383751526619,False,neither,0,0,not_accepted,not_accepted,Unknown,Unknown,-6.456844856238433,6.451945303320869,3.384043361118117,-0.03349028815647992,,
A02,5,1542828791986278080,263,635.5278930664062,599.5592651367188,border_fail,635.0226440429688,600.7018432617188,0.012896339999194817,False,635.0121048701935,600.7230335957621,0.021748757630428463,False,neither,0,0,not_accepted,not_accepted,Unknown,Unknown,-5.884825126290021,5.878587721847586,3.1324245332964065,-0.03390930890126806,,
A02,5,1542828791986278080,358,311.0,602.0,ncc_fail,310.4411315917969,603.7332763671875,0.14724222915643967,False,310.3544281721115,603.6270438432693,0.03023281245480266,False,neither,0,0,not_accepted,not_accepted,Unknown,Unknown,-5.996103286743164,5.986568927764893,3.1836211681365967,-0.028928576037287712,,
A02,5,1542828791986278080,359,697.0,601.0,border_fail,696.4906616210938,601.9274291992188,0.06114263607961299,False,696.4880101680756,602.0788071155548,0.019424070001125775,False,neither,0,0,not_accepted,not_accepted,Unknown,Unknown,-6.303247451782227,6.2957987785339355,3.2954001426696777,-0.0317523293197155,,
A02,5,1542828791986278080,360,669.0,604.0,ncc_fail,668.531982421875,605.0296630859375,0.03400096488382921,False,668.4922614097595,605.1186569929123,0.021559108745056125,False,neither,0,0,not_accepted,not_accepted,Unknown,Unknown,-5.915359973907471,5.912815093994141,3.14127516746521,-0.03261982277035713,,
A02,6,1542828792036054752,277,385.9755859375,599.3034057617188,border_fail,385.5511779785156,600.8467407226562,0.10140380932849366,False,385.4484695471802,600.8100134235972,0.009910360184999606,False,neither,0,0,not_accepted,not_accepted,Unknown,Unknown,-6.4912283879009465,6.483345700508266,3.3829126246202748,-0.031236301483269058,,
A02,6,1542828792036054752,361,310.0,603.0,ncc_fail,309.4899597167969,604.7263793945312,0.1353965344655432,False,309.41064643859863,604.6205035448074,0.019048166921007203,False,neither,0,0,not_accepted,not_accepted,Unknown,Unknown,-5.865333557128906,5.855144500732422,3.129530429840088,-0.02829745039343834,,
A02,6,1542828792036054752,362,696.0,602.0,ncc_fail,695.5316772460938,602.9378051757812,0.018763223594471797,False,695.5758185386658,603.1244714260101,0.017363964384408438,False,neither,0,0,not_accepted,not_accepted,Unknown,Unknown,-6.1496710777282715,6.140756607055664,3.230653762817383,-0.029802124947309494,,
A02,6,1542828792036054752,364,635.0,600.0,border_fail,634.48046875,601.1240234375,0.03375332436260338,False,634.5695787072182,601.1942554712296,0.00684253416961775,False,neither,0,0,not_accepted,not_accepted,Unknown,Unknown,-5.922610282897949,5.916338920593262,3.150052309036255,-0.03131512552499771,,
A02,6,1542828792036054752,365,669.0,605.0,ncc_fail,668.6094970703125,606.033447265625,0.01422590578711751,False,668.5778486132622,606.1549555063248,0.01572445515550265,False,neither,0,0,not_accepted,not_accepted,Unknown,Unknown,-5.79527473449707,5.792863368988037,3.094895839691162,-0.031385283917188644,,
A02,7,1542828792085880800,110,573.8976440429688,323.5218200683594,ncc_fail,573.3832397460938,324.6304931640625,0.01362058692516508,True,573.2109502032915,324.5919340443234,0.0120401373813738,True,both,3,3,completed_3_step_check,completed_3_step_check,Unknown,Unknown,-3.1999428838642245,3.190474631514468,2.2468013779540703,-0.025608301843029743,3.5970463696594477,3.587176042848567
A02,7,1542828792085880800,367,696.0,603.0,ncc_fail,695.7026977539062,603.972900390625,0.02064080485309613,False,695.6437101364136,604.1235941648483,0.011952640069685265,False,neither,0,0,not_accepted,not_accepted,Unknown,Unknown,-6.215790748596191,6.210723400115967,3.262596368789673,-0.03281596675515175,,
A02,7,1542828792085880800,368,310.0,604.0,ncc_fail,309.5955810546875,605.6577758789062,0.11955062874303002,False,309.4675087928772,605.6405863761902,0.01879016140117496,False,neither,0,0,not_accepted,not_accepted,Unknown,Unknown,-6.004146575927734,5.993332386016846,3.1870155334472656,-0.028139233589172363,,
A02,8,1542828792136076192,371,696.0,604.0,ncc_fail,695.6892700195312,605.2252807617188,0.01430216644422254,False,695.7033451199532,605.1584887504578,0.01819999131723558,False,neither,0,0,not_accepted,not_accepted,Unknown,Unknown,-6.267778396606445,6.2589874267578125,3.2808501720428467,-0.029910119250416756,,
A02,8,1542828792136076192,373,310.0,605.0,ncc_fail,309.6034851074219,606.718994140625,0.06969587494899336,False,309.5104916393757,606.6202182769775,0.025110961593550887,False,neither,0,0,not_accepted,not_accepted,Unknown,Unknown,-5.943524360656738,5.932316303253174,3.159531593322754,-0.029658431187272072,,
A02,9,1542828792185715008,200,353.4781494140625,598.97119140625,border_fail,353.1537170410156,600.5847778320312,0.04199112291982668,False,353.087772804394,600.5186996058436,0.014252414065891126,False,neither,0,0,not_accepted,not_accepted,Unknown,Unknown,-6.281350792342778,6.276500073307744,3.3010652922629475,-0.03178738933515235,,
A02,9,1542828792185715008,374,405.0,604.0,ncc_fail,404.7203063964844,605.5838623046875,0.10923453234700911,False,404.6567981541157,605.5030446052551,0.011679050664992436,False,neither,0,0,not_accepted,not_accepted,Unknown,Unknown,-6.329492092132568,6.31894588470459,3.321727991104126,-0.0317540168762207,,
A02,10,1542828792237325568,376,404.0,606.0,ncc_fail,403.6960754394531,607.53466796875,0.05919195620831946,False,403.73763555288315,607.5176998376846,nan,False,neither,0,0,not_accepted,not_accepted,Unknown,Unknown,-6.200530052185059,6.190134048461914,3.266793966293335,-0.029748229309916496,,
A02,11,1542828792285738432,328,644.3958740234375,387.5010070800781,ncc_fail,644.1619873046875,388.7120361328125,0.007301039575340729,True,644.1827244413317,388.5545167318693,0.00929814746930235,True,both,0,0,ncc_fail,ncc_fail,Unknown,Unknown,-3.9167157219162707,3.902686015055467,2.5748850594075874,-0.03058604095048611,0.0,0.0
A02,14,1542828792435721920,266,547.5639038085938,370.4756164550781,ncc_fail,547.5287475585938,371.5914001464844,0.000781631376639752,True,547.5371235001198,371.5755210104625,0.012679965262452554,True,both,3,3,completed_3_step_check,completed_3_step_check,Unknown,Unknown,-6.39459208514533,6.382327702679251,3.354091732309293,-0.02859636592101473,3.379824715847693,3.377270407243273
A02,15,1542828792486760928,341,281.2911376953125,599.343017578125,border_fail,281.27459716796875,601.0162353515625,0.11817920997570058,False,281.31312383805727,600.9586533215639,0.0381502160751064,False,neither,0,0,not_accepted,not_accepted,Unknown,Unknown,-5.985098965217176,5.975199313717013,3.165098196514755,-0.02803548716483395,,
A02,16,1542828792536056448,212,175.25608825683594,599.8147583007812,border_fail,175.1252899169922,601.6025390625,0.11520872396333336,False,175.17380131116502,601.5438895180588,0.056642149895395025,False,neither,0,0,not_accepted,not_accepted,Unknown,Unknown,-5.868935659963858,5.8603175882460015,3.12024585068273,-0.028300412848673642,,
A02,19,1542828792686903616,83,364.0107116699219,599.1449584960938,border_fail,364.3182373046875,600.647216796875,0.05849108443679206,False,364.23156586810194,600.704745775077,0.030906174333750452,False,neither,0,0,not_accepted,not_accepted,Unknown,Unknown,-6.01558403988354,6.006801501866175,3.1855348770859595,-0.027747365999224914,,
A02,19,1542828792686903616,265,459.005615234375,599.39501953125,border_fail,459.27410888671875,600.8768310546875,0.06179435059301953,False,459.32742204465507,600.897800311528,0.03715674491105456,False,neither,0,0,not_accepted,not_accepted,Unknown,Unknown,-6.311960588518787,6.303849713692955,3.3151052490156587,-0.02942094359741243,,
A02,20,1542828792735783712,129,719.1707763671875,599.27734375,border_fail,719.6341552734375,600.6188354492188,0.1347059034621396,False,719.7602795715907,600.63312213118,0.04526046087722651,False,neither,0,0,not_accepted,not_accepted,Unknown,Unknown,-5.722559520896084,5.713027926262612,3.067687962515947,-0.02558712523263118,,
A02,20,1542828792735783712,315,398.6626892089844,599.953857421875,border_fail,398.9236755371094,601.4779052734375,0.023291310722352992,False,398.921426835159,601.4746195264064,0.038979131808502675,False,neither,0,0,not_accepted,not_accepted,Unknown,Unknown,-6.428784627528227,6.415603002870839,3.354434429407659,-0.029592314911056683,,
A02,20,1542828792735783712,384,365.0,601.0,border_fail,365.2955627441406,602.5481567382812,0.0562914659065118,False,365.22398698329926,602.5443550348282,0.03513671030312126,False,neither,0,0,not_accepted,not_accepted,Unknown,Unknown,-6.129227161407471,6.1188459396362305,3.2331020832061768,-0.028593551367521286,,
A02,21,1542828792786086144,213,638.1121215820312,598.9456176757812,border_fail,638.6436767578125,600.2609252929688,0.011744312380916661,False,638.6541028626398,600.4083953835229,0.031915991625655504,False,neither,0,0,not_accepted,not_accepted,Unknown,Unknown,-5.970788810647475,5.960096396244785,3.167488622663197,-0.03169303930408372,,
A02,21,1542828792786086144,385,365.0,603.0,ncc_fail,365.3030090332031,604.6052856445312,0.053418568846628725,False,365.25218069553375,604.58149766922,0.02744466292044168,False,neither,0,0,not_accepted,not_accepted,Unknown,Unknown,-6.05817174911499,6.04698371887207,3.200261116027832,-0.02777671627700329,,
A02,22,1542828792835556960,164,660.3833618164062,599.323486328125,border_fail,661.0353393554688,600.6922607421875,0.02006284169176465,False,660.9986941383453,600.7906689661045,0.05828909649522972,False,neither,0,0,not_accepted,not_accepted,Unknown,Unknown,-6.301621973565524,6.289014839435893,3.2837502001295213,-0.02819991043648637,,
A02,22,1542828792835556960,388,366.0,605.0,ncc_fail,366.30841064453125,606.6353149414062,0.09442202291046228,False,366.27520003914833,606.6046472787857,0.03414544353044244,False,neither,0,0,not_accepted,not_accepted,Unknown,Unknown,-5.896858215332031,5.888510704040527,3.1369643211364746,-0.02841021679341793,,
A02,23,1542828792886711936,124,328.60174560546875,599.698486328125,border_fail,328.8427429199219,601.3171997070312,0.01532350169265914,False,328.8413119092473,601.3187697578495,0.03769824717624127,False,neither,0,0,not_accepted,not_accepted,Unknown,Unknown,-5.787396239658165,5.784877486217155,3.1066873125489245,-0.031656438778745355,,
A02,23,1542828792886711936,247,812.7445068359375,598.7210083007812,border_fail,813.5467529296875,600.16748046875,0.03647758338988234,False,813.5530491405292,600.1479956683986,0.05343425612566913,False,neither,0,0,not_accepted,not_accepted,Unknown,Unknown,-6.156730692642778,6.143618514856097,3.251155661523855,-0.027039882875059817,,
A02,23,1542828792886711936,390,365.0,603.0,ncc_fail,365.29608154296875,604.6421508789062,0.08471965510139197,False,365.28479635715485,604.6041759252548,0.04352719523901867,False,neither,0,0,not_accepted,not_accepted,Unknown,Unknown,-5.880389213562012,5.872441291809082,3.1308109760284424,-0.02899731881916523,,
A02,24,1542828792935657312,272,431.2956848144531,599.3760375976562,border_fail,431.70233154296875,600.8900146484375,0.06762037004179743,False,431.670023161005,600.9329748186022,0.05969591150774536,False,neither,0,0,not_accepted,not_accepted,Unknown,Unknown,-5.838898557485429,5.82933613212216,3.119855382154206,-0.03093231938915163,,
A02,24,1542828792935657312,392,328.0,601.0,ncc_fail,328.25653076171875,602.5540161132812,0.048651997485741415,False,328.26203709840775,602.6092346906662,0.036266643056339434,False,neither,0,0,not_accepted,not_accepted,Unknown,Unknown,-5.713968276977539,5.710602760314941,3.074281930923462,-0.031198207288980484,,
A02,25,1542828792985474784,102,304.2958068847656,599.6171875,border_fail,304.4848937988281,601.1503295898438,0.12334480623001275,False,304.61804605431405,601.2292960662548,0.029549455508032826,False,neither,0,0,not_accepted,not_accepted,Unknown,Unknown,-5.939897745026201,5.932038963008949,3.1602601668432158,-0.030708362233842212,,
A02,25,1542828792985474784,395,329.0,603.0,ncc_fail,329.38165283203125,604.5911254882812,0.08738768577202624,False,329.3486308455467,604.6039710044861,0.029601836051756328,False,neither,0,0,not_accepted,not_accepted,Unknown,Unknown,-5.896729946136475,5.892952919006348,3.150665521621704,-0.031006449833512306,,
A02,26,1542828793035865568,191,347.5784912109375,598.9911499023438,border_fail,348.0164489746094,600.5924072265625,0.0570881037621492,False,347.9822587914255,600.5471060563146,0.03052454771071738,False,neither,0,0,not_accepted,not_accepted,Unknown,Unknown,-6.090310296153909,6.083505997618346,3.221945725361003,-0.03160596603352096,,
A02,26,1542828793035865568,397,304.0,601.0,ncc_fail,304.1393737792969,602.6040649414062,0.2316289406671268,False,304.36499550938606,602.5794854164124,0.03159397669475738,False,neither,0,0,not_accepted,not_accepted,Unknown,Unknown,-5.787886619567871,5.780534267425537,3.0952188968658447,-0.029930483549833298,,
A02,26,1542828793035865568,398,330.0,606.0,ncc_fail,330.3060607910156,607.895751953125,0.17439297455690894,False,330.3910953402519,607.5718295574188,nan,False,neither,0,0,not_accepted,not_accepted,Unknown,Unknown,-5.7650532722473145,5.760800361633301,3.090508460998535,-0.030362730845808983,,
A02,27,1542828793085816608,399,305.0,602.0,ncc_fail,305.21356201171875,603.6808471679688,0.2728284814447869,False,305.40049731731415,603.5961807966232,0.03691479802723817,False,neither,0,0,not_accepted,not_accepted,Unknown,Unknown,-5.738758563995361,5.728799819946289,3.075775146484375,-0.028257863596081734,,
A02,27,1542828793085816608,400,348.0,601.0,ncc_fail,348.4728698730469,602.5799560546875,0.0704575803515047,False,348.4423877000809,602.5737050771713,0.03202978632214897,False,neither,0,0,not_accepted,not_accepted,Unknown,Unknown,-6.023473262786865,6.0160627365112305,3.192671775817871,-0.030044525861740112,,
A02,28,1542828793138509824,402,306.0,604.0,ncc_fail,306.327880859375,605.6541748046875,0.1792232305046485,False,306.46176356077194,605.6026149988174,0.037779310170560354,False,neither,0,0,not_accepted,not_accepted,Unknown,Unknown,-5.925798416137695,5.916814804077148,3.156179428100586,-0.030842462554574013,,
A02,28,1542828793138509824,403,348.0,602.0,ncc_fail,348.5419006347656,603.589111328125,0.04016888900113721,False,348.5098235011101,603.5895025730133,0.04087836997351653,False,neither,0,0,not_accepted,not_accepted,Unknown,Unknown,-6.144765853881836,6.139305114746094,3.2452452182769775,-0.03190505504608154,,
A02,29,1542828793187301664,59,779.9281005859375,598.6780395507812,border_fail,780.7568969726562,600.0361328125,0.24196149679154239,False,781.051499159189,600.1356532086785,0.062227273830194135,False,neither,0,0,not_accepted,not_accepted,Unknown,Unknown,-6.252791917502233,6.243719081633561,3.272052030311924,-0.027174428399188558,,
A02,29,1542828793187301664,404,307.0,606.0,ncc_fail,307.5000305175781,607.642822265625,0.12527084809432246,False,307.5266361236572,607.5748944282532,nan,False,neither,0,0,not_accepted,not_accepted,Unknown,Unknown,-5.838388442993164,5.829517364501953,3.1166436672210693,-0.030197395011782646,,
A02,30,1542828793235735616,274,624.574951171875,598.9310302734375,border_fail,625.2839965820312,600.1611328125,0.10882628264719618,False,625.5060938545447,600.411742766475,0.054392998347049554,False,neither,0,0,not_accepted,not_accepted,Unknown,Unknown,-6.0327988397999235,6.020939874443897,3.18146154834087,-0.02582935472349751,,
A02,30,1542828793235735616,406,782.0,601.0,border_fail,782.8578491210938,602.3086547851562,0.25341846855569994,False,783.1779901981354,602.4343422651291,0.06095210789721087,False,neither,0,0,not_accepted,not_accepted,Unknown,Unknown,-5.954127311706543,5.943731307983398,3.152798652648926,-0.024465344846248627,,
A02,31,1542828793287069632,408,783.0,602.0,ncc_fail,783.8790283203125,603.370361328125,0.2412016476838412,False,784.208473443985,603.4609396457672,0.04111994883119162,False,neither,0,0,not_accepted,not_accepted,Unknown,Unknown,-6.09014892578125,6.076676845550537,3.207479476928711,-0.02524609863758087,,
A02,31,1542828793287069632,409,749.0,287.0,ncc_fail,749.8151245117188,287.8466491699219,0.010554009249881575,True,749.9073021411896,287.84831792116165,0.027118538896805017,True,both,3,3,completed_3_step_check,completed_3_step_check,Unknown,Unknown,-5.086069583892822,5.0783586502075195,2.8576464653015137,-0.026338761672377586,4.429375954277914,4.422776098064186
A02,32,1542828793336695648,166,396.4665832519531,599.7532958984375,border_fail,397.1722106933594,601.2258911132812,0.025598864165501875,False,397.1470002868539,601.2351840205993,0.029526841835966527,False,neither,0,0,not_accepted,not_accepted,Unknown,Unknown,-5.81547837395612,5.807330050171311,3.107124638310082,-0.027671057583510683,,
A02,32,1542828793336695648,332,760.7279052734375,599.5057983398438,border_fail,762.025390625,600.9667358398438,0.004687007242370114,False,761.9304259542753,600.9723051932307,0.04081637839719284,False,neither,0,0,not_accepted,not_accepted,Unknown,Unknown,-6.276379001878517,6.263099083285745,3.2812871129257513,-0.026739088172342496,,
A02,32,1542828793336695648,410,784.0,603.0,ncc_fail,784.9833374023438,604.4517822265625,0.20158081710741035,False,785.2532069683075,604.4686411619186,0.03746287249877576,False,neither,0,0,not_accepted,not_accepted,Unknown,Unknown,-6.119417667388916,6.106206893920898,3.2224843502044678,-0.026064421981573105,,
A02,33,1542828793385457248,413,397.0,602.0,ncc_fail,397.6943664550781,603.5086669921875,0.07876576863710716,False,397.69038701057434,603.4781280755997,0.04108734339912527,False,neither,0,0,not_accepted,not_accepted,Unknown,Unknown,-5.860137939453125,5.851809978485107,3.12399959564209,-0.028059056028723717,,
A02,33,1542828793385457248,414,785.0,605.0,ncc_fail,786.238525390625,606.431884765625,0.11131428749688334,False,786.2946631908417,606.4728267192841,0.03288097051015967,False,neither,0,0,not_accepted,not_accepted,Unknown,Unknown,-6.287714958190918,6.2763776779174805,3.2880828380584717,-0.026111043989658356,,
A02,34,1542828793435479136,415,398.0,603.0,ncc_fail,398.7151184082031,604.5081787109375,0.08355176196476245,False,398.7178789973259,604.4645339250565,0.04053953783056562,False,neither,0,0,not_accepted,not_accepted,Unknown,Unknown,-6.206369876861572,6.195757865905762,3.262070417404175,-0.030503135174512863,,
A02,35,1542828793485996032,417,398.0,605.0,ncc_fail,398.6819763183594,606.6060180664062,0.20793766755308574,False,398.72525429725647,606.4331741333008,0.03238539391068164,False,neither,0,0,not_accepted,not_accepted,Unknown,Unknown,-6.2242631912231445,6.2138261795043945,3.26780104637146,-0.029555954039096832,,
A02,36,1542828793535591008,19,672.8781127929688,599.9178466796875,border_fail,673.9737548828125,601.4481201171875,0.04261373028600341,False,673.9776450133899,601.4102613724049,0.034757650477612735,False,neither,0,0,not_accepted,not_accepted,Unknown,Unknown,-6.273132657516783,6.267039736226781,3.2883259574818915,-0.028977490953716642,,
A02,36,1542828793535591008,335,325.2601623535156,598.84765625,border_fail,325.88720703125,600.30078125,0.025959178299007676,False,325.8898427264786,600.328392623536,0.030699816787881685,False,neither,0,0,not_accepted,not_accepted,Unknown,Unknown,-6.0432525620663,6.039630438645531,3.2049823041996888,-0.03101464213114946,,
A02,37,1542828793586734048,197,367.0732727050781,599.6055297851562,border_fail,367.7379150390625,601.0768432617188,0.03176973691465908,False,367.72301696685827,601.0889321288837,0.03278246770529889,False,neither,0,0,not_accepted,not_accepted,Unknown,Unknown,-6.2777138582340015,6.269130811864154,3.2924542283909037,-0.02909534237818984,,
A02,37,1542828793586734048,293,858.4475708007812,308.7402038574219,ncc_fail,859.6522827148438,309.5940246582031,0.004319719794731567,True,859.7211887709049,309.6365732106462,0.07080865487015679,True,both,3,3,completed_3_step_check,completed_3_step_check,Unknown,Unknown,-2.248106924750802,2.258139671063308,2.429145243867034,-0.0508384378856337,4.883681528577682,4.8828060388736905
A02,37,1542828793586734048,366,775.6939086914062,434.411865234375,ncc_fail,776.9069213867188,435.552490234375,0.000213623046875,True,776.8563240638593,435.5965020250197,0.03305208647749486,True,both,3,3,completed_3_step_check,completed_3_step_check,Unknown,Unknown,-7.143611186905289,7.129357717619989,3.6737736504140805,-0.03270114535945684,5.321650615470905,5.323705173633255
A02,38,1542828793638215104,284,711.7142333984375,599.697265625,border_fail,712.8858032226562,601.213134765625,0.03710626287962883,False,712.8750287103513,601.2241439538733,0.0472123650933463,False,neither,0,0,not_accepted,not_accepted,Unknown,Unknown,-5.899657049380721,5.895120740485936,3.142546129844675,-0.029924196022415916,,
A02,38,1542828793638215104,287,459.3002014160156,599.686767578125,border_fail,460.1863708496094,601.1832885742188,0.09845343888382126,False,460.07160715619807,601.1926289522762,0.04591008005347752,False,neither,0,0,not_accepted,not_accepted,Unknown,Unknown,-6.219458348976239,6.214672469570065,3.2711766979071726,-0.031249894596039524,,
A02,38,1542828793638215104,344,891.749755859375,347.7384033203125,ncc_fail,892.2733154296875,347.9799499511719,0.5894425564052951,True,893.1348106317015,348.71541798177714,0.0763903765900598,True,both,0,0,ncc_fail,ncc_fail,Unknown,Unknown,-2.468067604376735,2.463720478683527,2.386456159561618,-0.057921557629452614,0.0,0.0
A02,40,1542828793735744064,227,503.3234558105469,599.7713623046875,border_fail,504.11029052734375,601.3936767578125,0.07006483035886855,False,504.12715793019385,601.3268421566962,0.05785061068924499,False,neither,0,0,not_accepted,not_accepted,Unknown,Unknown,-6.346983066872143,6.339610641444304,3.3221239331742707,-0.030066974251416252,,
A02,43,1542828793885469920,326,610.0878295898438,599.6828002929688,border_fail,611.4629516601562,601.8218994140625,0.1676890017541385,False,611.0446478511539,601.3113783669822,0.055201643749289646,False,neither,0,0,not_accepted,not_accepted,Unknown,Unknown,-5.330255195790398,5.328601238334677,2.9866410920046382,-0.032111409204732044,,
A02,44,1542828793936715648,162,355.56304931640625,599.3610229492188,border_fail,356.1451110839844,600.890625,0.020613985877674254,False,356.13729515314054,600.9452616657921,0.0281247182671018,False,neither,0,0,not_accepted,not_accepted,Unknown,Unknown,-6.024608191335616,6.018801038755667,3.191876921284802,-0.030480402970862935,,
A02,44,1542828793936715648,244,392.68310546875,599.858642578125,border_fail,393.261474609375,601.4707641601562,0.10486026802217041,False,393.3011138481989,601.4460411789123,0.033138085963812285,False,neither,0,0,not_accepted,not_accepted,Unknown,Unknown,-6.139926723897929,6.136177651687035,3.242819423915819,-0.03302957664481543,,
A02,44,1542828793936715648,306,825.1235961914062,598.76611328125,border_fail,826.4740600585938,600.3831787109375,0.029121509858605454,False,826.4277595206673,600.4515576937566,0.05881521486988242,False,neither,0,0,not_accepted,not_accepted,Unknown,Unknown,-6.451147621084516,6.436088999633455,3.3750471150062964,-0.02640455497877836,,
A02,46,1542828794036595040,308,303.8214416503906,599.9169921875,border_fail,304.3458557128906,601.4900512695312,0.05373715714398295,False,304.2518513197115,601.5333110402433,0.03979136485160035,False,neither,0,0,not_accepted,not_accepted,Unknown,Unknown,-5.852269707749457,5.844518523561831,3.110198334343785,-0.029232045403746243,,
A02,47,1542828794086120608,309,792.0469970703125,599.1033325195312,border_fail,793.1227416992188,600.7459106445312,0.12190976075097239,False,793.2558456001159,600.7961744669249,0.06394711835421665,False,neither,0,0,not_accepted,not_accepted,Unknown,Unknown,-6.622368445838596,6.60908771447852,3.434582279095933,-0.02704584002353208,,
A02,49,1542828794186209408,238,419.1795959472656,599.8477783203125,border_fail,419.71954345703125,601.4835205078125,0.058867300763745814,False,419.6907352600972,601.4726650460237,0.02868377608171444,False,neither,0,0,not_accepted,not_accepted,Unknown,Unknown,-6.015991122096379,6.012707864612258,3.1922513828397454,-0.030181214357141536,,
A02,52,1542828794337157760,307,700.3807373046875,599.0956420898438,border_fail,701.0894165039062,600.7579345703125,0.08458321012682155,False,701.2217055042753,600.797121487943,0.052512729055103444,False,neither,0,0,not_accepted,not_accepted,Unknown,Unknown,-6.489701252268688,6.481560728661854,3.377554062309107,-0.031143794125532198,,
A02,53,1542828794385869856,334,507.7108459472656,599.6513671875,border_fail,508.3125915527344,601.30419921875,0.05324635284374224,False,508.21581189937484,601.3133177643053,0.05463546378660948,False,neither,0,0,not_accepted,not_accepted,Unknown,Unknown,-6.31297590438848,6.306110556479723,3.3079077348952453,-0.031162725601059205,,
A02,55,1542828794486746528,337,389.0263671875,598.9034423828125,border_fail,389.38092041015625,600.579345703125,0.03417419661967325,False,389.3288630133386,600.5988720798986,0.017823647813678487,False,neither,0,0,not_accepted,not_accepted,Unknown,Unknown,-6.17575351408874,6.170301626975231,3.262782230944538,-0.03131061243149391,,
A02,56,1542828794536293120,34,762.3634033203125,599.26171875,border_fail,763.105224609375,600.97998046875,0.03440239421641102,False,763.1764685453381,601.0151643325,0.05056696025065648,False,neither,0,0,not_accepted,not_accepted,Unknown,Unknown,-6.406362536714596,6.3955536134576505,3.3318988061253094,-0.02570038265627428,,
A02,58,1542828794636330624,329,837.3452758789062,598.7434692382812,border_fail,838.270751953125,600.6363525390625,0.05660937532429665,False,838.189448867358,600.5841876649461,0.07691396380359371,False,neither,0,0,not_accepted,not_accepted,Unknown,Unknown,-6.332122751670116,6.324995302994566,3.3121459977374297,-0.026543158029415148,,
A02,58,1542828794636330624,438,770.7676391601562,599.8886108398438,border_fail,771.4717407226562,601.8445434570312,0.20535993740745193,False,771.5098850415342,601.7087921576086,0.05963375915871943,False,neither,0,0,not_accepted,not_accepted,Unknown,Unknown,-6.1112460464424885,6.103442949075202,3.219883193634801,-0.026327958502051614,,
A02,59,1542828794685281504,439,771.0,602.0,ncc_fail,771.6270751953125,603.872802734375,0.0864197464899619,False,771.6670726537704,603.882410287857,0.07262556850460225,False,neither,0,0,not_accepted,not_accepted,Unknown,Unknown,-5.977428913116455,5.96890115737915,3.1626453399658203,-0.02630619890987873,,
A02,60,1542828794735198688,441,772.0,604.0,ncc_fail,772.6690673828125,605.9541625976562,0.06316150827616357,False,772.6407763361931,605.9498040676117,0.07707207111486097,False,neither,0,0,not_accepted,not_accepted,Unknown,Unknown,-6.152203559875488,6.143648624420166,3.234302282333374,-0.027108827605843544,,
A02,64,1542828794935640384,271,422.607177734375,598.399658203125,border_fail,422.6221618652344,600.32470703125,0.0328319786929153,False,422.5781717972632,600.3525144867089,0.023149488276501273,False,neither,0,0,not_accepted,not_accepted,Unknown,Unknown,-5.95201655195649,5.946459584823742,3.187031668826677,-0.027762386677588236,,
A02,64,1542828794935640384,430,735.3508911132812,599.15966796875,border_fail,735.0093383789062,600.9763793945312,0.06065706255652025,False,735.7251847584932,601.0980390696959,0.04076063466230118,False,neither,0,0,not_accepted,not_accepted,Unknown,Unknown,-6.268631183391761,6.261530027864239,3.3041456312761284,-0.030643800507959895,,
A02,66,1542828795036495968,281,814.3888549804688,598.7723999023438,border_fail,814.8153686523438,600.88330078125,0.19621271574994337,False,814.7242918325484,600.7776783875413,0.06864791739013594,False,neither,0,0,not_accepted,not_accepted,Unknown,Unknown,-6.481779674049559,6.4702624057012805,3.3716767417724,-0.027762485397021877,,
A02,67,1542828795085280960,70,614.3656005859375,598.6102905273438,border_fail,614.4485473632812,600.6763916015625,0.04412656070499451,False,614.4223028068559,600.6501018854551,0.02816052744611256,False,neither,0,0,not_accepted,not_accepted,Unknown,Unknown,-6.295549146710314,6.290802766896512,3.293770597738577,-0.029250549333123585,,
A02,67,1542828795085280960,445,722.0,603.0,ncc_fail,721.8776245117188,605.0341186523438,0.16568504405710674,False,722.1936195790768,605.0311512947083,0.03895391546314,False,neither,0,0,not_accepted,not_accepted,Unknown,Unknown,-6.160849571228027,6.148783206939697,3.2363433837890625,-0.02804994024336338,,
A02,68,1542828795135812064,233,511.43914794921875,597.7986450195312,border_fail,511.2795104980469,600.1671142578125,0.36415806573056503,False,511.33337372173474,599.8681629042794,0.018701872947821246,True,S_only,0,0,not_accepted,border_fail,Unknown,Unknown,-6.204080506518732,6.197253861413332,3.261304531649585,-0.028124836407145012,,0.0
A02,68,1542828795135812064,276,294.3568420410156,598.7330322265625,border_fail,293.8808898925781,600.90380859375,0.08046313516230712,False,293.89301828513095,600.9003580901713,0.03310661655004058,False,neither,0,0,not_accepted,not_accepted,Unknown,Unknown,-6.121440835116477,6.117482086331979,3.2314544285271607,-0.030855586132311624,,
A02,68,1542828795135812064,447,614.0,601.0,ncc_fail,614.0451049804688,603.0410766601562,0.021050139663214847,False,614.0234627053142,603.0620265007019,0.03428358890698385,False,neither,0,0,not_accepted,not_accepted,Unknown,Unknown,-6.303542137145996,6.299577236175537,3.2984259128570557,-0.03038543462753296,,
A02,69,1542828795185515296,39,585.2991333007812,599.9202270507812,border_fail,585.36279296875,601.8718872070312,0.04372102936262336,False,585.275408996881,601.9646781319135,0.019991017639993832,False,neither,0,0,not_accepted,not_accepted,Unknown,Unknown,-6.2527952013778485,6.248655406286687,3.293198838947305,-0.03127055589636704,,
A02,69,1542828795185515296,316,458.63629150390625,599.275634765625,border_fail,458.5380859375,601.4937744140625,0.18934488891587048,False,458.44923998181935,601.3478479644541,0.011685294563251583,False,neither,0,0,not_accepted,not_accepted,Unknown,Unknown,-6.110621464115475,6.103624648046974,3.2337444510104874,-0.028323516681597938,,
A02,69,1542828795185515296,448,614.0,602.0,ncc_fail,614.0315551757812,604.0475463867188,0.047348216699072104,False,614.0076584354974,604.049488067627,0.0294549678041398,False,neither,0,0,not_accepted,not_accepted,Unknown,Unknown,-6.251176357269287,6.247586727142334,3.2775964736938477,-0.029881343245506287,,
A02,70,1542828795235758816,196,651.4033813476562,599.0671997070312,border_fail,651.4276123046875,601.1146240234375,0.0059065509093798405,False,651.4249094228012,601.1011226806746,0.02309780605990052,False,neither,0,0,not_accepted,not_accepted,Unknown,Unknown,-5.988674518395754,5.984059770444718,3.1677256324045775,-0.02759873144088324,,
A02,70,1542828795235758816,451,587.0,602.0,ncc_fail,586.9984741210938,604.1128540039062,0.07550167246254545,False,586.953621558845,604.0447804927826,0.00695513542941352,False,neither,0,0,not_accepted,not_accepted,Unknown,Unknown,-6.080293655395508,6.075268745422363,3.2169885635375977,-0.029682261869311333,,
A02,70,1542828795235758816,452,614.0,605.0,ncc_fail,613.985595703125,607.0910034179688,0.053064970152190645,False,613.9819305352867,607.0448663234711,nan,False,neither,0,0,not_accepted,not_accepted,Unknown,Unknown,-6.0575151443481445,6.053978443145752,3.1996243000030518,-0.028870128095149994,,
A02,71,1542828795285241600,357,893.380615234375,599.496826171875,border_fail,893.2549438476562,601.4486694335938,0.3311123868009527,False,893.6228657878141,601.5172623906117,0.09174825131586338,False,neither,0,0,not_accepted,not_accepted,Unknown,Unknown,-5.746094952810694,5.74514476271267,3.1114703687052554,-0.03377856366258847,,
A02,71,1542828795285241600,454,588.0,603.0,ncc_fail,587.9847412109375,605.297119140625,0.2445467812965296,False,587.9540442675352,605.0917496681213,0.01305915594874926,False,neither,0,0,not_accepted,not_accepted,Unknown,Unknown,-5.999898910522461,5.989436626434326,3.181964874267578,-0.02814212627708912,,
A02,72,1542828795335503360,219,566.6044921875,599.0152587890625,border_fail,566.4935302734375,601.116455078125,0.04594654240783937,False,566.5049754778246,601.1420089266005,0.010070328026327256,False,neither,0,0,not_accepted,not_accepted,Unknown,Unknown,-6.175091290222895,6.164205644020626,3.2583796159105702,-0.028507065221516914,,
A02,72,1542828795335503360,349,345.6833190917969,597.60546875,border_fail,345.35430908203125,600.0125732421875,0.18752369134955144,False,345.2557812282378,599.8321399677349,0.008973955905570957,True,S_only,0,0,not_accepted,border_fail,Unknown,Unknown,-6.202753354993661,6.1936876198195705,3.2561605598275776,-0.02794993778721122,,0.0
A02,72,1542828795335503360,457,592.0,605.0,ncc_fail,591.9335327148438,607.2344360351562,0.1401566680638299,False,591.9363036006689,607.1278166770935,nan,False,neither,0,0,not_accepted,not_accepted,Unknown,Unknown,-5.975180149078369,5.966081142425537,3.1697216033935547,-0.027483195066452026,,
A02,73,1542828795385611072,15,686.8589477539062,599.4741821289062,border_fail,686.788818359375,601.5817260742188,0.09107725651710288,False,686.8680844496872,601.5743816415,0.01911810627921862,False,neither,0,0,not_accepted,not_accepted,Unknown,Unknown,-6.186792060060419,6.173933397844133,3.25426664299398,-0.026389051770239765,,
A02,73,1542828795385611072,153,789.7254028320312,599.8445434570312,border_fail,789.8837890625,601.9151000976562,0.06567521785130724,False,789.8261285583147,601.9177657337683,0.04103518713708497,False,neither,0,0,not_accepted,not_accepted,Unknown,Unknown,-6.219942552615521,6.211049365499017,3.264759481328709,-0.028132001405802666,,
A02,73,1542828795385611072,311,730.9674072265625,598.0859985351562,border_fail,731.02880859375,600.1585083007812,0.013273287237348528,False,731.0124562600097,600.1771191594146,0.03026434819483843,False,neither,0,0,not_accepted,not_accepted,Unknown,Unknown,-6.225064365694614,6.214637179538471,3.276973705299408,-0.02840458548965609,,
A02,73,1542828795385611072,421,620.6220092773438,558.0550537109375,ncc_fail,620.3681030273438,560.119140625,6.103515625e-05,True,620.533976016671,560.1177081285548,0.008101802866275465,True,both,3,3,completed_3_step_check,completed_3_step_check,Unknown,Unknown,-5.740764724549194,5.719639049013768,3.088313845251246,-0.0290122918064077,6.202169422203654,6.199498965821504
A02,74,1542828795435726720,79,629.0158081054688,598.4817504882812,border_fail,628.9834594726562,601.0093383789062,0.39277147874007035,False,628.9222369697485,600.5773428158003,0.008838932908744102,False,neither,0,0,not_accepted,not_accepted,Unknown,Unknown,-6.22858745117907,6.220593218963675,3.2678483035171153,-0.02725920678660252,,
A02,74,1542828795435726720,181,315.669921875,597.6687622070312,border_fail,315.2431945800781,600.0257568359375,0.1133191275575759,False,315.13308367410593,599.9297361399379,0.024855147545747865,True,S_only,0,0,not_accepted,border_fail,Unknown,Unknown,-5.964970708965268,5.959154875111722,3.1685037514581893,-0.029226864473099745,,0.0
A02,74,1542828795435726720,462,687.0,602.0,ncc_fail,686.931396484375,604.1428833007812,0.09144936384362505,False,686.9719585850835,604.0907011032104,0.016498267979382843,False,neither,0,0,not_accepted,not_accepted,Unknown,Unknown,-6.110295295715332,6.098443508148193,3.2253618240356445,-0.02639499306678772,,
A02,75,1542828795485613920,466,687.0,604.0,ncc_fail,686.8191528320312,606.1823120117188,0.16755950219596977,False,686.961447071284,606.1334133148193,0.02343348535674201,False,neither,0,0,not_accepted,not_accepted,Unknown,Unknown,-6.131548881530762,6.120347499847412,3.2303009033203125,-0.027506470680236816,,
A02,75,1542828795485613920,467,628.0,600.0,border_fail,627.8358764648438,602.3214721679688,0.16741863254712894,False,627.8958721458912,602.1407494544983,0.014888681637894991,False,neither,0,0,not_accepted,not_accepted,Unknown,Unknown,-6.198125839233398,6.187713146209717,3.257031202316284,-0.02849375270307064,,
A02,75,1542828795485613920,468,758.0,605.0,ncc_fail,757.8981323242188,607.1467895507812,0.09840442162247963,False,758.0175176747143,607.1139688491821,nan,False,neither,0,0,not_accepted,not_accepted,Unknown,Unknown,-6.095926284790039,6.085848331451416,3.2139978408813477,-0.027567002922296524,,
A02,76,1542828795535322464,204,415.7321472167969,599.6890869140625,border_fail,415.33203125,602.07568359375,0.11338906665654756,False,415.34635987461655,601.9437476304878,0.009788491066910012,False,neither,0,0,not_accepted,not_accepted,Unknown,Unknown,-6.042984286780214,6.03799308298187,3.205766387950498,-0.029741621221544508,,
A02,76,1542828795535322464,206,848.5918579101562,599.1368408203125,border_fail,848.751708984375,601.2427368164062,0.0849513125174525,False,848.6550502625257,601.2064204801959,0.07064056718242828,False,neither,0,0,not_accepted,not_accepted,Unknown,Unknown,-6.020433778313837,6.014922282929085,3.1884393600632084,-0.02799767211655567,,
A02,76,1542828795535322464,302,869.408203125,599.4447021484375,border_fail,869.1812133789062,601.5186157226562,0.30814716764256656,False,869.4858661390168,601.5050734357561,0.07358867193305335,False,neither,0,0,not_accepted,not_accepted,Unknown,Unknown,-5.988276738163677,5.985822106187584,3.1883570970621236,-0.029152683206987717,,
A02,77,1542828795586263200,111,772.6375732421875,598.9808349609375,border_fail,772.5753784179688,601.131591796875,0.12508633731375254,False,772.6680298153456,601.0624051160977,0.032939714103285694,False,neither,0,0,not_accepted,not_accepted,Unknown,Unknown,-6.092213211591471,6.088507236760691,3.2214775815024623,-0.028892796725142167,,
A02,77,1542828795586263200,314,369.7523193359375,599.9213256835938,ncc_fail,369.216796875,602.5225219726562,0.3137138469852299,False,369.32280118861996,602.2568782488235,0.014025965699829016,False,neither,0,0,not_accepted,not_accepted,Unknown,Unknown,-6.297650305075301,6.2855720542651135,3.306807776234919,-0.029519505219173625,,
A02,78,1542828795637727520,67,608.5706176757812,598.5231323242188,border_fail,608.2847290039062,600.8723754882812,0.26782550653324105,False,608.4620620287258,600.6306344324619,0.0072379143116773435,False,neither,0,0,not_accepted,not_accepted,Unknown,Unknown,-5.892078622688283,5.889072353649366,3.143800066783334,-0.030067309194203543,,
A02,78,1542828795637727520,292,668.0759887695312,598.2572021484375,border_fail,668.0743408203125,600.4974365234375,0.12029465691666626,False,668.0215566339592,600.332401732041,0.010154391920091524,False,neither,0,0,not_accepted,not_accepted,Unknown,Unknown,-6.281362360987938,6.277408218802368,3.3014385206488654,-0.030058043277210983,,
A02,79,1542828795687301120,477,608.0,600.0,border_fail,607.7330322265625,602.2649536132812,0.20500735923885904,False,607.8755529001355,602.1606805324554,0.0037197228296158014,False,neither,0,0,not_accepted,not_accepted,Unknown,Unknown,-5.867420196533203,5.863831996917725,3.133415937423706,-0.02925223670899868,,
A02,80,1542828795736978176,18,748.6295776367188,599.3410034179688,border_fail,748.6607666015625,601.4353637695312,0.013200113754432538,False,748.6415910617978,601.4132337389965,0.03102769629314837,False,neither,0,0,not_accepted,not_accepted,Unknown,Unknown,-6.13069565216524,6.1230823264811,3.2279785790590516,-0.029759957009412488,,
A02,80,1542828795736978176,126,712.59375,598.8893432617188,border_fail,712.6409301757812,601.0087280273438,0.01799460913808933,False,712.57065447216,600.9835180345026,0.01651662357671973,False,neither,0,0,not_accepted,not_accepted,Unknown,Unknown,-6.185511011701237,6.180897182095578,3.2679014461582483,-0.0314469176797445,,
A02,80,1542828795736978176,179,541.26806640625,597.64111328125,border_fail,540.904052734375,599.9176635742188,0.20730731659827342,True,541.0731719068798,599.8801667318739,0.029287750761498855,True,both,0,0,ncc_fail,ncc_fail,Unknown,Unknown,-6.029032557743449,6.0256840204548325,3.202205860785,-0.03046535143072182,0.0,0.0
A02,80,1542828795736978176,278,285.58929443359375,599.8843383789062,ncc_fail,285.00445556640625,602.7390747070312,0.4607969490033877,False,284.9562432937375,602.335312525337,0.04992203484014292,False,neither,0,0,not_accepted,not_accepted,Unknown,Unknown,-5.659317303072836,5.66070760658147,3.048755071938695,-0.03526242747720636,,
A02,80,1542828795736978176,340,434.6651611328125,599.7123413085938,border_fail,434.3648986816406,601.9892578125,0.039529500345855895,False,434.31761560264613,602.025038626003,0.02503306456083137,False,neither,0,0,not_accepted,not_accepted,Unknown,Unknown,-6.104778705531441,6.096018217346806,3.2332602536703234,-0.028627410029158112,,
A02,80,1542828795736978176,479,609.0,603.0,ncc_fail,608.73193359375,605.4599609375,0.3292352025845963,False,608.8828529343009,605.1908111572266,0.02246461998617243,False,neither,0,0,not_accepted,not_accepted,Unknown,Unknown,-5.695877552032471,5.691235542297363,3.0608081817626953,-0.027735110372304916,,
A02,81,1542828795786227840,480,748.0,601.0,ncc_fail,748.0426025390625,603.2142944335938,0.09268573832107786,False,748.0426884330809,603.0462124347687,0.03919388173883642,False,neither,0,0,not_accepted,not_accepted,Unknown,Unknown,-6.003657341003418,5.995940208435059,3.1807894706726074,-0.027847886085510254,,
A02,81,1542828795786227840,481,609.0,605.0,ncc_fail,608.8050537109375,607.28857421875,0.22397597191718208,False,608.9100475460291,607.1359038352966,nan,False,neither,0,0,not_accepted,not_accepted,Unknown,Unknown,-5.707771301269531,5.703471660614014,3.0669217109680176,-0.028385110199451447,,
A02,82,1542828795835049632,208,500.2080078125,598.3402099609375,border_fail,500.0362854003906,600.542724609375,0.036609088201372236,False,499.9752112564487,600.6129565322397,0.03678924631372344,False,neither,0,0,not_accepted,not_accepted,Unknown,Unknown,-6.179773563268952,6.167560937976361,3.2531514538097497,-0.028177993052065586,,
A02,82,1542828795835049632,486,749.0,603.0,ncc_fail,749.106689453125,605.49267578125,0.3860322320558601,False,749.0259199552238,605.0640404224396,0.04772039641723261,False,neither,0,0,not_accepted,not_accepted,Unknown,Unknown,-5.793840408325195,5.788081169128418,3.091332197189331,-0.029700979590415955,,
A02,83,1542828795885157152,31,582.3474731445312,597.8155517578125,border_fail,582.1344604492188,600.0858764648438,0.11825168923044463,False,582.2030892672082,600.0041070207981,0.01760916230484205,False,neither,0,0,not_accepted,not_accepted,Unknown,Unknown,-5.930603247165678,5.927043547377714,3.166966497733126,-0.02985277681818914,,
A02,84,1542828795936240704,99,683.572265625,599.1287841796875,border_fail,683.5088500976562,601.2677001953125,0.046879609199252305,False,683.5526507173092,601.2586818509149,0.022413419645526324,False,neither,0,0,not_accepted,not_accepted,Unknown,Unknown,-6.2435105901962515,6.237270731656508,3.2845822078650144,-0.03102205144047243,,
A02,84,1542828795936240704,490,585.0,602.0,ncc_fail,584.7893676757812,604.3875122070312,0.20246151623209854,False,584.879118308425,604.2092070579529,0.014967890858492353,False,neither,0,0,not_accepted,not_accepted,Unknown,Unknown,-5.696638584136963,5.693274974822998,3.0656967163085938,-0.02914608269929886,,
A02,85,1542828795985605920,89,633.7147216796875,599.80419921875,border_fail,633.689208984375,602.12060546875,0.18579927644147307,False,633.6152170428409,602.0062334999393,0.0124807396042488,False,neither,0,0,not_accepted,not_accepted,Unknown,Unknown,-6.054699279903502,6.0444866163183235,3.204235665365161,-0.027561682523407516,,
A02,85,1542828795985605920,127,378.7508850097656,598.4912719726562,border_fail,378.4215393066406,600.955078125,0.11319685538195691,False,378.2887856147157,600.8722385843671,0.01968882757180294,False,neither,0,0,not_accepted,not_accepted,Unknown,Unknown,-5.847671545568402,5.838079714635406,3.1292800280503195,-0.026836094953605595,,
A02,85,1542828795985605920,323,322.85272216796875,598.9926147460938,border_fail,322.2854309082031,601.5687866210938,0.193847896470082,False,322.2713205783226,601.4285016497901,0.04686632327075776,False,neither,0,0,not_accepted,not_accepted,Unknown,Unknown,-5.706981390439269,5.706054649728449,3.0873735658691217,-0.0289228459412297,,
A02,85,1542828795985605920,491,582.0,600.0,border_fail,581.8726196289062,602.36083984375,0.12397057615723224,False,581.8427908420563,602.2392082214355,0.010569763813955784,False,neither,0,0,not_accepted,not_accepted,Unknown,Unknown,-6.111481666564941,6.105714797973633,3.234884023666382,-0.02981714904308319,,
A02,86,1542828796036397952,199,826.4658813476562,599.1790771484375,border_fail,826.5676879882812,601.32373046875,0.11777737296189059,False,826.4871629778853,601.2459285794478,0.03797638343444491,False,neither,0,0,not_accepted,not_accepted,Unknown,Unknown,-6.196717681441278,6.185693900454311,3.262927832198331,-0.029382693286842176,,
A02,86,1542828796036397952,493,582.0,602.0,ncc_fail,581.9708251953125,604.404052734375,0.2597612939918116,False,581.8222468793392,604.2227356433868,0.012254058986427898,False,neither,0,0,not_accepted,not_accepted,Unknown,Unknown,-6.043562412261963,6.038606643676758,3.206655502319336,-0.028438415378332138,,
A02,86,1542828796036397952,495,378.0,601.0,ncc_fail,377.6587219238281,603.5980834960938,0.21829845665455713,False,377.5266946256161,603.3392057418823,0.02264839207164915,False,neither,0,0,not_accepted,not_accepted,Unknown,Unknown,-5.768350124359131,5.757743835449219,3.0883493423461914,-0.025951281189918518,,
A02,87,1542828796086257152,283,408.6872863769531,598.187744140625,border_fail,408.3006591796875,600.5741577148438,0.08343812257377295,False,408.28857624337957,600.5249559974833,0.02127998939572981,False,neither,0,0,not_accepted,not_accepted,Unknown,Unknown,-6.127563291234313,6.114691138940877,3.2327062893981537,-0.02836606828020284,,
A02,87,1542828796086257152,294,524.777587890625,598.0570678710938,border_fail,524.4990234375,600.4561157226562,0.16172640731669188,False,524.5305398717686,600.2898062048978,0.008687659113882926,False,neither,0,0,not_accepted,not_accepted,Unknown,Unknown,-6.403006482593028,6.391445482704064,3.344930203771529,-0.026876146461281225,,
A02,87,1542828796086257152,497,582.0,605.0,ncc_fail,581.821533203125,607.3853759765625,0.1243335721015342,False,581.821648567915,607.2064905166626,nan,False,neither,0,0,not_accepted,not_accepted,Unknown,Unknown,-6.127011775970459,6.119450092315674,3.2350423336029053,-0.028818730264902115,,
A02,87,1542828796086257152,498,377.0,603.0,ncc_fail,376.6885070800781,605.6060180664062,0.22191560476109973,False,376.5540069639683,605.3665106296539,0.02967570748275567,False,neither,0,0,not_accepted,not_accepted,Unknown,Unknown,-6.0655694007873535,6.051830291748047,3.206368923187256,-0.027631253004074097,,
A02,88,1542828796137451264,347,701.3695678710938,597.9006958007812,border_fail,701.3463745117188,600.1705932617188,0.12044284064483249,False,701.3302472369418,600.0571233922058,0.026613144345587644,False,neither,0,0,not_accepted,not_accepted,Unknown,Unknown,-6.2861562734861405,6.2804420950973725,3.3102352211253416,-0.0322972064515198,,
A02,89,1542828796186056128,145,773.9962158203125,598.817626953125,border_fail,773.9493408203125,600.8683471679688,0.2427904637106004,False,774.1007797109102,600.8991441673812,0.053352333112300865,False,neither,0,0,not_accepted,not_accepted,Unknown,Unknown,-6.272793590472247,6.265118622998145,3.292246789180979,-0.0311878088029362,,
A02,89,1542828796186056128,236,548.6787719726562,597.859619140625,border_fail,548.5023193359375,600.234130859375,0.15406449842801134,False,548.5726211325685,600.0808340350072,0.02436357748020266,False,neither,0,0,not_accepted,not_accepted,Unknown,Unknown,-6.388918007298599,6.38248835204071,3.3478195365508228,-0.03155526926447427,,
A02,90,1542828796236181760,171,803.3554077148438,597.8912353515625,border_fail,803.5103149414062,600.02587890625,0.09639777880504731,False,803.5386312779499,599.9899534284554,0.06828094193659708,True,S_only,0,0,not_accepted,border_fail,Unknown,Unknown,-6.169568412262365,6.16213686812134,3.2464345028097608,-0.030621117195936173,,0.0
A02,91,1542828796286353888,123,735.2574462890625,599.2465209960938,border_fail,735.3092651367188,601.302001953125,0.10154489217859988,False,735.4373104817912,601.3876332643094,0.06777858764025689,False,neither,0,0,not_accepted,not_accepted,Unknown,Unknown,-6.445839095104525,6.438300047074364,3.3726659431639234,-0.03289160012897391,,
A02,91,1542828796286353888,137,848.7175903320312,599.3383178710938,border_fail,848.9051513671875,601.4384765625,0.09807582367072985,False,848.9680585431723,601.420999201168,0.10251044433740698,False,neither,0,0,not_accepted,not_accepted,Unknown,Unknown,-6.110587952469144,6.102641232000847,3.2335789767316854,-0.02740879451656733,,
A02,91,1542828796286353888,138,667.6416625976562,598.2815551757812,border_fail,667.693115234375,600.6272583007812,0.2236271653441008,False,667.7560958166218,600.4484011389119,0.037236321538352976,False,neither,0,0,not_accepted,not_accepted,Unknown,Unknown,-6.25634963616511,6.2493305953138965,3.2860641981041727,-0.02935119644172464,,
A02,93,1542828796386499712,9,647.8009643554688,599.019287109375,border_fail,647.9944458007812,601.2474365234375,0.07107312668362072,False,647.9316555688932,601.1902196823052,0.032810650760269386,False,neither,0,0,not_accepted,not_accepted,Unknown,Unknown,-5.987702513022015,5.984034485069046,3.181575396958497,-0.030608225966739733,,
A02,93,1542828796386499712,94,572.3350830078125,599.4360961914062,border_fail,572.4021606445312,601.6158447265625,0.03540381053321786,False,572.3843934160608,601.6595203162559,0.03420416124052303,False,neither,0,0,not_accepted,not_accepted,Unknown,Unknown,-6.218300159896881,6.212925612600539,3.274630281666056,-0.03074868926291463,,
A02,93,1542828796386499712,432,379.4505920410156,598.3675537109375,border_fail,379.2051086425781,600.8046264648438,0.13867350026642342,False,379.2465636184063,600.7327390154452,0.01971707749268903,False,neither,0,0,not_accepted,not_accepted,Unknown,Unknown,-5.747376126880358,5.742259405795885,3.0777505961350347,-0.02769386752411193,,
A02,94,1542828796436409984,511,651.0,603.0,ncc_fail,651.3140258789062,605.5191040039062,0.43143612345437626,False,651.2307813614607,605.1513767242432,0.045821306233182243,False,neither,0,0,not_accepted,not_accepted,Unknown,Unknown,-6.146909236907959,6.139401912689209,3.2418296337127686,-0.02912195771932602,,
A02,95,1542828796485305984,514,650.0,605.0,ncc_fail,650.344482421875,607.560546875,0.4426766823692752,False,650.2692687809467,607.15008020401,nan,False,neither,0,0,not_accepted,not_accepted,Unknown,Unknown,-5.968722343444824,5.964518070220947,3.167128562927246,-0.028813768178224564,,
A02,97,1542828796586597408,176,754.6820068359375,599.748291015625,border_fail,755.115478515625,601.74951171875,0.06368494309261308,False,755.1813797513462,601.8211068890274,0.04566280615769222,False,neither,0,0,not_accepted,not_accepted,Unknown,Unknown,-5.951756377529932,5.943985191871349,3.1648215570231812,-0.028401853321836257,,
A02,97,1542828796586597408,221,888.5521240234375,598.9476318359375,border_fail,889.069580078125,600.8780517578125,0.16446505840796607,False,889.1731564620495,600.9645570403229,0.08256039100320633,False,neither,0,0,not_accepted,not_accepted,Unknown,Unknown,-6.181186907284022,6.171142347273012,3.2568412517160716,-0.026274890713711474,,
A02,97,1542828796586597408,342,354.41741943359375,599.0370483398438,border_fail,354.4040222167969,601.3052978515625,0.03486560845822144,False,354.3759496864765,601.3441839767697,0.028505666891357508,False,neither,0,0,not_accepted,not_accepted,Unknown,Unknown,-5.568534270151863,5.568373236682401,3.001160385541307,-0.02861496443826822,,
A02,97,1542828796586597408,383,719.820556640625,598.82958984375,border_fail,720.2617797851562,600.940673828125,0.09154219503138813,False,720.279215253104,600.9181185684691,0.045163381229557896,False,neither,0,0,not_accepted,not_accepted,Unknown,Unknown,-6.130482210894854,6.119688474924544,3.2451849710952274,-0.02904003210314121,,
A02,98,1542828796635144608,71,604.5711059570312,598.892578125,border_fail,604.9415893554688,601.1087036132812,0.05636424013972263,False,604.9611614622047,601.0508235947202,0.04254817755464452,False,neither,0,0,not_accepted,not_accepted,Unknown,Unknown,-6.094024121386099,6.0887898426978495,3.2285808261217426,-0.028678207580576043,,
A02,98,1542828796635144608,255,457.66290283203125,599.2317504882812,border_fail,457.77642822265625,601.439697265625,0.05616853729274413,False,457.8338120532335,601.4419335196278,0.02017051432133071,False,neither,0,0,not_accepted,not_accepted,Unknown,Unknown,-6.114682569896878,6.109566025115333,3.228602650429731,-0.02996639272544671,,
A02,99,1542828796684708320,148,302.3979797363281,598.8106079101562,border_fail,302.47735595703125,601.1011352539062,0.04668763583838887,False,302.40066277353196,601.1102931464798,0.01785307403000142,False,neither,0,0,not_accepted,not_accepted,Unknown,Unknown,-6.2559970560882,6.246629308251235,3.2800815805971557,-0.027396187872826078,,
A02,99,1542828796684708320,234,398.08734130859375,599.0714111328125,border_fail,398.1813049316406,601.3814086914062,0.1499824930941903,False,398.26423783702,601.294938669616,0.007034959927808014,False,neither,0,0,not_accepted,not_accepted,Unknown,Unknown,-6.166399971118995,6.155639131991137,3.2423510675915104,-0.028557882250485445,,
A02,99,1542828796684708320,520,458.0,601.0,ncc_fail,458.24945068359375,603.3587646484375,0.2109374757166248,False,458.26180654764175,603.1934471130371,0.011164695580615018,False,neither,0,0,not_accepted,not_accepted,Unknown,Unknown,-6.067728042602539,6.061461448669434,3.2074265480041504,-0.029820341616868973,,
A02,100,1542828796734836224,52,702.83935546875,598.6851806640625,border_fail,703.5643310546875,600.79638671875,0.058001063818054505,False,703.4610401967252,600.76836867309,0.035272402464189924,False,neither,0,0,not_accepted,not_accepted,Unknown,Unknown,-6.442243908762038,6.434226004764156,3.3610274888971787,-0.029351177541044216,,
A02,100,1542828796734836224,165,505.0736389160156,598.73291015625,border_fail,505.4098815917969,600.96337890625,0.14636958711019812,False,505.39937874146284,600.859646228089,0.011108248024949922,False,neither,0,0,not_accepted,not_accepted,Unknown,Unknown,-6.251530175265749,6.239413467797583,3.2813952156308517,-0.026592214665448227,,
A02,100,1542828796734836224,523,302.0,601.0,ncc_fail,302.0344543457031,603.286376953125,0.05760528958854666,False,302.03231651335955,603.2698011398315,0.02294719147523433,False,neither,0,0,not_accepted,not_accepted,Unknown,Unknown,-6.073055267333984,6.064641952514648,3.19364333152771,-0.029603727161884308,,
A02,101,1542828796785357120,108,810.8931884765625,599.3425903320312,border_fail,811.8107299804688,601.3803100585938,0.05640853819076114,False,811.7597117949442,601.3944392574404,0.0583761602137462,False,neither,0,0,not_accepted,not_accepted,Unknown,Unknown,-6.339416101370563,6.331223614548147,3.318515472404215,-0.026781766240701693,,
A02,101,1542828796785357120,257,276.827880859375,599.0662841796875,border_fail,276.9903564453125,601.291259765625,0.024456388024238725,False,276.899758051802,601.384866083505,0.02954694237532007,False,neither,0,0,not_accepted,not_accepted,Unknown,Unknown,-5.847281922281667,5.834774137695149,3.107194364664714,-0.032040018115201074,,
A02,101,1542828796785357120,275,629.5960693359375,599.8082885742188,border_fail,630.1815795898438,601.8854370117188,0.02026560211180348,False,630.2031810681065,601.9010485884971,0.03142218683073661,False,neither,0,0,not_accepted,not_accepted,Unknown,Unknown,-6.210138388378528,6.19954528027505,3.2706158298694064,-0.0295294237368625,,
A02,101,1542828796785357120,318,859.6490478515625,598.49267578125,border_fail,860.461669921875,600.4215698242188,0.09597583762715303,False,860.5836948114012,600.5298693178809,0.06386248055736178,False,neither,0,0,not_accepted,not_accepted,Unknown,Unknown,-6.397621001860301,6.3850844510672005,3.3529086602505345,-0.02641871230770465,,
A02,101,1542828796785357120,525,302.0,603.0,ncc_fail,302.0775451660156,605.2697143554688,0.06122103044936872,False,302.1046968102455,605.2831039428711,0.03246119681373206,False,neither,0,0,not_accepted,not_accepted,Unknown,Unknown,-5.815223693847656,5.80312442779541,3.083461284637451,-0.03130575269460678,,
A02,102,1542828796835650528,134,959.1129150390625,579.5183715820312,border_fail,960.359375,581.302734375,0.05765044335586044,False,960.207586626572,581.5346058738317,0.0743896259815421,False,neither,0,0,not_accepted,not_accepted,Unknown,Unknown,-5.976017671988192,5.952914648898059,3.1994969065660275,-0.027490469556106123,,
A02,102,1542828796835650528,529,302.0,605.0,ncc_fail,302.2493591308594,607.29638671875,0.08482687886015437,False,302.11634916067123,607.2867250442505,nan,False,neither,0,0,not_accepted,not_accepted,Unknown,Unknown,-6.128199100494385,6.114408493041992,3.204514265060425,-0.029149455949664116,,
A02,102,1542828796835650528,530,272.0,600.0,ncc_fail,272.2218322753906,602.4813232421875,0.2769392667162834,False,272.0811734944582,602.3166909217834,0.04134544612478046,False,neither,0,0,not_accepted,not_accepted,Unknown,Unknown,-6.080168724060059,6.069427013397217,3.2024054527282715,-0.02989792451262474,,
A02,103,1542828796885379552,33,650.0553588867188,599.1565551757812,border_fail,650.6904907226562,601.3123168945312,0.11388643340950202,False,650.7462406434873,601.2309084900428,0.04224061267586425,False,neither,0,0,not_accepted,not_accepted,Unknown,Unknown,-6.19699619503997,6.190546931097277,3.269274261333476,-0.030440622896056035,,
A02,103,1542828796885379552,90,569.3451538085938,597.9844970703125,border_fail,569.9267578125,600.3110961914062,0.257717324519965,False,569.9005830961007,600.0777922239038,0.04074562240280616,False,neither,0,0,not_accepted,not_accepted,Unknown,Unknown,-6.06638878301608,6.05663849245563,3.2061737421145704,-0.02625318241409584,,
A02,103,1542828796885379552,533,273.0,602.0,fb_fail,273.21661376953125,604.7653198242188,0.5321851775501735,False,273.1213458403945,604.252278804779,0.05696135584004446,False,neither,0,0,not_accepted,not_accepted,Unknown,Unknown,-5.713435649871826,5.703927040100098,3.0625059604644775,-0.03018512949347496,,
A02,104,1542828796935058048,72,783.2156982421875,599.2282104492188,border_fail,783.9170532226562,601.24560546875,0.1005659546492841,False,784.1695897401949,601.2786713588706,0.06378555349472492,False,neither,0,0,not_accepted,not_accepted,Unknown,Unknown,-6.300430775471796,6.291252495976707,3.3063600740884826,-0.026249762815115332,,
A02,104,1542828796935058048,188,680.072265625,599.0987548828125,border_fail,680.91943359375,601.3052368164062,0.1816688126053041,False,680.8547620689346,601.1619017759795,0.053895488629364434,False,neither,0,0,not_accepted,not_accepted,Unknown,Unknown,-6.380422164821653,6.373150930378642,3.3393902050357838,-0.029811699754179966,,
A02,104,1542828796935058048,241,741.1964721679688,599.20458984375,border_fail,741.9884033203125,601.239990234375,0.07013236920162576,False,742.0838526970301,601.2609978713253,0.05918387393488012,False,neither,0,0,not_accepted,not_accepted,Unknown,Unknown,-6.294225851203166,6.287731958950786,3.313000031263087,-0.029542467216328083,,
A02,104,1542828796935058048,538,296.0,598.0,border_fail,296.22613525390625,600.2874145507812,0.10158544519632697,False,296.1789356768131,600.2406959533691,0.04365492437239081,False,neither,0,0,not_accepted,not_accepted,Unknown,Unknown,-6.039964199066162,6.035759925842285,3.185811996459961,-0.03530951216816902,,
A02,105,1542828796985753792,53,546.4443969726562,599.8132934570312,border_fail,546.9548950195312,601.9878540039062,0.1457913343942364,False,547.0868523471416,601.9142918245724,0.04066942493426705,False,neither,0,0,not_accepted,not_accepted,Unknown,Unknown,-5.599425074572167,5.595508400086805,3.0215689385399758,-0.027175879139270158,,
A02,105,1542828796985753792,312,958.89794921875,529.0066528320312,border_fail,960.2810668945312,530.819580078125,0.03683541209553097,False,960.1359101172845,530.8522668898604,0.10060977820456782,False,neither,0,0,not_accepted,not_accepted,Unknown,Unknown,-6.136840274697676,6.123630861958361,3.247074131375996,-0.024815169424323602,,
A02,105,1542828796985753792,420,888.7319946289062,598.7080078125,border_fail,889.8012084960938,600.925537109375,0.2785492674744676,False,889.9200421176638,600.6869546772667,0.06590722153561791,False,neither,0,0,not_accepted,not_accepted,Unknown,Unknown,-6.314181591050328,6.29846325858361,3.3055599617566855,-0.02414885002191003,,
A02,106,1542828797036228800,217,910.046630859375,598.304443359375,border_fail,911.3170166015625,600.4094848632812,0.08313059981564871,False,911.2320242193068,600.2892523377274,0.07428660910989496,False,neither,0,0,not_accepted,not_accepted,Unknown,Unknown,-6.395923283119515,6.378372267173432,3.3345145237664724,-0.024229608337394182,,
A02,106,1542828797036228800,544,297.0,603.0,ncc_fail,297.1629333496094,605.3638305664062,0.2144748403154691,False,297.2517001926899,605.1525564193726,0.026026174982438276,False,neither,0,0,not_accepted,not_accepted,Unknown,Unknown,-5.891491413116455,5.88779878616333,3.1219167709350586,-0.027111729606986046,,
A02,107,1542828797085101472,547,297.0,605.0,ncc_fail,297.2015380859375,607.3843994140625,0.26310579498273057,False,297.28444224596024,607.2023005485535,nan,False,neither,0,0,not_accepted,not_accepted,Unknown,Unknown,-5.795158386230469,5.789887428283691,3.077852964401245,-0.026986192911863327,,
A02,109,1542828797185506976,187,846.4630737304688,598.5236206054688,border_fail,847.5103759765625,600.6396484375,0.22682014975336487,False,847.7365216731913,600.5554387845635,0.09115635774454658,False,neither,0,0,not_accepted,not_accepted,Unknown,Unknown,-6.199313689657256,6.184187789715452,3.267543773901454,-0.024509591179801053,,
A02,109,1542828797185506976,389,529.64208984375,598.6685791015625,border_fail,530.3262939453125,600.6739501953125,0.05477489572547309,False,530.3645980001556,600.7422395904384,0.06603774620349093,False,neither,0,0,not_accepted,not_accepted,Unknown,Unknown,-6.1621702919705115,6.153393836931741,3.2413333986632153,-0.029130376485040133,,
A02,110,1542828797237854144,86,621.025634765625,598.02685546875,border_fail,621.852294921875,600.1143798828125,0.09117600304967327,False,621.9423282925018,600.0581325795407,0.05667996347579408,False,neither,0,0,not_accepted,not_accepted,Unknown,Unknown,-6.354417928543626,6.344894387617501,3.322301098490442,-0.027448199229655135,,
A02,110,1542828797237854144,207,366.82354736328125,598.9159545898438,border_fail,367.4092102050781,601.0826416015625,0.07721830777366225,False,367.3151113216136,601.006739639171,0.0424324150292664,False,neither,0,0,not_accepted,not_accepted,Unknown,Unknown,-5.683614387920613,5.68102339207995,3.0629362422514443,-0.031014672349108728,,
A02,111,1542828797284864128,211,330.8095397949219,598.1728515625,border_fail,331.30377197265625,600.2424926757812,0.06079080880371209,False,331.25966313736944,600.2582208022744,0.04684449533606736,False,neither,0,0,not_accepted,not_accepted,Unknown,Unknown,-6.139770003308868,6.137079337504105,3.238423208950877,-0.03548468133432536,,
A02,111,1542828797284864128,551,624.0,599.0,border_fail,624.9608154296875,601.1380615234375,0.05606061658172798,False,624.9309170842171,601.0553154945374,0.07742549463820714,False,neither,0,0,not_accepted,not_accepted,Unknown,Unknown,-6.188566207885742,6.179239749908447,3.249310255050659,-0.028721751645207405,,
A02,112,1542828797335636512,87,705.2951049804688,599.3397216796875,border_fail,706.3513793945312,601.4945678710938,0.1003188132441481,False,706.3917800070768,601.3864704054321,0.06233025165438841,False,neither,0,0,not_accepted,not_accepted,Unknown,Unknown,-6.078837205901753,6.071522281983878,3.211259143311805,-0.02877007179823124,,
A02,112,1542828797335636512,130,645.5358276367188,598.792724609375,border_fail,646.44921875,600.9005737304688,0.14362611096735156,False,646.5237954987615,600.857428310965,0.06940940995979962,False,neither,0,0,not_accepted,not_accepted,Unknown,Unknown,-6.125192786598227,6.120910960182279,3.237759234874524,-0.031475481211940104,,
A02,112,1542828797335636512,161,451.5073547363281,598.2113647460938,border_fail,452.1028747558594,600.2093505859375,0.04770807239268154,False,452.1666384223924,600.2984985611092,0.04673976986828206,False,neither,0,0,not_accepted,not_accepted,Unknown,Unknown,-5.4715962100768225,5.469944180713098,2.9707428272670984,-0.02954799442608957,,
A02,112,1542828797335636512,194,397.5919494628906,598.6439819335938,border_fail,398.1710205078125,600.6937255859375,0.03188372810393228,False,398.16681941431085,600.7506515073968,0.04743141686112464,False,neither,0,0,not_accepted,not_accepted,Unknown,Unknown,-5.512235562850457,5.509948447806623,2.9699694953536833,-0.028365587921060587,,
A02,112,1542828797335636512,553,625.0,600.0,border_fail,625.9866943359375,602.074951171875,0.04444717367388776,False,625.9521862268448,602.0720882415771,0.06903663714283984,False,neither,0,0,not_accepted,not_accepted,Unknown,Unknown,-6.199100017547607,6.191616058349609,3.258615016937256,-0.029402995482087135,,
A02,112,1542828797335636512,554,332.0,602.0,ncc_fail,332.466552734375,604.1853637695312,0.12039738438077427,False,332.4841799736023,604.1326780319214,0.03973108052049298,False,neither,0,0,not_accepted,not_accepted,Unknown,Unknown,-6.051194667816162,6.045536994934082,3.183929443359375,-0.03156746178865433,,
A02,113,1542828797385079104,23,604.1069946289062,599.0451049804688,border_fail,604.9185791015625,601.1167602539062,0.05821538194465057,False,604.9897788885605,601.1064673281893,0.051793159677862244,False,neither,0,0,not_accepted,not_accepted,Unknown,Unknown,-6.032876972907806,6.029757775363267,3.1941881584470266,-0.02948361654209001,,
A02,113,1542828797385079104,112,671.5879516601562,598.8555297851562,border_fail,672.5991821289062,601.115966796875,0.21319622888311854,False,672.5973431891543,600.9012271235708,0.04262880063702012,False,neither,0,0,not_accepted,not_accepted,Unknown,Unknown,-6.095477097924247,6.0902381316963154,3.2248107420228465,-0.030555560564288035,,
A02,113,1542828797385079104,321,289.74322509765625,599.70556640625,border_fail,290.68377685546875,601.8029174804688,0.42294086477995396,False,290.1497000400557,601.8544837514,0.049395000915663956,False,neither,0,0,not_accepted,not_accepted,Unknown,Unknown,-6.381688440794733,6.376172686886804,3.334328404813462,-0.03130463530106731,,
A02,113,1542828797385079104,555,452.0,601.0,ncc_fail,452.66143798828125,603.0507202148438,0.035232937142749984,False,452.6318881511688,603.0644178390503,0.023839685987827222,False,neither,0,0,not_accepted,not_accepted,Unknown,Unknown,-5.496169090270996,5.49406099319458,2.984288215637207,-0.02956831455230713,,
A02,113,1542828797385079104,556,626.0,602.0,ncc_fail,626.963623046875,604.143798828125,0.13788145753466083,False,626.9217801094055,604.0636765956879,0.05011519779495789,False,neither,0,0,not_accepted,not_accepted,Unknown,Unknown,-6.005380630493164,5.997530937194824,3.1794774532318115,-0.028026213869452477,,
A02,114,1542828797436028192,561,453.0,603.0,ncc_fail,453.69097900390625,605.1819458007812,0.19120795088823136,False,453.668913602829,605.0758490562439,0.0187856256835621,False,neither,0,0,not_accepted,not_accepted,Unknown,Unknown,-5.461358547210693,5.457945823669434,2.970768928527832,-0.028786540031433105,,
A02,114,1542828797436028192,562,673.0,600.0,border_fail,673.9961547851562,602.1038208007812,0.058366110794701685,False,674.0662360191345,602.079005241394,0.0354619067586911,False,neither,0,0,not_accepted,not_accepted,Unknown,Unknown,-5.966090679168701,5.960981845855713,3.171041250228882,-0.029446057975292206,,
A02,115,1542828797484950848,567,454.0,605.0,ncc_fail,454.6727294921875,607.0794067382812,0.067113372197419,False,454.66165059804916,607.0985336303711,nan,False,neither,0,0,not_accepted,not_accepted,Unknown,Unknown,-5.414078712463379,5.411487102508545,2.942441463470459,-0.028971103951334953,,
A02,116,1542828797536263936,73,912.6218872070312,598.7887573242188,border_fail,914.4637451171875,600.8950805664062,0.18056720508586477,False,914.1316845502128,600.8994326844268,0.07984359240322794,False,neither,0,0,not_accepted,not_accepted,Unknown,Unknown,-6.341439609598083,6.3251945692917495,3.3100876657783314,-0.02400755127267222,,
A02,116,1542828797536263936,147,558.9854125976562,599.642333984375,border_fail,559.7694091796875,601.7291259765625,0.09530285411240469,False,559.7915481888815,601.723855890364,0.039601139077131725,False,neither,0,0,not_accepted,not_accepted,Unknown,Unknown,-5.935185025730085,5.927758092750032,3.1556846383028976,-0.026808162402721047,,
A02,116,1542828797536263936,185,518.798095703125,599.1273193359375,border_fail,519.5906372070312,601.2273559570312,0.07779169509231983,False,519.5265048313208,601.2012230426351,0.03315328490514673,False,neither,0,0,not_accepted,not_accepted,Unknown,Unknown,-5.944637188585261,5.940830054132647,3.1659031810944853,-0.02926959818372382,,
A02,116,1542828797536263936,568,675.0,605.0,ncc_fail,676.0286865234375,607.3773193359375,0.2752381707654392,False,676.0265736579895,607.0992612838745,nan,False,neither,0,0,not_accepted,not_accepted,Unknown,Unknown,-6.081660270690918,6.07578706741333,3.217297077178955,-0.027870483696460724,,
A02,117,1542828797585064576,11,742.429931640625,599.3877563476562,border_fail,743.5653076171875,601.5222778320312,0.1136330043231162,False,743.6018977754226,601.5041313170927,0.036137375934186235,False,neither,0,0,not_accepted,not_accepted,Unknown,Unknown,-6.334314312075236,6.327658424372082,3.319873351091978,-0.028093445707068038,,
A02,117,1542828797585064576,24,788.596923828125,597.982421875,border_fail,789.8568725585938,600.2591552734375,0.09204279647439967,False,789.8529675250887,600.0967292449085,0.033393539714431715,False,neither,0,0,not_accepted,not_accepted,Unknown,Unknown,-6.509736454923768,6.498411500469274,3.386455724745474,-0.026231319538022824,,
A02,117,1542828797585064576,85,765.808349609375,599.991943359375,border_fail,766.9222412109375,602.20166015625,0.14957140448174872,False,767.024950992033,602.1050251692579,0.028097685901492968,False,neither,0,0,not_accepted,not_accepted,Unknown,Unknown,-6.43126399122076,6.42368365003469,3.3635587854990945,-0.028197310582059543,,
A02,117,1542828797585064576,225,585.8634033203125,599.2493896484375,border_fail,586.7022094726562,601.33349609375,0.09050754301766163,False,586.7280966798787,601.346171503347,0.03119177624106981,False,neither,0,0,not_accepted,not_accepted,Unknown,Unknown,-5.9319231956373955,5.926851890607836,3.171734889309004,-0.03045081004572725,,
A02,117,1542828797585064576,437,873.6436157226562,599.8908081054688,border_fail,875.1021728515625,602.0650634765625,0.04453157792890838,False,875.0707791362677,602.0147721978781,0.04621929261013447,False,neither,0,0,not_accepted,not_accepted,Unknown,Unknown,-5.934888777236697,5.927145303394251,3.1634133229094807,-0.025020574172435688,,
A02,118,1542828797635088320,300,959.728759765625,584.1573486328125,border_fail,961.6239624023438,586.1234130859375,0.08256576867892211,False,961.361339747726,586.2815407105597,0.1018067279911144,False,neither,0,0,not_accepted,not_accepted,Unknown,Unknown,-5.882120351575566,5.861052416862819,3.1644019707588313,-0.030538258003636798,,
A02,119,1542828797687016064,63,823.6510009765625,599.5864868164062,border_fail,824.9276123046875,601.8076171875,0.19633251866844642,False,824.9946960486834,601.6716114021909,0.04703425188443142,False,neither,0,0,not_accepted,not_accepted,Unknown,Unknown,-6.588735307371948,6.578584490969483,3.410383883498149,-0.026125757082086684,,
A02,119,1542828797687016064,139,349.089111328125,599.3493041992188,border_fail,349.6370849609375,601.389404296875,0.07464819192970722,False,349.60838417525576,601.3678491130252,0.022356522857969918,False,neither,0,0,not_accepted,not_accepted,Unknown,Unknown,-5.668412803662612,5.667929303325174,3.041188122987613,-0.031706461167529065,,
A02,119,1542828797687016064,298,425.35235595703125,598.7611694335938,border_fail,425.8287048339844,600.7500610351562,0.1364877793401184,False,425.9777219761043,600.7885235378625,0.024892979694137275,False,neither,0,0,not_accepted,not_accepted,Unknown,Unknown,-5.854903158314698,5.854780498094604,3.1146754414894753,-0.031593408193173245,,
A02,121,1542828797785240800,132,474.8968505859375,599.2894287109375,border_fail,475.55303955078125,601.24658203125,0.03864905184798639,False,475.5683981345565,601.3410466022286,0.023940368999232214,False,neither,0,0,not_accepted,not_accepted,Unknown,Unknown,-5.952747836249678,5.94352701857391,3.1579443957404507,-0.028319604166825746,,
A02,121,1542828797785240800,268,686.9815063476562,444.63330078125,ncc_fail,687.9178466796875,446.4154052734375,0.0003300980781979971,True,687.9349877712398,446.4286393731735,0.00963166624775324,True,both,0,0,ncc_fail,ncc_fail,Unknown,Unknown,-6.363291350976041,6.349198414381661,3.34692030263826,-0.028068593915488993,0.0,0.0
A02,122,1542828797834799712,43,660.6153564453125,599.0887451171875,border_fail,661.6500244140625,601.1712646484375,0.02891095612853196,False,661.5844917945202,601.1712616317155,0.04440203243414828,False,neither,0,0,not_accepted,not_accepted,Unknown,Unknown,-6.414127448112296,6.404500100966779,3.351003468944164,-0.027453705308711246,,
A02,122,1542828797834799712,44,860.9259033203125,598.45556640625,border_fail,862.4485473632812,600.6771240234375,0.11356531897170585,False,862.3016408426577,600.5822663470381,0.03829148144921308,False,neither,0,0,not_accepted,not_accepted,Unknown,Unknown,-6.155076906257875,6.1453853849418465,3.2539044093316107,-0.026173232846188887,,
A02,122,1542828797834799712,583,476.0,602.0,ncc_fail,476.7139587402344,604.0326538085938,0.05552811501658707,False,476.6600253582001,604.0475914478302,0.020307169659915643,False,neither,0,0,not_accepted,not_accepted,Unknown,Unknown,-5.740413188934326,5.734377861022949,3.080580711364746,-0.02838859334588051,,
A02,123,1542828797885096832,37,702.04736328125,598.3591918945312,border_fail,702.9591674804688,600.4351196289062,0.06865749746759825,False,703.068879469058,600.4491320066,0.030708594512329664,False,neither,0,0,not_accepted,not_accepted,Unknown,Unknown,-6.675187674179881,6.6651329876716545,3.4552870363094215,-0.030768799293367566,,
A02,123,1542828797885096832,584,476.0,606.0,ncc_fail,476.6977844238281,608.3931274414062,0.43835557147673715,False,476.62253350019455,608.0674517154694,nan,False,neither,0,0,not_accepted,not_accepted,Unknown,Unknown,-5.781854629516602,5.774401664733887,3.0835695266723633,-0.027373000979423523,,
A02,126,1542828798034900352,51,579.2554321289062,598.3812255859375,border_fail,579.9585571289062,600.5928955078125,0.1096461205531572,False,579.9892644197785,600.4731224999208,0.042465503210893575,False,neither,0,0,not_accepted,not_accepted,Unknown,Unknown,-6.28636200935075,6.279803109919914,3.310792930484592,-0.0304697651392008,,
A02,126,1542828798034900352,401,682.1348266601562,599.5869750976562,border_fail,682.94384765625,601.9312744140625,0.2186901913352172,False,683.0542138770444,601.7135103078185,0.04626980277752143,False,neither,0,0,not_accepted,not_accepted,Unknown,Unknown,-6.320777944698204,6.3138869756646265,3.31760077044747,-0.028708264471196683,,
A02,126,1542828798034900352,412,743.6956787109375,598.7088623046875,border_fail,744.7022705078125,600.906494140625,0.06635240166700639,False,744.7356625229827,600.8534524155239,0.05372482783265925,False,neither,0,0,not_accepted,not_accepted,Unknown,Unknown,-6.353932363861787,6.3460016571184354,3.3304446420730223,-0.028044354461214838,,
A02,127,1542828798085155552,75,640.6390380859375,599.1121215820312,border_fail,641.4790649414062,601.524169921875,0.350288041406906,False,641.4567841161163,601.2366437288634,0.05089414232188416,False,neither,0,0,not_accepted,not_accepted,Unknown,Unknown,-6.334723004081994,6.3297146900202605,3.3232140358156492,-0.030040115007124057,,
A02,127,1542828798085155552,84,933.6156005859375,599.04443359375,border_fail,935.1455078125,601.6641235351562,0.3890342748124335,False,934.9638665268424,601.242811574692,0.07413633600636042,False,neither,0,0,not_accepted,not_accepted,Unknown,Unknown,-5.895400360906933,5.883614272900871,3.1761095612588406,-0.027763709657875113,,
A02,127,1542828798085155552,143,455.10711669921875,599.5945434570312,border_fail,455.5940856933594,601.5830688476562,0.07015197363863675,False,455.63029913803894,601.6751161404534,0.014186780478913783,False,neither,0,0,not_accepted,not_accepted,Unknown,Unknown,-6.034711879872335,6.030392787071905,3.1937706307537415,-0.029244156771922644,,
A02,127,1542828798085155552,589,783.0,128.0,ncc_fail,783.8961791992188,129.3153839111328,0.00325380931036666,True,783.8093425035477,129.09885728359222,0.021869438932832674,True,both,3,3,completed_3_step_check,completed_3_step_check,Unknown,Unknown,-6.614250183105469,6.5960211753845215,3.4383256435394287,-0.030189519748091698,5.916102488381617,5.89029802101114
A02,127,1542828798085155552,590,678.0,603.0,ncc_fail,678.8344116210938,605.2230834960938,0.1493683414690993,False,678.8830915689468,605.13845038414,0.05182630061594505,False,neither,0,0,not_accepted,not_accepted,Unknown,Unknown,-6.231947898864746,6.225344657897949,3.2784924507141113,-0.028638262301683426,,
A02,128,1542828798134952736,81,817.6842651367188,599.3546142578125,border_fail,818.8096923828125,601.431640625,0.044033766840416266,False,818.8375708135096,601.5333694985381,0.06134711087383144,False,neither,0,0,not_accepted,not_accepted,Unknown,Unknown,-6.487671110890826,6.476049630959125,3.3774001940655527,-0.025628692098970535,,
A02,128,1542828798134952736,106,321.2897033691406,598.4925537109375,border_fail,321.629638671875,600.5826416015625,0.09577285892421655,False,321.60740218215136,600.5568657941349,0.0441670640220495,False,neither,0,0,not_accepted,not_accepted,Unknown,Unknown,-6.210912056758994,6.20807326735545,3.260858615588673,-0.03568123803455467,,
A02,128,1542828798134952736,425,840.8837890625,599.137451171875,border_fail,842.0684814453125,601.60107421875,0.21687093105676628,False,842.0791479819754,601.3176442605991,0.059510037964160656,False,neither,0,0,not_accepted,not_accepted,Unknown,Unknown,-6.046687076131775,6.039752682468816,3.2317489378658593,-0.02866043107259264,,
A02,128,1542828798134952736,487,342.8915710449219,599.7578125,border_fail,343.2362976074219,601.8511962890625,0.10799881154334748,False,343.23186019654844,601.805385549379,0.025283848864674923,False,neither,0,0,not_accepted,not_accepted,Unknown,Unknown,-5.976644513887777,5.969837828226218,3.161159253662845,-0.02990477554018467,,
A02,129,1542828798186728928,6,780.0450439453125,597.936767578125,border_fail,780.970458984375,600.0746459960938,0.10800611967170869,False,781.0781641496453,600.078511059537,0.04315314416064964,False,neither,0,0,not_accepted,not_accepted,Unknown,Unknown,-6.521379030299514,6.512206289460835,3.396673333445058,-0.028612839135744528,,
A02,129,1542828798186728928,600,323.0,602.0,ncc_fail,323.3934326171875,604.0823974609375,0.10627672423838598,False,323.2756232917309,604.0784478187561,0.037899074987804315,False,neither,0,0,not_accepted,not_accepted,Unknown,Unknown,-6.152831554412842,6.14842414855957,3.2390825748443604,-0.028768405318260193,,
A02,130,1542828798237054720,93,553.7455444335938,599.5542602539062,border_fail,554.2717895507812,601.61328125,0.060221938396747304,False,554.335017179532,601.6561056560331,0.015250958585414306,False,neither,0,0,not_accepted,not_accepted,Unknown,Unknown,-6.176412569464528,6.170906891461835,3.2543254921644635,-0.02977152436606262,,
A02,131,1542828798287862400,125,726.9902954101562,599.9646606445312,border_fail,727.8117065429688,602.2373657226562,0.04515368319017291,False,727.8244296402847,602.1397676584575,0.03449609249814208,False,neither,0,0,not_accepted,not_accepted,Unknown,Unknown,-6.35751443849813,6.347357250895804,3.3233494827589896,-0.025518589958903423,,
A02,131,1542828798287862400,603,782.0,602.0,ncc_fail,782.7046508789062,604.1978759765625,0.26813727798671455,False,782.9322866201401,604.1948478221893,0.04131100245554724,False,neither,0,0,not_accepted,not_accepted,Unknown,Unknown,-6.410634994506836,6.400038242340088,3.3416268825531006,-0.026213716715574265,,
A02,132,1542828798337240768,48,491.8868713378906,599.665771484375,border_fail,492.22882080078125,601.9061279296875,0.21223307035941485,False,492.31731550491804,601.7740087802417,0.013065143713729918,False,neither,0,0,not_accepted,not_accepted,Unknown,Unknown,-6.367423865562323,6.360242350580982,3.3284469609206884,-0.02853338134694912,,
A02,132,1542828798337240768,157,425.29449462890625,599.3456420898438,border_fail,425.63140869140625,601.458740234375,0.022300228200908087,False,425.63029305087923,601.4376210339515,0.012904219121522837,False,neither,0,0,not_accepted,not_accepted,Unknown,Unknown,-6.056093634300231,6.0522967042295335,3.2343837147583345,-0.03145869417198415,,
A02,132,1542828798337240768,282,881.9054565429688,599.4015502929688,border_fail,882.9226684570312,601.7822875976562,0.17585495357301967,False,882.9828890197037,601.6590531225987,0.0626156814851677,False,neither,0,0,not_accepted,not_accepted,Unknown,Unknown,-5.923215453505028,5.912441094019661,3.1520585072442744,-0.02287063346163884,,
A02,133,1542828798386794112,46,621.2894897460938,599.6614379882812,border_fail,622.0322875976562,601.9759521484375,0.18770346926491896,False,621.9168731094019,601.815917122436,0.028488510329045362,False,neither,0,0,not_accepted,not_accepted,Unknown,Unknown,-6.207942470524495,6.201177297329277,3.260105193946372,-0.028313548686478583,,
A02,133,1542828798386794112,343,373.5285339355469,598.5750122070312,border_fail,373.7869567871094,600.6808471679688,0.04234999867465165,False,373.7803043819927,600.6612451239622,0.012421718621359747,False,neither,0,0,not_accepted,not_accepted,Unknown,Unknown,-6.075239256663702,6.070102699834227,3.2126975739747885,-0.0293221018193204,,
A02,133,1542828798386794112,606,493.0,602.0,ncc_fail,493.17669677734375,604.3681640625,0.41919477189455,False,493.42973148822784,604.1081960201263,0.006975027693438062,False,neither,0,0,not_accepted,not_accepted,Unknown,Unknown,-6.270100116729736,6.263077259063721,3.29017972946167,-0.028466898947954178,,
A02,133,1542828798386794112,607,794.0,164.0,ncc_fail,794.7115478515625,164.76393127441406,0.004968276715080254,True,794.7115033864975,165.26023268699646,0.008133000035132789,True,both,0,0,ncc_fail,ncc_fail,Unknown,Unknown,-6.367465972900391,6.349231243133545,3.3420732021331787,-0.031629033386707306,0.0,0.0
A02,133,1542828798386794112,608,426.0,601.0,ncc_fail,426.3786315917969,603.1620483398438,0.1061767769342275,False,426.33106154203415,603.0928490161896,0.013949776561839983,False,neither,0,0,not_accepted,not_accepted,Unknown,Unknown,-5.869368553161621,5.868529319763184,3.159651756286621,-0.03170020133256912,,
A02,134,1542828798436057376,1,762.3882446289062,599.5712890625,border_fail,763.3595581054688,601.833984375,0.11044348205185052,False,763.2480170913618,601.78134977925,0.02942328881964219,False,neither,0,0,not_accepted,not_accepted,Unknown,Unknown,-6.42965786657814,6.416959212693854,3.356242334062344,-0.025837529578046747,,
A02,134,1542828798436057376,310,395.70892333984375,599.7777709960938,border_fail,396.1063537597656,601.9378051757812,0.09773873183756898,False,395.9845358053025,601.8730320965125,0.029127587486815883,False,neither,0,0,not_accepted,not_accepted,Unknown,Unknown,-5.99624495434761,5.990307768719559,3.193929303157401,-0.03027001066154436,,
A02,134,1542828798436057376,609,798.0,168.0,ncc_fail,798.733642578125,169.74266052246094,0.012317160687628519,True,798.6793547868729,169.30549120903015,0.024680938555617725,True,both,3,3,completed_3_step_check,completed_3_step_check,Unknown,Unknown,-6.37348747253418,6.358988285064697,3.347597122192383,-0.03050599806010723,6.258203021614346,6.135538592402579
A02,134,1542828798436057376,610,495.0,603.0,ncc_fail,495.2876892089844,605.1236572265625,0.1898790369872873,False,495.4220194220543,605.121335029602,0.011157315357815778,False,neither,0,0,not_accepted,not_accepted,Unknown,Unknown,-6.16177225112915,6.153429985046387,3.236544132232666,-0.026370570063591003,,
A02,134,1542828798436057376,612,426.0,603.0,ncc_fail,426.34307861328125,605.21630859375,0.13342871831924655,False,426.3192314505577,605.1042060852051,0.026452273349739826,False,neither,0,0,not_accepted,not_accepted,Unknown,Unknown,-5.815115928649902,5.813182830810547,3.13381290435791,-0.030797559767961502,,
A02,135,1542828798485806144,13,865.2536010742188,598.8692016601562,border_fail,866.316650390625,601.3406982421875,0.23775083101941633,False,866.2365341176593,601.1271202369597,0.047000703521980366,False,neither,0,0,not_accepted,not_accepted,Unknown,Unknown,-5.569884639161971,5.563306576015979,3.0751013328178063,-0.02700123510968161,,
A02,135,1542828798485806144,41,594.5748291015625,599.5744018554688,border_fail,595.183349609375,601.92822265625,0.18055123595018321,False,595.1110042768477,601.7348911778623,0.04023063830154959,False,neither,0,0,not_accepted,not_accepted,Unknown,Unknown,-6.456824654276229,6.447068237968775,3.3724094504502578,-0.030871165163613573,,
A02,135,1542828798485806144,119,674.9743041992188,599.13623046875,border_fail,675.5956420898438,601.3983154296875,0.07063400093043357,False,675.6470685788782,601.3294471208441,0.03521112704981744,False,neither,0,0,not_accepted,not_accepted,Unknown,Unknown,-6.580052739719889,6.572993371841264,3.4285727851719656,-0.03170750970935576,,
A02,135,1542828798485806144,455,246.6243896484375,599.3818359375,border_fail,246.85018920898438,601.9322509765625,0.22121852062258313,False,246.6726011958928,601.5750238550903,0.03724108539459468,False,neither,0,0,not_accepted,not_accepted,Unknown,Unknown,-5.456379973315279,5.452912993424093,2.9431949438946106,-0.02790877779101031,,
A02,135,1542828798485806144,614,802.0,172.0,ncc_fail,802.7919921875,173.65982055664062,0.0051804431576960314,True,802.6784474849701,173.33936595916748,0.023793952628634346,True,both,1,1,ncc_fail,ncc_fail,Unknown,Unknown,-6.601516246795654,6.584432601928711,3.437981367111206,-0.030351733788847923,2.2404763416164593,2.2177247452566022
A02,135,1542828798485806144,615,496.0,603.0,ncc_fail,496.34173583984375,605.5379638671875,0.4237098847537301,False,496.3958349227905,605.1303267478943,0.018498997019730887,False,neither,0,0,not_accepted,not_accepted,Unknown,Unknown,-6.228302478790283,6.220006942749023,3.266559600830078,-0.028024841099977493,,
A02,136,1542828798535848800,92,918.6766967773438,599.3175659179688,border_fail,919.9738159179688,601.9524536132812,0.3939006836878825,False,919.758883785958,601.6160481105182,0.08604147734441422,False,neither,0,0,not_accepted,not_accepted,Unknown,Unknown,-5.966940438416017,5.956871236158387,3.1906368854477023,-0.02595824802930114,,
A02,136,1542828798535848800,619,804.0,177.0,ncc_fail,804.6102294921875,178.68804931640625,0.0061645696658610034,True,804.6761156916618,178.39509177207947,0.023949635518633855,True,both,0,0,ncc_fail,ncc_fail,Unknown,Unknown,-6.430248260498047,6.417496681213379,3.3728761672973633,-0.03004467859864235,0.0,0.0
A02,137,1542828798586650016,393,703.6694946289062,599.0664672851562,border_fail,704.2716674804688,601.4393920898438,0.1307819763856174,False,704.2959207781147,601.3207105853911,0.03415127785948876,False,neither,0,0,not_accepted,not_accepted,Unknown,Unknown,-6.455534157448955,6.4489418843003286,3.3738917285702916,-0.029767237965826067,,
A02,137,1542828798586650016,416,571.1783447265625,599.2196655273438,border_fail,571.5554809570312,601.4210815429688,0.06970377851674535,False,571.6034769739568,601.438374078208,0.04099366690863448,False,neither,0,0,not_accepted,not_accepted,Unknown,Unknown,-6.2728162433887285,6.264850047945984,3.2950842737530674,-0.02840269385155962,,
A02,137,1542828798586650016,429,834.6083984375,598.2905883789062,border_fail,835.4183349609375,600.720947265625,0.07926960744089515,False,835.4535343021198,600.5893672845507,0.0634193007679512,False,neither,0,0,not_accepted,not_accepted,Unknown,Unknown,-6.369882248906862,6.363603932205649,3.33281381334794,-0.027597821284777058,,
A02,137,1542828798586650016,625,804.0,182.0,ncc_fail,804.668701171875,183.80380249023438,0.0025990157047786505,True,804.5841325521469,183.4606236219406,0.016255002635750374,True,both,0,0,ncc_fail,ncc_fail,Unknown,Unknown,-6.473727226257324,6.46044397354126,3.3906733989715576,-0.030114654451608658,0.0,0.0
A02,138,1542828798637999136,190,796.8458862304688,598.6769409179688,border_fail,797.2938232421875,600.9080810546875,0.303727207790627,False,797.6059900305147,600.9567515378418,0.05039202255008689,False,neither,0,0,not_accepted,not_accepted,Unknown,Unknown,-6.47957347727761,6.472560992742691,3.3740760171214044,-0.028843444186807392,,
A02,138,1542828798637999136,627,804.0,188.0,ncc_fail,804.559326171875,189.42018127441406,0.0022853570833555976,True,804.5643050670624,189.45798873901367,0.01477942355109748,True,both,0,0,ncc_fail,ncc_fail,Unknown,Unknown,-6.705854892730713,6.6927313804626465,3.4837851524353027,-0.03163164108991623,0.0,0.0
A02,140,1542828798735195840,235,959.3739013671875,486.4741516113281,border_fail,960.3604736328125,488.5867004394531,0.006471237869803968,False,960.2800508277634,488.59767389018714,0.08730001781698118,False,neither,0,0,not_accepted,not_accepted,Unknown,Unknown,-6.309887743875958,6.287071142198128,3.3088009098559654,-0.028258069963775966,,
A02,140,1542828798735195840,631,937.8078002929688,338.2149963378906,fb_fail,937.5702514648438,340.0769348144531,0.720287640012272,True,938.6047445684426,340.01233142762555,0.07687345876323193,True,both,0,3,ncc_fail,completed_3_step_check,Unknown,Unknown,-1.6285683788388101,1.597468821292054,2.1102188885191935,-0.046521280121728945,0.0,5.112870180916914
A02,141,1542828798785983776,534,914.8311767578125,349.43841552734375,ncc_fail,915.7077026367188,351.50970458984375,0.04805703714723027,True,915.6424318594712,351.22603183060744,0.03866339587094179,True,both,0,0,ncc_fail,ncc_fail,Unknown,Unknown,-1.8530516695868826,1.8416391627508615,2.010757663591086,-0.03095180185872075,0.0,0.0
A02,142,1542828798834669664,35,778.7218627929688,598.07080078125,border_fail,779.4115600585938,600.4249877929688,0.07075459519449286,False,779.3361462647185,600.3467566313545,0.041131686747691916,False,neither,0,0,not_accepted,not_accepted,Unknown,Unknown,-6.207188401582954,6.2012102729714655,3.279290211219788,-0.027562069296525438,,
A02,142,1542828798834669664,115,959.6915283203125,589.6388549804688,border_fail,960.6473999023438,591.8433227539062,0.03746350618690703,False,960.538352455517,591.9832244494982,0.10479153300834203,False,neither,0,0,not_accepted,not_accepted,Unknown,Unknown,-5.584653082287634,5.56395975223159,3.070466392561716,-0.028181278467284687,,
A02,142,1542828798834669664,546,227.95663452148438,599.2742919921875,border_fail,227.68075561523438,601.7848510742188,0.09639646607442193,False,227.7802778137018,601.5176657750623,0.03496189989966835,False,neither,0,0,not_accepted,not_accepted,Unknown,Unknown,-5.725769968145672,5.722896847103495,3.0595873342011615,-0.03245716956640797,,
A02,144,1542828798934642368,95,466.54022216796875,599.4981079101562,border_fail,466.64300537109375,601.9400024414062,0.21728054641805583,False,466.66101183281586,601.731898957262,0.014026595219945528,False,neither,0,0,not_accepted,not_accepted,Unknown,Unknown,-6.123190210569049,6.1159695806024,3.2262694359231325,-0.02647425608919267,,
A02,144,1542828798934642368,151,556.881591796875,598.5540771484375,border_fail,557.1563110351562,600.7724609375,0.07667725973614688,False,557.1369750789329,600.8100975854867,0.019309866995712577,False,neither,0,0,not_accepted,not_accepted,Unknown,Unknown,-6.2751712598315095,6.265677671166486,3.293579369392326,-0.028738049130422993,,
A02,144,1542828798934642368,322,855.8920288085938,599.43798828125,border_fail,856.356201171875,601.73486328125,0.20765557710238608,False,856.5748441250704,601.8142722783967,0.04967208680968954,False,neither,0,0,not_accepted,not_accepted,Unknown,Unknown,-6.195162037784286,6.187884514075449,3.2611156253014073,-0.028656291441751414,,
A02,145,1542828798984731552,28,906.53466796875,599.519775390625,border_fail,907.318603515625,601.9793701171875,0.06456550280224913,False,907.2546059782325,601.9040900441173,0.07309880257583902,False,neither,0,0,not_accepted,not_accepted,Unknown,Unknown,-6.116437290678618,6.115503228431123,3.2513919378923504,-0.03222270358117241,,
A02,145,1542828798984731552,40,823.4699096679688,599.0292358398438,border_fail,823.9153442382812,601.4863891601562,0.1639303060830004,False,824.0835099794713,601.3943919033868,0.04580437434403635,False,neither,0,0,not_accepted,not_accepted,Unknown,Unknown,-6.450808102224462,6.439664098502455,3.3583302957509042,-0.029488062005770456,,
A02,145,1542828798984731552,65,752.3348999023438,597.5645141601562,border_fail,752.8375854492188,600.0289306640625,0.12911018942952673,False,752.8502131602643,599.9007752960622,0.0256140418858883,True,S_only,0,0,not_accepted,border_fail,Unknown,Unknown,-6.51396213675144,6.505316091826689,3.387385704241546,-0.028281497539876937,,0.0
A02,145,1542828798984731552,193,424.4562683105469,598.4780883789062,border_fail,424.4637145996094,600.7704467773438,0.11759252887718298,False,424.5198784666428,600.7277988852711,0.00970931366087134,False,neither,0,0,not_accepted,not_accepted,Unknown,Unknown,-6.273158301924017,6.268272778105407,3.2954156551679876,-0.029952393155977208,,
A02,145,1542828798984731552,411,743.1759033203125,222.27442932128906,ncc_fail,743.4050903320312,223.84552001953125,0.0007401692404562319,True,743.5299722034928,223.91561917851155,0.005423190376882878,True,both,3,3,completed_3_step_check,completed_3_step_check,Unknown,Unknown,-6.918108185166198,6.90327209595027,3.563490247790859,-0.030136769673078764,5.578598623778205,5.57417272509628
A02,145,1542828798984731552,484,403.2399597167969,597.64794921875,border_fail,403.270751953125,599.9793090820312,0.14735163812669266,True,403.2705812480911,599.8945959206407,0.0029350262923251926,True,both,0,0,border_fail,border_fail,Unknown,Unknown,-6.247021836742839,6.237652938148436,3.282300494618525,-0.029309393724959804,0.0,0.0
A02,145,1542828798984731552,639,466.0,603.0,fb_fail,465.8233642578125,607.322021484375,2.1281215831544307,False,466.12078980356455,605.2578914165497,0.010997586292070085,False,neither,0,0,not_accepted,not_accepted,Unknown,Unknown,-6.0602030754089355,6.051535606384277,3.203947067260742,-0.026971733197569847,,
A02,146,1542828799035775648,54,698.8046875,598.5429077148438,border_fail,699.26220703125,601.0248413085938,0.12459381987007886,False,699.2484311599555,600.8711456957923,0.0328856975838661,False,neither,0,0,not_accepted,not_accepted,Unknown,Unknown,-6.272361550023788,6.265294462734801,3.295529146468766,-0.027463239957107533,,
A02,146,1542828799035775648,154,516.3975830078125,599.7821655273438,border_fail,516.5953369140625,601.9967041015625,0.0018802394776305375,False,516.5871201311738,602.0594314348939,0.01544143679510834,False,neither,0,0,not_accepted,not_accepted,Unknown,Unknown,-6.188048723690269,6.183165178599342,3.2664143480396532,-0.03070700678209269,,
A02,146,1542828799035775648,296,929.1180419921875,597.6609497070312,border_fail,929.7785034179688,600.142333984375,0.11972067291061732,False,929.8646510920589,600.0734558217746,0.09965734316508092,False,neither,0,0,not_accepted,not_accepted,Unknown,Unknown,-6.196223998178645,6.189587480370761,3.2934501979153143,-0.029337734674409602,,
A02,147,1542828799084977024,237,493.53863525390625,599.8822021484375,ncc_fail,493.7633972167969,602.21533203125,0.1572705112660866,False,493.67562476153034,602.1450087158328,0.00899420565769284,False,neither,0,0,not_accepted,not_accepted,Unknown,Unknown,-6.216674532108588,6.208944844659008,3.269845446029942,-0.02857447704561547,,
A02,147,1542828799084977024,380,595.3837890625,599.685791015625,border_fail,595.5291137695312,601.901611328125,0.1127276871588296,False,595.6720070300489,601.9613416236991,0.009568968918999667,False,neither,0,0,not_accepted,not_accepted,Unknown,Unknown,-6.142968767720163,6.135816622886068,3.240283349396748,-0.029052511284874072,,
A02,148,1542828799136006496,50,721.8133544921875,597.7754516601562,border_fail,722.2257690429688,600.3274536132812,0.24985017608384835,False,722.1759368056843,600.134229156582,0.025856512448077795,False,neither,0,0,not_accepted,not_accepted,Unknown,Unknown,-6.229113887416112,6.221437783692281,3.267429987668182,-0.025934221836061824,,
A02,148,1542828799136006496,183,631.6131591796875,598.3941650390625,border_fail,631.8153686523438,600.8865966796875,0.14159905003916656,False,631.8570466215891,600.7164314838514,0.011074667791162713,False,neither,0,0,not_accepted,not_accepted,Unknown,Unknown,-6.173348432322143,6.164654326405078,3.2540191352505303,-0.02703625317584643,,
A02,148,1542828799136006496,526,339.202880859375,598.228759765625,border_fail,339.04608154296875,600.4699096679688,0.06009772816760025,False,339.0327356040008,600.5305224753998,0.048710214801301555,False,neither,0,0,not_accepted,not_accepted,Unknown,Unknown,-5.797996185779624,5.792491336688926,3.0778880864887697,-0.02949529297479303,,
A02,149,1542828799185905856,258,359.3959045410156,598.1719360351562,border_fail,359.2476501464844,600.5623168945312,0.14151756162814574,False,359.2473678863354,600.4381835577693,0.02733955113281904,False,neither,0,0,not_accepted,not_accepted,Unknown,Unknown,-6.102996292935007,6.098620589200312,3.233019436452127,-0.0294610806201227,,
A02,149,1542828799185905856,396,220.6936492919922,596.9142456054688,fb_fail,220.33905029296875,600.076416015625,0.6644674531994139,False,220.3018078589125,599.2518615596689,0.030700462547372482,True,S_only,0,0,not_accepted,border_fail,Unknown,Unknown,-6.063602810129554,6.061791917415356,3.226505512516926,-0.027356148620420753,,0.0
A02,149,1542828799185905856,428,785.0159301757812,448.1351013183594,fb_fail,785.2874145507812,450.328125,0.40619843412463263,True,785.4062109446457,450.26601450243055,0.029405566528867833,True,both,0,0,fb_fail,fb_fail,Unknown,Unknown,-5.284630110314643,5.265134900550988,2.905750394393,-0.02541544616733672,0.0,0.0
A02,149,1542828799185905856,654,420.0,602.0,ncc_fail,420.0261535644531,604.4127807617188,0.14447185546046595,False,419.95204132795334,604.2948846817017,0.0023725187622176155,False,neither,0,0,not_accepted,not_accepted,Unknown,Unknown,-6.271068096160889,6.264789581298828,3.29795241355896,-0.02986607328057289,,
A02,150,1542828799235005632,169,676.1566162109375,598.9857788085938,border_fail,676.4796142578125,601.4847412109375,0.15378491658423152,False,676.4982340168922,601.3582802140312,0.011303353336865175,False,neither,0,0,not_accepted,not_accepted,Unknown,Unknown,-6.4237923893649125,6.42116291072923,3.3580588530467175,-0.030816124115399218,,
A02,150,1542828799235005632,658,786.0,451.0,fb_fail,786.2537231445312,453.1558837890625,0.0006959078522333605,True,786.4298072457314,453.16304564476013,0.02900004511927937,True,both,3,3,completed_3_step_check,completed_3_step_check,Unknown,Unknown,-5.849009990692139,5.82893180847168,3.13065242767334,-0.028310419991612434,6.712669330966638,6.709095949593889
A02,151,1542828799285307104,32,656.1883544921875,597.890869140625,border_fail,656.5462646484375,600.3242797851562,0.09998817970034363,False,656.5315786007917,600.24184971809,0.02078478634875402,False,neither,0,0,not_accepted,not_accepted,Unknown,Unknown,-6.39711264342661,6.390500280701701,3.3412310631779505,-0.030454639174175624,,
A02,151,1542828799285307104,131,542.1710815429688,597.8299560546875,border_fail,542.493408203125,600.3427734375,0.1868180150761901,False,542.3572589804896,600.1443051325019,0.0033549016316579607,False,neither,0,0,not_accepted,not_accepted,Unknown,Unknown,-6.041489024795698,6.038057715128275,3.2098062434673658,-0.03024263572456473,,
A02,151,1542828799285307104,149,844.9463500976562,598.9991455078125,border_fail,845.4620971679688,601.4176025390625,0.14131842620533805,False,845.5582822872583,601.4234043326628,0.0702765151648419,False,neither,0,0,not_accepted,not_accepted,Unknown,Unknown,-6.1395252372864455,6.132833022554607,3.2261678187573537,-0.027569148230340915,,
A02,151,1542828799285307104,542,245.71234130859375,599.5715942382812,fb_fail,244.5283966064453,602.9505004882812,0.9440275447349417,False,245.43695535034294,601.9372630020508,0.015871673917224532,False,neither,0,0,not_accepted,not_accepted,Unknown,Unknown,-4.217804429721184,4.207740799985121,2.6312924145366887,-0.027882885457611507,,
A02,151,1542828799285307104,661,781.0,443.0,ncc_fail,781.7348022460938,445.0666198730469,0.0021821668872955024,True,781.4675083756447,445.112313747406,0.022195796295638753,True,both,3,3,completed_3_step_check,completed_3_step_check,Unknown,Unknown,-5.330383777618408,5.318813323974609,2.943237781524658,-0.024240121245384216,6.866357274694086,6.889010467185409
A02,152,1542828799336734592,172,571.0652465820312,598.8678588867188,border_fail,571.2689819335938,601.0829467773438,0.06816249834687123,False,571.2886668137223,601.1656869343386,0.008983793679393365,False,neither,0,0,not_accepted,not_accepted,Unknown,Unknown,-6.21950631197539,6.211787544445203,3.2715502639734515,-0.028212384541676377,,
A02,152,1542828799336734592,418,193.24615478515625,599.5525512695312,border_fail,192.93093872070312,602.0177612304688,0.17166040038784722,False,192.8808877346827,601.8363154554959,0.03322164356512814,False,neither,0,0,not_accepted,not_accepted,Unknown,Unknown,-5.904350187047585,5.897303923328776,3.162598370114889,-0.034461390746576295,,
A02,154,1542828799437006944,66,910.4979858398438,597.8064575195312,border_fail,911.2014770507812,600.2364501953125,0.13720878246995336,False,911.2032833709037,600.269183652041,0.08125788444003613,False,neither,0,0,not_accepted,not_accepted,Unknown,Unknown,-6.002943511404107,5.994013352596147,3.1943394418895803,-0.02713025945939529,,
A02,154,1542828799437006944,168,763.6300048828125,598.1013793945312,border_fail,764.1266479492188,600.5606079101562,0.06853968138172392,False,764.1415771194216,600.5150536195865,0.044321133276446975,False,neither,0,0,not_accepted,not_accepted,Unknown,Unknown,-6.152952893964802,6.148650308044349,3.2450654827234526,-0.028479204625050394,,
A02,154,1542828799437006944,170,330.8907775878906,597.56298828125,border_fail,330.8524475097656,600.4521484375,0.06752406394471058,False,330.782336654841,599.9248369560195,0.04408827953890473,True,S_only,0,0,not_accepted,ncc_fail,Unknown,Unknown,-5.99166141267586,5.988319417886835,3.1505868083698765,-0.02803128970401822,,0.0
A02,154,1542828799437006944,259,806.0711669921875,599.4954223632812,fb_fail,806.8141479492188,602.2421264648438,0.3826905513684142,False,806.6405915777048,601.9311960693907,0.06521258021117263,False,neither,0,0,not_accepted,not_accepted,Unknown,Unknown,-6.049157166404466,6.0440335450161164,3.2098560378598346,-0.027949923870484436,,
A02,155,1542828799486270560,286,294.05230712890625,598.2879028320312,border_fail,293.7252197265625,600.6896362304688,0.06944813850962081,False,293.91760957445564,600.6408676552745,0.02958321504786633,False,neither,0,0,not_accepted,not_accepted,Unknown,Unknown,-5.935316594920112,5.929804774531778,3.149957464316236,-0.02953372932080245,,
A02,155,1542828799486270560,330,464.2637939453125,598.2227172851562,border_fail,464.4068603515625,600.5337524414062,0.08649341178518916,False,464.3916232696712,600.4842512417667,0.005837982569943289,False,neither,0,0,not_accepted,not_accepted,Unknown,Unknown,-5.947379449534459,5.9394777082870895,3.163256524917104,-0.02666350996787381,,
A02,155,1542828799486270560,419,711.3306884765625,599.7883911132812,ncc_fail,711.88232421875,602.3941040039062,0.18531584159321352,False,711.8023671813316,602.1511056826033,0.030135385717758766,False,neither,0,0,not_accepted,not_accepted,Unknown,Unknown,-6.138240553844444,6.135247724885776,3.2357469240060954,-0.029644630235223512,,
A02,155,1542828799486270560,670,326.0,598.0,border_fail,326.0533142089844,601.0079956054688,0.04871882603451593,False,325.91405814886093,600.3343267440796,0.028214050694539108,False,neither,0,0,not_accepted,not_accepted,Unknown,Unknown,-5.9870100021362305,5.98170804977417,3.1678481101989746,-0.03201422840356827,,
A02,156,1542828799534935136,36,408.1689453125,597.9669799804688,border_fail,408.2384338378906,600.2106323242188,0.028920441443075314,False,408.1990135425395,600.252312133117,0.026808980345050675,False,neither,0,0,not_accepted,not_accepted,Unknown,Unknown,-6.3640156501288345,6.358026466713142,3.3244313748759993,-0.02861635525560613,,
A02,156,1542828799534935136,121,883.9413452148438,598.150634765625,border_fail,884.4403076171875,600.5555419921875,0.25073343962079303,False,884.648400463854,600.5740682041459,0.08331835170090607,False,neither,0,0,not_accepted,not_accepted,Unknown,Unknown,-5.969978157015369,5.961449488436422,3.1803974257561194,-0.025750737496547577,,
A02,156,1542828799534935136,203,959.776123046875,593.2647705078125,border_fail,960.5346069335938,595.7808227539062,0.00895575234840072,False,960.5711462467025,595.7425699501671,0.14040488202913579,False,neither,0,0,not_accepted,not_accepted,Unknown,Unknown,-5.613106793305448,5.599584202810178,3.1246141662374782,-0.03485111795596474,,
A02,156,1542828799534935136,674,326.0,601.0,ncc_fail,326.0381164550781,604.0587158203125,0.03588950227568211,False,325.90369483828545,603.3118648529053,0.015883621977853687,False,neither,0,0,not_accepted,not_accepted,Unknown,Unknown,-5.892943382263184,5.88787317276001,3.121873617172241,-0.026116162538528442,,
A02,157,1542828799585671456,678,326.0,605.0,forward_fail,325.9781188964844,622.8741455078125,nan,False,325.89756009727716,607.3166036605835,nan,False,neither,0,0,not_accepted,not_accepted,Unknown,Unknown,-5.68808650970459,5.685952186584473,3.0416274070739746,-0.025932231917977333,,
A02,157,1542828799585671456,679,407.0,599.0,border_fail,407.10919189453125,601.2532348632812,0.05720479114922462,False,407.0315199792385,601.2957570552826,0.007292283923348708,False,neither,0,0,not_accepted,not_accepted,Unknown,Unknown,-6.424373149871826,6.417177677154541,3.3457798957824707,-0.028299570083618164,,
A02,158,1542828799634419040,319,604.032958984375,597.7782592773438,border_fail,604.3538208007812,600.0885009765625,0.06524198567657627,False,604.3954525017575,600.0518045238275,0.007520758180384989,False,neither,0,0,not_accepted,not_accepted,Unknown,Unknown,-6.340772999952804,6.3341327444131394,3.323522225797017,-0.029097413139642175,,
A02,158,1542828799634419040,682,409.0,603.0,fb_fail,409.0131530761719,605.8844604492188,0.6776575029789057,False,409.0756042152643,605.2522792816162,0.003315259741630749,False,neither,0,0,not_accepted,not_accepted,Unknown,Unknown,-6.008931636810303,6.001577854156494,3.1746742725372314,-0.028151843696832657,,
A02,159,1542828799685681856,21,644.1276245117188,597.8167114257812,border_fail,644.5368041992188,600.2406005859375,0.12446181849440306,False,644.5578871684991,600.1215926303214,0.01912670275864376,False,neither,0,0,not_accepted,not_accepted,Unknown,Unknown,-6.560523739229364,6.554492953296096,3.415087370396714,-0.03166035827022569,,
A02,159,1542828799685681856,252,373.48193359375,598.914306640625,border_fail,373.62127685546875,601.1273193359375,0.10744701438126791,False,373.52051142182427,601.1913892829078,0.008792497403134637,False,neither,0,0,not_accepted,not_accepted,Unknown,Unknown,-6.179908943059104,6.172604810421944,3.239439316639391,-0.02689803222674314,,
A02,159,1542828799685681856,507,959.6890258789062,394.3025207519531,border_fail,960.4033203125,396.15057373046875,0.007772881665317564,False,960.4219969460897,396.299093266841,0.12176307765409308,False,neither,0,0,not_accepted,not_accepted,Unknown,Unknown,-6.3732755190461665,6.3528868662551305,3.3312257186449297,-0.0287759758518766,,
A02,159,1542828799685681856,684,407.0,604.0,ncc_fail,407.04534912109375,606.3602294921875,0.13826537660776253,False,407.0937954932451,606.293613910675,0.0087761946978976,False,neither,0,0,not_accepted,not_accepted,Unknown,Unknown,-6.05300760269165,6.044678211212158,3.194087505340576,-0.02610185742378235,,
A02,160,1542828799735560800,14,828.2617797851562,598.7137451171875,border_fail,828.8116455078125,601.1359252929688,0.137066779625176,False,828.9322739610708,601.0589462253159,0.07203388269762556,False,neither,0,0,not_accepted,not_accepted,Unknown,Unknown,-6.168670575756018,6.162895560794748,3.2549816680402373,-0.02870994962814799,,
A02,160,1542828799735560800,424,427.96539306640625,599.0076293945312,border_fail,428.0525207519531,601.3875122070312,0.23920226912096487,False,428.0830364249053,601.2484193313084,0.039083094723239196,False,neither,0,0,not_accepted,not_accepted,Unknown,Unknown,-6.121079966707951,6.113679691423076,3.2321469336467112,-0.028741495237192508,,
A02,160,1542828799735560800,686,408.0,606.0,ncc_fail,408.0854797363281,608.2518310546875,0.07994179634914286,False,408.08916771411896,608.256356716156,nan,False,neither,0,0,not_accepted,not_accepted,Unknown,Unknown,-5.959190368652344,5.9502410888671875,3.1578657627105713,-0.027088472619652748,,
A02,161,1542828799785180416,177,671.5192260742188,599.7066650390625,ncc_fail,671.979736328125,602.3076171875,0.2857901047366701,False,671.9434359214831,602.0140799626247,0.037129927265302703,False,neither,0,0,not_accepted,not_accepted,Unknown,Unknown,-6.2434605735940245,6.240504719643386,3.2838925828252634,-0.030298371642441466,,
A02,161,1542828799785180416,195,528.193359375,599.715087890625,border_fail,528.39208984375,601.943115234375,0.039362802129890045,False,528.4188037062302,601.9695464311568,0.027539975791420392,False,neither,0,0,not_accepted,not_accepted,Unknown,Unknown,-6.283638719330838,6.273602122912962,3.3043232982444124,-0.02921131168215929,,
A02,162,1542828799835449184,100,729.8154296875,599.87109375,border_fail,730.3598022460938,602.2401733398438,0.09645119069364606,False,730.34320746602,602.1755660712952,0.03561529962059255,False,neither,0,0,not_accepted,not_accepted,Unknown,Unknown,-6.138981613687065,6.133165545355951,3.2366039992184596,-0.027464855842481484,,
A02,162,1542828799835449184,230,323.5119323730469,599.7282104492188,ncc_fail,323.38616943359375,602.6865234375,0.24691375476520458,False,323.48177553767397,601.9641554683269,0.013598074549297227,False,neither,0,0,not_accepted,not_accepted,Unknown,Unknown,-5.732344877422291,5.728983811616883,3.069574506487549,-0.030443112226280045,,
A02,162,1542828799835449184,262,938.8544921875,599.4761962890625,border_fail,939.6867065429688,602.0418701171875,0.2342224657884965,False,939.6724245321125,601.847223079145,0.09428764733570526,False,neither,0,0,not_accepted,not_accepted,Unknown,Unknown,-5.77678879570027,5.765007812629904,3.1303024643137007,-0.028998011804504342,,
A02,162,1542828799835449184,693,816.0,605.0,ncc_fail,816.67041015625,607.4053344726562,0.05997905271169745,False,816.6605145335197,607.3373985290527,nan,False,neither,0,0,not_accepted,not_accepted,Unknown,Unknown,-6.1233978271484375,6.113487720489502,3.237419605255127,-0.02693888731300831,,
A02,162,1542828799835449184,694,529.0,598.0,border_fail,529.2408447265625,600.2659912109375,0.09681926631493086,False,529.2539077103138,600.2359025478363,0.016914092812601714,False,neither,0,0,not_accepted,not_accepted,Unknown,Unknown,-6.387598037719727,6.379438400268555,3.3481264114379883,-0.029668089002370834,,
A02,163,1542828799884381536,101,852.0134887695312,598.3701171875,border_fail,852.6197509765625,600.82373046875,0.2167486532382858,False,852.7582948501383,600.7017343242075,0.040084235041052,False,neither,0,0,not_accepted,not_accepted,Unknown,Unknown,-6.258692034172157,6.250077415586162,3.2872759120913884,-0.02760594336513733,,
A02,163,1542828799884381536,178,447.5944519042969,598.10546875,border_fail,447.7203369140625,600.3554077148438,0.11276002295412865,False,447.73942573355515,600.2977300702343,0.001465233062296214,False,neither,0,0,not_accepted,not_accepted,Unknown,Unknown,-6.337650599013898,6.332837688416191,3.3231688959081396,-0.02965697374385967,,
A02,163,1542828799884381536,633,767.976318359375,597.8269653320312,border_fail,768.5964965820312,600.3187866210938,0.25486881758463237,False,768.5916987886706,600.1260135401643,0.024220068750400146,False,neither,0,0,not_accepted,not_accepted,Unknown,Unknown,-6.275410864487533,6.271473508645684,3.293149160845072,-0.029269512927948188,,
A02,163,1542828799884381536,695,319.0,600.0,ncc_fail,318.8511047363281,602.9342041015625,0.2550196079587971,False,318.9516787342727,602.2297413349152,0.025821586063353146,False,neither,0,0,not_accepted,not_accepted,Unknown,Unknown,-5.898100852966309,5.89522647857666,3.1350975036621094,-0.032561808824539185,,
A02,163,1542828799884381536,696,732.0,606.0,ncc_fail,732.5416259765625,608.5579833984375,0.29338187653333325,False,732.5640479326248,608.2957067489624,nan,False,neither,0,0,not_accepted,not_accepted,Unknown,Unknown,-5.8597612380981445,5.85590124130249,3.1156818866729736,-0.026644272729754448,,
A02,163,1542828799884381536,697,529.0,600.0,border_fail,529.2200317382812,602.2129516601562,0.09260738972582164,False,529.2601183056831,602.208571434021,0.011582241922371048,False,neither,0,0,not_accepted,not_accepted,Unknown,Unknown,-6.323631286621094,6.316173553466797,3.3207879066467285,-0.029408276081085205,,
A02,164,1542828799935584416,78,788.7168579101562,599.5164794921875,border_fail,789.240478515625,601.798828125,0.0906400840636606,False,789.3226552245486,601.8100296469058,0.009754918321204554,False,neither,0,0,not_accepted,not_accepted,Unknown,Unknown,-6.331981488001478,6.32155829777161,3.306436136600544,-0.02565098991886655,,
A02,164,1542828799935584416,700,319.0,603.0,ncc_fail,318.9072570800781,605.9030151367188,0.1929131280991278,False,318.93867691606283,605.2063403129578,0.01108619529392546,False,neither,0,0,not_accepted,not_accepted,Unknown,Unknown,-5.875489234924316,5.873163223266602,3.114250421524048,-0.02525530382990837,,
A02,164,1542828799935584416,702,529.0,603.0,ncc_fail,529.3282470703125,605.3345947265625,0.17098153410166103,False,529.2394815385342,605.2251389026642,0.012409007384381474,False,neither,0,0,not_accepted,not_accepted,Unknown,Unknown,-6.163630485534668,6.155441761016846,3.254904270172119,-0.027778495103120804,,
A02,165,1542828799983998112,136,548.1474609375,598.5518188476562,border_fail,548.3776245117188,600.7874145507812,0.0980054334623152,False,548.4204687213412,600.7838177790787,0.029569759540886295,False,neither,0,0,not_accepted,not_accepted,Unknown,Unknown,-6.1950420368507935,6.190382365082655,3.26350875877543,-0.030171166928875004,,
A02,165,1542828799983998112,299,902.1534423828125,598.631591796875,border_fail,903.1421508789062,601.3095092773438,0.4031221027418011,False,902.9218301860936,600.989673459288,0.03916676690260221,False,neither,0,0,not_accepted,not_accepted,Unknown,Unknown,-6.074890448197181,6.070365072163483,3.215061576068777,-0.029496211331476063,,
A02,165,1542828799983998112,440,260.4920654296875,599.6696166992188,border_fail,260.2723388671875,602.4815673828125,0.4698656524564754,False,260.33488480679256,601.8823585896861,0.028723960821809422,False,neither,0,0,not_accepted,not_accepted,Unknown,Unknown,-5.8787891878879,5.877134158245571,3.137822766074338,-0.028746414349609464,,
A02,165,1542828799983998112,706,319.0,603.0,forward_fail,nan,nan,nan,False,318.93210504204035,605.211175441742,0.03268823846155991,False,neither,0,0,not_accepted,not_accepted,Unknown,Unknown,-5.858743667602539,5.856683254241943,3.106902599334717,-0.025841031223535538,,
A02,165,1542828799983998112,707,530.0,606.0,ncc_fail,530.3182373046875,608.3519287109375,0.2186042436285552,False,530.243706792593,608.2359766960144,nan,False,neither,0,0,not_accepted,not_accepted,Unknown,Unknown,-6.146259307861328,6.137902736663818,3.2478697299957275,-0.02803916670382023,,
A02,166,1542828800035520864,189,494.57781982421875,597.6525268554688,border_fail,494.75146484375,599.9671630859375,0.150207631135517,True,494.82938698566903,599.8812302132393,0.03777450020825377,True,both,0,0,border_fail,border_fail,Unknown,Unknown,-6.426873512842828,6.416855511900211,3.357520214673233,-0.027016625048989155,0.0,0.0
A02,166,1542828800035520864,687,954.3535766601562,38.524925231933594,border_fail,960.5474853515625,40.95195007324219,0.07011557028613553,False,955.6180346608936,40.305174614273625,0.6343089615648778,True,S_only,0,0,not_accepted,ncc_fail,Unknown,Unknown,-3.0888897564077387,3.0373681705797044,1.98552494012922,-0.0830558386619494,,0.0
A02,167,1542828800086122848,0,704.9083251953125,598.287353515625,border_fail,705.3712158203125,600.6067504882812,0.05385756851411502,False,705.4029002935195,600.6162645944487,0.034763121148241025,False,neither,0,0,not_accepted,not_accepted,Unknown,Unknown,-6.231355050153169,6.226200344547493,3.27820183969299,-0.02919552562927319,,
A02,167,1542828800086122848,10,753.7891235351562,597.6686401367188,border_fail,754.3143310546875,600.0922241210938,0.12879634275445592,False,754.3469076155549,600.0144514368731,0.046082355660719,False,neither,0,0,not_accepted,not_accepted,Unknown,Unknown,-6.1948308816118605,6.188784236425523,3.2542726244499276,-0.026356296813350756,,
A02,167,1542828800086122848,356,581.4064331054688,599.5104370117188,border_fail,581.7465209960938,601.8441162109375,0.08585010766648576,False,581.7242556816636,601.7906779282057,0.012538503164423566,False,neither,0,0,not_accepted,not_accepted,Unknown,Unknown,-6.241457067720166,6.237012663011269,3.2825763104480012,-0.029223416395219574,,
A02,167,1542828800086122848,369,814.5834350585938,598.769775390625,border_fail,815.0391845703125,601.072998046875,0.18335546085452978,False,815.2227861624453,601.1304423129061,0.047925282746786854,False,neither,0,0,not_accepted,not_accepted,Unknown,Unknown,-6.449167607467942,6.438901182342555,3.3570264347745713,-0.026260440387833456,,
A02,169,1542828800185006720,209,365.4522399902344,598.0484008789062,border_fail,365.5525817871094,600.2635498046875,0.07412933308840874,False,365.4882020125853,600.2445632078689,0.02960547548321614,False,neither,0,0,not_accepted,not_accepted,Unknown,Unknown,-6.296957086772461,6.291974155698706,3.2991572034024244,-0.027539001433579062,,
A02,169,1542828800185006720,422,959.7675170898438,528.4219360351562,border_fail,960.6630249023438,530.676513671875,0.023426371157484364,False,960.6539801507674,530.7237627909112,0.10512396852817585,False,neither,0,0,not_accepted,not_accepted,Unknown,Unknown,-6.121497524796498,6.107199907903251,3.2209783146429416,-0.025179044806458023,,
A02,169,1542828800185006720,716,720.5807495117188,599.38427734375,border_fail,721.1104736328125,601.7442016601562,0.07877378486784466,False,721.1370803116076,601.709844891623,0.04219983690205801,False,neither,0,0,not_accepted,not_accepted,Unknown,Unknown,-6.178721283273404,6.172115544289696,3.252130319904552,-0.027768338389481062,,
A02,170,1542828800234361792,76,657.0631713867188,599.4072875976562,border_fail,657.5220336914062,601.8137817382812,0.15831419495519727,False,657.5468676865353,601.6630453061864,0.013152554647206372,False,neither,0,0,not_accepted,not_accepted,Unknown,Unknown,-6.250703782476371,6.244922050108981,3.2840639085066794,-0.027639740780085104,,
A02,170,1542828800234361792,267,412.4607238769531,599.78125,border_fail,412.61651611328125,601.9481201171875,0.04437378641604756,False,412.60927334562547,601.9229650662587,0.03132859456349848,False,neither,0,0,not_accepted,not_accepted,Unknown,Unknown,-6.189177170626408,6.1843875107852,3.252600895399155,-0.029881040777356205,,
A02,170,1542828800234361792,372,625.1585693359375,599.378662109375,border_fail,625.6638793945312,601.7041625976562,0.12111125327326998,False,625.5956790245006,601.6248969546718,0.010802068792521881,False,neither,0,0,not_accepted,not_accepted,Unknown,Unknown,-6.1247956700112525,6.118163644685097,3.231644005786187,-0.027788730336517242,,
A02,170,1542828800234361792,720,721.0,601.0,ncc_fail,721.6046142578125,603.7876586914062,0.5133994652932937,False,721.5815346837044,603.2858235836029,0.027736152367469038,False,neither,0,0,not_accepted,not_accepted,Unknown,Unknown,-6.247815132141113,6.239606857299805,3.276528835296631,-0.027557116001844406,,
A02,171,1542828800285759232,60,928.6903686523438,598.9640502929688,border_fail,929.492919921875,601.4690551757812,0.17925767698634054,False,929.6188246442265,601.3615500278732,0.0666966917308907,False,neither,0,0,not_accepted,not_accepted,Unknown,Unknown,-6.005542039605498,5.998109558407949,3.204748575468164,-0.02908178456747658,,
A02,171,1542828800285759232,363,530.841552734375,598.0548095703125,border_fail,531.1115112304688,600.3140258789062,0.12827011125088825,False,531.162483161913,600.2473874940313,0.028136283242280784,False,neither,0,0,not_accepted,not_accepted,Unknown,Unknown,-6.468514748840761,6.460467337065339,3.3796458824072246,-0.028516565198838384,,
A02,171,1542828800285759232,723,722.0,603.0,ncc_fail,722.5538330078125,605.7747802734375,0.4731193669637658,False,722.607844889164,605.3044722080231,0.03715940944678761,False,neither,0,0,not_accepted,not_accepted,Unknown,Unknown,-6.268252372741699,6.259792804718018,3.284963369369507,-0.027063043788075447,,
A02,171,1542828800285759232,725,658.0,605.0,ncc_fail,658.5678100585938,607.6929321289062,0.45217392027789227,False,658.5076376795769,607.2683453559875,nan,False,neither,0,0,not_accepted,not_accepted,Unknown,Unknown,-5.907408714294434,5.900241374969482,3.141286849975586,-0.025274081155657768,,
A02,172,1542828800335551552,391,959.6393432617188,450.9210205078125,border_fail,960.6182861328125,452.989501953125,0.013790433993768315,False,960.4679883768789,453.0741993582866,0.0688888605465265,False,neither,0,0,not_accepted,not_accepted,Unknown,Unknown,-6.224146905750068,6.19914343209825,3.2670879166294,-0.027661014327332922,,
A02,172,1542828800335551552,536,739.32470703125,598.9142456054688,border_fail,739.8355102539062,601.343994140625,0.10582718166109419,False,739.8907471175355,601.2619956451695,0.03626239710873068,False,neither,0,0,not_accepted,not_accepted,Unknown,Unknown,-6.3370425725667445,6.33086489252797,3.324876580950665,-0.028978886133397663,,
A02,173,1542828800384531936,107,834.6056518554688,599.0704956054688,border_fail,835.4157104492188,601.496826171875,0.042037673090709694,False,835.3767966755703,601.4321081250362,0.05047503035885215,False,neither,0,0,not_accepted,not_accepted,Unknown,Unknown,-6.365122832435279,6.361174915823238,3.337126314149252,-0.027956236284073045,,
A02,173,1542828800384531936,354,776.4254150390625,599.82666015625,border_fail,777.2308349609375,602.4191284179688,0.1694178615159067,False,777.1055939210758,602.1635776015663,0.048339827324633926,False,neither,0,0,not_accepted,not_accepted,Unknown,Unknown,-6.176317962199306,6.1730939838462575,3.260997100495274,-0.02968810365378527,,
A02,174,1542828800434757696,22,859.8541870117188,597.71044921875,border_fail,860.7581176757812,600.16552734375,0.07534628735434529,False,860.6960529515926,600.0542391659815,0.04145879953801522,False,neither,0,0,not_accepted,not_accepted,Unknown,Unknown,-6.286825402541879,6.278260463727776,3.304155868111053,-0.02586910964998429,,
A02,174,1542828800434757696,150,886.7039794921875,598.65625,border_fail,887.6134033203125,601.0864868164062,0.030368777858346872,False,887.5877550049076,601.0073859193744,0.04509044605779923,False,neither,0,0,not_accepted,not_accepted,Unknown,Unknown,-6.135203956895566,6.125478990077681,3.236794240178824,-0.025087130162383176,,
A02,174,1542828800434757696,722,369.36279296875,599.3765869140625,border_fail,369.5394592285156,601.5101318359375,0.042212418861525804,False,369.5030448471815,601.5119963435649,0.007116360416345142,False,neither,0,0,not_accepted,not_accepted,Unknown,Unknown,-6.191154022067678,6.184853778996882,3.2530144242527257,-0.029726631419384808,,
A02,175,1542828800484270976,509,392.5841064453125,598.0132446289062,border_fail,392.6666564941406,600.20556640625,0.1497441304940028,False,392.8074713469396,600.1936019387489,0.017547576196411684,False,neither,0,0,not_accepted,not_accepted,Unknown,Unknown,-6.264561330779273,6.260847953551732,3.297380670557896,-0.03082112202408316,,
A02,175,1542828800484270976,735,370.0,602.0,ncc_fail,370.3896484375,604.28271484375,0.25926426317513324,False,370.1936548948288,604.1762273311615,0.0127428974779878,False,neither,0,0,not_accepted,not_accepted,Unknown,Unknown,-6.146242618560791,6.138516902923584,3.233123540878296,-0.02793964371085167,,
A02,176,1542828800536845056,231,592.0382690429688,598.654541015625,border_fail,592.3878784179688,600.9027099609375,0.12018832759502812,False,592.5357102444545,600.8956412659529,0.027299913280332943,False,neither,0,0,not_accepted,not_accepted,Unknown,Unknown,-6.288580190795848,6.280396595554244,3.3041666188738112,-0.028042974856092723,,
A02,176,1542828800536845056,433,703.6483154296875,599.77490234375,border_fail,703.9814453125,602.3055419921875,0.3256968905867217,False,704.2983285594448,602.0742411229688,0.02952836347052096,False,neither,0,0,not_accepted,not_accepted,Unknown,Unknown,-6.5112230617530145,6.507861064669669,3.3867009416604787,-0.030292874410040804,,
A02,176,1542828800536845056,738,370.0,603.0,ncc_fail,370.3337097167969,605.2361450195312,0.20048763053925944,False,370.1820309460163,605.1178171634674,0.006275236032167059,False,neither,0,0,not_accepted,not_accepted,Unknown,Unknown,-6.332291603088379,6.324446201324463,3.3123717308044434,-0.03003779612481594,,
A02,177,1542828800586803488,214,566.871337890625,597.940185546875,border_fail,567.4315185546875,600.251708984375,0.15592780272273937,False,567.4092803470267,600.1518238152177,0.03499217025032958,False,neither,0,0,not_accepted,not_accepted,Unknown,Unknown,-6.603568778606814,6.592747727079853,3.4294856074424445,-0.02922355083119743,,
A02,177,1542828800586803488,280,918.6649169921875,599.7507934570312,border_fail,920.1388549804688,602.7728271484375,0.6789739359925655,False,919.7387905346988,602.1647063025274,0.07690254617948099,False,neither,0,0,not_accepted,not_accepted,Unknown,Unknown,-6.110807285461835,6.101095392863787,3.225515815960696,-0.025132908445862787,,
A02,177,1542828800586803488,730,416.0406188964844,598.3818969726562,border_fail,416.3529968261719,600.580078125,0.16897232468151838,False,416.3696861578025,600.5148244803614,0.0218823378983229,False,neither,0,0,not_accepted,not_accepted,Unknown,Unknown,-6.483695793995198,6.47756093883282,3.3916588747813767,-0.031902776096275204,,
A02,178,1542828800635981728,12,726.6357421875,598.4768676757812,border_fail,727.4562377929688,600.8916625976562,0.04339616778161361,False,727.408978099954,600.8219677518331,0.03996201565495376,False,neither,0,0,not_accepted,not_accepted,Unknown,Unknown,-6.497728579786212,6.489374286934208,3.381873192127131,-0.027497483755638763,,
A02,178,1542828800635981728,146,958.8722534179688,595.7677001953125,border_fail,960.257080078125,598.3740234375,0.054956896592024775,False,960.0343598764415,598.3048746744893,0.15547652584963775,False,neither,0,0,not_accepted,not_accepted,Unknown,Unknown,-6.00022892631878,5.988584935586452,3.156299518494871,-0.03373532368462895,,
A02,178,1542828800635981728,198,677.9510498046875,599.7321166992188,border_fail,678.667236328125,602.0914306640625,0.09685117751667582,False,678.6499044243456,602.0465200373332,0.04096796159969632,False,neither,0,0,not_accepted,not_accepted,Unknown,Unknown,-6.26341283484712,6.259904347688529,3.2987280425548136,-0.02940735114290907,,
A02,178,1542828800635981728,249,454.32415771484375,597.9258422851562,border_fail,454.6529846191406,600.0869140625,0.07408255704878723,False,454.70024507582093,600.0709832802996,0.052023572209471965,False,neither,0,0,not_accepted,not_accepted,Unknown,Unknown,-6.567856678482531,6.5628359082134455,3.4207274673718624,-0.031096616272876958,,
A02,178,1542828800635981728,453,161.32066345214844,598.5474243164062,border_fail,161.25625610351562,600.7449340820312,0.13923191512573746,False,161.29096138972025,600.6322912756306,0.03466618950812101,False,neither,0,0,not_accepted,not_accepted,Unknown,Unknown,-6.049008428858226,6.047574203530236,3.191408678795932,-0.028946147777633647,,
A02,179,1542828800684190688,16,617.4251098632812,598.1253662109375,border_fail,618.0924682617188,600.40478515625,0.06816643325486672,False,618.106542999326,600.3206515905728,0.032844265888091695,False,neither,0,0,not_accepted,not_accepted,Unknown,Unknown,-6.384396337249381,6.378999130342756,3.3518029101844444,-0.031005337076545597,,
A02,179,1542828800684190688,114,646.9957885742188,598.6666870117188,border_fail,647.8722534179688,601.1292114257812,0.279067078336044,False,647.7226585486062,600.9049945645671,0.03655051843207748,False,neither,0,0,not_accepted,not_accepted,Unknown,Unknown,-6.163306636960334,6.159857194367161,3.262798675318307,-0.03204876832670249,,
A02,179,1542828800684190688,472,823.2744750976562,597.9944458007812,border_fail,824.3096313476562,600.5293579101562,0.20453791539731034,False,824.3046334296795,600.3777174197976,0.06685907203176872,False,neither,0,0,not_accepted,not_accepted,Unknown,Unknown,-6.194053744459264,6.184563482587592,3.2585694683134054,-0.025993441415847446,,
A02,180,1542828800735771328,141,804.2662353515625,599.1129150390625,border_fail,805.1820068359375,601.49365234375,0.061831354681096254,False,805.2050573593993,601.4577490255551,0.06926601144531838,False,neither,0,0,not_accepted,not_accepted,Unknown,Unknown,-6.000952136961537,5.994506154964903,3.1959502001499516,-0.02648784632846582,,
A02,180,1542828800735771328,158,483.3561096191406,599.279541015625,border_fail,483.85113525390625,601.4570922851562,0.13706355891707986,False,483.8276643918541,601.3839889529071,0.04977497789262146,False,neither,0,0,not_accepted,not_accepted,Unknown,Unknown,-6.454668404221746,6.450343536405466,3.3728988080121187,-0.0293600256021722,,
A02,180,1542828800735771328,506,243.49978637695312,599.8721923828125,border_fail,243.55252075195312,602.0315551757812,0.14669494197194471,False,243.64101291991727,601.8979057050275,0.0354166298426863,False,neither,0,0,not_accepted,not_accepted,Unknown,Unknown,-5.991124588184954,5.9849321923460845,3.174989165970967,-0.028247933225828747,,
A02,181,1542828800784488032,465,434.8106994628906,599.0579223632812,border_fail,435.18255615234375,601.0521850585938,0.07932314625471173,False,435.261056770044,601.1167215284128,0.03012496045104363,False,neither,0,0,not_accepted,not_accepted,Unknown,Unknown,-6.378646079472859,6.371438870095735,3.333491977996015,-0.029800394767236407,,
A02,181,1542828800784488032,482,353.9759826660156,599.859619140625,border_fail,354.3439025878906,601.8950805664062,0.05249840428845102,False,354.3095860421543,601.8860544236279,0.029170382621881756,False,neither,0,0,not_accepted,not_accepted,Unknown,Unknown,-6.290284606401848,6.2873453986873,3.3030912106960457,-0.0314211675850018,,
A02,181,1542828800784488032,539,275.590087890625,598.0723876953125,border_fail,275.76031494140625,600.1649780273438,0.1039886105174211,False,275.8221319240239,600.0826428650198,0.04103945947807241,False,neither,0,0,not_accepted,not_accepted,Unknown,Unknown,-5.732463843314292,5.726916521196856,3.072580228225746,-0.030088173348299996,,
A02,181,1542828800784488032,754,401.0,605.0,ncc_fail,401.42095947265625,607.000244140625,0.06576821305622112,False,401.4003747999668,607.0537514686584,nan,False,neither,0,0,not_accepted,not_accepted,Unknown,Unknown,-6.162004470825195,6.153139114379883,3.2546892166137695,-0.029268130660057068,,
A02,181,1542828800784488032,755,482.0,599.0,border_fail,482.4878234863281,601.2189331054688,0.20396116666356842,False,482.50923150777817,601.0762722492218,0.03901697029414652,False,neither,0,0,not_accepted,not_accepted,Unknown,Unknown,-6.462117671966553,6.456582546234131,3.375483989715576,-0.030162841081619263,,
A02,182,1542828800834428960,222,758.6430053710938,598.0420532226562,border_fail,759.5945434570312,600.4574584960938,0.1572884384565044,False,759.6040332440803,600.3887414612686,0.011838993026667955,False,neither,0,0,not_accepted,not_accepted,Unknown,Unknown,-6.324774648642915,6.317832994003666,3.3149117669439097,-0.028272049709560196,,
A02,182,1542828800834428960,736,554.501708984375,598.9037475585938,border_fail,555.155029296875,601.0206298828125,0.06016023300658413,False,555.1356865219996,600.9701986558803,0.025942622231865074,False,neither,0,0,not_accepted,not_accepted,Unknown,Unknown,-6.506924161758164,6.502457631963715,3.3874173400691383,-0.03350197378109576,,
A02,182,1542828800834428960,757,355.0,601.0,ncc_fail,355.3228454589844,603.0589599609375,0.11339908669969545,False,355.3604057431221,602.9722619056702,0.028930382196480742,False,neither,0,0,not_accepted,not_accepted,Unknown,Unknown,-6.312445163726807,6.30863618850708,3.3113389015197754,-0.030031470581889153,,
A02,182,1542828800834428960,758,437.0,601.0,ncc_fail,437.37957763671875,603.141845703125,0.2406406940104421,False,437.47850799560547,603.0188918113708,0.022654219959779346,False,neither,0,0,not_accepted,not_accepted,Unknown,Unknown,-6.2614970207214355,6.2533650398254395,3.285029411315918,-0.027778347954154015,,
A02,183,1542828800884568032,57,853.845947265625,598.6067504882812,border_fail,855.1926879882812,601.0247802734375,0.06646411842670093,False,855.075604678951,600.9500807188183,0.06178990537297269,False,neither,0,0,not_accepted,not_accepted,Unknown,Unknown,-6.298484997186776,6.29216484544866,3.2953340952499346,-0.026764672579166177,,
A02,183,1542828800884568032,142,782.9789428710938,597.5852661132812,border_fail,784.169677734375,599.9873046875,0.09269570557534669,True,784.059699282378,599.8667488662031,0.03786775604221355,True,both,0,0,border_fail,border_fail,Unknown,Unknown,-6.383768200935538,6.375247915225032,3.3377788222960794,-0.027047039136938303,0.0,0.0
A02,183,1542828800884568032,324,959.1038208007812,581.7529296875,border_fail,960.7515258789062,584.1975708007812,0.025000584118694907,False,960.540322729251,584.1727345149042,0.11124677002148005,False,neither,0,0,not_accepted,not_accepted,Unknown,Unknown,-5.625691032182203,5.603242367107811,3.052302061700061,-0.03163441579596715,,
A02,183,1542828800884568032,762,438.0,603.0,ncc_fail,438.490966796875,605.1568603515625,0.21301918347814927,False,438.52976846694946,605.0056757926941,0.02448630553201228,False,neither,0,0,not_accepted,not_accepted,Unknown,Unknown,-6.083932876586914,6.075211524963379,3.2189106941223145,-0.0264201108366251,,
A02,183,1542828800884568032,763,356.0,603.0,ncc_fail,356.4067077636719,605.0985107421875,0.19942871884279517,False,356.41206508874893,604.9484443664551,0.03271589802653362,False,neither,0,0,not_accepted,not_accepted,Unknown,Unknown,-6.221064567565918,6.217255592346191,3.2727439403533936,-0.02874012291431427,,
A02,183,1542828800884568032,764,555.0,602.0,ncc_fail,555.6719360351562,604.1380004882812,0.08169181168201649,False,555.6913342475891,604.0887949466705,0.03044974220896235,False,neither,0,0,not_accepted,not_accepted,Unknown,Unknown,-6.357250213623047,6.350034713745117,3.3278043270111084,-0.028931519016623497,,
A02,184,1542828800935189696,163,941.1348266601562,599.4398193359375,border_fail,942.4562377929688,601.862060546875,0.16004089527603016,False,942.5086750296907,601.8823377865389,0.0908863075917709,False,neither,0,0,not_accepted,not_accepted,Unknown,Unknown,-5.7320422927909505,5.723115628408419,3.1203314841587826,-0.02688588214886839,,
A02,184,1542828800935189696,279,377.8587951660156,598.0388793945312,border_fail,378.33935546875,599.991943359375,0.07522743331717334,True,378.3148078319515,599.944460558113,0.03146908421499504,True,both,0,0,border_fail,border_fail,Unknown,Unknown,-6.424421208297863,6.4133942897750975,3.3555003603885565,-0.02764542122319276,0.0,0.0
A02,184,1542828800935189696,704,302.82916259765625,598.5960693359375,border_fail,303.2316589355469,600.60107421875,0.04342770390544875,False,303.1994310451689,600.4731141563174,0.030413897869970546,False,neither,0,0,not_accepted,not_accepted,Unknown,Unknown,-6.2281232832546785,6.218264815225712,3.2798520333138725,-0.027212168598413272,,
A02,184,1542828800935189696,766,356.0,605.0,ncc_fail,356.38311767578125,607.1256713867188,0.24634484696183326,False,356.42766508460045,606.9010362625122,0.03187379664702943,False,neither,0,0,not_accepted,not_accepted,Unknown,Unknown,-6.219050884246826,6.213870525360107,3.2708957195281982,-0.027390234172344208,,
A02,184,1542828800935189696,769,556.0,603.0,ncc_fail,556.6564331054688,605.1282348632812,0.17060763003416557,False,556.6815416812897,605.0783166885376,0.05346006674806178,False,neither,0,0,not_accepted,not_accepted,Unknown,Unknown,-6.5126848220825195,6.499892234802246,3.3927836418151855,-0.028811976313591003,,
A02,185,1542828800985651168,288,517.0582275390625,599.94287109375,border_fail,517.7359619140625,601.8948974609375,0.0643588735232597,False,517.7768755578338,601.8858784540835,0.01744653163378499,False,neither,0,0,not_accepted,not_accepted,Unknown,Unknown,-6.846906349597077,6.836583885475221,3.526404886573218,-0.03111940246420397,,
A02,185,1542828800985651168,772,395.0,603.0,fb_fail,395.7562561035156,605.1177368164062,0.32477257576148816,False,395.5513551235199,604.8640508651733,0.030428752650502707,False,neither,0,0,not_accepted,not_accepted,Unknown,Unknown,-6.151491165161133,6.146345138549805,3.241056442260742,-0.02853676863014698,,
A02,185,1542828800985651168,775,304.0,600.0,border_fail,304.44940185546875,601.9208984375,0.03348539086891107,False,304.44478219747543,601.8157123327255,0.027964609463771543,False,neither,0,0,not_accepted,not_accepted,Unknown,Unknown,-6.083680152893066,6.074357032775879,3.2179348468780518,-0.027110138908028603,,
A02,186,1542828801037239392,777,518.0,601.0,ncc_fail,518.627197265625,603.1435546875,0.14867304634599005,False,518.6589410305023,602.9780286550522,0.04158114775352855,False,neither,0,0,not_accepted,not_accepted,Unknown,Unknown,-6.704488754272461,6.696798324584961,3.472299098968506,-0.03039564937353134,,
A02,186,1542828801037239392,779,304.0,602.0,ncc_fail,304.43218994140625,604.0072631835938,0.07188776177639063,False,304.38890302181244,603.8455151319504,0.027788780191434662,False,neither,0,0,not_accepted,not_accepted,Unknown,Unknown,-6.041468620300293,6.033238410949707,3.196627140045166,-0.02764442004263401,,
A02,187,1542828801085918400,64,708.0757446289062,597.6712646484375,border_fail,708.986572265625,599.9740600585938,0.18270278393384007,True,709.0197363316325,599.8275063971945,0.023282937130824254,True,both,0,0,border_fail,border_fail,Unknown,Unknown,-6.453144778975151,6.449958744075996,3.3714105481030163,-0.03154456166885902,0.0,0.0
A02,187,1542828801085918400,780,305.0,606.0,fb_fail,305.3846740722656,608.2972412109375,0.3982158118957364,False,305.41226798295975,607.7989721298218,nan,False,neither,0,0,not_accepted,not_accepted,Unknown,Unknown,-6.095610618591309,6.086501598358154,3.214224338531494,-0.02715757116675377,,
A02,187,1542828801085918400,781,519.0,603.0,ncc_fail,519.66455078125,604.9945678710938,0.12250990489405975,False,519.6606534719467,604.9313786029816,0.039967231759444034,False,neither,0,0,not_accepted,not_accepted,Unknown,Unknown,-6.6195878982543945,6.61276912689209,3.4396533966064453,-0.030354496091604233,,
A02,188,1542828801134451264,782,704.0,603.0,ncc_fail,704.9747924804688,605.3153076171875,0.16735039600742033,False,704.9665209650993,605.1168355941772,0.023460289510191322,False,neither,0,0,not_accepted,not_accepted,Unknown,Unknown,-6.291823387145996,6.289433002471924,3.2928555011749268,-0.03036639653146267,,
A02,189,1542828801184686784,599,646.9112548828125,598.2862548828125,border_fail,647.849365234375,600.3439331054688,0.04606893000502218,False,647.8600207901244,600.3226792261723,0.029663173902555105,False,neither,0,0,not_accepted,not_accepted,Unknown,Unknown,-6.200655476570368,6.197640171016474,3.2718810178970195,-0.03055748863847005,,
A02,189,1542828801184686784,785,709.0,603.0,ncc_fail,710.184814453125,605.2035522460938,0.1923791914081108,False,710.0605744123459,605.0965809822083,0.03381181312325798,False,neither,0,0,not_accepted,not_accepted,Unknown,Unknown,-6.17038631439209,6.164933204650879,3.2539238929748535,-0.02878585085272789,,
A02,190,1542828801235580064,461,286.64471435546875,599.9725952148438,border_fail,287.2637634277344,601.9356079101562,0.13000954274883605,False,287.19875453277064,601.7149522738403,0.03244180347338254,False,neither,0,0,not_accepted,not_accepted,Unknown,Unknown,-6.137102896427461,6.132569584370067,3.2390632323010555,-0.03015033826919314,,
A02,191,1542828801284452736,220,573.4601440429688,598.277099609375,border_fail,574.2359008789062,600.236572265625,0.08123066195194192,False,574.299568210938,600.2195363065813,0.044015737839370996,False,neither,0,0,not_accepted,not_accepted,Unknown,Unknown,-6.443519411064557,6.437660985212808,3.374530953868721,-0.030884080436064998,,
A02,191,1542828801284452736,582,749.2392578125,598.3115844726562,border_fail,750.32275390625,600.5994873046875,0.17195933613701592,False,750.3738072851166,600.4130215996834,0.035659794553395914,False,neither,0,0,not_accepted,not_accepted,Unknown,Unknown,-6.422401155557026,6.411835989851198,3.3579565963170808,-0.027170547758074037,,
A02,191,1542828801284452736,650,959.9972534179688,446.6665954589844,border_fail,961.6126098632812,448.5835876464844,0.043830605316017346,False,961.5272016982474,448.647617566213,0.10849430575795868,False,neither,0,0,not_accepted,not_accepted,Unknown,Unknown,-6.383311964858167,6.3678746706023315,3.3571588963090595,-0.02939964124236031,,
A02,191,1542828801284452736,788,652.0,605.0,ncc_fail,652.9409790039062,607.3025512695312,0.2921625169997287,False,652.9580693244934,607.0129587650299,nan,False,neither,0,0,not_accepted,not_accepted,Unknown,Unknown,-6.14133358001709,6.132742881774902,3.2385964393615723,-0.02787010744214058,,
A02,192,1542828801336330048,68,927.1658935546875,597.8095092773438,border_fail,928.5548706054688,600.1828002929688,0.11044284117454642,False,928.62699241703,600.0500749374253,0.06155066803199856,False,neither,0,0,not_accepted,not_accepted,Unknown,Unknown,-5.949388414883931,5.941363713085025,3.179392216421707,-0.029908922133547622,,
A02,192,1542828801336330048,224,900.7333374023438,599.8623657226562,border_fail,901.95849609375,602.037841796875,0.12711042782394968,False,902.1434042596784,602.08288813387,0.053272057125980474,False,neither,0,0,not_accepted,not_accepted,Unknown,Unknown,-6.076064703002343,6.072588037540097,3.2195200012755407,-0.027078988200714173,,
A02,192,1542828801336330048,345,959.01025390625,359.9374694824219,border_fail,960.4369506835938,361.57318115234375,0.03605381603985611,False,960.4967608101417,361.6833530910786,0.07923233191140638,False,neither,0,0,not_accepted,not_accepted,Unknown,Unknown,-6.559656336405894,6.536540391185177,3.4100596202053453,-0.027271705667978097,,
A02,192,1542828801336330048,602,959.1214599609375,379.089111328125,border_fail,960.5927124023438,380.6944885253906,0.07266424401718614,False,960.6152614516218,380.8774460190317,0.07764093154535742,False,neither,0,0,not_accepted,not_accepted,Unknown,Unknown,-6.519601553025026,6.504999109781224,3.4036427308267747,-0.02838058471940469,,
A02,192,1542828801336330048,611,240.9497528076172,598.555908203125,border_fail,241.45516967773438,600.42041015625,0.21824427082633702,False,241.41981677498808,600.2361399480036,0.02247945603795444,False,neither,0,0,not_accepted,not_accepted,Unknown,Unknown,-6.337209743927652,6.328931914509576,3.319728105277215,-0.029054370791771013,,
A02,192,1542828801336330048,789,576.0,602.0,ncc_fail,576.671142578125,603.9671020507812,0.14289843492558507,False,576.8276790976524,603.9065798521042,0.03300302463982522,False,neither,0,0,not_accepted,not_accepted,Unknown,Unknown,-6.210817337036133,6.204668045043945,3.279104471206665,-0.02907249704003334,,
A02,193,1542828801384415488,69,773.0451049804688,597.8271484375,border_fail,774.0206909179688,600.0410766601562,0.15287367037181654,False,774.1449784656681,599.9380549770647,0.038301200960247236,True,S_only,0,0,not_accepted,border_fail,Unknown,Unknown,-6.2012823026663,6.198022506508636,3.2800972459063615,-0.03020546816223979,,0.0
A02,193,1542828801384415488,216,351.9310302734375,599.9359130859375,border_fail,352.6013488769531,601.6409301757812,0.08339700898637742,False,352.5109064587071,601.6837461130135,0.04398401378656497,False,neither,0,0,not_accepted,not_accepted,Unknown,Unknown,-6.405433067817938,6.402186643449063,3.359497129452567,-0.031998681190433254,,
A02,193,1542828801384415488,793,965.0,364.0,ncc_fail,966.3867797851562,365.5881042480469,0.038518998905530816,False,966.4117493629456,365.74109840393066,0.08076961302047372,False,neither,0,0,not_accepted,not_accepted,Unknown,Unknown,-6.49464225769043,6.47193717956543,3.3878493309020996,-0.026026049628853798,,
A02,193,1542828801384415488,794,578.0,605.0,ncc_fail,578.76123046875,606.9566650390625,0.10456348375517766,False,578.8144313097,606.9206733703613,0.03402212352905656,False,neither,0,0,not_accepted,not_accepted,Unknown,Unknown,-6.290828227996826,6.28302001953125,3.3048248291015625,-0.030292702838778496,,
A02,194,1542828801434155648,27,808.2636108398438,598.9284057617188,border_fail,809.3495483398438,601.0521850585938,0.06524780957429506,False,809.3723272422775,601.0469350957227,0.06094580356165973,False,neither,0,0,not_accepted,not_accepted,Unknown,Unknown,-6.162239464269119,6.157069781904074,3.25611455850433,-0.027294923083678556,,
A02,194,1542828801434155648,175,416.2866516113281,598.7399291992188,border_fail,416.8521728515625,600.5401000976562,0.08940423874824505,False,416.8904870624506,600.4763593332663,0.05178689175628618,False,neither,0,0,not_accepted,not_accepted,Unknown,Unknown,-6.405175473757325,6.398646361343626,3.3629114991229176,-0.03276054149342675,,
A02,194,1542828801434155648,305,959.5767211914062,429.3658142089844,border_fail,960.6934204101562,431.09466552734375,0.012097169508486437,False,960.9333360794334,431.2085292279529,0.0672657347747229,False,neither,0,0,not_accepted,not_accepted,Unknown,Unknown,-6.403867954388514,6.384368346221371,3.3527678186353915,-0.02600712802911512,,
A02,194,1542828801434155648,790,749.9739990234375,599.3226928710938,border_fail,750.9066772460938,601.5081176757812,0.15086123909334428,False,750.9917255970572,601.3892429955076,0.04423722481238159,False,neither,0,0,not_accepted,not_accepted,Unknown,Unknown,-6.1162446906418175,6.108748908282493,3.231751181637824,-0.027165596380430312,,
A02,194,1542828801434155648,800,963.0,365.0,ncc_fail,964.3698120117188,366.5636291503906,0.06588648998130091,False,964.3527679443359,366.700834274292,0.06875976430027839,False,neither,0,0,not_accepted,not_accepted,Unknown,Unknown,-6.445487022399902,6.425373077392578,3.3619070053100586,-0.02579531818628311,,
A02,194,1542828801434155648,801,578.0,603.0,ncc_fail,578.7972412109375,604.9368286132812,0.12013619745445613,False,578.7688803076744,604.9031484127045,0.04340247018158645,False,neither,0,0,not_accepted,not_accepted,Unknown,Unknown,-6.291104316711426,6.283707141876221,3.308790683746338,-0.02913196198642254,,
A02,195,1542828801484363584,5,842.3873901367188,598.1078491210938,border_fail,843.4698486328125,600.1322631835938,0.05393159795585422,False,843.5379094140234,600.1900422226076,0.07155516163756466,False,neither,0,0,not_accepted,not_accepted,Unknown,Unknown,-6.128987665891389,6.124069978853544,3.242427407228588,-0.02784899241267271,,
A02,195,1542828801484363584,269,480.0831604003906,599.2630615234375,border_fail,480.6738586425781,600.8888549804688,0.029428330186855874,False,480.75181317384994,600.9394821442132,0.0736193786728148,False,neither,0,0,not_accepted,not_accepted,Unknown,Unknown,-6.449827557366902,6.4418361325239335,3.3727233637147327,-0.031334156359993606,,
A02,195,1542828801484363584,405,875.8151245117188,598.2708740234375,border_fail,876.9619750976562,600.3521728515625,0.1260517250991992,False,877.0261162711753,600.3756991017865,0.06905818725239299,False,neither,0,0,not_accepted,not_accepted,Unknown,Unknown,-6.09089715095833,6.084480297440656,3.2268962522472684,-0.02736274981760488,,
A02,195,1542828801484363584,803,417.0,603.0,ncc_fail,417.5638122558594,604.7443237304688,0.13201905707766193,False,417.60753655433655,604.6566098928452,0.06415151971422912,False,neither,0,0,not_accepted,not_accepted,Unknown,Unknown,-6.253545761108398,6.247176170349121,3.294121265411377,-0.031097719445824623,,
A02,195,1542828801484363584,806,959.0,364.0,border_fail,960.3221435546875,365.5259704589844,0.05723357597051596,False,960.3207504749298,365.6633257865906,0.07333648433978342,False,neither,0,0,not_accepted,not_accepted,Unknown,Unknown,-6.422091484069824,6.4018473625183105,3.358262538909912,-0.027724433690309525,,
A02,196,1542828801536586976,113,635.0596923828125,598.8218383789062,border_fail,635.7977294921875,600.6376342773438,0.054991422547890474,False,635.8754423368953,600.6316528753317,0.03591146169883589,False,neither,0,0,not_accepted,not_accepted,Unknown,Unknown,-6.3878314045449756,6.380741763755804,3.3452549685820063,-0.030810570244760485,,
A02,196,1542828801536586976,159,445.6195983886719,598.4207763671875,border_fail,446.20263671875,600.018310546875,0.012451770244506798,False,446.25361431769386,600.051666544956,0.087013653689416,False,neither,0,0,not_accepted,not_accepted,Unknown,Unknown,-6.351501662262962,6.345568544298478,3.3375763948833557,-0.03170107436975314,,
A02,196,1542828801536586976,636,958.841796875,481.1971740722656,border_fail,960.25390625,483.02362060546875,0.009550393063510083,False,960.1700123467273,483.15462319088573,0.10011256099491639,False,neither,0,0,not_accepted,not_accepted,Unknown,Unknown,-6.247192738571755,6.224679240976656,3.308421589417094,-0.02587337029468373,,
A02,196,1542828801536586976,799,353.30169677734375,599.3553466796875,border_fail,353.9412536621094,600.9497680664062,0.06495038307501318,False,353.8455818994967,600.9439971654147,0.06680510747963499,False,neither,0,0,not_accepted,not_accepted,Unknown,Unknown,-6.260440435049219,6.256229196271523,3.2906183629214176,-0.030326299017997493,,
A02,196,1542828801536586976,809,477.0,600.0,border_fail,477.58209228515625,601.6224365234375,0.056995766522755335,False,477.66158026456833,601.6412198543549,0.08891725257446055,False,neither,0,0,not_accepted,not_accepted,Unknown,Unknown,-6.292609214782715,6.2862019538879395,3.3092594146728516,-0.03145435452461243,,
A02,196,1542828801536586976,810,420.0,605.0,ncc_fail,420.53253173828125,606.735595703125,0.15171380503460052,False,420.60753893852234,606.6246972084045,0.08344609048341622,False,neither,0,0,not_accepted,not_accepted,Unknown,Unknown,-6.220256805419922,6.21544075012207,3.2787656784057617,-0.030931275337934494,,
A02,196,1542828801536586976,811,961.0,366.0,border_fail,962.306396484375,367.51593017578125,0.07818162773151469,False,962.3049461841583,367.690979719162,0.07844248027210733,False,neither,0,0,not_accepted,not_accepted,Unknown,Unknown,-6.427691459655762,6.4082231521606445,3.3570051193237305,-0.027492286637425423,,
A02,197,1542828801584727168,223,959.9576416015625,581.5305786132812,border_fail,961.0593872070312,583.4070434570312,0.1422041731270693,False,961.2673850130523,583.652551275958,0.12118917835849728,False,neither,0,0,not_accepted,not_accepted,Unknown,Unknown,-5.896368260654807,5.8782125405794865,3.1708461344885084,-0.03302203145407237,,
A02,197,1542828801584727168,814,477.0,602.0,ncc_fail,477.5581970214844,603.6746215820312,0.09411171829445175,False,477.6323149204254,603.673875451088,0.07318493004470208,False,neither,0,0,not_accepted,not_accepted,Unknown,Unknown,-6.21004056930542,6.204824447631836,3.2719740867614746,-0.029074497520923615,,
A02,197,1542828801584727168,815,632.0,599.0,border_fail,632.7254638671875,600.8011474609375,0.05158640711869717,False,632.7941926121712,600.8243362903595,0.03370825025607987,False,neither,0,0,not_accepted,not_accepted,Unknown,Unknown,-6.490838050842285,6.477853298187256,3.384690284729004,-0.027962204068899155,,
A02,197,1542828801584727168,816,353.0,600.0,border_fail,353.608642578125,601.5926513671875,0.0772523060071755,False,353.5214540362358,601.5919163227081,0.06012737745272451,False,neither,0,0,not_accepted,not_accepted,Unknown,Unknown,-6.261719226837158,6.259500503540039,3.294044017791748,-0.031423114240169525,,
A02,197,1542828801584727168,818,962.0,368.0,ncc_fail,963.3282470703125,369.50250244140625,0.10428720940225124,False,963.2848740816116,369.6960701942444,0.07477383594145057,False,neither,0,0,not_accepted,not_accepted,Unknown,Unknown,-6.333261489868164,6.320044040679932,3.3258566856384277,-0.028706789016723633,,
A02,197,1542828801584727168,820,844.0,602.0,ncc_fail,844.8397827148438,603.912353515625,0.2563730136500521,False,845.100118637085,604.0342798233032,0.06894708370535985,False,neither,0,0,not_accepted,not_accepted,Unknown,Unknown,-6.048007011413574,6.04252290725708,3.205796718597412,-0.027632592245936394,,
A02,198,1542828801634558272,821,478.0,603.0,ncc_fail,478.58428955078125,604.8721923828125,0.3193589954625927,False,478.6478353738785,604.6433230638504,0.08420538061965742,False,neither,0,0,not_accepted,not_accepted,Unknown,Unknown,-6.198029041290283,6.192734241485596,3.266474723815918,-0.029088474810123444,,
A02,198,1542828801634558272,822,633.0,601.0,ncc_fail,633.7637329101562,602.803955078125,0.04041135805536038,False,633.7990372180939,602.7714946269989,0.029672494097400873,False,neither,0,0,not_accepted,not_accepted,Unknown,Unknown,-6.4757232666015625,6.465444087982178,3.381568193435669,-0.028856001794338226,,
A02,198,1542828801634558272,823,354.0,602.0,ncc_fail,354.6056213378906,603.5869750976562,0.06011048842911829,False,354.54411578178406,603.5561108589172,0.06122980142448627,False,neither,0,0,not_accepted,not_accepted,Unknown,Unknown,-6.365757942199707,6.361688613891602,3.3321635723114014,-0.030142461881041527,,
A02,199,1542828801684024384,117,959.369873046875,538.2067260742188,border_fail,960.6441040039062,540.094482421875,0.010771451450273372,False,960.6213848987911,540.1633665157217,0.08865895533443584,False,neither,0,0,not_accepted,not_accepted,Unknown,Unknown,-6.00507614351919,5.992383706542839,3.1953838784130895,-0.026551929940433816,,
A02,199,1542828801684024384,817,447.2519226074219,599.103271484375,border_fail,447.8874816894531,600.666259765625,0.06903797250284154,False,447.82702682562956,600.7201434297084,0.05835655365531471,False,neither,0,0,not_accepted,not_accepted,Unknown,Unknown,-6.220129957190007,6.215711126881061,3.2826857807256093,-0.02970740356672559,,
A02,199,1542828801684024384,827,634.0,603.0,ncc_fail,634.6791381835938,604.8490600585938,0.11983201826184857,False,634.7593064308167,604.7636172771454,0.050579857861888955,False,neither,0,0,not_accepted,not_accepted,Unknown,Unknown,-6.422496318817139,6.411250591278076,3.3583669662475586,-0.028149254620075226,,
A02,199,1542828801684024384,828,354.0,603.0,ncc_fail,354.5467224121094,604.5604858398438,0.0352202600977891,False,354.50206875801086,604.5654941797256,0.04288918672530234,False,neither,0,0,not_accepted,not_accepted,Unknown,Unknown,-6.163913726806641,6.1611528396606445,3.2504525184631348,-0.030092604458332062,,
A02,199,1542828801684024384,829,478.0,605.0,ncc_fail,478.5363464355469,606.5993041992188,0.04831348047088169,False,478.6022709608078,606.6400896310806,0.05534006362845489,False,neither,0,0,not_accepted,not_accepted,Unknown,Unknown,-6.021040439605713,6.0166096687316895,3.1987316608428955,-0.028564494103193283,,
A08,2701,1542885096173673520,216,546.0,601.0,ncc_fail,547.7011108398438,603.5556640625,0.24913355318776564,False,547.5425541400909,603.2845549583435,0.0189418389444503,False,neither,0,0,not_accepted,not_accepted,Unknown,Unknown,-6.187326908111572,6.178635597229004,3.261319875717163,-0.034517042338848114,,
A08,2701,1542885096173673520,241,481.0,606.0,ncc_fail,482.5506896972656,608.4515380859375,0.2527806568367514,False,482.51166105270386,608.2118961811066,nan,False,neither,0,0,not_accepted,not_accepted,Unknown,Unknown,-6.0933732986450195,6.088315010070801,3.21893572807312,-0.03185003995895386,,
A08,2701,1542885096173673520,244,568.0,605.0,ncc_fail,569.5516357421875,607.8408813476562,0.5336587517216129,False,569.5553500652313,607.2849681377411,nan,False,neither,0,0,not_accepted,not_accepted,Unknown,Unknown,-6.095271587371826,6.08570671081543,3.2194736003875732,-0.033309198915958405,,
A08,2701,1542885096173673520,300,511.0,598.0,border_fail,512.4820556640625,600.3610229492188,0.13214513406957434,False,512.5093102455139,600.2091777324677,0.07643114415411667,False,neither,0,0,not_accepted,not_accepted,Unknown,Unknown,-6.284881591796875,6.281270980834961,3.3025431632995605,-0.03519047051668167,,
A08,2701,1542885096173673520,313,398.0,601.0,ncc_fail,399.42340087890625,603.1171264648438,0.08578454298810549,False,399.4462186098099,603.0912752151489,0.07868190037766287,False,neither,0,0,not_accepted,not_accepted,Unknown,Unknown,-6.1823296546936035,6.178704738616943,3.23806095123291,-0.03380119055509567,,
A08,2701,1542885096173673520,328,872.0,602.0,ncc_fail,873.5488891601562,604.21240234375,0.11397009267871185,False,873.6872408390045,604.281720161438,0.08760039946077497,False,neither,0,0,not_accepted,not_accepted,Unknown,Unknown,-5.771691799163818,5.771800994873047,3.0972495079040527,-0.03186678886413574,,
A08,2701,1542885096173673520,329,963.0,436.0,ncc_fail,965.0475463867188,438.2845764160156,0.1855245978383819,False,964.7384680509567,438.2539734840393,0.08098296051035388,False,neither,0,0,not_accepted,not_accepted,Unknown,Unknown,-5.906321048736572,5.896899223327637,3.139608860015869,-0.032950326800346375,,
A08,2702,1542885096224339792,353,513.0,601.0,ncc_fail,514.5716552734375,603.439453125,0.22211497586568696,False,514.5089383125305,603.2225620746613,0.01256360249063006,False,neither,0,0,not_accepted,not_accepted,Unknown,Unknown,-6.131195545196533,6.129643440246582,3.21817684173584,-0.03342144191265106,,
A08,2702,1542885096224339792,354,399.0,603.0,ncc_fail,400.432373046875,605.2262573242188,0.13779245832039141,False,400.4376218318939,605.0943610668182,0.05624705729365104,False,neither,0,0,not_accepted,not_accepted,Unknown,Unknown,-6.1023454666137695,6.097512245178223,3.206054210662842,-0.03552297130227089,,
A08,2703,1542885096273069392,272,275.5463562011719,598.6470336914062,border_fail,276.9297790527344,600.3936157226562,0.025432350646234503,False,276.95233419260836,600.4970390302221,0.09263776963670771,False,neither,0,0,not_accepted,not_accepted,Unknown,Unknown,-6.293335431908724,6.286708932786279,3.2812380118898523,-0.02917488713732625,,
A08,2703,1542885096273069392,358,4.0,383.0,ncc_fail,5.330160140991211,384.5018005371094,0.02339931229325696,False,5.274620890617371,384.53288972377777,0.03306085842120832,False,neither,0,0,not_accepted,not_accepted,Unknown,Unknown,-6.627462387084961,6.6192474365234375,3.3510565757751465,-0.03211861476302147,,
A08,2704,1542885096325040912,359,562.0,1.0,ncc_fail,563.5279541015625,2.789794921875,0.1876569135371166,False,563.4996819496155,2.6863012313842773,0.01621694497844675,False,neither,0,0,not_accepted,not_accepted,Unknown,Unknown,-5.518614768981934,5.492725372314453,3.0360145568847656,-0.031123222783207893,,
A08,2704,1542885096325040912,360,417.0,2.0,fb_fail,418.489990234375,4.0352783203125,0.5442314289604616,False,418.416921377182,3.6935665607452393,0.020020012093567133,False,neither,0,0,not_accepted,not_accepted,Unknown,Unknown,-6.414671421051025,6.390077114105225,3.32224178314209,-0.027484286576509476,,
A08,2705,1542885096374347024,155,589.6289672851562,597.63427734375,border_fail,591.5034790039062,600.1337280273438,0.09399249583204769,False,591.3043535359118,600.0422138341993,0.042599791782987666,False,neither,0,0,not_accepted,not_accepted,Unknown,Unknown,-6.86137489640015,6.861171678180057,3.541553306544529,-0.04769153928398673,,
A08,2705,1542885096374347024,361,558.0,4.0,ncc_fail,559.5713500976562,5.823790550231934,0.09386418436039072,False,559.5302962064743,5.706706762313843,0.01861660540014497,False,neither,0,0,not_accepted,not_accepted,Unknown,Unknown,-5.055566787719727,5.029372692108154,2.8597846031188965,-0.03042365424335003,,
A08,2706,1542885096423080496,363,560.0,6.0,border_fail,561.6226806640625,7.833258628845215,0.05253649135112719,False,561.5810760259628,7.658535957336426,0.0011922060820054928,False,neither,0,0,not_accepted,not_accepted,Unknown,Unknown,-5.4027204513549805,5.374342918395996,2.979837417602539,-0.0303264819085598,,
A08,2706,1542885096423080496,364,592.0,601.0,ncc_fail,594.077392578125,603.7005004882812,0.32299353725430996,False,593.7097933292389,603.3718292713165,0.013795056628353617,False,neither,0,0,not_accepted,not_accepted,Unknown,Unknown,-6.637275218963623,6.629531383514404,3.440727710723877,-0.03854304924607277,,
A08,2707,1542885096474130480,153,560.6285400390625,597.6227416992188,border_fail,562.3860473632812,600.2105712890625,0.1308656662524688,False,562.3469053462018,600.016840103719,0.05836177553666191,False,neither,0,0,not_accepted,not_accepted,Unknown,Unknown,-6.685048554664451,6.682530053590106,3.4279137779413897,-0.04034470369567714,,
A08,2707,1542885096474130480,366,594.0,603.0,ncc_fail,595.9631958007812,605.697021484375,0.2821655009387493,False,595.735511302948,605.4106996059418,0.06086246981465279,False,neither,0,0,not_accepted,not_accepted,Unknown,Unknown,-6.6425018310546875,6.638195037841797,3.4343862533569336,-0.039193592965602875,,
A08,2708,1542885096524415536,142,544.4330444335938,598.5991821289062,border_fail,546.20703125,601.1243896484375,0.09689847677079795,False,546.1422532473811,600.9423706582405,0.017636791135640907,False,neither,0,0,not_accepted,not_accepted,Unknown,Unknown,-6.346426482702801,6.338811272177034,3.301875724054022,-0.03857437702261511,,
A08,2708,1542885096524415536,223,396.4862976074219,599.8309326171875,border_fail,398.01416015625,601.8577880859375,0.05119613661991212,False,398.09151941281795,601.8707153720977,0.07466342014194041,False,neither,0,0,not_accepted,not_accepted,Unknown,Unknown,-6.239666885559478,6.232868691959737,3.261765238882239,-0.02784807267287328,,
A08,2708,1542885096524415536,367,571.0,602.0,ncc_fail,572.7163696289062,604.6010131835938,0.17632562267943153,False,572.7288397550583,604.3651647567749,0.015465453277830804,False,neither,0,0,not_accepted,not_accepted,Unknown,Unknown,-6.41163444519043,6.405706405639648,3.3305954933166504,-0.037760861217975616,,
A08,2709,1542885096574320336,5,330.49139404296875,598.7208862304688,border_fail,332.1350402832031,600.72802734375,0.24165699329863735,False,332.04727846794344,600.5280810462184,0.07501363215249131,False,neither,0,0,not_accepted,not_accepted,Unknown,Unknown,-6.081781651279011,6.078233333805338,3.2240145301092964,-0.03231509107338372,,
A08,2709,1542885096574320336,136,957.9632568359375,196.4253387451172,border_fail,960.3012084960938,198.4811248779297,0.2150378786109883,False,960.0487436605843,198.60338253765389,0.15058965222490042,False,neither,0,0,not_accepted,not_accepted,Unknown,Unknown,-6.226122580350151,6.199018994898102,3.3661543704588004,-0.03359762318269669,,
A08,2709,1542885096574320336,369,546.0,601.0,ncc_fail,547.7640380859375,603.5820922851562,0.14794459823594716,False,547.7208113670349,603.3752994537354,0.017943027117992824,False,neither,0,0,not_accepted,not_accepted,Unknown,Unknown,-6.049098968505859,6.045314788818359,3.1793298721313477,-0.03776746615767479,,
A08,2709,1542885096574320336,370,564.0,602.0,ncc_fail,565.8640747070312,604.609375,0.13558820869304197,False,565.7330529689789,604.3876748085022,0.013924550905707395,False,neither,0,0,not_accepted,not_accepted,Unknown,Unknown,-6.023738384246826,6.01618766784668,3.1717889308929443,-0.037824612110853195,,
A08,2710,1542885096623621776,39,305.1610107421875,599.7489624023438,border_fail,306.64385986328125,601.6979370117188,0.15365865756249816,False,306.66195190034443,601.5960219899534,0.08678534789598315,False,neither,0,0,not_accepted,not_accepted,Unknown,Unknown,-5.761049516123077,5.751500354294858,3.0762065785374553,-0.028536268758936834,,
A08,2710,1542885096623621776,106,350.0711975097656,599.24609375,border_fail,351.78753662109375,601.1736450195312,0.19326783190326194,False,351.59814363531876,601.2033873288993,0.05403625885641033,False,neither,0,0,not_accepted,not_accepted,Unknown,Unknown,-5.861145893758646,5.856160225227086,3.145111377110709,-0.03565480677985278,,
A08,2710,1542885096623621776,372,332.0,600.0,border_fail,333.6679992675781,601.9026489257812,0.18147963906462664,False,333.51098918914795,601.8893641233444,0.03540991878378628,False,neither,0,0,not_accepted,not_accepted,Unknown,Unknown,-5.937469959259033,5.929844856262207,3.163015365600586,-0.03158459812402725,,
A08,2710,1542885096623621776,373,547.0,606.0,fb_fail,548.7195434570312,609.16943359375,0.6982818432197433,False,548.75306224823,608.4130299091339,nan,False,neither,0,0,not_accepted,not_accepted,Unknown,Unknown,-6.159793853759766,6.150852203369141,3.1962080001831055,-0.0356510654091835,,
A08,2710,1542885096623621776,374,960.0,199.0,border_fail,962.2072143554688,201.01513671875,0.061237748563546815,False,962.0869653224945,201.184805393219,0.17599901430437945,False,neither,0,0,not_accepted,not_accepted,Unknown,Unknown,-6.013660430908203,5.99423360824585,3.239236354827881,-0.029123734682798386,,
A08,2710,1542885096623621776,375,565.0,603.0,ncc_fail,566.9096069335938,605.7566528320312,0.28016917186665047,False,566.7696385383606,605.4319026470184,0.03689079593090491,False,neither,0,0,not_accepted,not_accepted,Unknown,Unknown,-6.365993022918701,6.354343414306641,3.294867515563965,-0.038090500980615616,,
A08,2711,1542885096674193680,261,217.6490020751953,598.4982299804688,border_fail,219.22909545898438,600.1924438476562,0.10880026464298888,False,219.13612399532224,600.2816267893348,0.05030103480999221,False,neither,0,0,not_accepted,not_accepted,Unknown,Unknown,-5.645485432423154,5.640674458036518,3.0349526984632487,-0.030970650379222836,,
A08,2711,1542885096674193680,376,334.0,602.0,ncc_fail,335.6044616699219,604.0274658203125,0.23246869849735063,False,335.5547660589218,603.9677737951279,0.06963519503308178,False,neither,0,0,not_accepted,not_accepted,Unknown,Unknown,-5.782046794891357,5.775594711303711,3.0781679153442383,-0.031357280910015106,,
A08,2711,1542885096674193680,377,307.0,602.0,ncc_fail,308.5660095214844,603.8353881835938,0.05791425899491321,False,308.53137254714966,603.9167168140411,0.0698704908637373,False,neither,0,0,not_accepted,not_accepted,Unknown,Unknown,-5.484561920166016,5.47829532623291,2.960294008255005,-0.027647439390420914,,
A08,2711,1542885096674193680,378,352.0,601.0,ncc_fail,353.6354064941406,602.909912109375,0.11873446475855279,False,353.5748999118805,603.0190386772156,0.06395401557614816,False,neither,0,0,not_accepted,not_accepted,Unknown,Unknown,-5.7830681800842285,5.78193998336792,3.0739831924438477,-0.03395583853125572,,
A08,2711,1542885096674193680,379,962.0,201.0,ncc_fail,964.1854858398438,203.00267028808594,0.04545683410098922,False,964.1297698020935,203.23126411437988,0.21742282851279338,False,neither,0,0,not_accepted,not_accepted,Unknown,Unknown,-6.23077392578125,6.216349124908447,3.317256212234497,-0.028468715026974678,,
A08,2712,1542885096723283536,112,959.3095092773438,554.2146606445312,border_fail,961.6854248046875,557.0595703125,0.08593405369870867,False,961.4123412207647,556.9985691044441,0.13416069607390455,False,neither,0,0,not_accepted,not_accepted,Unknown,Unknown,-5.704605237491721,5.676333975480333,3.132961689118897,-0.03444061460456137,,
A08,2712,1542885096723283536,115,510.57952880859375,598.5836181640625,border_fail,512.414306640625,600.9525756835938,0.07830242038228155,False,512.2208013531119,600.8624489035612,0.032589414350245885,False,neither,0,0,not_accepted,not_accepted,Unknown,Unknown,-6.3867840189610305,6.385248805064645,3.346072055901935,-0.03292629775057809,,
A08,2712,1542885096723283536,160,381.8482360839844,598.6638793945312,border_fail,383.4416198730469,600.6328125,0.10061014217511359,False,383.4090243673693,600.70573764478,0.05865736655859863,False,neither,0,0,not_accepted,not_accepted,Unknown,Unknown,-6.025176410342209,6.027237645332637,3.2042528335039404,-0.03942647547704222,,
A08,2712,1542885096723283536,201,959.3035888671875,449.00408935546875,border_fail,961.6212768554688,451.5742492675781,0.13542239508678072,False,961.4483239028679,451.80821311758973,0.2064543681902656,False,neither,0,0,not_accepted,not_accepted,Unknown,Unknown,-6.176074534151187,6.1499962763287215,3.2347367837173273,-0.032066802717273885,,
A08,2712,1542885096723283536,339,958.6512451171875,514.6854858398438,border_fail,960.91064453125,517.3888549804688,0.041670386823836565,False,960.7772246097993,517.4296053949407,0.10775075745805421,False,neither,0,0,not_accepted,not_accepted,Unknown,Unknown,-5.599127561243666,5.5728386876232285,3.0581789098436207,-0.03270162196436627,,
A08,2712,1542885096723283536,349,859.3294067382812,599.5368041992188,ncc_fail,861.07470703125,602.4542236328125,0.40765232817553376,False,861.3126452441547,602.1956222564809,0.07396004760619625,False,neither,0,0,not_accepted,not_accepted,Unknown,Unknown,-6.018823117757753,6.019049148876524,3.170876664451102,-0.030008110263960587,,
A08,2712,1542885096723283536,382,335.0,605.0,ncc_fail,336.69482421875,606.8472290039062,0.19058345797365034,False,336.5365915298462,606.9505697488785,0.09682036074851667,False,neither,0,0,not_accepted,not_accepted,Unknown,Unknown,-5.832418441772461,5.823529243469238,3.1193907260894775,-0.0333537757396698,,
A08,2712,1542885096723283536,383,308.0,604.0,ncc_fail,309.5899658203125,605.8704223632812,0.11104469023530998,False,309.52265977859497,605.903086066246,0.08473877947043273,False,neither,0,0,not_accepted,not_accepted,Unknown,Unknown,-5.652080059051514,5.6433892250061035,3.031503200531006,-0.029393697157502174,,
A08,2712,1542885096723283536,384,353.0,603.0,ncc_fail,354.5681457519531,605.1431274414062,0.24645960761957034,False,354.5455342531204,604.9926800727844,0.08835594694502892,False,neither,0,0,not_accepted,not_accepted,Unknown,Unknown,-5.8203582763671875,5.817521572113037,3.117490768432617,-0.037063613533973694,,
A08,2712,1542885096723283536,385,546.0,2.0,ncc_fail,547.82421875,3.9364147186279297,0.21097362306700626,False,547.6936594247818,3.7042577266693115,0.022088150849955922,False,neither,0,0,not_accepted,not_accepted,Unknown,Unknown,-5.225834846496582,5.20945930480957,2.914065361022949,-0.029267430305480957,,
A08,2712,1542885096723283536,386,963.0,203.0,ncc_fail,965.3751220703125,204.98402404785156,0.16576300081054135,False,965.1275134086609,205.27059507369995,0.16527397923744094,False,neither,0,0,not_accepted,not_accepted,Unknown,Unknown,-6.231893539428711,6.211770534515381,3.298659324645996,-0.032493241131305695,,
A08,2713,1542885096773356240,387,309.0,604.0,ncc_fail,310.5546569824219,605.8550415039062,0.058629636900905654,False,310.5363620519638,605.9151494503021,0.09447440971640382,False,neither,0,0,not_accepted,not_accepted,Unknown,Unknown,-5.704439163208008,5.69183349609375,3.05926513671875,-0.02899845689535141,,
A08,2713,1542885096773356240,388,548.0,5.0,border_fail,549.8248291015625,6.912508964538574,0.04192146474326097,False,549.7224667072296,6.742946624755859,0.029582492784390048,False,neither,0,0,not_accepted,not_accepted,Unknown,Unknown,-5.465847969055176,5.447388172149658,2.9862024784088135,-0.027827903628349304,,
A08,2713,1542885096773356240,389,512.0,601.0,ncc_fail,513.76806640625,603.3255615234375,0.03136215350087747,False,513.6983511447906,603.2772700786591,0.07490945448546618,False,neither,0,0,not_accepted,not_accepted,Unknown,Unknown,-6.067774295806885,6.065614223480225,3.215764284133911,-0.032821908593177795,,
A08,2713,1542885096773356240,391,353.0,605.0,ncc_fail,354.4671325683594,607.2360229492188,0.36806149660369814,False,354.5642640590668,607.0090291500092,nan,False,neither,0,0,not_accepted,not_accepted,Unknown,Unknown,-5.776149272918701,5.771370887756348,3.101263999938965,-0.035463955253362656,,
A08,2713,1542885096773356240,395,384.0,601.0,ncc_fail,385.5950012207031,603.0237426757812,0.14694205944657293,False,385.58346593379974,603.0812458992004,0.06343153423561257,False,neither,0,0,not_accepted,not_accepted,Unknown,Unknown,-6.037737846374512,6.037588596343994,3.2124290466308594,-0.037123896181583405,,
A08,2714,1542885096825179344,44,585.5537719726562,598.6220092773438,border_fail,587.4251098632812,601.23095703125,0.016578433811428723,False,587.2611823717306,601.1689506719193,0.017053779852798375,False,neither,0,0,not_accepted,not_accepted,Unknown,Unknown,-6.238809018964794,6.242449404436096,3.2890303513571153,-0.0473898662640303,,
A08,2714,1542885096825179344,128,462.2500915527344,599.984619140625,border_fail,463.9534912109375,602.380126953125,0.05312222445474186,False,463.9093756103807,602.3662096270548,0.06537603690518995,False,neither,0,0,not_accepted,not_accepted,Unknown,Unknown,-6.132166481367165,6.122380054224571,3.218490766176787,-0.039057445218067366,,
A08,2714,1542885096825179344,398,337.0,606.0,ncc_fail,338.3529968261719,608.2914428710938,0.474813354676705,False,338.5509330034256,607.9318954944611,nan,False,neither,0,0,not_accepted,not_accepted,Unknown,Unknown,-5.632181644439697,5.621685981750488,3.081650972366333,-0.03472859784960747,,
A08,2714,1542885096825179344,399,483.0,1.0,backward_fail,484.77947998046875,2.987161636352539,0.5733735776120296,False,484.6725673675537,2.7796289920806885,0.04700256074399832,False,neither,0,0,not_accepted,not_accepted,Unknown,Unknown,-5.9652934074401855,5.937635898590088,3.1476573944091797,-0.02806970104575157,,
A08,2714,1542885096825179344,401,587.0,1.0,ncc_fail,588.90478515625,2.877873420715332,0.12419425384546143,False,588.7303730249405,2.759832739830017,0.05230000516762282,False,neither,0,0,not_accepted,not_accepted,Unknown,Unknown,-5.692770957946777,5.668154239654541,3.031317949295044,-0.027945471927523613,,
A08,2714,1542885096825179344,402,514.0,603.0,ncc_fail,515.8186645507812,605.5095825195312,0.22519263954925303,False,515.6915431022644,605.4032139778137,0.08030980587615424,False,neither,0,0,not_accepted,not_accepted,Unknown,Unknown,-5.8818206787109375,5.876055717468262,3.113068103790283,-0.03945246338844299,,
A08,2715,1542885096873023696,304,958.00341796875,492.2055969238281,border_fail,960.3616943359375,494.9705810546875,0.15308903605115745,False,960.1234412417139,494.9100358331542,0.20471856127841187,False,neither,0,0,not_accepted,not_accepted,Unknown,Unknown,-5.866839669943879,5.838465654293174,3.113382359796823,-0.028699617751933304,,
A08,2715,1542885096873023696,403,587.0,601.0,ncc_fail,589.079345703125,603.7410888671875,0.30047255317752775,False,588.6773597002029,603.4845757484436,0.0038341952350196304,False,neither,0,0,not_accepted,not_accepted,Unknown,Unknown,-6.258579730987549,6.2550950050354,3.284309148788452,-0.03994818031787872,,
A08,2715,1542885096873023696,404,464.0,603.0,ncc_fail,465.7131652832031,605.4877319335938,0.20992417346319278,False,465.61953568458557,605.2680745124817,0.05954807899759631,False,neither,0,0,not_accepted,not_accepted,Unknown,Unknown,-5.938835620880127,5.93143367767334,3.144986629486084,-0.03195372596383095,,
A08,2715,1542885096873023696,407,589.0,5.0,border_fail,590.9048461914062,6.941577911376953,0.19438126038896253,False,590.7444176673889,6.753905653953552,0.0609178540941772,False,neither,0,0,not_accepted,not_accepted,Unknown,Unknown,-5.602010726928711,5.573210716247559,2.9891622066497803,-0.02769550122320652,,
A08,2716,1542885096923914384,30,536.3815307617188,597.8994140625,border_fail,538.133544921875,600.3632202148438,0.09444507580355999,False,538.050386677855,600.3052881411367,0.03714582714530736,False,neither,0,0,not_accepted,not_accepted,Unknown,Unknown,-6.162027040123178,6.162948957351944,3.208737675927054,-0.03318542102512767,,
A08,2716,1542885096923914384,146,169.03085327148438,599.52978515625,border_fail,170.52395629882812,601.2361450195312,0.059159694810253446,False,170.508747417195,601.2154204242995,0.04896796802657939,False,neither,0,0,not_accepted,not_accepted,Unknown,Unknown,-5.749331318597449,5.751149960359072,3.13011241589793,-0.04130813457007382,,
A08,2716,1542885096923914384,409,487.0,5.0,border_fail,488.8000793457031,6.960701942443848,0.06987913185716502,False,488.6893427371979,6.781937122344971,0.016844553965815492,False,neither,0,0,not_accepted,not_accepted,Unknown,Unknown,-6.136470317840576,6.108435153961182,3.210892677307129,-0.027808960527181625,,
A08,2716,1542885096923914384,410,466.0,606.0,ncc_fail,467.6595764160156,608.5419921875,0.20031754088642548,False,467.61625611782074,608.3786420822144,nan,False,neither,0,0,not_accepted,not_accepted,Unknown,Unknown,-5.925784111022949,5.916570663452148,3.13906192779541,-0.032565996050834656,,
A08,2716,1542885096923914384,411,593.0,601.0,ncc_fail,594.9572143554688,604.224365234375,0.6097300332756512,False,594.7102292776108,603.4782152175903,0.006120619098227153,False,neither,0,0,not_accepted,not_accepted,Unknown,Unknown,-5.9767842292785645,5.973387718200684,3.1591930389404297,-0.03206987679004669,,
A08,2716,1542885096923914384,412,524.0,5.0,border_fail,525.866455078125,7.026363372802734,0.14077866010148524,False,525.7139682769775,6.780616521835327,0.021102127998581088,False,neither,0,0,not_accepted,not_accepted,Unknown,Unknown,-5.635842800140381,5.611938953399658,3.028367757797241,-0.02712901681661606,,
A08,2717,1542885096974322384,344,655.5340576171875,598.3140869140625,border_fail,657.2545166015625,601.0067749023438,0.04071484131690893,False,657.2740125867085,600.9434798066985,0.02636699402191405,False,neither,0,0,not_accepted,not_accepted,Unknown,Unknown,-6.11122096796268,6.109369900686502,3.224641450268056,-0.03564247453311159,,
A08,2717,1542885096974322384,413,489.0,4.0,ncc_fail,490.7930908203125,5.985881805419922,0.24036313152150882,False,490.66988015174866,5.765749216079712,0.02559278218967497,False,neither,0,0,not_accepted,not_accepted,Unknown,Unknown,-6.213471412658691,6.188312530517578,3.231856346130371,-0.028002366423606873,,
A08,2717,1542885096974322384,414,538.0,600.0,ncc_fail,539.7553100585938,602.5701293945312,0.19180693823369505,False,539.6429035663605,602.4664731025696,0.029256458614680413,False,neither,0,0,not_accepted,not_accepted,Unknown,Unknown,-6.105920791625977,6.1063714027404785,3.222088575363159,-0.03394315391778946,,
A08,2717,1542885096974322384,415,600.0,4.0,ncc_fail,601.87548828125,6.033042907714844,0.12500614984097727,False,601.742688536644,5.780869483947754,0.04957212909167315,False,neither,0,0,not_accepted,not_accepted,Unknown,Unknown,-5.917697429656982,5.887172698974609,3.1162290573120117,-0.027900392189621925,,
A08,2717,1542885096974322384,416,527.0,5.0,border_fail,528.8739624023438,7.0476274490356445,0.15849526269006928,False,528.6952459812164,6.779351711273193,0.034458885355869745,False,neither,0,0,not_accepted,not_accepted,Unknown,Unknown,-6.222931385040283,6.19167423248291,3.2627973556518555,-0.030288074165582657,,
A08,2717,1542885096974322384,417,177.0,603.0,ncc_fail,178.47116088867188,604.7669067382812,0.08755472554833776,False,178.4317328929901,604.6890645027161,0.03987397132681636,False,neither,0,0,not_accepted,not_accepted,Unknown,Unknown,-5.576008319854736,5.573094367980957,3.017547607421875,-0.03501024842262268,,
A08,2718,1542885097023447152,301,948.38818359375,560.4584350585938,ncc_fail,951.34130859375,561.0513916015625,0.06832127190380295,True,950.4362308141948,563.4059677555219,0.0936648107397496,True,both,0,0,fb_fail,fb_fail,Unknown,Unknown,-2.5824604367659063,2.565880552769194,2.540546036310147,-0.07281022714147478,0.0,0.0
A08,2718,1542885097023447152,419,490.0,6.0,border_fail,491.7883605957031,8.009573936462402,0.055806493742674636,True,491.67084765434265,7.816769599914551,0.02678898509635437,False,C_only,3,0,completed_3_step_check,not_accepted,Unknown,Unknown,-6.466947555541992,6.440893173217773,3.3306121826171875,-0.028056323528289795,8.123835967774056,
A08,2718,1542885097023447152,420,540.0,603.0,ncc_fail,541.7327880859375,605.6505737304688,0.2454694746821419,False,541.6293473243713,605.4679942131042,0.10127997712125036,False,neither,0,0,not_accepted,not_accepted,Unknown,Unknown,-6.218176364898682,6.218505859375,3.226759433746338,-0.03870014473795891,,
A08,2718,1542885097023447152,421,521.0,3.0,ncc_fail,522.8642578125,5.059690475463867,0.05948233319221796,False,522.6934070587158,4.82460880279541,0.03271802462334183,False,neither,0,0,not_accepted,not_accepted,Unknown,Unknown,-6.344553470611572,6.320778846740723,3.2893283367156982,-0.028092756867408752,,
A08,2719,1542885097073770064,426,522.0,4.0,ncc_fail,523.8952026367188,6.071206092834473,0.025809314101783606,False,523.7097120285034,5.828766584396362,0.028006060711853846,False,neither,0,0,not_accepted,not_accepted,Unknown,Unknown,-6.115872383117676,6.093673229217529,3.2039296627044678,-0.028545867651700974,,
A08,2719,1542885097073770064,427,541.0,605.0,ncc_fail,542.6300048828125,607.4852905273438,0.056996934835520825,False,542.6238811016083,607.4729037284851,nan,False,neither,0,0,not_accepted,not_accepted,Unknown,Unknown,-6.090539455413818,6.095063209533691,3.1919264793395996,-0.032312050461769104,,
A08,2720,1542885097123908560,249,753.445068359375,598.2208862304688,border_fail,755.1127319335938,600.6953125,0.052221274496952484,False,755.223274498728,600.9263902220364,0.036349275666466487,False,neither,0,0,not_accepted,not_accepted,Unknown,Unknown,-5.310436235803891,5.3147513459224385,2.9001509991276997,-0.03314427625281624,,
A08,2720,1542885097123908560,266,958.211669921875,360.56170654296875,border_fail,960.4143676757812,363.3064270019531,0.07610090935844566,False,960.3053117198099,363.7065686409205,0.4175208076072472,False,neither,0,0,not_accepted,not_accepted,Unknown,Unknown,-6.434425908005423,6.413624568566043,3.3745173221885167,-0.045294754883364485,,
A08,2720,1542885097123908560,343,706.3501586914062,598.1875,border_fail,707.9608154296875,600.725830078125,0.037659878457030775,False,708.0837251827534,600.8805949215594,0.04118204948745527,False,neither,0,0,not_accepted,not_accepted,Unknown,Unknown,-5.532539902382268,5.535755169126787,3.00645491135856,-0.03526710510179498,,
A08,2720,1542885097123908560,430,544.0,606.0,forward_fail,545.595947265625,609.244873046875,0.8063408638704,False,545.6301996707916,608.4857139587402,nan,False,neither,0,0,not_accepted,not_accepted,Unknown,Unknown,-6.073820114135742,6.074049472808838,3.169368028640747,-0.03179176524281502,,
A08,2721,1542885097172932976,431,626.0,4.0,ncc_fail,627.8783569335938,6.033952713012695,0.25314529448634876,False,627.8183591365814,5.892898797988892,0.013295912077919967,False,neither,0,0,not_accepted,not_accepted,Unknown,Unknown,-6.289576053619385,6.251354694366455,3.2683963775634766,-0.0316554419696331,,
A08,2722,1542885097224124560,207,594.6004638671875,597.7435302734375,border_fail,596.292236328125,600.662841796875,0.2289285190022487,False,596.2353539913265,600.283234266452,0.01014392746680692,False,neither,0,0,not_accepted,not_accepted,Unknown,Unknown,-6.454051440451096,6.445217678633703,3.3497755587649536,-0.03548366780910178,,
A08,2722,1542885097224124560,332,343.077880859375,599.9567260742188,border_fail,344.5998229980469,602.06884765625,0.21227690401742993,False,344.51273759949436,601.9021742854092,0.016359515448389057,False,neither,0,0,not_accepted,not_accepted,Unknown,Unknown,-5.792306973489282,5.785496653607389,3.102501610922701,-0.03339756270373645,,
A08,2722,1542885097224124560,435,630.0,1.0,ncc_fail,631.9160766601562,3.017390251159668,0.05057008852547244,False,631.8079597949982,2.887205719947815,0.023108700590406855,False,neither,0,0,not_accepted,not_accepted,Unknown,Unknown,-6.030484676361084,5.995113372802734,3.1754841804504395,-0.03158877044916153,,
A08,2723,1542885097274559408,211,371.81005859375,598.4564819335938,border_fail,373.30523681640625,600.5529174804688,0.052221274496952484,False,373.2435820909435,600.4756336431399,0.029059724156641372,False,neither,0,0,not_accepted,not_accepted,Unknown,Unknown,-6.155390738973381,6.149736963896288,3.2359214079476004,-0.03235755162053744,,
A08,2723,1542885097274559408,289,312.583251953125,599.8076171875,border_fail,313.6732177734375,601.6188354492188,0.21629929576376983,False,313.9819108334542,601.7222777342344,0.037982854222716536,False,neither,0,0,not_accepted,not_accepted,Unknown,Unknown,-5.9993839936263385,5.988684494386121,3.1701873495235873,-0.029203730583748033,,
A08,2723,1542885097274559408,292,246.1451873779297,598.2623901367188,border_fail,247.44532775878906,600.0992431640625,0.03274693978550128,False,247.51779282399937,600.087505786942,0.03013419880029047,False,neither,0,0,not_accepted,not_accepted,Unknown,Unknown,-5.853679894529852,5.847356281037438,3.132856596419677,-0.02965662658876611,,
A08,2723,1542885097274559408,333,426.5742492675781,597.6932983398438,border_fail,428.1723937988281,599.9060668945312,0.015997877987945983,True,428.0841018663406,599.9826893450429,0.11024115991918491,True,both,0,0,border_fail,border_fail,Unknown,Unknown,-6.611882986318312,6.611146524879787,3.42149733617912,-0.03604959833666538,0.0,0.0
A08,2723,1542885097274559408,337,690.1443481445312,599.7940063476562,ncc_fail,691.9758911132812,602.6646728515625,0.1684220208538021,False,691.8317651071404,602.4319517185228,0.022095750156681603,False,neither,0,0,not_accepted,not_accepted,Unknown,Unknown,-5.449562986081089,5.44480391996936,2.974240722959175,-0.0329731502779379,,
A08,2723,1542885097274559408,436,631.0,3.0,ncc_fail,632.9368896484375,5.0437164306640625,0.07544364510543265,False,632.814555644989,4.874994874000549,0.03182114818352004,False,neither,0,0,not_accepted,not_accepted,Unknown,Unknown,-6.019930362701416,5.98038387298584,3.1807329654693604,-0.031278934329748154,,
A08,2723,1542885097274559408,437,596.0,601.0,ncc_fail,597.8067626953125,603.7593994140625,0.05888655932959997,False,597.6322637796402,603.5817952156067,0.027128074434473952,False,neither,0,0,not_accepted,not_accepted,Unknown,Unknown,-5.919097423553467,5.912856578826904,3.135220527648926,-0.035244811326265335,,
A08,2724,1542885097324780688,29,529.0802612304688,598.7372436523438,border_fail,530.6535034179688,601.3389282226562,0.17842793596026754,False,530.668472970319,601.2084149239383,0.017885832251731317,False,neither,0,0,not_accepted,not_accepted,Unknown,Unknown,-5.799207564575921,5.7938350210295795,3.0907165446090765,-0.03228943092858841,,
A08,2724,1542885097324780688,46,271.29638671875,599.8104248046875,border_fail,272.6153259277344,601.724853515625,0.11385294921738298,False,272.6537339955519,601.6711992257835,0.03612684506409628,False,neither,0,0,not_accepted,not_accepted,Unknown,Unknown,-5.919130069155756,5.90902993338895,3.138439894336358,-0.02951023288434995,,
A08,2724,1542885097324780688,439,634.0,5.0,border_fail,635.9352416992188,7.044522285461426,0.08128329831170009,False,635.8280637264252,6.8586266040802,0.009503737006738532,False,neither,0,0,not_accepted,not_accepted,Unknown,Unknown,-6.029511451721191,5.9913506507873535,3.1772565841674805,-0.030354661867022514,,
A08,2724,1542885097324780688,441,598.0,604.0,ncc_fail,599.9615478515625,606.6915283203125,0.15719483333795398,False,599.628867149353,606.5412142276764,0.03674908438502267,False,neither,0,0,not_accepted,not_accepted,Unknown,Unknown,-6.030816555023193,6.023318290710449,3.1647825241088867,-0.03543635830283165,,
A08,2725,1542885097373145360,233,146.224853515625,599.025146484375,border_fail,147.63623046875,600.66650390625,0.06988973145113074,False,147.54928953509994,600.6811143326079,0.06732113360874921,False,neither,0,0,not_accepted,not_accepted,Unknown,Unknown,-5.3420590579255816,5.328632498597244,3.059690902995655,-0.047086842991846733,,
A08,2725,1542885097373145360,283,491.9498291015625,599.29736328125,border_fail,493.57476806640625,601.8660888671875,0.14114522077514308,False,493.45859309650086,601.6382193314048,0.028116640538983852,False,neither,0,0,not_accepted,not_accepted,Unknown,Unknown,-6.305893087931196,6.2999133516013615,3.30089909091825,-0.034423107235065364,,
A08,2725,1542885097373145360,447,272.0,602.0,ncc_fail,273.30682373046875,603.8911743164062,0.11525378629480716,False,273.3416509628296,603.796258687973,0.051560419032083686,False,neither,0,0,not_accepted,not_accepted,Unknown,Unknown,-6.001673221588135,5.990901947021484,3.167978286743164,-0.028097454458475113,,
A08,2725,1542885097373145360,448,530.0,601.0,ncc_fail,531.6716918945312,603.6264038085938,0.10559521263556876,False,531.5339359045029,603.3573496341705,0.02356499183649121,False,neither,0,0,not_accepted,not_accepted,Unknown,Unknown,-6.118809700012207,6.11366605758667,3.222299098968506,-0.031905412673950195,,
A08,2726,1542885097422901392,140,723.0210571289062,598.004150390625,border_fail,724.7342529296875,600.6948852539062,0.06093968363052866,False,724.7382229226914,600.6342754232724,0.011445958225340796,False,neither,0,0,not_accepted,not_accepted,Unknown,Unknown,-5.476719490899967,5.475490922068552,2.983113844780817,-0.030541709760537245,,
A08,2726,1542885097422901392,187,467.6824645996094,598.5030517578125,border_fail,469.2498474121094,600.904052734375,0.10739963041084113,False,469.1827711927549,600.8784381591408,0.02768318338868364,False,neither,0,0,not_accepted,not_accepted,Unknown,Unknown,-6.288898979240795,6.282512926463655,3.287505715460747,-0.03417891435284662,,
A08,2726,1542885097422901392,286,292.1091003417969,598.9356689453125,border_fail,293.5256652832031,600.7426147460938,0.0064368944392515885,False,293.47631522203983,600.7899037256649,0.05590250708056209,False,neither,0,0,not_accepted,not_accepted,Unknown,Unknown,-5.764415983775137,5.76387637096671,3.082511406872208,-0.029471867423050538,,
A08,2726,1542885097422901392,397,664.1950073242188,599.9144897460938,ncc_fail,665.9805297851562,602.7039794921875,0.01235762215010838,False,665.8607750326055,602.5218076016422,0.014867478583483855,False,neither,0,0,not_accepted,not_accepted,Unknown,Unknown,-6.004267079239655,5.998156642331178,3.176372768200026,-0.029736883883457757,,
A08,2726,1542885097422901392,450,274.0,603.0,ncc_fail,275.28533935546875,604.9957275390625,0.1660547771287603,False,275.3605651855469,604.8379027843475,0.060773737709213314,False,neither,0,0,not_accepted,not_accepted,Unknown,Unknown,-5.586300849914551,5.578038215637207,2.996405839920044,-0.027370288968086243,,
A08,2726,1542885097422901392,451,532.0,605.0,fb_fail,533.599365234375,607.9166870117188,0.4682775182514847,False,533.5556687116623,607.4454562664032,nan,False,neither,0,0,not_accepted,not_accepted,Unknown,Unknown,-5.902073383331299,5.896279335021973,3.1299619674682617,-0.03021145425736904,,
A08,2727,1542885097474413360,27,408.07977294921875,598.9502563476562,border_fail,409.4504089355469,601.1829223632812,0.17623602265961655,False,409.4784223181854,601.0432859821243,0.04525623371563901,False,neither,0,0,not_accepted,not_accepted,Unknown,Unknown,-5.876780213780737,5.868336734943082,3.152397619327332,-0.03452735889497295,,
A08,2727,1542885097474413360,97,558.5238647460938,599.794677734375,border_fail,560.2107543945312,602.3259887695312,0.10845425174063536,False,560.0691743361043,602.2527351591862,0.07886897468486855,False,neither,0,0,not_accepted,not_accepted,Unknown,Unknown,-6.390909036129038,6.3881458101905935,3.2490585422819294,-0.03455043168958072,,
A08,2727,1542885097474413360,185,958.3756103515625,340.92034912109375,border_fail,960.6302490234375,343.6111145019531,0.05688199048783707,False,960.4755691605275,344.29368715424204,0.5707697592504474,False,neither,0,0,not_accepted,not_accepted,Unknown,Unknown,-6.831067850641624,6.804506459184072,3.5227680867585605,-0.054722657411655634,,
A08,2727,1542885097474413360,197,95.40552520751953,599.2432250976562,border_fail,96.95162200927734,600.89208984375,0.1842120684259025,False,96.67589423099915,600.9175914434235,0.20752840227785643,False,neither,0,0,not_accepted,not_accepted,Unknown,Unknown,-5.830460497192372,5.807181032346592,3.340991989727578,-0.05956262942299796,,
A08,2727,1542885097474413360,204,958.0877075195312,450.8599853515625,border_fail,960.4309692382812,453.5047607421875,0.10410979079172508,False,960.0809200598756,454.2306513078577,0.4777103922717003,False,neither,0,0,not_accepted,not_accepted,Unknown,Unknown,-6.056687908374194,6.045034139872019,3.27419892653964,-0.049161499521617524,,
A08,2727,1542885097474413360,351,451.36041259765625,598.0592041015625,border_fail,452.9374694824219,600.5524291992188,0.1640000252754567,False,452.83073105988404,600.3674162721893,0.0360230603995923,False,neither,0,0,not_accepted,not_accepted,Unknown,Unknown,-6.1074714601598785,6.11075649026666,3.1833427377396113,-0.03301505465206603,,
A08,2727,1542885097474413360,454,275.0,603.0,ncc_fail,276.40594482421875,604.8352661132812,0.07868310540398137,False,276.3179476261139,604.8286510705948,0.06271586362225949,False,neither,0,0,not_accepted,not_accepted,Unknown,Unknown,-5.439992904663086,5.430210590362549,2.945117950439453,-0.028796320781111717,,
A08,2727,1542885097474413360,456,667.0,602.0,ncc_fail,668.8226928710938,605.136962890625,0.33487284310996507,False,668.6757614612579,604.7548248767853,0.0600416023068959,False,neither,0,0,not_accepted,not_accepted,Unknown,Unknown,-5.8487982749938965,5.847596168518066,3.094858169555664,-0.03930965065956116,,
A08,2728,1542885097522781072,195,634.9396362304688,599.8583374023438,ncc_fail,636.8065795898438,602.8524780273438,0.30146387592502616,False,636.5678426803909,602.4655786161977,0.035790488102539667,False,neither,0,0,not_accepted,not_accepted,Unknown,Unknown,-5.773889726180016,5.770879810348234,3.088925569833126,-0.03541958614558702,,
A08,2728,1542885097522781072,460,696.0,2.0,ncc_fail,697.8737182617188,3.834933280944824,0.1469888476758525,False,697.912806391716,3.907771348953247,0.01199209429880223,False,neither,0,0,not_accepted,not_accepted,Unknown,Unknown,-5.67572546005249,5.64451789855957,3.0903525352478027,-0.03554810956120491,,
A08,2728,1542885097522781072,461,409.0,600.0,border_fail,410.2997741699219,602.3442993164062,0.233983037941604,False,410.4399528503418,602.1439430713654,0.043618733876558215,False,neither,0,0,not_accepted,not_accepted,Unknown,Unknown,-5.9684038162231445,5.962187767028809,3.138883590698242,-0.03279263153672218,,
A08,2728,1542885097522781072,462,465.0,598.0,fb_fail,466.6026916503906,600.8705444335938,0.45307247601479733,False,466.5056674480438,600.3593871593475,0.05694619202324479,False,neither,0,0,not_accepted,not_accepted,Unknown,Unknown,-6.222012042999268,6.219583034515381,3.2153611183166504,-0.03279970586299896,,
A08,2728,1542885097522781072,465,560.0,602.0,ncc_fail,561.6387939453125,604.6460571289062,0.20293667205745042,False,561.5821673870087,604.4890050888062,0.08630595633083121,False,neither,0,0,not_accepted,not_accepted,Unknown,Unknown,-6.188045024871826,6.181699752807617,3.1905264854431152,-0.03673883154988289,,
A08,2728,1542885097522781072,466,669.0,605.0,ncc_fail,670.72021484375,607.7711181640625,0.009381562161573155,False,670.6527264118195,607.6585865020752,nan,False,neither,0,0,not_accepted,not_accepted,Unknown,Unknown,-5.701605796813965,5.701467037200928,3.0596280097961426,-0.03184026479721069,,
A08,2729,1542885097574035152,61,958.9364624023438,476.13385009765625,border_fail,961.2666015625,478.817138671875,0.18267513569506003,False,960.9721320431872,479.2829352080506,0.24407867130452107,False,neither,0,0,not_accepted,not_accepted,Unknown,Unknown,-5.768820625952204,5.755067066110424,3.157619593229355,-0.03669246205579414,,
A08,2729,1542885097574035152,78,592.5828857421875,597.5502319335938,border_fail,594.2764892578125,600.1513671875,0.048781907142548125,False,594.1125273470666,600.0642639326406,0.032880819183315514,False,neither,0,0,not_accepted,not_accepted,Unknown,Unknown,-6.3606434934847975,6.358735836792157,3.28297908498317,-0.035984541823071425,,
A08,2729,1542885097574035152,468,698.0,4.0,ncc_fail,699.8831787109375,5.850190162658691,0.0119906469996442,False,699.8956379890442,5.882404685020447,0.01862377594268676,False,neither,0,0,not_accepted,not_accepted,Unknown,Unknown,-5.585113525390625,5.555874824523926,3.024817943572998,-0.032035112380981445,,
A08,2729,1542885097574035152,469,410.0,602.0,ncc_fail,411.4380187988281,604.1784057617188,0.07805392489319905,False,411.37961530685425,604.1250133514404,0.05954528477105129,False,neither,0,0,not_accepted,not_accepted,Unknown,Unknown,-6.115852355957031,6.104351997375488,3.2109692096710205,-0.03602709248661995,,
A08,2729,1542885097574035152,470,561.0,606.0,ncc_fail,562.5664672851562,608.8414916992188,0.40147937589681537,False,562.5140392780304,608.4734845161438,nan,False,neither,0,0,not_accepted,not_accepted,Unknown,Unknown,-5.993778228759766,5.986876010894775,3.145353317260742,-0.03263093903660774,,
A08,2729,1542885097574035152,471,467.0,600.0,ncc_fail,468.57598876953125,602.6845703125,0.2598109618040016,False,468.4653778076172,602.3792958259583,0.023445643134875994,False,neither,0,0,not_accepted,not_accepted,Unknown,Unknown,-6.490804672241211,6.48163366317749,3.35070538520813,-0.0369710698723793,,
A08,2730,1542885097624190288,231,654.9931640625,598.0131225585938,border_fail,656.6737060546875,601.0060424804688,0.2837174644911679,False,656.5380316090962,600.6153975553167,0.0037031757401750688,False,neither,0,0,not_accepted,not_accepted,Unknown,Unknown,-6.052567632286014,6.050202369896823,3.2026158627652705,-0.033859220087842035,,
A08,2730,1542885097624190288,380,366.27850341796875,599.7971801757812,border_fail,367.47625732421875,601.7376708984375,0.07255201040311289,False,367.5412105103416,601.7382240086318,0.06104880892680814,False,neither,0,0,not_accepted,not_accepted,Unknown,Unknown,-6.1142786491744125,6.10422129087029,3.2136962487039895,-0.029986016162417986,,
A08,2730,1542885097624190288,474,594.0,601.0,ncc_fail,595.605224609375,603.593017578125,0.052479481150083766,False,595.493464589119,603.4891254901886,0.021649818222785777,False,neither,0,0,not_accepted,not_accepted,Unknown,Unknown,-6.243092060089111,6.238908767700195,3.2208211421966553,-0.03758121654391289,,
A08,2730,1542885097624190288,475,700.0,6.0,border_fail,701.794677734375,7.866046905517578,0.04676484179423994,False,701.8685253858566,7.927324295043945,0.03990344527664713,False,neither,0,0,not_accepted,not_accepted,Unknown,Unknown,-5.729490280151367,5.703007698059082,3.0811450481414795,-0.033127639442682266,,
A08,2730,1542885097624190288,476,411.0,603.0,ncc_fail,412.4443359375,605.2219848632812,0.15559950666184688,False,412.30514097213745,605.0451078414917,0.02642732571042754,False,neither,0,0,not_accepted,not_accepted,Unknown,Unknown,-6.158681392669678,6.147937774658203,3.2336113452911377,-0.03164871037006378,,
A08,2731,1542885097673784560,101,622.2806396484375,598.6732788085938,border_fail,623.6829223632812,601.3600463867188,0.18777788947747587,False,623.770420120809,601.2091592584309,0.03051609754718499,False,neither,0,0,not_accepted,not_accepted,Unknown,Unknown,-6.0254474005960965,6.023046476144621,3.1586062039031777,-0.035248050121720775,,
A08,2731,1542885097673784560,258,723.3320922851562,599.3419189453125,border_fail,725.009033203125,602.042236328125,0.08300372842951596,False,724.8965879989452,601.9750506473633,0.017629999024833528,False,neither,0,0,not_accepted,not_accepted,Unknown,Unknown,-5.4546896326106555,5.449769157985639,2.9642056714524117,-0.033002707772951057,,
A08,2731,1542885097673784560,293,345.7134704589844,598.5703735351562,border_fail,346.8028564453125,600.4588623046875,0.16384633901232326,False,346.9385480227839,600.4729995134408,0.10586985537887801,False,neither,0,0,not_accepted,not_accepted,Unknown,Unknown,-5.890507989093152,5.881355318408806,3.1042294455174955,-0.0296237091203957,,
A08,2731,1542885097673784560,480,596.0,603.0,ncc_fail,597.5074462890625,605.702880859375,0.2231718835406698,False,597.4726736545563,605.4864726066589,0.0027058896855571674,False,neither,0,0,not_accepted,not_accepted,Unknown,Unknown,-6.0843892097473145,6.080018520355225,3.143270492553711,-0.03357890248298645,,
A08,2731,1542885097673784560,482,657.0,601.0,ncc_fail,658.5557250976562,603.8997802734375,0.2378977597549464,False,658.511176943779,603.5905177593231,0.036941231334872475,False,neither,0,0,not_accepted,not_accepted,Unknown,Unknown,-5.67303991317749,5.6689558029174805,3.0381805896759033,-0.032858140766620636,,
A08,2731,1542885097673784560,483,413.0,603.0,ncc_fail,414.42919921875,605.4912109375,0.38667977743574544,False,414.3028303384781,605.0779523849487,0.03532163809632638,False,neither,0,0,not_accepted,not_accepted,Unknown,Unknown,-6.075521469116211,6.074989318847656,3.204188346862793,-0.035562191158533096,,
A08,2732,1542885097723282800,189,531.0892333984375,598.79052734375,border_fail,532.5202026367188,601.2718505859375,0.12317992389245214,False,532.4386065440361,601.1475230966319,0.07823910803214641,False,neither,0,0,not_accepted,not_accepted,Unknown,Unknown,-6.382886241691068,6.3792839968424175,3.3242520327629137,-0.037573225860760395,,
A08,2732,1542885097723282800,268,139.804931640625,599.6631469726562,border_fail,140.88429260253906,601.6239013671875,0.16711799235660818,False,140.79162727387737,601.325182178783,0.007165093870876734,False,neither,0,0,not_accepted,not_accepted,Unknown,Unknown,-5.935244223250415,5.934860924407424,3.171973909691115,-0.04208123619970544,,
A08,2732,1542885097723282800,485,531.0,1.0,backward_fail,532.7595825195312,3.117447853088379,11.891613893799985,False,532.65070104599,2.9556806087493896,0.04920040399035282,False,neither,0,0,not_accepted,not_accepted,Unknown,Unknown,-6.29796028137207,6.260685920715332,3.3123180866241455,-0.033845413476228714,,
A08,2732,1542885097723282800,486,623.0,601.0,ncc_fail,624.3240356445312,603.7628173828125,0.35494828111047244,False,624.3746790885925,603.4556548595428,0.07608086975259126,False,neither,0,0,not_accepted,not_accepted,Unknown,Unknown,-6.293734550476074,6.288962364196777,3.2869205474853516,-0.03600199520587921,,
A08,2732,1542885097723282800,487,659.0,603.0,ncc_fail,660.5758056640625,605.9209594726562,0.29436743959408845,False,660.3914444446564,605.4904460906982,0.09269104753714255,False,neither,0,0,not_accepted,not_accepted,Unknown,Unknown,-5.8449835777282715,5.8418989181518555,3.114661455154419,-0.030940856784582138,,
A08,2733,1542885097772758864,218,701.9293823242188,597.8325805664062,border_fail,703.417724609375,600.5330200195312,0.1419613312746284,False,703.3030862352235,600.2723941315934,0.07585700046699602,False,neither,0,0,not_accepted,not_accepted,Unknown,Unknown,-5.4236363238794905,5.426191319319786,2.9547994721787614,-0.032951011085347745,,
A08,2733,1542885097772758864,491,532.0,4.0,ncc_fail,533.6964721679688,6.08017635345459,0.003282239573710623,False,533.4841619729996,5.8456549644470215,0.018090718169947513,False,neither,0,0,not_accepted,not_accepted,Unknown,Unknown,-6.078222274780273,6.047440052032471,3.257317543029785,-0.03352050483226776,,
A08,2733,1542885097772758864,492,626.0,603.0,ncc_fail,627.4637451171875,605.4939575195312,0.010108276920732504,False,627.3283468484879,605.4131903648376,0.053867130623798096,False,neither,0,0,not_accepted,not_accepted,Unknown,Unknown,-5.967684745788574,5.964094638824463,3.1507389545440674,-0.03600925952196121,,
A08,2733,1542885097772758864,493,513.0,4.0,ncc_fail,514.6671142578125,6.121153831481934,0.06705054752733175,False,514.4740867614746,5.837877869606018,0.048685445171514866,False,neither,0,0,not_accepted,not_accepted,Unknown,Unknown,-6.299493789672852,6.2731852531433105,3.338320732116699,-0.03276270255446434,,
A08,2733,1542885097772758864,495,533.0,601.0,ncc_fail,534.3330078125,603.5048217773438,0.19078270884275544,False,534.2792580127716,603.2566466331482,0.07348785510696318,False,neither,0,0,not_accepted,not_accepted,Unknown,Unknown,-6.001648902893066,5.996730327606201,3.15470814704895,-0.03261502832174301,,
A08,2734,1542885097824695632,171,869.8482055664062,598.8622436523438,border_fail,871.1401977539062,601.6360473632812,0.21522704525632794,False,871.1553716658785,601.4709781489698,0.09498006278764463,False,neither,0,0,not_accepted,not_accepted,Unknown,Unknown,-5.958971096377635,5.940212351409384,3.166077807214214,-0.04111462610713025,,
A08,2734,1542885097824695632,488,608.9262084960938,598.9508666992188,border_fail,610.2569580078125,601.3822021484375,0.07804738003526322,False,610.1216828593107,601.2073491514069,0.03670012788799439,False,neither,0,0,not_accepted,not_accepted,Unknown,Unknown,-6.352670708522757,6.35290432593564,3.2716273321167577,-0.03572508223769742,,
A08,2734,1542885097824695632,500,534.0,603.0,ncc_fail,535.3018798828125,605.6431884765625,0.3134406357377293,False,535.1434634923935,605.1723258495331,0.059340174476384074,False,neither,0,0,not_accepted,not_accepted,Unknown,Unknown,-5.854391098022461,5.849663734436035,3.114304304122925,-0.031155124306678772,,
A08,2735,1542885097873542800,168,485.4202575683594,598.72509765625,border_fail,486.61663818359375,601.115966796875,0.14505746775506384,False,486.508853067379,600.8331918978838,0.0429643913462133,False,neither,0,0,not_accepted,not_accepted,Unknown,Unknown,-6.182750750394348,6.181875853173146,3.2531113390210606,-0.03584577235527686,,
A08,2735,1542885097873542800,250,958.831298828125,257.4029541015625,border_fail,959.9647827148438,259.47906494140625,0.02589646229756323,True,960.1016442958487,259.787659987775,0.18026874957324043,False,C_only,0,0,border_fail,not_accepted,Unknown,Unknown,-6.584549281149933,6.56437883146323,3.4270155245334806,-0.03254786329848469,0.0,
A08,2735,1542885097873542800,282,213.9754180908203,599.702392578125,border_fail,214.76544189453125,601.4149780273438,0.07596878953412502,False,214.73988689890842,601.396643418834,0.034893001910196605,False,neither,0,0,not_accepted,not_accepted,Unknown,Unknown,-6.4547466616849825,6.447232180342509,3.3256716557521804,-0.03461356391113289,,
A08,2735,1542885097873542800,501,868.0,599.0,border_fail,868.6912231445312,601.4188842773438,0.6077617479430117,False,869.2320282459259,601.4688665866852,0.08739508271711366,False,neither,0,0,not_accepted,not_accepted,Unknown,Unknown,-5.870937347412109,5.871945858001709,3.152045249938965,-0.039248112589120865,,
A08,2735,1542885097873542800,502,610.0,602.0,ncc_fail,611.2736206054688,604.4031982421875,0.09719727424093397,False,611.1175390481949,604.2161707878113,0.04600587840037067,False,neither,0,0,not_accepted,not_accepted,Unknown,Unknown,-6.353963851928711,6.351540565490723,3.2908241748809814,-0.03540624678134918,,
A08,2736,1542885097923754544,348,398.1418151855469,599.8609008789062,border_fail,399.0525207519531,601.80615234375,0.20953281356845432,False,399.0365172377879,601.8051583646679,0.02749027709948336,False,neither,0,0,not_accepted,not_accepted,Unknown,Unknown,-6.051881533251116,6.046112251656425,3.195274028831582,-0.0296449346558476,,
A08,2736,1542885097923754544,504,960.0,258.0,border_fail,961.064208984375,260.053466796875,0.02821787031308569,False,961.1414386034012,260.46951174736023,0.2875484078532093,False,neither,0,0,not_accepted,not_accepted,Unknown,Unknown,-6.61022424697876,6.580965518951416,3.4332613945007324,-0.03396154195070267,,
A08,2736,1542885097923754544,505,612.0,604.0,ncc_fail,613.3681640625,606.5625610351562,0.3185482342579184,False,613.0207722187042,606.1715660095215,0.05428545011558516,False,neither,0,0,not_accepted,not_accepted,Unknown,Unknown,-6.584930896759033,6.58071231842041,3.386831760406494,-0.03729633241891861,,
A08,2736,1542885097923754544,506,870.0,602.0,ncc_fail,870.3405151367188,604.3345947265625,0.822018042416415,False,871.0879604816437,604.3467688560486,0.05726502043174815,False,neither,0,0,not_accepted,not_accepted,Unknown,Unknown,-5.895688533782959,5.899920463562012,3.147019386291504,-0.03458727151155472,,
A08,2737,1542885097974655760,509,961.0,260.0,border_fail,961.9013671875,261.998046875,0.01619123617526969,False,961.9992682933807,262.4371953010559,0.3403699537712568,False,neither,0,0,not_accepted,not_accepted,Unknown,Unknown,-6.463775634765625,6.438271999359131,3.3749523162841797,-0.03112831711769104,,
A08,2737,1542885097974655760,511,613.0,605.0,ncc_fail,614.1494750976562,607.3148193359375,0.09600812617320621,False,613.9619013667107,607.1479489803314,nan,False,neither,0,0,not_accepted,not_accepted,Unknown,Unknown,-6.313079833984375,6.311642646789551,3.26493763923645,-0.03829873725771904,,
A08,2737,1542885097974655760,512,871.0,604.0,ncc_fail,871.47265625,606.4785766601562,0.6191551676104249,False,871.9912146925926,606.2893688678741,0.09480362055100865,False,neither,0,0,not_accepted,not_accepted,Unknown,Unknown,-5.858158111572266,5.863482475280762,3.111635684967041,-0.033396050333976746,,
A08,2738,1542885098023024624,212,287.0039367675781,599.5741577148438,border_fail,287.5825500488281,601.5061645507812,0.16389054699107714,False,287.6655674854219,601.3483874958998,0.03565517052870804,False,neither,0,0,not_accepted,not_accepted,Unknown,Unknown,-5.819891360983151,5.8207229693284255,3.0763425435097473,-0.031748444491843136,,
A08,2738,1542885098023024624,281,932.8726196289062,598.6953735351562,border_fail,933.9591064453125,601.1550903320312,0.1515357401908889,False,933.779199363149,600.9473547491635,0.10572302803053454,False,neither,0,0,not_accepted,not_accepted,Unknown,Unknown,-5.577019822742502,5.572824532408777,3.056968173477409,-0.03514151772650219,,
A08,2738,1542885098023024624,513,962.0,262.0,ncc_fail,962.7764892578125,263.96466064453125,0.010773353449083502,False,962.8491071462631,264.4378619194031,0.3544554575186794,False,neither,0,0,not_accepted,not_accepted,Unknown,Unknown,-6.410683631896973,6.393593788146973,3.365976095199585,-0.03689901530742645,,
A08,2739,1542885098073724496,247,632.16357421875,597.7313842773438,border_fail,633.2181396484375,600.1559448242188,0.22643039403511073,False,632.9771421801283,599.7581278037749,0.0304800219052729,True,S_only,0,0,not_accepted,border_fail,Unknown,Unknown,-6.360907088980454,6.353235113941011,3.3242257232750774,-0.0298726260060313,,0.0
A08,2739,1542885098073724496,270,959.3895874023438,583.2381591796875,border_fail,960.1898193359375,585.2783203125,0.034317393150316094,False,960.1644557110369,585.5034656328514,0.13888609230352175,False,neither,0,0,not_accepted,not_accepted,Unknown,Unknown,-5.884760005440565,5.86181938062645,3.1670949983868653,-0.0367290253675098,,
A08,2739,1542885098073724496,516,963.0,264.0,ncc_fail,963.6432495117188,265.9731140136719,0.014287051176629265,False,963.7650460600853,266.3730125427246,0.3179473235022266,False,neither,0,0,not_accepted,not_accepted,Unknown,Unknown,-6.185972690582275,6.173130512237549,3.2673516273498535,-0.034718386828899384,,
A08,2740,1542885098123112048,519,964.0,266.0,ncc_fail,964.7310180664062,267.8021240234375,0.007208611126510102,False,964.738031744957,268.6299147605896,0.5613824565459514,False,neither,0,0,not_accepted,not_accepted,Unknown,Unknown,-6.159368991851807,6.140539169311523,3.2612364292144775,-0.046392183750867844,,
A08,2741,1542885098173871120,520,632.8186645507812,599.1351318359375,border_fail,633.6266479492188,601.4553833007812,0.23755002781093598,False,633.584361916655,601.1238437750106,0.04593051122344257,False,neither,0,0,not_accepted,not_accepted,Unknown,Unknown,-6.088543683662635,6.0834483706227545,3.2039433138507842,-0.029574375368843553,,
A08,2741,1542885098173871120,522,964.0,268.0,ncc_fail,964.5300903320312,269.94268798828125,0.01618536805507185,False,964.6666612029076,270.5080978870392,0.4801366881552532,False,neither,0,0,not_accepted,not_accepted,Unknown,Unknown,-6.093839168548584,6.0868425369262695,3.2424261569976807,-0.04329315945506096,,
A08,2742,1542885098222646800,60,552.5001220703125,599.0106201171875,border_fail,553.2756958007812,601.0520629882812,0.03697123666366531,False,553.2460459511894,600.9375524507888,0.03147215889049538,False,neither,0,0,not_accepted,not_accepted,Unknown,Unknown,-5.598438482916336,5.5978835912676175,3.0308093579600524,-0.029724556304267208,,
A08,2742,1542885098222646800,88,262.53375244140625,599.3887329101562,border_fail,262.9931945800781,601.2026977539062,0.13547716409408758,False,263.02172136837845,601.12055508431,0.04111580803746608,False,neither,0,0,not_accepted,not_accepted,Unknown,Unknown,-6.166547692742368,6.16505435662943,3.2157103220534466,-0.031583592987817516,,
A08,2742,1542885098222646800,191,730.4608764648438,598.981201171875,border_fail,731.3710327148438,601.19091796875,0.08801345719048709,False,731.2301849341698,600.9642142145237,0.05019411774683574,False,neither,0,0,not_accepted,not_accepted,Unknown,Unknown,-5.780855677586615,5.775445440506061,3.0762427328749276,-0.02839746171812374,,
A08,2742,1542885098222646800,198,235.7952117919922,599.3078002929688,border_fail,236.2845458984375,601.1424560546875,0.014939289628743963,False,236.25710079391712,601.0414224694812,0.04149094237779493,False,neither,0,0,not_accepted,not_accepted,Unknown,Unknown,-6.029762069847202,6.022620026308482,3.1575753166985314,-0.03105114284213606,,
A08,2742,1542885098222646800,243,768.1996459960938,599.8501586914062,border_fail,768.7791137695312,601.7275390625,0.05245161188083456,False,768.9682822836721,601.8361861958593,0.04374210883994158,False,neither,0,0,not_accepted,not_accepted,Unknown,Unknown,-6.008536541592491,6.006915594159938,3.1882310502325977,-0.03247839552368896,,
A08,2742,1542885098222646800,523,540.0,4.0,ncc_fail,541.1161499023438,6.075718879699707,0.29497375342477816,False,540.9446374773979,5.958085894584656,0.01391466576132093,False,neither,0,0,not_accepted,not_accepted,Unknown,Unknown,-5.680638790130615,5.6568427085876465,3.0903103351593018,-0.03174375742673874,,
A08,2742,1542885098222646800,524,435.0,2.0,ncc_fail,435.9999694824219,3.759152412414551,0.19239022379629214,False,435.84048026800156,3.683246374130249,0.03373837856570182,False,neither,0,0,not_accepted,not_accepted,Unknown,Unknown,-5.861337661743164,5.834319591522217,3.2198262214660645,-0.03269064426422119,,
A08,2743,1542885098274575344,526,437.0,2.0,ncc_fail,437.97442626953125,3.7429428100585938,0.19345148071734555,False,437.75877463817596,3.6137003898620605,0.08987290547490331,False,neither,0,0,not_accepted,not_accepted,Unknown,Unknown,-5.93591833114624,5.9112067222595215,3.2502694129943848,-0.03530004620552063,,
A08,2743,1542885098274575344,527,239.0,603.0,ncc_fail,239.4727783203125,604.8404541015625,0.04259548019472583,False,239.44938212633133,604.7540369033813,0.0332814506143962,False,neither,0,0,not_accepted,not_accepted,Unknown,Unknown,-5.705650329589844,5.695196151733398,3.014312267303467,-0.028946347534656525,,
A08,2743,1542885098274575344,528,263.0,601.0,ncc_fail,263.41448974609375,602.8099365234375,0.11021997826835246,False,263.48655796051025,602.7624238729477,0.03347253031614798,False,neither,0,0,not_accepted,not_accepted,Unknown,Unknown,-6.0019683837890625,5.999332904815674,3.141333818435669,-0.02929028309881687,,
A08,2743,1542885098274575344,531,553.0,602.0,ncc_fail,553.8253173828125,604.0564575195312,0.06253399520445295,False,553.7387877702713,603.9443871974945,0.044252891249188284,False,neither,0,0,not_accepted,not_accepted,Unknown,Unknown,-5.740909099578857,5.739609718322754,3.0901780128479004,-0.02992289327085018,,
A08,2744,1542885098324018352,96,379.2983703613281,599.77197265625,border_fail,379.86041259765625,601.5399780273438,0.075187044803846,False,379.8882347983331,601.5975098989007,0.043925022013447584,False,neither,0,0,not_accepted,not_accepted,Unknown,Unknown,-6.272274878709311,6.2664411579728,3.27903020294535,-0.03199114428911082,,
A08,2744,1542885098324018352,113,711.0054321289062,598.82080078125,border_fail,711.8850708007812,601.088623046875,0.10569371849097034,False,711.7111134942845,600.832071946506,0.07535257167727058,False,neither,0,0,not_accepted,not_accepted,Unknown,Unknown,-5.6308628225792745,5.632421708487399,3.0469689464147294,-0.03356014186734946,,
A08,2744,1542885098324018352,228,848.2517700195312,599.3333129882812,border_fail,849.109130859375,601.328125,0.12981919473034978,False,848.9302114652029,601.3916518576118,0.08933007817686402,False,neither,0,0,not_accepted,not_accepted,Unknown,Unknown,-6.036754084620819,6.037309833121149,3.1936399210809556,-0.03483209003458375,,
A08,2744,1542885098324018352,532,438.0,5.0,border_fail,438.9918518066406,6.698033332824707,0.04804817331010882,False,438.7587257027626,6.555914044380188,0.014863656642019541,False,neither,0,0,not_accepted,not_accepted,Unknown,Unknown,-5.801121711730957,5.774159908294678,3.198798418045044,-0.0385727733373642,,
A08,2744,1542885098324018352,533,240.0,606.0,ncc_fail,240.3922576904297,607.9157104492188,0.10774980688326716,False,240.38723820447922,607.7173833847046,nan,False,neither,0,0,not_accepted,not_accepted,Unknown,Unknown,-5.722530364990234,5.713793754577637,3.013909101486206,-0.028106331825256348,,
A08,2744,1542885098324018352,535,264.0,603.0,ncc_fail,264.42626953125,604.7764892578125,0.16074266306179888,False,264.4284094274044,604.7265847921371,0.034777836378463975,False,neither,0,0,not_accepted,not_accepted,Unknown,Unknown,-5.917125225067139,5.91627311706543,3.102337598800659,-0.029709482565522194,,
A08,2745,1542885098373119696,208,331.3876647949219,598.9556274414062,border_fail,331.9039306640625,600.6400756835938,0.01974154743565433,False,331.909406221412,600.732700267364,0.0485221246560223,False,neither,0,0,not_accepted,not_accepted,Unknown,Unknown,-6.078573895772183,6.076192541009749,3.204459933284278,-0.030063865071512284,,
A08,2745,1542885098373119696,541,370.0,606.0,ncc_fail,370.40869140625,607.7730712890625,0.17988262777080846,False,370.564141869545,607.8007619380951,nan,False,neither,0,0,not_accepted,not_accepted,Unknown,Unknown,-5.911930561065674,5.901447772979736,3.132202625274658,-0.02957022748887539,,
A08,2746,1542885098422689712,312,750.1612548828125,599.53955078125,border_fail,750.748046875,601.4097290039062,0.07777404635472228,False,750.8564062980497,601.5236841335334,0.061613303784572054,False,neither,0,0,not_accepted,not_accepted,Unknown,Unknown,-5.8686495279546875,5.8609442917042145,3.1075967564310503,-0.029471276453865713,,
A08,2746,1542885098422689712,342,887.8920288085938,598.9445190429688,border_fail,888.6588745117188,601.039306640625,0.041718768287683256,False,888.5670340950581,600.9772518056421,0.07484748060981995,False,neither,0,0,not_accepted,not_accepted,Unknown,Unknown,-6.265605771889236,6.267660193253175,3.2866066298098877,-0.034643468332698005,,
A08,2746,1542885098422689712,537,259.323974609375,598.8545532226562,border_fail,259.71087646484375,600.694580078125,0.254916683957261,False,259.7867927738463,600.5606159544051,0.039979706027753324,False,neither,0,0,not_accepted,not_accepted,Unknown,Unknown,-6.077744636744903,6.076843743473972,3.1788078058173106,-0.03536527743122164,,
A08,2747,1542885098473684560,178,678.7211303710938,599.8546752929688,border_fail,679.6074829101562,601.9981079101562,0.023841632079008582,False,679.4187143182997,601.8150770650805,0.03477453751243361,False,neither,0,0,not_accepted,not_accepted,Unknown,Unknown,-5.978126419306122,5.977370273089829,3.172135651762849,-0.032037111072603985,,
A08,2747,1542885098473684560,544,261.0,600.0,border_fail,261.70343017578125,601.5125732421875,0.07316427537323981,False,261.4603961110115,601.706029176712,0.037406827041495255,False,neither,0,0,not_accepted,not_accepted,Unknown,Unknown,-5.986400127410889,5.985655307769775,3.134032726287842,-0.03740083426237106,,
A08,2748,1542885098524136848,318,918.885498046875,598.123291015625,border_fail,919.688720703125,600.3746948242188,0.0731189199104425,False,919.666033394009,600.2598049259602,0.07055467080976315,False,neither,0,0,not_accepted,not_accepted,Unknown,Unknown,-6.025962198879483,6.022127241019945,3.1965908654859305,-0.03526830641165346,,
A08,2748,1542885098524136848,548,263.0,604.0,ncc_fail,263.7338562011719,605.4716186523438,0.11351956588404874,False,263.4828876852989,605.6777522563934,0.04315436047083686,False,neither,0,0,not_accepted,not_accepted,Unknown,Unknown,-5.935408115386963,5.932498931884766,3.0941872596740723,-0.03298065811395645,,
A08,2749,1542885098572477104,8,799.1640625,598.8404541015625,border_fail,799.779052734375,600.7565307617188,0.0204514227756924,False,799.9525430411095,600.910537235505,0.04761283427588643,False,neither,0,0,not_accepted,not_accepted,Unknown,Unknown,-5.599052555963681,5.598793331106208,3.0138222450211742,-0.03294865659956869,,
A08,2749,1542885098572477104,72,433.2165222167969,598.8287353515625,border_fail,433.88348388671875,600.7860717773438,0.08288062393048959,False,433.91833585953617,600.6516341773204,0.025596458011633547,False,neither,0,0,not_accepted,not_accepted,Unknown,Unknown,-6.252854340991407,6.246847684035204,3.2658842216519686,-0.03173535220775876,,
A08,2749,1542885098572477104,109,526.02099609375,598.4256591796875,border_fail,526.8499755859375,600.396728515625,0.019203875608494646,False,526.8026215380124,600.3625634490066,0.0435076331151987,False,neither,0,0,not_accepted,not_accepted,Unknown,Unknown,-6.392527674883979,6.384507027789539,3.344125889378816,-0.03221558302438132,,
A08,2749,1542885098572477104,356,959.349609375,504.619140625,border_fail,960.1827392578125,506.8268737792969,0.013510294177172397,False,960.185404955783,507.15908607215624,0.30453350334593215,False,neither,0,0,not_accepted,not_accepted,Unknown,Unknown,-6.417060463449161,6.41030522501751,3.4036274140053138,-0.042529816452201885,,
A08,2749,1542885098572477104,473,453.6219482421875,598.3458251953125,border_fail,454.41632080078125,600.333740234375,0.12360674024234806,False,454.3428994565426,600.1886651399117,0.02015843143635792,False,neither,0,0,not_accepted,not_accepted,Unknown,Unknown,-6.245247878083958,6.242442348998459,3.2695914323253525,-0.031229809759592386,,
A08,2749,1542885098572477104,550,736.0,3.0,ncc_fail,737.0046997070312,4.7836151123046875,0.1195692894416026,False,736.9340008497238,4.763579249382019,0.07347482745181153,False,neither,0,0,not_accepted,not_accepted,Unknown,Unknown,-5.58248233795166,5.552972316741943,3.0738022327423096,-0.03452804312109947,,
A08,2750,1542885098623056880,77,659.2540283203125,598.1219482421875,border_fail,660.0755615234375,600.46728515625,0.22079665809908464,False,660.0426792871543,600.0691530864682,0.024040708775620357,False,neither,0,0,not_accepted,not_accepted,Unknown,Unknown,-6.170898182005473,6.163981028678009,3.254344923261282,-0.029360663370802204,,
A08,2750,1542885098623056880,251,474.9432678222656,598.6005249023438,border_fail,475.8760986328125,600.5875854492188,0.04703946863964343,False,475.69239574102625,600.4608652805058,0.03973020201621187,False,neither,0,0,not_accepted,not_accepted,Unknown,Unknown,-6.3199984533825,6.312885985728138,3.2982420506360723,-0.03428296106536742,,
A08,2750,1542885098623056880,551,737.0,4.0,ncc_fail,738.0504760742188,5.789860725402832,0.1978279028309318,False,737.9803522825241,5.668055295944214,0.043237893713068444,False,neither,0,0,not_accepted,not_accepted,Unknown,Unknown,-5.516475200653076,5.487135887145996,3.03556489944458,-0.03409687802195549,,
A08,2750,1542885098623056880,552,263.0,606.0,ncc_fail,263.68682861328125,607.5744018554688,0.2046745052289498,False,263.5206267237663,607.6299463510513,nan,False,neither,0,0,not_accepted,not_accepted,Unknown,Unknown,-5.508943557739258,5.50321626663208,2.9485907554626465,-0.031086944043636322,,
A08,2750,1542885098623056880,553,681.0,606.0,ncc_fail,681.9010009765625,608.5538940429688,0.370049271605313,False,681.7961686849594,607.9580677747726,nan,False,neither,0,0,not_accepted,not_accepted,Unknown,Unknown,-6.0123982429504395,6.011749267578125,3.1789121627807617,-0.030713535845279694,,
A08,2750,1542885098623056880,554,528.0,600.0,border_fail,528.8517456054688,601.9853515625,0.02031113913452347,False,528.770770251751,601.8834404945374,0.02607611358937336,False,neither,0,0,not_accepted,not_accepted,Unknown,Unknown,-6.442558288574219,6.4351654052734375,3.359548568725586,-0.031431518495082855,,
A08,2751,1542885098673667280,104,223.47792053222656,599.326171875,border_fail,224.0401153564453,601.0538330078125,0.05332835009362804,False,223.94950324497552,600.8797252321723,0.01822476551165574,False,neither,0,0,not_accepted,not_accepted,Unknown,Unknown,-5.986315395508811,5.984014217083313,3.17088251109773,-0.037318791765098336,,
A08,2751,1542885098673667280,350,396.7153015136719,598.6734008789062,border_fail,397.4026184082031,600.3529663085938,0.03943428496179626,False,397.3681936118441,600.3819630615311,0.050566175842851446,False,neither,0,0,not_accepted,not_accepted,Unknown,Unknown,-6.525212110503407,6.516392776283545,3.379348444453868,-0.034581956310436576,,
A08,2751,1542885098673667280,557,659.0,599.0,border_fail,659.996337890625,601.2228393554688,0.07804964723140752,False,659.807536482811,600.978492975235,0.02974626153904626,False,neither,0,0,not_accepted,not_accepted,Unknown,Unknown,-5.953831672668457,5.945621490478516,3.175320625305176,-0.031063862144947052,,
A08,2751,1542885098673667280,559,738.0,6.0,border_fail,739.1380615234375,7.7537946701049805,0.14327999091884192,False,739.0278270244598,7.581314921379089,0.07853938118762763,False,neither,0,0,not_accepted,not_accepted,Unknown,Unknown,-5.581869602203369,5.54676628112793,3.060575008392334,-0.039264291524887085,,
A08,2751,1542885098673667280,561,529.0,602.0,ncc_fail,529.8810424804688,604.1373901367188,0.12783518788029857,False,529.7698605656624,603.8639818429947,0.02515723069583617,False,neither,0,0,not_accepted,not_accepted,Unknown,Unknown,-6.268907070159912,6.2610368728637695,3.28993558883667,-0.02931642346084118,,
A08,2752,1542885098723785200,340,352.91632080078125,599.739013671875,border_fail,353.5855712890625,601.3048706054688,0.02605466716828475,False,353.5681530171859,601.3848413446644,0.02967460777487995,False,neither,0,0,not_accepted,not_accepted,Unknown,Unknown,-6.133717181408073,6.131993363972946,3.231620019665762,-0.03377132950030726,,
A08,2752,1542885098723785200,563,660.0,601.0,ncc_fail,661.1068115234375,603.4752807617188,0.2974117659205281,False,660.8515732884407,603.0127472877502,0.02852537502462024,False,neither,0,0,not_accepted,not_accepted,Unknown,Unknown,-5.9181294441223145,5.9084978103637695,3.150905132293701,-0.029771126806735992,,
A08,2752,1542885098723785200,565,530.0,604.0,ncc_fail,530.8873901367188,606.0433959960938,0.08319523912767421,False,530.8305249810219,605.8908383846283,0.013009576129747444,False,neither,0,0,not_accepted,not_accepted,Unknown,Unknown,-6.364765644073486,6.356288909912109,3.324728012084961,-0.029921334236860275,,
A08,2753,1542885098773154352,226,959.28759765625,583.4856567382812,border_fail,960.4032592773438,585.8837890625,0.04977599420718521,False,960.2985761832241,586.0280030372439,0.2144900483177328,False,neither,0,0,not_accepted,not_accepted,Unknown,Unknown,-6.111449004409408,6.089277312309434,3.2122356801992282,-0.053127414961048114,,
A08,2753,1542885098773154352,568,661.0,603.0,ncc_fail,662.114013671875,605.5548095703125,0.37560369158999757,False,661.8649312257767,605.017870426178,0.01783042634046087,False,neither,0,0,not_accepted,not_accepted,Unknown,Unknown,-5.825246810913086,5.816240310668945,3.0955145359039307,-0.030109869316220284,,
A08,2753,1542885098773154352,570,534.0,605.0,ncc_fail,534.8697509765625,607.276123046875,0.2556815803651956,False,534.8233113884926,606.8957030773163,0.0005361150291827314,False,neither,0,0,not_accepted,not_accepted,Unknown,Unknown,-6.226485252380371,6.218527793884277,3.2693305015563965,-0.029604822397232056,,
A08,2754,1542885098824020464,134,559.1747436523438,598.6600952148438,border_fail,560.1162109375,600.645263671875,0.03418867810397036,False,560.0438245561135,600.5720060067497,0.011678193136252785,False,neither,0,0,not_accepted,not_accepted,Unknown,Unknown,-6.388069252222364,6.380131763563387,3.3335893304067667,-0.029418861664059916,,
A08,2754,1542885098824020464,177,294.12249755859375,599.0591430664062,border_fail,294.80560302734375,600.6034545898438,0.06311215189684592,False,294.7292005757131,600.6103597356376,0.04262862354141277,False,neither,0,0,not_accepted,not_accepted,Unknown,Unknown,-5.764354339102367,5.764300531759721,3.0232540495139464,-0.032491500851554486,,
A08,2754,1542885098824020464,571,662.0,605.0,ncc_fail,662.9612426757812,607.1708374023438,0.08464159087132973,False,662.9073600769043,606.9901599884033,0.00678006508064656,False,neither,0,0,not_accepted,not_accepted,Unknown,Unknown,-6.0213518142700195,6.011969566345215,3.1711416244506836,-0.03008994832634926,,
A08,2755,1542885098873066096,236,374.1668395996094,599.8778076171875,border_fail,374.931884765625,601.5285034179688,0.1265943335599969,False,374.85185862831094,601.5390846017492,0.028029344404673175,False,neither,0,0,not_accepted,not_accepted,Unknown,Unknown,-6.331068586214105,6.320318868234189,3.290531296366879,-0.03042823713642208,,
A08,2755,1542885098873066096,310,933.0455932617188,598.9176025390625,border_fail,933.9712524414062,601.7409057617188,0.1692866256878602,False,934.1357857252614,601.4594719086418,0.23178284334852078,False,neither,0,0,not_accepted,not_accepted,Unknown,Unknown,-6.042327958878062,6.0286380982683525,3.3646365109418976,-0.058607745095208275,,
A08,2756,1542885098923629904,202,696.3963012695312,597.6939697265625,border_fail,697.6121826171875,600.06103515625,0.17078690295273857,False,697.377652711339,599.6656016123457,0.020596232272822944,True,S_only,0,0,not_accepted,border_fail,Unknown,Unknown,-5.930763949961346,5.92445035784203,3.134910546558361,-0.028594226398008654,,0.0
A08,2757,1542885098973876336,381,890.6342163085938,599.7652587890625,border_fail,891.6585693359375,602.23828125,0.23959607715852232,False,891.7995344923704,602.244084675367,0.1995566487317892,False,neither,0,0,not_accepted,not_accepted,Unknown,Unknown,-5.711342004510847,5.708503104015829,3.4049185304456113,-0.055896340275525175,,
A08,2758,1542885099024645456,196,253.95579528808594,599.3876342773438,border_fail,254.7299346923828,600.83935546875,0.07830827345796615,False,254.5972152049719,600.7716073982219,0.03818383723770571,False,neither,0,0,not_accepted,not_accepted,Unknown,Unknown,-6.097423923072181,6.099688571264714,3.2307519565044642,-0.03524569975842945,,
A08,2758,1542885099024645456,220,958.7184448242188,342.0124816894531,border_fail,960.174560546875,343.98406982421875,0.04284128877900636,False,960.200829163455,344.2214623954687,0.24655288125128894,False,neither,0,0,not_accepted,not_accepted,Unknown,Unknown,-6.090460726439219,6.078214114148947,3.231970536743227,-0.042256547269152046,,
A08,2758,1542885099024645456,314,959.7677001953125,456.50244140625,border_fail,961.3426513671875,458.806396484375,0.003957883993377313,False,961.1643301932384,459.22805997517844,0.5329413564188019,False,neither,0,0,not_accepted,not_accepted,Unknown,Unknown,-6.180766231667235,6.156062837220702,3.273778279903439,-0.041458249200660324,,
A08,2759,1542885099073088624,86,281.34161376953125,599.1124877929688,border_fail,282.30474853515625,600.4998168945312,0.2191184211130698,False,282.03893721046467,600.5288572207904,0.047934362697963626,False,neither,0,0,not_accepted,not_accepted,Unknown,Unknown,-5.613493966644954,5.605301827794765,3.029655257008055,-0.03272073820715932,,
A08,2759,1542885099073088624,89,959.3994140625,320.2723388671875,border_fail,960.9314575195312,322.19384765625,0.0734005297270767,False,960.9266380355502,322.40626609323107,0.17848105373715936,False,neither,0,0,not_accepted,not_accepted,Unknown,Unknown,-6.221626746275206,6.206147902405405,3.289149378621829,-0.036667975231164274,,
A08,2759,1542885099073088624,98,958.8951416015625,560.812255859375,border_fail,960.1795043945312,562.8477783203125,0.12139485977137728,False,960.2707932294331,563.4167806399233,0.3452922860483692,False,neither,0,0,not_accepted,not_accepted,Unknown,Unknown,-6.238684794388405,6.224317262341231,3.3029888077283402,-0.04371024917139743,,
A08,2759,1542885099073088624,307,802.4488525390625,598.2772827148438,border_fail,803.3248901367188,600.1712036132812,0.23727726091045856,False,803.6087737982473,600.3296580423957,0.026583954199551,False,neither,0,0,not_accepted,not_accepted,Unknown,Unknown,-5.820163988957567,5.817474291891127,3.098530011197603,-0.031366202084698466,,
A08,2761,1542885099172629808,156,772.0733642578125,599.668701171875,border_fail,773.2346801757812,601.8858032226562,0.25091296625929715,False,773.2467594563047,601.6391575746342,0.017680479300571737,False,neither,0,0,not_accepted,not_accepted,Unknown,Unknown,-5.458107669641592,5.457023532755528,2.9543053386060407,-0.028767799329688926,,
A08,2762,1542885099222925488,224,876.1430053710938,597.7451171875,border_fail,877.5038452148438,600.0049438476562,0.08138904777839726,False,877.4571860709134,599.9278536167187,0.0812602937211702,True,S_only,0,0,not_accepted,border_fail,Unknown,Unknown,-6.050959851916616,6.044668549611572,3.195433207914192,-0.038120459289624486,,0.0
A08,2762,1542885099222925488,408,403.68402099609375,599.6734619140625,border_fail,404.5567626953125,601.1376342773438,0.05851782011592769,False,404.54246247765366,601.1660895077912,0.03133026041253025,False,neither,0,0,not_accepted,not_accepted,Unknown,Unknown,-6.1852332087606925,6.176753452950891,3.2211616284643387,-0.028514867513815434,,
A08,2762,1542885099222925488,443,682.382568359375,598.6972045898438,border_fail,683.6385498046875,600.8005981445312,0.06496724353307945,False,683.5029483702434,600.5841331078706,0.0237336972661022,False,neither,0,0,not_accepted,not_accepted,Unknown,Unknown,-6.035960526916661,6.036655308221732,3.171782517899352,-0.032482441577327714,,
A08,2762,1542885099222925488,588,556.0,4.0,ncc_fail,557.5972900390625,5.31765079498291,0.034899592669769434,False,557.6664906740189,5.413209676742554,0.0845215666660625,False,neither,0,0,not_accepted,not_accepted,Unknown,Unknown,-5.940099716186523,5.904767036437988,3.188887357711792,-0.03241202235221863,,
A08,2763,1542885099272533904,92,424.899169921875,599.9212646484375,border_fail,425.8286437988281,601.4431762695312,0.05624743164344885,False,425.88640235340534,601.5539710445885,0.020023499525604976,False,neither,0,0,not_accepted,not_accepted,Unknown,Unknown,-6.216618047095764,6.212289740152656,3.244428920954661,-0.031419074391824786,,
A08,2763,1542885099272533904,186,959.5443115234375,493.28704833984375,border_fail,961.1485595703125,495.619140625,0.12608600638175155,False,961.0537014242727,495.59851309634854,0.19738812093494973,False,neither,0,0,not_accepted,not_accepted,Unknown,Unknown,-5.975188695147548,5.949508978561873,3.1633878084557363,-0.03260136972848815,,
A08,2763,1542885099272533904,589,490.0,2.0,ncc_fail,491.6677551269531,3.1117849349975586,0.0484457983481847,False,491.37453269958496,3.0551241636276245,0.03231506884674021,False,neither,0,0,not_accepted,not_accepted,Unknown,Unknown,-5.843505859375,5.828506946563721,3.160067081451416,-0.03200642764568329,,
A08,2763,1542885099272533904,590,557.0,5.0,border_fail,558.6211547851562,6.287169456481934,0.02057900254592872,False,558.6088659763336,6.345417737960815,0.06375994886606619,False,neither,0,0,not_accepted,not_accepted,Unknown,Unknown,-5.9261474609375,5.890026569366455,3.1829490661621094,-0.034671247005462646,,
A08,2764,1542885099323722608,214,747.6431274414062,598.708251953125,border_fail,748.8009033203125,600.79541015625,0.07857879924958983,False,748.8484133924959,600.6478150498175,0.020450995647666354,False,neither,0,0,not_accepted,not_accepted,Unknown,Unknown,-5.916056479819687,5.911502241804143,3.137641811743336,-0.030299119590768087,,
A08,2764,1542885099323722608,288,579.7652587890625,598.4615478515625,border_fail,580.7759399414062,600.240966796875,0.0844874065949496,False,580.8516484735943,600.2154921841982,0.014750892682962171,False,neither,0,0,not_accepted,not_accepted,Unknown,Unknown,-6.237028648061205,6.233032336950274,3.262689797762306,-0.03211660464695404,,
A08,2764,1542885099323722608,593,425.0,602.0,ncc_fail,426.0018005371094,603.4671020507812,0.08717523403092552,False,425.97310131788254,603.5615051984787,0.058368892536613634,False,neither,0,0,not_accepted,not_accepted,Unknown,Unknown,-6.1499552726745605,6.1440300941467285,3.212836742401123,-0.030612511560320854,,
A08,2764,1542885099323722608,594,585.0,4.0,ncc_fail,586.8038330078125,4.988321304321289,0.05160985474143536,False,586.7049400806427,5.3439189195632935,0.08895472966456576,False,neither,0,0,not_accepted,not_accepted,Unknown,Unknown,-5.777982234954834,5.747971057891846,3.0708281993865967,-0.032393570989370346,,
A08,2764,1542885099323722608,595,491.0,1.0,ncc_fail,492.658203125,2.112459182739258,0.040390076302155985,False,492.4226105213165,2.0612987279891968,0.03993162321138634,False,neither,0,0,not_accepted,not_accepted,Unknown,Unknown,-5.671051025390625,5.655313014984131,3.071758270263672,-0.027897819876670837,,
A08,2765,1542885099373593360,114,491.6332092285156,599.9158935546875,border_fail,492.8767395019531,601.7342529296875,0.13357368243227352,False,492.65501459041695,601.5528166841411,0.008092109058921777,False,neither,0,0,not_accepted,not_accepted,Unknown,Unknown,-6.110209136061947,6.104751426224068,3.2050557900628425,-0.03634460308292563,,
A08,2765,1542885099373593360,287,332.4125671386719,599.72900390625,border_fail,333.1941833496094,601.0798950195312,0.03154320554378666,False,333.2561582380502,601.0667423346789,0.05512799223067555,False,neither,0,0,not_accepted,not_accepted,Unknown,Unknown,-6.241008417939867,6.231459806043212,3.2430623924533215,-0.03328721905688453,,
A08,2765,1542885099373593360,597,587.0,4.0,ncc_fail,588.8992309570312,4.714963912963867,0.17921120993646542,False,588.700563788414,5.3729753494262695,0.09203971032209389,False,neither,0,0,not_accepted,not_accepted,Unknown,Unknown,-5.730912208557129,5.697473526000977,3.0913376808166504,-0.03424229472875595,,
A08,2765,1542885099373593360,598,426.0,603.0,ncc_fail,427.0562744140625,604.4846801757812,0.10929282115456071,False,426.9577365517616,604.5121005773544,0.12495432652260494,False,neither,0,0,not_accepted,not_accepted,Unknown,Unknown,-6.105269432067871,6.104343414306641,3.1782383918762207,-0.03221113234758377,,
A08,2765,1542885099373593360,600,493.0,4.0,ncc_fail,494.7091064453125,5.138430595397949,0.02005647249033036,False,494.42700040340424,5.064444065093994,0.06911425769990029,False,neither,0,0,not_accepted,not_accepted,Unknown,Unknown,-5.698669910430908,5.679344177246094,3.0634114742279053,-0.028344355523586273,,
A08,2766,1542885099423603056,17,543.823486328125,598.5189208984375,border_fail,545.0339965820312,600.3104248046875,0.023813490203734623,False,544.9417424796067,600.1953140627617,0.03877938961334949,False,neither,0,0,not_accepted,not_accepted,Unknown,Unknown,-5.639575148958869,5.641920506589315,3.0239472694848004,-0.03210367909234346,,
A08,2766,1542885099423603056,131,449.4297180175781,598.933349609375,border_fail,450.45159912109375,600.480224609375,0.04615493891422274,False,450.4868324412553,600.5048237945502,0.06297916448369675,False,neither,0,0,not_accepted,not_accepted,Unknown,Unknown,-6.332824658619437,6.33125947759531,3.3088182564999897,-0.03297247338445222,,
A08,2766,1542885099423603056,237,958.654541015625,306.6588134765625,border_fail,960.3643798828125,308.4532165527344,0.09599547594556572,False,960.3723174391665,308.6529703609142,0.18094199185943732,False,neither,0,0,not_accepted,not_accepted,Unknown,Unknown,-6.206549878423914,6.197138962581505,3.2639865908220713,-0.03660969322131835,,
A08,2766,1542885099423603056,602,427.0,605.0,ncc_fail,428.0173645019531,606.5057983398438,0.08184876466611468,False,428.02941274642944,606.5435045957565,0.07158875817954229,False,neither,0,0,not_accepted,not_accepted,Unknown,Unknown,-6.08306360244751,6.079397678375244,3.1772074699401855,-0.02958606742322445,,
A08,2766,1542885099423603056,605,494.0,5.0,border_fail,495.65655517578125,6.126964569091797,0.044777646347642426,False,495.42832589149475,5.970177948474884,0.06906515337106461,False,neither,0,0,not_accepted,not_accepted,Unknown,Unknown,-5.799200534820557,5.77883243560791,3.1131067276000977,-0.028655145317316055,,
A08,2767,1542885099472521872,538,235.50604248046875,599.06494140625,border_fail,236.3264617919922,600.2940673828125,0.012212675696976467,False,236.29860700736532,600.2209187051545,0.06634163636036584,False,neither,0,0,not_accepted,not_accepted,Unknown,Unknown,-6.1345161442796865,6.129850991092596,3.2108725537710185,-0.032133389131779766,,
A08,2767,1542885099472521872,607,546.0,602.0,ncc_fail,547.2352294921875,603.89404296875,0.1134994313082963,False,547.1290776729584,603.7001194953918,0.04659302885026363,False,neither,0,0,not_accepted,not_accepted,Unknown,Unknown,-5.661221504211426,5.659946441650391,3.0289418697357178,-0.03199233114719391,,
A08,2767,1542885099472521872,608,427.0,606.0,ncc_fail,427.92779541015625,607.504150390625,0.09613155788112906,False,428.0432233810425,607.5454919338226,nan,False,neither,0,0,not_accepted,not_accepted,Unknown,Unknown,-5.858280181884766,5.854904651641846,3.0739681720733643,-0.029042871668934822,,
A08,2767,1542885099472521872,611,448.0,600.0,border_fail,448.9833679199219,601.6553955078125,0.1189499446987927,False,449.0858037471771,601.5920923948288,0.0878914221404084,False,neither,0,0,not_accepted,not_accepted,Unknown,Unknown,-6.171581745147705,6.16837739944458,3.235456943511963,-0.031348418444395065,,
A08,2768,1542885099522574640,150,359.9870300292969,599.0889892578125,border_fail,361.0226135253906,600.4825439453125,0.05527798293601862,False,360.8939296597953,600.5321550163277,0.03611787485884893,False,neither,0,0,not_accepted,not_accepted,Unknown,Unknown,-6.127120586646724,6.122149294779414,3.223482699030799,-0.035388492015080555,,
A08,2768,1542885099522574640,326,958.770751953125,338.6529235839844,border_fail,960.4898681640625,340.53631591796875,0.03302701357739057,False,960.5486349526192,340.6977041923574,0.18012169680204201,False,neither,0,0,not_accepted,not_accepted,Unknown,Unknown,-5.779236846691518,5.764786684033329,3.1072201352614073,-0.03141405609200554,,
A08,2768,1542885099522574640,612,545.0,605.0,ncc_fail,546.1931762695312,606.9044189453125,0.11204246092477327,False,546.0948317050934,606.7273933887482,0.018902970650320986,False,neither,0,0,not_accepted,not_accepted,Unknown,Unknown,-5.509123802185059,5.509157180786133,2.963819742202759,-0.03134612366557121,,
A08,2768,1542885099522574640,613,425.0,605.0,ncc_fail,425.8403015136719,606.4913330078125,0.1422615324894989,False,426.0172030925751,606.6078743934631,0.04884291936040252,False,neither,0,0,not_accepted,not_accepted,Unknown,Unknown,-6.0209856033325195,6.015956878662109,3.1607139110565186,-0.03076876327395439,,
A08,2769,1542885099572487728,616,449.0,603.0,ncc_fail,450.0340270996094,604.6131591796875,0.07851659859580312,False,450.0377246141434,604.6708383560181,0.01728490090924716,False,neither,0,0,not_accepted,not_accepted,Unknown,Unknown,-6.125458717346191,6.120691299438477,3.219677448272705,-0.030731648206710815,,
A08,2769,1542885099572487728,618,425.0,606.0,ncc_fail,425.85040283203125,607.8929443359375,0.4701419835273065,False,425.99335753917694,607.614741563797,nan,False,neither,0,0,not_accepted,not_accepted,Unknown,Unknown,-5.868685722351074,5.864753723144531,3.084719181060791,-0.0286111980676651,,
A08,2770,1542885099623874288,43,931.667236328125,598.333984375,border_fail,933.4952392578125,600.8131713867188,0.08873248108704858,False,933.2535266452442,600.7856438741645,0.16119913341483966,False,neither,0,0,not_accepted,not_accepted,Unknown,Unknown,-6.310569118625608,6.3027198835955005,3.3979276996818726,-0.05029451086321757,,
A08,2770,1542885099623874288,69,959.4483642578125,522.7625122070312,border_fail,961.5431518554688,525.21728515625,0.1772931354404338,False,961.123359525287,525.1379134253582,0.13925968171024108,False,neither,0,0,not_accepted,not_accepted,Unknown,Unknown,-5.7852577001593595,5.772868687556844,3.0418470142116494,-0.03903846141926379,,
A08,2770,1542885099623874288,319,959.8099975585938,482.4765930175781,border_fail,961.9609375,484.9359130859375,0.06451356106193938,False,961.5015094987469,484.7470616256312,0.11395900171141327,False,neither,0,0,not_accepted,not_accepted,Unknown,Unknown,-5.440928241584607,5.421023389170917,2.902642226690074,-0.03372583578063971,,
A08,2770,1542885099623874288,620,548.0,605.0,ncc_fail,549.2830810546875,606.8638916015625,0.10924317726636798,False,549.1041758060455,606.7548211812973,0.024157767766861675,False,neither,0,0,not_accepted,not_accepted,Unknown,Unknown,-5.460044860839844,5.461919784545898,2.9403131008148193,-0.030317731201648712,,
A08,2771,1542885099672817168,614,238.28366088867188,599.6173706054688,border_fail,239.0424041748047,600.7876586914062,0.03648167137098218,False,239.04236460401066,600.7457503523603,0.07316110427348574,False,neither,0,0,not_accepted,not_accepted,Unknown,Unknown,-6.077703865815639,6.0685683450637375,3.204268352897304,-0.03425458638299446,,
A08,2772,1542885099722951888,334,220.28089904785156,599.9642944335938,border_fail,221.0632781982422,601.0878295898438,0.0363112630986364,False,221.0301732032617,601.0073994015397,0.07322361777312407,False,neither,0,0,not_accepted,not_accepted,Unknown,Unknown,-5.830197737317176,5.828409241018771,3.138472044777819,-0.03639769865806375,,
A08,2773,1542885099773526384,83,569.3494262695312,598.9609985351562,border_fail,570.5423583984375,600.6714477539062,0.033291418823414555,False,570.5413322679676,600.733667285441,0.04277707336107576,False,neither,0,0,not_accepted,not_accepted,Unknown,Unknown,-6.100232253580209,6.092493822439186,3.2090364439186283,-0.02837848715969344,,
A08,2773,1542885099773526384,162,640.5775756835938,599.1149291992188,border_fail,641.7265014648438,601.0335693359375,0.20418850630286575,False,641.8088666775482,600.9657145881434,0.04641415715023811,False,neither,0,0,not_accepted,not_accepted,Unknown,Unknown,-5.843823572145569,5.846830559235176,3.083053497032606,-0.030805743465000833,,
A08,2774,1542885099824900112,126,959.6846923828125,288.8252258300781,border_fail,961.7552490234375,290.6805419921875,0.059603603628602175,False,961.6499080395033,290.85642602360423,0.2119139020481425,False,neither,0,0,not_accepted,not_accepted,Unknown,Unknown,-5.943692700282508,5.913276318859175,3.1781245318621734,-0.03276463373811493,,
A08,2774,1542885099824900112,628,573.0,601.0,ncc_fail,574.2178955078125,602.6854858398438,0.027031960119721244,False,574.196373462677,602.7218255996704,0.027605593087345462,False,neither,0,0,not_accepted,not_accepted,Unknown,Unknown,-6.221311569213867,6.2177019119262695,3.2712059020996094,-0.03046131320297718,,
A08,2775,1542885099873097264,22,694.6533203125,598.3843383789062,border_fail,695.895751953125,600.2708740234375,0.026251716671169618,False,695.9232113306045,600.1825629926117,0.02864132298405413,False,neither,0,0,not_accepted,not_accepted,Unknown,Unknown,-6.24288051874322,6.238671845176697,3.260088855595015,-0.03146461256423683,,
A08,2775,1542885099873097264,143,542.6500244140625,599.66748046875,border_fail,544.0167236328125,601.57666015625,0.15591433949375907,False,543.8210061249313,601.3041278414697,0.024513940179130115,False,neither,0,0,not_accepted,not_accepted,Unknown,Unknown,-6.02122998985746,6.024824554073405,3.1869888842314538,-0.03386231636375081,,
A08,2775,1542885099873097264,271,771.9258422851562,599.393798828125,border_fail,773.342529296875,601.38232421875,0.08189862747556076,False,773.2931521295649,601.3449004540641,0.04204746616403613,False,neither,0,0,not_accepted,not_accepted,Unknown,Unknown,-5.645633867816137,5.645129482120623,3.039892317417234,-0.03291928867575372,,
A08,2775,1542885099873097264,279,905.1710205078125,598.7410888671875,border_fail,906.8273315429688,601.0553588867188,0.0726846967404236,False,906.705865116724,600.917628170757,0.09981226887295856,False,neither,0,0,not_accepted,not_accepted,Unknown,Unknown,-5.614640161395528,5.610283636271099,3.060294117126464,-0.03716758263448461,,
A08,2775,1542885099873097264,630,574.0,602.0,ncc_fail,575.184326171875,603.718994140625,0.08363201834075756,False,575.1942545175552,603.6872158050537,0.0279096693621023,False,neither,0,0,not_accepted,not_accepted,Unknown,Unknown,-6.092739105224609,6.089570045471191,3.221290111541748,-0.029594173654913902,,
A08,2776,1542885099924157296,256,471.3154296875,598.6542358398438,border_fail,472.4833984375,600.2401733398438,0.10329761580335889,False,472.43531865603813,600.2199558074896,0.018482053243658318,False,neither,0,0,not_accepted,not_accepted,Unknown,Unknown,-6.363466066721543,6.350319276035123,3.321781816150633,-0.03308655377846481,,
A08,2776,1542885099924157296,632,576.0,605.0,ncc_fail,577.14892578125,606.6930541992188,0.10024754536565504,False,577.1863222122192,606.6715885400772,0.025200412996105506,False,neither,0,0,not_accepted,not_accepted,Unknown,Unknown,-6.042634010314941,6.0404052734375,3.2010769844055176,-0.029642809182405472,,
A08,2776,1542885099924157296,633,547.0,605.0,ncc_fail,548.3428955078125,606.818603515625,0.13327498413419298,False,548.1735243797302,606.6449952125549,0.01706977534053614,False,neither,0,0,not_accepted,not_accepted,Unknown,Unknown,-5.979515552520752,5.978761196136475,3.162306308746338,-0.03252527117729187,,
A08,2777,1542885099974190032,20,611.5638427734375,598.4517822265625,border_fail,612.7073974609375,600.170166015625,0.05027733717275136,False,612.7588688948592,600.1827184660665,0.04015558053948007,False,neither,0,0,not_accepted,not_accepted,Unknown,Unknown,-5.718079283335534,5.71686254871554,3.0777856995202946,-0.030540127432973574,,
A08,2777,1542885099974190032,637,456.0,606.0,ncc_fail,457.1322937011719,607.5148315429688,0.03321641768111607,False,457.0652298927307,607.5398502349854,nan,False,neither,0,0,not_accepted,not_accepted,Unknown,Unknown,-6.059802055358887,6.053097248077393,3.2009897232055664,-0.0287266056984663,,
A08,2778,1542885100024113232,71,427.2000732421875,599.9168090820312,border_fail,428.251953125,601.3949584960938,0.026042207076505407,False,428.2790968177844,601.4308364307857,0.015335398317346389,False,neither,0,0,not_accepted,not_accepted,Unknown,Unknown,-6.100621656755557,6.092745540798973,3.215708467391355,-0.030236336338991338,,
A08,2778,1542885100024113232,93,958.2422485351562,270.0470275878906,border_fail,960.5013427734375,271.8560791015625,0.17329873954303698,False,960.1725836261816,271.95644864216496,0.22075857023071827,False,neither,0,0,not_accepted,not_accepted,Unknown,Unknown,-5.670702422166196,5.647660595164462,3.08149142660598,-0.033662291284816744,,
A08,2779,1542885100075213296,210,508.96380615234375,598.78173828125,border_fail,510.1370544433594,600.5089111328125,0.02213946707449619,False,510.12237765127384,600.4331924441174,0.025923243615852114,False,neither,0,0,not_accepted,not_accepted,Unknown,Unknown,-6.301750983058042,6.29822308686721,3.296140221044105,-0.036052623349012713,,
A08,2779,1542885100075213296,221,200.96034240722656,599.1503295898438,border_fail,201.7576904296875,600.1615600585938,0.011118454625718458,False,201.70320757252375,600.0549984155141,0.04040833469975399,False,neither,0,0,not_accepted,not_accepted,Unknown,Unknown,-5.84645768525785,5.838180876766609,3.1029400345403664,-0.034883351146018954,,
A08,2780,1542885100124086832,34,822.3484497070312,598.9542846679688,border_fail,823.7603759765625,601.0053100585938,0.07129117884172685,False,823.7220163279388,600.9604154103007,0.06827176868879992,False,neither,0,0,not_accepted,not_accepted,Unknown,Unknown,-5.889043481580842,5.885469048947359,3.0987512477825305,-0.028378141227724855,,
A08,2780,1542885100124086832,110,720.5964965820312,598.5601806640625,border_fail,721.8046875,600.5506591796875,0.14976615808160237,False,721.8564507919973,600.439293897084,0.03387067101217871,False,neither,0,0,not_accepted,not_accepted,Unknown,Unknown,-5.827812694050117,5.825606434153052,3.1532940324291996,-0.03839577918481213,,
A08,2780,1542885100124086832,644,218.0,606.0,ncc_fail,218.7795867919922,607.1002807617188,0.0416691827138565,False,218.7189222574234,606.9523906707764,0.09028973678098616,False,neither,0,0,not_accepted,not_accepted,Unknown,Unknown,-5.4469709396362305,5.432738304138184,2.9333605766296387,-0.033031854778528214,,
A08,2781,1542885100172577296,57,597.3396606445312,598.2406005859375,border_fail,598.5340576171875,600.001953125,0.06154989249005446,False,598.479071250888,599.9872990486334,0.037598180249719684,True,S_only,0,0,not_accepted,border_fail,Unknown,Unknown,-5.921397466119938,5.91584506995628,3.1563393565874627,-0.03126836546403919,,0.0
A08,2781,1542885100172577296,253,862.3844604492188,599.0556030273438,border_fail,863.6844482421875,601.0523071289062,0.028119791396291137,False,863.754621882775,601.0528862487677,0.06779434428130701,False,neither,0,0,not_accepted,not_accepted,Unknown,Unknown,-5.645913534941272,5.648716563304285,3.008809030068332,-0.03035358659616759,,
A08,2782,1542885100222583312,133,321.5019226074219,599.8339233398438,border_fail,322.3065185546875,601.20703125,0.07793377480747096,False,322.3050149863887,601.1174842484087,0.0574437045244609,False,neither,0,0,not_accepted,not_accepted,Unknown,Unknown,-6.36654755556526,6.361555754588775,3.331171690501761,-0.03450708199127391,,
A08,2782,1542885100222583312,138,754.7962646484375,599.138916015625,border_fail,756.0192260742188,601.0670166015625,0.052955446626315766,False,756.0319069645093,601.0274518557034,0.011167893003893734,False,neither,0,0,not_accepted,not_accepted,Unknown,Unknown,-5.918983642790792,5.916337934435234,3.131511521623935,-0.03221452896950516,,
A08,2782,1542885100222583312,649,588.0,605.0,forward_fail,589.2105102539062,606.904296875,0.2092424830934654,False,589.0996992588043,606.7223789691925,0.01588904949015418,False,neither,0,0,not_accepted,not_accepted,Unknown,Unknown,-5.610567092895508,5.601986885070801,3.0321462154388428,-0.028139766305685043,,
A08,2783,1542885100273976720,652,592.0,606.0,ncc_fail,593.1956787109375,607.7483520507812,0.16053231212716837,False,593.094806432724,607.6792368888855,nan,False,neither,0,0,not_accepted,not_accepted,Unknown,Unknown,-5.747828483581543,5.739993095397949,3.0750985145568848,-0.027922388166189194,,
A08,2784,1542885100322448624,118,424.36328125,599.3216552734375,border_fail,425.0528564453125,600.8194580078125,0.20870120034912223,False,425.23064721846526,600.80434246249,0.04598107651717841,False,neither,0,0,not_accepted,not_accepted,Unknown,Unknown,-6.349799456812207,6.345276955973304,3.3134487871371903,-0.035730721043737645,,
A08,2784,1542885100322448624,357,623.4380493164062,599.5925903320312,border_fail,624.3995971679688,601.2911987304688,0.045164572202970085,False,624.4791424544023,601.2285807025714,0.0342419972107624,False,neither,0,0,not_accepted,not_accepted,Unknown,Unknown,-5.663217779369731,5.661090101506598,3.0145782390265294,-0.02829787848163986,,
A08,2785,1542885100372823056,55,773.6356811523438,267.8060302734375,ncc_fail,774.884765625,269.603759765625,0.03854161103562473,True,774.9258445297661,269.20016831776786,0.01736278347593331,True,both,3,0,completed_3_step_check,ncc_fail,Unknown,Unknown,-5.740440447990856,5.725236699601606,3.088245587769011,-0.028488992738176372,7.268886228280736,0.0
A08,2785,1542885100372823056,239,532.4955444335938,598.4385375976562,border_fail,533.462890625,600.0855102539062,0.021312371888432883,False,533.4406816607975,599.9722594315996,0.010503232581394859,True,S_only,0,0,not_accepted,border_fail,Unknown,Unknown,-6.133694122447896,6.129709146109766,3.2205916996431405,-0.03131080240309068,,0.0
A08,2785,1542885100372823056,275,788.138427734375,599.5472412109375,border_fail,789.5214233398438,601.4395141601562,0.21777921934107525,False,789.2584547096483,601.2998853385882,0.03505947463948968,False,neither,0,0,not_accepted,not_accepted,Unknown,Unknown,-5.9487259597806315,5.945586415485465,3.124510699369722,-0.03111042101775796,,
A08,2785,1542885100372823056,294,959.7579345703125,559.6013793945312,border_fail,960.9232177734375,561.28466796875,0.008606173465252706,False,961.0261061561564,561.5756863527283,0.13275219735399318,False,neither,0,0,not_accepted,not_accepted,Unknown,Unknown,-6.162225987494601,6.146565565424773,3.2726483704727816,-0.03390634368615311,,
A08,2785,1542885100372823056,656,616.0,601.0,ncc_fail,617.0604858398438,602.7368774414062,0.1905906779236648,False,616.9897617101669,602.6018966436386,0.02694370442625706,False,neither,0,0,not_accepted,not_accepted,Unknown,Unknown,-5.633920669555664,5.634026050567627,3.034465789794922,-0.02997058816254139,,
A08,2786,1542885100422496112,139,959.2042236328125,518.5657348632812,border_fail,960.5208129882812,520.180419921875,0.047526050376020354,False,960.4148125926612,520.4062036973452,0.12219089291963495,False,neither,0,0,not_accepted,not_accepted,Unknown,Unknown,-6.097890694005411,6.08494893922251,3.219164199458767,-0.03126689670000962,,
A08,2786,1542885100422496112,657,617.0,603.0,ncc_fail,618.0819091796875,604.5943603515625,0.14664628299940993,False,617.9751426577568,604.5401983261108,0.02455566491549468,False,neither,0,0,not_accepted,not_accepted,Unknown,Unknown,-5.63340425491333,5.632877349853516,3.0347557067871094,-0.031414780765771866,,
A08,2787,1542885100473538832,120,959.3412475585938,583.6303100585938,border_fail,960.36865234375,585.2550048828125,0.039203627280966484,False,960.4358247543856,585.279686617714,0.12324886114919435,False,neither,0,0,not_accepted,not_accepted,Unknown,Unknown,-6.047960682603019,6.02631668179316,3.226525735155797,-0.03297825495265337,,
A08,2787,1542885100473538832,129,687.8154907226562,599.95068359375,border_fail,688.5774536132812,601.3216552734375,0.07626752472215029,False,688.7440706324454,601.4071869960898,0.040755996432081706,False,neither,0,0,not_accepted,not_accepted,Unknown,Unknown,-5.916447997690426,5.912693111583238,3.1108877693449344,-0.029783087714014722,,
A08,2788,1542885100523473776,664,690.0,604.0,ncc_fail,690.667724609375,605.34765625,0.10557199652141758,False,690.857278585434,605.3582561016083,0.0328044993563127,False,neither,0,0,not_accepted,not_accepted,Unknown,Unknown,-6.030352592468262,6.023838996887207,3.175757884979248,-0.030350513756275177,,
A08,2789,1542885100573295536,599,959.76416015625,404.4647216796875,border_fail,960.7906494140625,405.75341796875,0.0006261683510950681,False,960.6133200600322,405.8607722932227,0.12669842898582256,False,neither,0,0,not_accepted,not_accepted,Unknown,Unknown,-5.760858247916758,5.749781063447784,3.10979954151793,-0.030916735392550798,,
A08,2790,1542885100623833008,16,590.267333984375,599.080810546875,border_fail,591.0388793945312,600.3084716796875,0.04871909366165914,False,591.0561513334732,600.2910337257542,0.036609542032692975,False,neither,0,0,not_accepted,not_accepted,Unknown,Unknown,-5.9904273660964975,5.9851840945888455,3.1605639548258324,-0.030951101219528154,,
A08,2790,1542885100623833008,305,379.65325927734375,598.8207397460938,border_fail,380.2154235839844,599.9591064453125,0.05502576605124051,True,380.30556524263164,599.9876481223713,0.028408784261347395,True,both,0,0,border_fail,border_fail,Unknown,Unknown,-6.108391923564337,6.101710005660138,3.2074599039241836,-0.031053187078165845,0.0,0.0
A08,2791,1542885100673356304,15,481.2788391113281,599.3050537109375,border_fail,482.10137939453125,600.549072265625,0.01210609668532202,False,482.01995860224775,600.4676047977858,0.017643850658566627,False,neither,0,0,not_accepted,not_accepted,Unknown,Unknown,-6.564978672889415,6.559185402122521,3.4108506047368827,-0.036425731036414014,,
A08,2791,1542885100673356304,203,220.9355926513672,599.9064331054688,border_fail,221.4585418701172,600.9884643554688,0.007319528349420724,False,221.33091120447338,600.9621398918948,0.013544392234866757,False,neither,0,0,not_accepted,not_accepted,Unknown,Unknown,-6.262595975328631,6.2582793597737,3.283562951286167,-0.032140263707443675,,
A08,2792,1542885100723617072,667,959.8231811523438,401.410888671875,border_fail,960.7294311523438,402.4064636230469,0.014497134503087221,False,960.5166887211051,402.6058932502436,0.12335743009879789,False,neither,0,0,not_accepted,not_accepted,Unknown,Unknown,-6.2854698035741805,6.274916147339866,3.314525480486978,-0.03337744484960509,,
A08,2792,1542885100723617072,668,594.7294921875,599.12744140625,border_fail,595.4697265625,600.2009887695312,0.03495162115157355,False,595.4925755580921,600.2472600094902,0.04123649238946908,False,neither,0,0,not_accepted,not_accepted,Unknown,Unknown,-6.282747440469166,6.272740287481611,3.2906394738474773,-0.03167307787221141,,
A08,2792,1542885100723617072,670,220.0,601.0,border_fail,220.52391052246094,602.0974731445312,0.025730064906658526,False,220.39945951104164,602.0133874416351,0.03366767741133945,False,neither,0,0,not_accepted,not_accepted,Unknown,Unknown,-6.290245056152344,6.2823028564453125,3.292914628982544,-0.02925635688006878,,
A08,2793,1542885100772791984,672,221.0,602.0,ncc_fail,221.53656005859375,603.0318603515625,0.040004482688658145,False,221.39127659797668,602.9680922031403,0.015580995817552967,False,neither,0,0,not_accepted,not_accepted,Unknown,Unknown,-6.110355377197266,6.10665225982666,3.2206170558929443,-0.02917516604065895,,
A08,2793,1542885100772791984,673,595.0,600.0,border_fail,595.7767333984375,601.0489501953125,0.021834724679202135,False,595.7629350423813,601.0662307739258,0.05049594252910688,False,neither,0,0,not_accepted,not_accepted,Unknown,Unknown,-6.400343418121338,6.390744686126709,3.3361012935638428,-0.03126039355993271,,
A08,2793,1542885100772791984,674,960.0,404.0,border_fail,960.9027099609375,404.97296142578125,0.023606663416291793,False,960.6905274391174,405.14855217933655,0.1040561479617949,False,neither,0,0,not_accepted,not_accepted,Unknown,Unknown,-6.340966701507568,6.329468250274658,3.3406338691711426,-0.03251669183373451,,
A08,2794,1542885100822826864,206,267.3297119140625,599.3585205078125,border_fail,267.80621337890625,600.2722778320312,0.013878084656060411,False,267.83691484385497,600.3231081294322,0.01941521816037788,False,neither,0,0,not_accepted,not_accepted,Unknown,Unknown,-6.377639374739779,6.3688624367458075,3.3266360857357142,-0.029291024028428425,,
A08,2794,1542885100822826864,362,959.5247802734375,551.9456176757812,border_fail,960.231689453125,553.0286254882812,0.018149109294673456,False,960.2084198227197,553.0196649891952,0.1343798766731286,False,neither,0,0,not_accepted,not_accepted,Unknown,Unknown,-6.397517038793328,6.379083866568418,3.3392225838898977,-0.027964316166314757,,
A08,2794,1542885100822826864,675,221.0,604.0,ncc_fail,221.55836486816406,605.0137939453125,0.05542773767218124,False,221.428528547287,604.9414018392563,0.013948967401210629,False,neither,0,0,not_accepted,not_accepted,Unknown,Unknown,-6.1016340255737305,6.0960564613342285,3.215613842010498,-0.027791094034910202,,
A08,2794,1542885100822826864,676,961.0,404.0,border_fail,961.8563842773438,404.9606018066406,0.015995782096910244,False,961.6942802667618,405.08968770504,0.10363811970498753,False,neither,0,0,not_accepted,not_accepted,Unknown,Unknown,-6.386242866516113,6.374355792999268,3.3569083213806152,-0.031930990517139435,,
A08,2795,1542885100873035344,678,222.0,605.0,ncc_fail,222.5283203125,605.986328125,0.056278725084520816,False,222.4033817946911,605.9333045482635,0.02247881013193816,False,neither,0,0,not_accepted,not_accepted,Unknown,Unknown,-6.100221157073975,6.093788146972656,3.214738368988037,-0.02767663076519966,,
A08,2795,1542885100873035344,679,270.0,604.0,ncc_fail,270.4833679199219,604.9409790039062,0.012999342030600275,False,270.49776339530945,604.9611669778824,0.025591860889872777,False,neither,0,0,not_accepted,not_accepted,Unknown,Unknown,-6.14132833480835,6.128386497497559,3.2276370525360107,-0.027657849714159966,,
A08,2795,1542885100873035344,680,595.0,603.0,ncc_fail,595.7687377929688,603.9698486328125,0.003843276731306437,False,595.7788394093513,604.0163433551788,0.042074525685485066,False,neither,0,0,not_accepted,not_accepted,Unknown,Unknown,-6.109786033630371,6.098485469818115,3.2186169624328613,-0.030631564557552338,,
A08,2795,1542885100873035344,681,962.0,405.0,ncc_fail,962.7850952148438,405.9703063964844,0.015244866695377987,False,962.6508218050003,406.1026977300644,0.10636476975568271,False,neither,0,0,not_accepted,not_accepted,Unknown,Unknown,-6.257682800292969,6.24946403503418,3.3069145679473877,-0.032215435057878494,,
A08,2796,1542885100922567408,284,246.538818359375,599.5780029296875,border_fail,247.03433227539062,600.5344848632812,0.0321268214329111,False,247.0272162407068,600.5094735908921,0.03972796271277974,False,neither,0,0,not_accepted,not_accepted,Unknown,Unknown,-6.453989296938815,6.4422763147735225,3.361629459842632,-0.029715768426882005,,
A08,2796,1542885100922567408,682,270.0,605.0,ncc_fail,270.489013671875,605.8828125,0.03559108541962718,False,270.52564215660095,605.9422993659973,0.0342689382265178,False,neither,0,0,not_accepted,not_accepted,Unknown,Unknown,-6.217333793640137,6.205079078674316,3.260650157928467,-0.028255263343453407,,
A08,2796,1542885100922567408,683,222.0,603.0,ncc_fail,222.56802368164062,603.9832763671875,0.04252784104598262,False,222.44314473867416,603.9200768470764,0.03310890926449986,False,neither,0,0,not_accepted,not_accepted,Unknown,Unknown,-6.256031513214111,6.250265121459961,3.2808749675750732,-0.02893891930580139,,
A08,2796,1542885100922567408,684,963.0,406.0,ncc_fail,963.83203125,406.8304443359375,0.006057566296777102,False,963.6909896731377,407.0478037595749,0.10791375929530388,False,neither,0,0,not_accepted,not_accepted,Unknown,Unknown,-6.174319744110107,6.164167404174805,3.2685751914978027,-0.03156723082065582,,
A08,2797,1542885100973325424,103,959.45947265625,280.7703552246094,border_fail,960.0582275390625,281.80657958984375,0.0038330855635028277,False,960.1185163734881,281.84306547450035,0.13051197558044136,False,neither,0,0,not_accepted,not_accepted,Unknown,Unknown,-5.984815325961705,5.9741375392657545,3.166146775873557,-0.029713622097029824,,
A08,2797,1542885100973325424,147,455.2518005371094,599.6593017578125,border_fail,456.13641357421875,600.716064453125,0.022596138925477204,False,456.0278104312732,600.6465646097246,0.028875721205592828,False,neither,0,0,not_accepted,not_accepted,Unknown,Unknown,-6.518420668071782,6.512567456467135,3.400054573576086,-0.034191952197511366,,
A08,2797,1542885100973325424,291,663.81396484375,599.3932495117188,border_fail,664.5411987304688,600.2788696289062,0.007605920920231492,False,664.5547749567364,600.3395547612668,0.031481265031604456,False,neither,0,0,not_accepted,not_accepted,Unknown,Unknown,-5.821111220499304,5.816199962970515,3.0521077487367094,-0.029042140240448322,,
A08,2797,1542885100973325424,687,965.0,405.0,ncc_fail,965.8197021484375,405.8652648925781,0.011335626946263132,False,965.6497740149498,406.06617081165314,0.12786418607662653,False,neither,0,0,not_accepted,not_accepted,Unknown,Unknown,-5.952809810638428,5.946177005767822,3.1901440620422363,-0.03279222175478935,,
A08,2799,1542885101072232016,32,631.8479614257812,599.5515747070312,border_fail,632.6481323242188,600.4339599609375,0.012890994904730552,False,632.6870222189779,600.4692246855558,0.02501735513489544,False,neither,0,0,not_accepted,not_accepted,Unknown,Unknown,-5.795013475131881,5.7892477767190815,3.091260447262586,-0.02985779351850075,,
A08,2799,1542885101072232016,36,823.5908813476562,599.6276245117188,border_fail,824.3601684570312,600.5045776367188,0.03830441144034216,False,824.3790725713942,600.5519124370177,0.08615296142595823,False,neither,0,0,not_accepted,not_accepted,Unknown,Unknown,-6.504589724075615,6.493005000276515,3.3849832803747137,-0.031229730981838844,,
A08,2799,1542885101072232016,690,959.6664428710938,281.9446105957031,border_fail,960.3359985351562,282.94110107421875,0.004480579138728748,False,960.3437963873178,282.98244618523574,0.14154469045337648,False,neither,0,0,not_accepted,not_accepted,Unknown,Unknown,-6.125332976754671,6.1149198223520465,3.2288609590814623,-0.03126301734398759,,
A08,2800,1542885101123290064,164,893.326416015625,599.1364135742188,border_fail,894.1282348632812,600.0216064453125,0.03682868611066506,False,894.1056785837291,600.0069241182044,0.11490296114889208,False,neither,0,0,not_accepted,not_accepted,Unknown,Unknown,-5.657405444680862,5.654951542452416,3.054295624378444,-0.03187119790647769,,
A08,2800,1542885101123290064,184,711.2669067382812,599.5182495117188,border_fail,712.0960083007812,600.31103515625,0.0021648129700888915,False,712.1064437934131,600.375092496198,0.044653478799849454,False,neither,0,0,not_accepted,not_accepted,Unknown,Unknown,-5.963419282386253,5.961197842767966,3.1560614323065126,-0.0313241666524433,,
A08,2800,1542885101123290064,327,481.5751953125,599.5377197265625,border_fail,482.57965087890625,600.5263061523438,0.027778456807115503,False,482.49462653076114,600.4816623955895,0.05246019885821949,False,neither,0,0,not_accepted,not_accepted,Unknown,Unknown,-6.499998490440305,6.493425139456633,3.38437371417362,-0.03316843960699112,,
A08,2800,1542885101123290064,355,959.5643920898438,502.61676025390625,border_fail,960.325439453125,503.36773681640625,0.003822379958948041,False,960.3179137342019,503.53793865597504,0.15246358413155658,False,neither,0,0,not_accepted,not_accepted,Unknown,Unknown,-6.353012070285281,6.340602700713166,3.2937037089323207,-0.028994438685789187,,
A08,2800,1542885101123290064,695,273.0,603.0,ncc_fail,273.55450439453125,603.7897338867188,0.01959266543390684,False,273.6303203701973,603.894767165184,0.04528605121479171,False,neither,0,0,not_accepted,not_accepted,Unknown,Unknown,-6.367154598236084,6.356381893157959,3.326033592224121,-0.028125755488872528,,
A08,2801,1542885101172545680,699,961.0,284.0,border_fail,961.7619018554688,284.9434814453125,0.005179004745018659,False,961.6856107115746,284.9842666387558,0.11296332855080699,False,neither,0,0,not_accepted,not_accepted,Unknown,Unknown,-5.787884712219238,5.778264045715332,3.1027119159698486,-0.029373683035373688,,
A08,2802,1542885101222385520,686,233.18504333496094,599.958740234375,border_fail,233.86172485351562,600.9141235351562,0.002307308533149767,False,233.78131463116824,600.7944787765002,0.05144582163076515,False,neither,0,0,not_accepted,not_accepted,Unknown,Unknown,-6.4387329149610935,6.430619776341242,3.3640305708958484,-0.028758560195320373,,
A08,2803,1542885101272684592,703,242.0,601.0,border_fail,242.71585083007812,601.8888549804688,0.06859015779332645,False,242.67261946201324,601.788064956665,0.04395421431589937,False,neither,0,0,not_accepted,not_accepted,Unknown,Unknown,-6.25411319732666,6.242334842681885,3.2815122604370117,-0.02685849368572235,,
A08,2804,1542885101322649552,193,802.05224609375,599.453857421875,border_fail,803.0232543945312,600.1903076171875,0.007888661130750025,False,802.9797834187495,600.2236969339734,0.06347589215349338,False,neither,0,0,not_accepted,not_accepted,Unknown,Unknown,-6.479233973372345,6.473779011929025,3.3800603413979218,-0.03239273609656346,,
A08,2804,1542885101322649552,704,244.0,602.0,ncc_fail,244.7262420654297,602.8577880859375,0.07160641468306263,False,244.70727789402008,602.7758071422577,0.035257934789957104,False,neither,0,0,not_accepted,not_accepted,Unknown,Unknown,-6.298760890960693,6.285915851593018,3.2983596324920654,-0.027906708419322968,,
A08,2805,1542885101372495888,705,244.0,603.0,ncc_fail,244.6864471435547,603.786865234375,0.06181964263157785,False,244.6939707994461,603.7208262681961,0.033065640017811565,False,neither,0,0,not_accepted,not_accepted,Unknown,Unknown,-6.34610652923584,6.33217716217041,3.314509868621826,-0.028139889240264893,,
A08,2806,1542885101422963408,707,245.0,603.0,ncc_fail,245.73809814453125,603.724365234375,0.05433928802274073,False,245.71942806243896,603.6888217926025,0.029313883899340056,False,neither,0,0,not_accepted,not_accepted,Unknown,Unknown,-6.3326544761657715,6.318536281585693,3.311182975769043,-0.027715453878045082,,
A08,2807,1542885101473121488,708,246.0,604.0,ncc_fail,246.78590393066406,604.6989135742188,0.03049486841183438,False,246.7574142217636,604.6617772579193,0.022952969724994395,False,neither,0,0,not_accepted,not_accepted,Unknown,Unknown,-6.3181681632995605,6.303820610046387,3.307371139526367,-0.028664078563451767,,
A08,2808,1542885101523306608,56,739.4578247070312,599.9949340820312,border_fail,740.406494140625,600.5811767578125,0.006531902463163722,False,740.4420365153748,600.573942208419,0.03453246636938876,False,neither,0,0,not_accepted,not_accepted,Unknown,Unknown,-6.3230712023179425,6.317396592287089,3.3024218851911993,-0.032193479626466626,,
A08,2808,1542885101523306608,694,641.6128540039062,599.9592895507812,border_fail,642.6365966796875,600.533447265625,0.006466558868535489,False,642.634236347783,600.5591910071695,0.027200163250722782,False,neither,0,0,not_accepted,not_accepted,Unknown,Unknown,-5.553087156742567,5.55024722628103,3.0081847550447467,-0.03039530068309687,,
A08,2808,1542885101523306608,709,246.0,605.0,ncc_fail,246.76451110839844,605.63671875,0.027418103624406973,False,246.76458775997162,605.6342594623566,0.01620863071954301,False,neither,0,0,not_accepted,not_accepted,Unknown,Unknown,-6.25501012802124,6.241672515869141,3.282421827316284,-0.02860170230269432,,
A08,2809,1542885101575711440,710,643.0,601.0,border_fail,644.0051879882812,601.5360107421875,0.005007115308103926,False,644.0229041576385,601.5850776433945,0.014223627853431151,False,neither,0,0,not_accepted,not_accepted,Unknown,Unknown,-5.472104072570801,5.4695940017700195,2.979970932006836,-0.03094976209104061,,
A08,2810,1542885101622047024,713,644.0,601.0,border_fail,644.99951171875,601.5315551757812,0.005077670150340105,False,645.0045102834702,601.5416243672371,0.015072811698350664,False,neither,0,0,not_accepted,not_accepted,Unknown,Unknown,-5.5401105880737305,5.538351058959961,2.992544651031494,-0.029651712626218796,,
A08,2811,1542885101673161648,11,959.3504028320312,306.9912414550781,border_fail,960.1915283203125,307.5404357910156,0.01096358594485272,False,960.0820872498601,307.63362095966704,0.12722344204764582,False,neither,0,0,not_accepted,not_accepted,Unknown,Unknown,-6.256150927173589,6.247411815861202,3.2882497428348296,-0.02750422856554786,,
A08,2811,1542885101673161648,714,645.0,602.0,border_fail,645.9987182617188,602.4860229492188,0.0032572422031558433,False,646.0203498601913,602.5287902355194,0.015758076801560335,False,neither,0,0,not_accepted,not_accepted,Unknown,Unknown,-5.543368339538574,5.540851593017578,2.990724563598633,-0.027664924040436745,,
A08,2812,1542885101723590544,715,648.0,4.0,ncc_fail,649.00927734375,4.708732604980469,0.013626568520230456,False,648.9479223489761,4.677670955657959,0.06400045343520966,False,neither,0,0,not_accepted,not_accepted,Unknown,Unknown,-6.32659912109375,6.297537803649902,3.302769899368286,-0.03439613804221153,,
A08,2812,1542885101723590544,716,646.0,602.0,border_fail,647.039306640625,602.4749145507812,0.008523314267953856,False,647.0613625049591,602.5001773238182,0.026203903178602526,False,neither,0,0,not_accepted,not_accepted,Unknown,Unknown,-5.82501220703125,5.821539878845215,3.1088554859161377,-0.02780577540397644,,
A08,2813,1542885101772392176,73,959.8269653320312,570.7003784179688,border_fail,960.8047485351562,571.145751953125,0.04652792869688897,False,960.6501710161245,571.1617034044008,0.10768885709213483,False,neither,0,0,not_accepted,not_accepted,Unknown,Unknown,-5.879205344749197,5.867392649312912,3.1904982720935147,-0.03153091391079699,,
A08,2813,1542885101772392176,717,649.0,4.0,ncc_fail,650.0173950195312,4.653146743774414,0.03220323635132016,False,649.9437606930733,4.652400732040405,0.073689767748542,False,neither,0,0,not_accepted,not_accepted,Unknown,Unknown,-6.41196346282959,6.379616737365723,3.337622880935669,-0.03373230993747711,,
A08,2813,1542885101772392176,718,647.0,603.0,ncc_fail,648.0182495117188,603.4384155273438,0.005022714993027584,False,648.0570231676102,603.453619658947,0.02425588597924154,False,neither,0,0,not_accepted,not_accepted,Unknown,Unknown,-5.936951637268066,5.932697772979736,3.150442123413086,-0.029452212154865265,,
A08,2814,1542885101823198736,65,605.7644653320312,599.6273803710938,border_fail,606.84130859375,600.0087890625,0.008331242934937283,False,606.8317008421037,600.0904926870365,0.019794506304790887,False,neither,0,0,not_accepted,not_accepted,Unknown,Unknown,-6.377238811418065,6.370954181205251,3.3486589432810776,-0.03215332506166996,,
A08,2814,1542885101823198736,719,650.0,4.0,ncc_fail,651.011962890625,4.659576416015625,0.01863933127846033,False,650.9664982557297,4.676679074764252,0.1084802233804521,False,neither,0,0,not_accepted,not_accepted,Unknown,Unknown,-6.465678691864014,6.437429428100586,3.363328695297241,-0.03262815624475479,,
A08,2814,1542885101823198736,720,648.0,603.0,ncc_fail,649.0116577148438,603.41845703125,0.005324421017471774,False,649.0456986427307,603.4507831335068,0.02464766751931249,False,neither,0,0,not_accepted,not_accepted,Unknown,Unknown,-5.945283889770508,5.941273212432861,3.1586148738861084,-0.028181467205286026,,
A08,2815,1542885101874218032,52,355.2495422363281,599.7899169921875,border_fail,356.22161865234375,600.2618408203125,0.009663862261783139,False,356.20312033634804,600.285109564165,0.040558670726769,False,neither,0,0,not_accepted,not_accepted,Unknown,Unknown,-6.422461393449289,6.414349661487327,3.349252288657544,-0.02996150910257319,,
A08,2815,1542885101874218032,64,959.4265747070312,366.634521484375,border_fail,960.1210327148438,367.0311279296875,0.0024598379554915326,False,960.1708516328023,367.1889120721075,0.17825134840683746,False,neither,0,0,not_accepted,not_accepted,Unknown,Unknown,-6.326735772388275,6.309326930365856,3.3395770229479282,-0.02931431065720269,,
A08,2815,1542885101874218032,316,959.7600708007812,546.432373046875,border_fail,960.8395385742188,546.8738403320312,0.029003582576910818,False,960.5840382093678,546.8705577628109,0.10889475939126952,False,neither,0,0,not_accepted,not_accepted,Unknown,Unknown,-6.02495125445639,6.009218322754187,3.2012707628732073,-0.026054073463451455,,
A08,2815,1542885101874218032,722,651.0,5.0,border_fail,651.9812622070312,5.644569396972656,0.019382967456575372,False,651.9578847885132,5.639215707778931,0.07612935037680597,False,neither,0,0,not_accepted,not_accepted,Unknown,Unknown,-6.461794853210449,6.427666664123535,3.374089479446411,-0.03477167338132858,,
A08,2815,1542885101874218032,724,962.0,310.0,ncc_fail,962.7130737304688,310.4248352050781,0.02488103590750749,False,962.7321590185165,310.5886756181717,0.2006644181345943,False,neither,0,0,not_accepted,not_accepted,Unknown,Unknown,-5.94697380065918,5.9354329109191895,3.16386079788208,-0.025805680081248283,,
A08,2816,1542885101923446384,37,959.9306640625,424.7078857421875,border_fail,960.7069091796875,425.05352783203125,0.0039020754442204804,False,960.6829794260905,425.1940568780962,0.16336387523805668,False,neither,0,0,not_accepted,not_accepted,Unknown,Unknown,-6.5173622650979155,6.501422603401295,3.4021188707945953,-0.029627459385022314,,
A08,2816,1542885101923446384,725,652.0,5.0,border_fail,653.0054931640625,5.568356513977051,0.011478168773759546,False,652.9747663736343,5.606680989265442,0.085478618980526,False,neither,0,0,not_accepted,not_accepted,Unknown,Unknown,-6.343478679656982,6.314789772033691,3.3249900341033936,-0.0329555869102478,,
A08,2816,1542885101923446384,726,963.0,310.0,ncc_fail,963.8011474609375,310.4481506347656,0.024270071749683302,False,963.6906377673149,310.60597133636475,0.24619403001009887,False,neither,0,0,not_accepted,not_accepted,Unknown,Unknown,-6.178411960601807,6.166070938110352,3.268543243408203,-0.02817755751311779,,
A08,2817,1542885101973215472,730,653.0,6.0,border_fail,653.9149780273438,6.604640960693359,0.012442050520755005,False,653.9568799734116,6.589660882949829,0.08985136237271431,False,neither,0,0,not_accepted,not_accepted,Unknown,Unknown,-5.9882354736328125,5.958924293518066,3.2094483375549316,-0.03391160070896149,,
A08,2817,1542885101973215472,731,963.0,311.0,ncc_fail,963.7944946289062,311.4517822265625,0.021338858680676268,False,963.6463378667831,311.64336609840393,0.31489608749381953,False,neither,0,0,not_accepted,not_accepted,Unknown,Unknown,-6.2431960105896,6.232324600219727,3.2992124557495117,-0.030989930033683777,,
A08,2818,1542885102022132720,125,517.2442626953125,599.8760986328125,border_fail,518.4879150390625,600.2833251953125,0.005359984960961951,False,518.3815734832258,600.2836643424241,0.04369777695032264,False,neither,0,0,not_accepted,not_accepted,Unknown,Unknown,-6.279990937877763,6.273170259942184,3.3079677796893954,-0.030568348803334283,,
A08,2818,1542885102022132720,175,959.8114624023438,396.7734680175781,border_fail,960.51220703125,397.1303405761719,0.0023741028245577054,False,960.5345655392298,397.2388515974751,0.2108898547308599,False,neither,0,0,not_accepted,not_accepted,Unknown,Unknown,-6.689821062047362,6.674596248557068,3.488493394397016,-0.03178900058891218,,
A08,2818,1542885102022132720,733,655.0,6.0,border_fail,655.9609375,6.5607147216796875,0.004889447297798693,False,655.9943691492081,6.604648470878601,0.11919174188595646,False,neither,0,0,not_accepted,not_accepted,Unknown,Unknown,-6.3625969886779785,6.3308563232421875,3.3155393600463867,-0.034896016120910645,,
A08,2818,1542885102022132720,734,963.0,311.0,ncc_fail,963.7965698242188,311.4630432128906,0.030412186791868565,False,963.6885111927986,311.5768972635269,0.29008194651706837,False,neither,0,0,not_accepted,not_accepted,Unknown,Unknown,-6.255673408508301,6.2454752922058105,3.3045907020568848,-0.030103087425231934,,
A08,2819,1542885102071989200,735,655.0,7.0,border_fail,656.0064697265625,7.523078918457031,0.0076773965070636285,False,655.9851984381676,7.565486192703247,0.1509854987260434,False,neither,0,0,not_accepted,not_accepted,Unknown,Unknown,-6.23889684677124,6.203930377960205,3.272706985473633,-0.034813281148672104,,
A08,2819,1542885102071989200,738,654.0,606.0,ncc_fail,655.0315551757812,606.2538452148438,0.001840187186484538,False,655.0421934127808,606.3348166942596,0.0477239434878223,False,neither,0,0,not_accepted,not_accepted,Unknown,Unknown,-5.530693054199219,5.524645805358887,3.0033984184265137,-0.029827913269400597,,
A08,2820,1542885102122060240,739,657.0,7.0,border_fail,657.92919921875,7.535974502563477,0.003851629882589952,False,657.8883566260338,7.5522602796554565,0.1035783511135263,False,neither,0,0,not_accepted,not_accepted,Unknown,Unknown,-6.165187835693359,6.133300304412842,3.272089958190918,-0.03311130031943321,,
A08,2822,1542885102222026224,163,449.5382385253906,599.6566772460938,border_fail,450.7703552246094,600.0449829101562,0.0019805884691879824,False,450.6727441979352,600.0220690907862,0.04631108870860556,False,neither,0,0,not_accepted,not_accepted,Unknown,Unknown,-6.838184332431815,6.828699378129059,3.5293733968852603,-0.03283064708094989,,
A08,2823,1542885102273173872,742,451.0,602.0,border_fail,452.1890563964844,602.3760375976562,0.006237840745597365,False,452.10882091522217,602.3614130914211,0.03999436670787618,False,neither,0,0,not_accepted,not_accepted,Unknown,Unknown,-6.663355827331543,6.653683662414551,3.4546425342559814,-0.031019804999232292,,
A08,2824,1542885102325834032,743,452.0,603.0,ncc_fail,453.2746276855469,603.3895263671875,0.005388491802794802,False,453.19409239292145,603.3644995689392,0.040444616256520904,False,neither,0,0,not_accepted,not_accepted,Unknown,Unknown,-6.619636058807373,6.609874725341797,3.4360313415527344,-0.030282560735940933,,
A08,2825,1542885102373962032,744,454.0,603.0,ncc_fail,455.2221374511719,603.44677734375,0.007110595703125,False,455.1852693557739,603.343290835619,0.05194700106145213,False,neither,0,0,not_accepted,not_accepted,Unknown,Unknown,-6.738502025604248,6.730462074279785,3.4875552654266357,-0.03304145857691765,,
A08,2826,1542885102422400336,105,959.7200927734375,588.9618530273438,border_fail,960.7636108398438,588.9967041015625,0.03367177418917193,False,960.6564403937447,589.0369677973625,0.13005845829586263,False,neither,0,0,not_accepted,not_accepted,Unknown,Unknown,-5.813937834622916,5.797435755416572,3.1777815255000075,-0.02852204317456572,,
A08,2826,1542885102422400336,745,455.0,603.0,ncc_fail,456.27197265625,603.319580078125,0.00504833064035554,False,456.19511806964874,603.3037961125374,0.04087435725265388,False,neither,0,0,not_accepted,not_accepted,Unknown,Unknown,-6.545533657073975,6.537393569946289,3.410707473754883,-0.031053807586431503,,
A08,2827,1542885102472679856,213,959.8298950195312,475.6366882324219,border_fail,960.7988891601562,475.7237854003906,0.012830745452608313,False,960.6704278588453,475.75181103767545,0.13349456136064614,False,neither,0,0,not_accepted,not_accepted,Unknown,Unknown,-6.222059385632019,6.208996490724491,3.271855321151938,-0.024745551354621406,,
A08,2827,1542885102472679856,746,456.0,603.0,ncc_fail,457.2380676269531,603.3585815429688,0.003393905950795372,False,457.16856384277344,603.2700792849064,0.04396897022583417,False,neither,0,0,not_accepted,not_accepted,Unknown,Unknown,-6.5521440505981445,6.543802261352539,3.4137630462646484,-0.030481424182653427,,
A08,2828,1542885102522193776,748,457.0,603.0,ncc_fail,458.2882995605469,603.2740478515625,0.00354844771820035,False,458.21022629737854,603.2393145114183,0.0354176137412407,False,neither,0,0,not_accepted,not_accepted,Unknown,Unknown,-6.579747676849365,6.570730209350586,3.42413330078125,-0.03049866482615471,,
A08,2829,1542885102574848144,750,459.0,606.0,ncc_fail,460.2357482910156,606.2489624023438,0.00117403467173287,False,460.19778752326965,606.2190128266811,0.021522701552246996,False,neither,0,0,not_accepted,not_accepted,Unknown,Unknown,-6.532893657684326,6.5223894119262695,3.4027609825134277,-0.028918396681547165,,
A08,2834,1542885102823232016,148,959.5416870117188,366.4273376464844,border_fail,960.304931640625,366.19091796875,0.05670380357318937,False,960.2160449026755,366.36738776014585,0.14165704240832913,False,neither,0,0,not_accepted,not_accepted,Unknown,Unknown,-6.893597398963876,6.876911105466759,3.562150419364241,-0.030037996593758567,,
A08,2856,1542885103923623856,267,959.98486328125,585.5193481445312,border_fail,960.3451538085938,584.9495849609375,0.007895269632138172,False,960.3933697759899,584.9929203680464,0.4301045574690946,False,neither,0,0,not_accepted,not_accepted,Unknown,Unknown,-6.201285328069048,6.183401923910267,3.331348729166237,-0.03388690186328336,,
A08,2861,1542885104174134448,100,959.9054565429688,515.3760986328125,border_fail,960.3432006835938,514.767578125,0.010965284751120545,False,960.3345727906138,514.857526894989,0.4840387239182559,False,neither,0,0,not_accepted,not_accepted,Unknown,Unknown,-6.508019699371186,6.490047001568435,3.396964747451955,-0.030367786122712334,,
A08,2861,1542885104174134448,165,959.7740478515625,557.66650390625,border_fail,960.2261962890625,557.1260986328125,0.033764855859302785,False,960.2320232287628,557.1274662753221,0.38477899481979005,False,neither,0,0,not_accepted,not_accepted,Unknown,Unknown,-6.354183901784467,6.3377521303567335,3.3177048941275586,-0.029210101571943703,,
A08,2862,1542885104222265968,755,493.0,603.0,ncc_fail,493.9068908691406,602.8427734375,0.000711786119976233,False,493.8955006599426,602.8338147550821,0.021984430943138004,False,neither,0,0,not_accepted,not_accepted,Unknown,Unknown,-6.295088768005371,6.284221649169922,3.295515537261963,-0.028288181871175766,,
A08,2863,1542885104273698192,756,494.0,603.0,ncc_fail,494.9504699707031,602.7626342773438,0.0015395505683141405,False,494.9117600917816,602.8256007134914,0.013916376356234333,False,neither,0,0,not_accepted,not_accepted,Unknown,Unknown,-6.204392910003662,6.193332195281982,3.258558511734009,-0.026565685868263245,,
A08,2864,1542885104322826128,757,495.0,603.0,ncc_fail,495.979736328125,602.851806640625,0.001345890934521481,False,495.92618775367737,602.819303393364,0.012751548170442687,False,neither,0,0,not_accepted,not_accepted,Unknown,Unknown,-6.2964348793029785,6.284359931945801,3.296273946762085,-0.027049174532294273,,
A08,2865,1542885104373122864,758,497.0,606.0,ncc_fail,498.003662109375,605.7035522460938,0.0006080584364371117,False,497.95203149318695,605.8284525573254,0.017209773849896682,False,neither,0,0,not_accepted,not_accepted,Unknown,Unknown,-6.075034141540527,6.062451362609863,3.2046337127685547,-0.025858186185359955,,
A08,2866,1542885104423800368,759,497.0,602.0,border_fail,498.00714111328125,601.7932739257812,0.002855147368457412,False,497.9729987978935,601.839088767767,0.01702187183925097,False,neither,0,0,not_accepted,not_accepted,Unknown,Unknown,-6.416565895080566,6.404812812805176,3.346560001373291,-0.02841288223862648,,
A08,2867,1542885104471829520,760,498.0,602.0,border_fail,499.0228271484375,601.733642578125,0.0014699212132314814,False,498.9664969444275,601.8248188346624,0.013832510613004077,False,neither,0,0,not_accepted,not_accepted,Unknown,Unknown,-6.407567024230957,6.395745277404785,3.341930866241455,-0.027708955109119415,,
A08,2868,1542885104523295184,761,499.0,602.0,border_fail,500.0565185546875,601.806640625,0.0022006538546533137,False,499.9981247186661,601.7842348366976,0.012904017003516415,False,neither,0,0,not_accepted,not_accepted,Unknown,Unknown,-6.335916042327881,6.324159622192383,3.310685634613037,-0.02783116139471531,,
A08,2869,1542885104572741936,762,500.0,602.0,border_fail,501.04132080078125,601.718017578125,0.003195031571105403,False,501.0003596544266,601.7535989284515,0.012867035186344654,False,neither,0,0,not_accepted,not_accepted,Unknown,Unknown,-6.385611057281494,6.3732147216796875,3.3320980072021484,-0.02797984704375267,,
A08,2870,1542885104624143792,157,959.9755249023438,540.2568969726562,border_fail,960.7214965820312,539.6292724609375,0.0373488279904345,False,960.5865185907828,539.5961668808442,0.20691717933876827,False,neither,0,0,not_accepted,not_accepted,Unknown,Unknown,-6.276169811837217,6.262636325371851,3.2875628907404666,-0.03060834546892923,,
A08,2870,1542885104624143792,763,501.0,602.0,border_fail,502.09332275390625,601.7001342773438,0.0021046068908162434,False,502.0340540409088,601.7429616451263,0.03126881443803203,False,neither,0,0,not_accepted,not_accepted,Unknown,Unknown,-6.415622711181641,6.401834487915039,3.343313694000244,-0.028139660134911537,,
A08,2871,1542885104671813232,264,959.6578979492188,377.73529052734375,border_fail,960.146484375,377.1352844238281,0.015384007691797525,False,960.1393241248159,377.19803414167563,0.16326536569481637,False,neither,0,0,not_accepted,not_accepted,Unknown,Unknown,-6.477065144399228,6.468714894164531,3.3925791256975923,-0.03476557386753294,,
A08,2871,1542885104671813232,764,503.0,601.0,border_fail,504.0701904296875,600.7061157226562,0.002847144479904932,False,503.9942481517792,600.7515437752008,0.02840531997383235,False,neither,0,0,not_accepted,not_accepted,Unknown,Unknown,-6.416309833526611,6.40254020690918,3.341763734817505,-0.028191210702061653,,
A08,2872,1542885104723125456,766,504.0,601.0,border_fail,505.09527587890625,600.638427734375,0.0003112194527339346,False,505.0426490306854,600.7236129939556,0.030428024096120672,False,neither,0,0,not_accepted,not_accepted,Unknown,Unknown,-6.286665916442871,6.273775100708008,3.29317307472229,-0.027945296838879585,,
A08,2873,1542885104771667024,768,505.0,601.0,border_fail,506.0521545410156,600.6480712890625,0.000997789472916981,False,505.9840121269226,600.7261393368244,0.02271121689727117,False,neither,0,0,not_accepted,not_accepted,Unknown,Unknown,-6.274345397949219,6.260118007659912,3.2889113426208496,-0.027536071836948395,,
A08,2875,1542885104872341616,49,959.6222534179688,472.5907897949219,border_fail,960.2744750976562,471.9367980957031,0.0020401177872751792,False,960.1414954370559,471.9526568952056,0.17080341488014983,False,neither,0,0,not_accepted,not_accepted,Unknown,Unknown,-6.391517655140533,6.379362632530516,3.3377172523254557,-0.033442916832001846,,
A08,2881,1542885105174053296,76,959.5048828125,454.1841735839844,border_fail,960.1239624023438,453.5288391113281,0.008070731123548013,False,960.123000261229,453.4863649271668,0.3995481672123943,False,neither,0,0,not_accepted,not_accepted,Unknown,Unknown,-6.380841160945735,6.36087792131957,3.333271166461863,-0.028737204755156898,,
A08,2882,1542885105221457584,771,677.0,604.0,ncc_fail,677.943115234375,603.5038452148438,0.006849275927317491,False,677.9821313619614,603.4852856993675,0.03497740537943024,False,neither,0,0,not_accepted,not_accepted,Unknown,Unknown,-5.974082946777344,5.966925621032715,3.1759862899780273,-0.02807559445500374,,
A08,2883,1542885105271626160,772,678.0,604.0,ncc_fail,678.9339599609375,603.5281982421875,0.005433500309681658,False,678.9757518172264,603.5290712714195,0.03405394918049648,False,neither,0,0,not_accepted,not_accepted,Unknown,Unknown,-6.106969833374023,6.100780010223389,3.227569580078125,-0.028180889785289764,,
A08,2884,1542885105323670096,773,679.0,603.0,ncc_fail,679.96533203125,602.540283203125,0.0005627163365046928,False,679.9742147922516,602.5710019469261,0.041603785316057726,False,neither,0,0,not_accepted,not_accepted,Unknown,Unknown,-6.1095662117004395,6.104832649230957,3.2259714603424072,-0.02941611409187317,,
A08,2885,1542885105372765648,774,680.0,603.0,ncc_fail,680.991455078125,602.5459594726562,0.0009650505554713071,False,680.9940022826195,602.5814552009106,0.03370796481163252,False,neither,0,0,not_accepted,not_accepted,Unknown,Unknown,-6.024971008300781,6.01902437210083,3.1873984336853027,-0.027328284457325935,,
A08,2886,1542885105422600944,775,681.0,603.0,ncc_fail,681.9447021484375,602.6016845703125,0.0013837627012639935,False,681.9771783947945,602.6230940818787,0.03449615503675066,False,neither,0,0,not_accepted,not_accepted,Unknown,Unknown,-5.863518238067627,5.857607841491699,3.1213488578796387,-0.02580839768052101,,
A08,2887,1542885105472019536,95,959.6331787109375,514.4713745117188,border_fail,960.4979248046875,513.794677734375,0.015256957897936033,False,960.4301558670344,513.8799401629344,0.25802620214243716,False,neither,0,0,not_accepted,not_accepted,Unknown,Unknown,-6.3456958473027605,6.320784449025261,3.3225057135254588,-0.02819845962301812,,
A08,2887,1542885105472019536,776,682.0,603.0,ncc_fail,682.9628295898438,602.6083374023438,0.0022392500400200367,False,683.00663626194,602.6443184912205,0.03383427104314272,False,neither,0,0,not_accepted,not_accepted,Unknown,Unknown,-5.8523736000061035,5.847387313842773,3.118851661682129,-0.025783851742744446,,
A08,2888,1542885105521891440,777,683.0,602.0,border_fail,683.9503784179688,601.6641235351562,0.0010358009490037316,False,683.9754699468613,601.6756111383438,0.04251555120904801,False,neither,0,0,not_accepted,not_accepted,Unknown,Unknown,-5.929661273956299,5.9239349365234375,3.1559529304504395,-0.02714049443602562,,
A08,2889,1542885105571674576,779,684.0,602.0,border_fail,684.9445190429688,601.6643676757812,0.0015295366316090903,False,685.0058264732361,601.6928772032261,0.04099575019398211,False,neither,0,0,not_accepted,not_accepted,Unknown,Unknown,-6.147458553314209,6.13839054107666,3.245481252670288,-0.02679895982146263,,
A08,2890,1542885105622216688,41,959.7921142578125,499.794677734375,border_fail,960.7178955078125,499.3271484375,0.014254159328715646,False,960.6230033870085,499.32660425694866,0.19362291694353712,False,neither,0,0,not_accepted,not_accepted,Unknown,Unknown,-6.450299331260709,6.432597603766524,3.347914148487419,-0.028439342545337976,,
A08,2890,1542885105622216688,780,685.0,602.0,border_fail,686.011474609375,601.7097778320312,0.002869301580454873,False,686.0090011358261,601.7482470571995,0.041034463249231476,False,neither,0,0,not_accepted,not_accepted,Unknown,Unknown,-6.025622367858887,6.015417575836182,3.1897826194763184,-0.02581232227385044,,
A08,2891,1542885105672891152,671,851.0301513671875,295.5575866699219,ncc_fail,851.625244140625,295.167236328125,0.047221847626970556,True,851.7097682568276,295.2066065988215,0.03629392711832909,True,both,0,0,ncc_fail,ncc_fail,Unknown,Unknown,-5.771786394754573,5.755135486669662,3.0963991376758697,-0.028485346797190197,0.0,0.0
A08,2891,1542885105672891152,781,686.0,601.0,border_fail,686.98779296875,600.7289428710938,0.0018023465649698975,False,687.0154514312744,600.7657443284988,0.03634084675246277,False,neither,0,0,not_accepted,not_accepted,Unknown,Unknown,-6.072814464569092,6.062530517578125,3.210446834564209,-0.026195703074336052,,
A08,2892,1542885105722052048,784,687.0,601.0,border_fail,687.9857788085938,600.7698974609375,0.0019107026174924962,False,688.0180041790009,600.8072321712971,0.0410038748898,False,neither,0,0,not_accepted,not_accepted,Unknown,Unknown,-6.12632417678833,6.115699768066406,3.226527690887451,-0.026837250217795372,,
A08,2893,1542885105772973552,785,688.0,601.0,border_fail,689.0046997070312,600.7821044921875,0.0024634321375257037,False,689.0207815170288,600.8368363082409,0.038210293409696866,False,neither,0,0,not_accepted,not_accepted,Unknown,Unknown,-6.07163143157959,6.061591625213623,3.2064130306243896,-0.0264142919331789,,
A08,2894,1542885105821576400,786,689.0,601.0,border_fail,689.9937133789062,600.8572998046875,0.0015012663423155327,False,690.0082712173462,600.8735634237528,0.032487370881570284,False,neither,0,0,not_accepted,not_accepted,Unknown,Unknown,-6.077741622924805,6.066946983337402,3.2105772495269775,-0.026514243334531784,,
A08,2899,1542885106071532624,219,959.9423217773438,375.7626037597656,border_fail,960.9146118164062,375.55218505859375,0.06110277626306029,False,960.8272071043549,375.5708916379418,0.12074215674780357,False,neither,0,0,not_accepted,not_accepted,Unknown,Unknown,-6.863438673943436,6.84963427723141,3.5445234977959,-0.03170560162331321,,
H02,1,1523958586951914924,78,235.0,6.0,border_fail,237.17808532714844,5.101743698120117,0.006701054322022058,False,237.26942133903503,5.0300679206848145,0.03811290163293589,False,neither,0,0,not_accepted,not_accepted,Unknown,Unknown,-5.559508323669434,5.541633129119873,3.047198534011841,-0.030871549621224403,,
H02,1,1523958586951914924,96,437.0,504.0,border_fail,437.6753234863281,504.22039794921875,0.006622525400766094,False,437.6856300830841,504.0880492478609,0.031252224472727734,False,neither,0,0,not_accepted,not_accepted,Unknown,Unknown,-5.802061557769775,5.79612398147583,3.044246196746826,-0.03283587098121643,,
H02,1,1523958586951914924,110,457.0,504.0,border_fail,457.67633056640625,504.2767639160156,0.004580585801348133,False,457.6876380443573,504.1482335925102,0.023467886736490667,False,neither,0,0,not_accepted,not_accepted,Unknown,Unknown,-5.619755744934082,5.617881774902344,3.02412748336792,-0.03421386331319809,,
H02,1,1523958586951914924,138,302.0,1.0,ncc_fail,304.3868408203125,0.3729257583618164,0.04356688424740173,False,304.37456250190735,0.2054281234741211,0.0659762449122842,False,neither,0,0,not_accepted,not_accepted,Unknown,Unknown,-5.4446611404418945,5.424285411834717,2.982781410217285,-0.02648933045566082,,
H02,1,1523958586951914924,161,164.0,5.0,ncc_fail,166.12841796875,3.9153451919555664,0.017369781137477655,False,166.16144013404846,3.845880389213562,0.03614497091361292,False,neither,0,0,not_accepted,not_accepted,Unknown,Unknown,-5.536795616149902,5.513572692871094,2.9993906021118164,-0.02821473404765129,,
H02,1,1523958586951914924,169,3.0,410.0,ncc_fail,3.6655616760253906,408.8424072265625,0.019120334526129597,False,3.654550552368164,408.8869183063507,0.012322875308269352,False,neither,0,0,not_accepted,not_accepted,Unknown,Unknown,-5.552491188049316,5.552356719970703,2.9158575534820557,-0.02572588622570038,,
H02,1,1523958586951914924,178,6.0,109.0,border_fail,7.529972076416016,107.55111694335938,0.02591170288594335,False,7.606013536453247,107.5138041973114,0.03851123703530432,False,neither,0,0,not_accepted,not_accepted,Unknown,Unknown,-6.100563049316406,6.0817060470581055,3.1559977531433105,-0.028740279376506805,,
H02,1,1523958586951914924,211,634.0,50.0,ncc_fail,636.6325073242188,50.718353271484375,0.5860149318473942,False,636.0184988975525,50.435396164655685,0.06057887644341167,False,neither,0,0,not_accepted,not_accepted,Unknown,Unknown,-5.427559852600098,5.400442123413086,3.1236674785614014,-0.038248464465141296,,
H02,1,1523958586951914924,224,457.0,8.0,border_fail,459.2670593261719,7.739931106567383,0.006702504580897464,False,459.3984417915344,7.768164038658142,0.02738334233227253,False,neither,0,0,not_accepted,not_accepted,Unknown,Unknown,-5.915195465087891,5.8928704261779785,3.162224292755127,-0.03272909298539162,,
H02,1,1523958586951914924,232,210.0,505.0,border_fail,210.64857482910156,504.4482727050781,0.01812870008420855,False,210.65263789892197,504.4760534763336,0.061855893411060785,False,neither,0,0,not_accepted,not_accepted,Unknown,Unknown,-5.886392593383789,5.879767894744873,3.07741641998291,-0.02664303034543991,,
H02,1,1523958586951914924,241,479.0,508.0,ncc_fail,479.6730651855469,508.28253173828125,0.0070825112207016155,False,479.66660422086716,508.2435801625252,0.015771878331559176,False,neither,0,0,not_accepted,not_accepted,Unknown,Unknown,-5.493407726287842,5.482866287231445,2.996619701385498,-0.03436826914548874,,
H02,1,1523958586951914924,242,422.0,8.0,border_fail,424.3529968261719,7.574456214904785,0.0016860098838293014,False,424.4095983505249,7.642490983009338,0.03029809061007638,False,neither,0,0,not_accepted,not_accepted,Unknown,Unknown,-5.798369407653809,5.770565032958984,3.1559929847717285,-0.036891572177410126,,
H02,1,1523958586951914924,253,73.0,7.0,border_fail,74.82769775390625,5.6683855056762695,0.012842298350190599,False,74.99839067459106,5.642997145652771,0.04110109172867571,False,neither,0,0,not_accepted,not_accepted,Unknown,Unknown,-5.830638885498047,5.808956146240234,3.114039421081543,-0.031602583825588226,,
H02,1,1523958586951914924,277,122.0,9.0,border_fail,124.01420593261719,7.733136177062988,0.03458078702720064,False,124.07068204879761,7.760815501213074,0.03366004044578168,False,neither,0,0,not_accepted,not_accepted,Unknown,Unknown,-5.79725456237793,5.76554012298584,3.1108105182647705,-0.032889362424612045,,
H02,1,1523958586951914924,278,498.0,504.0,border_fail,498.677978515625,504.2864685058594,0.0049453544675182246,False,498.665198802948,504.33374643325806,0.030771654822931125,False,neither,0,0,not_accepted,not_accepted,Unknown,Unknown,-5.7066264152526855,5.694575309753418,3.0785422325134277,-0.03406856209039688,,
H02,1,1523958586951914924,289,282.0,1.0,ncc_fail,284.34320068359375,0.2440643310546875,0.13814803613988053,False,284.3422248363495,0.15415531396865845,0.05912879625759204,False,neither,0,0,not_accepted,not_accepted,Unknown,Unknown,-5.398436069488525,5.373780250549316,2.956425666809082,-0.030304240062832832,,
H02,1,1523958586951914924,301,55.0,4.0,ncc_fail,56.74115753173828,2.6215476989746094,0.06569900448905129,False,56.967119216918945,2.597792387008667,0.032910077872435294,False,neither,0,0,not_accepted,not_accepted,Unknown,Unknown,-5.728205680847168,5.696045875549316,3.1159441471099854,-0.035552479326725006,,
H02,1,1523958586951914924,313,274.0,510.0,ncc_fail,274.5960388183594,509.7137145996094,0.0004150839388652174,False,274.68986999988556,509.6429181098938,0.06534574376968728,False,neither,0,0,not_accepted,not_accepted,Unknown,Unknown,-5.666224002838135,5.656672477722168,2.9945366382598877,-0.026867590844631195,,
H02,1,1523958586951914924,322,352.0,7.0,border_fail,354.283447265625,6.4550981521606445,0.01947076874800094,False,354.3993480205536,6.381696283817291,0.04960258819816486,False,neither,0,0,not_accepted,not_accepted,Unknown,Unknown,-5.85946798324585,5.838958740234375,3.187389850616455,-0.03530329838395119,,
H02,1,1523958586951914924,335,202.0,4.0,ncc_fail,204.17587280273438,2.9514427185058594,0.027471573031826225,False,204.2237777709961,2.941736102104187,0.03763401756590971,False,neither,0,0,not_accepted,not_accepted,Unknown,Unknown,-5.561127662658691,5.541936874389648,3.0297908782958984,-0.029203901067376137,,
H02,2,1523958587002031750,103,481.47216796875,340.1830749511719,ncc_fail,482.5846252441406,340.45916748046875,0.004233042208105396,True,482.6650991560135,340.4581451624589,0.013340645887207483,True,both,0,3,ncc_fail,completed_3_step_check,Unknown,Unknown,-7.166422371936939,7.148164059151277,3.6673112089898865,-0.03453627370147638,0.0,2.33860908380665
H02,2,1523958587002031750,219,517.48828125,331.2811279296875,ncc_fail,518.6304931640625,331.6307373046875,0.003479539261166803,True,518.6677823431382,331.6711755897074,0.01990848091056581,True,both,2,2,ncc_fail,ncc_fail,Unknown,Unknown,-7.13217979066053,7.106689559553843,3.6536171237900135,-0.034437546345426284,1.9201922066291297,1.9225889065757675
H02,2,1523958587002031750,223,122.79911804199219,72.7308120727539,ncc_fail,124.45108032226562,71.66928100585938,0.005337436297972358,True,124.41368834817389,71.65066355492137,0.005988967863458555,True,both,0,0,ncc_fail,ncc_fail,Unknown,Unknown,-6.570905151826727,6.545947078671434,3.4169416902631973,-0.0336415505557755,0.0,0.0
H02,2,1523958587002031750,238,318.4123229980469,70.26028442382812,ncc_fail,320.4957580566406,69.6431884765625,0.0018069911307479812,True,320.306281940688,69.76435420682041,0.03288728988964471,True,both,3,3,completed_3_step_check,completed_3_step_check,Unknown,Unknown,-6.790948382823518,6.766448438816674,3.500920423111005,-0.03356268814493166,4.967766632700077,4.9556400773898215
H02,2,1523958587002031750,250,538.9580688476562,150.1915740966797,ncc_fail,540.6311645507812,150.5230255126953,0.0008143105507889608,True,540.6467995223755,150.48746161625212,0.010914016503369726,True,both,3,3,completed_3_step_check,completed_3_step_check,Unknown,Unknown,-7.1322122259226575,7.112351773704553,3.653190357113736,-0.032241116634518785,3.8379840116325927,3.8330882715719423
H02,2,1523958587002031750,280,146.1100311279297,8.758711814880371,border_fail,147.86184692382812,7.739013671875,0.00866001106768028,False,147.88611335828696,7.687602973853392,0.013949301682892722,False,neither,0,0,not_accepted,not_accepted,Unknown,Unknown,-5.75903194067774,5.729273739728734,3.1415328446075095,-0.03487301565071322,,
H02,2,1523958587002031750,327,243.79452514648438,466.6006164550781,ncc_fail,244.4522705078125,466.2913818359375,0.0011552425067595032,True,244.42611152828962,466.2753182420218,0.024573533126771338,True,both,3,3,completed_3_step_check,completed_3_step_check,Unknown,Unknown,-6.71680184897056,6.6988130366569045,3.4596966581380473,-0.030494017018624843,0.4870366085833605,0.4942418443061727
H02,2,1523958587002031750,350,238.0,5.0,ncc_fail,239.90589904785156,4.26594352722168,0.002865607085946768,False,239.9307518005371,4.190113365650177,0.04158517467143527,False,neither,0,0,not_accepted,not_accepted,Unknown,Unknown,-5.566229343414307,5.548760414123535,3.057000160217285,-0.030917145311832428,,
H02,2,1523958587002031750,351,438.0,504.0,border_fail,438.5008544921875,504.326904296875,0.013456833260772523,False,438.47968605160713,504.2819588780403,0.018259909479151043,False,neither,0,0,not_accepted,not_accepted,Unknown,Unknown,-5.754401206970215,5.74897575378418,3.0255472660064697,-0.03271287679672241,,
H02,2,1523958587002031750,352,458.0,504.0,border_fail,458.4889831542969,504.376953125,0.004852390888152821,False,458.4836426079273,504.3337137103081,0.011487752594450045,False,neither,0,0,not_accepted,not_accepted,Unknown,Unknown,-5.519298553466797,5.5179877281188965,2.973896026611328,-0.03372103348374367,,
H02,2,1523958587002031750,353,166.0,4.0,ncc_fail,167.79913330078125,3.0146360397338867,0.024669922703558108,False,167.82803535461426,2.973369836807251,0.02639372735745913,False,neither,0,0,not_accepted,not_accepted,Unknown,Unknown,-5.530132293701172,5.509573459625244,3.0449411869049072,-0.02965569496154785,,
H02,2,1523958587002031750,354,3.0,409.0,ncc_fail,3.398116111755371,407.94256591796875,0.006846386138473971,False,3.4906350672245026,407.9527689218521,0.03107855583088978,False,neither,0,0,not_accepted,not_accepted,Unknown,Unknown,-5.402188301086426,5.404274940490723,2.8581795692443848,-0.02503334917128086,,
H02,2,1523958587002031750,356,311.0,8.0,border_fail,313.06982421875,7.507232666015625,0.012340959102773956,False,313.01762771606445,7.432352960109711,0.05584182027123646,False,neither,0,0,not_accepted,not_accepted,Unknown,Unknown,-5.903695106506348,5.874296188354492,3.1600239276885986,-0.033201754093170166,,
H02,2,1523958587002031750,360,424.0,8.0,border_fail,426.0311584472656,7.813846588134766,0.00234298837258623,False,426.0456087589264,7.815343275666237,0.030369979206469035,False,neither,0,0,not_accepted,not_accepted,Unknown,Unknown,-5.818434238433838,5.787378311157227,3.148061752319336,-0.03723328933119774,,
H02,2,1523958587002031750,362,211.0,505.0,border_fail,211.39088439941406,504.5860290527344,0.0075482748008949534,False,211.45435762405396,504.61134657263756,0.04661716598360757,False,neither,0,0,not_accepted,not_accepted,Unknown,Unknown,-6.0835418701171875,6.07613468170166,3.1468236446380615,-0.025598673149943352,,
H02,2,1523958587002031750,363,480.0,508.0,ncc_fail,480.4515686035156,508.4018249511719,0.021775462834851544,False,480.46563988924026,508.415325820446,0.019796410992241043,False,neither,0,0,not_accepted,not_accepted,Unknown,Unknown,-5.35028076171875,5.342953681945801,2.920856475830078,-0.03292563557624817,,
H02,2,1523958587002031750,364,459.0,8.0,border_fail,460.9755554199219,7.971721649169922,0.0007672782549099227,False,461.0329818725586,7.922699622809887,0.04321692358400537,False,neither,0,0,not_accepted,not_accepted,Unknown,Unknown,-5.932595729827881,5.9077630043029785,3.1638643741607666,-0.032389700412750244,,
H02,2,1523958587002031750,366,124.0,8.0,border_fail,125.72034454345703,6.924470901489258,0.015764303288026735,False,125.74210476875305,6.875673055648804,0.011443765001402437,False,neither,0,0,not_accepted,not_accepted,Unknown,Unknown,-5.78988790512085,5.760073661804199,3.133329153060913,-0.03302884101867676,,
H02,2,1523958587002031750,367,69.0,3.0,ncc_fail,70.62646484375,1.7343826293945312,0.02653297676283657,False,70.65179419517517,1.735595703125,0.019987670812674538,False,neither,0,0,not_accepted,not_accepted,Unknown,Unknown,-5.75601863861084,5.734145164489746,3.098483085632324,-0.03162511810660362,,
H02,2,1523958587002031750,369,5.0,443.0,border_fail,5.343514442443848,442.0020446777344,0.00645997561214237,False,5.383827179670334,441.98039865493774,0.0541691666071836,False,neither,0,0,not_accepted,not_accepted,Unknown,Unknown,-5.459359645843506,5.462118148803711,2.8836669921875,-0.02661464363336563,,
H02,3,1523958587050857570,114,361.158203125,275.5106201171875,ncc_fail,362.2479248046875,275.494140625,0.0007336923388776433,True,362.1869812724208,275.47502303611043,0.02308379779944991,True,both,0,0,ncc_fail,ncc_fail,Unknown,Unknown,-6.444053997829656,6.433398458768011,3.369616571037966,-0.03418461523633187,0.0,0.0
H02,3,1523958587050857570,183,79.41471862792969,37.518348693847656,ncc_fail,80.74745178222656,36.45466613769531,0.004638728342214516,True,80.75624656852794,36.45003311995826,0.005938780593221473,True,both,3,3,completed_3_step_check,completed_3_step_check,Unknown,Unknown,-6.279294193423691,6.259846355860589,3.3068465377327376,-0.0324337522056999,4.179129359447177,4.178762244439091
H02,3,1523958587050857570,225,130.00894165039062,352.37969970703125,ncc_fail,130.5318603515625,351.7071228027344,0.0022101554026489143,True,130.58231591692007,351.7530210685208,0.013700498459339126,True,both,3,3,completed_3_step_check,completed_3_step_check,Unknown,Unknown,-7.050771059650056,7.0276605987821865,3.6138202428409523,-0.03165146337460123,1.481290466942512,1.4865473711081867
H02,3,1523958587050857570,248,411.7499084472656,173.5424041748047,ncc_fail,413.2359619140625,173.5234375,0.006895216996884158,True,413.1381123138153,173.55796895985958,0.01949508024745062,True,both,3,3,completed_3_step_check,completed_3_step_check,Unknown,Unknown,-7.033307640074137,7.007312490018073,3.616647742093508,-0.03593819929975661,2.9066901274270847,2.8833287595771733
H02,3,1523958587050857570,296,220.63011169433594,113.37023162841797,ncc_fail,222.0914764404297,112.72042846679688,0.0005279739464354235,True,222.00540746678533,112.76104789106977,0.020392511750805694,True,both,3,3,completed_3_step_check,completed_3_step_check,Unknown,Unknown,-6.378527911784862,6.361521563416291,3.3388897922272034,-0.030738495722549948,3.180094339643762,3.1826842350957216
H02,3,1523958587050857570,307,112.37272644042969,420.3998718261719,ncc_fail,112.59263610839844,419.77655029296875,0.0020828107337343207,True,112.71031837363158,419.77751309435644,0.018328096903770644,True,both,2,2,ncc_fail,ncc_fail,Unknown,Unknown,-6.645804902131059,6.623811409820217,3.4543578129663253,-0.03216789649569546,0.9939992197276791,0.9923662347256075
H02,3,1523958587050857570,371,238.0,4.0,ncc_fail,239.6598358154297,3.390934944152832,0.002729810396976818,False,239.66317403316498,3.2846486568450928,0.03807204172742885,False,neither,0,0,not_accepted,not_accepted,Unknown,Unknown,-5.633736610412598,5.61414909362793,3.0614328384399414,-0.030268795788288116,,
H02,3,1523958587050857570,372,439.0,505.0,border_fail,439.1551513671875,505.33380126953125,0.019002259585951642,False,439.1915875673294,505.38010770082474,0.008889807165921432,False,neither,0,0,not_accepted,not_accepted,Unknown,Unknown,-5.665407180786133,5.661412239074707,2.998549461364746,-0.029865285381674767,,
H02,3,1523958587050857570,373,459.0,504.0,border_fail,459.21197509765625,504.41796875,0.005134304770316144,False,459.20309656858444,504.4392569363117,0.010348648120252376,False,neither,0,0,not_accepted,not_accepted,Unknown,Unknown,-5.469719886779785,5.469199180603027,2.9818248748779297,-0.032018497586250305,,
H02,3,1523958587050857570,375,4.0,408.0,ncc_fail,4.169639587402344,407.14727783203125,0.0007639901555573877,False,4.225972235202789,407.0983489751816,0.04948673599704807,False,neither,0,0,not_accepted,not_accepted,Unknown,Unknown,-5.357084274291992,5.354833602905273,2.840989828109741,-0.024294011294841766,,
H02,3,1523958587050857570,376,313.0,8.0,border_fail,314.7602844238281,7.556582450866699,0.004528932556861812,False,314.74931049346924,7.530464023351669,0.04598271352994857,False,neither,0,0,not_accepted,not_accepted,Unknown,Unknown,-5.7505035400390625,5.723464012145996,3.113585948944092,-0.03247951343655586,,
H02,3,1523958587050857570,378,428.0,7.0,border_fail,429.7879333496094,6.958874702453613,0.0014041830164766992,False,429.8419429063797,6.939495570957661,0.04815953567067832,False,neither,0,0,not_accepted,not_accepted,Unknown,Unknown,-5.882566452026367,5.8554368019104,3.155412435531616,-0.034668922424316406,,
H02,3,1523958587050857570,380,168.0,4.0,ncc_fail,169.50445556640625,3.1644840240478516,0.011612945093505855,False,169.56055200099945,3.1006171703338623,0.02331751739509761,False,neither,0,0,not_accepted,not_accepted,Unknown,Unknown,-5.606369972229004,5.584629058837891,3.03996205329895,-0.02865399233996868,,
H02,3,1523958587050857570,387,147.0,8.0,border_fail,148.50192260742188,7.133193492889404,0.003935272210946929,False,148.50482773780823,7.058247745037079,0.011046729794361167,False,neither,0,0,not_accepted,not_accepted,Unknown,Unknown,-5.801656246185303,5.773820400238037,3.125229835510254,-0.033302661031484604,,
H02,3,1523958587050857570,388,81.0,5.0,ncc_fail,82.3754653930664,3.902613639831543,0.02056269987585756,False,82.41987037658691,3.888909697532654,0.013739341325822316,False,neither,0,0,not_accepted,not_accepted,Unknown,Unknown,-5.651551723480225,5.623588562011719,3.060558319091797,-0.0310639888048172,,
H02,4,1523958587101016035,85,433.4218444824219,133.7495574951172,ncc_fail,434.64251708984375,133.90078735351562,0.004078180787738966,True,434.6914760208712,133.89780309658644,0.019009075585335142,True,both,1,1,ncc_fail,ncc_fail,Unknown,Unknown,-6.850518909835938,6.82669899347381,3.534252151936574,-0.032936175156182836,1.082076200113611,1.0876502968968595
H02,4,1523958587101016035,176,238.05665588378906,360.6642150878906,ncc_fail,238.4726104736328,360.4606018066406,0.0035491038054238913,True,238.48881329255022,360.4243186221542,0.030534310439771586,True,both,3,3,completed_3_step_check,completed_3_step_check,Unknown,Unknown,-6.308329372769013,6.293177681255711,3.3076441104564696,-0.031269950771628995,0.3341263154337007,0.34296286263728976
H02,4,1523958587101016035,311,74.5082015991211,73.4576416015625,ncc_fail,75.50093078613281,72.41747283935547,0.0013956996740452797,True,75.52888088333145,72.44478893817757,0.011738443865788942,True,both,0,0,ncc_fail,ncc_fail,Unknown,Unknown,-6.553810619057854,6.533770752649289,3.4101474227604447,-0.03185299932153586,0.0,0.0
H02,4,1523958587101016035,385,495.2633972167969,503.4796142578125,border_fail,495.28387451171875,504.0606994628906,0.038573168486771475,False,495.26273031980725,504.10632951735187,0.0410561439467887,False,neither,0,0,not_accepted,not_accepted,Unknown,Unknown,-5.5626741680816565,5.557601803244063,3.0247398555186136,-0.034220072265628204,,
H02,4,1523958587101016035,386,322.811279296875,69.56492614746094,ncc_fail,324.4137878417969,69.2474365234375,0.005752867025365322,True,324.20198258586623,69.29270426921383,0.020179564464967378,True,both,3,3,completed_3_step_check,completed_3_step_check,Unknown,Unknown,-6.623114247072607,6.602442397176105,3.439182711366482,-0.032005491104233785,3.7599895808474018,3.703455162715936
H02,4,1523958587101016035,390,240.0,3.0,ncc_fail,241.430908203125,2.464879035949707,0.000630424890255963,False,241.4583479166031,2.393050730228424,0.04376247305168813,False,neither,0,0,not_accepted,not_accepted,Unknown,Unknown,-5.695187568664551,5.673600196838379,3.079826831817627,-0.03194534778594971,,
H02,4,1523958587101016035,392,439.0,505.0,border_fail,438.9522705078125,505.5211181640625,0.02356575603021227,False,438.9682059213519,505.454726845026,0.014803998749864593,False,neither,0,0,not_accepted,not_accepted,Unknown,Unknown,-5.726478576660156,5.724045276641846,3.010542869567871,-0.03134038299322128,,
H02,4,1523958587101016035,393,459.0,505.0,border_fail,458.9886169433594,505.57098388671875,0.008607904741364619,False,458.97498017549515,505.50964629650116,0.025937798650124265,False,neither,0,0,not_accepted,not_accepted,Unknown,Unknown,-5.518446445465088,5.518716812133789,2.9721009731292725,-0.03187792748212814,,
H02,4,1523958587101016035,394,171.0,2.0,ncc_fail,172.36810302734375,1.1727056503295898,0.04361364229985425,False,172.3743007183075,1.181345283985138,0.038031687692387496,False,neither,0,0,not_accepted,not_accepted,Unknown,Unknown,-5.716320037841797,5.694894313812256,3.090193510055542,-0.02928304299712181,,
H02,4,1523958587101016035,395,4.0,407.0,ncc_fail,3.9327850341796875,406.1495666503906,0.002431164246561322,False,3.9669436514377594,406.15779876708984,0.02945561509611571,False,neither,0,0,not_accepted,not_accepted,Unknown,Unknown,-5.332175254821777,5.332262992858887,2.8367037773132324,-0.027220487594604492,,
H02,4,1523958587101016035,396,315.0,7.0,border_fail,316.5602722167969,6.683087348937988,0.0036961191007607148,False,316.5365217924118,6.653503477573395,0.04220100255541677,False,neither,0,0,not_accepted,not_accepted,Unknown,Unknown,-5.795559883117676,5.769594192504883,3.1352386474609375,-0.031733062118291855,,
H02,4,1523958587101016035,401,152.0,7.0,border_fail,153.28256225585938,6.147458076477051,0.012148763687848967,False,153.32608437538147,6.131274104118347,0.028735197999060335,False,neither,0,0,not_accepted,not_accepted,Unknown,Unknown,-5.913442611694336,5.886578559875488,3.1623330116271973,-0.03227429836988449,,
H02,4,1523958587101016035,402,127.0,6.0,border_fail,128.3062744140625,5.110504150390625,0.0034577658379263874,False,128.28781807422638,5.0754852294921875,0.018723234930033198,False,neither,0,0,not_accepted,not_accepted,Unknown,Unknown,-5.887723922729492,5.86116886138916,3.1463022232055664,-0.030946992337703705,,
H02,5,1523958587152504744,43,507.3542175292969,381.6856384277344,ncc_fail,507.5526123046875,382.3824768066406,0.0008379840220792225,True,507.59940583263585,382.31919645486505,0.02922851040318901,True,both,3,3,completed_3_step_check,completed_3_step_check,Unknown,Unknown,-6.59877879562473,6.5835451198590365,3.4249320689002345,-0.030335532706546812,2.0403570739457377,2.0437071552964463
H02,5,1523958587152504744,80,456.4695739746094,386.2094421386719,ncc_fail,456.6980285644531,386.69036865234375,0.00030669786441408966,True,456.7129523209185,386.68847466597765,0.02568817973713351,True,both,3,3,completed_3_step_check,completed_3_step_check,Unknown,Unknown,-6.368792125042409,6.349119486883254,3.3417988017914784,-0.030256104179368103,1.6886489745940483,1.6891966922440917
H02,5,1523958587152504744,180,460.7006530761719,123.21266174316406,ncc_fail,461.83770751953125,123.55699157714844,0.0021365710395722117,True,461.8223739188999,123.56936632372947,0.012189734782388072,True,both,2,2,ncc_fail,ncc_fail,Unknown,Unknown,-6.925220813692698,6.909277621237619,3.5656837847149854,-0.03263291828488724,1.9222888431302867,1.927608412163125
H02,5,1523958587152504744,200,162.5219268798828,399.7440185546875,ncc_fail,162.5175323486328,399.47540283203125,0.003183204299415356,True,162.58181918973574,399.40501319366643,0.03945377022835095,True,both,3,3,completed_3_step_check,completed_3_step_check,Unknown,Unknown,-6.366057299421125,6.351400778463028,3.341214144912797,-0.03078512545622417,0.8456102390685611,0.8479291347681861
H02,5,1523958587152504744,274,471.6814270019531,304.11346435546875,ncc_fail,472.245849609375,304.61126708984375,0.003540565188543256,True,472.2358514220481,304.6088574971543,0.025921579384194492,True,both,0,0,ncc_fail,ncc_fail,Unknown,Unknown,-6.855796900323143,6.835436810565337,3.540215850708231,-0.031263710621276045,0.0,0.0
H02,5,1523958587152504744,285,323.735595703125,358.48358154296875,ncc_fail,324.05023193359375,358.6353759765625,0.0023018023648844086,True,324.0653299185551,358.5768196199092,0.018473840100010325,True,both,3,3,completed_3_step_check,completed_3_step_check,Unknown,Unknown,-6.235261864238687,6.219152708001715,3.277978463084345,-0.030179481038419304,0.6628372796398253,0.6540767292294768
H02,5,1523958587152504744,382,127.49536895751953,70.2685317993164,ncc_fail,128.46701049804688,69.4968490600586,0.0026036810918941247,True,128.4682286289871,69.46779312240135,0.009000308375628206,True,both,0,0,ncc_fail,ncc_fail,Unknown,Unknown,-6.462025896879336,6.442370715631546,3.3769156589229214,-0.032379560999945,0.0,0.0
H02,5,1523958587152504744,399,131.39747619628906,351.42047119140625,ncc_fail,131.54925537109375,350.925048828125,0.002502860057515674,True,131.55806943918066,350.9462992447245,0.02915932494111581,True,both,3,3,completed_3_step_check,completed_3_step_check,Unknown,Unknown,-6.645828135517876,6.629818159888212,3.4487245657796963,-0.03147253718586301,1.2281805975181508,1.2374334423478661
H02,5,1523958587152504744,406,243.0,3.0,ncc_fail,244.2451171875,2.519336700439453,0.014301399288865951,False,244.301651597023,2.5203351974487305,0.016207725133892303,False,neither,0,0,not_accepted,not_accepted,Unknown,Unknown,-5.3750410079956055,5.353971004486084,3.008390426635742,-0.032909784466028214,,
H02,5,1523958587152504744,407,439.0,505.0,border_fail,438.7394714355469,505.5150451660156,0.020139428223772605,False,438.80291114747524,505.49076825380325,0.010326691800783317,False,neither,0,0,not_accepted,not_accepted,Unknown,Unknown,-5.543519973754883,5.541266441345215,2.939181327819824,-0.029365425929427147,,
H02,5,1523958587152504744,408,459.0,505.0,border_fail,458.7542724609375,505.5577392578125,0.007312128897159474,False,458.8065953850746,505.5459206700325,0.0009346789159202934,False,neither,0,0,not_accepted,not_accepted,Unknown,Unknown,-5.3834357261657715,5.3828630447387695,2.910766363143921,-0.03016519360244274,,
H02,5,1523958587152504744,410,6.0,406.0,border_fail,5.809353828430176,405.22894287109375,0.0025798229951323032,False,5.8217442482709885,405.20797395706177,0.03066814641172803,False,neither,0,0,not_accepted,not_accepted,Unknown,Unknown,-5.606451034545898,5.605428218841553,2.9428634643554688,-0.02806195616722107,,
H02,5,1523958587152504744,411,316.0,7.0,border_fail,317.3865966796875,6.899936676025391,0.0013957453696007822,False,317.36080253124237,6.772602558135986,0.04324424992201229,False,neither,0,0,not_accepted,not_accepted,Unknown,Unknown,-5.609569549560547,5.5818328857421875,3.075699806213379,-0.03262149915099144,,
H02,5,1523958587152504744,412,171.0,2.0,ncc_fail,172.23471069335938,1.2840194702148438,0.031119770743790087,False,172.22230923175812,1.2591343522071838,0.008084504919340868,False,neither,0,0,not_accepted,not_accepted,Unknown,Unknown,-5.498865604400635,5.480542182922363,3.0052642822265625,-0.029880207031965256,,
H02,5,1523958587152504744,414,499.0,508.0,ncc_fail,498.8540344238281,508.61102294921875,0.10059053910479392,False,498.7954878360033,508.68540942668915,0.022164384395918113,False,neither,0,0,not_accepted,not_accepted,Unknown,Unknown,-5.515990257263184,5.509156227111816,2.980236291885376,-0.031128469854593277,,
H02,5,1523958587152504744,417,78.0,3.0,ncc_fail,79.01016235351562,2.120199203491211,0.06040334781152105,False,79.08773720264435,1.9805927276611328,0.017462172217244918,False,neither,0,0,not_accepted,not_accepted,Unknown,Unknown,-5.6626296043396,5.643894195556641,3.0750465393066406,-0.03215928375720978,,
H02,6,1523958587202373716,112,75.36111450195312,234.29148864746094,ncc_fail,75.60999298095703,233.55491638183594,0.001055093130946299,True,75.62712928137562,233.57369111697602,0.01033376645643435,True,both,3,3,completed_3_step_check,completed_3_step_check,Unknown,Unknown,-6.335416999011684,6.316819360310449,3.322762416614082,-0.03250170695269393,2.2203900144712025,2.2204931507057784
H02,6,1523958587202373716,204,359.4836120605469,50.66517639160156,ncc_fail,360.5525207519531,50.705204010009766,0.0006830864965709563,True,360.5742163789517,50.690232746226336,0.030927291392272512,True,both,3,3,completed_3_step_check,completed_3_step_check,Unknown,Unknown,-6.210463771174618,6.200138006383393,3.280407629101143,-0.033243212735823605,3.1318562969456556,3.133456479809643
H02,6,1523958587202373716,221,379.0299987792969,88.49877166748047,ncc_fail,379.922607421875,88.5541763305664,0.0053348237801576276,True,380.017425690503,88.6081236334305,0.017056134844811614,True,both,3,3,completed_3_step_check,completed_3_step_check,Unknown,Unknown,-6.633356291954254,6.613876698521812,3.4407634891153585,-0.03186827036390957,2.662381516160253,2.6379803162038438
H02,6,1523958587202373716,244,429.64837646484375,218.48622131347656,ncc_fail,430.33056640625,218.8362579345703,0.0011660750228602783,True,430.2632262895037,218.84045308652068,0.01789869993100079,True,both,1,1,ncc_fail,ncc_fail,Unknown,Unknown,-6.663947801467746,6.647892363093835,3.458538193633758,-0.02953366662505175,0.6794491734052052,0.6750895530693148
H02,6,1523958587202373716,270,469.66082763671875,215.1065673828125,ncc_fail,470.33087158203125,215.61248779296875,0.003401888761087815,True,470.29512919791347,215.59288630054778,0.01563679561684461,True,both,1,1,ncc_fail,ncc_fail,Unknown,Unknown,-6.501425892275812,6.485746803959714,3.40161932810806,-0.028412950120438457,0.7062555834562154,0.6931712394284741
H02,6,1523958587202373716,293,139.604248046875,107.3680648803711,ncc_fail,140.37942504882812,106.69310760498047,0.0019233944205535002,True,140.35221282512416,106.7409177035541,0.016813839405474214,True,both,3,3,completed_3_step_check,completed_3_step_check,Unknown,Unknown,-6.469123098733993,6.450487744583173,3.379281600513266,-0.030320340097710587,2.752188664777113,2.752974558492388
H02,6,1523958587202373716,405,436.05377197265625,134.30645751953125,ncc_fail,436.85089111328125,134.6098175048828,0.003662109375,True,436.9348821235877,134.63610639573278,0.011193382697147194,True,both,1,2,ncc_fail,ncc_fail,Unknown,Unknown,-6.706076816311667,6.682170799206544,3.4712105924259573,-0.03232482840855007,0.8523389674595803,1.7522284392973326
H02,6,1523958587202373716,416,325.3883361816406,68.76777648925781,ncc_fail,326.51641845703125,68.65036010742188,0.0008745562671452087,True,326.4021280507629,68.6986159589017,0.018520136243004956,True,both,3,0,completed_3_step_check,ncc_fail,Unknown,Unknown,-6.472526501852121,6.452943996062679,3.3730367655248017,-0.030762073115464,3.6072886568368183,0.0
H02,6,1523958587202373716,420,245.0,2.0,ncc_fail,246.1492462158203,1.659745216369629,0.002353993552550545,False,246.12940621376038,1.64398854970932,0.04142845481196924,False,neither,0,0,not_accepted,not_accepted,Unknown,Unknown,-5.580726146697998,5.557934761047363,3.0444188117980957,-0.03133738413453102,,
H02,6,1523958587202373716,421,439.0,506.0,ncc_fail,438.6090393066406,506.4953308105469,0.011962657069826303,False,438.6000389158726,506.5846872329712,0.03017467847718688,False,neither,0,0,not_accepted,not_accepted,Unknown,Unknown,-5.476513862609863,5.47576904296875,2.892477512359619,-0.028352107852697372,,
H02,6,1523958587202373716,422,458.0,506.0,ncc_fail,457.6122741699219,506.56085205078125,0.009995613328092906,False,457.6095267832279,506.63724356889725,0.0163948364863116,False,neither,0,0,not_accepted,not_accepted,Unknown,Unknown,-5.382626533508301,5.383237361907959,2.884246349334717,-0.02811616100370884,,
H02,6,1523958587202373716,423,3.0,406.0,ncc_fail,2.6460437774658203,405.2577819824219,0.009773302040907107,False,2.6693727374076843,405.2961400151253,0.01886762557418184,False,neither,0,0,not_accepted,not_accepted,Unknown,Unknown,-5.69496488571167,5.691993713378906,2.9697821140289307,-0.023971877992153168,,
H02,6,1523958587202373716,424,1.0,235.0,ncc_fail,1.1768102645874023,234.18841552734375,0.0025987756361323757,False,1.165927767753601,234.07076740264893,0.04094975199504131,False,neither,0,0,not_accepted,not_accepted,Unknown,Unknown,-5.695122241973877,5.677220344543457,2.9896700382232666,-0.026059959083795547,,
H02,6,1523958587202373716,427,317.0,7.0,border_fail,318.2483825683594,6.870502471923828,0.001657322435466294,False,318.176278591156,6.86888924241066,0.05502925995331081,False,neither,0,0,not_accepted,not_accepted,Unknown,Unknown,-5.679751873016357,5.65294885635376,3.096693992614746,-0.03054584562778473,,
H02,6,1523958587202373716,429,499.0,508.0,ncc_fail,498.7198486328125,508.5528259277344,0.08538727286059672,False,498.60643181204796,508.76236069202423,0.007330641658377693,False,neither,0,0,not_accepted,not_accepted,Unknown,Unknown,-5.40983772277832,5.404004096984863,2.9259376525878906,-0.02908468432724476,,
H02,6,1523958587202373716,433,161.0,1.0,ncc_fail,161.98641967773438,0.3953580856323242,0.01459207021176161,False,162.0676863193512,0.3679102659225464,0.033110244384261966,False,neither,0,0,not_accepted,not_accepted,Unknown,Unknown,-5.754694938659668,5.734023094177246,3.0848379135131836,-0.026231244206428528,,
H02,7,1523958587250896406,182,368.9677429199219,174.40228271484375,ncc_fail,369.59844970703125,174.55946350097656,0.0019536613681541345,True,369.6222515292171,174.57197238452144,0.025595053397231168,True,both,3,3,completed_3_step_check,completed_3_step_check,Unknown,Unknown,-6.243257600759468,6.224294063116819,3.267074146514178,-0.030468850466607245,2.5388079436783952,2.54377049843509
H02,7,1523958587250896406,207,155.62368774414062,95.05217742919922,ncc_fail,156.4334716796875,94.5118408203125,0.0048543577787600435,True,156.39790515518078,94.49887040630966,0.020482820970920412,True,both,3,3,completed_3_step_check,completed_3_step_check,Unknown,Unknown,-6.5880999585823705,6.5730968424193295,3.4294580244253816,-0.031418927239834624,3.2754238068922787,3.279019679736079
H02,7,1523958587250896406,239,568.5484619140625,171.51766967773438,ncc_fail,569.1910400390625,172.38011169433594,0.0002075419694326087,True,569.2184996602929,172.34205592939043,0.02379608343517019,True,both,3,3,completed_3_step_check,completed_3_step_check,Unknown,Unknown,-6.601897487067557,6.577073978839936,3.4324487800554087,-0.032861042393137876,3.4478656082213517,3.4380730378676514
H02,7,1523958587250896406,276,259.15716552734375,52.648895263671875,ncc_fail,260.0965270996094,52.46529769897461,0.0013069722908622978,True,260.1366689450742,52.394433321079795,0.019323620478461798,True,both,3,3,completed_3_step_check,completed_3_step_check,Unknown,Unknown,-6.5922754172611215,6.579344841500587,3.43020478249017,-0.03188490136095577,3.530609365306742,3.521991045976984
H02,7,1523958587250896406,391,363.8648376464844,275.4830627441406,ncc_fail,364.2986755371094,275.6845703125,0.0034533441137470215,True,364.2068009245216,275.7024717341843,0.005548943496249542,True,both,2,2,ncc_fail,ncc_fail,Unknown,Unknown,-5.401656206622577,5.396065395872087,2.9837634131043913,-0.030370615837555466,0.9688344599453104,0.9476733968850628
H02,7,1523958587250896406,435,245.0,2.0,ncc_fail,246.04676818847656,1.6870718002319336,0.0032715744257034315,False,246.0951725244522,1.6653471291065216,0.03524256015621162,False,neither,0,0,not_accepted,not_accepted,Unknown,Unknown,-5.862006664276123,5.837824821472168,3.149641275405884,-0.03143039718270302,,
H02,7,1523958587250896406,436,438.0,506.0,border_fail,437.5687561035156,506.51287841796875,0.007397224246226271,False,437.6066296696663,506.49739864468575,0.039625045527985674,False,neither,0,0,not_accepted,not_accepted,Unknown,Unknown,-5.37000846862793,5.3656907081604,2.881916046142578,-0.027428552508354187,,
H02,7,1523958587250896406,438,458.0,506.0,ncc_fail,457.58538818359375,506.5436096191406,0.004245893436820078,False,457.6146950125694,506.549666762352,0.03429411022215488,False,neither,0,0,not_accepted,not_accepted,Unknown,Unknown,-5.3170166015625,5.313767433166504,2.8780415058135986,-0.026437051594257355,,
H02,7,1523958587250896406,439,3.0,405.0,ncc_fail,2.6786136627197266,404.275390625,0.0028964370156579133,False,2.6757025122642517,404.23361057043076,0.05726549753991034,False,neither,0,0,not_accepted,not_accepted,Unknown,Unknown,-5.36532735824585,5.362876892089844,2.9128026962280273,-0.03222408890724182,,
H02,7,1523958587250896406,440,319.0,7.0,border_fail,320.16400146484375,6.954317092895508,0.0001579792521546767,False,320.1310473680496,6.917078301310539,0.03779061470946567,False,neither,0,0,not_accepted,not_accepted,Unknown,Unknown,-5.833624362945557,5.809041976928711,3.1550686359405518,-0.03066880628466606,,
H02,7,1523958587250896406,443,1.0,237.0,ncc_fail,1.1793289184570312,236.19520568847656,0.0016820176451806572,False,1.154950201511383,236.178484916687,0.019693344874417287,False,neither,0,0,not_accepted,not_accepted,Unknown,Unknown,-5.596400260925293,5.576826095581055,2.9408533573150635,-0.024348434060811996,,
H02,7,1523958587250896406,444,499.0,509.0,ncc_fail,498.691650390625,509.58294677734375,0.11782968120738578,False,498.60110861063004,509.6721231341362,0.03135271499142245,False,neither,0,0,not_accepted,not_accepted,Unknown,Unknown,-5.267493724822998,5.260567665100098,2.8899054527282715,-0.026032915338873863,,
H02,8,1523958587301172416,93,391.6670227050781,176.47926330566406,ncc_fail,392.3898010253906,176.66041564941406,0.00548563547267264,True,392.34859653527724,176.73925971531406,0.0158278906646573,True,both,3,3,completed_3_step_check,completed_3_step_check,Unknown,Unknown,-6.677211439775373,6.662758464796793,3.4617783810085108,-0.03300847944031439,3.186978503767617,3.1886228539558346
H02,8,1523958587301172416,209,190.51058959960938,103.46188354492188,ncc_fail,191.30538940429688,103.14848327636719,0.0036652869108472637,True,191.31293446968732,103.08418496227925,0.03040488183407485,True,both,3,1,completed_3_step_check,ncc_fail,Unknown,Unknown,-6.420524639415141,6.398593572419154,3.354421467984829,-0.031304298461991446,3.9764374325287912,0.9808841019538697
H02,8,1523958587301172416,212,240.5310821533203,69.0726318359375,ncc_fail,241.43858337402344,68.82135009765625,0.0011394137391720258,True,241.45901848744845,68.82641164383168,0.014244109219766604,True,both,1,1,ncc_fail,ncc_fail,Unknown,Unknown,-6.399553001888467,6.376300511179504,3.3490725235423935,-0.029864126050830952,1.0647014801748476,1.0591937136055125
H02,8,1523958587301172416,213,87.77039337158203,137.44973754882812,ncc_fail,88.43388366699219,136.75706481933594,0.0009733684280314978,True,88.39681261238401,136.79484639954683,0.014020734448901452,True,both,3,3,completed_3_step_check,completed_3_step_check,Unknown,Unknown,-6.5069898582837915,6.486807621881131,3.39328029545796,-0.03220453968272537,4.001333961417761,4.0054229158653
H02,8,1523958587301172416,287,586.3822021484375,152.60736083984375,ncc_fail,587.0451049804688,153.45021057128906,0.0030168057660025296,True,587.0716397682565,153.48424084883035,0.01207388471821913,True,both,1,1,ncc_fail,ncc_fail,Unknown,Unknown,-6.469669546912229,6.456059552149462,3.3902678815765466,-0.03155511290326504,1.1603118884605177,1.1576338474209167
H02,8,1523958587301172416,302,407.4360656738281,12.907188415527344,ncc_fail,408.4916687011719,13.221982955932617,0.003867648265372567,True,408.5643942871385,13.15849569834716,0.018134145445521405,True,both,0,3,ncc_fail,completed_3_step_check,Unknown,Unknown,-6.017228687101231,5.988372329946902,3.2048538543293086,-0.03550843070670582,0.0,4.746087477399388
H02,8,1523958587301172416,340,272.53497314453125,458.37664794921875,ncc_fail,272.37078857421875,458.44976806640625,0.0028185424533737347,True,272.3202364700324,458.4131138455253,0.012193520050889662,True,both,3,3,completed_3_step_check,completed_3_step_check,Unknown,Unknown,-6.355258238019152,6.334279007779436,3.3295112091380545,-0.03244568608438207,0.3227669775273794,0.3399871875306044
H02,8,1523958587301172416,358,116.42781829833984,306.19073486328125,ncc_fail,116.55714416503906,305.70361328125,0.0015747077705322422,True,116.60682972896988,305.7225291131531,0.0222611159281018,True,both,3,3,completed_3_step_check,completed_3_step_check,Unknown,Unknown,-6.482510358765529,6.467186665298022,3.3839178374605456,-0.030558565423989416,2.4149276825068005,2.434996810081916
H02,8,1523958587301172416,404,416.56976318359375,171.78271484375,ncc_fail,417.3490905761719,172.1591033935547,0.005708439225731026,True,417.26877756759745,172.1221752464225,0.01222846032122002,True,both,3,3,completed_3_step_check,completed_3_step_check,Unknown,Unknown,-6.750340259185222,6.727526814853519,3.4906850000332668,-0.032366210498915415,3.3469928132186126,3.3474258624849296
H02,8,1523958587301172416,430,129.57916259765625,67.6840591430664,ncc_fail,130.4774627685547,67.1664047241211,0.000401396070494565,True,130.43219422149147,67.11452300212424,0.011044217697969125,True,both,1,1,ncc_fail,ncc_fail,Unknown,Unknown,-6.386704359191604,6.367756919185473,3.3498939592427157,-0.030328443187321138,1.1046513110583815,1.1019787563802468
H02,8,1523958587301172416,447,430.56402587890625,219.4013214111328,ncc_fail,431.1156311035156,219.7931671142578,0.0006531046923532927,True,431.1285085547854,219.7966230263813,0.023884064593383398,True,both,3,3,completed_3_step_check,completed_3_step_check,Unknown,Unknown,-6.862827744848984,6.8477416179746555,3.5407280483760277,-0.03107351991531852,2.9445974743076735,2.941532190847127
H02,8,1523958587301172416,449,470.5286865234375,215.45187377929688,ncc_fail,471.0793762207031,215.94842529296875,0.0036031426130726176,True,471.0983412070564,215.97583512612752,0.02021747179575013,True,both,1,1,ncc_fail,ncc_fail,Unknown,Unknown,-6.639282860826375,6.623698305586299,3.4586111326357543,-0.02982450411956883,0.8182733743506488,0.8102118504899484
H02,8,1523958587301172416,450,247.0,1.0,ncc_fail,248.07498168945312,0.7386388778686523,0.004824406870324947,False,248.10640335083008,0.7374112904071808,0.03176834349307742,False,neither,0,0,not_accepted,not_accepted,Unknown,Unknown,-5.6335320472717285,5.609861373901367,3.063272476196289,-0.029272152110934258,,
H02,8,1523958587301172416,453,438.0,506.0,ncc_fail,437.6243591308594,506.5213317871094,0.018075811670012876,False,437.6154952645302,506.4732557833195,0.03684731622994024,False,neither,0,0,not_accepted,not_accepted,Unknown,Unknown,-5.376448631286621,5.371906280517578,2.8901209831237793,-0.027914423495531082,,
H02,8,1523958587301172416,454,458.0,507.0,ncc_fail,457.6237487792969,507.52398681640625,0.005627163365046929,False,457.61779791116714,507.5234870314598,0.03375544994780417,False,neither,0,0,not_accepted,not_accepted,Unknown,Unknown,-5.373631477355957,5.371794700622559,2.890568256378174,-0.026415467262268066,,
H02,8,1523958587301172416,455,3.0,404.0,ncc_fail,2.7846574783325195,403.28607177734375,0.005848402516284569,False,2.816769063472748,403.3352779150009,0.012662586875631765,False,neither,0,0,not_accepted,not_accepted,Unknown,Unknown,-5.78367280960083,5.780941963195801,3.012258768081665,-0.026650436222553253,,
H02,8,1523958587301172416,456,1.0,233.0,ncc_fail,1.2755451202392578,232.21774291992188,0.005422810534341435,False,1.2731689810752869,232.17075097560883,0.03512102492290533,False,neither,0,0,not_accepted,not_accepted,Unknown,Unknown,-5.768775939941406,5.752931594848633,3.0056424140930176,-0.02598526142537594,,
H02,8,1523958587301172416,459,320.0,6.0,border_fail,321.1597900390625,6.030930519104004,0.0016630223481207706,False,321.136776804924,5.972812756896019,0.02394916358490847,False,neither,0,0,not_accepted,not_accepted,Unknown,Unknown,-5.889681816101074,5.865879058837891,3.170459032058716,-0.027357112616300583,,
H02,9,1523958587352496265,122,374.619140625,153.7206573486328,ncc_fail,375.4528503417969,154.07394409179688,0.00200262523626811,True,375.44269156598915,153.99556765346517,0.02213106181596446,True,both,1,1,ncc_fail,ncc_fail,Unknown,Unknown,-6.1745786843421655,6.16047126846675,3.2518871187338476,-0.029648500295815616,1.0973409076926062,1.1036718713684637
H02,9,1523958587352496265,188,403.5077209472656,68.85142517089844,ncc_fail,404.5269470214844,69.30536651611328,0.00464589410009401,True,404.57803311989613,69.21204043529657,0.021514148256409186,True,both,3,3,completed_3_step_check,completed_3_step_check,Unknown,Unknown,-6.773161612088588,6.744518362266023,3.4944519278019532,-0.035065309076714644,5.43621347954325,5.445151017090871
H02,9,1523958587352496265,255,153.4510040283203,300.744873046875,ncc_fail,153.6915283203125,300.3865966796875,0.006659146033718216,True,153.80024542002283,300.3554364530595,0.033619769002842914,True,both,3,3,completed_3_step_check,completed_3_step_check,Unknown,Unknown,-6.701441496792073,6.675131173802388,3.4721169135339087,-0.03374534017426875,3.106620522392014,3.1257613512597158
H02,9,1523958587352496265,258,413.5189514160156,503.7489929199219,border_fail,413.1472473144531,504.2137451171875,0.014139126914319525,False,413.1884273498887,504.1748964142226,0.030484037777808847,False,neither,0,0,not_accepted,not_accepted,Unknown,Unknown,-5.421121474577792,5.417494852956668,2.9155828471448038,-0.029385232048261184,,
H02,9,1523958587352496265,320,201.0585174560547,409.528076171875,ncc_fail,201.045654296875,409.3450927734375,0.00021847261143915334,True,201.06369087753552,409.3295573530871,0.02596817193262528,True,both,3,3,completed_3_step_check,completed_3_step_check,Unknown,Unknown,-6.0737201006773525,6.062710791948055,3.2175516193840936,-0.03002421080479853,1.5884286660592148,1.5906667592909731
H02,9,1523958587352496265,374,484.4354248046875,341.32763671875,ncc_fail,484.6127014160156,341.9591979980469,0.002894025555090521,True,484.6494321453518,341.96305974522846,0.026922235445263246,True,both,2,2,ncc_fail,ncc_fail,Unknown,Unknown,-6.710026811251339,6.695181855488926,3.4793888895368497,-0.03192625230897206,1.692868162856248,1.6943841845064942
H02,9,1523958587352496265,428,459.5098876953125,126.29536437988281,ncc_fail,460.3872375488281,126.80940246582031,0.0005493693856016447,True,460.40122015078765,126.84456281653318,0.011305471869193678,True,both,1,1,ncc_fail,ncc_fail,Unknown,Unknown,-6.503549212642291,6.489747447685231,3.397541050933806,-0.030606112302643387,1.288671238811049,1.2839487686894286
H02,9,1523958587352496265,432,323.3862609863281,358.4940185546875,ncc_fail,323.53082275390625,358.6316223144531,0.006101836927350452,True,323.58461708500994,358.65352054620195,0.026236991588553412,True,both,3,3,completed_3_step_check,completed_3_step_check,Unknown,Unknown,-6.120868997480347,6.105182360335371,3.2309312819864084,-0.03025124173302434,1.487066078520203,1.5070435701735228
H02,9,1523958587352496265,437,438.54412841796875,135.69500732421875,ncc_fail,439.41229248046875,136.242431640625,0.004620970027038013,True,439.4101594880537,136.17907771484423,0.006709799308856781,True,both,1,1,ncc_fail,ncc_fail,Unknown,Unknown,-6.597590204035308,6.571989714452297,3.427512244690165,-0.0328630862785497,1.193558473414049,1.1960858098954745
H02,9,1523958587352496265,462,247.0,1.0,ncc_fail,248.27186584472656,0.8424854278564453,0.004408106763122,False,248.26224875450134,0.8282556682825089,0.030758660998736483,False,neither,0,0,not_accepted,not_accepted,Unknown,Unknown,-5.693349838256836,5.667992115020752,3.116732597351074,-0.032636016607284546,,
H02,9,1523958587352496265,463,437.0,507.0,ncc_fail,436.61212158203125,507.4934387207031,0.01585578356324831,False,436.65754759311676,507.492284655571,0.029294590302739516,False,neither,0,0,not_accepted,not_accepted,Unknown,Unknown,-5.346539497375488,5.342660427093506,2.8752050399780273,-0.02879089117050171,,
H02,9,1523958587352496265,464,457.0,507.0,ncc_fail,456.59503173828125,507.51629638671875,0.01577440004590787,False,456.6609148979187,507.5456132888794,0.018190694391419807,False,neither,0,0,not_accepted,not_accepted,Unknown,Unknown,-5.342079162597656,5.338827610015869,2.886366367340088,-0.027645781636238098,,
H02,9,1523958587352496265,465,3.0,403.0,ncc_fail,2.831965446472168,402.2536926269531,0.0034493376991176715,False,2.9175539016723633,402.23297625780106,0.03202120858718783,False,neither,0,0,not_accepted,not_accepted,Unknown,Unknown,-5.499372482299805,5.4975690841674805,2.910449266433716,-0.02622574009001255,,
H02,9,1523958587352496265,466,321.0,6.0,border_fail,322.2526550292969,6.139461517333984,0.0016417840587998164,False,322.25945234298706,6.084571905434132,0.03193919144227599,False,neither,0,0,not_accepted,not_accepted,Unknown,Unknown,-5.834917068481445,5.812087059020996,3.1642494201660156,-0.02857491932809353,,
H02,9,1523958587352496265,474,158.0,7.0,border_fail,159.20901489257812,6.541158676147461,0.006782699370082724,False,159.21414983272552,6.518330663442612,0.035473837292364266,False,neither,0,0,not_accepted,not_accepted,Unknown,Unknown,-5.918496608734131,5.892585754394531,3.1411826610565186,-0.029381025582551956,,
H02,10,1523958587401627015,174,113.10213470458984,68.25161743164062,ncc_fail,114.40931701660156,67.52642822265625,0.0066163699986105115,True,114.40328367750638,67.52912702017477,0.0253126816679863,True,both,3,3,completed_3_step_check,completed_3_step_check,Unknown,Unknown,-6.646108770067348,6.62112643321636,3.4436728867209014,-0.03233284003778117,7.681216043202008,7.679577608002135
H02,10,1523958587401627015,215,40.14335250854492,270.475341796875,ncc_fail,40.83308029174805,269.537109375,0.003390062030517289,True,40.78231531276653,269.5703729571379,0.032687353098384525,True,both,3,3,completed_3_step_check,completed_3_step_check,Unknown,Unknown,-6.483250507486403,6.459362642659355,3.3736110834917197,-0.03498455949984253,6.834252381971488,6.8381148305640655
H02,10,1523958587401627015,336,631.8595581054688,25.652538299560547,border_fail,632.893310546875,26.801973342895508,0.18600830023864426,False,633.1622223135806,26.957367422074185,0.02904055381552751,False,neither,0,0,not_accepted,not_accepted,Unknown,Unknown,-5.665369689214567,5.645111005536384,3.2030014454197637,-0.03686342634941825,,
H02,10,1523958587401627015,379,520.728759765625,336.61309814453125,ncc_fail,521.0166015625,337.48443603515625,0.002280665819278977,True,521.0018144217655,337.4978733951841,0.02578972524337128,True,both,1,1,ncc_fail,ncc_fail,Unknown,Unknown,-6.797944538874084,6.781218174436638,3.5157762285259366,-0.03324969674637168,1.0180139070691954,1.0185626576737326
H02,10,1523958587401627015,409,239.5274200439453,360.55206298828125,ncc_fail,239.86361694335938,360.41461181640625,0.00324093949760822,True,239.88449302586304,360.3911612821613,0.0318343053559756,True,both,3,3,completed_3_step_check,completed_3_step_check,Unknown,Unknown,-6.043330140605924,6.028303719137622,3.2128636168619735,-0.030986417501763036,2.515774690205358,2.5274195946877085
H02,10,1523958587401627015,451,364.789306640625,276.4880676269531,ncc_fail,365.4490966796875,276.7611083984375,0.003910539179599938,True,365.4281603771905,276.80957237565593,0.021334031439646902,True,both,2,2,ncc_fail,ncc_fail,Unknown,Unknown,-5.878363902311094,5.870811918121785,3.1402874896742237,-0.03105542358064288,2.0113682453116213,2.0054724459099975
H02,10,1523958587401627015,461,263.0692138671875,52.62701416015625,ncc_fail,264.538818359375,52.5312385559082,0.005493991842418337,True,264.52261484094015,52.55479203957941,0.022514977339780244,True,both,0,0,ncc_fail,ncc_fail,Unknown,Unknown,-6.469916869278645,6.455740337579851,3.375679987510523,-0.03156956599079627,0.0,0.0
H02,10,1523958587401627015,478,471.596435546875,216.5567169189453,ncc_fail,472.4290771484375,217.30294799804688,0.0017117069900366405,True,472.3996916399827,217.29363449615406,0.023902619437182478,True,both,1,1,ncc_fail,ncc_fail,Unknown,Unknown,-6.755587169559677,6.739368188933055,3.506472680338841,-0.030817242433595626,1.2611896433150458,1.2597532092345338
H02,10,1523958587401627015,480,248.0,1.0,ncc_fail,249.5941619873047,0.9007596969604492,0.004645449305004143,False,249.5964379310608,0.863720566034317,0.04854863502726498,False,neither,0,0,not_accepted,not_accepted,Unknown,Unknown,-5.649447441101074,5.624056339263916,3.1270904541015625,-0.03462720662355423,,
H02,10,1523958587401627015,482,437.0,509.0,ncc_fail,436.5586242675781,509.5674133300781,0.028212390999547525,False,436.62189161777496,509.51742404699326,0.020706925471940738,False,neither,0,0,not_accepted,not_accepted,Unknown,Unknown,-5.274713516235352,5.269165992736816,2.880026340484619,-0.029429789632558823,,
H02,10,1523958587401627015,485,3.0,402.0,ncc_fail,2.9947385787963867,401.0186462402344,0.0013018017718377283,False,3.0820292234420776,401.0371640920639,0.03618840068468143,False,neither,0,0,not_accepted,not_accepted,Unknown,Unknown,-5.164567947387695,5.164653778076172,2.8235371112823486,-0.03000354953110218,,
H02,10,1523958587401627015,486,2.0,231.0,ncc_fail,2.883901596069336,229.89573669433594,0.019501085032862974,False,2.7492692470550537,229.9070347547531,0.06516091029499065,False,neither,0,0,not_accepted,not_accepted,Unknown,Unknown,-5.57248592376709,5.559053897857666,2.9416630268096924,-0.030230900272727013,,
H02,10,1523958587401627015,487,322.0,6.0,border_fail,323.62432861328125,6.137897491455078,0.0038105183600129176,False,323.61927461624146,6.177926063537598,0.032854143687830135,False,neither,0,0,not_accepted,not_accepted,Unknown,Unknown,-5.994932174682617,5.969852447509766,3.226163148880005,-0.030012883245944977,,
H02,10,1523958587401627015,490,82.0,1.0,ncc_fail,83.53309631347656,0.18264007568359375,0.012915131815557443,False,83.47315859794617,0.1452467441558838,0.04495687848136583,False,neither,0,0,not_accepted,not_accepted,Unknown,Unknown,-5.589260578155518,5.562674522399902,3.010180950164795,-0.030188625678420067,,
H02,10,1523958587401627015,491,461.0,507.0,ncc_fail,460.58905029296875,507.634765625,0.025862814740754397,False,460.615945070982,507.60014021396637,0.011802777270678425,False,neither,0,0,not_accepted,not_accepted,Unknown,Unknown,-5.282873630523682,5.27949333190918,2.8858137130737305,-0.028691284358501434,,
H02,10,1523958587401627015,493,156.0,3.0,ncc_fail,157.55062866210938,2.4796438217163086,0.010989686664514338,False,157.53877580165863,2.451710522174835,0.04461074072276103,False,neither,0,0,not_accepted,not_accepted,Unknown,Unknown,-5.858818054199219,5.833487510681152,3.1412734985351562,-0.03003554418683052,,
H02,11,1523958587451015537,62,247.7271270751953,40.57277297973633,ncc_fail,249.66781616210938,40.38420104980469,0.0018951982683196099,True,249.63316971839728,40.31647768860901,0.02996528306168987,True,both,3,3,completed_3_step_check,completed_3_step_check,Unknown,Unknown,-6.38998791636438,6.367866545928332,3.3480048029258795,-0.03399814093165353,9.208515040444372,9.204567393356701
H02,11,1523958587451015537,117,214.52288818359375,34.43024444580078,ncc_fail,216.4215850830078,33.98630142211914,0.002173239426873796,True,216.44850629061278,33.99688258132851,0.03038828246578801,True,both,3,3,completed_3_step_check,completed_3_step_check,Unknown,Unknown,-6.259655715003454,6.238947442085424,3.29642646678803,-0.034630228842819626,9.258815632770965,9.260948257378038
H02,11,1523958587451015537,131,412.58154296875,289.4807434082031,ncc_fail,413.3262939453125,289.9959411621094,0.003252234690164286,True,413.3039345456219,289.98257717963935,0.027698372983787255,True,both,3,3,completed_3_step_check,completed_3_step_check,Unknown,Unknown,-6.683266181321969,6.659151902735175,3.4432897437063374,-0.031948698076102344,3.7673312831105346,3.767902944851701
H02,11,1523958587451015537,202,381.59722900390625,287.5648498535156,ncc_fail,382.3999328613281,287.8954162597656,0.003369809512759813,True,382.35564841934007,287.9272064143837,0.021114042550692,True,both,1,1,ncc_fail,ncc_fail,Unknown,Unknown,-5.8986733218954015,5.881504475716283,3.1458452240127777,-0.030592301422986364,1.0698200806398854,1.0670238117770612
H02,11,1523958587451015537,233,478.622802734375,112.557373046875,ncc_fail,480.0694274902344,113.46955871582031,0.0006415953381844677,True,480.09026195067344,113.47320264426,0.0238579025446938,True,both,0,0,ncc_fail,ncc_fail,Unknown,Unknown,-7.125279341726923,7.105544540126289,3.6487793488773974,-0.03264645399268584,0.0,0.0
H02,11,1523958587451015537,303,264.64306640625,357.5331115722656,ncc_fail,265.2052001953125,357.3658447265625,0.003321933350718946,True,265.13325693733026,357.3597773220317,0.0265977599443272,True,both,3,3,completed_3_step_check,completed_3_step_check,Unknown,Unknown,-5.99838022805956,5.9837664813596945,3.2197052788317393,-0.030365968758695794,3.0161960567906885,3.017598392430717
H02,11,1523958587451015537,377,87.73849487304688,112.53359985351562,ncc_fail,89.28827667236328,111.4542236328125,0.006431923491672154,True,89.29347616623076,111.44977261034127,0.020843527722470504,True,both,3,3,completed_3_step_check,completed_3_step_check,Unknown,Unknown,-6.746112806604628,6.729209097391845,3.494606274987957,-0.03259761215323067,8.9647480188747,8.96590343015159
H02,11,1523958587451015537,418,507.24554443359375,386.5021667480469,ncc_fail,507.31854248046875,387.4148864746094,0.0033934943104594107,True,507.33490266809207,387.3929379880872,0.017600254893307753,True,both,1,1,ncc_fail,ncc_fail,Unknown,Unknown,-6.599224268576288,6.576895979190519,3.4278186692704713,-0.0314275735278253,1.034066809616867,1.0300457721268081
H02,11,1523958587451015537,475,238.48178100585938,63.583099365234375,ncc_fail,240.31065368652344,63.31509017944336,0.0029680992341785785,True,240.3085437433409,63.279345418021904,0.02315818866022552,True,both,0,0,ncc_fail,ncc_fail,Unknown,Unknown,-6.48865742980129,6.470912940739086,3.384763873821207,-0.031739758698344334,0.0,0.0
H02,11,1523958587451015537,481,440.13287353515625,136.57852172851562,ncc_fail,441.4595642089844,137.334716796875,0.0038906022419704345,True,441.5427192685989,137.29455241064903,0.016760184586405373,True,both,3,0,completed_3_step_check,ncc_fail,Unknown,Unknown,-7.070836382525446,7.041586902148839,3.6235400034916507,-0.03704199506353031,6.740446068737692,0.0
H02,11,1523958587451015537,494,473.50714111328125,307.67974853515625,ncc_fail,473.9928894042969,308.49755859375,0.006493435011081667,True,474.05739724696156,308.4629118577453,0.026209229329641776,True,both,3,3,completed_3_step_check,completed_3_step_check,Unknown,Unknown,-6.75322223078358,6.735247639381502,3.499275016123085,-0.030743181782843007,3.858792446958673,3.839522183117878
H02,11,1523958587451015537,495,250.0,1.0,ncc_fail,252.01651000976562,0.7790584564208984,0.004801509248812512,False,252.0389642715454,0.7593433856964111,0.03435299293936671,False,neither,0,0,not_accepted,not_accepted,Unknown,Unknown,-5.700390815734863,5.675708293914795,3.1097307205200195,-0.03344201669096947,,
H02,11,1523958587451015537,497,3.0,401.0,ncc_fail,3.029998779296875,399.6614074707031,0.0012962146109805864,False,3.0623236522078514,399.6944987773895,0.047839881491859734,False,neither,0,0,not_accepted,not_accepted,Unknown,Unknown,-5.233236789703369,5.231663703918457,2.88144588470459,-0.031753331422805786,,
H02,11,1523958587451015537,499,437.0,509.0,ncc_fail,436.53887939453125,509.6173095703125,0.01725514711076872,False,436.56015971302986,509.5542684197426,0.03170110041498519,False,neither,0,0,not_accepted,not_accepted,Unknown,Unknown,-5.216909408569336,5.211119174957275,2.847827672958374,-0.03016839176416397,,
H02,11,1523958587451015537,500,1.0,249.0,ncc_fail,2.2467470169067383,247.5531463623047,0.06980579746879119,False,2.0629308223724365,247.5417902469635,0.04465804944136004,False,neither,0,0,not_accepted,not_accepted,Unknown,Unknown,-5.603592872619629,5.593660354614258,2.9943528175354004,-0.0391080379486084,,
H02,11,1523958587451015537,501,1.0,230.0,ncc_fail,2.3447675704956055,228.52894592285156,0.0984889244391467,False,2.1372486352920532,228.53337574005127,0.07035676268450314,False,neither,0,0,not_accepted,not_accepted,Unknown,Unknown,-5.412790298461914,5.399727821350098,2.9272823333740234,-0.039724044501781464,,
H02,11,1523958587451015537,503,324.0,6.0,border_fail,326.04034423828125,6.205321311950684,0.00235519792255551,False,326.05405473709106,6.14955872297287,0.029208731689805652,False,neither,0,0,not_accepted,not_accepted,Unknown,Unknown,-5.851073265075684,5.827727317810059,3.1654553413391113,-0.028897583484649658,,
H02,11,1523958587451015537,509,160.0,3.0,ncc_fail,161.93948364257812,2.2897987365722656,0.028336743200633438,False,162.03357434272766,2.263735771179199,0.03913201603137572,False,neither,0,0,not_accepted,not_accepted,Unknown,Unknown,-5.733394622802734,5.712800025939941,3.110701560974121,-0.03182084858417511,,
H02,12,1523958587500602405,150,456.268798828125,288.5228271484375,ncc_fail,457.1283264160156,289.2976989746094,0.004001062825683378,True,457.1448715207031,289.3253631028948,0.03187518138340891,True,both,3,3,completed_3_step_check,completed_3_step_check,Unknown,Unknown,-6.858721483247805,6.836209515348045,3.5472435859159503,-0.03332871947093419,4.537602438678395,4.5399765869376605
H02,12,1523958587500602405,214,321.1688232421875,111.47589111328125,ncc_fail,323.2371826171875,111.513671875,0.003823019486490274,True,323.25481895357774,111.57117063638579,0.03163921458971768,True,both,2,2,ncc_fail,ncc_fail,Unknown,Unknown,-6.749656034990139,6.72877676421718,3.488963321676133,-0.03536107671623093,5.4201052039302855,5.419039991996292
H02,12,1523958587500602405,291,194.54624938964844,475.7803955078125,ncc_fail,194.45298767089844,475.1177673339844,0.003244063053202713,True,194.4349009501855,475.06468683978704,0.01646855036669735,True,both,3,3,completed_3_step_check,completed_3_step_check,Unknown,Unknown,-6.519940747921871,6.5102502700508085,3.384446381208661,-0.03391219712583721,3.522274189528576,3.510075375288558
H02,12,1523958587500602405,345,631.513671875,177.4686737060547,border_fail,632.5347290039062,179.3452911376953,0.025400764934827992,False,632.5694517148905,179.40652493260333,0.03490423167692237,False,neither,0,0,not_accepted,not_accepted,Unknown,Unknown,-6.0365614341883145,6.0239085238467,3.2311569678784906,-0.036950095624374235,,
H02,12,1523958587500602405,419,457.4412536621094,388.5137023925781,ncc_fail,457.6562194824219,389.2584228515625,0.0017247157166680653,True,457.68945853889,389.25628501190357,0.014994609854211898,True,both,3,3,completed_3_step_check,completed_3_step_check,Unknown,Unknown,-6.5776368729528745,6.556829143806548,3.424134119321239,-0.03120895821413243,2.6681758666177067,2.6697338835525084
H02,12,1523958587500602405,446,367.3430480957031,52.08879089355469,ncc_fail,369.613525390625,52.49903106689453,0.001602613297730012,True,369.7118187452842,52.507835652341896,0.05047840005210719,True,both,0,1,ncc_fail,ncc_fail,Unknown,Unknown,-6.889852156989406,6.872510998261356,3.5548058878263515,-0.03556084673407291,0.0,2.7963772179821897
H02,12,1523958587500602405,479,328.0103454589844,69.38314819335938,ncc_fail,330.4618835449219,69.536865234375,0.0017333339625443026,True,330.3233043593628,69.53433569838852,0.0355260735011042,True,both,0,3,ncc_fail,completed_3_step_check,Unknown,Unknown,-6.8423275793026646,6.819832785916821,3.5218623581803072,-0.03241507561859286,0.0,10.8102027705563
H02,12,1523958587500602405,484,485.55059814453125,346.5484924316406,ncc_fail,485.98193359375,347.47698974609375,0.0007150497139807117,True,486.01396544853054,347.4809402348291,0.029579425717122524,True,both,0,0,ncc_fail,ncc_fail,Unknown,Unknown,-6.92241498541643,6.906806873545579,3.5682053315388096,-0.033324991937794084,0.0,0.0
H02,12,1523958587500602405,488,467.4786071777344,126.53971862792969,ncc_fail,469.2098388671875,127.49507141113281,0.00156402587890625,True,469.24949082804136,127.55405613480669,0.036247315251950164,True,both,0,3,ncc_fail,completed_3_step_check,Unknown,Unknown,-6.976751651545336,6.95605390538058,3.5899310515223704,-0.033149675028361254,0.0,8.24527870088766
H02,12,1523958587500602405,496,366.7978515625,277.333984375,ncc_fail,367.87994384765625,277.5512390136719,0.0011503953140240945,True,367.8666954752118,277.6209884058368,0.017551033153905552,True,both,3,3,completed_3_step_check,completed_3_step_check,Unknown,Unknown,-5.903077789571398,5.89244733425403,3.15713109096032,-0.032511879410520805,4.782854777514253,4.780937604025561
H02,12,1523958587500602405,514,252.0,2.0,ncc_fail,254.5710906982422,1.7059926986694336,0.008625057512297602,False,254.60623407363892,1.637857973575592,0.03949035007688611,False,neither,0,0,not_accepted,not_accepted,Unknown,Unknown,-5.543359756469727,5.516958236694336,3.0970067977905273,-0.034886207431554794,,
H02,12,1523958587500602405,515,2.0,248.0,ncc_fail,3.7251834869384766,246.06622314453125,0.04668615608232187,False,3.439475178718567,246.13749527931213,0.07325907202221328,False,neither,0,0,not_accepted,not_accepted,Unknown,Unknown,-5.547468185424805,5.540133953094482,2.970064163208008,-0.039520263671875,,
H02,12,1523958587500602405,517,436.0,510.0,ncc_fail,435.4875793457031,510.61859130859375,0.013897331142295225,False,435.51627147197723,510.5853365659714,0.032069422105626,False,neither,0,0,not_accepted,not_accepted,Unknown,Unknown,-5.251697063446045,5.2446699142456055,2.8769888877868652,-0.03266359120607376,,
H02,12,1523958587500602405,518,3.0,400.0,ncc_fail,3.14328670501709,398.3572082519531,0.003097976338252772,False,3.278080850839615,398.3247561454773,0.03495310645429534,False,neither,0,0,not_accepted,not_accepted,Unknown,Unknown,-5.099148750305176,5.09780740737915,2.9269087314605713,-0.03885529935359955,,
H02,12,1523958587500602405,522,326.0,7.0,border_fail,328.5734558105469,7.205446243286133,0.0013784550722422983,False,328.6444249153137,7.146419852972031,0.06053220847639199,False,neither,0,0,not_accepted,not_accepted,Unknown,Unknown,-6.046494960784912,6.022389888763428,3.2451462745666504,-0.03189244866371155,,
H02,12,1523958587500602405,525,160.0,1.0,ncc_fail,162.4735565185547,0.052135467529296875,0.03818534171957316,False,162.6020839214325,0.03326582908630371,0.06548876317495228,False,neither,0,0,not_accepted,not_accepted,Unknown,Unknown,-5.8149566650390625,5.792542457580566,3.122082233428955,-0.027849946171045303,,
H02,12,1523958587500602405,526,37.0,510.0,ncc_fail,36.42490768432617,508.4941711425781,0.07580901528597188,False,36.4462456703186,508.5174664258957,0.04177361231460105,False,neither,0,0,not_accepted,not_accepted,Unknown,Unknown,-4.639542102813721,4.635451793670654,2.8802623748779297,-0.03766816481947899,,
H02,13,1523958587554216624,251,492.45245361328125,203.4095916748047,ncc_fail,493.9745178222656,204.57859802246094,0.0003522765008732665,True,493.96782038405917,204.62709661858872,0.02742633314459421,True,both,3,3,completed_3_step_check,completed_3_step_check,Unknown,Unknown,-6.722705747056348,6.6988760879111275,3.48151136792507,-0.032398662103695686,7.447122357519464,7.453378333164832
H02,13,1523958587554216624,341,353.58843994140625,88.43601989746094,ncc_fail,356.2731628417969,88.74752044677734,0.0024726772337591123,True,356.2456858239027,88.72569067624504,0.026779367254698414,True,both,3,3,completed_3_step_check,completed_3_step_check,Unknown,Unknown,-7.192926376028129,7.173446173918192,3.6662279508813578,-0.03391007323008145,10.658865851564968,10.654341159631239
H02,13,1523958587554216624,431,132.50347900390625,349.9625549316406,ncc_fail,133.33599853515625,348.610107421875,0.003568469358522984,True,133.449835734381,348.5510934840108,0.04468834955600485,True,both,1,1,ncc_fail,ncc_fail,Unknown,Unknown,-6.559340241593201,6.5433953633526105,3.4195632126950573,-0.03311705412191652,1.99732809717246,2.016848643843986
H02,13,1523958587554216624,472,137.35366821289062,63.8607177734375,ncc_fail,140.16065979003906,62.47370147705078,0.003217624218017679,True,140.2226460933513,62.44767511104071,0.020169839881336075,True,both,0,0,ncc_fail,ncc_fail,Unknown,Unknown,-6.670238410562506,6.650789598035175,3.463372917700477,-0.031796210733450125,0.0,0.0
H02,13,1523958587554216624,529,4.0,245.0,ncc_fail,6.318277359008789,242.4887237548828,0.40043513398573516,False,5.924375534057617,242.44572806358337,0.22357288242367598,False,neither,0,0,not_accepted,not_accepted,Unknown,Unknown,-5.5173115730285645,5.5041117668151855,3.0095484256744385,-0.041898634284734726,,
H02,13,1523958587554216624,533,1.0,226.0,ncc_fail,3.3664331436157227,223.5011444091797,0.26525298348633775,False,2.993309736251831,223.47281169891357,0.1288654921915211,False,neither,0,0,not_accepted,not_accepted,Unknown,Unknown,-5.137104511260986,5.12267541885376,2.8692691326141357,-0.04189658164978027,,
H02,13,1523958587554216624,534,3.0,398.0,ncc_fail,3.2290420532226562,395.8335266113281,0.0012610420015578454,False,3.337201088666916,395.97338914871216,0.07771427963158359,False,neither,0,0,not_accepted,not_accepted,Unknown,Unknown,-5.314741134643555,5.295568943023682,2.905694007873535,-0.032519422471523285,,
H02,13,1523958587554216624,535,422.0,507.0,ncc_fail,421.408447265625,507.54266357421875,0.008084566672773148,False,421.45618546009064,507.4606811106205,0.05606849199882153,False,neither,0,0,not_accepted,not_accepted,Unknown,Unknown,-5.26104211807251,5.258691310882568,2.9590213298797607,-0.03504357486963272,,
H02,13,1523958587554216624,536,444.0,507.0,ncc_fail,443.3538513183594,507.57696533203125,0.00834431173455321,False,443.4171199798584,507.6061375141144,0.04501849716711483,False,neither,0,0,not_accepted,not_accepted,Unknown,Unknown,-5.130063533782959,5.1252760887146,2.9205522537231445,-0.037355661392211914,,
H02,13,1523958587554216624,538,328.0,7.0,border_fail,331.15576171875,7.236607074737549,0.0020076475281056347,False,331.2153253555298,7.137532338500023,0.028820133518659277,False,neither,0,0,not_accepted,not_accepted,Unknown,Unknown,-5.940657615661621,5.910599708557129,3.2255866527557373,-0.0321422815322876,,
H02,13,1523958587554216624,544,165.0,4.0,ncc_fail,168.08543395996094,2.792102813720703,0.06698509434987829,False,168.2257752418518,2.788358449935913,0.03597504229677359,False,neither,0,0,not_accepted,not_accepted,Unknown,Unknown,-5.6451416015625,5.622666835784912,3.1287336349487305,-0.03167204558849335,,
H02,13,1523958587554216624,545,488.0,510.0,ncc_fail,487.3776550292969,510.8434753417969,0.08404748231193601,False,487.31353479623795,510.8846889138222,0.025171910495865674,False,neither,0,0,not_accepted,not_accepted,Unknown,Unknown,-5.05349063873291,5.048305034637451,2.8935468196868896,-0.034111712127923965,,
H02,14,1523958587600871605,113,210.6558380126953,8.883918762207031,border_fail,214.4442138671875,7.868896484375,0.023458684863307357,False,214.42917823439092,7.862388973828937,0.06239219753781318,False,neither,0,0,not_accepted,not_accepted,Unknown,Unknown,-5.53050578972741,5.500023736152696,3.1273733280015032,-0.039972738953481524,,
H02,14,1523958587600871605,231,133.56280517578125,80.48213958740234,ncc_fail,136.7661895751953,78.64466094970703,0.0015847301127042267,True,136.80804841643564,78.70287718877017,0.023337259588709282,True,both,1,3,ncc_fail,completed_3_step_check,Unknown,Unknown,-6.486534733075682,6.471291056551033,3.390252468876447,-0.03098298594405588,4.251991315204116,14.341042240309417
H02,14,1523958587600871605,297,281.65399169921875,393.654296875,ncc_fail,282.44891357421875,393.164794921875,0.0026641338819857687,True,282.439047556096,393.08645886327207,0.00779010882993513,True,both,3,3,completed_3_step_check,completed_3_step_check,Unknown,Unknown,-6.647698621545828,6.621680902824153,3.4435437696828615,-0.033346827112363364,3.597086889855645,3.593998003414056
H02,14,1523958587600871605,298,516.533935546875,167.55010986328125,ncc_fail,518.4889526367188,169.1557159423828,0.002280665819278977,True,518.5357580184342,169.1938863881775,0.0260914473062087,True,both,3,3,completed_3_step_check,completed_3_step_check,Unknown,Unknown,-6.788615705780508,6.7650001835924485,3.5064163313200396,-0.03348737856325734,9.463376123169994,9.459130255612818
H02,14,1523958587600871605,469,103.32952880859375,138.52044677734375,ncc_fail,106.05409240722656,136.47781372070312,0.003778769101396039,True,106.1187943878333,136.4432111648499,0.027501289607553495,True,both,3,3,completed_3_step_check,completed_3_step_check,Unknown,Unknown,-6.934020630599546,6.911788053990328,3.5744590655366553,-0.03459127622322966,13.407389009872466,13.402626701332327
H02,14,1523958587600871605,470,120.47010040283203,301.32208251953125,ncc_fail,121.87367248535156,299.4794921875,0.003493504671058771,True,122.03507166452408,299.4737834453239,0.014675964844048227,True,both,1,3,ncc_fail,completed_3_step_check,Unknown,Unknown,-6.707697524807762,6.683620733766144,3.4796006814789098,-0.035772079757907194,2.777182767566181,9.3567897696583
H02,14,1523958587600871605,546,5.0,243.0,border_fail,7.844045639038086,239.89833068847656,0.03962684486641337,False,7.744177341461182,240.09591054916382,0.1480286171544605,False,neither,0,0,not_accepted,not_accepted,Unknown,Unknown,-5.553325176239014,5.525219917297363,3.177943706512451,-0.06304652988910675,,
H02,14,1523958587600871605,547,5.0,223.0,border_fail,7.9260101318359375,219.899169921875,0.06678329113302077,False,7.956385612487793,220.1322021484375,0.09005878725159157,False,neither,0,0,not_accepted,not_accepted,Unknown,Unknown,-5.22568416595459,5.217630386352539,3.0098962783813477,-0.061670586466789246,,
H02,14,1523958587600871605,548,3.0,396.0,ncc_fail,3.2977848052978516,393.4126892089844,0.007119789914921132,False,3.4120742678642273,393.46932721138,0.07054825862822367,False,neither,0,0,not_accepted,not_accepted,Unknown,Unknown,-5.242067337036133,5.225683689117432,2.9485464096069336,-0.03841923177242279,,
H02,14,1523958587600871605,549,435.0,510.0,ncc_fail,434.31903076171875,510.5846862792969,0.010282069086649111,False,434.2828841805458,510.63960897922516,0.05644121153866269,False,neither,0,0,not_accepted,not_accepted,Unknown,Unknown,-5.015763282775879,5.008518695831299,2.8867125511169434,-0.03799056261777878,,
H02,14,1523958587600871605,550,331.0,7.0,border_fail,334.68780517578125,7.268527507781982,0.004509770960819358,False,334.73888421058655,7.169937789440155,0.04382470735850619,False,neither,0,0,not_accepted,not_accepted,Unknown,Unknown,-5.847811698913574,5.81901741027832,3.218676805496216,-0.033524949103593826,,
H02,15,1523958587651955864,344,63.6905517578125,9.307441711425781,border_fail,67.61166381835938,6.318066596984863,0.1255125972413142,False,67.75041894079435,6.475382151080103,0.02898648978146736,False,neither,0,0,not_accepted,not_accepted,Unknown,Unknown,-5.629536527612162,5.595770719338602,3.22722673072459,-0.05074122027848175,,
H02,15,1523958587651955864,510,158.5463104248047,295.6126403808594,ncc_fail,160.3992156982422,293.80328369140625,0.006070773997002665,True,160.43439626219066,293.81901797818443,0.02398744828357878,True,both,3,3,completed_3_step_check,completed_3_step_check,Unknown,Unknown,-6.427628962452936,6.400107581465,3.363891639149405,-0.036209052248469493,9.387185725918368,9.393343153885946
H02,15,1523958587651955864,524,387.6097717285156,291.9190368652344,ncc_fail,389.27587890625,292.2696533203125,0.003130395522949786,True,389.26062374721795,292.24620281824247,0.009018333804417428,True,both,3,3,completed_3_step_check,completed_3_step_check,Unknown,Unknown,-6.539817630744368,6.517514563167991,3.403194092585357,-0.03557631131705002,5.979014326953335,5.976366046159866
H02,15,1523958587651955864,530,370.9159851074219,277.40753173828125,ncc_fail,372.7280578613281,277.53167724609375,0.0067139365452738515,True,372.71405937566675,277.6023618595982,0.010767818045374387,True,both,3,3,completed_3_step_check,completed_3_step_check,Unknown,Unknown,-6.231834349442505,6.226084037151418,3.28470106554952,-0.03796566723597006,6.420581106314654,6.4097487159689885
H02,15,1523958587651955864,539,473.525634765625,130.4547119140625,ncc_fail,476.3229675292969,131.87896728515625,0.002626108083272206,True,476.2968017768784,131.93928555874507,0.01645275799637799,True,both,1,1,ncc_fail,ncc_fail,Unknown,Unknown,-7.210487474160189,7.182091150596165,3.6834694669514647,-0.03792155505906569,3.435908646183762,3.4274085435426564
H02,15,1523958587651955864,543,337.667236328125,67.43062591552734,ncc_fail,341.7552795410156,67.6390380859375,0.009627029287269549,True,341.47793207586517,67.5878397535395,0.012763141845828916,True,both,2,3,ncc_fail,completed_3_step_check,Unknown,Unknown,-6.964857243921212,6.937705673317179,3.5721297831522785,-0.03662123352063985,9.624055556605265,14.902123381794599
H02,15,1523958587651955864,554,268.1180114746094,355.3355407714844,ncc_fail,269.41064453125,354.5211486816406,0.007592562460958019,True,269.4338194172581,354.49717446483766,0.03170901318959798,True,both,3,0,completed_3_step_check,ncc_fail,Unknown,Unknown,-6.03154360305647,6.016369977507358,3.233585697816724,-0.03736023830680217,5.519633127613397,0.0
H02,15,1523958587651955864,559,215.0,8.0,border_fail,219.3162078857422,6.763556480407715,0.017635422359509715,False,219.29798650741577,6.781245946884155,0.058422753948511846,False,neither,0,0,not_accepted,not_accepted,Unknown,Unknown,-5.621130466461182,5.5872697830200195,3.141483783721924,-0.03938528895378113,,
H02,15,1523958587651955864,560,6.0,394.0,border_fail,6.393052101135254,391.0184631347656,0.0032536216093523042,False,6.461510121822357,391.0880398750305,0.09243258694085449,False,neither,0,0,not_accepted,not_accepted,Unknown,Unknown,-5.068203926086426,5.056340217590332,2.9257395267486572,-0.037153713405132294,,
H02,15,1523958587651955864,562,420.0,509.0,ncc_fail,419.2149963378906,509.5561218261719,0.012120358807788948,False,419.2317088842392,509.47255206108093,0.11263585975218593,False,neither,0,0,not_accepted,not_accepted,Unknown,Unknown,-5.062574863433838,5.060594081878662,2.9589176177978516,-0.0407734215259552,,
H02,15,1523958587651955864,563,335.0,7.0,border_fail,339.3236389160156,7.424383163452148,0.0033450698643726702,False,339.4050235748291,7.226595163345337,0.10007333032942949,False,neither,0,0,not_accepted,not_accepted,Unknown,Unknown,-5.94732666015625,5.915626049041748,3.305365800857544,-0.041380368173122406,,
H02,15,1523958587651955864,564,1.0,177.0,ncc_fail,3.418783187866211,173.65963745117188,0.3508505455690679,False,3.672407627105713,173.66880464553833,0.12208494768414885,False,neither,0,0,not_accepted,not_accepted,Unknown,Unknown,-5.1318559646606445,5.127889633178711,2.870213031768799,-0.0395592600107193,,
H02,15,1523958587651955864,566,438.0,506.0,ncc_fail,437.2108154296875,506.7946472167969,0.012405686416124172,False,437.1988108754158,506.6504529118538,0.0933511336208299,False,neither,0,0,not_accepted,not_accepted,Unknown,Unknown,-4.918084144592285,4.913232803344727,2.940323829650879,-0.04426252841949463,,
H02,16,1523958587700942329,283,630.8048706054688,157.025634765625,border_fail,632.7617797851562,160.44589233398438,0.11565004154910452,False,632.6250308028502,160.39791817287713,0.10730666592420762,False,neither,0,0,not_accepted,not_accepted,Unknown,Unknown,-5.871093405509477,5.857886926246664,3.219626081425016,-0.037099851996605926,,
H02,16,1523958587700942329,531,458.9394836425781,394.50225830078125,ncc_fail,459.30279541015625,395.45989990234375,0.001804670342037661,True,459.2914326537357,395.49395600651945,0.01841879864950149,True,both,0,0,ncc_fail,ncc_fail,Unknown,Unknown,-6.287573959832505,6.2680296136731535,3.3030359430313583,-0.032378919984140594,0.0,0.0
H02,16,1523958587700942329,569,220.0,7.0,border_fail,224.84327697753906,5.632686614990234,0.03132114005672584,False,224.92154550552368,5.700143575668335,0.059942230178484504,False,neither,0,0,not_accepted,not_accepted,Unknown,Unknown,-5.2557878494262695,5.2266693115234375,3.1005334854125977,-0.042997002601623535,,
H02,16,1523958587700942329,570,7.0,391.0,border_fail,7.402604579925537,387.63299560546875,0.008828499352748723,False,7.44977867603302,387.7452676296234,0.058701447894735956,False,neither,0,0,not_accepted,not_accepted,Unknown,Unknown,-5.242976665496826,5.231146812438965,2.9547290802001953,-0.0368226021528244,,
H02,16,1523958587700942329,571,5.0,173.0,border_fail,7.7708845138549805,169.1547088623047,0.19053143679771986,False,7.911514520645142,169.10637593269348,0.06032535910451992,False,neither,0,0,not_accepted,not_accepted,Unknown,Unknown,-5.200963020324707,5.187533378601074,2.9112844467163086,-0.04171774163842201,,
H02,16,1523958587700942329,572,339.0,7.0,border_fail,343.7423095703125,7.408674716949463,0.006806844136757953,False,343.8578476905823,7.209310859441757,0.06186085861009674,False,neither,0,0,not_accepted,not_accepted,Unknown,Unknown,-5.570621967315674,5.53568172454834,3.2273025512695312,-0.04614093527197838,,
H02,16,1523958587700942329,573,420.0,510.0,ncc_fail,419.0836181640625,510.5819396972656,0.015948814508424402,False,419.0890301465988,510.53040301799774,0.06359355783361811,False,neither,0,0,not_accepted,not_accepted,Unknown,Unknown,-5.027052402496338,5.0241265296936035,2.9680840969085693,-0.04009142890572548,,
H02,16,1523958587700942329,577,441.0,506.0,ncc_fail,440.0782775878906,506.8304138183594,0.0009851081781963485,False,440.0366249680519,506.7537608742714,0.06331672789692036,False,neither,0,0,not_accepted,not_accepted,Unknown,Unknown,-4.787653923034668,4.783598899841309,2.9216647148132324,-0.04405950754880905,,
H02,16,1523958587700942329,578,181.0,510.0,ncc_fail,180.55844116210938,508.3775329589844,0.0855873313265377,False,180.47043657302856,508.24000787734985,0.12522872830690612,False,neither,0,0,not_accepted,not_accepted,Unknown,Unknown,-5.017613410949707,5.009253025054932,2.951631784439087,-0.0443560928106308,,
H02,16,1523958587700942329,581,269.0,5.0,ncc_fail,273.8611145019531,4.424661636352539,0.03655574575922933,False,273.9155740737915,4.351500749588013,0.023117753774983447,False,neither,0,0,not_accepted,not_accepted,Unknown,Unknown,-5.308324813842773,5.287605285644531,3.1575536727905273,-0.040829017758369446,,
H02,17,1523958587752262145,89,434.1749267578125,390.50201416015625,ncc_fail,434.601806640625,391.36053466796875,0.0013944897044428544,True,434.6902647301212,391.3445668417725,0.014095824279000208,True,both,3,3,completed_3_step_check,completed_3_step_check,Unknown,Unknown,-6.274766999264077,6.251399506320247,3.3041798352911247,-0.03552768583337834,3.1951206851841913,3.1915960107776966
H02,17,1523958587752262145,94,472.6921691894531,271.16717529296875,ncc_fail,474.4695739746094,272.5994873046875,0.006656260875460198,True,474.4718266582407,272.6816767919819,0.04060858045578308,True,both,3,3,completed_3_step_check,completed_3_step_check,Unknown,Unknown,-6.770144908080877,6.744691502307496,3.5058951371167835,-0.036956041671754945,7.76066328149958,7.763910956698713
H02,17,1523958587752262145,519,416.6495361328125,293.725830078125,ncc_fail,418.4908447265625,294.4774169921875,0.003930256508495639,True,418.4401079109598,294.5173133189404,0.009545546635251324,True,both,3,3,completed_3_step_check,completed_3_step_check,Unknown,Unknown,-6.699043758528759,6.677267906869318,3.4495409408997233,-0.03458924621243631,6.4083445061664595,6.389164129173294
H02,17,1523958587752262145,551,151.53549194335938,57.16149139404297,ncc_fail,156.3594207763672,54.6658935546875,0.0026306286211845906,True,156.32844695200373,54.72840873475507,0.025562675555244132,True,both,0,0,ncc_fail,ncc_fail,Unknown,Unknown,-6.610977016593905,6.590089296879238,3.4453626821204515,-0.03491548766122318,0.0,0.0
H02,17,1523958587752262145,575,473.1835632324219,121.59858703613281,ncc_fail,476.57342529296875,123.49455261230469,0.004516762653261767,True,476.68791402810615,123.48417098980742,0.021437076509464848,True,both,0,0,ncc_fail,ncc_fail,Unknown,Unknown,-6.987176611474881,6.965306411716494,3.5893677038161034,-0.0356603865595322,0.0,0.0
H02,17,1523958587752262145,583,2.0,189.0,ncc_fail,5.09892463684082,184.56246948242188,0.2892667104028979,False,5.630743026733398,184.60527420043945,0.3587210989568425,False,neither,0,0,not_accepted,not_accepted,Unknown,Unknown,-4.147005081176758,4.147963523864746,2.258875846862793,-0.07087008655071259,,
H02,17,1523958587752262145,584,1.0,44.0,fb_fail,5.218751907348633,39.68505859375,0.6516728700517229,False,5.531332969665527,39.74501037597656,0.07231985166118038,False,neither,0,0,not_accepted,not_accepted,Unknown,Unknown,-5.063814163208008,5.042351722717285,3.0957751274108887,-0.055917076766490936,,
H02,17,1523958587752262145,586,225.0,6.0,border_fail,230.3472442626953,4.612974166870117,0.02580003144606302,False,230.36725521087646,4.649069428443909,0.030282905080581846,False,neither,0,0,not_accepted,not_accepted,Unknown,Unknown,-5.610381603240967,5.58781623840332,3.211982250213623,-0.042171891778707504,,
H02,17,1523958587752262145,587,7.0,387.0,border_fail,7.4580464363098145,383.26385498046875,0.0051286104339220385,False,7.762989342212677,383.2595772743225,0.13046194705532876,False,neither,0,0,not_accepted,not_accepted,Unknown,Unknown,-5.231665134429932,5.217090129852295,2.9877424240112305,-0.03656909987330437,,
H02,17,1523958587752262145,588,436.0,510.0,ncc_fail,434.8465881347656,510.7911682128906,0.021240585148863612,False,434.9972138404846,510.7334696650505,0.055166909320794905,False,neither,0,0,not_accepted,not_accepted,Unknown,Unknown,-4.886107921600342,4.8785719871521,2.943986415863037,-0.04521668702363968,,
H02,17,1523958587752262145,590,344.0,7.0,border_fail,349.2709655761719,7.492093086242676,0.009875807755873298,False,349.31533670425415,7.406589210033417,0.0786785021769103,False,neither,0,0,not_accepted,not_accepted,Unknown,Unknown,-5.628364086151123,5.591537952423096,3.3071022033691406,-0.04973495751619339,,
H02,17,1523958587752262145,591,273.0,1.0,ncc_fail,278.394775390625,0.4608449935913086,0.056771508048356095,False,278.34922218322754,0.39431673288345337,0.010532329003354457,False,neither,0,0,not_accepted,not_accepted,Unknown,Unknown,-5.3178558349609375,5.285647392272949,3.115147352218628,-0.04094519466161728,,
H02,18,1523958587800844525,132,116.46471405029297,373.4776611328125,ncc_fail,117.53473663330078,370.5657958984375,0.0037693301453583694,True,117.59617675634614,370.6541962729313,0.05262284377624081,True,both,3,3,completed_3_step_check,completed_3_step_check,Unknown,Unknown,-6.512518334991583,6.4908031820848215,3.3979986307805063,-0.03619149566810505,9.996158187587083,9.99095932831736
H02,18,1523958587800844525,186,391.4374694824219,346.28900146484375,ncc_fail,392.7210388183594,346.6510314941406,0.003031242075644291,True,392.77859336846683,346.7064110167509,0.01468385072688417,True,both,3,3,completed_3_step_check,completed_3_step_check,Unknown,Unknown,-6.935828475305521,6.917540416095058,3.5707208030482005,-0.03803367758055136,4.4800910754153405,4.479792107579065
H02,18,1523958587800844525,294,149.50306701660156,399.5347900390625,ncc_fail,150.36422729492188,397.0732116699219,0.0035706870552438363,True,150.38144977298077,397.0536337583692,0.03628824041239926,True,both,3,3,completed_3_step_check,completed_3_step_check,Unknown,Unknown,-6.328336357441402,6.308330945434662,3.317572767363888,-0.0352203935741919,8.477676196717235,8.476428934011365
H02,18,1523958587800844525,445,64.66807556152344,233.6375274658203,ncc_fail,69.32430267333984,229.4172821044922,0.0035318740867136982,True,68.97934875752937,229.52433977943753,0.4037936154092428,True,both,2,3,ncc_fail,completed_3_step_check,Unknown,Unknown,-7.323638455931513,7.294859225491632,3.634262233106302,-0.06575430813388315,13.514353173204189,20.686378999487776
H02,18,1523958587800844525,506,483.4999694824219,226.5901641845703,ncc_fail,485.81744384765625,228.44467163085938,0.002255257282577485,True,485.83001468101105,228.51272907597945,0.012853723209366957,True,both,0,1,ncc_fail,ncc_fail,Unknown,Unknown,-6.945241557663034,6.9194996855996385,3.5732662207776795,-0.03567754156088477,0.0,3.2124652806072675
H02,18,1523958587800844525,512,272.60406494140625,38.41822052001953,ncc_fail,278.0000915527344,37.65900421142578,0.0016210443707494518,True,278.07281557726424,37.70294583952491,0.03718586962412,True,both,3,2,completed_3_step_check,ncc_fail,Unknown,Unknown,-6.395451684641975,6.371082163702351,3.439908821085233,-0.04281192255124565,17.678995756173997,11.571264416740538
H02,18,1523958587800844525,513,457.24017333984375,144.7119140625,ncc_fail,460.5845947265625,146.45750427246094,0.0009636018923246426,True,460.73159870989195,146.4844451967839,0.026487701929051304,True,both,1,1,ncc_fail,ncc_fail,Unknown,Unknown,-7.225036726485229,7.207669824611685,3.6946335739814486,-0.03913960068869127,4.139516623842337,4.143733103045247
H02,18,1523958587800844525,537,463.6701354980469,294.220458984375,ncc_fail,465.33319091796875,295.60479736328125,0.0027956500221188443,True,465.2396729616607,295.7127496095872,0.009837675196639653,True,both,3,3,completed_3_step_check,completed_3_step_check,Unknown,Unknown,-6.76087241879268,6.735598787749158,3.5041977689478294,-0.03648344306668508,7.2281800954684,7.236793100520623
H02,18,1523958587800844525,585,459.3341064453125,394.09014892578125,ncc_fail,459.5679626464844,395.3006286621094,0.0038330855635028277,True,459.6178493560403,395.3120324325766,0.03239496474515493,True,both,3,3,completed_3_step_check,completed_3_step_check,Unknown,Unknown,-6.180867449377562,6.160076110422924,3.259934198830104,-0.033752999886212165,4.408787138205093,4.410840880741283
H02,18,1523958587800844525,595,230.0,5.0,ncc_fail,235.81138610839844,3.6192378997802734,0.0803326336786191,False,235.84904193878174,3.648542046546936,0.059994510920889595,False,neither,0,0,not_accepted,not_accepted,Unknown,Unknown,-5.45000696182251,5.422554016113281,3.220331907272339,-0.04584091901779175,,
H02,18,1523958587800844525,596,7.0,383.0,border_fail,7.555954933166504,378.8923034667969,0.004327972427737317,False,7.60579526424408,379.10393166542053,0.18548523408926867,False,neither,0,0,not_accepted,not_accepted,Unknown,Unknown,-5.13521671295166,5.141312122344971,3.1183552742004395,-0.046456627547740936,,
H02,18,1523958587800844525,600,435.0,509.0,ncc_fail,433.6499328613281,509.8940124511719,0.028855963733063678,False,433.7485877275467,509.80541092157364,0.037416968164584265,False,neither,0,0,not_accepted,not_accepted,Unknown,Unknown,-4.890982627868652,4.88139533996582,2.9444739818573,-0.04229934886097908,,
H02,18,1523958587800844525,601,180.0,507.0,ncc_fail,179.36395263671875,505.0718688964844,0.01663578237221368,False,179.3296159505844,504.9592616558075,0.10140409397769577,False,neither,0,0,not_accepted,not_accepted,Unknown,Unknown,-5.260006904602051,5.250126838684082,3.0092451572418213,-0.04497816041111946,,
H02,18,1523958587800844525,603,279.0,2.0,ncc_fail,284.70343017578125,1.5367975234985352,0.04821040879666013,False,284.7854824066162,1.4670865535736084,0.05879463688782453,False,neither,0,0,not_accepted,not_accepted,Unknown,Unknown,-5.436898231506348,5.400842666625977,3.243542432785034,-0.04548444598913193,,
H02,19,1523958587851635559,64,445.5169982910156,209.8648681640625,ncc_fail,448.4054260253906,211.44432067871094,0.00800991961041185,True,448.4536437800359,211.48177241370232,0.02631516064880135,True,both,3,3,completed_3_step_check,completed_3_step_check,Unknown,Unknown,-7.001472749872072,6.9805966541907605,3.5960961830736347,-0.03712016425294146,10.822141278304157,10.824990896331736
H02,19,1523958587851635559,193,164.503173828125,8.412569999694824,border_fail,170.64529418945312,5.914695739746094,0.13829486853243045,False,170.57366993784393,5.983152631634747,0.03404942791479501,False,neither,0,0,not_accepted,not_accepted,Unknown,Unknown,-5.366310237006674,5.336186554633768,3.137789101226251,-0.040569656758402434,,
H02,19,1523958587851635559,604,235.0,1.0,ncc_fail,241.24644470214844,-0.4024076461791992,0.1113509786541419,False,241.15791034698486,-0.3066830635070801,nan,False,neither,0,0,not_accepted,not_accepted,Unknown,Unknown,-5.241450309753418,5.214651584625244,3.056057929992676,-0.04077291488647461,,
H02,19,1523958587851635559,614,267.0,507.0,ncc_fail,266.2754821777344,505.9503173828125,0.013918993447242688,False,266.21841633319855,505.92516899108887,0.09495070021004368,False,neither,0,0,not_accepted,not_accepted,Unknown,Unknown,-5.48714542388916,5.487682819366455,2.9546139240264893,-0.035409484058618546,,
H02,19,1523958587851635559,617,162.0,52.0,ncc_fail,167.51016235351562,49.513938903808594,0.007789387639002251,True,167.61368894577026,49.508931398391724,0.02930874390762594,True,both,0,2,ncc_fail,ncc_fail,Unknown,Unknown,-6.568777561187744,6.5491838455200195,3.4296011924743652,-0.03567973151803017,0.0,13.050664418449315
H02,20,1523958587902569994,134,525.576171875,319.8927917480469,ncc_fail,526.3866577148438,322.51416015625,0.002953117774268297,True,526.390009895518,322.56158971433564,0.034687474425936976,True,both,0,0,ncc_fail,ncc_fail,Unknown,Unknown,-6.935220055087228,6.913387606502653,3.5579203487914555,-0.034805911474476314,0.0,0.0
H02,20,1523958587902569994,240,37.61478805541992,375.53765869140625,ncc_fail,38.490020751953125,371.3899230957031,0.0019849076271968385,True,38.57218815283478,371.4875541836448,0.08911277609943309,True,both,1,3,ncc_fail,completed_3_step_check,Unknown,Unknown,-6.022471359733839,6.007090668293846,3.3191368630415443,-0.045200690259127416,4.3603988377111085,13.534464647940545
H02,20,1523958587902569994,308,266.5723876953125,469.5580749511719,ncc_fail,266.3930358886719,468.46075439453125,0.0002589502372509329,True,266.3900315080362,468.4303115185427,0.009549024952252409,True,both,3,3,completed_3_step_check,completed_3_step_check,Unknown,Unknown,-6.677670853804507,6.667196074314074,3.4348861534227684,-0.035928761232352835,3.4017220667130372,3.4080687759538093
H02,20,1523958587902569994,317,153.42347717285156,187.42897033691406,ncc_fail,157.98463439941406,184.75709533691406,0.003823628460893845,True,157.68575356493858,184.72949798152243,0.05184388063448661,True,both,3,2,completed_3_step_check,ncc_fail,Unknown,Unknown,-6.599031829862595,6.58270030672395,3.426269423462739,-0.03821734377199502,17.375082487661043,11.453458737242444
H02,20,1523958587902569994,397,123.73291015625,9.377142906188965,border_fail,129.8596954345703,6.068414688110352,0.09291247739280274,False,129.99591437014462,6.249943172496943,0.030539859577193372,False,neither,0,0,not_accepted,not_accepted,Unknown,Unknown,-5.231261749266812,5.1940638305215,3.200698608035105,-0.05984809744866582,,
H02,20,1523958587902569994,483,400.55377197265625,159.60948181152344,ncc_fail,404.4930725097656,160.8387908935547,0.0005268150787851583,True,404.4911810211024,160.84050600673453,0.04461752311560614,True,both,0,0,ncc_fail,ncc_fail,Unknown,Unknown,-7.145536738197338,7.119210797082643,3.636932746394307,-0.039386537844138106,0.0,0.0
H02,20,1523958587902569994,498,147.66128540039062,49.39195251464844,ncc_fail,153.51657104492188,46.564849853515625,0.0012277459586292191,True,153.6047648983318,46.67284603173914,0.07583648252010333,True,both,3,3,completed_3_step_check,completed_3_step_check,Unknown,Unknown,-6.4020192513065926,6.3782291760545045,3.4065358158236663,-0.04124911318485495,21.091815473884974,21.096084775525284
H02,20,1523958587902569994,610,394.3926696777344,346.5027770996094,ncc_fail,395.7188720703125,347.2216491699219,0.004304817834670683,True,395.7796729383707,347.1127651622242,0.05089842091518877,True,both,3,3,completed_3_step_check,completed_3_step_check,Unknown,Unknown,-6.783618832211939,6.7641292165181754,3.5073275999830824,-0.037843616987699294,4.786207498276309,4.811242658223729
H02,20,1523958587902569994,611,465.6140441894531,295.5871276855469,ncc_fail,467.3477478027344,297.3943786621094,0.0013787056882417624,True,467.2407953627275,297.4380353506546,0.0036450382358481303,True,both,1,1,ncc_fail,ncc_fail,Unknown,Unknown,-6.927005814935227,6.8987017559358454,3.571359211795288,-0.03891080917315993,2.5664973671007094,2.550349845195634
H02,20,1523958587902569994,619,242.0,2.0,ncc_fail,248.39576721191406,0.7580242156982422,0.07993484577616189,False,248.4772777557373,0.8934448957443237,0.0701351001670676,False,neither,0,0,not_accepted,not_accepted,Unknown,Unknown,-5.6515913009643555,5.616183757781982,3.3127307891845703,-0.050277359783649445,,
H02,20,1523958587902569994,621,510.0,1.0,ncc_fail,514.9894409179688,4.218265533447266,0.30862006382332824,False,515.3406701087952,4.396742105484009,0.07661363644597437,False,neither,0,0,not_accepted,not_accepted,Unknown,Unknown,-5.503582954406738,5.464592456817627,3.0757365226745605,-0.040176063776016235,,
H02,21,1523958587950760199,88,482.6658020019531,502.3811950683594,border_fail,480.8706359863281,504.25103759765625,0.08771385323970277,False,480.7648839212944,504.32943267752563,0.05270009526220482,False,neither,0,0,not_accepted,not_accepted,Unknown,Unknown,-5.360827237308214,5.355518026689017,3.273085218871981,-0.060982398893833445,,
H02,21,1523958587950760199,236,152.59608459472656,9.752030372619629,border_fail,159.10397338867188,7.070738792419434,0.07173358506231717,False,159.33553808568638,7.119407469246023,0.05094625918262659,False,neither,0,0,not_accepted,not_accepted,Unknown,Unknown,-5.415748841897813,5.372964019684723,3.2815150647016704,-0.056305964191098665,,
H02,21,1523958587950760199,489,441.6427917480469,82.32112121582031,ncc_fail,446.5057373046875,84.77303314208984,0.007200891579050445,True,446.6256068368655,84.64428243957606,0.012154205625578824,True,both,3,3,completed_3_step_check,completed_3_step_check,Unknown,Unknown,-7.314108451286195,7.288963772046413,3.718575186167052,-0.039072265971442595,17.72904714278345,17.750941817315777
H02,21,1523958587950760199,626,115.0,508.0,ncc_fail,113.95751953125,505.005126953125,0.04706400835491403,False,113.76916563510895,504.95330476760864,0.025104854715119168,False,neither,0,0,not_accepted,not_accepted,Unknown,Unknown,-5.113728046417236,5.097844123840332,3.047623634338379,-0.04737535119056702,,
H02,21,1523958587950760199,627,130.0,6.0,ncc_fail,136.4246826171875,2.7969799041748047,0.06651533305881999,False,136.75039291381836,2.954237461090088,0.10991763419303267,False,neither,0,0,not_accepted,not_accepted,Unknown,Unknown,-5.1277055740356445,5.092807769775391,3.2169384956359863,-0.05711144208908081,,
H02,21,1523958587950760199,630,3.0,239.0,ncc_fail,6.072471618652344,233.76295471191406,0.8295253289230088,False,7.056761741638184,233.80195140838623,0.43727691224668297,False,neither,0,0,not_accepted,not_accepted,Unknown,Unknown,-6.251955032348633,6.230112075805664,3.154655933380127,-0.08155221492052078,,
H02,21,1523958587950760199,631,248.0,1.0,ncc_fail,254.69921875,-0.04705238342285156,0.15172243390659604,False,254.86027431488037,0.15733838081359863,0.11222887007807253,False,neither,0,0,not_accepted,not_accepted,Unknown,Unknown,-5.4246439933776855,5.392845153808594,3.175102949142456,-0.04543475806713104,,
H02,22,1523958588002566486,52,412.5498046875,313.4171447753906,ncc_fail,414.3903503417969,314.58544921875,0.0027655055564475566,True,414.4379331808802,314.6709527990767,0.054612740522241264,True,both,3,3,completed_3_step_check,completed_3_step_check,Unknown,Unknown,-6.524332232970664,6.502533769228094,3.3930316896392583,-0.0340427061633074,6.638424433709159,6.6487189706840795
H02,22,1523958588002566486,260,631.5739135742188,152.01870727539062,border_fail,634.0660400390625,157.25291442871094,0.017381013284214618,False,634.1020785141142,157.3599910753139,0.053560617548467866,False,neither,0,0,not_accepted,not_accepted,Unknown,Unknown,-6.191282852097154,6.176711229204086,3.294930392470559,-0.04528855704651326,,
H02,22,1523958588002566486,318,8.120063781738281,433.6802978515625,border_fail,7.624324798583984,429.0271911621094,0.01608368726287028,False,7.8653108687085185,429.19581684661534,0.1713212037687757,False,neither,0,0,not_accepted,not_accepted,Unknown,Unknown,-5.157863601884387,5.160012935415008,3.0589726847810668,-0.040851448993539805,,
H02,22,1523958588002566486,415,200.25794982910156,8.683389663696289,border_fail,207.23550415039062,6.881930351257324,0.14790443747510476,False,207.37803250515748,6.842616796475723,0.02785762694075526,False,neither,0,0,not_accepted,not_accepted,Unknown,Unknown,-5.722609718462977,5.684588171860662,3.3745219149918966,-0.04966628424763302,,
H02,22,1523958588002566486,507,336.5279846191406,356.53009033203125,ncc_fail,338.16278076171875,356.4342956542969,0.0030309348188318204,True,338.19844545570385,356.49242280269647,0.04779063447245875,True,both,2,2,ncc_fail,ncc_fail,Unknown,Unknown,-6.166443552421715,6.142254296302106,3.251706900579998,-0.038792693453221255,3.045624386137903,3.04062933742368
H02,22,1523958588002566486,528,484.49346923828125,322.17266845703125,ncc_fail,485.594970703125,324.515625,0.0015872074736262016,True,485.5802796479605,324.5692663054405,0.009760605210292164,True,both,1,1,ncc_fail,ncc_fail,Unknown,Unknown,-6.71248741892593,6.6901393911374445,3.4776511809858235,-0.035029692640519625,2.5761225773748677,2.6031396979627504
H02,22,1523958588002566486,597,430.5418395996094,299.5483703613281,ncc_fail,432.45855712890625,301.111328125,0.0011552425067595032,True,432.5053646476975,301.13483113302794,0.04414993181483165,True,both,3,0,completed_3_step_check,ncc_fail,Unknown,Unknown,-6.728974546277845,6.706295624611588,3.467490787865401,-0.03555325696379723,7.734554662267438,0.0
H02,22,1523958588002566486,607,470.8979797363281,152.61566162109375,ncc_fail,474.6249694824219,155.37188720703125,0.004038970047872152,True,474.74323252105376,155.37659512814403,0.03344175343788247,True,both,0,3,ncc_fail,completed_3_step_check,Unknown,Unknown,-7.170864986994669,7.150584813869528,3.659318533677804,-0.03765779153454367,0.0,14.538923054418326
H02,22,1523958588002566486,635,137.0,2.0,ncc_fail,143.7908172607422,-0.9986505508422852,0.07241976757431373,False,143.9642677307129,-1.004439115524292,nan,False,neither,0,0,not_accepted,not_accepted,Unknown,Unknown,-4.998465538024902,4.962774753570557,3.287182331085205,-0.06095733493566513,,
H02,22,1523958588002566486,637,5.0,234.0,backward_fail,8.513616561889648,228.4488067626953,0.9483868351338479,True,8.74687671661377,228.98406410217285,0.09831581126584346,True,both,3,3,completed_3_step_check,completed_3_step_check,Unknown,Unknown,-6.883516311645508,6.827516555786133,2.930370330810547,-0.11720143258571625,21.37508789817398,21.35728925499674
H02,22,1523958588002566486,639,2.0,49.0,ncc_fail,7.769123077392578,43.44117736816406,0.9363253446675169,False,7.7736592292785645,43.69542121887207,0.06792409721123478,False,neither,0,0,not_accepted,not_accepted,Unknown,Unknown,-4.430413722991943,4.410012722015381,3.0037989616394043,-0.06805730611085892,,
H02,23,1523958588051654704,58,465.5879821777344,283.3770446777344,ncc_fail,467.4820861816406,285.5906982421875,0.005573448946005038,True,467.4440066696574,285.71725900810156,0.008373962411753763,True,both,3,3,completed_3_step_check,completed_3_step_check,Unknown,Unknown,-7.1162536641415075,7.096269223798436,3.642403284668001,-0.03554769472253371,9.295503193058604,9.284221862237157
H02,23,1523958588051654704,262,631.1547241210938,118.36814880371094,border_fail,634.2158203125,123.92121887207031,0.21046533545008986,False,634.1533758068109,124.06052864437095,0.022727294239227095,False,neither,0,0,not_accepted,not_accepted,Unknown,Unknown,-5.594844099673223,5.571065343854526,3.1860603910003733,-0.04455164704116755,,
H02,23,1523958588051654704,263,188.52828979492188,24.57147216796875,ncc_fail,195.5140380859375,22.503761291503906,0.00783030731512373,True,195.45061153401468,22.602389946227103,0.03275047552776831,True,both,3,3,completed_3_step_check,completed_3_step_check,Unknown,Unknown,-6.3142859739190875,6.287557496635929,3.506660919191717,-0.0477542906650407,22.79450289063312,22.783683398454116
H02,23,1523958588051654704,553,149.16558837890625,322.4278259277344,ncc_fail,151.50811767578125,319.4983215332031,0.005048238398865287,True,151.54815790043335,319.5660725868188,0.018302204394946297,True,both,0,3,ncc_fail,completed_3_step_check,Unknown,Unknown,-6.894329024043325,6.859762618142477,3.540534948127288,-0.04137367379526011,0.0,11.147954522791071
H02,23,1523958588051654704,634,490.1064147949219,503.14337158203125,border_fail,488.0001220703125,505.4367980957031,0.061075334675996566,False,487.94218010482217,505.42260679206095,0.1113817894904332,False,neither,0,0,not_accepted,not_accepted,Unknown,Unknown,-5.13716742122708,5.132912399623462,3.0455331007654123,-0.055131248961261696,,
H02,23,1523958588051654704,648,131.0,5.0,ncc_fail,138.24459838867188,1.6756019592285156,0.21085598033094746,False,138.02710056304932,1.9977672100067139,0.038852506450054544,False,neither,0,0,not_accepted,not_accepted,Unknown,Unknown,-5.113448143005371,5.0816850662231445,3.238682985305786,-0.05873767286539078,,
H02,23,1523958588051654704,651,471.0,504.0,border_fail,468.9158020019531,505.95849609375,0.06069657063294212,False,468.97844219207764,505.9913787841797,0.0850413833556126,False,neither,0,0,not_accepted,not_accepted,Unknown,Unknown,-5.372887134552002,5.363093376159668,3.1259212493896484,-0.05315054580569267,,
H02,24,1523958588100879261,505,87.3630599975586,226.30905151367188,ncc_fail,93.70724487304688,221.57765197753906,0.0034406539281942117,True,94.00449966499355,221.60620131687057,0.10206702380147342,True,both,3,3,completed_3_step_check,completed_3_step_check,Unknown,Unknown,-8.313790798408377,8.283506064867538,3.5912313952201447,-0.07826474695916404,24.0429815751355,24.000089745707825
H02,24,1523958588100879261,579,185.38778686523438,275.41912841796875,ncc_fail,188.64515686035156,273.1108093261719,0.000643949824402136,True,188.76698027851822,272.9996367035179,0.06363825469616974,True,both,3,3,completed_3_step_check,completed_3_step_check,Unknown,Unknown,-6.7024893837153945,6.679217951408456,3.4669421890694556,-0.034881570942936084,11.867429076932192,11.850707460856729
H02,24,1523958588100879261,594,39.864952087402344,10.120645523071289,border_fail,46.445655822753906,4.835834503173828,0.2524200611220831,False,46.74819386788316,5.158427642117982,0.16841121019526728,False,neither,0,0,not_accepted,not_accepted,Unknown,Unknown,-5.115835013748126,5.086361660625146,3.4789760602331534,-0.08263767622984777,,
H02,24,1523958588100879261,620,463.6413879394531,237.41290283203125,ncc_fail,466.32470703125,240.0397491455078,0.004644490658107056,True,466.30963625194215,240.05421024812412,0.03171971440796567,True,both,3,3,completed_3_step_check,completed_3_step_check,Unknown,Unknown,-7.158753638938289,7.129120137074168,3.647210056943489,-0.03729440892156314,11.23080454495375,11.229070999528204
H02,24,1523958588100879261,652,487.0,506.0,ncc_fail,484.9297790527344,508.3148193359375,0.05533957854402807,False,484.86733198165894,508.28880167007446,0.0998526317338802,False,neither,0,0,not_accepted,not_accepted,Unknown,Unknown,-5.328196048736572,5.326239109039307,3.0942678451538086,-0.050627902150154114,,
H02,24,1523958588100879261,653,138.0,4.0,ncc_fail,145.3665771484375,0.8189067840576172,0.09392516366131079,False,145.44096994400024,1.0197515487670898,0.0857539697841123,False,neither,0,0,not_accepted,not_accepted,Unknown,Unknown,-4.975299835205078,4.94291353225708,3.2305116653442383,-0.060044411569833755,,
H02,24,1523958588100879261,655,2.0,378.0,ncc_fail,2.765833854675293,372.86566162109375,0.028624782818543085,False,2.666977047920227,372.979510307312,0.21288834330830594,False,neither,0,0,not_accepted,not_accepted,Unknown,Unknown,-4.687650680541992,4.6926655769348145,2.905508041381836,-0.04916679859161377,,
H02,24,1523958588100879261,656,633.0,124.0,ncc_fail,636.2587280273438,129.9484100341797,0.4633059934184843,False,635.8152012825012,129.9212679862976,0.08450007649739223,False,neither,0,0,not_accepted,not_accepted,Unknown,Unknown,-5.6734538078308105,5.651456832885742,3.139347553253174,-0.042151324450969696,,
H02,25,1523958588151563034,77,441.3310546875,503.24847412109375,border_fail,439.4620361328125,504.9655456542969,0.06401333899742422,False,439.4013363359168,504.92328626013386,0.07080787400778757,False,neither,0,0,not_accepted,not_accepted,Unknown,Unknown,-5.023724026889653,5.01130744789495,3.100117233328973,-0.05415135427876128,,
H02,25,1523958588151563034,84,286.5729675292969,78.51178741455078,ncc_fail,292.9552917480469,78.40384674072266,0.006291512558516273,True,293.0089210977984,78.47379700786918,0.07334938413464737,True,both,0,0,ncc_fail,ncc_fail,Unknown,Unknown,-7.193588753580675,7.15788344904759,3.660885989959795,-0.04059959606900214,0.0,0.0
H02,25,1523958588151563034,331,599.595458984375,152.25758361816406,ncc_fail,602.3516235351562,157.65762329101562,0.01087899226868624,True,602.3042851273415,157.77566344948067,0.04327578720787144,True,both,3,3,completed_3_step_check,completed_3_step_check,Unknown,Unknown,-7.306675500768424,7.2862589354267175,3.742561388775769,-0.040590652198102456,19.129971155185324,19.117747131475575
H02,25,1523958588151563034,504,526.5631713867188,365.4965515136719,ncc_fail,526.44677734375,368.7483825683594,0.000244140625,True,526.395202772453,368.8277980443242,0.05153624152781879,True,both,3,3,completed_3_step_check,completed_3_step_check,Unknown,Unknown,-7.128681702352912,7.104744987028149,3.6438827996711134,-0.03597070025895811,10.795319075762889,10.787605882155024
H02,25,1523958588151563034,625,400.3812255859375,350.6886291503906,ncc_fail,401.5318298339844,351.8509521484375,0.001932512231321724,True,401.596549015018,351.8959062920582,0.04363464978741405,True,both,1,2,ncc_fail,ncc_fail,Unknown,Unknown,-6.737189678479682,6.716625777240994,3.486175370767805,-0.03696903164884956,1.7492573966071407,3.4045057073281337
H02,25,1523958588151563034,660,485.0,508.0,ncc_fail,483.1174621582031,510.51849365234375,0.36940238517294605,False,482.6492142677307,510.4064998626709,0.1344333885727911,False,neither,0,0,not_accepted,not_accepted,Unknown,Unknown,-4.797028541564941,4.7914533615112305,3.027202606201172,-0.053151972591876984,,
H02,25,1523958588151563034,662,638.0,130.0,fb_fail,641.2932739257812,136.67300415039062,0.6181827500156689,False,640.7380886077881,136.2639970779419,nan,False,neither,0,0,not_accepted,not_accepted,Unknown,Unknown,-4.963726997375488,4.932799339294434,2.973543167114258,-0.048813819885253906,,
H02,25,1523958588151563034,663,466.0,508.0,ncc_fail,463.7186279296875,510.1211242675781,0.11021268173576818,False,463.8140037059784,510.0941483974457,0.13627847000883178,False,neither,0,0,not_accepted,not_accepted,Unknown,Unknown,-4.9209675788879395,4.907633304595947,3.0605430603027344,-0.052834607660770416,,
H02,25,1523958588151563034,664,7.0,419.0,border_fail,6.7061967849731445,413.93768310546875,0.017731999729752188,False,6.865189179778099,414.0852704048157,0.1801757029651886,False,neither,0,0,not_accepted,not_accepted,Unknown,Unknown,-4.968565940856934,4.972265243530273,3.026731014251709,-0.04555463418364525,,
H02,25,1523958588151563034,665,48.0,5.0,ncc_fail,54.963134765625,-0.17093753814697266,0.539509269201771,False,55.27137994766235,0.07925844192504883,0.06214589452120766,False,neither,0,0,not_accepted,not_accepted,Unknown,Unknown,-5.246049880981445,5.192957878112793,3.374746322631836,-0.06400076299905777,,
H02,25,1523958588151563034,666,6.0,384.0,border_fail,6.607867240905762,378.87579345703125,0.01234467524278946,False,6.642726182937622,378.98586082458496,0.18616088908319478,False,neither,0,0,not_accepted,not_accepted,Unknown,Unknown,-5.005612850189209,5.017686367034912,3.0546350479125977,-0.05050310119986534,,
H02,26,1523958588201017306,63,475.12725830078125,60.54971694946289,ncc_fail,480.542724609375,64.4051513671875,0.002941277546112249,True,480.5674780992114,64.4577763475713,0.0330294395957003,True,both,1,3,ncc_fail,completed_3_step_check,Unknown,Unknown,-6.987383017593181,6.9701016826860585,3.586310306608099,-0.03976922192532939,6.529944192163696,19.404045456228456
H02,26,1523958588201017306,279,93.51390075683594,352.41827392578125,ncc_fail,94.8672103881836,348.5964050292969,0.005412032425222229,True,95.01808958016568,348.6887677468076,0.04987712259845337,True,both,3,3,completed_3_step_check,completed_3_step_check,Unknown,Unknown,-5.89408118645168,5.869132940198123,3.196218961500021,-0.0417223436066633,11.448010448315594,11.419888435038175
H02,26,1523958588201017306,442,170.5166015625,243.7744903564453,ncc_fail,174.50917053222656,241.2699737548828,0.0027913993480905594,True,174.4099566767536,241.25403037260992,0.04157431719920657,True,both,3,3,completed_3_step_check,completed_3_step_check,Unknown,Unknown,-6.686062333826648,6.665304614361837,3.4797740662894583,-0.04005112215446904,12.94995314906395,12.957629833213659
H02,26,1523958588201017306,508,212.4855194091797,77.19392395019531,ncc_fail,219.05824279785156,75.5778579711914,0.0021879741461377496,True,219.32249109571666,75.71675866368915,0.0812093328258404,True,both,0,0,ncc_fail,ncc_fail,Unknown,Unknown,-6.684508115968997,6.646076937469973,3.465019308034306,-0.04020826433554592,0.0,0.0
H02,26,1523958588201017306,527,336.3541259765625,51.506874084472656,ncc_fail,342.93389892578125,52.65776443481445,0.0010644304203096804,True,343.0452918059634,52.66077177507399,0.059196683586483764,True,both,3,3,completed_3_step_check,completed_3_step_check,Unknown,Unknown,-6.580756992606442,6.56134076763677,3.4504926948260053,-0.04178823879638715,19.24615210361827,19.215127640926056
H02,26,1523958588201017306,565,159.40945434570312,103.31922912597656,ncc_fail,165.6423797607422,100.61299133300781,0.00370926693909162,True,165.8374608955222,100.66223384368239,0.04009075567074873,True,both,3,3,completed_3_step_check,completed_3_step_check,Unknown,Unknown,-6.614897563742866,6.590837804370208,3.4441604928402922,-0.04409883738587507,19.331756359836483,19.35471908774448
H02,26,1523958588201017306,628,476.3935546875,310.5796813964844,ncc_fail,477.6162109375,313.3745422363281,0.0021198187239761055,True,477.59893070665197,313.4239611981902,0.055954174142632436,True,both,2,2,ncc_fail,ncc_fail,Unknown,Unknown,-6.76881676210138,6.750153999086109,3.5049672045355322,-0.037096193907271924,6.252241524313243,6.246577578908771
H02,26,1523958588201017306,629,187.70608520507812,34.5086784362793,ncc_fail,194.921142578125,32.51011657714844,0.004311418035218952,True,195.0124179574056,32.56191288894207,0.043608301017995545,True,both,3,3,completed_3_step_check,completed_3_step_check,Unknown,Unknown,-6.610735863604888,6.583382512351895,3.6144822423032723,-0.05119360826455868,21.876589707421694,21.84912106651561
H02,26,1523958588201017306,649,193.5636749267578,452.5686950683594,ncc_fail,193.39466857910156,450.45953369140625,0.0023363891885696125,True,193.3972810657922,450.50255339744643,0.03796012901790575,True,both,1,3,ncc_fail,completed_3_step_check,Unknown,Unknown,-6.667629420514064,6.645755066974684,3.4522870894411266,-0.035694588184734324,2.0110027356675,6.001930064150534
H02,26,1523958588201017306,667,161.0,510.0,ncc_fail,159.6326904296875,507.48638916015625,0.22918817441114578,False,159.5451762676239,507.4458885192871,0.08565533993211492,False,neither,0,0,not_accepted,not_accepted,Unknown,Unknown,-4.626058578491211,4.60963773727417,2.8890786170959473,-0.046894434839487076,,
H02,26,1523958588201017306,668,2.0,159.0,fb_fail,9.941047668457031,152.2711181640625,0.22369854887644877,True,9.317429542541504,152.1305227279663,0.28044664560303567,True,both,3,3,completed_3_step_check,completed_3_step_check,Unknown,Unknown,-4.00865364074707,3.986299514770508,1.9807407855987549,-0.13674411177635193,32.02604841771521,32.010487864788416
H02,26,1523958588201017306,670,3.0,368.0,ncc_fail,3.9216575622558594,362.7265319824219,0.03466087057139846,False,3.817340612411499,363.0022783279419,0.24954170230810713,False,neither,0,0,not_accepted,not_accepted,Unknown,Unknown,-4.8672776222229,4.86584997177124,2.9531192779541016,-0.04871556907892227,,
H02,26,1523958588201017306,671,455.0,510.0,ncc_fail,452.92742919921875,511.9774169921875,0.3013742920117861,False,452.70883798599243,511.980819106102,nan,False,neither,0,0,not_accepted,not_accepted,Unknown,Unknown,-4.997556686401367,4.993978023529053,3.0337886810302734,-0.048064157366752625,,
H02,26,1523958588201017306,672,433.0,2.0,ncc_fail,439.47613525390625,5.227364540100098,0.04313263059574172,False,439.67324447631836,5.208620309829712,0.11396171362486571,False,neither,0,0,not_accepted,not_accepted,Unknown,Unknown,-5.651806831359863,5.621826171875,3.1177589893341064,-0.04829926788806915,,
H02,26,1523958588201017306,674,481.0,4.0,ncc_fail,487.1385192871094,8.1266508102417,0.26304777145846214,True,487.3047275543213,8.140647888183594,0.1668501014447975,True,both,3,3,completed_3_step_check,completed_3_step_check,Unknown,Unknown,-5.72698974609375,5.702084064483643,3.320049285888672,-0.05872856080532074,22.274186819789488,22.2722567330865
H02,26,1523958588201017306,675,1.0,421.0,ncc_fail,0.6688899993896484,415.8183898925781,0.027197130632049444,False,0.6373642086982727,416.15169286727905,0.23299096465212177,False,neither,0,0,not_accepted,not_accepted,Unknown,Unknown,-4.714878082275391,4.701208114624023,2.9093570709228516,-0.044350989162921906,,
H02,27,1523958588252350146,98,330.4908142089844,84.4300765991211,ncc_fail,336.4963073730469,85.51724243164062,0.004044190846358594,True,336.54746041086474,85.52131130799793,0.07210373995064712,True,both,3,3,completed_3_step_check,completed_3_step_check,Unknown,Unknown,-6.992457346189315,6.971307421452222,3.5801170998752685,-0.04038979235810344,17.402676666384824,17.409297135151853
H02,27,1523958588252350146,115,95.5889892578125,198.93910217285156,ncc_fail,103.32369995117188,194.35694885253906,0.009449407840751232,True,103.5415201328981,194.34987429936703,0.23168134030913043,True,both,3,3,completed_3_step_check,completed_3_step_check,Unknown,Unknown,-8.10269363402275,8.03901353555516,3.528666600066039,-0.10898249857670213,26.556907825360362,26.595011299517804
H02,27,1523958588252350146,349,631.0278930664062,101.68958282470703,ncc_fail,634.81201171875,108.3824234008789,0.6890227364792754,False,634.1963077970785,108.2490683512333,0.10528855366863152,False,neither,0,0,not_accepted,not_accepted,Unknown,Unknown,-5.757201975739245,5.734314646447156,3.208710154940346,-0.04884413526262049,,
H02,27,1523958588252350146,658,158.22613525390625,311.4278564453125,ncc_fail,160.57186889648438,308.7012939453125,0.00902102913030994,True,160.66492233103878,308.7612291889947,0.016717741236709414,True,both,3,3,completed_3_step_check,completed_3_step_check,Unknown,Unknown,-6.806223632985915,6.775844858104286,3.495156258039536,-0.03765257345812681,9.907740006800989,9.91487273022973
H02,27,1523958588252350146,661,191.78541564941406,266.4806213378906,ncc_fail,195.06854248046875,264.4640808105469,0.007368731341002689,True,195.21567360913338,264.373864301798,0.049881202372703506,True,both,3,3,completed_3_step_check,completed_3_step_check,Unknown,Unknown,-6.891386965416913,6.856365846085243,3.5414803134121846,-0.04068690677770147,10.43700150232763,10.41135509691717
H02,27,1523958588252350146,679,160.0,507.0,ncc_fail,158.47607421875,504.5822448730469,0.15695931248219783,False,158.39415907859802,504.5582571029663,0.09055625706192201,False,neither,0,0,not_accepted,not_accepted,Unknown,Unknown,-5.356173992156982,5.344043731689453,3.0352182388305664,-0.043133337050676346,,
H02,27,1523958588252350146,680,485.0,1.0,ncc_fail,491.0408630371094,5.363436698913574,0.08537462466003296,False,491.2252860069275,5.392861366271973,0.1931239022355668,False,neither,0,0,not_accepted,not_accepted,Unknown,Unknown,-5.59768009185791,5.569769382476807,3.2881126403808594,-0.055905621498823166,,
H02,27,1523958588252350146,682,4.0,362.0,ncc_fail,4.872805595397949,356.81610107421875,0.022333693544432914,False,4.780871272087097,356.8642725944519,0.24870837873309792,False,neither,0,0,not_accepted,not_accepted,Unknown,Unknown,-4.8695526123046875,4.880558490753174,2.9445948600769043,-0.04760013520717621,,
H02,27,1523958588252350146,683,386.0,2.0,ncc_fail,392.7460632324219,4.509397506713867,0.18716300359477928,False,393.00025272369385,4.444376230239868,0.13645191588740058,False,neither,0,0,not_accepted,not_accepted,Unknown,Unknown,-5.411604404449463,5.38232421875,3.0718722343444824,-0.04681211709976196,,
H02,27,1523958588252350146,687,127.0,510.0,ncc_fail,125.68531799316406,507.29083251953125,0.3729651022739136,False,125.27353310585022,507.25318336486816,0.10698089707706075,False,neither,0,0,not_accepted,not_accepted,Unknown,Unknown,-4.255632400512695,4.2306060791015625,2.7496800422668457,-0.04185548424720764,,
H02,27,1523958588252350146,688,7.0,408.0,border_fail,6.7137861251831055,403.0050964355469,0.006866109693635753,False,6.738471359014511,403.02771186828613,0.199476253395258,False,neither,0,0,not_accepted,not_accepted,Unknown,Unknown,-5.095523834228516,5.093501091003418,3.165438413619995,-0.048751093447208405,,
H02,27,1523958588252350146,690,411.0,2.0,ncc_fail,417.64068603515625,4.859851837158203,0.09429170676579265,False,417.8301029205322,4.9520673751831055,0.15897171678922936,False,neither,0,0,not_accepted,not_accepted,Unknown,Unknown,-5.34574031829834,5.313899040222168,3.049495220184326,-0.04906327277421951,,
H02,28,1523958588302592291,92,377.05047607421875,503.84222412109375,border_fail,374.9126892089844,504.9173278808594,0.07098260748801978,False,374.9819272534914,504.8404717918618,0.059960072376544556,False,neither,0,0,not_accepted,not_accepted,Unknown,Unknown,-5.555137850932482,5.550307168361702,3.155192452771101,-0.045961067599362554,,
H02,28,1523958588302592291,119,141.89712524414062,10.529923439025879,border_fail,149.18582153320312,7.65128231048584,0.06478652061291769,False,149.23633257316683,7.816174564291108,0.052534582935731586,False,neither,0,0,not_accepted,not_accepted,Unknown,Unknown,-5.557964356756192,5.521427126998508,3.377005438912725,-0.06158461740601922,,
H02,28,1523958588302592291,249,418.39141845703125,502.55767822265625,border_fail,416.05352783203125,504.3576354980469,0.021148241266947393,False,416.035474129952,504.2481802158444,0.07087690359557611,False,neither,0,0,not_accepted,not_accepted,Unknown,Unknown,-4.935643557149156,4.933846472273769,3.107759369511726,-0.05552813272864221,,
H02,28,1523958588302592291,492,207.42506408691406,12.715845108032227,ncc_fail,214.7149200439453,11.420736312866211,0.057265630598658725,True,214.76083065234857,11.464936726587725,0.050904043900147494,True,both,1,1,ncc_fail,ncc_fail,Unknown,Unknown,-5.90355929701018,5.865288292655378,3.517494375500716,-0.05533723665934194,7.370590412544652,7.380895973283009
H02,28,1523958588302592291,698,346.0,1.0,ncc_fail,352.9315185546875,2.767683982849121,0.24000914668232645,False,353.0598659515381,2.8625240325927734,0.19530166902903093,False,neither,0,0,not_accepted,not_accepted,Unknown,Unknown,-5.943919658660889,5.909961223602295,3.291731357574463,-0.04501643031835556,,
H02,28,1523958588302592291,700,5.0,349.0,border_fail,6.030959129333496,343.7734375,0.023008050187757364,False,6.045767307281494,343.9685802459717,0.15731953693736184,False,neither,0,0,not_accepted,not_accepted,Unknown,Unknown,-5.197167873382568,5.1930460929870605,2.9833884239196777,-0.04023192450404167,,
H02,28,1523958588302592291,703,6.0,320.0,border_fail,7.491848945617676,314.79974365234375,0.10317320151287276,False,7.683169484138489,314.9075951576233,0.08548093924659873,False,neither,0,0,not_accepted,not_accepted,Unknown,Unknown,-5.456396579742432,5.442720413208008,3.0520730018615723,-0.040190428495407104,,
H02,28,1523958588302592291,704,123.0,508.0,ncc_fail,121.6594467163086,505.18841552734375,0.2838189319373416,False,121.06421399116516,505.1846933364868,0.05948667806140998,False,neither,0,0,not_accepted,not_accepted,Unknown,Unknown,-4.464067459106445,4.443639755249023,2.8161380290985107,-0.04483979940414429,,
H02,28,1523958588302592291,705,6.0,403.0,border_fail,5.658038139343262,398.0159912109375,0.021155121251721445,False,5.835976421833038,398.0989170074463,0.19222204150789238,False,neither,0,0,not_accepted,not_accepted,Unknown,Unknown,-5.081423759460449,5.082306861877441,3.0891356468200684,-0.04277074709534645,,
H02,29,1523958588352268361,79,493.4491882324219,501.86590576171875,border_fail,490.8742980957031,504.9578552246094,0.39324207645239245,False,490.57840004893853,504.72603857918307,0.008988730232808396,False,neither,0,0,not_accepted,not_accepted,Unknown,Unknown,-5.265536426532278,5.2640552259094715,3.059147273315018,-0.05285498932841868,,
H02,29,1523958588352268361,598,497.1674499511719,310.6033020019531,ncc_fail,497.6685485839844,314.1366271972656,0.006763896078105486,True,497.6493910323863,314.20293301447305,0.013055137688511244,True,both,2,2,ncc_fail,ncc_fail,Unknown,Unknown,-6.65243597657431,6.631404791249828,3.4552842306879965,-0.03491444928001347,6.963157143447702,6.965951884386305
H02,29,1523958588352268361,602,180.4828643798828,363.5635681152344,ncc_fail,181.7354278564453,361.5356140136719,0.0005366670347616264,True,181.66107585847942,361.4775562033253,0.01327662988267122,True,both,3,3,completed_3_step_check,completed_3_step_check,Unknown,Unknown,-6.989086580592946,6.9623911887310985,3.58408061498577,-0.036690399276845614,7.020175236092044,7.021816490484334
H02,29,1523958588352268361,618,473.4962158203125,234.17611694335938,ncc_fail,475.5337829589844,237.59140014648438,0.012132224705514784,True,475.54952316310937,237.6464984629044,0.035653605401777866,True,both,0,0,ncc_fail,ncc_fail,Unknown,Unknown,-6.76161616048727,6.733683069466469,3.497413905603503,-0.03724511953289969,0.0,0.0
H02,29,1523958588352268361,645,49.710044860839844,11.569860458374023,border_fail,56.64631652832031,6.505053520202637,0.2680487991779566,False,56.55848679145391,6.939316538490015,0.2462823825007153,False,neither,0,0,not_accepted,not_accepted,Unknown,Unknown,-5.95995518066691,5.890500967328533,3.6479811208511927,-0.07961706668811858,,
H02,29,1523958588352268361,686,180.2904052734375,96.43267059326172,ncc_fail,186.2662811279297,94.55011749267578,0.004254172556311768,True,186.48785564564503,94.5431366491701,0.043145091201830216,True,both,3,3,completed_3_step_check,completed_3_step_check,Unknown,Unknown,-7.116652607247536,7.08829697820217,3.636419178408702,-0.04044739472587261,18.691357734235044,18.694514686819343
H02,29,1523958588352268361,695,496.68896484375,12.648584365844727,backward_fail,502.0880126953125,17.333463668823242,0.04217251673282066,True,502.36233413362294,17.488377351720743,0.15132091330750544,True,both,3,3,completed_3_step_check,completed_3_step_check,Unknown,Unknown,-6.184830601081508,6.148267493155487,3.4700977990038684,-0.05016515016614272,21.10847580612302,21.104302602858667
H02,29,1523958588352268361,706,352.0,2.0,ncc_fail,358.73504638671875,4.006969451904297,0.12701997094989365,False,358.9257230758667,3.980573058128357,0.12050245147222535,False,neither,0,0,not_accepted,not_accepted,Unknown,Unknown,-5.714414596557617,5.68676233291626,3.303297519683838,-0.051086824387311935,,
H02,29,1523958588352268361,707,427.0,504.0,border_fail,424.2937927246094,506.1903076171875,0.3262044539142452,False,424.4697184562683,505.91614747047424,0.08540901923910853,False,neither,0,0,not_accepted,not_accepted,Unknown,Unknown,-5.262284278869629,5.261429786682129,3.17173171043396,-0.05080891028046608,,
H02,29,1523958588352268361,708,4.0,351.0,ncc_fail,4.8308000564575195,345.8907775878906,0.029996885728520602,False,4.767514884471893,346.0774703025818,0.24892596428133823,False,neither,0,0,not_accepted,not_accepted,Unknown,Unknown,-5.078421115875244,5.080605506896973,2.9026808738708496,-0.04244275763630867,,
H02,29,1523958588352268361,710,1.0,25.0,backward_fail,7.739908218383789,19.180084228515625,nan,False,7.6260881423950195,19.489646434783936,0.2417519847579194,False,neither,0,0,not_accepted,not_accepted,Unknown,Unknown,-4.707198143005371,4.676155090332031,3.1747066974639893,-0.10107454657554626,,
H02,29,1523958588352268361,711,149.0,7.0,ncc_fail,156.2979736328125,4.430095672607422,0.08260224934727749,False,156.31917333602905,4.606431007385254,0.10146205824598606,False,neither,0,0,not_accepted,not_accepted,Unknown,Unknown,-5.241187572479248,5.197762966156006,3.264312505722046,-0.06011069566011429,,
H02,29,1523958588352268361,712,116.0,510.0,ncc_fail,114.57106018066406,507.1957092285156,0.36317243928504495,False,114.10241317749023,507.22896575927734,0.08646291187223078,False,neither,0,0,not_accepted,not_accepted,Unknown,Unknown,-4.617440223693848,4.602369785308838,2.9674770832061768,-0.04563276097178459,,
H02,29,1523958588352268361,713,4.0,169.0,ncc_fail,12.1917142868042,162.0665283203125,0.48592350475484297,True,12.233231544494629,162.15594577789307,0.2128007318093865,True,both,3,3,completed_3_step_check,completed_3_step_check,Unknown,Unknown,-4.832758903503418,4.827178001403809,2.5595810413360596,-0.0914594829082489,31.571203593671598,31.568101933547553
H02,30,1523958588401161202,271,631.0147094726562,135.75784301757812,border_fail,633.1732788085938,142.01889038085938,0.035374809756626754,False,633.2363186267208,142.45203444174362,0.09573740681698936,False,neither,0,0,not_accepted,not_accepted,Unknown,Unknown,-6.009000821977466,5.989352189749004,3.3495813809796693,-0.05164424430456895,,
H02,30,1523958588401161202,580,9.174242973327637,444.4388427734375,border_fail,7.817907333374023,439.7062072753906,0.01607352334361788,False,7.857876180583381,439.73168090706565,0.10805971407308022,False,neither,0,0,not_accepted,not_accepted,Unknown,Unknown,-4.9249374226176625,4.920345180336596,3.1663336600557765,-0.05390926476358013,,
H02,30,1523958588401161202,622,293.42547607421875,343.5401611328125,ncc_fail,294.6880187988281,343.4087219238281,0.004800677913736208,True,294.7534183695193,343.32695242329385,0.03232371513578583,True,both,3,3,completed_3_step_check,completed_3_step_check,Unknown,Unknown,-7.125663251505614,7.106665740467751,3.627824552715955,-0.04214094418730335,3.9250230172009726,3.920802381555907
H02,30,1523958588401161202,642,349.09674072265625,41.62202453613281,ncc_fail,355.2705383300781,43.43791961669922,0.003412261097143618,True,355.41775414210275,43.39871488435585,0.08591473732170572,True,both,3,3,completed_3_step_check,completed_3_step_check,Unknown,Unknown,-6.887997293788034,6.86616186235071,3.584387304776296,-0.04347362660118599,18.763351632114986,18.798563178251154
H02,30,1523958588401161202,716,359.0,4.0,ncc_fail,365.59967041015625,6.171398162841797,0.06945085195996797,False,365.8730707168579,6.04960298538208,0.17582802300791933,False,neither,0,0,not_accepted,not_accepted,Unknown,Unknown,-5.608077049255371,5.57827091217041,3.2993125915527344,-0.05656512826681137,,
H02,30,1523958588401161202,718,426.0,509.0,fb_fail,423.3175048828125,511.205322265625,0.4869953628173986,False,423.48240852355957,510.89076721668243,0.06837217992063835,False,neither,0,0,not_accepted,not_accepted,Unknown,Unknown,-5.303178787231445,5.294458389282227,3.1712005138397217,-0.04865964502096176,,
H02,30,1523958588401161202,719,490.0,507.0,ncc_fail,487.5920104980469,510.0899658203125,0.6631998777461691,False,487.06517457962036,509.88155579566956,0.07314991505054262,False,neither,0,0,not_accepted,not_accepted,Unknown,Unknown,-5.277633190155029,5.274722576141357,3.151890754699707,-0.05254232510924339,,
H02,30,1523958588401161202,720,1.0,327.0,ncc_fail,2.2576303482055664,321.8428649902344,0.03322125247754287,False,2.3072720766067505,321.85891914367676,0.16970558639626945,False,neither,0,0,not_accepted,not_accepted,Unknown,Unknown,-5.165909767150879,5.1588053703308105,2.9546799659729004,-0.04607749730348587,,
H02,30,1523958588401161202,722,5.0,346.0,border_fail,5.911105155944824,340.9157409667969,0.010132715606419202,False,5.85823917388916,340.9819583892822,0.20329311153443974,False,neither,0,0,not_accepted,not_accepted,Unknown,Unknown,-5.125532150268555,5.124847412109375,3.015529155731201,-0.04566704481840134,,
H02,30,1523958588401161202,723,112.0,510.0,ncc_fail,110.58750915527344,507.1490173339844,0.4014167035784509,False,109.90090894699097,507.08653259277344,0.03599367840455715,False,neither,0,0,not_accepted,not_accepted,Unknown,Unknown,-4.564633369445801,4.546021461486816,2.9286704063415527,-0.04111788421869278,,
H02,30,1523958588401161202,725,156.0,5.0,ncc_fail,163.32391357421875,2.7601308822631836,0.07941381603456715,False,163.22777366638184,2.845754623413086,0.09946991225705304,False,neither,0,0,not_accepted,not_accepted,Unknown,Unknown,-5.3535871505737305,5.318074703216553,3.2594947814941406,-0.05614929273724556,,
H02,30,1523958588401161202,728,56.0,5.0,ncc_fail,62.883201599121094,0.137359619140625,0.6261637680884813,False,62.962828159332275,0.6073932647705078,0.22164667971109206,False,neither,0,0,not_accepted,not_accepted,Unknown,Unknown,-5.732561111450195,5.668718338012695,3.5064947605133057,-0.07368768006563187,,
H02,31,1523958588452593907,146,131.78057861328125,141.52615356445312,ncc_fail,139.606689453125,138.025634765625,0.033195971672065436,True,140.5749263891249,138.2613538858119,0.3833011907186891,True,both,3,3,completed_3_step_check,completed_3_step_check,Unknown,Unknown,-6.965378091914778,6.928291342047471,3.0135958974918906,-0.13797768350588077,26.383809044051123,25.83599428473352
H02,31,1523958588452593907,218,458.268310546875,502.35699462890625,border_fail,455.4986267089844,504.7281494140625,0.08812804473865724,False,455.53685847890483,504.8215100975653,0.12587167620164239,False,neither,0,0,not_accepted,not_accepted,Unknown,Unknown,-5.597786392571166,5.59809242943637,3.1944581583821794,-0.05148802992485352,,
H02,31,1523958588452593907,316,230.13778686523438,260.5030517578125,ncc_fail,233.17990112304688,259.35601806640625,0.005298206651451521,True,233.25486815664044,259.32390678897974,0.05286687230889609,True,both,3,3,completed_3_step_check,completed_3_step_check,Unknown,Unknown,-6.923692284380936,6.895686213301646,3.548990848399783,-0.04030537222764689,9.636441146175112,9.627357581965189
H02,31,1523958588452593907,471,291.5124816894531,84.8879165649414,ncc_fail,297.3813171386719,85.5205078125,0.004357346196374505,True,297.507447867021,85.4882550287074,0.1292877951640449,True,both,0,3,ncc_fail,completed_3_step_check,Unknown,Unknown,-7.275164780740997,7.250750037054643,3.7065126131303003,-0.040295113558092344,0.0,17.341218119336805
H02,31,1523958588452593907,568,231.85711669921875,46.22516632080078,ncc_fail,238.489990234375,45.60401916503906,0.006945130704728057,True,238.56183239461242,45.623757391448684,0.0699985167114975,True,both,3,3,completed_3_step_check,completed_3_step_check,Unknown,Unknown,-7.029658341264925,6.998798905454495,3.6600351868224954,-0.043306707639019955,19.65447651515669,19.67027482664477
H02,31,1523958588452593907,669,405.39825439453125,359.93853759765625,ncc_fail,405.68170166015625,361.6322937011719,0.0027601120738757357,True,405.7048052949247,361.6935904837306,0.02013507396695553,True,both,3,3,completed_3_step_check,completed_3_step_check,Unknown,Unknown,-6.668099298636923,6.641135171391799,3.4538630075627674,-0.03673560549839079,5.20274619502396,5.206515788102274
H02,31,1523958588452593907,726,351.5046081542969,85.66742706298828,ncc_fail,356.8106994628906,87.39901733398438,0.004503928266340772,True,357.02137875085134,87.51245539353525,0.09872495381310202,True,both,3,0,completed_3_step_check,ncc_fail,Unknown,Unknown,-7.0310452950068285,7.010978105569926,3.6139043785227196,-0.0413456381281572,16.56077372757315,0.0
H02,31,1523958588452593907,730,364.0,5.0,border_fail,370.5264587402344,7.329244613647461,0.06051855329319556,False,370.6903953552246,7.2689642906188965,0.20340990403382997,False,neither,0,0,not_accepted,not_accepted,Unknown,Unknown,-5.757051944732666,5.729987144470215,3.2166566848754883,-0.048928167670965195,,
H02,31,1523958588452593907,731,321.0,2.0,ncc_fail,327.96990966796875,3.3953962326049805,0.18745046389810754,False,328.02041959762573,3.338913321495056,0.24885006556551378,False,neither,0,0,not_accepted,not_accepted,Unknown,Unknown,-5.357879638671875,5.324977397918701,3.1592493057250977,-0.043578214943408966,,
H02,31,1523958588452593907,732,422.0,509.0,ncc_fail,419.5286865234375,510.921875,0.06436916141976716,False,419.4230263233185,510.8849754333496,0.09768130597300315,False,neither,0,0,not_accepted,not_accepted,Unknown,Unknown,-5.355213642120361,5.34952449798584,3.1417205333709717,-0.0470275804400444,,
H02,31,1523958588452593907,733,6.0,341.0,border_fail,7.074809551239014,335.96307373046875,0.010245409244948897,False,7.156189680099487,336.04801416397095,0.210025129697914,False,neither,0,0,not_accepted,not_accepted,Unknown,Unknown,-5.41827392578125,5.420284748077393,2.9860239028930664,-0.03935835883021355,,
H02,31,1523958588452593907,734,1.0,292.0,ncc_fail,3.098322868347168,286.74322509765625,0.11065629247837563,False,3.2326481342315674,286.8544707298279,0.24938965430068047,False,neither,0,0,not_accepted,not_accepted,Unknown,Unknown,-5.24669075012207,5.251356601715088,2.9437947273254395,-0.0462513230741024,,
H02,31,1523958588452593907,735,4.0,117.0,fb_fail,11.719267845153809,110.30517578125,1.764356481253426,False,10.366251945495605,111.06285381317139,0.4258630512987574,True,S_only,0,3,not_accepted,completed_3_step_check,Unknown,Unknown,-5.033102035522461,5.001616954803467,2.5546798706054688,-0.09595536440610886,,32.72990345385412
H02,31,1523958588452593907,736,486.0,510.0,ncc_fail,482.86199951171875,512.7571411132812,0.08983436307382532,False,482.97708797454834,512.8287398815155,nan,False,neither,0,0,not_accepted,not_accepted,Unknown,Unknown,-5.155955791473389,5.149655818939209,2.9582724571228027,-0.04736624285578728,,
H02,31,1523958588452593907,739,163.0,3.0,ncc_fail,170.22967529296875,0.9562416076660156,0.1090762505241836,False,170.34105157852173,0.9327702522277832,0.11184231316552967,False,neither,0,0,not_accepted,not_accepted,Unknown,Unknown,-5.263367652893066,5.2294206619262695,3.267099618911743,-0.05334501713514328,,
H02,31,1523958588452593907,740,108.0,508.0,ncc_fail,106.5757827758789,505.1160583496094,9.433275107520078,False,105.8416256904602,505.1758818626404,0.11449887144857582,False,neither,0,0,not_accepted,not_accepted,Unknown,Unknown,-4.978607654571533,4.9608964920043945,3.020693778991699,-0.036499764770269394,,
H02,32,1523958588501013473,15,141.88987731933594,158.66954040527344,ncc_fail,150.4425048828125,155.3845977783203,0.004497720586460042,True,150.2053131959643,155.58489876551292,0.13037859566846044,True,both,3,3,completed_3_step_check,completed_3_step_check,Unknown,Unknown,-7.5852386537908085,7.53106963950429,3.4183887247759666,-0.10820991188670699,27.423440871559396,27.429736803665104
H02,32,1523958588501013473,141,386.6994934082031,503.4050598144531,border_fail,384.4560852050781,504.5486145019531,0.06725041886601592,False,384.4423717545789,504.69312318150025,0.11616803790151992,False,neither,0,0,not_accepted,not_accepted,Unknown,Unknown,-5.626146942963062,5.628177448878233,3.1456656883726293,-0.04411353501544864,,
H02,32,1523958588501013473,252,457.4233093261719,173.81219482421875,ncc_fail,460.5069885253906,177.35699462890625,0.0022449096378001515,True,460.5410377491114,177.39093674901818,0.012337231446186548,True,both,3,3,completed_3_step_check,completed_3_step_check,Unknown,Unknown,-6.840725710650763,6.807070976026875,3.505746475033916,-0.04433521679595288,14.080266449779142,14.082520447469365
H02,32,1523958588501013473,275,134.79638671875,9.057723999023438,border_fail,141.81887817382812,6.410279273986816,0.022697021756844397,False,141.93595584248615,6.538762956410746,0.07977560778523746,False,neither,0,0,not_accepted,not_accepted,Unknown,Unknown,-5.621358388120608,5.581178763396089,3.333056613067667,-0.05070532195728936,,
H02,32,1523958588501013473,749,5.0,383.0,border_fail,5.162505149841309,378.14739990234375,0.002697502321113815,False,5.186027973890305,378.14559841156006,0.2169959137423461,False,neither,0,0,not_accepted,not_accepted,Unknown,Unknown,-4.779475212097168,4.78346586227417,2.9478747844696045,-0.046409737318754196,,
H02,32,1523958588501013473,754,23.0,8.0,ncc_fail,29.78279685974121,2.7551918029785156,0.12058030910835522,False,29.844928741455078,2.783717155456543,0.32946596105093306,False,neither,0,0,not_accepted,not_accepted,Unknown,Unknown,-4.967676639556885,4.905285358428955,3.2320642471313477,-0.08587586134672165,,
H02,32,1523958588501013473,756,171.0,2.0,ncc_fail,178.34561157226562,0.2879629135131836,0.05424340484027752,False,178.19812488555908,0.23987102508544922,0.1260020487896088,False,neither,0,0,not_accepted,not_accepted,Unknown,Unknown,-5.3415846824646,5.314813613891602,3.2538862228393555,-0.05442170798778534,,
H02,33,1523958588553259707,128,447.4255065917969,297.52764892578125,ncc_fail,448.45892333984375,300.22100830078125,0.006307770052302357,True,448.5031045899748,300.2258817427985,0.05763128748208911,True,both,1,1,ncc_fail,ncc_fail,Unknown,Unknown,-6.605424008260881,6.580824004004565,3.4190898849566014,-0.03622547635404484,2.8621485879723125,2.8630072886330553
H02,33,1523958588553259707,266,436.3960266113281,503.7690734863281,border_fail,434.23260498046875,505.8941345214844,0.04690304552958916,False,433.7226520578158,505.9517192042763,0.15033889545694804,False,neither,0,0,not_accepted,not_accepted,Unknown,Unknown,-5.493169344550619,5.485742971387709,3.1959827788757185,-0.04663860855628193,,
H02,33,1523958588553259707,576,420.98333740234375,309.45306396484375,ncc_fail,422.1729736328125,311.5575256347656,0.00372314453125,True,422.0953843500687,311.6235550451681,0.08600815497895843,True,both,3,3,completed_3_step_check,completed_3_step_check,Unknown,Unknown,-6.317724904048196,6.306541014197078,3.3207926585016647,-0.037054171409763914,6.883719703348165,6.90541193629605
H02,33,1523958588553259707,606,451.5946044921875,425.4571228027344,ncc_fail,450.3265380859375,427.67779541015625,0.0011357296182817624,True,450.3099671321524,427.8550129745513,0.05511526067580903,True,both,3,2,completed_3_step_check,ncc_fail,Unknown,Unknown,-6.211306590408881,6.188773176185341,3.2594264583789956,-0.03167488098505754,7.814459483461813,5.2474976845899715
H02,33,1523958588553259707,643,504.4302062988281,191.86187744140625,ncc_fail,506.62451171875,196.0041046142578,0.007316139851784915,True,506.735776733319,196.05325742307375,0.026091864778276724,True,both,3,3,completed_3_step_check,completed_3_step_check,Unknown,Unknown,-6.963702200416972,6.9373179131692595,3.547273832988993,-0.03754582220939436,13.749483717395384,13.738908905173874
H02,33,1523958588553259707,717,481.52276611328125,247.44984436035156,ncc_fail,483.1706237792969,250.87615966796875,0.0012072778591828907,True,483.111645323675,250.98130567165873,0.042577767731038996,True,both,3,3,completed_3_step_check,completed_3_step_check,Unknown,Unknown,-6.587281654782443,6.574945851459027,3.420003001350447,-0.03564577762669964,11.350774060651128,11.322977648810534
H02,33,1523958588553259707,748,406.3450927734375,363.74591064453125,ncc_fail,406.594482421875,365.4778747558594,0.00342286984687743,True,406.61740735960905,365.46952359294573,0.06002554131664724,True,both,3,3,completed_3_step_check,completed_3_step_check,Unknown,Unknown,-6.379462141040868,6.351415689749263,3.343002751829639,-0.036042940866471834,5.086006230191685,5.08710424768382
H02,33,1523958588553259707,757,337.0,5.0,border_fail,343.6365661621094,6.649535179138184,0.03740515123398267,False,343.8635878562927,6.714513778686523,0.16109762536068775,False,neither,0,0,not_accepted,not_accepted,Unknown,Unknown,-5.590518951416016,5.554845809936523,3.2292046546936035,-0.044503647834062576,,
H02,33,1523958588553259707,762,6.0,377.0,border_fail,6.2871198654174805,372.18914794921875,0.010363520524414107,False,6.172934889793396,372.32643604278564,0.17419369549796496,False,neither,0,0,not_accepted,not_accepted,Unknown,Unknown,-5.015276908874512,5.011709213256836,3.0546302795410156,-0.048515889793634415,,
H02,33,1523958588553259707,763,1.0,120.0,ncc_fail,10.100218772888184,113.44617462158203,0.0604465783224205,True,10.210716247558594,113.21696043014526,0.5233124930290053,True,both,3,3,completed_3_step_check,completed_3_step_check,Unknown,Unknown,-4.88468074798584,4.855145454406738,2.5203146934509277,-0.0867106169462204,34.23443303336069,34.23581746340523
H02,34,1523958588602980808,605,130.48696899414062,123.37533569335938,ncc_fail,140.48117065429688,119.66416931152344,0.05067745993456049,True,140.06769063108518,119.69279343971124,0.18860952368822215,True,both,3,3,completed_3_step_check,completed_3_step_check,Unknown,Unknown,-7.238477464939418,7.2162062801002715,3.066826744216476,-0.13110432024771418,31.650946127723394,31.67881053606305
H02,34,1523958588602980808,676,630.9717407226562,71.32646179199219,border_fail,634.2562255859375,78.10087585449219,0.15187628889254415,False,634.0844495640317,78.16940552235474,0.054175486810258036,False,neither,0,0,not_accepted,not_accepted,Unknown,Unknown,-5.719223505862676,5.697813867993654,3.324941633733867,-0.06432775161472781,,
H02,34,1523958588602980808,699,213.45455932617188,255.385009765625,ncc_fail,216.5958709716797,254.03829956054688,0.008448423736212532,True,216.68625601692474,254.03887772138373,0.06341856471902713,True,both,3,3,completed_3_step_check,completed_3_step_check,Unknown,Unknown,-6.998722895067605,6.975530426387323,3.5905080135927943,-0.03969764576761989,9.68624740308091,9.6743267416593
H02,34,1523958588602980808,764,4.0,89.0,fb_fail,13.254271507263184,82.48054504394531,1.173368173140035,False,13.97928524017334,82.59425830841064,0.521868624234762,True,S_only,0,3,not_accepted,completed_3_step_check,Unknown,Unknown,-3.598398447036743,3.5968759059906006,2.1083202362060547,-0.1322655826807022,,35.32989992348101
H02,34,1523958588602980808,765,1.0,149.0,ncc_fail,9.192770004272461,142.45669555664062,0.40099702052850567,True,8.078377723693848,143.06097555160522,0.1509094298395815,True,both,3,3,completed_3_step_check,completed_3_step_check,Unknown,Unknown,-5.723758220672607,5.686142921447754,2.798238754272461,-0.09358251839876175,31.526275255920684,31.445026633308277
H02,34,1523958588602980808,766,343.0,6.0,border_fail,349.6974792480469,7.81672477722168,0.03566248533218298,False,349.646520614624,7.853813290596008,0.14482163288813646,False,neither,0,0,not_accepted,not_accepted,Unknown,Unknown,-5.847231388092041,5.812429428100586,3.2917637825012207,-0.04705493152141571,,
H02,34,1523958588602980808,772,6.0,373.0,border_fail,6.445639610290527,368.150146484375,0.0077743423230674956,False,6.471530973911285,368.30804204940796,0.170119325020961,False,neither,0,0,not_accepted,not_accepted,Unknown,Unknown,-5.272435188293457,5.2665791511535645,3.007223606109619,-0.04177981987595558,,
H02,35,1523958588652605386,264,482.9622802734375,501.7408752441406,border_fail,480.4212341308594,504.521728515625,0.06711648747919766,False,480.25860782830955,504.3866791864927,0.044768325316315596,False,neither,0,0,not_accepted,not_accepted,Unknown,Unknown,-5.705233642465565,5.708482917404995,3.195080767504919,-0.047269127372671416,,
H02,35,1523958588652605386,272,631.7978515625,203.60894775390625,border_fail,632.7409057617188,209.7121124267578,0.018207949256956266,False,632.7744576211683,209.8287567393948,0.03495735374097279,False,neither,0,0,not_accepted,not_accepted,Unknown,Unknown,-6.531803299564302,6.507169430626931,3.4406031164130866,-0.04452162864166409,,
H02,35,1523958588652605386,521,212.03353881835938,55.44865417480469,ncc_fail,218.35751342773438,54.57647705078125,0.019846623073805532,True,218.54226250860197,54.578717589330644,0.04118888129619794,True,both,3,3,completed_3_step_check,completed_3_step_check,Unknown,Unknown,-6.824388136083043,6.802409769371702,3.534292153497834,-0.04328624499173258,18.836614061556684,18.855172540487978
H02,35,1523958588652605386,780,6.0,368.0,border_fail,6.469537734985352,363.1840515136719,0.010691121081591707,False,6.445372402667999,363.21353340148926,0.18042901574862155,False,neither,0,0,not_accepted,not_accepted,Unknown,Unknown,-5.022470951080322,5.0299787521362305,3.0838871002197266,-0.050435468554496765,,
H02,36,1523958588701174744,216,630.5924072265625,139.22120666503906,border_fail,632.7384643554688,145.6862030029297,0.06345008884916706,False,632.4125297417198,145.6956735806704,0.1492636980362044,False,neither,0,0,not_accepted,not_accepted,Unknown,Unknown,-6.164869814369815,6.147479397978718,3.275695676955359,-0.0469257397211476,,
H02,36,1523958588701174744,338,558.417724609375,289.3759765625,ncc_fail,558.5596313476562,293.79681396484375,0.007625548346923429,True,558.4532872896356,294.02680584476445,0.02365402291292424,True,both,3,3,completed_3_step_check,completed_3_step_check,Unknown,Unknown,-7.249326367514641,7.220016592089792,3.6922269418264477,-0.03850144140664291,13.21536847653412,13.217582388864386
H02,36,1523958588701174744,624,457.3169860839844,199.44667053222656,ncc_fail,459.65478515625,202.7554931640625,0.00356837148721745,True,459.73280689815994,202.86681728251935,0.01164179451130426,True,both,3,3,completed_3_step_check,completed_3_step_check,Unknown,Unknown,-6.284573348118753,6.2641488951757225,3.2644647625876146,-0.04363902868606366,11.81451884277608,11.815182052890474
H02,36,1523958588701174744,768,448.41644287109375,430.4521484375,ncc_fail,446.89984130859375,432.6266174316406,0.005178015604515402,True,446.9969375467122,432.76977140542226,0.07013268792516751,True,both,3,3,completed_3_step_check,completed_3_step_check,Unknown,Unknown,-6.922744422647895,6.894944700959684,3.5496029073130018,-0.03679742329242064,7.813636346488897,7.882975679248711
H02,36,1523958588701174744,771,406.471923828125,368.3823547363281,ncc_fail,406.5103759765625,370.0533142089844,0.00206529837837996,True,406.5027604796575,370.07084121371037,0.03239893257596088,True,both,0,0,ncc_fail,ncc_fail,Unknown,Unknown,-6.713950650323714,6.693764496452584,3.4720247913665645,-0.03688773747775467,0.0,0.0
H02,36,1523958588701174744,782,6.0,101.0,backward_fail,15.390670776367188,94.32051086425781,16.497440653834623,False,15.546335220336914,94.21609115600586,0.11370366163007778,True,S_only,0,3,not_accepted,completed_3_step_check,Unknown,Unknown,-6.00909423828125,5.982736110687256,2.8952434062957764,-0.09287732094526291,,35.11318892780763
H02,36,1523958588701174744,783,6.0,57.0,backward_fail,15.733606338500977,50.36296463012695,0.9493901561223632,True,15.11927604675293,50.69723463058472,0.8219110652580522,True,both,3,3,completed_3_step_check,completed_3_step_check,Unknown,Unknown,-3.4478745460510254,3.4408040046691895,1.918630599975586,-0.1271664947271347,35.57282731693427,35.593363414328785
H02,37,1523958588751984254,69,420.8070373535156,502.9801940917969,border_fail,418.4932861328125,504.9103088378906,0.003961412043990225,False,418.2096917681158,504.8344088377706,0.10908858084078098,False,neither,0,0,not_accepted,not_accepted,Unknown,Unknown,-5.430179069487711,5.427693009902161,3.1742388782333464,-0.04320722112357151,,
H02,37,1523958588751984254,83,460.76849365234375,502.8437805175781,border_fail,458.0238342285156,505.3701171875,0.05889558140247988,False,457.91291695413565,505.29347577108155,0.11011992929531278,False,neither,0,0,not_accepted,not_accepted,Unknown,Unknown,-5.3126848283519,5.310795657473337,3.074422113193524,-0.051083613630798205,,
H02,37,1523958588751984254,187,287.45745849609375,398.29498291015625,ncc_fail,287.5145263671875,397.8854064941406,0.0019111899794740205,True,287.5103664459742,397.97824625440575,0.036291897142239675,True,both,3,3,completed_3_step_check,completed_3_step_check,Unknown,Unknown,-6.7360091894140695,6.713437508797444,3.493721155358953,-0.0353684154258285,1.2861325652108502,1.3034315460770949
H02,37,1523958588751984254,265,473.162109375,307.43914794921875,ncc_fail,473.4798889160156,310.5823974609375,0.00571420768488674,True,473.5580839001917,310.58928305665415,0.01484255370312287,True,both,3,3,completed_3_step_check,completed_3_step_check,Unknown,Unknown,-6.830371012762498,6.812309227320043,3.520575842066762,-0.03625130556344569,9.349401728938242,9.350006884711844
H02,38,1523958588801112161,136,416.2188415527344,89.5572738647461,ncc_fail,420.6156005859375,92.51980590820312,0.003968231381769393,True,420.7490758243229,92.65431217457369,0.016979418439245695,True,both,3,3,completed_3_step_check,completed_3_step_check,Unknown,Unknown,-6.793426179328875,6.7756389085381885,3.508340983351309,-0.03980730414774093,16.081467350936478,16.102466276343602
H02,38,1523958588801112161,158,420.4139099121094,457.6255798339844,ncc_fail,418.555908203125,459.4091796875,0.003482883365024819,True,418.67745476996976,459.4434184392197,0.05099671737531782,True,both,3,3,completed_3_step_check,completed_3_step_check,Unknown,Unknown,-6.524046184492999,6.503834944348519,3.421753492023786,-0.03975078704374181,7.128275747897024,7.139628856614457
H02,38,1523958588801112161,458,304.15838623046875,68.63420104980469,ncc_fail,309.72137451171875,69.4967041015625,0.004179299873577739,True,309.9184120877692,69.53891802607177,0.0848464880038446,True,both,1,3,ncc_fail,completed_3_step_check,Unknown,Unknown,-7.097096474978777,7.067695666901397,3.6402561022736206,-0.04068023710890871,5.834561483145334,17.73300556674145
H02,38,1523958588801112161,613,539.2144165039062,212.74072265625,ncc_fail,540.5823974609375,217.3690643310547,0.004896359723957718,True,540.6241687668918,217.45210411661458,0.013935186165864243,True,both,3,3,completed_3_step_check,completed_3_step_check,Unknown,Unknown,-6.679031158783658,6.659665762573937,3.4530802687149986,-0.03130422288711665,14.182866345424834,14.206696012025287
H02,38,1523958588801112161,760,10.077373504638672,484.9870300292969,border_fail,7.770024299621582,480.5775451660156,0.04173311868881858,False,7.7433366839628155,480.593332329739,0.10013940843567062,False,neither,0,0,not_accepted,not_accepted,Unknown,Unknown,-3.8944152560133602,3.9044420628374095,3.003608036876925,-0.08128620736931737,,
H02,38,1523958588801112161,769,513.6566162109375,211.48658752441406,ncc_fail,515.2440185546875,215.5816650390625,0.0024935401217499164,True,515.3181458045315,215.7705064072541,0.018277164164612173,True,both,3,3,completed_3_step_check,completed_3_step_check,Unknown,Unknown,-6.507761328487817,6.495077371231512,3.3776777189228047,-0.032097896394056254,13.068992913420729,13.128794371159515
H02,38,1523958588801112161,773,148.5491943359375,152.4448699951172,ncc_fail,155.97930908203125,149.46478271484375,0.0078045387234793595,True,153.99201643598357,149.79664851503898,0.4313840193376437,True,both,1,1,ncc_fail,ncc_fail,Unknown,Unknown,-7.873346691670298,7.806143364394266,3.09266982349542,-0.09748071693738913,6.9302686920266146,6.846455736479254
H02,38,1523958588801112161,793,452.0,505.0,ncc_fail,449.23162841796875,507.3537902832031,0.058120629392397316,False,449.2226116657257,507.300137758255,0.12564323826363674,False,neither,0,0,not_accepted,not_accepted,Unknown,Unknown,-5.3492889404296875,5.341126441955566,3.218783378601074,-0.04905237630009651,,
H02,39,1523958588852089525,357,172.9619598388672,8.289383888244629,border_fail,180.10398864746094,6.4423112869262695,0.05010482931269083,False,180.1204806270959,6.46250653789578,0.07679557641678851,False,neither,0,0,not_accepted,not_accepted,Unknown,Unknown,-6.294527467144049,6.255977127926539,3.3576087461240944,-0.050631659790710944,,
H02,39,1523958588852089525,552,534.4800415039062,289.4355773925781,ncc_fail,534.6622924804688,293.4601135253906,0.004403951931659489,True,534.6741084283435,293.6517335866406,0.022226091304568353,True,both,3,2,completed_3_step_check,ncc_fail,Unknown,Unknown,-7.21287851607148,7.18392988015078,3.6783781914449536,-0.03707378477739517,11.851349572418648,7.918790641434129
H02,39,1523958588852089525,685,480.4874572753906,350.6111755371094,ncc_fail,480.19091796875,353.44158935546875,0.002852699889050731,True,480.14998177637193,353.62841294305264,0.038938382375500236,True,both,3,3,completed_3_step_check,completed_3_step_check,Unknown,Unknown,-6.480231069808631,6.466538688730763,3.3946900869211074,-0.035574936903844195,8.300871817263026,8.339244459062533
H02,39,1523958588852089525,794,414.52593994140625,502.8211669921875,border_fail,412.1745300292969,504.53985595703125,0.039383534630479486,False,412.0716322996292,504.40294846864964,0.11093326500790325,False,neither,0,0,not_accepted,not_accepted,Unknown,Unknown,-5.207107065682866,5.197229887423948,3.23536246807498,-0.05201052292661554,,
H02,39,1523958588852089525,796,2.0,79.0,ncc_fail,11.643678665161133,71.80001831054688,1.151591388803992,False,11.40603256225586,72.27461624145508,0.27902643309681247,True,S_only,0,3,not_accepted,completed_3_step_check,Unknown,Unknown,-4.107693195343018,4.050930023193359,2.57940673828125,-0.11610301584005356,,37.73777099316035
H02,39,1523958588852089525,797,4.0,118.0,ncc_fail,11.660600662231445,111.51602935791016,0.10131908325017873,True,12.039575576782227,111.37367010116577,0.23700232191177362,True,both,3,3,completed_3_step_check,completed_3_step_check,Unknown,Unknown,-6.10106897354126,6.073648929595947,3.307703971862793,-0.09754113107919693,31.675412122240328,31.66087645859954
H02,39,1523958588852089525,798,10.0,4.0,ncc_fail,20.785375595092773,-2.908700942993164,0.36932810596651344,False,21.227248191833496,-3.061690330505371,nan,False,neither,0,0,not_accepted,not_accepted,Unknown,Unknown,-2.806731939315796,2.789407968521118,1.3722484111785889,-0.12831710278987885,,
H02,39,1523958588852089525,800,450.0,508.0,ncc_fail,447.3131103515625,510.3024597167969,0.0250821262209891,False,447.16589641571045,510.16406655311584,0.15966689275590681,False,neither,0,0,not_accepted,not_accepted,Unknown,Unknown,-4.902298927307129,4.893409729003906,3.11098051071167,-0.05125105381011963,,
H02,39,1523958588852089525,801,157.0,153.0,ncc_fail,164.3128662109375,150.24266052246094,0.030294357270441812,True,162.69074964523315,150.4953646659851,0.5455054599463396,True,both,0,0,ncc_fail,ncc_fail,Unknown,Unknown,-7.632051467895508,7.562180995941162,3.14383602142334,-0.12395725399255753,0.0,0.0
H02,40,1523958588901201911,118,231.38832092285156,204.51353454589844,ncc_fail,235.35403442382812,203.4319305419922,0.0019721652826875063,True,235.47932984169398,203.4254129320038,0.04244871476169607,True,both,3,3,completed_3_step_check,completed_3_step_check,Unknown,Unknown,-7.190311282844386,7.170684386841049,3.6633017007050435,-0.04393722287297193,13.315714697065989,13.31325614070033
H02,40,1523958588901201911,268,238.37693786621094,145.65426635742188,ncc_fail,244.8705596923828,144.72988891601562,0.006007701312203217,True,243.46054170191914,144.94245183051922,0.09636236837963753,True,both,0,0,ncc_fail,ncc_fail,Unknown,Unknown,-6.404864938947237,6.393319959746325,3.2202544138212827,-0.06071201683297918,0.0,0.0
H02,40,1523958588901201911,477,367.9648742675781,117.52777099609375,ncc_fail,372.6318359375,119.2676010131836,0.002214417798427873,True,372.71826714606897,119.48847441569337,0.047876380700199304,True,both,3,3,completed_3_step_check,completed_3_step_check,Unknown,Unknown,-7.250340551269422,7.2231943027357355,3.675430981743685,-0.04067016015276925,15.576150664553133,15.571888578588414
H02,40,1523958588901201911,654,512.446533203125,382.5989074707031,ncc_fail,511.447265625,385.9006042480469,0.002166748046875,True,511.3369554920538,386.0404327802777,0.041103764313325755,True,both,3,3,completed_3_step_check,completed_3_step_check,Unknown,Unknown,-6.955543832823452,6.937935034738498,3.5720136418601154,-0.03746395545258621,9.98173261224691,9.93862625318527
H02,40,1523958588901201911,758,20.86566925048828,276.634521484375,ncc_fail,23.458324432373047,271.5116882324219,0.004211685355797633,True,23.28389622129722,271.69148965220296,0.08948752537260878,True,both,3,3,completed_3_step_check,completed_3_step_check,Unknown,Unknown,-6.658557477611999,6.645516945546742,3.4800883950330177,-0.04637174136468277,18.07050881831827,18.049935136500533
H02,40,1523958588901201911,807,162.0,150.0,ncc_fail,169.3047332763672,147.3586883544922,0.03891114775247726,True,167.86086511611938,147.41967916488647,0.09497435950953267,True,both,0,3,ncc_fail,completed_3_step_check,Unknown,Unknown,-7.6759114265441895,7.604732036590576,3.1827824115753174,-0.09751706570386887,0.0,20.497281916343702
H02,40,1523958588901201911,808,3.0,7.0,ncc_fail,14.05575180053711,-0.35099029541015625,0.3856124387169849,False,14.211641311645508,0.07948923110961914,0.21202065958873936,False,neither,0,0,not_accepted,not_accepted,Unknown,Unknown,-4.33683967590332,4.312615394592285,2.5931856632232666,-0.15355738997459412,,
H02,40,1523958588901201911,809,3.0,271.0,ncc_fail,5.667598724365234,265.5107727050781,0.22274260150489444,False,5.474079370498657,265.7945775985718,0.15629945532533074,False,neither,0,0,not_accepted,not_accepted,Unknown,Unknown,-5.8797149658203125,5.869488716125488,3.1582982540130615,-0.046478331089019775,,
H02,40,1523958588901201911,810,4.0,251.0,ncc_fail,7.048858165740967,245.53518676757812,0.17220441991698,False,6.905832767486572,245.75110054016113,0.12042263731872896,False,neither,0,0,not_accepted,not_accepted,Unknown,Unknown,-6.0980730056762695,6.090780258178711,3.260955572128296,-0.05537641420960426,,
H02,40,1523958588901201911,811,443.0,510.0,ncc_fail,440.7694091796875,512.2625122070312,0.28709001865144174,False,440.1723327636719,512.0912642478943,nan,False,neither,0,0,not_accepted,not_accepted,Unknown,Unknown,-4.980477809906006,4.962494850158691,3.019401788711548,-0.048423588275909424,,
H02,40,1523958588901201911,812,3.0,32.0,ncc_fail,13.84843635559082,24.97040367126465,0.3358663682089011,True,13.783828735351562,24.949761867523193,0.17384933940006647,True,both,2,2,border_fail,border_fail,Unknown,Unknown,-4.529580593109131,4.501679420471191,2.6938822269439697,-0.13857486844062805,26.149855250681767,26.145565499076408
H02,41,1523958588951368878,130,219.67739868164062,104.51582336425781,ncc_fail,226.61920166015625,103.38286590576172,0.21786069738858557,True,225.802301558875,103.41735375865271,2.7042944812540135,False,C_only,1,0,fb_fail,not_accepted,Unknown,Unknown,-4.50968334192891,4.4501583434438885,2.085752915809518,-0.10825349559243,9.347894238307166,
H02,41,1523958588951368878,177,183.29307556152344,256.5143737792969,ncc_fail,186.52488708496094,254.3800811767578,0.001985109227181654,True,186.59864714664064,254.41919962117743,0.014851365271153974,True,both,3,3,completed_3_step_check,completed_3_step_check,Unknown,Unknown,-7.009616409779065,6.98503387853054,3.5854885883288143,-0.04231050915651757,12.641529712393622,12.630111468031847
H02,41,1523958588951368878,288,343.4725341796875,54.5906982421875,ncc_fail,349.5171203613281,56.27819061279297,0.00296327343434204,True,349.59319456853643,56.25241163037592,0.10337915533808367,True,both,3,3,completed_3_step_check,completed_3_step_check,Unknown,Unknown,-7.340176060369245,7.3165000743316,3.7295738630913,-0.03903288606145627,19.214594882187168,19.22892401611374
H02,41,1523958588951368878,300,585.392822265625,162.06936645507812,ncc_fail,587.5784912109375,167.7165985107422,0.000488519610399845,True,587.4986497638836,167.7224571874529,0.0243579436495206,True,both,3,3,completed_3_step_check,completed_3_step_check,Unknown,Unknown,-7.406626011970719,7.3762088748164985,3.7521113020345958,-0.03831950319519062,17.766381380182157,17.758843401795886
H02,41,1523958588951368878,330,283.5631408691406,133.30169677734375,ncc_fail,289.0937194824219,133.63790893554688,0.0004283346205938171,True,288.89916685468364,133.36414596216514,0.0705655997072034,True,both,3,3,completed_3_step_check,completed_3_step_check,Unknown,Unknown,-7.381353315949645,7.3504928968271885,3.737377770426684,-0.04289299037985286,17.446055283409446,17.520156000787562
H02,41,1523958588951368878,641,428.30206298828125,349.55084228515625,ncc_fail,428.6047058105469,351.48040771484375,0.0021734001238726632,True,428.6896124355261,351.6062262261223,0.051800080948607816,True,both,3,3,completed_3_step_check,completed_3_step_check,Unknown,Unknown,-6.8019705076113475,6.789189153310174,3.5233360967391256,-0.03777815787626082,5.5845345746105135,5.610896914188248
H02,41,1523958588951368878,709,347.2215881347656,503.80108642578125,border_fail,345.2259521484375,504.2487487792969,0.01966376648969191,False,345.4071903801395,504.2284709600395,0.06793543357669658,False,neither,0,0,not_accepted,not_accepted,Unknown,Unknown,-5.517391635917355,5.511121452860513,3.045938821800599,-0.04083594877463124,,
H02,41,1523958588951368878,724,251.39891052246094,82.78475952148438,ncc_fail,257.509033203125,82.510009765625,0.007068525952718749,True,257.65754653260865,82.42792314940434,0.08603554059150685,True,both,3,3,completed_3_step_check,completed_3_step_check,Unknown,Unknown,-7.157316272723447,7.135539906868826,3.585279920738146,-0.048982899972574954,19.15326771599977,19.16649981927018
H02,41,1523958588951368878,813,2.0,53.0,ncc_fail,12.426204681396484,46.012733459472656,0.1814196793296221,True,12.038341522216797,46.09036350250244,0.13174021993462684,True,both,3,3,completed_3_step_check,completed_3_step_check,Unknown,Unknown,-5.3911638259887695,5.379177570343018,3.1405134201049805,-0.10708656907081604,39.03799595047295,39.03542119345168
H02,41,1523958588951368878,816,5.0,266.0,border_fail,7.903598785400391,260.53643798828125,0.08236359361622712,False,7.957926273345947,260.5416097640991,0.08498387174131165,False,neither,0,0,not_accepted,not_accepted,Unknown,Unknown,-5.663642406463623,5.650544166564941,3.150824546813965,-0.04907482862472534,,
H02,41,1523958588951368878,820,2.0,194.0,ncc_fail,7.284162998199463,187.89151000976562,0.15202128794889003,False,7.545303821563721,187.9386682510376,0.2039834913309565,False,neither,0,0,not_accepted,not_accepted,Unknown,Unknown,-5.004112243652344,4.987695693969727,2.928544759750366,-0.05697481334209442,,
H02,41,1523958588951368878,822,409.0,506.0,ncc_fail,406.86334228515625,507.62615966796875,0.06478107709810965,False,406.6889247894287,507.3822840452194,0.10341584700783454,False,neither,0,0,not_accepted,not_accepted,Unknown,Unknown,-5.713775634765625,5.704248428344727,3.3194620609283447,-0.046540357172489166,,
H02,41,1523958588951368878,823,1.0,470.0,fb_fail,-0.9628934860229492,465.3350524902344,0.2896247581021891,False,-0.7330038547515869,465.2609157562256,nan,False,neither,0,0,not_accepted,not_accepted,Unknown,Unknown,-4.315140247344971,4.310870170593262,2.8646814823150635,-0.06106731668114662,,
H02,42,1523958589001366100,532,477.5114440917969,415.5636901855469,ncc_fail,476.35577392578125,418.1619873046875,0.002439307264208077,True,476.4295517254362,418.2223678745384,0.031312001395398525,True,both,2,1,ncc_fail,ncc_fail,Unknown,Unknown,-6.65597342783305,6.63314635542859,3.4593112348475854,-0.034441237148690754,5.100670431468151,2.590844127596825
H02,42,1523958589001366100,589,142.01385498046875,60.17802429199219,ncc_fail,152.45875549316406,56.45166015625,0.2995225187381223,True,149.31748478709028,57.60115383442385,0.018363553555435307,True,both,0,0,ncc_fail,ncc_fail,Unknown,Unknown,-6.661307672863627,6.614581987604021,3.0239449420019175,-0.07074296565303724,0.0,0.0
H02,42,1523958589001366100,681,296.55902099609375,26.712839126586914,ncc_fail,303.502197265625,27.530113220214844,0.011783675955801116,True,303.44070733268063,27.454243182038578,0.04671089875970253,True,both,3,3,completed_3_step_check,completed_3_step_check,Unknown,Unknown,-6.9784149788592735,6.960058473171854,3.6314468537977387,-0.04382409818641202,21.17383830876017,21.172691221627677
H02,42,1523958589001366100,744,402.570068359375,109.21513366699219,ncc_fail,407.3441467285156,111.65245056152344,0.002659771509818106,True,407.4577766958537,111.85380065287629,0.07941645259846833,True,both,3,3,completed_3_step_check,completed_3_step_check,Unknown,Unknown,-7.231470979559742,7.201993007023749,3.672474696595211,-0.04038697312294011,16.23544493050545,16.20916822187669
H02,42,1523958589001366100,761,232.4268798828125,217.5931396484375,ncc_fail,236.6942596435547,216.46925354003906,0.002186324110056408,True,236.61003960358107,216.4248522314118,0.033128905105881616,True,both,3,3,completed_3_step_check,completed_3_step_check,Unknown,Unknown,-6.881870182998561,6.8534400695311675,3.5398945804921667,-0.049003832155713634,13.851397408236064,13.827425349639308
H02,42,1523958589001366100,767,492.40435791015625,278.650390625,ncc_fail,493.50604248046875,282.0311279296875,0.0060880082540985606,True,493.53433933765115,282.1083013965465,0.03334154316667847,True,both,2,1,ncc_fail,ncc_fail,Unknown,Unknown,-6.449952278782121,6.438832836837946,3.3613314021965834,-0.03400249894086427,6.889162709452444,3.4627550021997706
H02,42,1523958589001366100,802,50.30882263183594,8.248089790344238,fb_fail,63.38307571411133,1.8530912399291992,1.1341105322829295,False,62.27795122915352,2.364853132654292,0.11915931235047622,False,neither,0,0,not_accepted,not_accepted,Unknown,Unknown,-5.379980439897743,5.318760879581845,2.9959736059425257,-0.1522509074616733,,
H02,42,1523958589001366100,803,521.614990234375,228.29132080078125,ncc_fail,523.226806640625,232.32144165039062,0.005294623907943751,True,523.3139228218328,232.5156736197397,0.011348312917522243,True,both,2,0,ncc_fail,ncc_fail,Unknown,Unknown,-6.770110792719606,6.745873546416313,3.465091089312935,-0.034163428226664905,8.538958767219848,0.0
H02,42,1523958589001366100,814,18.865867614746094,13.061168670654297,border_fail,30.02104949951172,6.295427322387695,0.15734645135523742,False,30.44389386989385,6.6066366280976325,0.10018749149395179,False,neither,0,0,not_accepted,not_accepted,Unknown,Unknown,-4.9890866369693345,4.922653290084867,3.3463404237292935,-0.1354776684976642,,
H02,42,1523958589001366100,829,408.0,507.0,forward_fail,404.5912170410156,517.644775390625,9.22995235748805,False,405.7338421344757,508.4889245033264,0.0973390886904673,False,neither,0,0,not_accepted,not_accepted,Unknown,Unknown,-5.36908483505249,5.360545635223389,3.20229434967041,-0.047409556806087494,,
H02,42,1523958589001366100,831,346.0,505.0,border_fail,344.1977844238281,505.3409423828125,0.021895825316327555,False,344.0852861404419,505.44130885601044,0.09979361560830284,False,neither,0,0,not_accepted,not_accepted,Unknown,Unknown,-5.526968002319336,5.523488998413086,3.087815761566162,-0.04377675801515579,,
H02,42,1523958589001366100,832,4.0,60.0,backward_fail,13.609055519104004,53.422523498535156,1.2168449254231124,False,13.976479530334473,53.513811111450195,0.34838959557461435,True,S_only,0,3,not_accepted,completed_3_step_check,Unknown,Unknown,-6.223272323608398,6.186722278594971,3.3779046535491943,-0.11397162079811096,,34.60650224459207
H02,42,1523958589001366100,833,5.0,294.0,border_fail,7.520071983337402,288.5945739746094,0.029736048212465335,False,7.474767208099365,288.7820897102356,0.14916767243595477,False,neither,0,0,not_accepted,not_accepted,Unknown,Unknown,-5.418400287628174,5.408498764038086,2.986285448074341,-0.04229056462645531,,
H02,43,1523958589051282789,328,222.57046508789062,81.54735565185547,ncc_fail,232.26589965820312,79.34703063964844,0.13751594717846008,True,229.2688068022551,80.39203296271356,0.06562954379622525,True,both,0,3,ncc_fail,completed_3_step_check,Unknown,Unknown,-5.588612269877584,5.540283606020886,2.73441928566427,-0.05307090780451693,0.0,30.139631291293774
H02,43,1523958589051282789,561,234.1172637939453,106.44287872314453,fb_fail,243.62071228027344,104.83001708984375,0.4003896992370324,True,244.01698963508662,104.86221271298018,0.1493524201710044,True,both,3,3,completed_3_step_check,completed_3_step_check,Unknown,Unknown,-6.166906091987736,6.1181351905964,2.6984319629391744,-0.10390102204386865,30.807478719279935,30.612897355440722
H02,43,1523958589051282789,779,101.43184661865234,61.48476028442383,ncc_fail,113.44987487792969,56.80763626098633,0.003492915214358892,True,113.45112399535245,56.43869930010287,0.11861433164975066,True,both,3,3,completed_3_step_check,completed_3_step_check,Unknown,Unknown,-7.339837633704079,7.304070392138759,3.433977916443788,-0.07693775892208252,40.11467499027437,40.120567954430165
H02,43,1523958589051282789,830,263.278076171875,82.69261932373047,ncc_fail,269.5762023925781,82.52027130126953,0.0026821743856949676,True,269.69477699681437,82.47209630134908,0.020142761600954795,True,both,3,3,completed_3_step_check,completed_3_step_check,Unknown,Unknown,-7.417903411676546,7.392463028451182,3.6688082146572625,-0.04488938331405071,19.623952285722623,19.641681795604487
H02,43,1523958589051282789,837,31.0,6.0,ncc_fail,42.75981903076172,-0.33472347259521484,0.23878000096979232,False,41.95595455169678,-0.33335447311401367,nan,False,neither,0,0,not_accepted,not_accepted,Unknown,Unknown,-5.153153419494629,5.045101165771484,2.9571046829223633,-0.13775725662708282,,
H02,43,1523958589051282789,838,3.0,18.0,fb_fail,12.72899341583252,11.26137638092041,1.1649428579649792,False,12.354076385498047,11.567577838897705,0.21035280447416385,True,S_only,0,0,not_accepted,ncc_fail,Unknown,Unknown,-4.785589218139648,4.7273664474487305,2.861912727355957,-0.16329070925712585,,0.0
H02,43,1523958589051282789,839,4.0,65.0,ncc_fail,13.104631423950195,58.3439826965332,0.3653491709355423,True,13.426081657409668,58.456989765167236,0.13985931824076328,True,both,3,3,completed_3_step_check,completed_3_step_check,Unknown,Unknown,-5.499484539031982,5.490817546844482,3.1130800247192383,-0.10046807676553726,34.26426223586964,34.25340397540821
H02,43,1523958589051282789,840,63.0,2.0,forward_fail,77.33621215820312,-4.590341567993164,2.4538303664329337,False,75.09053993225098,-3.6794824600219727,nan,False,neither,0,0,not_accepted,not_accepted,Unknown,Unknown,-5.271731376647949,5.186882972717285,2.8129916191101074,-0.12059496343135834,,
H02,43,1523958589051282789,843,344.0,505.0,border_fail,342.3145751953125,505.2579650878906,0.013114358868494708,False,342.396831035614,505.30688083171844,0.12867939646701662,False,neither,0,0,not_accepted,not_accepted,Unknown,Unknown,-5.424562454223633,5.417125225067139,3.033816337585449,-0.041402529925107956,,
H02,43,1523958589051282789,845,2.0,102.0,backward_fail,11.216038703918457,95.145263671875,nan,False,11.225358009338379,95.24074840545654,0.086929861477267,True,S_only,0,3,not_accepted,completed_3_step_check,Unknown,Unknown,-5.614981651306152,5.589758396148682,3.006133556365967,-0.06918637454509735,,34.16681435603003
H02,44,1523958589102284298,100,574.46826171875,239.61973571777344,ncc_fail,575.5739135742188,244.39492797851562,0.002145420470302581,True,575.6850023346535,244.51344337657892,0.07724208571019477,True,both,3,3,completed_3_step_check,completed_3_step_check,Unknown,Unknown,-6.637042305198829,6.614619595936961,3.442532822305358,-0.034038863980270895,14.090181234992206,14.121308601290657
H02,44,1523958589102284298,208,514.649169921875,296.37506103515625,ncc_fail,515.453857421875,299.7640686035156,0.00667826140946774,True,515.4981360614647,299.98186160550625,0.045975790808027835,True,both,3,3,completed_3_step_check,completed_3_step_check,Unknown,Unknown,-6.982621734631579,6.960528918176465,3.5620415682955198,-0.0336893318092395,10.295334583581333,10.299996182593032
H02,44,1523958589102284298,788,93.09037017822266,8.708120346069336,ncc_fail,105.6856918334961,3.672654151916504,0.39914446430676115,False,104.27190271435457,4.224998611038603,0.5305697500002823,False,neither,0,0,not_accepted,not_accepted,Unknown,Unknown,-4.052418482775302,3.9831745620957633,2.1065280600011027,-0.10454762666561347,,
H02,44,1523958589102284298,841,522.6536865234375,235.9101104736328,ncc_fail,524.3658447265625,239.788818359375,0.004651904055735163,True,524.4400352303999,239.967557328505,0.0420149125427588,True,both,1,1,ncc_fail,ncc_fail,Unknown,Unknown,-6.7910252208152775,6.768498761252003,3.4702156581217114,-0.03487241526295964,4.160375679999992,4.133312510345234
H02,44,1523958589102284298,850,7.0,8.0,ncc_fail,16.646106719970703,0.8938503265380859,0.37116809993963296,False,17.176610946655273,1.3509225845336914,0.08194309555913833,False,neither,0,0,not_accepted,not_accepted,Unknown,Unknown,-5.490231990814209,5.441581726074219,3.2706620693206787,-0.10583078861236572,,
H02,44,1523958589102284298,851,34.0,14.0,border_fail,45.441978454589844,7.652576446533203,0.34145064822166943,False,44.261491775512695,7.64942741394043,0.09907554757667299,False,neither,0,0,not_accepted,not_accepted,Unknown,Unknown,-6.6894121170043945,6.621723175048828,3.6337547302246094,-0.1135627031326294,,
H02,44,1523958589102284298,856,343.0,505.0,border_fail,341.4075012207031,505.1283874511719,0.0058307744413875285,False,341.3787542581558,505.2299173772335,0.10872654049125184,False,neither,0,0,not_accepted,not_accepted,Unknown,Unknown,-5.228744983673096,5.220861911773682,3.007187843322754,-0.04384733363986015,,
H02,44,1523958589102284298,857,6.0,79.0,fb_fail,14.828824996948242,72.44383239746094,0.778611845795901,True,15.269832611083984,72.24948358535767,0.16880056250785674,True,both,3,3,completed_3_step_check,completed_3_step_check,Unknown,Unknown,-5.375406265258789,5.358315467834473,3.1126508712768555,-0.08034716546535492,34.019836676452506,34.022689179611504
H02,45,1523958589152118291,4,373.3565368652344,244.45359802246094,ncc_fail,376.5840759277344,245.5170440673828,0.002133449379007971,True,376.67313985888626,245.55570742837918,0.1400384963591016,True,both,3,3,completed_3_step_check,completed_3_step_check,Unknown,Unknown,-6.070316724877516,6.046938991601319,3.2094918065911386,-0.03779168316510344,10.412143404891964,10.409278167277156
H02,45,1523958589152118291,65,259.80291748046875,96.17180633544922,ncc_fail,267.8775634765625,95.08673858642578,1.7285886474987888,False,266.9123711266159,95.55328634572165,0.4578029691353832,True,S_only,0,0,not_accepted,ncc_fail,Unknown,Unknown,-5.209638091001466,5.147226029731664,2.417186062358043,-0.08625969883231208,,0.0
H02,45,1523958589152118291,714,126.03166961669922,11.81395435333252,border_fail,138.23049926757812,7.423346519470215,0.05637520880108604,False,134.38719915660508,9.040284246467525,0.21361406585055198,True,S_only,0,0,not_accepted,ncc_fail,Unknown,Unknown,-5.610892221182159,5.516429745673999,2.775246363613215,-0.08199077089090459,,0.0
H02,45,1523958589152118291,835,142.4871826171875,19.201507568359375,fb_fail,153.32603454589844,14.733695030212402,0.482815405345313,True,150.6111970836542,16.663677056748913,0.11745830662659339,True,both,0,0,fb_fail,fb_fail,Unknown,Unknown,-6.78318114383986,6.686223760537368,3.392982549930532,-0.08206928800256472,0.0,0.0
H02,45,1523958589152118291,848,240.97764587402344,210.57110595703125,ncc_fail,245.65643310546875,209.4933319091797,0.0022796957685178136,True,245.45461148460993,209.3287408058585,0.026589388861114425,True,both,3,3,completed_3_step_check,completed_3_step_check,Unknown,Unknown,-6.576314076683305,6.554851642984596,3.4021015558567687,-0.045306006837112986,14.950713092684278,14.900338279597365
H02,45,1523958589152118291,849,20.402856826782227,164.250732421875,ncc_fail,26.620201110839844,158.56060791015625,0.080318132778997,True,26.537764275239642,158.29731280591554,0.29759581541208996,True,both,1,1,ncc_fail,ncc_fail,Unknown,Unknown,-6.310687342934967,6.302127415521108,3.240271518363472,-0.10633744884172615,8.903183802042447,8.893019385992766
H02,45,1523958589152118291,861,16.0,1.0,forward_fail,nan,nan,nan,False,25.894163131713867,-5.4987335205078125,nan,False,neither,0,0,not_accepted,not_accepted,Unknown,Unknown,-5.09081506729126,5.050868988037109,3.075047254562378,-0.08720361441373825,,
H02,45,1523958589152118291,862,4.0,192.0,ncc_fail,8.805938720703125,186.13980102539062,0.060669207423958836,True,9.38661241531372,186.06320714950562,0.10938854870384597,True,both,3,3,completed_3_step_check,completed_3_step_check,Unknown,Unknown,-5.558943748474121,5.541093826293945,3.0849883556365967,-0.0687856376171112,23.819995632754125,23.811739822882565
H02,45,1523958589152118291,863,46.0,8.0,ncc_fail,57.15940475463867,2.0100526809692383,0.3598931012261697,False,56.90632247924805,1.888871192932129,0.505121944920697,False,neither,0,0,not_accepted,not_accepted,Unknown,Unknown,-5.573954105377197,5.480971813201904,2.994399070739746,-0.11165468394756317,,
H02,45,1523958589152118291,864,107.0,11.0,border_fail,120.03363037109375,6.175907135009766,0.4370324875282574,False,119.92514610290527,6.078770637512207,0.21435960200269152,False,neither,0,0,not_accepted,not_accepted,Unknown,Unknown,-5.613211631774902,5.512277603149414,2.968935012817383,-0.11927530914545059,,
H02,45,1523958589152118291,867,342.0,505.0,border_fail,340.4256591796875,505.0914001464844,0.001983877314837037,False,340.5536824464798,505.1789671778679,0.09853223287469473,False,neither,0,0,not_accepted,not_accepted,Unknown,Unknown,-5.224322319030762,5.219311714172363,3.00931715965271,-0.042709603905677795,,
H02,46,1523958589202068669,502,292.32366943359375,332.49163818359375,ncc_fail,294.6624755859375,331.68670654296875,0.028648334812992463,True,294.54423902337436,331.7417100139165,0.04639624719868374,True,both,3,3,completed_3_step_check,completed_3_step_check,Unknown,Unknown,-7.654513915808444,7.623653440140448,3.8267609695070925,-0.0449692120226762,7.279992470286249,7.276172847036139
H02,46,1523958589202068669,805,76.14297485351562,11.438407897949219,border_fail,89.0992431640625,5.355251312255859,0.3235391465343952,False,88.71028838314412,5.769023905243809,0.3583069697420972,False,neither,0,0,not_accepted,not_accepted,Unknown,Unknown,-5.964807647762454,5.902479696554237,3.553772472782445,-0.0986413249198177,,
H02,46,1523958589202068669,858,277.3228454589844,74.54594421386719,ncc_fail,284.04022216796875,74.41433715820312,0.08479551264139612,True,284.158592453092,74.43568731682095,0.029397809372843847,True,both,3,3,completed_3_step_check,completed_3_step_check,Unknown,Unknown,-7.466701074248392,7.411514032837976,3.62566974379384,-0.052864130204816874,21.1137889783588,21.088194030207344
H02,46,1523958589202068669,865,18.744871139526367,13.27228832244873,border_fail,29.024885177612305,5.881094932556152,0.42529211629066727,False,28.114907480335567,6.202962310429927,0.1452204921021918,False,neither,0,0,not_accepted,not_accepted,Unknown,Unknown,-5.092529975611523,5.046114100874647,3.158897355292714,-0.10499088282750876,,
H02,46,1523958589202068669,866,526.6434936523438,243.77105712890625,ncc_fail,528.3838500976562,247.53038024902344,0.001856311807341986,True,528.3409166920013,247.73146432426793,0.0478219425561527,True,both,0,0,ncc_fail,ncc_fail,Unknown,Unknown,-6.687743555384886,6.672835908835269,3.471728136247947,-0.03419579139606985,0.0,0.0
H02,46,1523958589202068669,869,3.0,32.0,ncc_fail,12.708900451660156,25.2392578125,0.9078975550351168,True,11.896722793579102,24.902246475219727,0.013880361331361592,True,both,2,2,border_fail,border_fail,Unknown,Unknown,-4.842502593994141,4.811339855194092,3.006816864013672,-0.09485259652137756,24.572966774818177,24.561734030397478
H02,46,1523958589202068669,871,52.0,2.0,forward_fail,66.16694641113281,-8.012022018432617,5.017408497290337,False,62.846816062927246,-4.565852165222168,nan,False,neither,0,0,not_accepted,not_accepted,Unknown,Unknown,-4.908206939697266,4.813021183013916,2.9468493461608887,-0.09364614635705948,,
H02,46,1523958589202068669,872,119.0,6.0,fb_fail,132.7944793701172,1.164902687072754,0.8799368274898663,False,131.91449165344238,1.2818260192871094,0.34797812223596375,False,neither,0,0,not_accepted,not_accepted,Unknown,Unknown,-4.751409530639648,4.662111282348633,2.639861822128296,-0.12557771801948547,,
H02,46,1523958589202068669,873,140.0,507.0,ncc_fail,138.69070434570312,503.9605712890625,0.11093596773029639,True,138.64075875282288,504.06755924224854,0.1200724208198274,False,C_only,3,0,completed_3_step_check,not_accepted,Unknown,Unknown,-4.903391361236572,4.900880813598633,2.998502492904663,-0.047997403889894485,10.084777101640295,
H02,46,1523958589202068669,876,505.0,4.0,fb_fail,510.7377624511719,8.538331985473633,2.9771041854721694,False,510.97151470184326,8.612187385559082,0.06484418904003814,True,S_only,0,3,not_accepted,completed_3_step_check,Unknown,Unknown,-5.839424133300781,5.805741310119629,3.258786201477051,-0.04405679926276207,,21.830068124769745
H02,46,1523958589202068669,878,339.0,505.0,border_fail,337.52032470703125,504.9481201171875,0.0016853883388042086,False,337.57956767082214,505.03416270017624,0.12170179090382359,False,neither,0,0,not_accepted,not_accepted,Unknown,Unknown,-5.244750022888184,5.238922119140625,2.9524359703063965,-0.03990927338600159,,
H02,47,1523958589251550233,160,417.5372314453125,132.2779998779297,ncc_fail,422.2680969238281,134.63818359375,0.010934463573363083,True,422.271337635574,134.63786720322383,0.03558420090384893,True,both,2,2,ncc_fail,ncc_fail,Unknown,Unknown,-7.49182458917215,7.455696172591871,3.780754550159891,-0.042093820644796553,10.510210240945705,10.51053487695796
H02,47,1523958589251550233,309,440.72210693359375,502.7174377441406,border_fail,438.6499328613281,504.4583435058594,0.06691887683997118,False,438.6839567269698,504.3330384571288,0.1619484829594854,False,neither,0,0,not_accepted,not_accepted,Unknown,Unknown,-5.719188487957592,5.714258092987936,3.1694172184409943,-0.044799627424212965,,
H02,47,1523958589251550233,646,149.35108947753906,114.6758041381836,ncc_fail,157.7024383544922,111.17990112304688,0.019765040255649756,True,157.24360648052948,111.24961053183138,0.3653722973447125,True,both,1,3,ncc_fail,completed_3_step_check,Unknown,Unknown,-7.457222082522231,7.39828517235758,3.577590279683394,-0.0918550238100006,9.028680118165356,27.674873172182817
H02,47,1523958589251550233,818,83.6009292602539,52.031246185302734,ncc_fail,95.078857421875,47.11741638183594,0.021832294640067352,True,94.46669444455414,46.79211398812424,0.014278778218842313,True,both,0,0,ncc_fail,ncc_fail,Unknown,Unknown,-6.284338266884812,6.26007862728506,3.4275615405229076,-0.1036117894105152,0.0,0.0
H02,47,1523958589251550233,880,29.0,7.0,forward_fail,nan,nan,nan,False,39.07573223114014,0.8434886932373047,0.13092813874543832,False,neither,0,0,not_accepted,not_accepted,Unknown,Unknown,-4.2387895584106445,4.17304801940918,3.0254602432250977,-0.09361010044813156,,
H02,47,1523958589251550233,881,133.0,4.0,fb_fail,146.94805908203125,-0.7321243286132812,1.2035286072202742,False,146.2778606414795,-0.15401363372802734,nan,False,neither,0,0,not_accepted,not_accepted,Unknown,Unknown,-4.969277858734131,4.8919196128845215,2.8908815383911133,-0.12943652272224426,,
H02,47,1523958589251550233,882,91.0,6.0,ncc_fail,103.99600982666016,0.44107532501220703,0.10449652350868069,False,104.27387046813965,0.9692063331604004,0.34870366739559644,False,neither,0,0,not_accepted,not_accepted,Unknown,Unknown,-4.619970321655273,4.5634284019470215,2.968038320541382,-0.12031597644090652,,
H02,47,1523958589251550233,884,2.0,312.0,ncc_fail,4.185847282409668,306.3442077636719,0.05829887826452983,False,4.313467025756836,306.2970805168152,0.21672776749072595,False,neither,0,0,not_accepted,not_accepted,Unknown,Unknown,-5.061981678009033,5.044498920440674,2.891246795654297,-0.04087136685848236,,
H02,47,1523958589251550233,885,507.0,4.0,ncc_fail,512.7130126953125,8.53359603881836,0.14929268093208073,True,512.9211120605469,8.439472198486328,0.07634956806710202,True,both,3,3,completed_3_step_check,completed_3_step_check,Unknown,Unknown,-5.868470191955566,5.837105751037598,3.2700207233428955,-0.04180198162794113,21.89379096756357,21.881993903217584
H02,47,1523958589251550233,886,337.0,505.0,border_fail,335.57177734375,504.8359375,0.0043840282814256145,False,335.625767827034,505.0342674739659,0.09638259974417038,False,neither,0,0,not_accepted,not_accepted,Unknown,Unknown,-5.318040370941162,5.315421104431152,2.9348692893981934,-0.04034794867038727,,
H02,47,1523958589251550233,889,2.0,259.0,ncc_fail,5.510702133178711,253.10098266601562,0.055788975968011856,False,5.5334532260894775,253.11514472961426,0.1794583710535115,False,neither,0,0,not_accepted,not_accepted,Unknown,Unknown,-5.522637844085693,5.507006645202637,2.979982376098633,-0.038940537720918655,,
H02,48,1523958589302823238,206,495.6435241699219,110.30559539794922,ncc_fail,499.9068908691406,114.49750518798828,0.0014658169692355258,True,500.0453726444987,114.2386525162959,0.03208054527391133,True,both,0,1,ncc_fail,ncc_fail,Unknown,Unknown,-6.627376477874018,6.599407688493397,3.4179833542074296,-0.038815180761318534,0.0,5.998372159169387
H02,48,1523958589302823238,791,409.2160339355469,385.4351501464844,ncc_fail,409.6069641113281,386.5185241699219,0.0008738904457566134,True,409.75967059522293,386.54239386029775,0.07985727801886272,True,both,3,3,completed_3_step_check,completed_3_step_check,Unknown,Unknown,-7.1132875246992615,7.087873888562268,3.632701272405562,-0.038885038661344434,3.539861161727574,3.5452303841270942
H02,48,1523958589302823238,860,83.55613708496094,8.281919479370117,fb_fail,96.060546875,1.7712230682373047,1.119418766091152,False,95.31828154619436,2.9753104480132064,0.15877693685668284,False,neither,0,0,not_accepted,not_accepted,Unknown,Unknown,-5.871365369664537,5.787284931738904,3.2663229799216245,-0.11408262629684444,,
H02,48,1523958589302823238,890,2.0,35.0,ncc_fail,11.548375129699707,28.205867767333984,0.520940720861068,True,9.548699378967285,28.437859058380127,0.21722914430458343,True,both,3,3,completed_3_step_check,completed_3_step_check,Unknown,Unknown,-5.268582820892334,5.23715877532959,2.748274803161621,-0.15202032029628754,35.009641929574066,35.012367974332484
H02,48,1523958589302823238,891,101.0,47.0,ncc_fail,112.73930358886719,42.436161041259766,0.07493725115032537,True,112.0764331817627,42.12533950805664,0.2515153149319617,True,both,3,1,completed_3_step_check,ncc_fail,Unknown,Unknown,-6.416537761688232,6.365219593048096,3.4719719886779785,-0.09941253811120987,34.03510160968482,11.94078513972892
H02,48,1523958589302823238,892,104.0,1.0,fb_fail,116.9543228149414,-5.351411819458008,1.1384187101490382,False,117.32233428955078,-3.880046844482422,nan,False,neither,0,0,not_accepted,not_accepted,Unknown,Unknown,-4.644582748413086,4.571561813354492,2.919843912124634,-0.10273740440607071,,
H02,48,1523958589302823238,894,4.0,306.0,ncc_fail,6.358075141906738,300.2814025878906,0.04726100973880849,False,6.509893417358398,300.35191011428833,0.24153580574496253,False,neither,0,0,not_accepted,not_accepted,Unknown,Unknown,-4.991783142089844,4.981548309326172,2.9723682403564453,-0.04734884202480316,,
H02,48,1523958589302823238,897,336.0,505.0,border_fail,334.61260986328125,504.8027038574219,0.0026678019257830006,False,334.67702186107635,504.9315604567528,0.0895265732139138,False,neither,0,0,not_accepted,not_accepted,Unknown,Unknown,-5.282285690307617,5.276960849761963,2.9366331100463867,-0.039311766624450684,,
H02,48,1523958589302823238,900,42.0,2.0,ncc_fail,52.37126541137695,-4.500062942504883,0.26409869112068646,False,52.02268600463867,-4.174830913543701,nan,False,neither,0,0,not_accepted,not_accepted,Unknown,Unknown,-4.950527191162109,4.858506202697754,3.2998757362365723,-0.08634412288665771,,
H02,49,1523958589352272026,256,308.4866027832031,122.73285675048828,ncc_fail,317.3199157714844,122.44273376464844,0.17516409299171426,True,314.4024348314649,122.86373557546378,0.12769749169107003,True,both,0,3,ncc_fail,completed_3_step_check,Unknown,Unknown,-6.609813646728256,6.603863217654959,3.259018174790095,-0.0699227538343882,0.0,28.31189610738015
H02,49,1523958589352272026,295,552.6737670898438,224.60467529296875,ncc_fail,554.4884643554688,228.94845581054688,0.005286240048591951,True,554.6143653974065,229.0760834381427,0.017483480318933448,True,both,3,0,completed_3_step_check,ncc_fail,Unknown,Unknown,-6.874959291433893,6.849115860578422,3.53024108337131,-0.036816475774458374,14.097811690930165,0.0
H02,49,1523958589352272026,325,556.3656005859375,209.69830322265625,ncc_fail,558.638671875,214.39598083496094,0.006527338289341905,True,558.5073093272478,214.31656297749177,0.0159009675602152,True,both,3,3,completed_3_step_check,completed_3_step_check,Unknown,Unknown,-7.223965504279814,7.208208236815974,3.686046787934119,-0.03775229461955515,15.773849306517508,15.766584741036825
H02,49,1523958589352272026,339,240.58135986328125,39.50748062133789,fb_fail,247.55859375,36.257118225097656,2.2922159217279265,False,248.5753890032832,38.50380519063689,0.31667071242352735,True,S_only,0,2,not_accepted,ncc_fail,Unknown,Unknown,-6.76820966413114,6.724938528270774,3.3637724094368204,-0.1021916804537372,,15.776039086636615
H02,49,1523958589352272026,777,173.96356201171875,9.41502571105957,border_fail,187.39111328125,6.1044816970825195,0.11726509303240178,False,186.53207033477415,6.380016553383412,0.9859874563442077,False,neither,0,0,not_accepted,not_accepted,Unknown,Unknown,-4.933014975703983,4.875359336237815,2.3404785820440637,-0.11527206270584173,,
H02,49,1523958589352272026,879,28.3582763671875,14.346628189086914,border_fail,38.728111267089844,7.522723197937012,0.36174113179108164,False,38.106822302852,8.095223932362934,0.16829439506189478,True,S_only,0,0,not_accepted,ncc_fail,Unknown,Unknown,-5.355099440833582,5.31141775291691,3.4462566120283435,-0.10490772401650378,,0.0
H02,49,1523958589352272026,887,302.2747802734375,82.14009857177734,fb_fail,312.7354431152344,81.7734603881836,3.086411201057582,False,308.95669099939323,82.2565017587709,0.08726033394008732,True,S_only,0,0,not_accepted,ncc_fail,Unknown,Unknown,-6.6684988111809975,6.594720575589243,3.1520097307767947,-0.07447835938249786,,0.0
H02,49,1523958589352272026,903,110.0,43.0,ncc_fail,121.63310241699219,38.63372802734375,0.08213412626031824,True,121.25930213928223,38.22993850708008,0.18433909760629205,True,both,3,3,completed_3_step_check,completed_3_step_check,Unknown,Unknown,-6.836071968078613,6.770352363586426,3.673273801803589,-0.10885629057884216,33.16222220897209,33.78873451186999
H02,49,1523958589352272026,904,1.0,195.0,ncc_fail,5.916317939758301,188.71469116210938,0.26175168215100897,False,6.09726619720459,188.7942295074463,0.08311587517102242,False,neither,0,0,not_accepted,not_accepted,Unknown,Unknown,-5.40065860748291,5.3832902908325195,3.0977110862731934,-0.06347876787185669,,
H02,49,1523958589352272026,906,335.0,505.0,border_fail,333.5688781738281,504.7506103515625,0.00878932740554016,False,333.5785640478134,504.8879304751754,0.07794064693241791,False,neither,0,0,not_accepted,not_accepted,Unknown,Unknown,-5.414968967437744,5.4153337478637695,2.9842517375946045,-0.04047679901123047,,
H02,50,1523958589401586828,32,460.0343933105469,503.2533264160156,border_fail,457.88580322265625,505.2277526855469,0.08053617199106747,False,457.7870709952768,505.11873420579616,0.07807773574291263,False,neither,0,0,not_accepted,not_accepted,Unknown,Unknown,-5.835158899380352,5.834617940110243,3.3874479365726566,-0.05513128121527906,,
H02,50,1523958589401586828,149,316.349365234375,99.71114349365234,fb_fail,325.4152526855469,99.44096374511719,0.05253839778213756,True,322.74253922282475,100.06116791698658,0.3783659184967047,True,both,0,3,ncc_fail,completed_3_step_check,Unknown,Unknown,-6.942585400891501,6.8738624306617355,3.218545907892772,-0.08090351393803628,0.0,29.93598493166585
H02,50,1523958589401586828,346,267.60650634765625,47.370121002197266,fb_fail,276.52008056640625,45.09618377685547,1.9309580108489082,False,275.19841436475957,46.896813648671085,0.18872264843764355,True,S_only,0,0,not_accepted,ncc_fail,Unknown,Unknown,-6.51533918274169,6.465916427034139,3.1286006613102693,-0.0874066233606199,,0.0
H02,50,1523958589401586828,632,98.39912414550781,245.8783721923828,ncc_fail,102.7010726928711,241.4736785888672,0.004495442289388767,True,102.57410687269652,241.37894123255901,0.022285900409169314,True,both,3,3,completed_3_step_check,completed_3_step_check,Unknown,Unknown,-6.7564084060018175,6.734086913035264,3.4955990089549576,-0.04218241059054447,18.990019027832673,19.0044048641178
H02,50,1523958589401586828,693,325.1335754394531,12.636248588562012,ncc_fail,332.5970153808594,13.473369598388672,0.08503945881487207,True,332.5936850587705,13.575450219236549,0.054750037879673086,True,both,3,3,completed_3_step_check,completed_3_step_check,Unknown,Unknown,-6.652286256050738,6.611858882490013,3.48736523443918,-0.06043284488214974,23.021964235272602,23.014749014437037
H02,50,1523958589401586828,786,430.5650634765625,454.3856201171875,ncc_fail,429.47607421875,455.65765380859375,0.0040247352136863635,True,429.49008463582214,455.78355605441305,0.055573429326239814,True,both,3,3,completed_3_step_check,completed_3_step_check,Unknown,Unknown,-6.721363350930659,6.700695745879159,3.4685652858263616,-0.039496284077975286,5.048433692399988,5.03875221047128
H02,50,1523958589401586828,789,161.2542266845703,8.870170593261719,border_fail,175.08155822753906,5.112565040588379,0.07897113272338958,False,175.08073298877827,5.044928636191365,0.2974192496033876,False,neither,0,0,not_accepted,not_accepted,Unknown,Unknown,-6.542615858105959,6.479486742384519,3.627194686364944,-0.12423449349766932,,
H02,50,1523958589401586828,804,130.05601501464844,11.499649047851562,border_fail,143.61097717285156,6.642309188842773,0.1384427582172398,False,142.91811063058995,7.075346528006622,0.19254520729217378,False,neither,0,0,not_accepted,not_accepted,Unknown,Unknown,-6.134648145320438,6.017619419940742,3.378642801832675,-0.11261315504603393,,
H02,50,1523958589401586828,910,39.0,8.0,ncc_fail,49.67866516113281,1.553614616394043,0.5206898074356459,False,49.76183223724365,1.7814664840698242,0.21236872819331737,False,neither,0,0,not_accepted,not_accepted,Unknown,Unknown,-5.73783540725708,5.64035177230835,3.2749991416931152,-0.0952533632516861,,
H02,50,1523958589401586828,912,2.0,118.0,ncc_fail,7.881741523742676,111.77217102050781,0.4216389130963639,False,8.306971073150635,111.7249698638916,0.11279246366357089,True,S_only,0,3,not_accepted,completed_3_step_check,Unknown,Unknown,-5.86386775970459,5.836404800415039,3.2010254859924316,-0.05042954161763191,,26.41456944359547
H02,50,1523958589401586828,913,334.0,505.0,border_fail,332.4943542480469,504.7090759277344,0.017271897786089004,False,332.6242082118988,504.8561084717512,0.07765523009756987,False,neither,0,0,not_accepted,not_accepted,Unknown,Unknown,-5.308921813964844,5.310265064239502,2.9390478134155273,-0.0390237495303154,,
H02,50,1523958589401586828,916,431.0,4.0,ncc_fail,437.80181884765625,7.2667670249938965,0.0901060296098171,False,437.7978239059448,7.065865516662598,0.09754763623732171,False,neither,0,0,not_accepted,not_accepted,Unknown,Unknown,-5.967365264892578,5.932682037353516,3.307765007019043,-0.04407082870602608,,
H02,51,1523958589451511402,170,355.42486572265625,139.52723693847656,ncc_fail,361.0921936035156,140.483154296875,0.0053596591609992765,True,360.93664783545387,140.41065402378638,0.07573857850678986,True,both,3,3,completed_3_step_check,completed_3_step_check,Unknown,Unknown,-7.949725365117259,7.924642170499423,3.9882343693847315,-0.052752434184551236,17.378536806657912,17.377405988670883
H02,51,1523958589451511402,190,196.62716674804688,208.4952850341797,ncc_fail,203.29959106445312,205.54946899414062,0.025421389868221546,True,202.6797452363679,205.55306473381935,0.049590508583672116,True,both,3,3,completed_3_step_check,completed_3_step_check,Unknown,Unknown,-6.618220942206,6.593633751995924,3.2008442799509433,-0.05315719780486922,21.727869405078998,21.788087507752607
H02,51,1523958589451511402,468,301.74578857421875,56.698848724365234,ncc_fail,310.6197814941406,55.62705612182617,0.1880541853133566,True,308.9297750100526,56.83187968889123,0.09880734309852252,True,both,0,0,ncc_fail,ncc_fail,Unknown,Unknown,-6.811300366647817,6.734390687839855,3.286703883994532,-0.07562030417692489,0.0,0.0
H02,51,1523958589451511402,920,144.0,6.0,ncc_fail,157.9119873046875,1.3764686584472656,0.43367585541062087,False,157.57615089416504,1.9480299949645996,1.0636550231482644,False,neither,0,0,not_accepted,not_accepted,Unknown,Unknown,-6.038038730621338,5.927816390991211,3.4052717685699463,-0.09634678065776825,,
H02,51,1523958589451511402,921,48.0,1.0,fb_fail,58.944793701171875,-5.913965225219727,0.6224846263641677,False,58.33138465881348,-4.856259346008301,nan,False,neither,0,0,not_accepted,not_accepted,Unknown,Unknown,-5.479419708251953,5.3928751945495605,3.205018997192383,-0.08184376358985901,,
H02,51,1523958589451511402,922,162.0,7.0,ncc_fail,176.1632843017578,3.2610836029052734,0.25715799718388976,False,175.9896059036255,3.362701416015625,0.19249715828333006,False,neither,0,0,not_accepted,not_accepted,Unknown,Unknown,-6.242305755615234,6.161912441253662,3.6606943607330322,-0.10083433985710144,,
H02,51,1523958589451511402,924,455.0,503.0,border_fail,452.8719177246094,504.845458984375,0.09546316971835533,False,452.78279399871826,504.91574347019196,0.07440896820883597,False,neither,0,0,not_accepted,not_accepted,Unknown,Unknown,-5.705666542053223,5.7043137550354,3.2836077213287354,-0.04942304641008377,,
H02,51,1523958589451511402,925,2.0,219.0,ncc_fail,6.404419898986816,212.73361206054688,0.4035003464481648,False,6.607080459594727,212.86552047729492,0.16615013978369703,False,neither,0,0,not_accepted,not_accepted,Unknown,Unknown,-5.5283660888671875,5.509748458862305,3.1021971702575684,-0.04758375510573387,,
H02,51,1523958589451511402,928,331.0,505.0,border_fail,329.575927734375,504.6432189941406,0.020516575348945493,False,329.6750235557556,504.8014985471964,0.08548863011060581,False,neither,0,0,not_accepted,not_accepted,Unknown,Unknown,-5.374333381652832,5.37275505065918,2.985063076019287,-0.03878679499030113,,
H02,52,1523958589502255961,196,329.4590759277344,199.43203735351562,ncc_fail,334.15673828125,199.59825134277344,0.0032233266422145735,True,334.2838645292419,199.57927366910639,0.0410605892966645,True,both,3,3,completed_3_step_check,completed_3_step_check,Unknown,Unknown,-7.129545851874057,7.108112839038036,3.6518544549003122,-0.04097169280911638,13.458325275697161,13.452288748334881
H02,52,1523958589502255961,220,474.7435607910156,502.1474609375,border_fail,472.61181640625,504.1428527832031,0.07040619567863919,False,472.59275824711636,504.1035979732105,0.07358731358437082,False,neither,0,0,not_accepted,not_accepted,Unknown,Unknown,-5.972443409431776,5.968942546370215,3.301881458013739,-0.05045112735758328,,
H02,52,1523958589502255961,853,94.43621063232422,10.53573226928711,border_fail,106.80846405029297,5.19447135925293,1.0222317955844606,False,105.79735348835865,5.5124576549715485,0.2508025897407042,False,neither,0,0,not_accepted,not_accepted,Unknown,Unknown,-6.131744327647901,6.039430632317242,3.4961540390618495,-0.11849381779876622,,
H02,52,1523958589502255961,902,41.01690673828125,8.444016456604004,ncc_fail,51.00278854370117,1.343897819519043,0.8601753707670335,False,49.786865669709066,2.7237688473179027,0.18006480819833637,False,neither,0,0,not_accepted,not_accepted,Unknown,Unknown,-4.218902630428056,4.181958841659478,2.310284487683349,-0.12844848096435452,,
H02,52,1523958589502255961,932,158.0,1.0,ncc_fail,172.4729766845703,-3.387514114379883,0.7910020781239541,False,171.01358890533447,-2.590791702270508,nan,False,neither,0,0,not_accepted,not_accepted,Unknown,Unknown,-4.641593933105469,4.576144218444824,2.6945412158966064,-0.08808865398168564,,
H02,52,1523958589502255961,933,176.0,1.0,ncc_fail,190.47549438476562,-2.1661205291748047,0.30586736098943695,False,190.0986032485962,-2.1731624603271484,nan,False,neither,0,0,not_accepted,not_accepted,Unknown,Unknown,-5.479342460632324,5.41054105758667,3.38303804397583,-0.09202656149864197,,
H02,52,1523958589502255961,935,453.0,505.0,ncc_fail,450.9237365722656,506.79656982421875,0.018788223247858102,False,450.9648857116699,506.6018044948578,0.08629256367384582,False,neither,0,0,not_accepted,not_accepted,Unknown,Unknown,-6.038820743560791,6.037132740020752,3.2736523151397705,-0.044866349548101425,,
H02,53,1523958589550346500,72,443.46630859375,440.4726867675781,ncc_fail,442.5609436035156,442.1636962890625,0.0023922744869709486,True,442.6043774818155,442.1313371365684,0.03418084180617362,True,both,2,3,ncc_fail,completed_3_step_check,Unknown,Unknown,-6.789554872079002,6.7691956814374805,3.48883039538779,-0.03679307845385976,3.9080728688378477,6.007973184652292
H02,53,1523958589550346500,91,342.4266357421875,71.69007110595703,ncc_fail,350.1963806152344,72.60040283203125,0.17328895053428453,True,349.3463385352921,72.81802476177734,0.05664711009852441,True,both,0,0,fb_fail,fb_fail,Unknown,Unknown,-6.425309900407871,6.323896475471512,3.000161429347325,-0.07027390575550312,0.0,0.0
H02,53,1523958589550346500,107,465.6011047363281,399.4588928222656,ncc_fail,465.3796691894531,401.5715026855469,0.0007143981879101334,True,465.3485778915249,401.6388702655138,0.04214448193861043,True,both,3,3,completed_3_step_check,completed_3_step_check,Unknown,Unknown,-6.341256926684365,6.320352707294879,3.355779622952345,-0.037186659682641024,6.579154387379907,6.609169238570595
H02,53,1523958589550346500,147,496.2445373535156,123.56716918945312,ncc_fail,500.6082763671875,127.57803344726562,0.029470327625338532,True,500.59373374292574,127.61595061168805,0.03993906699076847,True,both,3,3,completed_3_step_check,completed_3_step_check,Unknown,Unknown,-7.29381546596813,7.275990317836579,3.693387493462426,-0.04054876439556452,17.191304029179452,17.194510995308033
H02,53,1523958589550346500,746,470.63134765625,113.0758285522461,ncc_fail,475.4778137207031,116.56133270263672,0.012253636561342384,True,475.4716898987461,116.63483893477427,0.00439227545613023,True,both,3,3,completed_3_step_check,completed_3_step_check,Unknown,Unknown,-7.455487650519265,7.43624463402689,3.7760833738775252,-0.04104662389699494,17.234646465597177,17.236685331961265
H02,53,1523958589550346500,844,467.88299560546875,439.47705078125,ncc_fail,466.8115234375,441.5286865234375,0.0014248800695713809,True,466.82138578436087,441.5778170114865,0.05627544318961986,True,both,3,3,completed_3_step_check,completed_3_step_check,Unknown,Unknown,-6.815202939483882,6.792497609889637,3.509315724399464,-0.037244965702289856,7.276678838226307,7.292308465523714
H02,53,1523958589550346500,854,129.90182495117188,11.208431243896484,border_fail,142.46316528320312,6.500731468200684,0.7205871372897,False,141.76285859099997,7.059002216161117,0.2799650445706319,False,neither,0,0,not_accepted,not_accepted,Unknown,Unknown,-6.021659643555919,5.9317032243165935,3.687730885388476,-0.1255413927734341,,
H02,53,1523958589550346500,941,169.0,10.0,border_fail,182.6372833251953,6.572752952575684,0.44929064296941684,False,182.12646102905273,6.716521501541138,0.10256183455912225,False,neither,0,0,not_accepted,not_accepted,Unknown,Unknown,-6.0758466720581055,5.956185340881348,3.4986495971679688,-0.09740059077739716,,
H02,53,1523958589550346500,942,186.0,3.0,ncc_fail,200.0695037841797,-0.36756134033203125,0.5346361951426001,False,200.07802772521973,0.06105852127075195,0.11475241853258336,False,neither,0,0,not_accepted,not_accepted,Unknown,Unknown,-5.839358329772949,5.776726722717285,3.5193748474121094,-0.08300299942493439,,
H02,53,1523958589550346500,943,51.0,3.0,forward_fail,nan,nan,nan,False,59.92233943939209,-2.680086135864258,nan,False,neither,0,0,not_accepted,not_accepted,Unknown,Unknown,-4.995311737060547,4.9342546463012695,3.1486072540283203,-0.07567837834358215,,
H02,53,1523958589550346500,944,451.0,506.0,ncc_fail,448.7901916503906,507.8657531738281,0.08966703242845693,False,448.8972568511963,507.69380831718445,0.05612809799638969,False,neither,0,0,not_accepted,not_accepted,Unknown,Unknown,-5.7781195640563965,5.775638580322266,3.1851308345794678,-0.044713228940963745,,
H02,53,1523958589550346500,946,3.0,88.0,backward_fail,10.05020809173584,81.59943389892578,nan,False,9.978053092956543,81.59427452087402,0.1759203977615328,True,S_only,0,3,not_accepted,completed_3_step_check,Unknown,Unknown,-5.3292951583862305,5.304695129394531,3.1933412551879883,-0.07118324935436249,,29.127959481702565
H02,53,1523958589550346500,947,105.0,5.0,forward_fail,nan,nan,nan,False,116.50080013275146,0.2033710479736328,0.28276864146802416,False,neither,0,0,not_accepted,not_accepted,Unknown,Unknown,-5.643091201782227,5.588407516479492,3.3782925605773926,-0.10260413587093353,,
H02,54,1523958589602645006,542,493.4197082519531,196.32850646972656,ncc_fail,496.7012939453125,200.12603759765625,0.033723529069763204,True,496.47202721147744,200.00557331717874,0.03452031412536047,True,both,3,3,completed_3_step_check,completed_3_step_check,Unknown,Unknown,-7.375942947880309,7.3499231971576835,3.6974065232575026,-0.042245909040036944,14.677869213967114,14.734432115904797
H02,54,1523958589602645006,640,362.35498046875,104.72817993164062,ncc_fail,371.35394287109375,106.15424346923828,0.30544545818165686,True,368.59088415034614,106.04024818095604,0.13237366053811356,True,both,0,0,ncc_fail,ncc_fail,Unknown,Unknown,-7.087202298275869,7.055992877491043,3.4107698273266855,-0.07670179402251909,0.0,0.0
H02,54,1523958589602645006,657,630.6167602539062,191.61126708984375,border_fail,632.6097412109375,198.0703125,0.04368006873335426,False,632.468543076076,197.721163259167,0.06402219763241886,False,neither,0,0,not_accepted,not_accepted,Unknown,Unknown,-5.414743526398317,5.401954162750126,3.1320126454929786,-0.0472574367970532,,
H02,54,1523958589602645006,759,248.2318572998047,41.665828704833984,ncc_fail,261.69293212890625,40.401336669921875,0.006501860260980653,True,261.6240227285916,40.034907760136086,0.19918260567729779,True,both,3,3,completed_3_step_check,completed_3_step_check,Unknown,Unknown,-8.102553930287367,8.04616984359017,4.149594722581959,-0.13361792565539146,39.5696407500876,39.62351922066404
H02,54,1523958589602645006,874,83.05215454101562,10.120504379272461,border_fail,93.87699127197266,4.685114860534668,0.3768560860740203,False,92.48712030851735,5.196745239870814,0.14352018058799682,False,neither,0,0,not_accepted,not_accepted,Unknown,Unknown,-5.9525876064353636,5.877070129257633,2.9041063460449754,-0.09690222531985818,,
H02,54,1523958589602645006,877,232.56143188476562,8.762933731079102,border_fail,246.5850372314453,7.124420166015625,0.18432651909146544,False,246.6840651075284,6.864596492202464,0.21627721143661113,False,neither,0,0,not_accepted,not_accepted,Unknown,Unknown,-6.562992523978362,6.49814023401418,3.6803706141700863,-0.13562863579636775,,
H02,54,1523958589602645006,915,287.156005859375,232.29818725585938,ncc_fail,291.49755859375,231.60516357421875,0.004688025484830443,True,291.68645142463623,231.5564355899291,0.04914621341284798,True,both,3,3,completed_3_step_check,completed_3_step_check,Unknown,Unknown,-6.922344654987565,6.89619679443884,3.565975915637102,-0.04273031129638932,12.62728066687997,12.655682652790698
H02,54,1523958589602645006,919,144.4348602294922,296.5189514160156,ncc_fail,147.6495819091797,293.1033020019531,0.002850291151621966,True,147.73722705740946,293.10876475494825,0.04811593334368502,True,both,1,1,ncc_fail,ncc_fail,Unknown,Unknown,-6.19961422851363,6.1742852323234185,3.282558045413447,-0.03720142521555276,4.768552901264546,4.785875290203814
H02,54,1523958589602645006,948,183.0,7.0,ncc_fail,196.4710693359375,4.041025161743164,0.43922942442539803,False,196.77171897888184,4.122721433639526,0.1277099775053313,False,neither,0,0,not_accepted,not_accepted,Unknown,Unknown,-5.216027736663818,5.122417449951172,3.2462844848632812,-0.07134027779102325,,
H02,54,1523958589602645006,951,449.0,508.0,ncc_fail,446.71441650390625,509.88568115234375,0.056144597721717385,False,446.83675479888916,509.7639470100403,0.1151708112081099,False,neither,0,0,not_accepted,not_accepted,Unknown,Unknown,-5.582934856414795,5.576770305633545,3.2464938163757324,-0.04815824329853058,,
H02,54,1523958589602645006,954,150.0,10.0,border_fail,162.8600311279297,6.305567741394043,0.749007542068899,False,162.54051113128662,6.478853940963745,0.28257976797049045,False,neither,0,0,not_accepted,not_accepted,Unknown,Unknown,-5.366220951080322,5.268324851989746,3.3198556900024414,-0.11592668294906616,,
H02,54,1523958589602645006,955,100.0,3.0,ncc_fail,111.14628601074219,-2.684541702270508,0.8704899106761218,False,110.67294216156006,-1.756558895111084,nan,False,neither,0,0,not_accepted,not_accepted,Unknown,Unknown,-5.784678936004639,5.725685119628906,2.9120590686798096,-0.09303012490272522,,
H02,54,1523958589602645006,957,355.0,76.0,fb_fail,365.56829833984375,77.6205062866211,0.4665412382409243,True,361.82720279693604,77.23610377311707,0.16883371330165164,True,both,0,0,fb_fail,fb_fail,Unknown,Unknown,-6.848034858703613,6.783821105957031,3.251668691635132,-0.08262268453836441,0.0,0.0
H02,55,1523958589652797718,599,541.6277465820312,129.55081176757812,ncc_fail,545.4204711914062,134.396484375,0.014094529498296659,True,545.33543654235,134.4771358584071,0.052457095470104825,True,both,3,3,completed_3_step_check,completed_3_step_check,Unknown,Unknown,-6.87981878102608,6.843726876266506,3.5202903459970223,-0.03905069981394942,17.893104684925138,17.889902459181013
H02,55,1523958589652797718,914,114.66111755371094,280.5146179199219,ncc_fail,118.29397583007812,276.4403076171875,0.0020599365234375,True,118.17050118845101,276.4215913301385,0.005142554754629919,True,both,3,3,completed_3_step_check,completed_3_step_check,Unknown,Unknown,-6.5127234307435575,6.48978851146023,3.3939324536730844,-0.039430838673903235,16.091138542809347,16.093001114819785
H02,55,1523958589652797718,958,93.4010238647461,104.21110534667969,ncc_fail,101.17816162109375,99.49998474121094,0.029690283602478832,True,100.88291716338588,99.49198791632078,0.07534834629870567,True,both,3,3,completed_3_step_check,completed_3_step_check,Unknown,Unknown,-7.222077986251256,7.188487323445559,3.649593947749053,-0.05438805424947404,25.222174306483215,25.208438733839294
H02,55,1523958589652797718,961,191.0,6.0,ncc_fail,204.3794708251953,3.51422119140625,0.2974043749078104,False,204.20693492889404,3.6259469985961914,0.6366269678963665,False,neither,0,0,not_accepted,not_accepted,Unknown,Unknown,-4.9607086181640625,4.878814697265625,2.69350528717041,-0.08459118008613586,,
H02,55,1523958589652797718,964,446.0,509.0,ncc_fail,443.9102478027344,510.6184387207031,0.16179208843273812,False,443.6099226474762,510.70596063137054,0.07813870647747813,False,neither,0,0,not_accepted,not_accepted,Unknown,Unknown,-5.193486213684082,5.181234836578369,3.1632683277130127,-0.04994560405611992,,
H02,56,1523958589701614235,44,359.7479248046875,72.97866821289062,fb_fail,370.5728759765625,73.96638488769531,0.12764825239803726,True,367.11294586002947,74.40454755864955,3.0669668338917644,False,C_only,3,0,completed_3_step_check,not_accepted,Unknown,Unknown,-6.266747441493026,6.202431158401602,2.8321176146116365,-0.10461443817903843,29.39423671543166,
H02,56,1523958589701614235,834,158.68727111816406,10.562297821044922,border_fail,170.594482421875,7.081181049346924,0.13842833999944085,False,171.29171665895103,7.041486926924616,0.0412889203141284,False,neither,0,0,not_accepted,not_accepted,Unknown,Unknown,-5.88289606419698,5.802835028191234,3.3838698415240382,-0.09822454825146129,,
H02,56,1523958589701614235,875,131.181640625,10.57853889465332,border_fail,143.0940399169922,6.49685001373291,0.09071254745765092,False,143.41947067995122,6.451139693503489,0.24345569078700305,False,neither,0,0,not_accepted,not_accepted,Unknown,Unknown,-5.725011245765836,5.671064802717259,2.9808530317123516,-0.10781781492549844,,
H02,56,1523958589701614235,965,100.99359893798828,12.188220977783203,border_fail,110.94038391113281,7.546989440917969,0.482258585923007,False,109.95988496547761,7.750259849831458,0.47011184396902833,False,neither,0,0,not_accepted,not_accepted,Unknown,Unknown,-5.02325264058369,4.965814715451394,2.4433024662575225,-0.11013077207383079,,
H02,56,1523958589701614235,967,151.343505859375,289.62725830078125,ncc_fail,154.62481689453125,286.36871337890625,0.0014671466527174523,True,154.66116024729396,286.2902305930001,0.04220460970863943,True,both,3,3,completed_3_step_check,completed_3_step_check,Unknown,Unknown,-6.2253229166519475,6.200043275397725,3.2834439129566775,-0.03788849308159248,13.429876083541766,13.430873151241896
H02,56,1523958589701614235,974,205.0,3.0,ncc_fail,217.39065551757812,1.2247657775878906,0.641513320125077,False,217.24963760375977,0.9668440818786621,0.02559076670356141,False,neither,0,0,not_accepted,not_accepted,Unknown,Unknown,-5.500565052032471,5.387828826904297,2.9523589611053467,-0.09749735891819,,
H02,56,1523958589701614235,975,122.0,507.0,ncc_fail,120.46427917480469,503.6846618652344,0.0875582586343093,True,120.25696659088135,503.6998872756958,0.11097124832996651,True,both,3,3,completed_3_step_check,completed_3_step_check,Unknown,Unknown,-4.251877784729004,4.240606784820557,2.951441764831543,-0.05643956735730171,10.600231568044013,10.61157918267192
H02,56,1523958589701614235,977,496.0,2.0,ncc_fail,502.34686279296875,6.580450057983398,0.3433764220835183,False,502.3892078399658,6.63933801651001,0.038360685341378986,False,neither,0,0,not_accepted,not_accepted,Unknown,Unknown,-5.818426609039307,5.7822747230529785,3.2236409187316895,-0.04582751914858818,,
H02,57,1523958589753294426,76,389.50140380859375,98.14066314697266,ncc_fail,399.0196228027344,100.08613586425781,0.07828573143670033,True,395.5127860535146,100.23195185387272,0.23619963346891387,True,both,0,2,ncc_fail,ncc_fail,Unknown,Unknown,-6.513696109163334,6.467218247052832,3.0490708745872106,-0.08559427348622059,0.0,18.396910925603784
H02,57,1523958589753294426,195,420.60382080078125,147.82388305664062,ncc_fail,425.3201904296875,150.08570861816406,0.014448486047603166,True,425.344453080511,150.20246969152066,0.10284040578199202,True,both,3,3,completed_3_step_check,completed_3_step_check,Unknown,Unknown,-7.701966296093481,7.677316203271769,3.8792696257679338,-0.04680779532252143,15.015722056740632,14.999661024117781
H02,57,1523958589753294426,321,378.2251281738281,128.12803649902344,ncc_fail,386.2696533203125,129.80508422851562,0.1200498454188067,True,383.91597158510524,129.80629716694264,0.23798733044218676,True,both,0,1,fb_fail,ncc_fail,Unknown,Unknown,-7.069496185976298,7.056047839338719,3.3930434559994604,-0.07274222914311934,0.0,8.607958610047728
H02,57,1523958589753294426,609,205.51339721679688,261.56646728515625,ncc_fail,209.33673095703125,259.3454895019531,0.005783624548020397,True,209.414499295525,259.2830603346527,0.03779917315710589,True,both,3,3,completed_3_step_check,completed_3_step_check,Unknown,Unknown,-6.864215117364071,6.845393206907949,3.532067824226961,-0.04063337510321794,12.211529688570579,12.220719991800065
H02,57,1523958589753294426,909,319.4075012207031,324.5791931152344,ncc_fail,321.6202087402344,324.1464538574219,0.027665173470296095,True,321.6683222267524,324.2657518329674,0.08234376871426315,True,both,3,3,completed_3_step_check,completed_3_step_check,Unknown,Unknown,-6.9734780372825576,6.950327039337885,3.599665539067134,-0.044074761530256475,6.027431745127886,6.0276521497976825
H02,57,1523958589753294426,917,471.5211181640625,149.39549255371094,ncc_fail,475.5766296386719,152.66287231445312,0.006617196914008604,True,475.63300054280654,152.8980299582262,0.044529359924677436,True,both,3,3,completed_3_step_check,completed_3_step_check,Unknown,Unknown,-7.530275518703831,7.509988970458141,3.8113223685200004,-0.04074261888099293,14.87214061069926,14.870219486916266
H02,57,1523958589753294426,979,225.0,5.0,ncc_fail,237.14291381835938,3.655019760131836,0.3082086483332023,False,237.39048671722412,3.3684688806533813,0.26657010957828425,False,neither,0,0,not_accepted,not_accepted,Unknown,Unknown,-5.666810035705566,5.5437774658203125,3.0365335941314697,-0.11202526092529297,,
H02,57,1523958589753294426,982,401.0,1.0,ncc_fail,408.1888427734375,3.800534248352051,0.2969795670768379,False,408.2334609031677,3.8347508907318115,0.05813733654478408,False,neither,0,0,not_accepted,not_accepted,Unknown,Unknown,-6.017455577850342,5.981822490692139,3.2205498218536377,-0.04947410896420479,,
H02,57,1523958589753294426,986,1.0,187.0,fb_fail,5.977574348449707,180.6038360595703,0.675554532329007,False,5.855566501617432,180.71638202667236,0.18121235152518195,False,neither,0,0,not_accepted,not_accepted,Unknown,Unknown,-4.871872901916504,4.854115009307861,2.9002695083618164,-0.05516864359378815,,
H02,58,1523958589803381398,245,284.6231689453125,253.44830322265625,ncc_fail,288.3712463378906,252.8188934326172,0.00461421340840283,True,288.3180500880479,252.7463593421774,0.038579017453737985,True,both,3,3,completed_3_step_check,completed_3_step_check,Unknown,Unknown,-7.1005747004786635,7.079035654064924,3.6261568970409517,-0.04126788390828462,9.825543274996217,9.816708695312524
H02,58,1523958589803381398,987,234.0,2.0,ncc_fail,244.65301513671875,0.7611427307128906,0.40510654490660025,False,245.8930425643921,1.0080420970916748,0.32186778186330267,False,neither,0,0,not_accepted,not_accepted,Unknown,Unknown,-5.920336723327637,5.79237174987793,3.3076584339141846,-0.08296773582696915,,
H02,59,1523958589852514425,59,391.45770263671875,132.6077880859375,fb_fail,398.35186767578125,134.81832885742188,0.04130580973881897,True,396.4891533247187,134.48103147885334,0.21546640665934172,True,both,2,2,ncc_fail,ncc_fail,Unknown,Unknown,-6.8432190372500585,6.830075735368304,3.331435641681061,-0.06838908268590194,13.016914111508067,13.911529753065079
H02,59,1523958589852514425,151,372.9408874511719,45.85820388793945,fb_fail,382.2445068359375,47.3024787902832,0.12481080975425826,True,379.29951469890113,47.86964694569593,0.025746017916481914,True,both,0,0,ncc_fail,ncc_fail,Unknown,Unknown,-7.217612421845712,7.146960304273948,3.4250397901464833,-0.09105674455377906,0.0,0.0
H02,59,1523958589852514425,171,393.25140380859375,63.54075622558594,ncc_fail,400.5179443359375,64.75848388671875,0.05988251465508263,True,399.1428390286242,65.84326914820807,0.053807740339147,True,both,0,0,ncc_fail,ncc_fail,Unknown,Unknown,-7.047100544842341,6.976183615178561,3.323283395312913,-0.08867103296062184,0.0,0.0
H02,59,1523958589852514425,520,579.4948120117188,300.7355651855469,ncc_fail,579.6343383789062,305.4187927246094,0.0023114925071410033,True,579.6997225225764,305.3908283373286,0.04939223225029527,True,both,3,3,completed_3_step_check,completed_3_step_check,Unknown,Unknown,-6.963212906968458,6.936053912522532,3.5693224260810057,-0.03544358906256428,12.392955535488024,12.390288449876548
H02,59,1523958589852514425,978,389.24517822265625,483.5260009765625,ncc_fail,387.5495300292969,484.3479309082031,0.0048862445213929285,True,387.75783995035096,484.330537329195,0.021321623049584567,True,both,3,3,completed_3_step_check,completed_3_step_check,Unknown,Unknown,-6.1185824141400715,6.10327788227497,3.4200072172529428,-0.05470121396138611,5.22731265926964,5.166229628526524
H02,60,1523958589902020399,6,432.61572265625,285.5526428222656,ncc_fail,434.44244384765625,287.420654296875,0.002413205349544582,True,434.43861820224606,287.4655505396148,0.05851004256562506,True,both,3,3,completed_3_step_check,completed_3_step_check,Unknown,Unknown,-6.436267288524505,6.420898498943004,3.3636499691156523,-0.03439085131809205,6.790025679568134,6.798551303884718
H02,60,1523958589902020399,86,394.9880065917969,136.57467651367188,ncc_fail,401.1747131347656,138.61474609375,0.11445262798162352,True,399.5647711695055,138.52316706105992,0.03523034417033963,True,both,3,3,completed_3_step_check,completed_3_step_check,Unknown,Unknown,-7.074279896414082,7.04965393641044,3.4077158258671676,-0.06853098665975633,17.1925397336787,17.609696452749745
H02,60,1523958589902020399,715,469.65802001953125,147.40057373046875,ncc_fail,473.2778625488281,150.57737731933594,0.001967614785133651,True,473.2585907845893,150.60375273840714,0.04220100319305295,True,both,3,3,completed_3_step_check,completed_3_step_check,Unknown,Unknown,-7.4918096848429165,7.466373978372978,3.791874959104435,-0.03800316939096714,12.415616106828164,12.41257448011075
H02,60,1523958589902020399,752,180.40660095214844,146.7335968017578,ncc_fail,186.74835205078125,144.2067108154297,0.019961762233948188,True,186.25670446721466,144.34089225834876,0.08241562435304305,True,both,3,3,completed_3_step_check,completed_3_step_check,Unknown,Unknown,-7.599493567382736,7.5771823588453335,3.6315473282941952,-0.0669592782723659,17.436527699590442,17.361044351788603
H02,60,1523958589902020399,939,77.72578430175781,214.5657196044922,ncc_fail,82.06472778320312,210.40872192382812,0.004670410993768404,True,81.92512710443624,210.4838637375513,0.04846316639716464,True,both,3,3,completed_3_step_check,completed_3_step_check,Unknown,Unknown,-6.405442727016238,6.388125942922141,3.348500050459964,-0.040077633627146086,15.587543565956242,15.58350373744209
H02,60,1523958589902020399,980,334.1759338378906,96.50106048583984,ncc_fail,341.6929931640625,97.3818588256836,0.03650264100101168,True,341.2137888482133,97.26118065394336,0.23495403405586954,True,both,2,3,ncc_fail,completed_3_step_check,Unknown,Unknown,-8.10458114537208,8.066697997377908,3.6443492561156305,-0.10197409248630106,13.042539248495238,18.755779425870738
H02,60,1523958589902020399,998,383.0,5.0,border_fail,389.4602355957031,7.274019241333008,0.16922979047154513,False,389.8800325393677,7.294719696044922,0.26549706250782745,False,neither,0,0,not_accepted,not_accepted,Unknown,Unknown,-6.71904182434082,6.6563873291015625,3.6406378746032715,-0.06482481956481934,,
H02,61,1523958589951713203,201,422.2579650878906,503.0155334472656,border_fail,420.3557434082031,504.3764953613281,0.021277471764328062,False,420.22281000761933,504.384786678595,0.022647561771143195,False,neither,0,0,not_accepted,not_accepted,Unknown,Unknown,-5.5166127789835455,5.515111030349124,3.3060430309766975,-0.056576953897753544,,
H02,61,1523958589951713203,888,425.5069885253906,59.859188079833984,ncc_fail,430.46331787109375,62.612483978271484,0.004731627225577385,True,430.34993024514944,62.59357006884335,0.029583442318013388,True,both,0,0,ncc_fail,ncc_fail,Unknown,Unknown,-8.074839562714839,8.047487459115558,3.918570357403535,-0.056668485451917924,0.0,0.0
H02,61,1523958589951713203,893,323.4238586425781,127.62405395507812,ncc_fail,328.6244201660156,128.16171264648438,0.009294797766454694,True,328.3321155086985,128.1944427068664,0.08831417772190357,True,both,3,3,completed_3_step_check,completed_3_step_check,Unknown,Unknown,-7.158917545103679,7.122855920152049,3.6451277516067075,-0.06531923953546268,12.810152294680673,12.722824144531703
H02,61,1523958589951713203,984,204.9956817626953,8.715143203735352,border_fail,215.5047149658203,7.030285358428955,0.034330339165236756,False,215.3569261838429,7.193073295297602,0.10894095924974191,False,neither,0,0,not_accepted,not_accepted,Unknown,Unknown,-6.121500739766473,6.073228402107158,3.47939959895861,-0.09464207281863002,,
H02,61,1523958589951713203,1004,390.0,5.0,border_fail,395.8542785644531,7.358850479125977,0.08720762040475642,False,395.7322154045105,7.29787540435791,0.07571684542940212,False,neither,0,0,not_accepted,not_accepted,Unknown,Unknown,-6.876842021942139,6.811966896057129,3.7139501571655273,-0.06657559424638748,,
H02,62,1523958590003360350,121,413.494384765625,139.2508544921875,ncc_fail,418.7433166503906,141.59512329101562,0.0327413401841081,True,417.209033391595,141.4311730469759,0.025348561120999504,True,both,3,0,completed_3_step_check,ncc_fail,Unknown,Unknown,-7.10566878238069,7.07099766343174,3.499209424089983,-0.06193844530255954,15.041569985038846,0.0
H02,62,1523958590003360350,650,258.462158203125,418.37750244140625,ncc_fail,258.56072998046875,417.5743103027344,0.0008143105507889608,True,258.611895797939,417.5491585230599,0.006042382526289958,True,both,3,3,completed_3_step_check,completed_3_step_check,Unknown,Unknown,-6.3654116957198354,6.3445701298845805,3.3347248313909894,-0.0319884535635927,2.039285994892977,2.038839753288537
H02,62,1523958590003360350,1011,2.0,81.0,ncc_fail,7.507047653198242,76.04454040527344,0.31257892163056494,False,7.318480014801025,76.31609582901001,0.1629635281140462,False,neither,0,0,not_accepted,not_accepted,Unknown,Unknown,-4.690484046936035,4.681821823120117,3.018118381500244,-0.06327218562364578,,
H02,63,1523958590052019222,1015,4.0,60.0,ncc_fail,9.480789184570312,55.42620849609375,0.26473605627282537,True,9.344778060913086,55.67583084106445,0.09790762716206176,True,both,3,3,completed_3_step_check,completed_3_step_check,Unknown,Unknown,-4.423608779907227,4.420104503631592,3.0579891204833984,-0.06992167234420776,19.43954155755376,19.435753793001286
H02,63,1523958590052019222,1017,226.0,5.0,ncc_fail,235.1115264892578,4.194939613342285,0.011483499071272472,False,234.95239448547363,4.183820307254791,0.05704566150630565,False,neither,0,0,not_accepted,not_accepted,Unknown,Unknown,-6.433833599090576,6.380982398986816,3.5312466621398926,-0.07829789817333221,,
H02,64,1523958590102282660,97,450.57470703125,502.6722106933594,border_fail,448.6077880859375,504.26080322265625,0.018542963640699694,False,448.60820327634525,504.2632878509369,0.04382024524497133,False,neither,0,0,not_accepted,not_accepted,Unknown,Unknown,-5.50599315199301,5.501441930861951,3.2124334056855623,-0.04760267578931576,,
H02,64,1523958590102282660,952,167.47781372070312,407.2510070800781,ncc_fail,167.70907592773438,405.53790283203125,0.004719186023752394,True,167.6760102473009,405.5493000584151,0.02924506769257873,True,both,3,3,completed_3_step_check,completed_3_step_check,Unknown,Unknown,-6.193772439561683,6.171010513209975,3.3184425416905463,-0.0368482898319516,4.388259309367172,4.386283110715368
H02,64,1523958590102282660,990,95.23983764648438,9.853799819946289,border_fail,101.20905303955078,6.936968803405762,0.22857562795108033,False,101.05906253869225,7.0543831865125375,0.05853260567794692,False,neither,0,0,not_accepted,not_accepted,Unknown,Unknown,-5.4340297552568115,5.391778371967902,3.2614522632776186,-0.05327564344625157,,
H02,64,1523958590102282660,1019,335.0,1.0,ncc_fail,343.40997314453125,2.5030155181884766,0.05868472473230101,False,343.6542453765869,2.14360249042511,0.23244887391338187,False,neither,0,0,not_accepted,not_accepted,Unknown,Unknown,-6.5254225730896,6.486699104309082,3.7428390979766846,-0.10805080831050873,,
H02,65,1523958590152809324,106,469.74993896484375,503.1154479980469,border_fail,467.8656311035156,504.83441162109375,0.012400542901925122,False,467.76867447205444,504.7636010861256,0.02400259767619169,False,neither,0,0,not_accepted,not_accepted,Unknown,Unknown,-5.420533361622135,5.4121683221712225,3.2168279916631666,-0.047002976023586635,,
H02,65,1523958590152809324,229,610.4586181640625,345.6416320800781,ncc_fail,609.6156005859375,349.3345031738281,0.013023535130254418,True,609.6094530463213,349.30329577871464,0.05771500624376088,True,both,3,3,completed_3_step_check,completed_3_step_check,Unknown,Unknown,-6.8849326852139505,6.864950690399221,3.549945452122114,-0.031974623010117234,10.479111676537146,10.481900114710017
H02,65,1523958590152809324,511,434.0225524902344,503.3636474609375,border_fail,432.2707824707031,504.7342834472656,0.029229722946014176,False,432.20114983991215,504.64204529572226,0.05347079989583746,False,neither,0,0,not_accepted,not_accepted,Unknown,Unknown,-5.4637027202313195,5.450966334252563,3.187033342741943,-0.045736223418497104,,
H02,65,1523958590152809324,898,113.52732849121094,238.70838928222656,ncc_fail,116.27916717529297,236.48846435546875,0.004622789850813866,True,116.07477449186798,236.4215169509021,0.03429410881330977,True,both,1,3,ncc_fail,completed_3_step_check,Unknown,Unknown,-6.262016032882615,6.237079883401018,3.308479311775362,-0.0372820046658032,3.2838715452821017,9.44388689030697
H02,65,1523958590152809324,907,177.4424591064453,108.75261688232422,ncc_fail,182.624267578125,107.35726928710938,0.005716331171356292,True,182.04884850428272,107.35914062574018,0.05009917537165433,True,both,1,1,ncc_fail,ncc_fail,Unknown,Unknown,-6.888701021471859,6.853907252471599,3.4599516056436745,-0.052913380260671564,5.230999703289097,5.196686307779833
H02,65,1523958590152809324,981,372.6058349609375,134.18682861328125,ncc_fail,377.21356201171875,135.5506591796875,0.0030887648752148424,True,376.54151514982306,135.57885359779138,0.161651166657713,True,both,3,3,completed_3_step_check,completed_3_step_check,Unknown,Unknown,-7.284497145887226,7.269643882864198,3.5222110484819904,-0.07314393750298914,12.767466788773369,12.747178564940482
H02,65,1523958590152809324,1009,8.399304389953613,459.0722351074219,border_fail,7.340174674987793,455.8568115234375,0.034409536543170235,False,7.5007272590648295,455.9193049314684,0.08772147685428434,False,neither,0,0,not_accepted,not_accepted,Unknown,Unknown,-5.01768986413097,5.015029439811515,3.1446485670122506,-0.054571668160762955,,
H02,65,1523958590152809324,1020,244.0,4.0,ncc_fail,251.8784637451172,3.971546173095703,0.0065776150993164684,False,252.02130699157715,3.680797129869461,0.12149852451057229,False,neither,0,0,not_accepted,not_accepted,Unknown,Unknown,-6.444338321685791,6.395161151885986,3.569180965423584,-0.09247548133134842,,
H02,66,1523958590203704439,105,367.0136413574219,503.63641357421875,border_fail,365.5628662109375,504.3594970703125,0.012438299968047213,False,365.56375990133216,504.2599611246441,0.09561213570890867,False,neither,0,0,not_accepted,not_accepted,Unknown,Unknown,-5.30486324999429,5.298711166612659,3.129002242639687,-0.04424334492357899,,
H02,66,1523958590203704439,692,405.62030029296875,157.691650390625,ncc_fail,409.06805419921875,159.497802734375,0.0037970784529190627,True,408.3990762795687,159.53263170707774,0.06679630777824677,True,both,3,3,completed_3_step_check,completed_3_step_check,Unknown,Unknown,-7.197065586089451,7.192277380120288,3.618065989471969,-0.047213508464308496,11.021868153161883,11.030804160691678
H02,66,1523958590203704439,997,233.42083740234375,251.16407775878906,ncc_fail,235.6307373046875,250.53880310058594,0.00478907249723452,True,235.68340702289612,250.52691005215775,0.012050854206625388,True,both,3,3,completed_3_step_check,completed_3_step_check,Unknown,Unknown,-6.9463889618465835,6.929426175331635,3.56957667960205,-0.03803855701832434,6.017357866871545,6.016584801631569
H02,66,1523958590203704439,1025,325.0,1.0,ncc_fail,332.37286376953125,2.3901424407958984,0.3553058542636591,False,332.31529235839844,2.340366840362549,0.28391373287915384,False,neither,0,0,not_accepted,not_accepted,Unknown,Unknown,-6.504887580871582,6.4379072189331055,3.272650718688965,-0.09195239841938019,,
H02,66,1523958590203704439,1029,351.0,4.0,ncc_fail,358.29644775390625,5.900271415710449,0.05139401754671573,False,358.3917074203491,5.8067463636398315,0.11080502277208086,False,neither,0,0,not_accepted,not_accepted,Unknown,Unknown,-7.232815742492676,7.1930742263793945,3.748795986175537,-0.11020724475383759,,
H02,66,1523958590203704439,1030,252.0,4.0,ncc_fail,259.4364013671875,4.257245063781738,0.009461710493933784,False,259.6015348434448,4.133131131529808,0.1885013422926087,False,neither,0,0,not_accepted,not_accepted,Unknown,Unknown,-6.600983142852783,6.557925701141357,3.6159677505493164,-0.07937303185462952,,
H02,67,1523958590251958364,257,608.5712280273438,394.49920654296875,ncc_fail,607.2688598632812,397.72406005859375,0.0027526787802196486,True,607.2352750408465,397.67576973950247,0.09875269808217779,True,both,3,3,completed_3_step_check,completed_3_step_check,Unknown,Unknown,-6.664233447994453,6.639995640584438,3.472737896102041,-0.03442159650407088,9.716940623231277,9.717645149993949
H02,67,1523958590251958364,290,416.1921081542969,40.55590057373047,ncc_fail,420.7250061035156,41.91953659057617,0.0158077782151508,True,419.8338519058511,42.911152102792805,0.05938215857990919,True,both,0,0,ncc_fail,ncc_fail,Unknown,Unknown,-7.316533386335612,7.255125951274701,3.478635895035347,-0.07849706698019818,0.0,0.0
H02,67,1523958590251958364,927,172.4728546142578,193.5944366455078,ncc_fail,175.56072998046875,192.42694091796875,0.0017852783203125,True,175.5456904115126,192.35792277715512,0.0538954230020515,True,both,1,1,ncc_fail,ncc_fail,Unknown,Unknown,-6.993398521573612,6.964403026014431,3.5876732910950633,-0.03764826921816134,3.122416894067246,3.121486095949603
H02,67,1523958590251958364,1013,33.261871337890625,10.31383991241455,border_fail,38.163551330566406,7.374546527862549,0.07455027799334023,False,38.14563504555031,7.244975162676546,0.1343910443254372,False,neither,0,0,not_accepted,not_accepted,Unknown,Unknown,-4.628667561674424,4.578808020522338,3.359317289209873,-0.07023896638073504,,
H02,67,1523958590251958364,1032,518.0,1.0,ncc_fail,521.2987060546875,4.426525115966797,0.4533438881758444,False,521.2318742275238,4.508583068847656,0.018372578237630298,False,neither,0,0,not_accepted,not_accepted,Unknown,Unknown,-5.516355514526367,5.494218349456787,3.0637145042419434,-0.03556550294160843,,
H02,67,1523958590251958364,1033,359.0,4.0,ncc_fail,365.77752685546875,6.046562194824219,0.07872661119401377,False,365.8994379043579,5.959031820297241,0.07619199256802096,False,neither,0,0,not_accepted,not_accepted,Unknown,Unknown,-6.855975151062012,6.7990217208862305,3.5644264221191406,-0.09844540804624557,,
H02,67,1523958590251958364,1034,429.0,506.0,ncc_fail,427.3804931640625,507.2955017089844,0.04201225422296702,False,427.3649080991745,507.28221595287323,0.01891260484039633,False,neither,0,0,not_accepted,not_accepted,Unknown,Unknown,-5.30011510848999,5.294146537780762,3.1383728981018066,-0.04388762265443802,,
H02,68,1523958590302916381,152,479.51861572265625,438.9346618652344,ncc_fail,478.3884582519531,440.6748352050781,0.0015988997677526533,True,478.3974951143538,440.7173845689091,0.01954377758112015,True,both,3,3,completed_3_step_check,completed_3_step_check,Unknown,Unknown,-6.5022998294914185,6.4868371576462165,3.4052443037785873,-0.03349119059676992,6.068965539808617,6.069817534767373
H02,68,1523958590302916381,697,416.81646728515625,157.548095703125,ncc_fail,419.795654296875,159.5325927734375,0.006076064366045852,True,419.29822120565194,159.47878480729747,0.08341090599729024,True,both,3,3,completed_3_step_check,completed_3_step_check,Unknown,Unknown,-7.102413637729477,7.088019734545384,3.604020414940731,-0.03775550615398321,9.684988779117347,9.729570681578227
H02,68,1523958590302916381,995,64.36271667480469,156.62335205078125,ncc_fail,67.51005554199219,154.41065979003906,0.00177627313772812,True,67.53853775567367,154.28536316333214,0.04648545233788498,True,both,3,3,completed_3_step_check,completed_3_step_check,Unknown,Unknown,-6.082792539234769,6.069210700848725,3.223947549622611,-0.041567887812145585,10.296764588858471,10.310927017579806
H02,68,1523958590302916381,1038,336.0,2.0,ncc_fail,342.2226257324219,3.767502784729004,0.39475587009235125,False,341.92960834503174,3.340609312057495,0.22823657152016735,False,neither,0,0,not_accepted,not_accepted,Unknown,Unknown,-6.575315475463867,6.522371292114258,3.4395999908447266,-0.06957855820655823,,
H02,68,1523958590302916381,1039,366.0,4.0,ncc_fail,372.3831787109375,6.084893226623535,0.048527168828577716,False,372.29704427719116,5.946642875671387,0.1730849892307073,False,neither,0,0,not_accepted,not_accepted,Unknown,Unknown,-7.01442813873291,6.985786437988281,3.474749803543091,-0.08719130605459213,,
H02,68,1523958590302916381,1042,385.0,4.0,ncc_fail,390.95013427734375,6.31761360168457,0.07994197421635374,False,391.0534100532532,6.121192455291748,0.1581866655922375,False,neither,0,0,not_accepted,not_accepted,Unknown,Unknown,-6.494433403015137,6.4769287109375,3.1286239624023438,-0.08419855684041977,,
H02,68,1523958590302916381,1043,39.0,8.0,border_fail,43.68395233154297,5.177167892456055,0.1495987481279314,False,43.81611156463623,5.109189033508301,0.14868121901729603,False,neither,0,0,not_accepted,not_accepted,Unknown,Unknown,-4.55686616897583,4.517648696899414,3.1719682216644287,-0.06261280924081802,,
H02,68,1523958590302916381,1044,5.0,450.0,ncc_fail,4.266044616699219,447.3664855957031,0.01404776861214702,False,4.37510073184967,447.46529388427734,0.09034656626258995,False,neither,0,0,not_accepted,not_accepted,Unknown,Unknown,-5.150903224945068,5.145599365234375,3.077876091003418,-0.04664736986160278,,
H02,69,1523958590352185572,11,406.50225830078125,273.4067077636719,ncc_fail,407.4681396484375,274.73345947265625,0.0001856311807341986,True,407.42681587439523,274.8226871969122,0.01318441255960318,True,both,3,3,completed_3_step_check,completed_3_step_check,Unknown,Unknown,-5.897512312579477,5.880202971480542,3.304962701136204,-0.03853123751545858,4.649762904820317,4.657136173385448
H02,69,1523958590352185572,127,478.4525146484375,503.7312927246094,border_fail,476.7338562011719,505.402099609375,0.04796441064771558,False,476.6776962800691,505.369643194574,0.02694947019432657,False,neither,0,0,not_accepted,not_accepted,Unknown,Unknown,-5.515167461453366,5.505798643348706,3.182415310232443,-0.04151854035910514,,
H02,69,1523958590352185572,556,591.4378662109375,240.39913940429688,ncc_fail,591.5659790039062,243.5891876220703,0.006815897996420791,True,591.6555031719125,243.6941016217661,0.0632488100834304,True,both,3,3,completed_3_step_check,completed_3_step_check,Unknown,Unknown,-6.656567420498526,6.639209632827548,3.457117778211079,-0.035970967151485886,9.181333904657645,9.220762887943286
H02,69,1523958590352185572,908,106.45768737792969,244.34408569335938,ncc_fail,108.53435516357422,242.6551971435547,0.002720218867290577,True,108.43560694942998,242.6757977806055,0.007324184580002171,True,both,0,3,ncc_fail,completed_3_step_check,Unknown,Unknown,-6.155221490038141,6.142712348168461,3.25966927920062,-0.03536611706050931,0.0,6.437376048441578
H02,69,1523958590352185572,971,401.4432373046875,56.08251190185547,ncc_fail,406.4879455566406,58.30159378051758,0.008308214477801414,True,406.75367415477814,58.32792740348855,0.07438195680743456,True,both,3,0,completed_3_step_check,ncc_fail,Unknown,Unknown,-8.413685280450046,8.404080183868896,3.870636166762317,-0.10683657406876,14.317557458984243,0.0
H02,69,1523958590352185572,1045,346.0,3.0,ncc_fail,351.8125,4.920086860656738,0.35773175142348884,False,351.5115270614624,4.502281904220581,0.2764040794336334,False,neither,0,0,not_accepted,not_accepted,Unknown,Unknown,-6.43300199508667,6.3800578117370605,3.4479455947875977,-0.08056618273258209,,
H02,69,1523958590352185572,1046,372.0,5.0,border_fail,377.9024658203125,7.192962646484375,0.0549994388139164,False,378.06055879592896,7.11221170425415,0.07372914774713181,False,neither,0,0,not_accepted,not_accepted,Unknown,Unknown,-6.730782508850098,6.692666053771973,3.3657760620117188,-0.10286403447389603,,
H02,69,1523958590352185572,1051,44.0,4.0,ncc_fail,48.527130126953125,1.4419889450073242,0.268509905358599,False,48.59475660324097,1.4869608879089355,0.1903813592115347,False,neither,0,0,not_accepted,not_accepted,Unknown,Unknown,-4.9253740310668945,4.895329475402832,3.0933644771575928,-0.05609279125928879,,
H02,70,1523958590402488753,26,464.9254150390625,300.56878662109375,ncc_fail,465.33251953125,302.35986328125,0.0008217109385886389,True,465.21141272946784,302.46229562380864,0.043149137264079596,True,both,3,3,completed_3_step_check,completed_3_step_check,Unknown,Unknown,-6.336457531870774,6.313185403990612,3.3129377395239086,-0.030947417561620255,5.3118754911272426,5.306003153895283
H02,70,1523958590402488753,1003,388.3145751953125,109.0693130493164,ncc_fail,391.3453063964844,110.46807098388672,0.007836305588722673,True,391.3463102920927,110.69100036016616,0.12425225167805401,True,both,2,0,ncc_fail,ncc_fail,Unknown,Unknown,-7.322718571679035,7.290215171878058,3.6229560635136746,-0.06323284966493667,5.960962444496529,0.0
H02,70,1523958590402488753,1041,183.68284606933594,189.27479553222656,ncc_fail,186.3300018310547,188.59530639648438,0.004877946336200395,True,186.30406718473608,188.62885122516718,0.02732463948517944,True,both,3,3,completed_3_step_check,completed_3_step_check,Unknown,Unknown,-6.89510105611865,6.8750390963441825,3.5445191883467744,-0.03487871790936739,6.256558044483368,6.256632805307189
H02,70,1523958590402488753,1053,352.0,5.0,border_fail,357.46026611328125,7.01861047744751,0.4704803088307926,False,357.12089490890503,6.67511522769928,0.15905416097696873,False,neither,0,0,not_accepted,not_accepted,Unknown,Unknown,-6.304576396942139,6.252970218658447,3.3536362648010254,-0.08043713122606277,,
H02,71,1523958590452004881,452,418.15472412109375,169.50633239746094,ncc_fail,420.27154541015625,171.4256134033203,0.006966719276973538,True,419.83177431467647,171.37080429227626,0.11270790924652041,True,both,3,3,completed_3_step_check,completed_3_step_check,Unknown,Unknown,-6.8433059211860146,6.819967044766791,3.515515335908427,-0.03615882050209498,7.163181661594861,7.191049938633259
H02,71,1523958590452004881,819,156.09690856933594,120.45510864257812,ncc_fail,159.34024047851562,119.72090911865234,0.002161583992549412,True,159.1835133252308,119.739874680461,0.03994125073275525,True,both,3,2,completed_3_step_check,ncc_fail,Unknown,Unknown,-6.518175614913028,6.497062558077461,3.3837340081005305,-0.033542186955956316,7.374436921353217,5.435154085507456
H02,71,1523958590452004881,1000,371.5994567871094,491.7980651855469,ncc_fail,370.3765563964844,492.51654052734375,0.002515248347452582,True,370.43422203989854,492.5326637029735,0.02040765566919709,True,both,0,0,ncc_fail,ncc_fail,Unknown,Unknown,-5.519005127117982,5.506125759643071,3.216214861797403,-0.04953878111520679,0.0,0.0
H02,71,1523958590452004881,1064,459.0,510.0,ncc_fail,457.33843994140625,511.642333984375,0.2301266118821484,False,457.4046529531479,511.46624660491943,nan,False,neither,0,0,not_accepted,not_accepted,Unknown,Unknown,-5.332465171813965,5.3248090744018555,3.0791709423065186,-0.038046158850193024,,
H02,72,1523958590501914498,969,441.5711364746094,474.26715087890625,ncc_fail,440.2498779296875,475.58624267578125,0.0009582713908757069,True,440.2585742379366,475.6561296000083,0.01459678141949657,True,both,3,3,completed_3_step_check,completed_3_step_check,Unknown,Unknown,-6.5059515483753545,6.490131512387937,3.4258174226593883,-0.038698370819087335,6.207457237993314,6.21218299030382
H02,72,1523958590501914498,1014,336.60986328125,42.80751037597656,ncc_fail,340.41357421875,44.330665588378906,0.007600117777434127,True,340.306426918917,44.31778650156137,0.08124330352712153,True,both,1,3,ncc_fail,completed_3_step_check,Unknown,Unknown,-7.094806491480085,7.058474097661225,3.5177657020601973,-0.0654225490044758,3.497951189998969,9.075610314168127
H02,72,1523958590501914498,1063,189.4285888671875,187.5179901123047,ncc_fail,191.5322265625,187.25070190429688,0.0022251165446554788,True,191.50264618389764,187.18956331318554,0.03963646330593753,True,both,3,3,completed_3_step_check,completed_3_step_check,Unknown,Unknown,-6.800684177682718,6.77981988980038,3.5040057995002054,-0.03439621711681551,3.7663177820546574,3.7711616102807572
H02,72,1523958590501914498,1067,1.0,440.0,ncc_fail,0.31228160858154297,438.0988464355469,0.02685640188514187,False,0.34514182806015015,438.1091830730438,0.13876955994486975,False,neither,0,0,not_accepted,not_accepted,Unknown,Unknown,-5.336606979370117,5.335945129394531,2.9856972694396973,-0.035815201699733734,,
H02,73,1523958590551970330,787,510.298828125,311.670654296875,ncc_fail,509.5726013183594,313.9685974121094,0.007944072022652744,True,509.77943147977214,313.8440588112011,0.028844381797602653,True,both,1,3,ncc_fail,completed_3_step_check,Unknown,Unknown,-7.079569515550247,7.05892967264208,3.6279627828217826,-0.03366953866102129,2.4680832910614847,7.3801941963746245
H02,73,1523958590551970330,1071,296.0,6.0,border_fail,300.1470031738281,7.284405708312988,0.054115422341934546,False,300.0202407836914,7.165635824203491,0.22918766642273863,False,neither,0,0,not_accepted,not_accepted,Unknown,Unknown,-6.494729518890381,6.459166526794434,3.465963363647461,-0.061139751225709915,,
H02,73,1523958590551970330,1072,1.0,52.0,ncc_fail,3.738265037536621,50.06183624267578,0.043740607289175046,False,3.867814540863037,50.1254677772522,0.05300937004144522,False,neither,0,0,not_accepted,not_accepted,Unknown,Unknown,-5.115812301635742,5.1096086502075195,3.1567039489746094,-0.0575890988111496,,
H02,74,1523958590602020446,203,402.65228271484375,193.3999786376953,ncc_fail,403.33319091796875,194.90695190429688,0.008652365794272143,True,403.2966878430849,194.99138538190743,0.028794796974844588,True,both,3,1,completed_3_step_check,ncc_fail,Unknown,Unknown,-6.521145863328557,6.496615823036633,3.395039323560265,-0.034914707066027784,5.415958240275873,1.4962488222039432
H02,74,1523958590602020446,319,153.46664428710938,213.91732788085938,ncc_fail,154.5209503173828,213.57681274414062,0.005287605256753191,True,154.49575149969218,213.5519488728084,0.025782883721677176,True,both,3,3,completed_3_step_check,completed_3_step_check,Unknown,Unknown,-6.589926438290663,6.571828963154761,3.4236065139483456,-0.03377985233885869,1.6990684725776108,1.695331990696895
H02,74,1523958590602020446,817,362.8645935058594,203.47019958496094,ncc_fail,363.4566650390625,204.77928161621094,0.0031774939860535383,True,363.54148965457125,204.74404894968688,0.04052566694705562,True,both,0,3,ncc_fail,completed_3_step_check,Unknown,Unknown,-6.291476138242533,6.273080088008769,3.297057197462558,-0.033009956149150234,0.0,4.962423638715757
H02,74,1523958590602020446,1006,122.18470764160156,183.13502502441406,ncc_fail,123.54407501220703,182.52227783203125,0.0015981715054658402,True,123.49463332537077,182.517384491237,0.027568953215733286,True,both,3,3,completed_3_step_check,completed_3_step_check,Unknown,Unknown,-6.350424568409813,6.3339974459977695,3.321524118217291,-0.03319942436582872,1.9417960109207089,1.933590583523202
H02,74,1523958590602020446,1010,439.0497741699219,35.425880432128906,ncc_fail,440.80438232421875,37.44207763671875,0.015269161513627358,True,440.5539109429688,37.6271461902161,0.03503150785216812,True,both,2,3,ncc_fail,completed_3_step_check,Unknown,Unknown,-6.477299983350932,6.442032804594577,3.361732210033592,-0.0607080432907495,4.577117498839638,7.0459938587698066
H02,74,1523958590602020446,1055,115.60560607910156,234.3376007080078,ncc_fail,116.49099731445312,233.63157653808594,0.001578823888519023,True,116.4192937446691,233.63364987550815,0.021056773322768958,True,both,3,3,completed_3_step_check,completed_3_step_check,Unknown,Unknown,-6.3386065972829755,6.318109994801442,3.318379614931124,-0.035608625298943555,0.8114828736605559,0.7815391244097519
H02,74,1523958590602020446,1062,371.4477844238281,13.461124420166016,ncc_fail,374.5401611328125,15.578018188476562,0.07565497197976138,True,374.2643912472058,15.337677575245461,0.07575726865028264,True,both,3,3,completed_3_step_check,completed_3_step_check,Unknown,Unknown,-6.643299971868316,6.602103159085917,3.5704317919416737,-0.05597459687705722,8.941137411700906,8.923252091246571
H02,75,1523958590652783960,53,408.74267578125,181.5184326171875,ncc_fail,409.3945617675781,183.33863830566406,0.005476715043592258,True,409.057929522137,183.19111245704028,0.025535128256493646,True,both,3,3,completed_3_step_check,completed_3_step_check,Unknown,Unknown,-6.346559381382519,6.321910357485677,3.319394060794778,-0.03210493404870318,7.578414257172477,7.550563589883832
H02,75,1523958590652783960,306,503.0148010253906,503.3468322753906,border_fail,501.2503967285156,504.87530517578125,0.00501101978211846,False,501.2175398532606,505.0093244510871,0.02342464618074595,False,neither,0,0,not_accepted,not_accepted,Unknown,Unknown,-5.519682703748645,5.514099709274915,3.0552304557333256,-0.035040914379959556,,
H02,75,1523958590652783960,324,349.3608703613281,188.43389892578125,ncc_fail,349.7225036621094,189.74253845214844,0.0021330128006273818,True,349.7919671994789,189.69666885131628,0.04789869149248989,True,both,3,3,completed_3_step_check,completed_3_step_check,Unknown,Unknown,-5.99433242111433,5.981731985572033,3.188496427585956,-0.031083324899733953,6.14688316982778,6.148242079663789
H02,75,1523958590652783960,855,419.6144714355469,53.34823226928711,ncc_fail,421.4777526855469,55.603824615478516,0.0023337250379907057,True,421.3521943951926,55.54984498335336,0.09063551376898892,True,both,0,3,ncc_fail,completed_3_step_check,Unknown,Unknown,-6.803112383266203,6.794978098279335,3.5024890067287093,-0.04689372131065983,0.0,9.60756518532125
H02,75,1523958590652783960,930,200.47305297851562,141.41615295410156,ncc_fail,201.62025451660156,141.764892578125,0.005706807508789159,True,201.6964453490806,141.71595056957239,0.016281306553174384,True,both,1,3,ncc_fail,completed_3_step_check,Unknown,Unknown,-6.768762743269096,6.740740523316145,3.493936666060789,-0.03548086780289837,1.0343299043846739,4.235576531965482
H02,75,1523958590652783960,1076,389.0,4.0,ncc_fail,391.4083557128906,6.195314407348633,0.046965417521342374,False,391.2083022594452,6.132431983947754,0.016449372384221953,False,neither,0,0,not_accepted,not_accepted,Unknown,Unknown,-6.060619831085205,6.033365726470947,3.3217225074768066,-0.043917834758758545,,
H02,75,1523958590652783960,1078,278.0,1.0,ncc_fail,280.5873107910156,2.31137752532959,0.013748162594538671,False,280.40511178970337,2.2547740936279297,0.0727805725695309,False,neither,0,0,not_accepted,not_accepted,Unknown,Unknown,-5.672006607055664,5.644800186157227,3.1446115970611572,-0.044716764241456985,,
H02,76,1523958590702394281,38,475.3297424316406,142.14068603515625,ncc_fail,475.5865173339844,144.47637939453125,0.002227783203125,True,475.34841852340537,144.4310264030412,0.07797412368819784,True,both,3,2,completed_3_step_check,ncc_fail,Unknown,Unknown,-6.513680441971262,6.477252887023693,3.376550636733587,-0.039507256071005595,10.880594658511724,6.499676284099465
H02,76,1523958590702394281,120,424.6816711425781,502.7322998046875,border_fail,423.0074462890625,504.1593933105469,0.020429393153504505,False,423.00345708535576,504.09285281010585,0.022213831007053847,False,neither,0,0,not_accepted,not_accepted,Unknown,Unknown,-5.688616259225851,5.6875459551706875,3.0628493127892007,-0.0317924502007574,,
H02,76,1523958590702394281,234,382.35882568359375,503.1973876953125,border_fail,380.6480712890625,504.39678955078125,0.020481137684038885,False,380.75113960524163,504.36629611096487,0.02517154053823959,False,neither,0,0,not_accepted,not_accepted,Unknown,Unknown,-5.489165340561829,5.483215746341369,3.0478679840284943,-0.03433193796317793,,
H02,76,1523958590702394281,937,294.7350769042969,503.4199523925781,border_fail,293.27587890625,504.1593933105469,0.03194982017270972,False,293.2567852124019,504.19090860537904,0.016062752279954597,False,neither,0,0,not_accepted,not_accepted,Unknown,Unknown,-5.395950808708593,5.396954105866579,2.9349678726799415,-0.03405043400781753,,
H02,76,1523958590702394281,1001,308.3611145019531,38.57707977294922,ncc_fail,310.00653076171875,40.38842010498047,0.004222649324717564,True,309.8788627644097,40.30166133670615,0.12141685707994374,True,both,3,3,completed_3_step_check,completed_3_step_check,Unknown,Unknown,-6.870963569821118,6.851374067648193,3.5223475101039545,-0.041318830081658216,10.150217428185988,10.146829847083785
H02,77,1523958590752093925,56,396.9307556152344,503.5899353027344,border_fail,395.1880187988281,505.1654357910156,0.05301979320295311,False,395.1398049785045,505.13266463768457,0.026292030074667495,False,neither,0,0,not_accepted,not_accepted,Unknown,Unknown,-5.537099886325821,5.536238163482495,3.01322958127109,-0.03106355014440157,,
H02,77,1523958590752093925,555,101.52010345458984,279.7926330566406,ncc_fail,101.17558288574219,280.4156494140625,0.0020376625992247726,True,101.16834854061788,280.346146987629,0.007696611475404279,True,both,3,1,completed_3_step_check,ncc_fail,Unknown,Unknown,-5.646175934722102,5.636878188887996,3.0489285604761305,-0.029035433758811843,5.648490206341171,1.3036486052111353
H02,77,1523958590752093925,1080,124.49213409423828,182.9037628173828,ncc_fail,124.67227935791016,183.77369689941406,0.0036239222474132244,True,124.65316032710213,183.73394721982947,0.0041392154163350636,True,both,2,2,ncc_fail,ncc_fail,Unknown,Unknown,-6.107464617135394,6.091405339315559,3.2208363257238015,-0.03060310505944179,3.9146310011350796,3.922191927548376
H02,77,1523958590752093925,1091,415.0,4.0,ncc_fail,415.789794921875,7.03789758682251,0.09026734657548152,False,415.6698281764984,6.770888805389404,0.019198780337653806,False,neither,0,0,not_accepted,not_accepted,Unknown,Unknown,-6.074199676513672,6.049361705780029,3.1292123794555664,-0.057682543992996216,,
H02,78,1523958590803125034,191,527.210205078125,503.10736083984375,border_fail,525.3421630859375,505.1303405761719,0.024517849615194324,False,525.2798466797464,505.2602798782646,0.03390616706108375,False,neither,0,0,not_accepted,not_accepted,Unknown,Unknown,-5.267021905649564,5.262836614152931,2.932747027147812,-0.02934889566775689,,
H02,78,1523958590803125034,1095,392.0,509.0,ncc_fail,390.2820739746094,510.8512268066406,0.0821472551167316,False,390.15070033073425,510.8103178739548,0.04519282827577594,False,neither,0,0,not_accepted,not_accepted,Unknown,Unknown,-5.245114326477051,5.24158239364624,3.011317253112793,-0.0334571897983551,,
H02,79,1523958590851856138,20,421.66644287109375,325.5751037597656,ncc_fail,420.33447265625,328.4823303222656,0.0027016245144841104,True,420.30410300425814,328.47552948237654,0.043463946585378076,True,both,3,3,completed_3_step_check,completed_3_step_check,Unknown,Unknown,-6.321478286199707,6.300776912546584,3.3271724895953083,-0.033376324978104714,11.711306027612673,11.711181270919097
H02,79,1523958590851856138,1047,86.07217407226562,148.4521026611328,ncc_fail,86.17042541503906,150.5283660888672,0.004608211138039982,True,86.18506921581633,150.52320284563876,0.01792987590175637,True,both,3,3,completed_3_step_check,completed_3_step_check,Unknown,Unknown,-6.300335747992282,6.277678594077556,3.535766587501023,-0.04427401604732101,8.970107370708009,8.97042184059184
H02,80,1523958590902106623,102,433.7292175292969,503.612548828125,border_fail,431.80841064453125,506.1760559082031,0.04221261742592187,False,431.8215491297193,506.13183263588803,0.07062920909856835,False,neither,0,0,not_accepted,not_accepted,Unknown,Unknown,-5.510389497066857,5.501105032565729,3.0004433245598907,-0.027594794677626905,,
H02,80,1523958590902106623,557,582.8925170898438,447.6684875488281,ncc_fail,581.1588134765625,450.49774169921875,0.0026430759792693635,True,581.0850322245429,450.42652669865623,0.07903597021495833,True,both,3,3,completed_3_step_check,completed_3_step_check,Unknown,Unknown,-6.061435482676097,6.04122010474889,3.2099435657745863,-0.03222076409765671,10.876429361313335,10.87370380227903
H02,80,1523958590902106623,852,286.4981384277344,30.712923049926758,ncc_fail,286.5826416015625,35.246803283691406,0.0006063598998439161,True,286.5257163412025,35.06890747081048,0.12350636434736192,True,both,0,0,ncc_fail,ncc_fail,Unknown,Unknown,-6.960101198853772,6.926211929369453,3.716097009709814,-0.05999205517101417,0.0,0.0
H02,80,1523958590902106623,1087,204.60475158691406,108.16114807128906,ncc_fail,204.50424194335938,111.47814178466797,0.0021225765386348946,True,204.50936481233725,111.40981035523158,0.012706084183387714,True,both,3,3,completed_3_step_check,completed_3_step_check,Unknown,Unknown,-7.0566363151417475,7.031946055411438,3.628473484217219,-0.03721074003722028,12.124773385182609,12.126532760455596
H02,80,1523958590902106623,1102,390.0,508.0,ncc_fail,388.30816650390625,510.593994140625,0.14143627648829463,False,388.14293789863586,510.45189690589905,0.07085046656519228,False,neither,0,0,not_accepted,not_accepted,Unknown,Unknown,-5.227238655090332,5.222996234893799,2.8843541145324707,-0.02633729763329029,,
H02,81,1523958590953453371,81,404.8124694824219,502.90972900390625,border_fail,402.9921569824219,505.8173828125,0.21366368588405976,False,402.8859975775989,505.61850750613524,0.0511934414247055,False,neither,0,0,not_accepted,not_accepted,Unknown,Unknown,-5.231000394063036,5.222728997381364,2.971105630232768,-0.030489816297543385,,
H02,81,1523958590953453371,142,321.1925354003906,502.8585510253906,border_fail,319.474853515625,505.3881530761719,0.058312136695973016,False,319.4580596797816,505.39487493527037,0.02626337523123568,False,neither,0,0,not_accepted,not_accepted,Unknown,Unknown,-5.378652744077648,5.377673766395702,2.9391766447818535,-0.02678124923287986,,
H02,81,1523958590953453371,273,206.4933624267578,248.40396118164062,ncc_fail,205.7053680419922,251.72349548339844,0.0014524732225234696,True,205.76307208649143,251.76098076899865,0.026737786222500937,True,both,3,3,completed_3_step_check,completed_3_step_check,Unknown,Unknown,-6.926169300669113,6.910530283005175,3.5693984986858185,-0.03309648550249498,12.24853097911016,12.246074249884995
H02,81,1523958590953453371,574,316.47808837890625,225.0921173095703,ncc_fail,315.5311584472656,228.8612060546875,0.0031308417554753404,True,315.5375007258478,228.9544048579069,0.07245042205859152,True,both,3,3,completed_3_step_check,completed_3_step_check,Unknown,Unknown,-7.095603375926151,7.068386974908107,3.63264323236176,-0.03457779202667091,13.256168897788509,13.242920361062561
H02,81,1523958590953453371,1096,124.68125915527344,188.76300048828125,ncc_fail,124.41801452636719,192.06716918945312,0.003112914513103647,True,124.35693099404077,191.87968053373137,0.008518619365187951,True,both,3,2,completed_3_step_check,ncc_fail,Unknown,Unknown,-6.656120691781345,6.640176593390616,3.531044802458378,-0.03512422468463521,11.918245756915605,7.666248006607656
H02,81,1523958590953453371,1104,410.0,1.0,ncc_fail,409.7771301269531,6.531607627868652,0.7033840597203901,False,409.6425849199295,6.460817337036133,0.18130841165606096,False,neither,0,0,not_accepted,not_accepted,Unknown,Unknown,-6.375256538391113,6.3521881103515625,3.2120778560638428,-0.09497268497943878,,
H02,81,1523958590953453371,1105,431.0,506.0,forward_fail,429.1457824707031,509.40435791015625,0.6233671390653762,False,429.0257030725479,508.7273769378662,0.0557124884404458,False,neither,0,0,not_accepted,not_accepted,Unknown,Unknown,-5.19674015045166,5.193617820739746,2.922903537750244,-0.029425453394651413,,
H02,82,1523958591003086893,237,464.9561462402344,503.57464599609375,ncc_fail,462.8973083496094,506.766845703125,0.1713671659526546,False,462.95945024252654,506.4598379998771,0.029854979276993467,False,neither,0,0,not_accepted,not_accepted,Unknown,Unknown,-5.191313889365927,5.184892587526253,2.877346451121324,-0.026377435114740545,,
H02,82,1523958591003086893,934,167.48887634277344,165.5511016845703,ncc_fail,166.993408203125,169.49314880371094,0.0012818291041575543,True,167.0651296887474,169.48449117841494,0.02581616519883528,True,both,3,3,completed_3_step_check,completed_3_step_check,Unknown,Unknown,-6.449740318091864,6.4276983019951395,3.5431917029971833,-0.0434442185308927,13.812728662468857,13.815445259481493
H02,82,1523958591003086893,1068,270.3531494140625,145.5162353515625,ncc_fail,269.7257385253906,150.4441375732422,0.001061555611018438,True,269.74225910352357,150.18496175492106,0.1269700503713656,True,both,3,3,completed_3_step_check,completed_3_step_check,Unknown,Unknown,-7.223584027756772,7.204006964530322,3.757801409636592,-0.04434419710006726,17.155614736835854,17.166651356113782
H02,82,1523958591003086893,1108,389.0,1.0,ncc_fail,388.591064453125,6.901270866394043,0.4794370783680374,False,388.5265141427517,6.881216049194336,0.10875893694568284,False,neither,0,0,not_accepted,not_accepted,Unknown,Unknown,-5.256293296813965,5.195212364196777,2.9501118659973145,-0.08208142220973969,,
H02,82,1523958591003086893,1109,299.0,4.0,ncc_fail,298.7909240722656,9.211368560791016,0.12874342383107934,True,298.747812718153,8.721216201782227,0.3330516476528332,True,both,3,3,completed_3_step_check,completed_3_step_check,Unknown,Unknown,-6.3434600830078125,6.315976142883301,3.3179931640625,-0.05260201916098595,17.254115895845178,17.253498393933974
H02,82,1523958591003086893,1110,249.0,4.0,ncc_fail,248.85867309570312,8.471519470214844,0.10782671418295492,True,248.84845507144928,7.922104597091675,0.039903634037172425,False,C_only,3,0,completed_3_step_check,not_accepted,Unknown,Unknown,-6.387425422668457,6.3454437255859375,3.4823508262634277,-0.05684483051300049,15.366162510216633,
H02,82,1523958591003086893,1111,401.0,506.0,ncc_fail,399.08245849609375,509.0487976074219,0.17534567059301465,False,399.09700536727905,508.8297324180603,0.026573068158819033,False,neither,0,0,not_accepted,not_accepted,Unknown,Unknown,-5.069414138793945,5.0577592849731445,2.9286673069000244,-0.02981427125632763,,
H02,82,1523958591003086893,1113,279.0,2.0,fb_fail,278.9362487792969,6.96364688873291,0.7896147889939894,False,278.8024713397026,6.245024681091309,0.03482247091320255,False,neither,0,0,not_accepted,not_accepted,Unknown,Unknown,-6.248279571533203,6.220373153686523,3.389192581176758,-0.05362182483077049,,
H02,83,1523958591052602778,74,478.50567626953125,144.64059448242188,ncc_fail,476.8707275390625,149.487060546875,0.020594984931054106,True,477.48156077551204,148.96607101975468,0.06853285384959353,True,both,0,3,ncc_fail,completed_3_step_check,Unknown,Unknown,-7.004515624359401,7.001802201205198,3.40866391863425,-0.04620513852543325,0.0,14.685773980175323
H02,83,1523958591052602778,157,498.1535339355469,501.379638671875,border_fail,496.1695861816406,504.4828796386719,0.05934506966970142,False,496.13799140899306,504.44657142921216,0.025441858162601458,False,neither,0,0,not_accepted,not_accepted,Unknown,Unknown,-5.212514078200922,5.20221390224447,2.9680279685208806,-0.03361826309341889,,
H02,83,1523958591052602778,1116,310.0,2.0,ncc_fail,309.587646484375,7.426658630371094,0.05503719593357643,False,309.63910615444183,6.588037014007568,0.15375477969931114,False,neither,0,0,not_accepted,not_accepted,Unknown,Unknown,-6.2961931228637695,6.26812744140625,3.357231616973877,-0.05083537846803665,,
H02,83,1523958591052602778,1118,286.0,4.0,ncc_fail,285.6387939453125,9.403779029846191,0.03774714660782467,True,285.6698087453842,8.639973640441895,0.14577770963178277,True,both,3,3,completed_3_step_check,completed_3_step_check,Unknown,Unknown,-6.126701354980469,6.091744422912598,3.332883358001709,-0.05735873430967331,18.054051045178078,18.053515975669903
H02,83,1523958591052602778,1121,399.0,509.0,ncc_fail,396.8908996582031,512.264404296875,0.2840261175495867,False,397.0571503639221,511.98141145706177,nan,False,neither,0,0,not_accepted,not_accepted,Unknown,Unknown,-4.9382219314575195,4.932685375213623,2.899110794067383,-0.03215142711997032,,
H02,84,1523958591102322975,323,275.1458740234375,501.3191223144531,border_fail,273.46661376953125,504.5882873535156,0.5644657082458564,False,273.4058621882336,504.2703878617712,0.05813915370889302,False,neither,0,0,not_accepted,not_accepted,Unknown,Unknown,-5.55496854121863,5.544580122632771,3.0089474271048227,-0.02678227807403384,,
H02,84,1523958591102322975,1082,155.38336181640625,232.6070556640625,ncc_fail,154.56126403808594,236.9051971435547,0.0036427622587488456,True,154.57202053942456,236.7929053449795,0.006135941342850659,True,both,1,1,ncc_fail,ncc_fail,Unknown,Unknown,-6.804322938992335,6.779081088817936,3.527842265832529,-0.03540852146794676,4.686868709830899,4.709318770192981
H02,84,1523958591102322975,1119,441.37396240234375,66.26909637451172,ncc_fail,440.3265380859375,70.7947998046875,0.07809014735053839,True,440.578869754776,70.74154908991869,0.08420602214905512,True,both,3,2,completed_3_step_check,ncc_fail,Unknown,Unknown,-7.14193525734079,7.13220979441475,3.518052877496069,-0.06033579913616804,14.246669115565938,9.348979860377368
H02,85,1523958591152125206,29,471.4818115234375,398.5787048339844,ncc_fail,469.4926452636719,402.4913024902344,0.010155936383026906,True,469.44559389274843,402.61189882218275,0.1049688956276952,True,both,3,3,completed_3_step_check,completed_3_step_check,Unknown,Unknown,-6.435300879428251,6.412573909486676,3.364287248889241,-0.03432907167595199,14.351118870308422,14.36587407810399
H02,85,1523958591152125206,51,460.5177307128906,406.7223815917969,ncc_fail,458.4766540527344,410.6938171386719,0.002166748046875,True,458.46890384661646,410.72038071079106,0.10300403924971352,True,both,3,3,completed_3_step_check,completed_3_step_check,Unknown,Unknown,-6.409550653401393,6.394592312918624,3.3566575790569564,-0.0330771946994573,14.272791008912376,14.273768249273228
H02,85,1523958591152125206,54,468.5543212890625,501.6064147949219,border_fail,466.5306701660156,505.0654296875,0.0859679796613529,False,466.42984510257656,504.8236741577093,0.018678000435426143,False,neither,0,0,not_accepted,not_accepted,Unknown,Unknown,-5.247924202923393,5.236876276753568,2.9862258540292714,-0.03258329698546117,,
H02,85,1523958591152125206,60,439.79132080078125,500.8981628417969,border_fail,437.9009094238281,504.5234069824219,0.3363723823235708,False,437.67380620609003,504.12606634168935,0.01915724459338824,False,neither,0,0,not_accepted,not_accepted,Unknown,Unknown,-5.165367526979116,5.153603554690837,3.0169533365991144,-0.03305440927476502,,
H02,85,1523958591152125206,1066,396.5300598144531,160.34109497070312,ncc_fail,394.8113098144531,165.72425842285156,0.014918703084123993,True,395.2020941986057,166.42974550703832,0.20338181523389068,True,both,3,3,completed_3_step_check,completed_3_step_check,Unknown,Unknown,-7.220835200739298,7.195006978566159,3.7594162941229223,-0.058660652945651856,18.391294998923065,18.513557742668148
H02,85,1523958591152125206,1112,122.391845703125,205.783447265625,ncc_fail,121.58074951171875,210.3004150390625,0.004563908655080514,True,121.62758751349509,210.1380742802947,0.024091775158205892,True,both,3,3,completed_3_step_check,completed_3_step_check,Unknown,Unknown,-6.409362680187115,6.3876974304582745,3.4787553110602545,-0.03841938971048475,15.410718878453409,15.402123437916536
H02,86,1523958591202245398,23,449.4449462890625,325.1865539550781,ncc_fail,447.4839172363281,329.7475280761719,0.0011192090344782867,True,447.50367559811275,329.7093175054362,0.017161457624850204,True,both,3,0,completed_3_step_check,ncc_fail,Unknown,Unknown,-5.9164616734916535,5.898690403254275,3.1541527829261176,-0.03399040919624441,16.060410181708484,0.0
H02,86,1523958591202245398,348,354.04119873046875,500.64678955078125,border_fail,351.9717102050781,504.5126953125,0.48865176924884396,False,351.98655363763885,503.9967018427187,0.040219646819277026,True,S_only,0,0,not_accepted,fb_fail,Unknown,Unknown,-5.27523154226548,5.267069817805249,3.0467141719252036,-0.031007539046142042,,0.0
H02,86,1523958591202245398,1122,8.324951171875,86.97383880615234,border_fail,7.770904541015625,91.37152862548828,0.027671664106495946,False,7.722882632820832,91.40521306891743,0.12961361389411383,False,neither,0,0,not_accepted,not_accepted,Unknown,Unknown,-6.118580928327381,6.064147845486492,3.225188336614507,-0.05444158954151572,,
H02,86,1523958591202245398,1131,334.0,4.0,ncc_fail,332.9491882324219,10.13461685180664,0.14926996424588207,True,332.92800545692444,9.68806505203247,0.4977185819671492,True,both,3,3,completed_3_step_check,completed_3_step_check,Unknown,Unknown,-6.605144023895264,6.591270923614502,3.4558768272399902,-0.06317080557346344,20.03462450594123,20.07850742972427
H02,86,1523958591202245398,1134,95.0,2.0,ncc_fail,94.45818328857422,5.723651885986328,0.2618135081509727,False,94.31919503211975,5.688485622406006,0.0469690069397522,False,neither,0,0,not_accepted,not_accepted,Unknown,Unknown,-5.521768569946289,5.486451148986816,3.070746898651123,-0.04353620857000351,,
H02,87,1523958591252157180,12,407.5909118652344,373.8657531738281,ncc_fail,405.4023742675781,378.4624328613281,0.0006224389054678692,True,405.3688217980011,378.43052497619,0.01858715210131926,True,both,3,3,completed_3_step_check,completed_3_step_check,Unknown,Unknown,-6.486715278262803,6.46387877154063,3.3942323937246015,-0.03186657668996071,16.065577381326552,16.062391716119244
H02,87,1523958591252157180,259,476.0768127441406,503.9814758300781,ncc_fail,473.832763671875,507.601318359375,0.12458963387270262,False,473.68906448090104,507.58551735482905,0.03225815005899657,False,neither,0,0,not_accepted,not_accepted,Unknown,Unknown,-5.113504919209463,5.104422175817098,2.944861571194348,-0.036053428655632755,,
H02,87,1523958591252157180,370,442.5010070800781,297.7901611328125,ncc_fail,440.4198303222656,302.6731872558594,0.0018129085376317317,True,440.39657676800033,302.6646382901387,0.0194522603338482,True,both,3,3,completed_3_step_check,completed_3_step_check,Unknown,Unknown,-6.4322561530606635,6.4003169978317676,3.3628379895610374,-0.037787468554199025,16.82247602535369,16.82521743551168
H02,87,1523958591252157180,949,398.48834228515625,500.56939697265625,border_fail,396.2986755371094,504.2181701660156,0.0914093318647896,False,396.1743876528413,504.157946834173,0.07199409739574701,False,neither,0,0,not_accepted,not_accepted,Unknown,Unknown,-5.1746602494991425,5.170866047723782,3.112918974937383,-0.03771828837072122,,
H02,87,1523958591252157180,1126,475.7555236816406,119.68122863769531,ncc_fail,474.4338684082031,124.45537567138672,0.005733656230453016,True,474.3673926171365,124.49278536969051,0.011894944672405457,True,both,3,3,completed_3_step_check,completed_3_step_check,Unknown,Unknown,-7.374066243410542,7.364125909812077,3.731143278011779,-0.041452639340026375,15.690677949185277,15.691876373107112
H02,87,1523958591252157180,1137,378.0,1.0,ncc_fail,376.6200256347656,7.799388885498047,0.5933578531372871,False,376.55724024772644,8.139960765838623,0.496169913646783,True,S_only,0,3,not_accepted,completed_3_step_check,Unknown,Unknown,-5.662093162536621,5.611174583435059,3.1114237308502197,-0.08348799496889114,,22.171551031508436
H02,87,1523958591252157180,1139,275.0,2.0,ncc_fail,273.5576477050781,8.20947265625,0.4409215095190125,True,273.65421986579895,8.219565868377686,0.052249935167473754,True,both,3,3,completed_3_step_check,completed_3_step_check,Unknown,Unknown,-6.173466682434082,6.1235671043396,3.3725948333740234,-0.062148332595825195,20.49562867017899,20.49722409413941
H02,88,1523958591302160959,153,427.3492126464844,500.61358642578125,border_fail,424.975341796875,504.35528564453125,0.07889726535709465,False,424.96706312774415,504.31994736351123,0.033422267872640146,False,neither,0,0,not_accepted,not_accepted,Unknown,Unknown,-5.013476369621744,5.01156406275799,2.9944491315474004,-0.03653283720684785,,
H02,88,1523958591302160959,413,495.17279052734375,503.6599426269531,ncc_fail,492.8515930175781,507.5328369140625,0.22021617170047655,False,492.81600865798674,507.2812332053098,0.03767178062712468,False,neither,0,0,not_accepted,not_accepted,Unknown,Unknown,-5.131937841790237,5.128971199317127,2.989834930813217,-0.04157456703565129,,
H02,88,1523958591302160959,1135,435.69354248046875,85.37100982666016,ncc_fail,434.4341125488281,90.3189926147461,0.01937521505861367,True,434.30483421480733,90.20497857996776,0.035390173283129656,True,both,2,3,ncc_fail,completed_3_step_check,Unknown,Unknown,-7.20261296627236,7.206385320686084,3.514423490312255,-0.04944236070630356,10.46940547350946,15.819676625641485
H02,88,1523958591302160959,1144,298.0,4.0,ncc_fail,296.4795837402344,10.415491104125977,0.08301071609386941,True,296.4999340772629,10.358564853668213,0.03788127456087697,True,both,3,3,completed_3_step_check,completed_3_step_check,Unknown,Unknown,-6.1049275398254395,6.073779106140137,3.185929775238037,-0.05079348385334015,21.005674248144434,21.00651710358497
H02,88,1523958591302160959,1145,242.0,2.0,ncc_fail,240.50115966796875,7.910189628601074,0.6384784074380672,False,240.60259914398193,7.735247611999512,0.47312025955754683,False,neither,0,0,not_accepted,not_accepted,Unknown,Unknown,-5.864711761474609,5.823792934417725,3.134627342224121,-0.07641525566577911,,
H02,89,1523958591352806760,67,507.9674987792969,503.8108825683594,ncc_fail,505.9645690917969,507.46826171875,0.3387034457582198,False,505.6781358549064,507.4546994839846,0.03881967282304726,False,neither,0,0,not_accepted,not_accepted,Unknown,Unknown,-4.858063702462811,4.849253004783921,3.034412794635985,-0.04493498742826622,,
H02,89,1523958591352806760,101,481.3390197753906,503.0066223144531,ncc_fail,478.8263244628906,506.9263610839844,0.17164506487167555,False,479.0144375170706,506.71981104029624,0.04870317196238914,False,neither,0,0,not_accepted,not_accepted,Unknown,Unknown,-5.137870874907831,5.137254556276243,3.0001746388976644,-0.039208478435206785,,
H02,89,1523958591352806760,222,431.4835510253906,245.70497131347656,ncc_fail,429.44854736328125,252.5280303955078,0.05632327434867929,True,429.27056602439416,252.23258052154713,0.7309881034520945,True,both,1,2,ncc_fail,ncc_fail,Unknown,Unknown,-7.344488556203363,7.30935462093031,3.703401037172041,-0.06479888341873263,7.129326333331198,14.34742188286238
H02,89,1523958591352806760,593,363.41705322265625,503.4722595214844,forward_fail,361.03631591796875,508.4241943359375,1.08309650315968,False,361.16035770858144,507.1888396021056,0.08950656443857186,False,neither,0,0,not_accepted,not_accepted,Unknown,Unknown,-5.197671222656378,5.195867274435505,3.0639213939872567,-0.03726224074778893,,
H02,89,1523958591352806760,815,332.3503112792969,180.14422607421875,ncc_fail,330.5184631347656,186.12347412109375,0.02129910520909441,True,330.39579630581704,186.60886612155463,0.5427365009248233,True,both,1,1,ncc_fail,ncc_fail,Unknown,Unknown,-7.588984764784342,7.570958570172313,3.8141517085148053,-0.06056558133787606,6.493194324843428,6.461373809349707
H02,89,1523958591352806760,1070,8.97773265838623,128.89144897460938,border_fail,7.424227714538574,134.05630493164062,0.07134851284470715,False,7.721352885876703,133.5656997865926,0.0696298427412602,False,neither,0,0,not_accepted,not_accepted,Unknown,Unknown,-5.696930330696306,5.663742820675122,3.052596531244257,-0.06014601614911567,,
H02,89,1523958591352806760,1081,108.470458984375,272.4779357910156,ncc_fail,106.93860626220703,277.5508117675781,0.001625472898631076,True,106.95236691013807,277.4287224856996,0.018441106140846587,True,both,3,3,completed_3_step_check,completed_3_step_check,Unknown,Unknown,-6.721162017072839,6.704572403619402,3.4957117927154098,-0.03484394784910444,16.529494855020932,16.519239822595456
H02,89,1523958591352806760,1149,307.0,3.0,fb_fail,305.4092102050781,9.536428451538086,1.0946485542021576,False,305.39638340473175,9.26508903503418,0.17190985330497024,True,S_only,0,3,not_accepted,completed_3_step_check,Unknown,Unknown,-6.261685848236084,6.223683834075928,3.232616901397705,-0.058285459876060486,,21.019777796775866
H02,89,1523958591352806760,1151,338.0,2.0,fb_fail,336.4390869140625,8.66244125366211,0.7100448228535459,True,336.43075013160706,8.148041725158691,0.06645019398905846,True,both,0,0,ncc_fail,ncc_fail,Unknown,Unknown,-6.182673454284668,6.1588053703308105,3.323819637298584,-0.06885665655136108,0.0,0.0
H02,89,1523958591352806760,1153,284.0,1.0,fb_fail,282.3681945800781,7.598226547241211,0.4530178802484303,False,282.38698279857635,7.328286647796631,0.23970826061351194,False,neither,0,0,not_accepted,not_accepted,Unknown,Unknown,-6.045145511627197,6.003060340881348,3.2240443229675293,-0.05952955782413483,,
H02,90,1523958591402324109,254,153.24974060058594,309.44384765625,ncc_fail,151.4986114501953,314.63037109375,0.0030874454459687345,True,151.59326660305138,314.6232519384305,0.02599950889274853,True,both,3,3,completed_3_step_check,completed_3_step_check,Unknown,Unknown,-6.4990089766012815,6.478645336555818,3.3933506004027425,-0.032483584245997926,16.592384676992513,16.583561161322745
H02,90,1523958591402324109,347,336.03204345703125,503.8408508300781,ncc_fail,333.4410095214844,508.1277160644531,0.34328299194661427,False,333.7531282005318,507.8010444590752,0.15279469866649942,False,neither,0,0,not_accepted,not_accepted,Unknown,Unknown,-5.35733853507748,5.347033732636431,3.0488949183805416,-0.0386112801960505,,
H02,90,1523958591402324109,938,276.6219482421875,114.01451110839844,ncc_fail,274.4277648925781,121.938720703125,0.007625014001215916,True,274.5010630998009,121.36888343595916,0.1810280066619285,True,both,3,3,completed_3_step_check,completed_3_step_check,Unknown,Unknown,-7.193655694960546,7.175034018027173,3.5406982277454366,-0.05853322351524163,24.496249887671304,24.519989113825556
H02,90,1523958591402324109,1069,184.38784790039062,238.38278198242188,ncc_fail,182.56956481933594,244.1280517578125,0.0009656535236997522,True,182.64569998325854,244.08929815748382,0.05739089236483703,True,both,3,3,completed_3_step_check,completed_3_step_check,Unknown,Unknown,-7.758107040136535,7.728017880230608,3.906658251701204,-0.040131875826346995,18.180864628983922,18.184417872132357
H02,90,1523958591402324109,1074,9.3673734664917,79.64260864257812,border_fail,8.018793106079102,83.95523071289062,0.006712167765916298,True,7.975033938070372,83.78347626415022,0.13327280927422552,False,C_only,0,0,border_fail,not_accepted,Unknown,Unknown,-6.189030391761604,6.163632238592266,3.1782105988923237,-0.0580986669998495,0.0,
H02,90,1523958591402324109,1088,196.3866424560547,373.45947265625,ncc_fail,194.52317810058594,378.5103454589844,0.0008291856792720658,True,194.58290857990386,378.3941862991261,0.028015003263936133,True,both,3,3,completed_3_step_check,completed_3_step_check,Unknown,Unknown,-6.55686364561965,6.545434949288033,3.4209787044992854,-0.0322486708840502,16.32340925264832,16.315222308998973
H02,90,1523958591402324109,1155,373.0,1.0,backward_fail,371.3548583984375,8.298852920532227,1.2984060291780817,False,371.22959327697754,8.594190120697021,0.1171365626963687,True,S_only,0,3,not_accepted,completed_3_step_check,Unknown,Unknown,-6.302961349487305,6.247835159301758,3.252119779586792,-0.08156505227088928,,22.007882751117798
H02,90,1523958591402324109,1157,504.0,510.0,ncc_fail,501.71673583984375,513.7225341796875,0.15307445008010745,False,501.6028530597687,513.6751751899719,nan,False,neither,0,0,not_accepted,not_accepted,Unknown,Unknown,-4.8457136154174805,4.832790374755859,2.8581714630126953,-0.03754029795527458,,
H02,90,1523958591402324109,1159,52.0,4.0,ncc_fail,50.466617584228516,8.852399826049805,0.08910652117162639,True,50.576590180397034,8.704418182373047,0.01984474878255296,True,both,3,3,completed_3_step_check,completed_3_step_check,Unknown,Unknown,-5.423345565795898,5.366426944732666,3.22236704826355,-0.06855341792106628,15.684187617356184,15.694535274796793
H02,90,1523958591402324109,1161,262.0,1.0,ncc_fail,260.1943664550781,7.739437103271484,0.4358237575846936,False,260.23121190071106,7.669827938079834,0.11347169611730368,False,neither,0,0,not_accepted,not_accepted,Unknown,Unknown,-5.9825944900512695,5.944793701171875,3.237236738204956,-0.060469914227724075,,
H02,91,1523958591453781030,41,411.734130859375,501.2912902832031,border_fail,409.3810119628906,505.8777160644531,0.5296035288260017,False,409.39268370023757,505.2180569559257,0.06080997905615397,False,neither,0,0,not_accepted,not_accepted,Unknown,Unknown,-4.52565690349082,4.511395497272577,3.066782383270157,-0.05028137986167999,,
H02,91,1523958591453781030,116,454.5469970703125,501.864501953125,border_fail,452.1993408203125,505.9378356933594,0.09493249943618165,False,452.1765521628644,505.74243653735005,0.06356989047211907,False,neither,0,0,not_accepted,not_accepted,Unknown,Unknown,-4.843261174307699,4.834604975178749,3.039483799551533,-0.04337093423351823,,
H02,91,1523958591453781030,135,377.9156799316406,500.88983154296875,border_fail,375.6612548828125,505.17913818359375,0.1974035290918102,False,375.62297995478076,504.8252141605499,0.0677616787698883,False,neither,0,0,not_accepted,not_accepted,Unknown,Unknown,-4.891088046006846,4.876665586321968,3.0125774144844017,-0.042388683835103275,,
H02,91,1523958591453781030,1061,376.7200927734375,176.4582061767578,fb_fail,374.52630615234375,182.91067504882812,0.13366725782254793,True,374.42733177976277,184.04019465904034,0.6430743298783187,True,both,3,3,completed_3_step_check,completed_3_step_check,Unknown,Unknown,-6.096792793092862,6.074207505374138,3.1388501717484214,-0.07697494627331461,19.74649546495354,18.69034900181181
H02,91,1523958591453781030,1065,159.4401092529297,178.328369140625,ncc_fail,157.5688018798828,184.38162231445312,0.0008782755390111182,True,157.62025614754342,184.28305480984756,0.02843952552521756,True,both,3,3,completed_3_step_check,completed_3_step_check,Unknown,Unknown,-7.438309992954622,7.420236621140573,3.83633262853127,-0.043478356883051544,18.66334443469484,18.642720331760657
H02,91,1523958591453781030,1073,100.23016357421875,201.65164184570312,ncc_fail,98.51449584960938,207.3773651123047,0.0008007593849732621,True,98.54766239641253,207.25146451818242,0.052637664068110886,True,both,3,3,completed_3_step_check,completed_3_step_check,Unknown,Unknown,-7.177213692483613,7.153902246763369,3.71709256978814,-0.03674079803014934,17.591505331127173,17.565963806762905
H02,91,1523958591453781030,1162,449.42218017578125,157.2490997314453,ncc_fail,447.6751403808594,162.52218627929688,0.005767842449173101,True,447.6935855465123,162.57128585508923,0.013371828821670581,True,both,3,3,completed_3_step_check,completed_3_step_check,Unknown,Unknown,-7.311510691860166,7.314918650137526,3.566416109558075,-0.049909468501549134,16.233310391745476,16.255742682055246
H02,91,1523958591453781030,1164,285.0,2.0,ncc_fail,283.0858459472656,8.846254348754883,0.12374396241655171,True,283.13126838207245,8.899444580078125,0.048262359742807966,True,both,3,3,completed_3_step_check,completed_3_step_check,Unknown,Unknown,-6.013721466064453,5.98097562789917,3.1791718006134033,-0.043496645987033844,20.943127329933688,20.942745159444218
H02,91,1523958591453781030,1165,387.0,4.0,ncc_fail,385.30218505859375,11.12834358215332,0.06362023236764845,True,385.1219506263733,11.121739387512207,0.5249621324134165,True,both,3,3,completed_3_step_check,completed_3_step_check,Unknown,Unknown,-6.2690935134887695,6.205904960632324,2.7254576683044434,-0.08581206202507019,20.80861371218201,20.820202277431477
H02,91,1523958591453781030,1166,366.0,3.0,ncc_fail,364.27398681640625,10.205336570739746,0.1948581460037013,True,363.9733896255493,10.711251258850098,0.09914275107661559,True,both,3,3,completed_3_step_check,completed_3_step_check,Unknown,Unknown,-6.406450271606445,6.338301658630371,3.165389060974121,-0.08695628494024277,21.051639621109725,21.136044513551592
H02,91,1523958591453781030,1167,7.0,84.0,border_fail,5.58248233795166,88.43045043945312,0.013148353177044403,False,5.44920289516449,88.56807565689087,0.15530088321410673,False,neither,0,0,not_accepted,not_accepted,Unknown,Unknown,-5.95645809173584,5.939431190490723,3.227018356323242,-0.049578942358493805,,
H02,91,1523958591453781030,1170,317.0,1.0,fb_fail,315.2220764160156,7.700956344604492,0.5819723631582443,False,315.13316452503204,7.991154193878174,0.06627983407728044,False,neither,0,0,not_accepted,not_accepted,Unknown,Unknown,-5.795202255249023,5.76194953918457,3.045144557952881,-0.03832177445292473,,
H02,92,1523958591503104463,70,187.4844207763672,280.06463623046875,ncc_fail,185.52548217773438,285.6036682128906,0.0013483106710433668,True,185.5674228847264,285.55263826809124,0.022030062395069498,True,both,3,3,completed_3_step_check,completed_3_step_check,Unknown,Unknown,-7.367454521538692,7.345604040178625,3.748329768025633,-0.035272786324512535,17.086413538986765,17.08690829627873
H02,92,1523958591503104463,111,394.26837158203125,500.28057861328125,border_fail,391.8881530761719,504.5087585449219,0.1595001972475297,False,391.7994796234269,504.33243706514185,0.08899460071813722,False,neither,0,0,not_accepted,not_accepted,Unknown,Unknown,-5.093965347107574,5.0882577964797004,3.035756941045526,-0.03837083877094841,,
H02,92,1523958591503104463,173,520.676513671875,501.7120056152344,border_fail,518.5584716796875,505.60125732421875,0.16212073826317164,False,518.3421112689612,505.35931812339277,0.09710599012218059,False,neither,0,0,not_accepted,not_accepted,Unknown,Unknown,-5.030319479579319,5.024362615256383,3.0877295990654616,-0.04408570973732673,,
H02,92,1523958591503104463,305,489.47772216796875,503.05242919921875,ncc_fail,486.66229248046875,507.9038391113281,1.0257061109674444,False,487.07378756612667,506.8664167121804,0.09759475041685983,False,neither,0,0,not_accepted,not_accepted,Unknown,Unknown,-4.992538561307963,4.988989139355439,3.0250102093079754,-0.03873177676115093,,
H02,92,1523958591503104463,365,507.8642272949219,501.072509765625,border_fail,505.6848449707031,504.995361328125,0.20490258515099855,False,505.50319353411373,504.8021548054181,0.08904596982330479,False,neither,0,0,not_accepted,not_accepted,Unknown,Unknown,-5.118457931816508,5.104149379774572,3.102736855167853,-0.04153633703990403,,
H02,92,1523958591503104463,983,80.5369873046875,500.5562744140625,border_fail,79.14682006835938,504.1876525878906,0.07935212366096402,False,79.14083827891686,503.96857135705176,0.026850941673238815,True,S_only,0,0,not_accepted,ncc_fail,Unknown,Unknown,-5.568475073117867,5.554302895241911,3.040683890354636,-0.03287804728420746,,0.0
H02,92,1523958591503104463,1133,113.31193542480469,241.6592559814453,ncc_fail,111.51893615722656,247.3617401123047,0.0005937218157453527,True,111.5390480230786,247.1779325992942,0.032585408983670835,True,both,3,3,completed_3_step_check,completed_3_step_check,Unknown,Unknown,-6.937168148028137,6.91722056440012,3.6204651650539756,-0.04220143354707649,17.206259426793842,17.230587119658125
H02,92,1523958591503104463,1156,334.4911804199219,18.681474685668945,ncc_fail,332.5758361816406,25.579360961914062,0.005604033078620206,True,332.6418210342321,25.388958265612196,0.07136342545292926,True,both,3,3,completed_3_step_check,completed_3_step_check,Unknown,Unknown,-5.9710652162356865,5.946154008743028,3.200824542701789,-0.060540057107639274,20.718465445135,20.703423402076524
H02,92,1523958591503104463,1173,267.7467041015625,124.54959869384766,ncc_fail,265.39263916015625,132.4481658935547,0.0007690565925481312,True,265.64331041952806,131.1238076654231,0.2846453195282217,True,both,3,3,completed_3_step_check,completed_3_step_check,Unknown,Unknown,-6.8100792060867885,6.804388286630754,3.2153664451795825,-0.06855264164370861,23.29725115588499,23.516662416369666
H02,92,1523958591503104463,1174,356.0,4.0,ncc_fail,354.26983642578125,10.822240829467773,0.6218968316385786,True,354.19873309135437,11.110610961914062,0.14791828006115915,True,both,3,3,completed_3_step_check,completed_3_step_check,Unknown,Unknown,-5.981605529785156,5.951361656188965,3.1303231716156006,-0.09976240992546082,19.96558802591977,19.957183537280613
H02,92,1523958591503104463,1180,5.0,88.0,ncc_fail,3.433535575866699,92.41781616210938,0.00972006590194645,False,3.3460679054260254,92.65079498291016,0.30228738553359025,False,neither,0,0,not_accepted,not_accepted,Unknown,Unknown,-5.60003662109375,5.572910308837891,3.1618564128875732,-0.05543205887079239,,
H02,92,1523958591503104463,1185,83.0,4.0,backward_fail,81.18012237548828,8.753934860229492,nan,False,81.43929672241211,8.758890151977539,0.09891082920556256,True,S_only,0,3,not_accepted,completed_3_step_check,Unknown,Unknown,-5.744370460510254,5.6958417892456055,3.294285297393799,-0.05531581491231918,,14.825335439128771
H02,93,1523958591552950306,33,451.65704345703125,363.537109375,ncc_fail,449.3922424316406,368.51171875,0.0013610292432237401,True,449.3615736374606,368.51074418986246,0.07364717331156273,True,both,3,3,completed_3_step_check,completed_3_step_check,Unknown,Unknown,-6.203232812326689,6.177307993297802,3.2627271505369038,-0.03298044101457531,15.70121909794146,15.702740484414628
H02,93,1523958591552950306,185,465.02252197265625,503.18609619140625,ncc_fail,462.79058837890625,507.16229248046875,0.12671272551612547,False,462.61071164475436,506.9799796498886,0.06863055160196999,False,neither,0,0,not_accepted,not_accepted,Unknown,Unknown,-5.17049335224643,5.162492275568571,3.0181428225879072,-0.035506949431215226,,
H02,93,1523958591552950306,684,570.419189453125,285.6952209472656,ncc_fail,568.5825805664062,290.1839599609375,0.0019116772172077423,True,568.6198585183298,290.17702057669857,0.029644487855164273,True,both,3,3,completed_3_step_check,completed_3_step_check,Unknown,Unknown,-7.49362508336166,7.47421019462136,3.793783205287683,-0.03837734684008287,13.979057700886345,13.976481027276757
H02,93,1523958591552950306,1172,145.398193359375,330.49334716796875,ncc_fail,143.51263427734375,335.56158447265625,0.0005678648091408812,True,143.57307842033043,335.5133796159135,0.025869394536446565,True,both,3,3,completed_3_step_check,completed_3_step_check,Unknown,Unknown,-6.357002857902543,6.333017204076114,3.3336570173395366,-0.032261965707441,15.322758184731244,15.30940952070548
H02,93,1523958591552950306,1187,298.0,4.0,ncc_fail,296.11041259765625,10.403406143188477,0.5267286979548718,True,296.2834334373474,10.488767623901367,0.5193268582704114,True,both,3,3,completed_3_step_check,completed_3_step_check,Unknown,Unknown,-5.939730167388916,5.915372371673584,3.1960458755493164,-0.0402032807469368,18.595304206210976,18.594249248300038
H02,93,1523958591552950306,1190,4.0,92.0,ncc_fail,2.4413318634033203,96.30716705322266,0.018281909308813567,False,2.293997049331665,96.3638105392456,0.3419956581500177,False,neither,0,0,not_accepted,not_accepted,Unknown,Unknown,-5.538586616516113,5.514690399169922,3.119760036468506,-0.05256110429763794,,
H02,93,1523958591552950306,1191,146.0,4.0,ncc_fail,144.02110290527344,9.401815414428711,0.07454987316186015,True,144.25850784778595,9.154677391052246,0.07016932240473633,True,both,3,3,completed_3_step_check,completed_3_step_check,Unknown,Unknown,-5.798330307006836,5.764150142669678,3.3445441722869873,-0.05351906269788742,16.427323594173146,16.446259962111615
H02,93,1523958591552950306,1193,1.0,151.0,forward_fail,-1.3758373260498047,156.69505310058594,0.5558167748631285,False,-0.5652374029159546,155.89003944396973,nan,False,neither,0,0,not_accepted,not_accepted,Unknown,Unknown,-5.222917556762695,5.209233283996582,2.7993597984313965,-0.05505078285932541,,
H02,94,1523958591603967963,164,490.3564147949219,213.45828247070312,ncc_fail,488.6180725097656,218.52247619628906,0.004641406608354227,True,488.6315119068954,218.4391764247816,0.02173567762743913,True,both,3,3,completed_3_step_check,completed_3_step_check,Unknown,Unknown,-7.744298903244565,7.733654995176445,3.9073449127560553,-0.04085263648640823,14.577038232699246,14.575376934309256
H02,94,1523958591603967963,199,360.22955322265625,499.866943359375,border_fail,358.2568359375,504.049560546875,0.27580428337973284,False,357.9437692184572,503.8385649223022,0.06901168220782515,True,S_only,0,0,not_accepted,ncc_fail,Unknown,Unknown,-5.437052686976138,5.4353670084947865,2.991469155566346,-0.03655780878492748,,0.0
H02,94,1523958591603967963,315,530.4916381835938,265.83154296875,ncc_fail,528.6649780273438,270.62713623046875,0.01623400345561637,True,528.6923690140096,270.5652216016762,0.0459355175278027,True,both,3,3,completed_3_step_check,completed_3_step_check,Unknown,Unknown,-7.128872816303158,7.101900558832114,3.643206433964558,-0.03434200813158084,14.34692318472548,14.332833967995317
H02,94,1523958591603967963,476,528.3795776367188,499.26422119140625,fb_fail,525.4309692382812,503.97125244140625,1.1318170843784099,False,526.1402024021675,502.91697878101127,0.08730269211239462,True,S_only,0,0,not_accepted,ncc_fail,Unknown,Unknown,-5.180932786490766,5.169616327667065,3.0498668423639286,-0.04300751852057624,,0.0
H02,94,1523958591603967963,696,114.29291534423828,439.31207275390625,ncc_fail,112.5201644897461,443.6669616699219,0.003908424964034327,True,112.61307373386848,443.37114411361233,0.08177161240368387,True,both,3,3,completed_3_step_check,completed_3_step_check,Unknown,Unknown,-5.911988968923266,5.885517277035173,3.154209434786674,-0.03797887846750335,12.827303843217996,12.89677442650174
H02,94,1523958591603967963,776,373.1581115722656,192.6596221923828,fb_fail,370.897705078125,200.0908203125,0.006281359794947647,True,370.75878228395504,200.82789836466998,0.38436126951019245,True,both,3,3,completed_3_step_check,completed_3_step_check,Unknown,Unknown,-7.244058689907282,7.191608281274192,3.566188667277321,-0.08368785405378176,24.423146573722843,24.111673805039707
H02,94,1523958591603967963,828,273.5592041015625,298.4737243652344,ncc_fail,271.53216552734375,303.7398986816406,0.013176562942311268,True,271.48193201113656,303.9040786004456,0.10642144866981905,True,both,0,2,ncc_fail,ncc_fail,Unknown,Unknown,-6.901701646380335,6.879923670123821,3.545965285941742,-0.03695364712433552,0.0,10.940003300599225
H02,94,1523958591603967963,989,58.55562973022461,503.78363037109375,ncc_fail,57.33921432495117,507.37921142578125,0.37113345594114966,False,57.051446274739156,507.0551205764462,0.026141571282684045,False,neither,0,0,not_accepted,not_accepted,Unknown,Unknown,-5.714175173940743,5.69414296890613,3.190959342195379,-0.03823735994041155,,
H02,94,1523958591603967963,1024,350.5139465332031,160.99945068359375,ncc_fail,348.3271484375,167.67808532714844,0.00872985447252291,True,348.33613758148795,168.04873334659712,0.0458148356421691,True,both,3,3,completed_3_step_check,completed_3_step_check,Unknown,Unknown,-6.962006491500792,6.938614333627985,3.514141112217821,-0.07240999018726878,18.89847275948404,18.955266050496448
H02,94,1523958591603967963,1199,373.0,2.0,fb_fail,371.69219970703125,7.492140293121338,0.7129803389224619,False,371.4161956310272,7.540045738220215,1.5945676432108653,False,neither,0,0,not_accepted,not_accepted,Unknown,Unknown,-6.226567268371582,6.184739112854004,2.86671781539917,-0.06245260313153267,,
H02,94,1523958591603967963,1201,1.0,96.0,ncc_fail,-0.6576919555664062,100.20781707763672,0.031657071952863595,False,-0.7413778305053711,100.40441608428955,nan,False,neither,0,0,not_accepted,not_accepted,Unknown,Unknown,-5.098545074462891,5.081480026245117,3.0719943046569824,-0.056800562888383865,,
H02,95,1523958591652786266,71,451.54949951171875,501.4613037109375,border_fail,449.1436462402344,505.3960876464844,0.1034932112269877,False,449.2654423124104,505.22197842343417,0.050684613512304674,False,neither,0,0,not_accepted,not_accepted,Unknown,Unknown,-5.385532144120724,5.3835194421398676,3.0482066964819055,-0.03766796014879076,,
H02,95,1523958591652786266,755,428.5857238769531,501.1836242675781,border_fail,426.16461181640625,505.0970764160156,0.022232574058882505,False,426.30003384863534,505.0009930762372,0.046598807361434215,False,neither,0,0,not_accepted,not_accepted,Unknown,Unknown,-5.302204505668319,5.299045160871163,3.08888915801007,-0.03908034158095634,,
H02,95,1523958591652786266,899,8.520405769348145,376.61236572265625,border_fail,7.190960884094238,380.52001953125,0.02231524981831642,False,7.0729132389070735,380.5984787070024,0.1355581155869459,False,neither,0,0,not_accepted,not_accepted,Unknown,Unknown,-5.560169539726566,5.535067867856325,3.066251296887436,-0.05226756609633844,,
H02,95,1523958591652786266,972,407.69818115234375,501.2486877441406,border_fail,405.35198974609375,505.2342224121094,0.08248441276180894,False,405.426751065558,505.0979291281804,0.04531679507935158,False,neither,0,0,not_accepted,not_accepted,Unknown,Unknown,-5.233449049497459,5.2276990022039564,3.0601385846804274,-0.03775423712711864,,
H02,95,1523958591652786266,1188,329.3017578125,38.47723388671875,ncc_fail,327.5099182128906,44.942665100097656,0.004365720615145428,True,327.5913049588736,44.93279532706859,0.10910085635218687,True,both,3,3,completed_3_step_check,completed_3_step_check,Unknown,Unknown,-7.138474409501384,7.117636533379425,3.61557712290697,-0.06768531879358575,18.242205726631788,18.24269366988549
H02,95,1523958591652786266,1207,368.0,2.0,ncc_fail,366.7864990234375,7.1529974937438965,0.1189083312788588,False,366.9832407236099,6.225868225097656,0.05793556531783172,False,neither,0,0,not_accepted,not_accepted,Unknown,Unknown,-6.770676612854004,6.730745315551758,3.398073434829712,-0.06488849222660065,,
H02,95,1523958591652786266,1208,277.0,4.0,ncc_fail,275.2299499511719,10.029760360717773,0.315485288890505,True,275.22478330135345,10.085216999053955,0.04626575778296716,True,both,3,3,completed_3_step_check,completed_3_step_check,Unknown,Unknown,-6.1988019943237305,6.175659656524658,3.326807737350464,-0.05134652182459831,15.922458621254442,15.924683417270149
H02,95,1523958591652786266,1211,5.0,98.0,ncc_fail,3.337294578552246,101.99642181396484,0.04555093035976398,False,3.1726744174957275,102.19009923934937,0.12450851908184324,False,neither,0,0,not_accepted,not_accepted,Unknown,Unknown,-5.613314628601074,5.581329822540283,3.146796226501465,-0.047401152551174164,,
H02,96,1523958591702627595,45,373.4475402832031,503.48577880859375,ncc_fail,371.42694091796875,507.3977355957031,0.24076371297399543,False,371.2834567485386,507.1924219852429,0.05111973268721569,False,neither,0,0,not_accepted,not_accepted,Unknown,Unknown,-5.012442310972662,4.999868014014778,2.859374020109714,-0.03518240892172784,,
H02,96,1523958591702627595,104,550.430908203125,439.5985412597656,ncc_fail,548.4642333984375,443.4388122558594,0.0018170136287358639,True,548.4538269952687,443.3549524681883,0.035033396922505164,True,both,3,3,completed_3_step_check,completed_3_step_check,Unknown,Unknown,-6.533111548370734,6.525981630334648,3.4110039092832096,-0.03596880812133865,12.314031964518504,12.314644246740327
H02,96,1523958591702627595,633,189.18955993652344,503.4982604980469,ncc_fail,187.2819366455078,506.98370361328125,0.0735494668746795,False,187.2787726970175,506.96820636375196,0.1475349887766929,False,neither,0,0,not_accepted,not_accepted,Unknown,Unknown,-5.577624354276408,5.565826737977769,3.0740484549016407,-0.03238332823050161,,
H02,96,1523958591702627595,1026,374.6748352050781,261.16680908203125,ncc_fail,372.41815185546875,267.8365478515625,0.014646307472496506,True,372.7226350787929,267.1914061349669,0.16121613187458275,True,both,3,3,completed_3_step_check,completed_3_step_check,Unknown,Unknown,-7.0304490433933395,7.017195184353452,3.667482554171877,-0.05131550154353212,19.69929190699537,19.604385378199385
H02,96,1523958591702627595,1220,345.0,4.0,ncc_fail,343.8521728515625,8.969532012939453,0.10753692230630107,True,343.80401706695557,8.94857406616211,0.029400724308711115,True,both,3,3,completed_3_step_check,completed_3_step_check,Unknown,Unknown,-6.567703723907471,6.538989067077637,3.353304386138916,-0.06062875688076019,13.660041981750735,13.663947609826176
H02,96,1523958591702627595,1223,3.0,102.0,ncc_fail,1.3771190643310547,105.65167236328125,0.09195098182223334,False,1.2642948627471924,106.08613586425781,0.1419755972745162,False,neither,0,0,not_accepted,not_accepted,Unknown,Unknown,-5.390423774719238,5.3631672859191895,3.153122901916504,-0.054865576326847076,,
H02,97,1523958591754261164,167,460.48516845703125,499.6993103027344,fb_fail,458.38848876953125,504.1111755371094,0.7453902058109919,False,458.3814413562338,503.2350546066673,0.09643202977042732,True,S_only,0,0,not_accepted,ncc_fail,Unknown,Unknown,-5.256566467911968,5.252817763431076,3.1121827257473176,-0.039913098123210033,,0.0
H02,97,1523958591754261164,299,122.1635971069336,376.4646911621094,ncc_fail,120.37584686279297,380.51708984375,0.0030228677854813105,True,120.43164111394316,380.5651791190542,0.011103572447445073,True,both,0,0,ncc_fail,ncc_fail,Unknown,Unknown,-6.529453600053549,6.512034440520614,3.402609213601589,-0.03144832686729231,0.0,0.0
H02,97,1523958591754261164,781,405.6431579589844,207.03399658203125,ncc_fail,403.62945556640625,214.8900909423828,0.13219850276242184,True,403.6716819941588,214.95967725232583,0.22073098909892502,True,both,3,3,completed_3_step_check,completed_3_step_check,Unknown,Unknown,-7.706964571228532,7.630769181321024,3.292441034640272,-0.10778427024463245,20.928072301141803,20.925832432781505
H02,97,1523958591754261164,911,308.58050537109375,131.45968627929688,ncc_fail,306.70159912109375,137.0052490234375,0.03985606218356271,True,306.8879494893097,137.3337264559446,0.1935806691597616,True,both,0,0,ncc_fail,ncc_fail,Unknown,Unknown,-7.899025941004648,7.886454506749078,3.9801264048123555,-0.06264700198930223,0.0,0.0
H02,97,1523958591754261164,1002,142.41897583007812,326.326416015625,ncc_fail,140.57369995117188,330.7631530761719,0.0006196270905837083,True,140.61369153114524,330.78329408635176,0.0012654532831609788,True,both,3,3,completed_3_step_check,completed_3_step_check,Unknown,Unknown,-6.6092729379133175,6.591311027622478,3.432081359020696,-0.030769424590436995,13.48387410658689,13.484320890601982
H02,97,1523958591754261164,1035,340.8083801269531,165.32286071777344,ncc_fail,339.1983947753906,172.83738708496094,0.003195031571105403,True,338.99548651271124,171.9469764708453,0.36797094574576555,True,both,0,0,ncc_fail,ncc_fail,Unknown,Unknown,-7.168954400700615,7.14643560474985,3.618181400194354,-0.07025272652164356,0.0,0.0
H02,97,1523958591754261164,1097,261.46929931640625,124.26850128173828,ncc_fail,259.47216796875,130.87176513671875,0.0006420034633304268,True,259.4740243902308,130.85518767568672,0.11782806840709041,True,both,3,3,completed_3_step_check,completed_3_step_check,Unknown,Unknown,-6.893530490926283,6.8502555828050475,3.5266664171512536,-0.05161593411159719,19.29702199572129,19.29840944621155
H02,97,1523958591754261164,1225,186.0,4.0,ncc_fail,184.15060424804688,8.66183090209961,0.025081965005532177,True,184.40213561058044,8.666941165924072,0.0078107484890142295,True,both,3,3,completed_3_step_check,completed_3_step_check,Unknown,Unknown,-6.391268730163574,6.357352256774902,3.4091882705688477,-0.04512118548154831,13.579774738275924,13.553973260343419
H02,97,1523958591754261164,1227,369.0,508.0,ncc_fail,366.9511413574219,511.6597900390625,0.1339623276001064,False,366.8420145511627,511.60060119628906,nan,False,neither,0,0,not_accepted,not_accepted,Unknown,Unknown,-5.012724876403809,5.002640724182129,2.9441843032836914,-0.04102691262960434,,
H02,97,1523958591754261164,1228,299.0,2.0,ncc_fail,297.7537841796875,6.482429504394531,0.1264133149360864,False,297.790834069252,6.287513732910156,0.13903452153389437,False,neither,0,0,not_accepted,not_accepted,Unknown,Unknown,-6.2585768699646,6.231778144836426,3.2515439987182617,-0.05284881591796875,,
H02,97,1523958591754261164,1229,2.0,105.0,ncc_fail,0.48358154296875,108.44654083251953,0.10577871689907592,False,0.2697012424468994,108.6430344581604,0.11700824317459947,False,neither,0,0,not_accepted,not_accepted,Unknown,Unknown,-5.096721649169922,5.065548419952393,3.1072559356689453,-0.05632873252034187,,
H02,98,1523958591802366871,355,425.5276794433594,501.69903564453125,border_fail,423.3339538574219,505.41253662109375,0.12362556767743167,False,423.45541761898244,505.2900949261939,0.05725084216654955,False,neither,0,0,not_accepted,not_accepted,Unknown,Unknown,-5.0435274061116555,5.043277181257402,2.973578999746724,-0.04450856391010455,,
H02,98,1523958591802366871,824,132.41964721679688,232.1405792236328,ncc_fail,130.54495239257812,236.85568237304688,0.002716964401137037,True,130.6645675224287,236.6850180273432,0.02707737704386823,True,both,3,3,completed_3_step_check,completed_3_step_check,Unknown,Unknown,-7.319741117546044,7.297452631000202,3.8455567971399347,-0.04532467799782418,14.222102403106943,14.22349468763449
H02,98,1523958591802366871,1169,168.44808959960938,283.0917663574219,ncc_fail,166.58749389648438,287.6283264160156,0.004611487793410044,True,166.6555452018058,287.53288680101144,0.03411996130262411,True,both,3,3,completed_3_step_check,completed_3_step_check,Unknown,Unknown,-7.2660049460041884,7.251777517210909,3.706286567685945,-0.03670257154333243,13.838481324724972,13.827856560290614
H02,98,1523958591802366871,1209,104.4454574584961,273.08001708984375,ncc_fail,102.61915588378906,277.5542297363281,0.0036741773129113234,True,102.70514091723187,277.3423995624644,0.04879122734066594,True,both,3,3,completed_3_step_check,completed_3_step_check,Unknown,Unknown,-6.902333913389629,6.886215942699739,3.65012111358585,-0.03998419113961115,13.48835173409703,13.459765341529492
H02,98,1523958591802366871,1240,55.0,2.0,ncc_fail,53.37078094482422,5.259879112243652,0.5099477099700425,False,53.37331008911133,5.350130558013916,0.09308476024060253,False,neither,0,0,not_accepted,not_accepted,Unknown,Unknown,-4.790363788604736,4.755917549133301,2.98266339302063,-0.05287829041481018,,
H02,99,1523958591853384750,5,410.4261169433594,399.074462890625,ncc_fail,408.5326843261719,403.36529541015625,0.0008566692411876342,True,408.52837102171856,403.3265829506519,0.051725475751862156,True,both,3,3,completed_3_step_check,completed_3_step_check,Unknown,Unknown,-6.0818899578462755,6.057923866155139,3.2396653801681765,-0.036717453602522016,13.251321568756968,13.251844664287965
H02,99,1523958591853384750,148,444.2940979003906,503.6272277832031,ncc_fail,442.1326904296875,507.2724914550781,0.13405861813364853,False,442.17262852484765,507.00239236558855,0.10630936322304146,False,neither,0,0,not_accepted,not_accepted,Unknown,Unknown,-4.8680397007668486,4.862528199762784,2.949756186913314,-0.037708757585763114,,
H02,99,1523958591853384750,156,385.8690185546875,501.0408630371094,border_fail,383.5688781738281,505.0738525390625,0.3737733081758958,False,383.7318100696535,504.5059517845688,0.056679362859846004,False,neither,0,0,not_accepted,not_accepted,Unknown,Unknown,-5.38284071999994,5.388923028308582,3.0556959464256925,-0.03956440460590427,,
H02,99,1523958591853384750,163,496.8652648925781,502.3265686035156,border_fail,494.8579406738281,505.79681396484375,0.08829906186879104,False,494.7944370780924,505.64178782426296,0.12238088421108138,False,neither,0,0,not_accepted,not_accepted,Unknown,Unknown,-5.312729873480822,5.305123924070099,2.9727085473487582,-0.03131536262978903,,
H02,99,1523958591853384750,194,536.6698608398438,330.46563720703125,ncc_fail,535.2913208007812,334.5154113769531,0.0015860335034407083,True,535.2804166106666,334.48978647471284,0.038385514928373686,True,both,3,0,completed_3_step_check,ncc_fail,Unknown,Unknown,-6.590726773667447,6.564629186967341,3.4282804111968357,-0.032625223836175624,12.347081510461598,0.0
H02,99,1523958591853384750,226,440.4010009765625,439.6982116699219,ncc_fail,438.569091796875,443.5061950683594,0.003101703112126932,True,438.43496635538,443.5216127971973,0.1039632716226857,True,both,0,0,ncc_fail,ncc_fail,Unknown,Unknown,-5.976665384068514,5.963041991946415,3.181237150608335,-0.033195190293564714,0.0,0.0
H02,99,1523958591853384750,227,470.8385925292969,503.8757019042969,ncc_fail,468.6776428222656,507.3900451660156,0.051119676203766555,False,468.7395591146286,507.2261052652911,0.11316746285581245,False,neither,0,0,not_accepted,not_accepted,Unknown,Unknown,-5.200415553817864,5.195702551429266,2.981549541724594,-0.03184024017753635,,
H02,99,1523958591853384750,389,336.8238220214844,503.8732604980469,ncc_fail,334.91436767578125,507.2346496582031,0.06914647503258456,False,334.6667704724578,507.377402394542,0.05242784684458896,False,neither,0,0,not_accepted,not_accepted,Unknown,Unknown,-5.693184986583544,5.685918229131131,3.0839957310281885,-0.03364953551046391,,
H02,99,1523958591853384750,1094,8.381612777709961,222.32647705078125,border_fail,6.665988922119141,225.60618591308594,0.0847029954934019,False,6.693304614540561,226.01711062539425,0.04960397750326998,False,neither,0,0,not_accepted,not_accepted,Unknown,Unknown,-5.83365312007962,5.814899659556279,3.2365701089954015,-0.053267821347502596,,
H02,99,1523958591853384750,1236,406.1235656738281,217.4716796875,ncc_fail,404.3274841308594,223.39602661132812,0.3851419102942599,True,404.9938028330333,221.7040421844203,0.08808890498225179,True,both,3,0,completed_3_step_check,ncc_fail,Unknown,Unknown,-6.183933604689358,6.214161299214055,2.8715530736987347,-0.08283180560947012,14.592102590474813,0.0
H02,99,1523958591853384750,1245,375.0,4.0,ncc_fail,374.5567626953125,8.069462776184082,0.27233249935629267,True,374.7112134695053,7.543694257736206,0.20870289239473053,False,C_only,3,0,completed_3_step_check,not_accepted,Unknown,Unknown,-6.201696395874023,6.176821708679199,3.298085927963257,-0.0448441281914711,10.909129138693105,
H02,100,1523958591903381538,49,407.65130615234375,501.15850830078125,border_fail,405.52557373046875,504.8544616699219,0.2164462751426694,False,405.53765691736373,504.5112717551985,0.034654721399465904,False,neither,0,0,not_accepted,not_accepted,Unknown,Unknown,-5.367243802869698,5.363670650333145,3.0037753533861027,-0.03362201260028631,,
H02,100,1523958591903381538,166,532.5388793945312,501.84808349609375,border_fail,530.5977783203125,505.2926025390625,0.13073669205494445,False,530.5506511086951,505.0538165840695,0.0369661615238565,False,neither,0,0,not_accepted,not_accepted,Unknown,Unknown,-5.591986907051227,5.588124772115988,3.047898240581781,-0.03652855815940244,,
H02,100,1523958591903381538,1052,212.1983642578125,350.505615234375,ncc_fail,210.25985717773438,354.4822998046875,0.0011660750228602783,True,210.29046268283162,354.5105515653644,0.09127888850987328,True,both,3,3,completed_3_step_check,completed_3_step_check,Unknown,Unknown,-6.780066609126294,6.761681772032546,3.498255692463516,-0.033633126273877934,12.370751252387242,12.37151076089188
H02,100,1523958591903381538,1057,8.821295738220215,95.03466796875,border_fail,7.023519515991211,97.92959594726562,0.07027359109841742,False,7.0567177658354385,97.89793706442681,0.0650471177116933,False,neither,0,0,not_accepted,not_accepted,Unknown,Unknown,-4.978750635156556,4.9550695626882995,2.983090940059869,-0.062043192687183904,,
H02,100,1523958591903381538,1184,290.1700744628906,91.3621597290039,ncc_fail,288.598388671875,96.64485168457031,0.001994543202121962,True,288.61840238948326,96.90861782463894,0.05771331595000067,True,both,2,3,ncc_fail,completed_3_step_check,Unknown,Unknown,-6.996419104845602,6.970953654233043,3.5186958381536173,-0.047910982529772383,10.490625963227084,15.48691526595908
H02,100,1523958591903381538,1244,163.233154296875,291.4297790527344,ncc_fail,161.3253173828125,295.5879821777344,0.005860964241668543,True,161.3541857550643,295.4801617795546,0.049332953932768674,True,both,1,1,ncc_fail,ncc_fail,Unknown,Unknown,-7.548146333234492,7.525459638665637,3.814181463658331,-0.034631547572402194,4.443322764864163,4.443614188286371
H02,100,1523958591903381538,1247,375.0,4.0,ncc_fail,374.6370849609375,7.818268775939941,0.08402263455191579,False,374.57658565044403,7.695714950561523,0.1508732873953668,False,neither,0,0,not_accepted,not_accepted,Unknown,Unknown,-5.957358360290527,5.925416469573975,3.096905469894409,-0.04912160336971283,,
H02,100,1523958591903381538,1248,407.0,221.0,ncc_fail,405.14593505859375,225.79315185546875,0.03573330836670333,True,405.917457818985,225.06587934494019,0.10870196974409364,True,both,3,3,completed_3_step_check,completed_3_step_check,Unknown,Unknown,-6.7195940017700195,6.74927282333374,3.192920684814453,-0.07958833873271942,13.131875657191532,12.921428981401094
H02,100,1523958591903381538,1253,97.0,4.0,ncc_fail,95.33385467529297,6.912527084350586,0.06562253303091636,False,95.47798275947571,6.702644348144531,0.037369762331254844,False,neither,0,0,not_accepted,not_accepted,Unknown,Unknown,-3.810234546661377,3.800023078918457,2.426793098449707,-0.04767211154103279,,
H02,101,1523958591952772105,230,323.8490905761719,501.3859558105469,border_fail,321.78558349609375,504.56640625,0.06926379681942678,False,321.7533256569683,504.5941766646765,0.03811666064896544,False,neither,0,0,not_accepted,not_accepted,Unknown,Unknown,-5.842934527119401,5.846757917253738,3.216561336421922,-0.03701632974390172,,
H02,101,1523958591952772105,284,304.5109558105469,501.50732421875,border_fail,302.7313537597656,504.6282043457031,0.15835997376707497,False,302.41563915903316,504.7039403842586,0.031782386672972125,False,neither,0,0,not_accepted,not_accepted,Unknown,Unknown,-5.941054409954404,5.93241695472161,3.2194141641261815,-0.033432174873656295,,
H02,101,1523958591952772105,342,507.5350341796875,502.48004150390625,border_fail,505.40533447265625,505.8485412597656,0.08998333412412288,False,505.5186971314844,505.65007366163803,0.05641464034700749,False,neither,0,0,not_accepted,not_accepted,Unknown,Unknown,-5.492677695050514,5.48713127204109,2.9996609942165673,-0.030955792039873864,,
H02,101,1523958591952772105,638,397.331787109375,197.69032287597656,ncc_fail,395.8738098144531,203.88209533691406,0.03668241135778872,True,396.4402471618148,201.37727135831156,0.1638721601782975,True,both,1,3,ncc_fail,completed_3_step_check,Unknown,Unknown,-6.828180196382329,6.837295482490211,3.1209979945611046,-0.08863281548521029,4.553586240089214,13.116827280959257
H02,101,1523958591952772105,883,83.57435607910156,503.6250305175781,border_fail,81.58805084228516,506.2209167480469,0.08220418231329824,False,81.62158145382533,506.0718846304289,0.05927006350201783,False,neither,0,0,not_accepted,not_accepted,Unknown,Unknown,-5.680722269653597,5.673047273132298,3.1713140594250677,-0.0394880753091539,,
H02,101,1523958591952772105,1129,331.89141845703125,109.59099578857422,ncc_fail,330.7540283203125,114.83243560791016,0.05081876872633182,True,330.5912037113316,114.72631524211384,0.1688007905473153,True,both,3,3,completed_3_step_check,completed_3_step_check,Unknown,Unknown,-6.286448755475339,6.264306071279442,3.2314257036423024,-0.05198200070120988,13.43055112037438,13.424221598282122
H02,101,1523958591952772105,1255,420.3428039550781,144.78440856933594,ncc_fail,419.6358642578125,148.41204833984375,0.005403249028968221,True,419.7418833107215,148.28376742032032,0.09145336856650457,True,both,3,3,completed_3_step_check,completed_3_step_check,Unknown,Unknown,-7.212968047140659,7.2102701834302945,3.6260811569692306,-0.04967342098179159,10.314275177799137,10.305717693095014
H02,101,1523958591952772105,1263,139.0,4.0,fb_fail,137.1163330078125,7.116555213928223,0.7314702140806507,False,137.29626274108887,7.112550258636475,0.056374251876101206,False,neither,0,0,not_accepted,not_accepted,Unknown,Unknown,-5.511124610900879,5.486373424530029,3.153489112854004,-0.042623721063137054,,
H02,102,1523958592002379378,1048,8.318326950073242,198.67576599121094,border_fail,6.428013801574707,201.96958923339844,0.05028817020250485,False,6.49581586400843,201.8648737708969,0.12101635215027262,False,neither,0,0,not_accepted,not_accepted,Unknown,Unknown,-5.932537525382851,5.901524621783814,3.178332286423729,-0.051306945069508184,,
H02,102,1523958592002379378,1128,9.277127265930176,75.8905029296875,border_fail,7.422150135040283,78.08191680908203,0.09250716818664868,False,7.407772195567338,78.29311399647378,0.0412586703494546,False,neither,0,0,not_accepted,not_accepted,Unknown,Unknown,-5.396211712016955,5.3637336542904706,3.0255260147577823,-0.052509601768671504,,
H02,102,1523958592002379378,1218,321.48406982421875,78.36552429199219,ncc_fail,320.5756530761719,83.10445404052734,0.0029544183860685538,True,320.4823683677295,83.09077546947688,0.037811354170288365,True,both,3,0,completed_3_step_check,ncc_fail,Unknown,Unknown,-6.627236103652264,6.614315008874593,3.183230925098383,-0.06787480134331997,13.749176075636372,0.0
H02,103,1523958592054585676,143,481.6270446777344,502.762939453125,border_fail,479.789306640625,506.0403137207031,0.14694474991392523,False,479.74896877661865,505.8693085756407,0.07569106050520272,False,neither,0,0,not_accepted,not_accepted,Unknown,Unknown,-5.485219346230725,5.4848985772281225,3.0301101584329952,-0.03496258090385165,,
H02,103,1523958592054585676,644,388.0771179199219,500.733154296875,border_fail,385.988037109375,504.0447692871094,0.06287880188119913,False,386.14551231970074,503.86946720817554,0.03282801835188548,True,S_only,0,0,not_accepted,ncc_fail,Unknown,Unknown,-5.438222026560638,5.444080542496987,3.04710462113988,-0.04210376490371451,,0.0
H02,103,1523958592054585676,741,392.2602233886719,221.7825927734375,fb_fail,391.066162109375,228.2469940185547,0.03223933342552799,True,391.43890185866906,225.4521535570451,0.10693742643378122,True,both,2,3,fb_fail,completed_3_step_check,Unknown,Unknown,-7.0191208568567856,7.038919101534139,3.215793515825304,-0.08743854034522588,13.31711765095119,19.702824910633698
H02,103,1523958592054585676,795,411.2755126953125,501.54974365234375,border_fail,409.2094421386719,504.87994384765625,0.038432827894301795,False,409.34688926566366,504.70076074480477,0.05348847496152292,False,neither,0,0,not_accepted,not_accepted,Unknown,Unknown,-5.384005392109277,5.382584706500271,3.030837336348501,-0.04049443269300243,,
H02,103,1523958592054585676,825,374.7381591796875,501.44573974609375,border_fail,372.7190856933594,504.7745361328125,0.17263560894530533,False,372.79347868438487,504.56596370383056,0.033780800369771095,False,neither,0,0,not_accepted,not_accepted,Unknown,Unknown,-5.523947416196819,5.519007385310374,3.065628783341735,-0.0402321980725541,,
H02,103,1523958592054585676,896,92.4943618774414,251.1843719482422,ncc_fail,90.59320068359375,254.70166015625,0.00045290594725512176,True,90.7148215855532,254.67641020583724,0.011050937134125003,True,both,3,3,completed_3_step_check,completed_3_step_check,Unknown,Unknown,-7.347610450854648,7.329338756277248,3.7979021751958815,-0.03909600528042884,11.197818842287777,11.190727899488353
H02,103,1523958592054585676,1141,121.77800750732422,85.27549743652344,ncc_fail,120.4340591430664,87.4881820678711,0.0025692488758179443,True,120.21666203055386,87.31065890069911,0.1209039423933997,True,both,3,3,completed_3_step_check,completed_3_step_check,Unknown,Unknown,-6.502847249914769,6.459164193531245,3.5648354452972195,-0.06353409205460542,6.735367054629868,6.68717680836704
H02,103,1523958592054585676,1274,341.6411437988281,19.440580368041992,ncc_fail,341.4554748535156,22.761165618896484,0.0038299560546875,True,341.58265196857656,22.429933624355932,0.06568120043332021,True,both,3,3,completed_3_step_check,completed_3_step_check,Unknown,Unknown,-6.005156647688377,5.980167286589508,3.233834088783199,-0.053155624094920584,8.835480177433901,8.819349911077857
H02,103,1523958592054585676,1276,445.0,2.0,ncc_fail,445.53900146484375,4.405707359313965,0.3713891622847629,False,445.550994515419,4.524991273880005,0.033636744286729345,False,neither,0,0,not_accepted,not_accepted,Unknown,Unknown,-5.688362121582031,5.660835266113281,3.1454291343688965,-0.04239523410797119,,
H02,103,1523958592054585676,1277,80.0,510.0,ncc_fail,78.25054931640625,512.37255859375,0.2132147370509084,False,78.07736492156982,512.2007524967194,nan,False,neither,0,0,not_accepted,not_accepted,Unknown,Unknown,-5.389092445373535,5.38227653503418,2.96517276763916,-0.029129760339856148,,
H02,104,1523958592102666416,228,518.7486572265625,501.4352111816406,border_fail,516.9630126953125,504.7076416015625,0.1042189546322851,False,516.9695265797933,504.4138794305627,0.04343103100457918,False,neither,0,0,not_accepted,not_accepted,Unknown,Unknown,-5.679456092351934,5.682893059261687,3.059515370334987,-0.03389600566680048,,
H02,104,1523958592102666416,361,533.17529296875,501.5257873535156,border_fail,531.4291381835938,504.76513671875,0.10246733927242806,False,531.4112696558587,504.49244766158984,0.04353237503165612,False,neither,0,0,not_accepted,not_accepted,Unknown,Unknown,-5.702825353972592,5.699171226415757,3.064085131461919,-0.032605747728998824,,
H02,104,1523958592102666416,747,313.6890869140625,242.40451049804688,ncc_fail,312.2846984863281,247.69784545898438,0.002244650335502111,True,312.2299354755407,247.84446080917957,0.13804336967013695,True,both,3,3,completed_3_step_check,completed_3_step_check,Unknown,Unknown,-8.132944243284332,8.126326944749348,3.873841844084904,-0.0633014989632539,15.584934538315668,15.601851386924666
H02,104,1523958592102666416,992,451.53448486328125,171.38037109375,ncc_fail,451.3829345703125,174.73892211914062,0.0024184097602733094,True,451.32303838831444,174.69494414982535,0.040818279407095176,True,both,3,3,completed_3_step_check,completed_3_step_check,Unknown,Unknown,-7.099770355270863,7.07645745791028,3.6367198014574953,-0.03680324147837577,9.413067994920347,9.406257598225586
H02,104,1523958592102666416,1204,125.41608428955078,375.4383850097656,ncc_fail,123.5538558959961,378.57269287109375,0.0020142179538641487,True,123.58665696073994,378.5149071245787,0.018309349751347865,True,both,3,3,completed_3_step_check,completed_3_step_check,Unknown,Unknown,-6.666748159502469,6.64559042259648,3.4601457752380718,-0.031633087771820216,9.951447917454914,9.937610212397892
H02,104,1523958592102666416,1260,8.120576858520508,101.36129760742188,border_fail,6.018715858459473,103.60424041748047,0.15237709563887655,False,6.258817352659904,103.43735140483844,0.04429107447492043,False,neither,0,0,not_accepted,not_accepted,Unknown,Unknown,-5.341433209939396,5.32118662237464,2.9540151256056073,-0.04193017478665832,,
H02,104,1523958592102666416,1262,155.37774658203125,307.50054931640625,ncc_fail,153.5487518310547,311.058349609375,0.0038699610233685184,True,153.60906642437706,310.8942107365651,0.02025664572972359,True,both,1,1,ncc_fail,ncc_fail,Unknown,Unknown,-7.617666683834468,7.5980283537874165,3.854093513885453,-0.0366162454339746,3.8213595922248227,3.8703151848855715
H02,104,1523958592102666416,1273,206.3261260986328,363.1566162109375,ncc_fail,204.50372314453125,366.54949951171875,0.0052128811690014985,True,204.54575338570024,366.58487067160587,0.0665917570614182,True,both,3,3,completed_3_step_check,completed_3_step_check,Unknown,Unknown,-6.9276033211416586,6.908987176457693,3.563481908325342,-0.03384460431640575,10.706038841514896,10.72390701972801
H02,104,1523958592102666416,1280,165.0,4.0,ncc_fail,163.4031982421875,6.74664306640625,0.5195652049534897,False,163.5713493824005,6.944719076156616,0.15541015181152232,False,neither,0,0,not_accepted,not_accepted,Unknown,Unknown,-5.7601518630981445,5.7422027587890625,3.250274181365967,-0.045708149671554565,,
H02,104,1523958592102666416,1281,446.0,5.0,border_fail,446.7626647949219,7.424455165863037,0.21875932893414488,False,446.64436280727386,7.382418632507324,0.02708055012714261,False,neither,0,0,not_accepted,not_accepted,Unknown,Unknown,-5.553839683532715,5.524007797241211,3.105071544647217,-0.037515636533498764,,
H02,104,1523958592102666416,1284,6.0,64.0,border_fail,4.427574157714844,65.61051940917969,0.010571193261020797,False,4.158083558082581,65.89033234119415,0.05450118966087945,False,neither,0,0,not_accepted,not_accepted,Unknown,Unknown,-5.036150932312012,5.015415191650391,2.93888783454895,-0.045457370579242706,,
H02,105,1523958592152549274,50,331.20721435546875,502.1542053222656,border_fail,329.25250244140625,505.2204895019531,0.07455841566036467,False,329.25342432534075,505.09609767870086,0.030755970153537,False,neither,0,0,not_accepted,not_accepted,Unknown,Unknown,-6.078498706105228,6.083012406767804,3.2890662559957042,-0.041087786713453325,,
H02,105,1523958592152549274,68,437.491455078125,502.5078125,border_fail,435.52215576171875,505.9465026855469,0.26309474549420653,False,435.64450278886966,505.51067129868443,0.06367716478856622,False,neither,0,0,not_accepted,not_accepted,Unknown,Unknown,-5.180073159230233,5.173279287385412,2.9399076611539385,-0.03679822867091076,,
H02,105,1523958592152549274,770,397.1284484863281,501.6444396972656,border_fail,395.524169921875,504.94659423828125,0.3000610727740263,False,395.25041819750345,504.6321091310683,0.03895025700440559,False,neither,0,0,not_accepted,not_accepted,Unknown,Unknown,-5.467183621372554,5.467883552411104,3.0896903893559586,-0.04328128516582534,,
H02,105,1523958592152549274,846,92.45968627929688,283.41436767578125,ncc_fail,90.57957458496094,286.61151123046875,0.0019749524425034994,True,90.65057893600195,286.4159191934433,0.01775396313942074,True,both,3,3,completed_3_step_check,completed_3_step_check,Unknown,Unknown,-7.25294193360851,7.234163239509372,3.7092302215977457,-0.03631663638331889,10.418642119638086,10.407773078476499
H02,105,1523958592152549274,1100,10.071480751037598,127.82443237304688,border_fail,7.989084243774414,130.163330078125,0.16143865829691095,False,8.24086177338836,129.79819306968702,0.1351923991838349,True,S_only,0,0,not_accepted,border_fail,Unknown,Unknown,-5.677962582869349,5.656794394299105,3.0081652464441775,-0.037513717127329864,,0.0
H02,105,1523958592152549274,1147,102.39706420898438,250.46066284179688,ncc_fail,100.52253723144531,253.70559692382812,0.0004364120375389127,True,100.6260214229189,253.55392777478656,0.01608588530140106,True,both,3,3,completed_3_step_check,completed_3_step_check,Unknown,Unknown,-7.590058248027241,7.576024618713351,3.8583379069531247,-0.040188419210324525,10.670349906625955,10.644396078899915
H02,105,1523958592152549274,1242,118.47958374023438,261.2092590332031,ncc_fail,116.61880493164062,264.61395263671875,0.0015714515628086837,True,116.70297423622314,264.40466639475693,0.028653811111322352,True,both,3,3,completed_3_step_check,completed_3_step_check,Unknown,Unknown,-7.6173081601176715,7.584544623467344,3.8597019357593725,-0.041539093962823126,10.909608737146392,10.84467826594436
H02,105,1523958592152549274,1288,2.0,111.0,ncc_fail,-0.1327352523803711,113.24258422851562,0.1401860404944291,False,0.14503026008605957,112.91828751564026,0.1087000334954552,False,neither,0,0,not_accepted,not_accepted,Unknown,Unknown,-5.054775714874268,5.036756992340088,2.736246109008789,-0.03702050447463989,,
H02,105,1523958592152549274,1289,329.0,2.0,ncc_fail,329.1458740234375,4.580831527709961,0.11041530793745209,False,329.13375176489353,4.456236362457275,0.0384091859318748,False,neither,0,0,not_accepted,not_accepted,Unknown,Unknown,-5.363716125488281,5.342700004577637,2.997873544692993,-0.035564567893743515,,
H02,105,1523958592152549274,1292,379.0,1.0,ncc_fail,379.482177734375,3.6163501739501953,0.21887679190184936,False,379.4901943206787,3.2853589057922363,0.09249548763791879,False,neither,0,0,not_accepted,not_accepted,Unknown,Unknown,-5.597407341003418,5.575166702270508,3.0877113342285156,-0.0353524424135685,,
H02,105,1523958592152549274,1295,236.0,5.0,border_fail,235.004638671875,7.860969543457031,0.030701371883408605,False,235.05183267593384,7.9785075187683105,0.18153157426265978,False,neither,0,0,not_accepted,not_accepted,Unknown,Unknown,-6.0479655265808105,6.024840354919434,3.2042887210845947,-0.05979705601930618,,
H02,106,1523958592203903006,181,473.7735290527344,502.8065490722656,border_fail,472.0743713378906,505.5787353515625,0.04077808532274409,False,472.073298304581,505.66832197321986,0.08374258444554719,False,neither,0,0,not_accepted,not_accepted,Unknown,Unknown,-5.814480159786509,5.8044137830089,3.1008323358796464,-0.02894930150137337,,
H02,106,1523958592203903006,243,448.4105529785156,289.5959167480469,ncc_fail,447.7264099121094,293.1492919921875,0.015927076951801757,True,447.82198621528323,292.9433240978158,0.03533067314700559,True,both,3,3,completed_3_step_check,completed_3_step_check,Unknown,Unknown,-7.4087794681703265,7.382101071481837,3.731208210066095,-0.0446442777783828,10.110461260059454,10.113654476159672
H02,106,1523958592203903006,332,273.4756774902344,499.5716552734375,ncc_fail,271.5096130371094,502.4925231933594,0.04800074541610841,True,271.6319808154495,502.20169925857886,0.05707947146398442,True,both,0,0,border_fail,border_fail,Unknown,Unknown,-6.231717820512108,6.218671247280769,3.283543396380315,-0.03937170764066332,0.0,0.0
H02,106,1523958592203903006,608,142.4556884765625,291.2928771972656,ncc_fail,140.70013427734375,294.5583801269531,0.0020745220214059253,True,140.74013475026325,294.46631080959713,0.03959952593496035,True,both,3,3,completed_3_step_check,completed_3_step_check,Unknown,Unknown,-8.015837504865807,7.989832775786933,4.005925351450747,-0.03703402086050803,10.454255992678833,10.454586431757358
H02,106,1523958592203903006,743,117.35298919677734,293.3777770996094,ncc_fail,115.52486419677734,296.6171875,0.0036114043438689003,True,115.61843497890503,296.441610925104,0.019578079344901942,True,both,3,3,completed_3_step_check,completed_3_step_check,Unknown,Unknown,-7.685648639006276,7.657802089292025,3.867954302183635,-0.037937967215949685,10.42905010931609,10.421253853573576
H02,106,1523958592203903006,1022,43.421875,95.51451110839844,ncc_fail,41.87323760986328,96.1739501953125,0.00657847170272896,True,41.84123833666169,96.69268356910692,0.08512922415903051,True,both,3,3,completed_3_step_check,completed_3_step_check,Unknown,Unknown,-5.924853761155646,5.90134940024609,3.2690245000591744,-0.06812690402627375,4.435990587145033,4.499255256969283
H02,106,1523958592203903006,1027,96.35000610351562,333.3424987792969,ncc_fail,94.5232162475586,336.31317138671875,0.0022458947134978147,True,94.60320659845728,336.14231824549273,0.012743207257308176,True,both,3,3,completed_3_step_check,completed_3_step_check,Unknown,Unknown,-7.201970890776501,7.179561236346474,3.676782106665706,-0.03427034615880767,9.61799143757227,9.633288928268888
H02,106,1523958592203903006,1107,365.7784729003906,360.0240783691406,fb_fail,361.8312683105469,365.8210754394531,0.01049183506490886,True,364.2956890398799,364.79919436260747,0.1012864704454152,True,both,3,3,completed_3_step_check,completed_3_step_check,Unknown,Unknown,-6.671818636880632,6.657348309678201,3.156990681741803,-0.060579869873912125,20.87497026486781,21.496227922968977
H02,106,1523958592203903006,1114,9.322020530700684,433.2349853515625,border_fail,7.613964080810547,435.3369140625,0.08813792181295284,False,7.571019579367395,435.1282381507428,0.05095805307764308,False,neither,0,0,not_accepted,not_accepted,Unknown,Unknown,-5.84690641438014,5.828051787897727,3.19221511122792,-0.04654141015403596,,
H02,106,1523958592203903006,1130,226.15162658691406,127.46227264404297,ncc_fail,224.68820190429688,131.49960327148438,0.0027938171912013725,True,224.7937901330693,131.54382674699312,0.07080613659867654,True,both,3,0,completed_3_step_check,ncc_fail,Unknown,Unknown,-6.400829175988621,6.377055555243812,3.267740196377913,-0.043547549233401976,11.997724466670347,0.0
H02,106,1523958592203903006,1216,389.8989562988281,94.26901245117188,ncc_fail,389.8702392578125,97.63182067871094,0.019465454859042837,True,390.27968215832976,96.98796791928628,0.10697098884226203,True,both,1,2,ncc_fail,ncc_fail,Unknown,Unknown,-7.206324923192392,7.183217083266911,3.400456161788846,-0.047012521530001114,3.248813982723072,6.086755821786624
H02,106,1523958592203903006,1293,152.2397003173828,314.3927001953125,ncc_fail,150.48915100097656,317.61822509765625,0.0037748159414224187,True,150.5215163301156,317.54307213348056,0.051293901117353415,True,both,3,3,completed_3_step_check,completed_3_step_check,Unknown,Unknown,-7.685052384507834,7.663238904011486,3.88162444495732,-0.03660829338878903,10.243183317458662,10.241130696974679
H02,106,1523958592203903006,1300,329.0,4.0,ncc_fail,329.2626037597656,6.399060249328613,0.23263949299375528,False,329.2991101741791,6.2416746616363525,0.10993690319906126,False,neither,0,0,not_accepted,not_accepted,Unknown,Unknown,-5.455682754516602,5.435746669769287,3.0453145503997803,-0.0377454049885273,,
H02,106,1523958592203903006,1303,381.0,2.0,ncc_fail,381.6519470214844,4.435085296630859,0.0727961676947795,False,381.73386347293854,4.044863939285278,0.10205412001689457,False,neither,0,0,not_accepted,not_accepted,Unknown,Unknown,-5.531554222106934,5.512691974639893,3.085163116455078,-0.037561580538749695,,
H02,106,1523958592203903006,1304,4.0,108.0,ncc_fail,1.6634702682495117,110.1656494140625,0.31666474858649957,False,2.110771656036377,110.08049511909485,0.0191256911596763,False,neither,0,0,not_accepted,not_accepted,Unknown,Unknown,-4.462800979614258,4.4382100105285645,2.575723648071289,-0.053378697484731674,,
H02,106,1523958592203903006,1307,308.0,3.0,ncc_fail,308.0801086425781,5.363292694091797,0.16246378786462778,False,308.1242156326771,5.281700849533081,0.10186724495827967,False,neither,0,0,not_accepted,not_accepted,Unknown,Unknown,-5.411433219909668,5.388974666595459,2.9503726959228516,-0.03784702718257904,,
H02,106,1523958592203903006,1308,61.0,3.0,ncc_fail,59.570865631103516,4.306097984313965,0.08662231138302502,False,59.457061648368835,4.4313976764678955,0.10103520029754469,False,neither,0,0,not_accepted,not_accepted,Unknown,Unknown,-4.964598178863525,4.936100959777832,2.943275213241577,-0.04285641759634018,,
H02,107,1523958592253598714,66,522.6427001953125,500.9923095703125,border_fail,520.8576049804688,504.2294616699219,0.14350123610549795,False,521.0280661532926,503.8701307202823,0.06176650630902749,True,S_only,0,0,not_accepted,ncc_fail,Unknown,Unknown,-5.788160665606348,5.791890943688443,3.0942195108627537,-0.03343705038143585,,0.0
H02,107,1523958592253598714,99,504.341796875,502.9686584472656,border_fail,502.8257751464844,506.0933837890625,0.22152016273207664,False,502.70053589170084,505.8566465879057,0.058472457006640596,False,neither,0,0,not_accepted,not_accepted,Unknown,Unknown,-5.755718358582868,5.752161634343935,3.066561439491494,-0.029127094653658592,,
H02,107,1523958592253598714,165,412.5758056640625,368.4999694824219,ncc_fail,411.7886047363281,374.0729064941406,0.10277946990928455,True,411.3853679269774,371.97289160723255,0.05667976305292141,True,both,0,0,ncc_fail,ncc_fail,Unknown,Unknown,-5.89248973070594,5.846263622238213,3.2084964662935125,-0.07841650856697602,0.0,0.0
H02,107,1523958592253598714,592,406.2443542480469,292.1673583984375,ncc_fail,404.5216369628906,296.8470153808594,0.0338852461569118,True,405.5730426148262,295.61157127213977,0.14908125623770965,True,both,1,1,ncc_fail,ncc_fail,Unknown,Unknown,-7.158514571238358,7.161602292528254,3.3594081834647183,-0.07258910281118433,4.638673252808216,4.55714409645689
H02,107,1523958592253598714,993,9.102092742919922,338.47174072265625,border_fail,7.3999342918396,340.600341796875,0.014815356135154337,False,7.369454475045855,340.5404910509808,0.1006951787008667,False,neither,0,0,not_accepted,not_accepted,Unknown,Unknown,-5.953830799471722,5.937284095552727,3.11923134284944,-0.03527189846457842,,
H02,107,1523958592253598714,1012,311.8768615722656,280.7478942871094,ncc_fail,310.59588623046875,285.0668640136719,0.036275247833081004,True,310.6041167525635,285.97149359266047,0.1381650284122425,True,both,0,0,ncc_fail,ncc_fail,Unknown,Unknown,-7.879528312631049,7.863679089528976,3.8373942645900483,-0.06708413872890634,0.0,0.0
H02,107,1523958592253598714,1016,58.50241470336914,93.09774017333984,ncc_fail,56.84192657470703,93.43440246582031,0.009050983251359808,True,57.06677872324415,93.86806194321049,0.19935674635888367,True,both,0,1,ncc_fail,ncc_fail,Unknown,Unknown,-7.0027684486091095,6.9703400394307184,3.5395336387168737,-0.06462296394162707,0.0,1.519528818754268
H02,107,1523958592253598714,1177,372.37762451171875,83.49832153320312,ncc_fail,371.85955810546875,87.26058959960938,0.02597065621826728,True,372.7659506500755,86.0893015514667,0.18422247286640445,True,both,0,0,ncc_fail,ncc_fail,Unknown,Unknown,-7.408722654059658,7.394192910530163,3.50055939336403,-0.0444813305058204,0.0,0.0
H02,107,1523958592253598714,1182,238.53170776367188,83.91914367675781,ncc_fail,237.3769989013672,87.55220031738281,0.003448520086342647,True,237.36868463576656,87.49843266841393,0.03612554752948963,True,both,3,3,completed_3_step_check,completed_3_step_check,Unknown,Unknown,-7.795570852582015,7.765919792105456,3.8863760545861887,-0.0490474025895878,10.690006828663856,10.685384262053987
H02,107,1523958592253598714,1270,365.3153076171875,194.40420532226562,ncc_fail,364.7198181152344,200.77569580078125,0.0009520555108524473,True,364.75173233885374,200.68678949629805,0.17807230245116196,True,both,0,0,ncc_fail,ncc_fail,Unknown,Unknown,-7.394055737391001,7.356203224794456,3.466551759124708,-0.08044271433417949,0.0,0.0
H02,107,1523958592253598714,1312,325.0,510.0,ncc_fail,323.13165283203125,513.205322265625,0.3979005374269195,False,323.1928708553314,512.7336661815643,nan,False,neither,0,0,not_accepted,not_accepted,Unknown,Unknown,-5.837942123413086,5.838494300842285,3.134556770324707,-0.035679254680871964,,
H02,107,1523958592253598714,1315,382.0,5.0,border_fail,382.7855529785156,7.319448471069336,0.5131713959802333,False,382.8630963563919,6.908721923828125,0.12101466517088491,False,neither,0,0,not_accepted,not_accepted,Unknown,Unknown,-5.697216987609863,5.6771697998046875,3.0952415466308594,-0.034343767911195755,,
H02,107,1523958592253598714,1318,59.0,4.0,ncc_fail,57.492855072021484,5.08696174621582,0.06390908239093979,False,57.48171782493591,5.255551815032959,0.14816364097983317,False,neither,0,0,not_accepted,not_accepted,Unknown,Unknown,-5.176482200622559,5.149425983428955,2.9991726875305176,-0.03932566195726395,,
H02,107,1523958592253598714,1319,191.0,3.0,ncc_fail,189.78329467773438,5.238973617553711,0.07721747778704141,False,189.88175570964813,5.257262229919434,0.06089245617461258,False,neither,0,0,not_accepted,not_accepted,Unknown,Unknown,-6.575747013092041,6.550760269165039,3.476972818374634,-0.052506305277347565,,
H02,107,1523958592253598714,1320,2.0,110.0,ncc_fail,-0.15642642974853516,112.05033874511719,0.22855059028970975,False,0.0883028507232666,112.01655149459839,0.12363722789426371,False,neither,0,0,not_accepted,not_accepted,Unknown,Unknown,-4.855818271636963,4.853060722351074,2.569139003753662,-0.054093386977910995,,
H02,108,1523958592303083397,210,459.4893493652344,502.8359375,border_fail,458.0511474609375,505.9283142089844,0.3273603365139635,False,457.92379889407187,505.7272154828502,0.00972267510150689,False,neither,0,0,not_accepted,not_accepted,Unknown,Unknown,-5.4444108336457475,5.4448146483455275,2.9940132251026625,-0.03288854946055153,,
H02,108,1523958592303083397,702,309.22760009765625,501.3423156738281,border_fail,307.8529052734375,504.4591979980469,0.5288955831790327,False,307.5264058765842,504.0646467134443,0.018928736694077835,False,neither,0,0,not_accepted,not_accepted,Unknown,Unknown,-5.935056716610848,5.921977586667424,3.1686230484550215,-0.0427569643189089,,
H02,108,1523958592303083397,775,416.5020446777344,344.9845886230469,ncc_fail,415.6011047363281,351.0915832519531,0.005250176591400933,True,415.56243191077425,352.03558874542813,0.269116387021723,True,both,3,3,completed_3_step_check,completed_3_step_check,Unknown,Unknown,-7.14566238840707,7.074653456070211,3.113309536085617,-0.12826813632009781,17.148558435714218,17.208889809256572
H02,108,1523958592303083397,1324,280.6538391113281,201.38145446777344,ncc_fail,279.4258117675781,206.67572021484375,0.005714065072390504,True,279.5398198463652,206.4989527854801,0.03773503730610499,True,both,3,0,completed_3_step_check,ncc_fail,Unknown,Unknown,-8.0405337590682,8.008482315236929,3.956992069532954,-0.06470805338946303,15.82642705823555,0.0
H02,108,1523958592303083397,1327,209.0,1.0,ncc_fail,208.0314483642578,3.1430110931396484,0.05218330406145116,False,208.20156347751617,3.008465051651001,0.1680169231236638,False,neither,0,0,not_accepted,not_accepted,Unknown,Unknown,-6.339435577392578,6.307650566101074,3.368839740753174,-0.05154295265674591,,
H02,108,1523958592303083397,1328,388.0,3.0,ncc_fail,389.062255859375,5.028520584106445,0.101738020146335,False,388.9626142382622,4.984058618545532,0.048494731089603685,False,neither,0,0,not_accepted,not_accepted,Unknown,Unknown,-6.005908966064453,5.985245227813721,3.189042091369629,-0.03202297165989876,,
H02,108,1523958592303083397,1331,58.0,5.0,border_fail,56.62151336669922,5.909296035766602,0.061298413396541636,False,56.60235035419464,6.038212776184082,0.13242244197219522,False,neither,0,0,not_accepted,not_accepted,Unknown,Unknown,-5.245669841766357,5.219511985778809,3.0509424209594727,-0.046657055616378784,,
H02,108,1523958592303083397,1332,190.0,5.0,border_fail,188.79281616210938,7.03419828414917,0.06224716642406034,False,189.04075872898102,6.956017017364502,0.09884853882548544,False,neither,0,0,not_accepted,not_accepted,Unknown,Unknown,-6.553274631500244,6.526002407073975,3.4532132148742676,-0.05047856643795967,,
H02,109,1523958592352834834,123,400.4977111816406,386.00927734375,fb_fail,399.5517272949219,391.3558349609375,0.009648623522613878,True,399.41741788539,389.3438058066035,0.05946763471533673,True,both,0,1,fb_fail,ncc_fail,Unknown,Unknown,-6.1158618744131985,6.0813659768184465,3.449807916678779,-0.0885239097815238,0.0,5.118527779342957
H02,109,1523958592352834834,139,483.8875732421875,501.417236328125,border_fail,482.44854736328125,504.27764892578125,0.21503895864388906,False,482.4127350969214,504.0951731803394,0.05233627170673766,False,neither,0,0,not_accepted,not_accepted,Unknown,Unknown,-5.644776387034,5.640816930531855,3.0404452684612195,-0.03456402713784068,,
H02,109,1523958592352834834,192,346.5919189453125,501.4105224609375,border_fail,344.90631103515625,504.1405029296875,0.021258685987444233,False,344.9979003067866,503.9360997963381,0.07035067088436876,True,S_only,0,0,not_accepted,ncc_fail,Unknown,Unknown,-5.942700799666426,5.926006333976389,3.108330182130654,-0.03253975238039636,,0.0
H02,109,1523958592352834834,269,358.6513671875,502.880126953125,border_fail,356.8558654785156,505.55230712890625,0.01351980376278932,False,357.0692634027451,505.4414634184534,0.042243127960082325,False,neither,0,0,not_accepted,not_accepted,Unknown,Unknown,-5.942918991468673,5.939086374417343,3.1203788603616545,-0.028047321439629513,,
H02,109,1523958592352834834,677,8.126534461975098,384.9325256347656,border_fail,6.424251556396484,386.8370361328125,0.034092943832871286,False,6.352580024565553,386.75633874968554,0.05595854597281426,False,neither,0,0,not_accepted,not_accepted,Unknown,Unknown,-5.924655418630634,5.8955541761314425,3.106262879193194,-0.03572432153701026,,
H02,109,1523958592352834834,1120,229.2138214111328,305.74169921875,ncc_fail,227.64048767089844,310.68670654296875,0.0016801998554645723,True,227.64841865388425,310.8258585238579,0.059726109242815684,True,both,3,3,completed_3_step_check,completed_3_step_check,Unknown,Unknown,-7.81068357164261,7.78675380715061,4.0223338927294385,-0.06756435724709559,14.206674003488441,14.158693847511655
H02,109,1523958592352834834,1160,73.35426330566406,352.193603515625,ncc_fail,71.60260772705078,354.5479736328125,0.003317620083350319,True,71.63424005000577,354.4221718836294,0.06159479632879293,True,both,3,3,completed_3_step_check,completed_3_step_check,Unknown,Unknown,-7.270773303062402,7.246377133444822,3.703056027669726,-0.03518721315254934,7.7983636549127295,7.776470774189856
H02,109,1523958592352834834,1246,243.48793029785156,48.1738166809082,ncc_fail,242.71937561035156,50.810359954833984,0.003170527520938337,True,242.74449000886304,50.90209805816313,0.18425358108636974,True,both,2,2,ncc_fail,ncc_fail,Unknown,Unknown,-7.347897912642396,7.323765908142841,3.692813773916989,-0.05640597578707202,5.168843587445414,5.178851632006282
H02,109,1523958592352834834,1290,158.029541015625,14.559244155883789,ncc_fail,156.55154418945312,16.202810287475586,0.03660059852085117,True,156.8173601656769,16.25284827632109,0.045288297609130834,True,both,3,3,completed_3_step_check,completed_3_step_check,Unknown,Unknown,-6.892552615957039,6.864033900006881,3.528662666311327,-0.04595393134581566,5.455371148582595,5.397710500916437
H02,109,1523958592352834834,1335,365.5645751953125,207.47735595703125,ncc_fail,365.24810791015625,213.7966766357422,0.002556564458145233,True,365.1937370652756,213.90508586669114,0.17689435267983125,True,both,3,3,completed_3_step_check,completed_3_step_check,Unknown,Unknown,-7.2036272159740875,7.17685680238462,3.48044635542108,-0.08120043708659419,19.234248005106306,19.243004767819254
H02,109,1523958592352834834,1342,389.0,5.0,border_fail,390.2333068847656,6.81471061706543,0.11006990483739587,False,390.0740909576416,6.888098478317261,0.016389581361208484,False,neither,0,0,not_accepted,not_accepted,Unknown,Unknown,-5.849041938781738,5.8219804763793945,3.127309560775757,-0.039862409234046936,,
H02,109,1523958592352834834,1343,208.0,4.0,ncc_fail,207.0184783935547,5.8420257568359375,0.00996177661186195,False,207.11981683969498,5.976932525634766,0.20475868026580515,False,neither,0,0,not_accepted,not_accepted,Unknown,Unknown,-6.3178606033325195,6.289320945739746,3.342378616333008,-0.050295036286115646,,
H02,109,1523958592352834834,1346,57.0,6.0,border_fail,55.58552169799805,6.706304550170898,0.03017312830231898,False,55.578351974487305,6.866458892822266,0.05783834411702396,False,neither,0,0,not_accepted,not_accepted,Unknown,Unknown,-5.137117385864258,5.111141204833984,3.0329296588897705,-0.0470772311091423,,
H02,110,1523958592403368242,18,336.98291015625,484.62017822265625,ncc_fail,335.4637451171875,487.3819580078125,0.001287899648804272,True,335.60682180246215,487.6232013021323,0.0747117678115596,True,both,3,3,completed_3_step_check,completed_3_step_check,Unknown,Unknown,-6.515361394340374,6.483115790406259,3.3997378081879432,-0.05117178473929074,8.673612327839686,8.654605711949957
H02,110,1523958592403368242,326,230.12440490722656,502.1614990234375,border_fail,228.408935546875,504.7926330566406,0.2331165847437178,False,228.5679042303715,504.4900491141975,0.009680376267889191,False,neither,0,0,not_accepted,not_accepted,Unknown,Unknown,-6.171221438099478,6.171275718763936,3.2540905113358054,-0.03382234832067524,,
H02,110,1523958592403368242,333,477.6268310546875,310.3753662109375,ncc_fail,477.44244384765625,313.6273193359375,0.0024651328157659167,True,477.47159017477213,313.439872742352,0.014492700328005044,True,both,3,3,completed_3_step_check,completed_3_step_check,Unknown,Unknown,-7.010325616796841,6.9838704265920555,3.6086367662858017,-0.03936763081032635,9.160825938733405,9.155221451867105
H02,110,1523958592403368242,1031,9.2684907913208,160.8253631591797,border_fail,7.612209320068359,162.02427673339844,0.08088650251461546,False,7.727799943438938,161.96090165114828,0.11418813635508522,False,neither,0,0,not_accepted,not_accepted,Unknown,Unknown,-6.490661861668789,6.461867883010806,3.34134256051844,-0.04910224465450187,,
H02,110,1523958592403368242,1148,134.5373077392578,95.83270263671875,ncc_fail,133.38555908203125,97.44491577148438,0.007004199711725263,True,133.22047161909913,97.6063598878442,0.18483992917975559,True,both,1,3,ncc_fail,completed_3_step_check,Unknown,Unknown,-7.271170784214555,7.234047621305236,3.550974715499542,-0.05499501526406189,1.8371056097524807,4.464643396901941
H02,110,1523958592403368242,1322,348.5177917480469,38.43522262573242,ncc_fail,349.29669189453125,40.61833190917969,0.0009942904328562952,True,349.36826258092907,40.41212917154729,0.07870546840351694,True,both,3,3,completed_3_step_check,completed_3_step_check,Unknown,Unknown,-6.52674278067034,6.508277760243009,3.366221739597507,-0.040067843982852555,7.098716452773396,7.089719258235575
H02,110,1523958592403368242,1330,226.5265655517578,107.27442932128906,ncc_fail,225.42984008789062,110.63268280029297,0.004962139669198383,True,225.41681621714022,110.55173733067443,0.04979392031981743,True,both,3,3,completed_3_step_check,completed_3_step_check,Unknown,Unknown,-7.887273536071669,7.844059585440857,3.9146838138280566,-0.04830074211035313,9.931271685068038,9.92420911338095
H02,110,1523958592403368242,1350,392.0,1.0,ncc_fail,393.4034423828125,2.6432199478149414,0.05222352274574779,False,393.34838354587555,2.669146776199341,0.051196926884652355,False,neither,0,0,not_accepted,not_accepted,Unknown,Unknown,-5.847360134124756,5.828486919403076,3.1359736919403076,-0.031575776636600494,,
H02,110,1523958592403368242,1352,207.0,6.0,border_fail,206.13099670410156,7.675403594970703,0.02686230568392704,False,206.24120658636093,7.710115432739258,0.1687671498209812,False,neither,0,0,not_accepted,not_accepted,Unknown,Unknown,-6.4628005027771,6.431079864501953,3.410872220993042,-0.04947945848107338,,
H02,110,1523958592403368242,1357,55.0,7.0,border_fail,53.64811325073242,7.619258880615234,0.01199400287931691,False,53.65106117725372,7.700990200042725,0.15829439363401648,False,neither,0,0,not_accepted,not_accepted,Unknown,Unknown,-5.353970527648926,5.329239368438721,3.0871214866638184,-0.04591749608516693,,
H02,111,1523958592452667008,0,335.6634826660156,474.6382751464844,ncc_fail,334.3458251953125,477.49383544921875,0.003186128695346237,True,334.41857249958565,477.6330214890638,0.10282078823514014,True,both,3,3,completed_3_step_check,completed_3_step_check,Unknown,Unknown,-6.973126376180414,6.958453531917797,3.5783258091828114,-0.04446844496690798,8.43854327115326,8.437562400220012
H02,111,1523958592452667008,10,348.5959777832031,458.5205078125,ncc_fail,347.3619384765625,461.4625549316406,0.003064700338531828,True,347.4201050314363,461.5772232721537,0.10167221921344854,True,both,3,3,completed_3_step_check,completed_3_step_check,Unknown,Unknown,-6.881454713682629,6.853016508607979,3.548519306963918,-0.044498590490443246,8.60261489361856,8.604647180409323
H02,111,1523958592452667008,154,222.69461059570312,399.77752685546875,ncc_fail,221.4711151123047,402.3612976074219,0.004056542686929461,True,221.40565517655412,402.43320849788034,0.056241054214437584,True,both,3,3,completed_3_step_check,completed_3_step_check,Unknown,Unknown,-7.2236941252528535,7.203855203773935,3.6975210011106663,-0.0364321646913404,7.596766774497563,7.600246937986402
H02,111,1523958592452667008,368,517.3441162109375,501.9384765625,border_fail,516.076904296875,504.7725830078125,0.07145770909678074,False,516.1309976530631,504.6649086612598,0.07460326265992834,False,neither,0,0,not_accepted,not_accepted,Unknown,Unknown,-5.415110395656598,5.416702593154753,2.9611867194089143,-0.03534119549566217,,
H02,111,1523958592452667008,847,244.54042053222656,502.86065673828125,border_fail,243.10910034179688,505.3525390625,0.1506715146994246,False,243.039456879397,505.2759562120145,0.07772693018735896,False,neither,0,0,not_accepted,not_accepted,Unknown,Unknown,-6.122543917060198,6.107095130073055,3.217267994772037,-0.03360559158373429,,
H02,111,1523958592452667008,1058,202.7208251953125,322.6371154785156,ncc_fail,201.20553588867188,326.2960205078125,0.022979011878845126,True,201.5249387354561,325.46677377733755,0.01590933181499711,True,both,1,0,ncc_fail,ncc_fail,Unknown,Unknown,-7.153196704467597,7.1378174435908495,3.4739341200113536,-0.04112428249138629,3.3731042552856754,0.0
H02,111,1523958592452667008,1084,329.8793029785156,173.4563751220703,ncc_fail,329.93792724609375,178.35035705566406,0.009329311481495222,True,329.9184716389866,177.39998064176916,0.39026882701713717,True,both,0,0,ncc_fail,ncc_fail,Unknown,Unknown,-6.295586980601183,6.285546578997482,3.3381883421027996,-0.07217731244704556,0.0,0.0
H02,111,1523958592452667008,1194,8.418468475341797,103.43008422851562,border_fail,6.543179512023926,104.90047454833984,0.027472327044430044,False,6.742774631365836,104.51029708333003,0.06325975958214615,False,neither,0,0,not_accepted,not_accepted,Unknown,Unknown,-5.2870013317798215,5.274280698636693,2.749012131005109,-0.05043576234624783,,
H02,111,1523958592452667008,1316,143.56875610351562,328.6883850097656,ncc_fail,142.19573974609375,331.4003601074219,0.0014147950535297743,True,142.1888898715694,331.26802878047266,0.022551309013502545,True,both,3,3,completed_3_step_check,completed_3_step_check,Unknown,Unknown,-8.003904520459434,7.978306334981799,4.001738603689238,-0.03737887366909276,7.73486998929627,7.738021181598368
H02,111,1523958592452667008,1354,161.60968017578125,15.467081069946289,ncc_fail,160.447509765625,16.710956573486328,0.002004673319303348,True,160.61036682050337,16.84154331441752,0.07384252343140679,True,both,3,3,completed_3_step_check,completed_3_step_check,Unknown,Unknown,-7.272585847626276,7.252019689200699,3.6656244481047375,-0.05070422268259774,3.7472363350065883,3.807259404019157
H02,111,1523958592452667008,1361,194.53604125976562,384.6812438964844,ncc_fail,193.29734802246094,387.27880859375,0.001658090540430435,True,193.23216324641052,387.26122243839,0.03387989021792799,True,both,3,3,completed_3_step_check,completed_3_step_check,Unknown,Unknown,-7.332489510671803,7.3118582432257035,3.7355614487799347,-0.03397559079789078,7.563096933229671,7.563806752298597
H02,111,1523958592452667008,1363,394.0,3.0,ncc_fail,395.61273193359375,4.557419776916504,0.07779319422077818,False,395.6209827661514,4.425678730010986,0.04287477887050869,False,neither,0,0,not_accepted,not_accepted,Unknown,Unknown,-6.093972206115723,6.076358795166016,3.230433225631714,-0.03191635012626648,,
H02,111,1523958592452667008,1368,54.0,7.0,border_fail,52.79049301147461,7.420119285583496,0.0033761386791808863,False,52.70658314228058,7.563645303249359,0.20138635429300658,False,neither,0,0,not_accepted,not_accepted,Unknown,Unknown,-5.497811317443848,5.469060897827148,3.1615819931030273,-0.04546980932354927,,
H02,111,1523958592452667008,1370,248.0,2.0,ncc_fail,247.72007751464844,3.3010454177856445,0.0362673615664848,False,248.11187863349915,3.2136948108673096,0.08931901345272779,False,neither,0,0,not_accepted,not_accepted,Unknown,Unknown,-5.5629730224609375,5.547636985778809,3.0985538959503174,-0.053929403424263,,
H02,112,1523958592504708375,14,330.77703857421875,502.4602355957031,border_fail,329.529052734375,505.01776123046875,0.01380015545702185,False,329.6419319186832,504.957795804019,0.03604353162512362,False,neither,0,0,not_accepted,not_accepted,Unknown,Unknown,-6.146276744810784,6.152492659656844,3.206545200314939,-0.034028903916533175,,
H02,112,1523958592504708375,30,410.65478515625,398.25445556640625,ncc_fail,410.36444091796875,402.8647766113281,0.0964681690907265,True,410.1397965058941,401.182505312904,0.09610669687757362,True,both,0,0,ncc_fail,ncc_fail,Unknown,Unknown,-5.451496666736503,5.429526329569114,2.73806612902262,-0.09932802080972247,0.0,0.0
H02,112,1523958592504708375,55,494.6688537597656,503.97210693359375,ncc_fail,493.6695251464844,506.843017578125,0.21526644047285493,False,493.6420153677275,506.61371145554705,0.06784759459658575,False,neither,0,0,not_accepted,not_accepted,Unknown,Unknown,-5.4148116029666795,5.41202260208215,2.9345185823894675,-0.033240328599390405,,
H02,112,1523958592504708375,999,62.2336311340332,304.432861328125,ncc_fail,60.83302688598633,306.56304931640625,0.0023149932812468747,True,60.95540368802129,306.4054073857642,0.021870550421745155,True,both,2,3,ncc_fail,completed_3_step_check,Unknown,Unknown,-7.3823869289536965,7.362869989135749,3.7477364464142107,-0.0368200619854029,4.472383749877301,6.571679277400197
H02,112,1523958592504708375,1059,359.59161376953125,388.3119201660156,fb_fail,354.3796081542969,393.9696960449219,0.25205348847334624,True,358.8289355364197,393.8871865574002,0.3938602548892244,True,both,1,3,ncc_fail,completed_3_step_check,Unknown,Unknown,-7.579998369012526,7.499844422695155,3.301923947499657,-0.05947913682125874,6.70989647013897,18.7228733836851
H02,112,1523958592504708375,1079,310.4187316894531,357.5242614746094,ncc_fail,309.8601989746094,360.3910217285156,0.0020076762943601716,True,309.73537097025286,360.65214701014725,0.06779362186261348,True,both,1,3,ncc_fail,completed_3_step_check,Unknown,Unknown,-7.272941630282531,7.2564716041576,3.623542418125786,-0.05097935831797051,2.846972407116354,8.328722522283602
H02,112,1523958592504708375,1093,8.235933303833008,298.3638000488281,border_fail,6.902237892150879,299.8576354980469,0.019521958778674867,False,6.928177641977323,299.9438759289992,0.04390918370465144,False,neither,0,0,not_accepted,not_accepted,Unknown,Unknown,-5.987731056327202,5.958064768127405,3.13920013314657,-0.03545216387151941,,
H02,112,1523958592504708375,1305,230.60952758789062,20.058338165283203,ncc_fail,230.4535369873047,21.635610580444336,0.0015824431472588934,True,230.44810973646497,21.61478730575469,0.17929944000881975,True,both,0,0,ncc_fail,ncc_fail,Unknown,Unknown,-7.049917450027823,7.0333069569689,3.5788323155790653,-0.050905722317002126,0.0,0.0
H02,112,1523958592504708375,1358,432.54638671875,241.7725372314453,ncc_fail,433.2180480957031,244.5618133544922,0.0024985772047889988,True,433.25067460858094,244.42800451668342,0.04514788979524755,True,both,2,2,ncc_fail,ncc_fail,Unknown,Unknown,-7.297819566017008,7.289876546476776,3.723808012051375,-0.04294875884325103,5.780718095013728,5.741971287428994
H02,112,1523958592504708375,1373,396.0,5.0,border_fail,397.9568786621094,6.439515113830566,0.023119151950535603,False,397.9236743450165,6.394585847854614,0.03501820182137399,False,neither,0,0,not_accepted,not_accepted,Unknown,Unknown,-6.0052409172058105,5.985570430755615,3.1912927627563477,-0.03217724338173866,,
H02,112,1523958592504708375,1374,247.0,2.0,ncc_fail,247.0372314453125,3.1506452560424805,0.11217130957110126,False,247.52335959672928,3.0815775394439697,0.15891896754010001,False,neither,0,0,not_accepted,not_accepted,Unknown,Unknown,-5.450507640838623,5.436868190765381,2.9438493251800537,-0.05753648281097412,,
H02,112,1523958592504708375,1382,222.0,4.0,ncc_fail,221.7224884033203,5.4121551513671875,0.040633242962963646,False,221.7913299202919,5.315799832344055,0.15150547913135579,False,neither,0,0,not_accepted,not_accepted,Unknown,Unknown,-6.2604594230651855,6.238205909729004,3.274662494659424,-0.04430770128965378,,
H02,112,1523958592504708375,1386,6.0,392.0,border_fail,4.668927192687988,393.52069091796875,0.07261173637352558,False,4.616381406784058,393.4268419742584,0.031071380031215772,False,neither,0,0,not_accepted,not_accepted,Unknown,Unknown,-6.093088626861572,6.067259788513184,3.189427614212036,-0.034734271466732025,,
H02,113,1523958592552382532,1168,418.52960205078125,502.3924865722656,border_fail,417.6217041015625,505.0772399902344,0.035878212371246644,False,417.6363758574076,504.9086412060969,0.09482208596491411,False,neither,0,0,not_accepted,not_accepted,Unknown,Unknown,-5.854260672232345,5.853005323232012,3.1618502095137933,-0.04512226981122113,,
H02,113,1523958592552382532,1367,8.0950345993042,158.9127960205078,border_fail,7.036861419677734,159.69436645507812,0.056442626208197004,False,7.071984682053049,159.76386754394233,0.02736232281947249,False,neither,0,0,not_accepted,not_accepted,Unknown,Unknown,-6.354996758135474,6.327766228127537,3.2455996625201236,-0.03677528873868376,,
H02,113,1523958592552382532,1387,398.0,6.0,border_fail,400.3455810546875,7.399402141571045,0.022618160906061842,False,400.250727891922,7.344812512397766,0.05701628295580003,False,neither,0,0,not_accepted,not_accepted,Unknown,Unknown,-6.271781921386719,6.250267028808594,3.290534257888794,-0.03292807936668396,,
H02,113,1523958592552382532,1388,324.0,505.0,ncc_fail,322.98846435546875,507.4595947265625,0.03319960463317894,False,323.0744642019272,507.42200660705566,0.07944855570088455,False,neither,0,0,not_accepted,not_accepted,Unknown,Unknown,-6.2690887451171875,6.271749973297119,3.303473949432373,-0.04620186239480972,,
H02,113,1523958592552382532,1390,440.0,4.0,ncc_fail,442.4722595214844,5.387223243713379,0.09485122700302373,False,442.4561686515808,5.300138831138611,0.08161986500426267,False,neither,0,0,not_accepted,not_accepted,Unknown,Unknown,-6.193825721740723,6.168431282043457,3.2732179164886475,-0.03427598252892494,,
H02,113,1523958592552382532,1391,249.0,4.0,ncc_fail,249.51547241210938,4.965668678283691,0.15054178412438202,False,249.9879925251007,4.825485587120056,0.2139073172562555,False,neither,0,0,not_accepted,not_accepted,Unknown,Unknown,-5.524273872375488,5.51249885559082,3.0190773010253906,-0.05852256715297699,,
H02,113,1523958592552382532,1394,5.0,105.0,ncc_fail,3.4945755004882812,106.20960998535156,0.03729523491130299,False,3.676785469055176,105.96433138847351,0.21806877766937732,False,neither,0,0,not_accepted,not_accepted,Unknown,Unknown,-5.355472564697266,5.343726634979248,2.7250137329101562,-0.051554545760154724,,
H02,114,1523958592603333301,57,414.50390625,415.1105651855469,ncc_fail,414.3948059082031,418.47991943359375,0.5548681666755225,True,414.27886374300215,417.9927089923716,0.09784569083468066,True,both,0,1,ncc_fail,fb_fail,Unknown,Unknown,-6.104733795490404,6.12348515747027,2.9954169928311387,-0.06823910614959061,0.0,3.1090068046319557
H02,114,1523958592603333301,73,451.6474304199219,502.6431579589844,border_fail,450.985107421875,505.2745361328125,0.09889136315352201,False,450.915404315853,505.21636115322246,0.06154633489571479,False,neither,0,0,not_accepted,not_accepted,Unknown,Unknown,-5.559407418109619,5.562268115236714,3.0243771876742773,-0.0394694650109475,,
H02,114,1523958592603333301,140,476.4801940917969,503.7115478515625,border_fail,475.5742492675781,506.2716064453125,0.190353361141225,False,475.73520723532346,506.28583429990397,0.052344120660501134,False,neither,0,0,not_accepted,not_accepted,Unknown,Unknown,-5.411248489539922,5.397720810445492,2.9574675144934446,-0.034654695608569916,,
H02,114,1523958592603333301,541,354.41314697265625,503.8656005859375,border_fail,353.70721435546875,506.2192687988281,0.0077687468825661625,False,353.62191721040966,506.2759867755577,0.11105416700594467,False,neither,0,0,not_accepted,not_accepted,Unknown,Unknown,-5.713518054131789,5.711413144222707,3.0592524143546758,-0.03495991337929258,,
H02,114,1523958592603333301,678,392.5496520996094,322.0419006347656,fb_fail,392.5824890136719,325.9054870605469,0.0744459914745858,True,393.08234696680006,324.92348500177883,0.09945721250501124,True,both,3,3,completed_3_step_check,completed_3_step_check,Unknown,Unknown,-6.9981927779327195,7.009065625291301,3.1794981784141094,-0.07531651506725409,16.925129054306176,11.496955006104251
H02,114,1523958592603333301,988,328.1714782714844,296.7604064941406,fb_fail,328.573974609375,303.3464660644531,0.052660024292605585,True,328.47227306457364,303.0052224497168,0.19889328828232314,True,both,0,0,fb_fail,fb_fail,Unknown,Unknown,-7.351418203427778,7.3204606186649475,3.539618004262726,-0.08117842003912432,0.0,0.0
H02,114,1523958592603333301,1092,257.23974609375,290.6026916503906,ncc_fail,256.7845153808594,296.47686767578125,0.005227421511777366,True,256.8089957444577,296.520365106289,0.07688097046136895,True,both,3,0,completed_3_step_check,ncc_fail,Unknown,Unknown,-8.688237651678094,8.625915312514834,4.088989730094724,-0.07855063766615011,18.14962612551101,0.0
H02,114,1523958592603333301,1222,326.1219177246094,154.3739013671875,ncc_fail,327.1993103027344,158.73330688476562,0.019698127468622897,True,327.11937387286406,158.2782669627853,0.31861950415320767,True,both,2,0,ncc_fail,ncc_fail,Unknown,Unknown,-7.091600376154478,7.075767602938111,3.561321501701827,-0.06222128468781489,9.026779977647667,0.0
H02,114,1523958592603333301,1261,278.17779541015625,153.53494262695312,ncc_fail,278.5884094238281,157.27406311035156,0.007678082560366451,True,278.628412743878,157.1992105848981,0.04757744066197983,True,both,3,3,completed_3_step_check,completed_3_step_check,Unknown,Unknown,-7.534806622936765,7.520080160669459,3.665516178910373,-0.044255452762614805,11.819946301679142,11.805761730906925
H02,114,1523958592603333301,1272,421.9335021972656,183.49884033203125,ncc_fail,423.4938049316406,185.74734497070312,0.002818212006986132,True,423.5504799980296,185.6710135466925,0.031050048906999174,True,both,3,3,completed_3_step_check,completed_3_step_check,Unknown,Unknown,-7.651370600769268,7.645001537698591,3.802328645775729,-0.05427371895199461,8.57450479457182,8.5904791502946
H02,114,1523958592603333301,1344,184.6063232421875,14.201008796691895,ncc_fail,184.5286407470703,15.285654067993164,0.009935851185667515,True,184.5503676902547,15.238625185315335,0.09442339379312034,True,both,0,0,ncc_fail,ncc_fail,Unknown,Unknown,-6.939026550280367,6.91464111594563,3.6156603757871446,-0.05711013823630047,0.0,0.0
H02,114,1523958592603333301,1359,176.65394592285156,226.4490203857422,ncc_fail,176.4439697265625,228.5861053466797,0.0045931236235787435,True,176.38571516375,228.763168710997,0.0695820929258831,True,both,3,3,completed_3_step_check,completed_3_step_check,Unknown,Unknown,-7.999213570185592,7.982302670342777,3.973221328126461,-0.04569917697256111,6.433415409942465,6.486256368160207
H02,114,1523958592603333301,1401,167.0,2.0,ncc_fail,166.84140014648438,2.6990280151367188,0.012169169479424135,False,166.90866159647703,2.613225817680359,0.2232753001682157,False,neither,0,0,not_accepted,not_accepted,Unknown,Unknown,-6.187104225158691,6.171658992767334,3.322892904281616,-0.039485398679971695,,
H02,114,1523958592603333301,1402,7.0,160.0,border_fail,6.222646713256836,160.739990234375,0.04972458749060635,False,6.1645867228508,160.68694877624512,0.03120463555482765,False,neither,0,0,not_accepted,not_accepted,Unknown,Unknown,-6.236121654510498,6.201528072357178,3.176872730255127,-0.04136066883802414,,
H02,114,1523958592603333301,1403,442.0,4.0,ncc_fail,444.6804504394531,5.333093643188477,0.017434866861938982,False,444.8081696033478,5.288068890571594,0.09526430202379793,False,neither,0,0,not_accepted,not_accepted,Unknown,Unknown,-6.076444625854492,6.05075740814209,3.209092617034912,-0.032630302011966705,,
H02,114,1523958592603333301,1404,418.0,505.0,ncc_fail,417.26666259765625,507.52264404296875,0.015166345950113722,False,417.26268911361694,507.552983045578,0.08295433823296254,False,neither,0,0,not_accepted,not_accepted,Unknown,Unknown,-5.872054576873779,5.869949817657471,3.133855104446411,-0.04115345701575279,,
H02,115,1523958592653501585,144,274.6617431640625,350.48614501953125,ncc_fail,274.3782958984375,354.61529541015625,0.019014900257965924,True,274.44784496830846,355.2420715909247,0.11616083028494333,True,both,3,3,completed_3_step_check,completed_3_step_check,Unknown,Unknown,-7.4374222927410685,7.399241085217266,3.5689544273724607,-0.08998340088642265,12.30339203573472,12.136445169458888
H02,115,1523958592653501585,383,365.68267822265625,419.9036560058594,ncc_fail,365.82635498046875,425.0520935058594,0.08166794137401855,True,365.50220595284685,422.56057608308606,0.016935328546930917,True,both,0,0,ncc_fail,ncc_fail,Unknown,Unknown,-6.469166638100366,6.43878554121198,3.248404334661733,-0.06566706638461052,0.0,0.0
H02,115,1523958592653501585,523,466.5350341796875,336.514892578125,ncc_fail,467.3089599609375,339.4038391113281,0.004425995824044796,True,467.27886567125836,339.339001667791,0.04502922929067471,True,both,3,3,completed_3_step_check,completed_3_step_check,Unknown,Unknown,-6.951924671101835,6.935375573883647,3.5822873654672165,-0.0355179356593589,9.004533079188244,9.00221103095647
H02,115,1523958592653501585,1049,380.555419921875,290.0187072753906,ncc_fail,381.3935546875,296.70538330078125,0.02236320129113708,True,381.5242291047418,296.89129593041594,0.06649134010594374,True,both,3,0,completed_3_step_check,ncc_fail,Unknown,Unknown,-6.665548201528203,6.634308991775853,3.116976901938626,-0.08775269804480101,21.250279360312813,0.0
H02,115,1523958592653501585,1090,108.2479019165039,503.9804992675781,border_fail,107.26486206054688,505.4049987792969,0.007989895944228097,False,107.36360107123133,505.5644104850095,0.017301019057857265,False,neither,0,0,not_accepted,not_accepted,Unknown,Unknown,-5.527000511921722,5.523348002382072,2.948834355976587,-0.02790049721866685,,
H02,115,1523958592653501585,1171,8.212018013000488,74.9070816040039,border_fail,7.138027191162109,75.64111328125,0.012520097107123157,False,7.155346708881506,75.7966479303719,0.1727665741987409,False,neither,0,0,not_accepted,not_accepted,Unknown,Unknown,-6.273432466063383,6.25425078360603,3.0243153515900243,-0.05639155183310699,,
H02,115,1523958592653501585,1219,370.2949523925781,70.48530578613281,ncc_fail,372.4684143066406,72.57481384277344,0.0006224389054678692,True,372.5196161894745,72.38373480731462,0.027181673312774907,True,both,3,1,completed_3_step_check,ncc_fail,Unknown,Unknown,-7.428090725069531,7.411083367602124,3.6739313134539078,-0.044451198828938054,9.475772077125754,3.0910812641047545
H02,115,1523958592653501585,1326,446.78704833984375,197.4052734375,ncc_fail,448.5031433105469,199.7255096435547,0.001132958665823155,True,448.4200729457845,199.7054639535677,0.024052049439383466,True,both,0,3,ncc_fail,completed_3_step_check,Unknown,Unknown,-7.863549319121745,7.838747131545404,3.9500846578349353,-0.04318652359102071,0.0,9.104415776223165
H02,115,1523958592653501585,1360,78.57142639160156,84.23188781738281,ncc_fail,78.42540740966797,84.06938171386719,0.028312188660465587,True,78.34201099796593,84.24671865551112,0.4037519945946059,True,both,3,3,completed_3_step_check,completed_3_step_check,Unknown,Unknown,-6.748148765920633,6.718037522217826,3.0049500247798253,-0.07823575747959566,1.114795080877447,1.0647246189153714
H02,115,1523958592653501585,1377,141.32090759277344,339.2831726074219,ncc_fail,140.69400024414062,341.5713806152344,0.001617791477698269,True,140.7436403572114,341.534613007398,0.02665255748038252,True,both,2,3,ncc_fail,completed_3_step_check,Unknown,Unknown,-7.712753058316469,7.69422132546853,3.8954204700208264,-0.037140073442852806,4.780055488360944,7.08514798445682
H02,115,1523958592653501585,1378,225.82763671875,45.606563568115234,ncc_fail,226.17047119140625,47.46868133544922,0.0035171839780760205,True,226.14714721295982,47.39406173085495,0.17907349830434963,True,both,3,3,completed_3_step_check,completed_3_step_check,Unknown,Unknown,-8.262801541722741,8.221969375723921,4.046326816600487,-0.050564260751183816,5.559376246398651,5.53081352098372
H02,115,1523958592653501585,1407,167.0,3.0,ncc_fail,166.908203125,3.667710304260254,0.010427248024097389,False,166.8569074869156,3.6851162910461426,0.22903710414155184,False,neither,0,0,not_accepted,not_accepted,Unknown,Unknown,-6.4293599128723145,6.410900592803955,3.3816540241241455,-0.0396169051527977,,
H02,115,1523958592653501585,1409,6.0,161.0,border_fail,5.379247665405273,161.74591064453125,0.03116666409231873,False,5.258760213851929,161.77780628204346,0.05993587478339414,False,neither,0,0,not_accepted,not_accepted,Unknown,Unknown,-5.871608257293701,5.825727462768555,3.0238733291625977,-0.04093514755368233,,
H02,115,1523958592653501585,1411,444.0,5.0,border_fail,446.8486022949219,6.203991889953613,0.03290763173783826,False,446.82458329200745,6.1466100215911865,0.08868956254295297,False,neither,0,0,not_accepted,not_accepted,Unknown,Unknown,-6.368625640869141,6.345378875732422,3.3055243492126465,-0.032043445855379105,,
H02,115,1523958592653501585,1413,1.0,108.0,ncc_fail,-0.31490230560302734,109.15215301513672,0.13477770754880025,False,-0.11545693874359131,109.14380025863647,nan,False,neither,0,0,not_accepted,not_accepted,Unknown,Unknown,-5.348145008087158,5.356966972351074,2.642244577407837,-0.05553348362445831,,
H02,115,1523958592653501585,1415,417.0,507.0,ncc_fail,416.2774353027344,509.71234130859375,0.3192789715227019,False,416.3740900158882,509.4112470149994,0.09908025205358575,False,neither,0,0,not_accepted,not_accepted,Unknown,Unknown,-5.775705814361572,5.771068572998047,3.1127283573150635,-0.04523244872689247,,
H02,115,1523958592653501585,1418,231.0,1.0,ncc_fail,231.65635681152344,2.1332788467407227,0.09122387250101638,False,231.53513872623444,2.027615785598755,0.09594201402504009,False,neither,0,0,not_accepted,not_accepted,Unknown,Unknown,-6.38322639465332,6.366774082183838,3.274731397628784,-0.04351260885596275,,
H02,116,1523958592703726366,24,386.5299072265625,424.261474609375,ncc_fail,386.8268127441406,429.5012512207031,0.12508145673390025,True,386.41850774825525,426.99523924151146,0.000538300340483747,True,both,0,0,ncc_fail,ncc_fail,Unknown,Unknown,-6.235783244736453,6.220252135787533,2.958611714836671,-0.06481244333748615,0.0,0.0
H02,116,1523958592703726366,87,462.6390686035156,502.72528076171875,border_fail,462.02911376953125,505.76165771484375,0.5060012224517396,False,462.082525066928,505.2947539526369,0.121629748064457,False,neither,0,0,not_accepted,not_accepted,Unknown,Unknown,-5.274890736428272,5.275317634313847,2.9004379103703526,-0.04105277354498759,,
H02,116,1523958592703726366,381,135.04652404785156,503.588134765625,border_fail,134.1693878173828,505.1804504394531,0.019941976400849788,False,134.22775413137322,505.2845395922778,0.017822486935871407,False,neither,0,0,not_accepted,not_accepted,Unknown,Unknown,-5.598793676544254,5.59796850969642,2.9899473783028245,-0.030357630716628205,,
H02,116,1523958592703726366,1123,268.9977722167969,186.3094940185547,ncc_fail,269.4630126953125,190.4922637939453,0.002484138357540127,True,269.5148788084333,190.21402215107238,0.06586009401400723,True,both,0,3,ncc_fail,completed_3_step_check,Unknown,Unknown,-7.460189469600101,7.438088859961883,3.6718005804808014,-0.05738236870211031,0.0,13.016115709339722
H02,116,1523958592703726366,1175,253.8629913330078,116.48649597167969,ncc_fail,254.37571716308594,119.71945190429688,0.002758097350914239,True,254.39631739690012,119.66960909386376,0.01665808327196396,True,both,3,3,completed_3_step_check,completed_3_step_check,Unknown,Unknown,-7.468775971580813,7.438026353263274,3.769493646418052,-0.044909141710245855,10.189953389264247,10.183326275386548
H02,116,1523958592703726366,1256,184.4422607421875,96.61556243896484,ncc_fail,184.53848266601562,98.3197250366211,0.002122782202035101,True,184.5052844062742,98.33614708099027,0.13488280127062122,True,both,3,3,completed_3_step_check,completed_3_step_check,Unknown,Unknown,-7.049086428865083,7.031531678907837,3.5602124104449437,-0.04830089808892647,5.0011841895849445,4.999328681314849
H02,116,1523958592703726366,1338,140.8730926513672,230.43902587890625,ncc_fail,140.58987426757812,232.56918334960938,0.004620793673848478,True,140.56171154993083,232.560615704736,0.008656243441378596,True,both,3,3,completed_3_step_check,completed_3_step_check,Unknown,Unknown,-8.064752603436286,8.03537575090684,4.0240137195303225,-0.03954967582071857,6.507657684735663,6.502987587510908
H02,116,1523958592703726366,1412,281.607177734375,154.72560119628906,ncc_fail,282.3748474121094,158.51333618164062,0.005720173847411393,True,282.3784614054511,158.40689550403698,0.052717468232163035,True,both,0,3,ncc_fail,completed_3_step_check,Unknown,Unknown,-7.4798023861485134,7.462750452925906,3.70427765525172,-0.04432263869510364,0.0,11.898356746175509
H02,116,1523958592703726366,1416,425.6292724609375,187.28150939941406,ncc_fail,427.4477844238281,189.53550720214844,0.0032008924496128473,True,427.4162291038094,189.4778905244415,0.05245193965738064,True,both,3,3,completed_3_step_check,completed_3_step_check,Unknown,Unknown,-7.796558038662043,7.795709456497093,3.876750878405969,-0.050949318323112926,8.879167596407067,8.86973155899323
H02,116,1523958592703726366,1423,168.0,6.0,border_fail,167.9755096435547,6.684021949768066,0.006548575992325671,False,167.96546498686075,6.733455538749695,0.07473531362669825,False,neither,0,0,not_accepted,not_accepted,Unknown,Unknown,-6.432862281799316,6.413214683532715,3.3951902389526367,-0.046043477952480316,,
H02,116,1523958592703726366,1426,5.0,162.0,border_fail,4.440644264221191,162.7442169189453,0.038972184252412195,False,4.365970253944397,162.71579331159592,0.04123660014193881,False,neither,0,0,not_accepted,not_accepted,Unknown,Unknown,-5.733195781707764,5.700632572174072,2.9929981231689453,-0.04533935710787773,,
H02,116,1523958592703726366,1427,447.0,6.0,border_fail,449.9933166503906,7.30269193649292,0.014781944059554448,False,449.98239850997925,7.295809388160706,0.10566510976859102,False,neither,0,0,not_accepted,not_accepted,Unknown,Unknown,-6.178775310516357,6.156379699707031,3.217893123626709,-0.029652513563632965,,
H02,116,1523958592703726366,1431,326.0,246.0,ncc_fail,326.8377990722656,252.61048889160156,0.005140196634550192,True,326.8167961239815,250.16963005065918,0.3342102553767852,True,both,0,0,ncc_fail,ncc_fail,Unknown,Unknown,-6.9042768478393555,6.913048267364502,3.370392322540283,-0.05749836936593056,0.0,0.0
H02,116,1523958592703726366,1433,231.0,4.0,ncc_fail,231.72171020507812,5.064868927001953,0.013265786214349876,False,231.6197572350502,5.063523054122925,0.18842012065083566,False,neither,0,0,not_accepted,not_accepted,Unknown,Unknown,-6.1942548751831055,6.17276668548584,3.2165231704711914,-0.03769376501441002,,
H02,116,1523958592703726366,1434,534.0,1.0,ncc_fail,536.9995727539062,2.3719844818115234,0.052978862547960866,False,537.0515248775482,2.5013647079467773,0.05111415419621577,False,neither,0,0,not_accepted,not_accepted,Unknown,Unknown,-5.827028751373291,5.7968645095825195,3.1560027599334717,-0.03194592893123627,,
H02,116,1523958592703726366,1439,2.0,398.0,ncc_fail,1.2500896453857422,399.26251220703125,0.011950268498638046,False,1.2073986530303955,399.1065318584442,0.02732723589417865,False,neither,0,0,not_accepted,not_accepted,Unknown,Unknown,-5.71858024597168,5.696115970611572,3.019702911376953,-0.029582129791378975,,
H02,117,1523958592752664214,9,364.4211120605469,433.9674987792969,fb_fail,364.4717712402344,438.8769226074219,0.04387240189483788,True,364.2485750543645,436.69246789269533,0.059707394385963064,True,both,0,0,fb_fail,ncc_fail,Unknown,Unknown,-6.327181577905502,6.305783410466441,3.0641600478702227,-0.07411556486629461,0.0,0.0
H02,117,1523958592752664214,312,290.142333984375,502.3117370605469,border_fail,289.3301086425781,504.6788635253906,0.09930569038607967,False,289.57794445062376,504.51803651783547,0.18716355619956596,False,neither,0,0,not_accepted,not_accepted,Unknown,Unknown,-5.857651509348319,5.83918700836691,3.118865330058469,-0.04236794116815851,,
H02,117,1523958592752664214,806,284.4075927734375,270.02703857421875,ncc_fail,284.514404296875,275.4289245605469,0.0031508568113135516,True,284.64740619440875,275.09453591137367,0.30322694412532575,True,both,3,3,completed_3_step_check,completed_3_step_check,Unknown,Unknown,-8.159852835754073,8.12692416176369,3.801798669238595,-0.07618260840981933,16.722605837983448,16.616908159447487
H02,117,1523958592752664214,991,66.94867706298828,136.688232421875,ncc_fail,66.46278381347656,136.82742309570312,0.011339592986565176,True,66.56039501859468,137.12570877886657,0.07493108645076611,True,both,3,3,completed_3_step_check,completed_3_step_check,Unknown,Unknown,-6.156115384914255,6.1363805762381665,3.2404957993311996,-0.05016299464851835,1.4418556688208408,1.4310634797424977
H02,117,1523958592752664214,1349,81.4592514038086,363.5804748535156,ncc_fail,80.70111846923828,365.5514221191406,0.00249349343454779,True,80.74918080133882,365.39832181982723,0.033894150513459356,True,both,1,3,ncc_fail,completed_3_step_check,Unknown,Unknown,-7.009187173546522,6.98283121155242,3.594157045338907,-0.03560716071169817,2.0788782295108588,6.079188675242603
H02,117,1523958592752664214,1353,242.89633178710938,67.37057495117188,ncc_fail,243.4712371826172,69.62371063232422,0.0015232062775641423,True,243.4662905628904,69.64342729255468,0.20976218021726584,True,both,3,3,completed_3_step_check,completed_3_step_check,Unknown,Unknown,-8.193392641409346,8.15615660143233,3.9560406406028554,-0.06274072265585351,7.152646241802243,7.153647448707637
H02,117,1523958592752664214,1355,369.4308166503906,260.0530700683594,ncc_fail,370.7024841308594,267.03515625,0.0015869140625,True,370.6451190719002,266.84947942768525,0.09968404384130267,True,both,3,3,completed_3_step_check,completed_3_step_check,Unknown,Unknown,-7.897811552250872,7.879140074188217,3.5201893964822606,-0.08439817042431458,22.549903722649418,22.553475489625676
H02,117,1523958592752664214,1364,205.1410675048828,16.482803344726562,ncc_fail,205.33624267578125,17.487852096557617,0.008407697486571523,True,205.43077184506797,17.663274739492323,0.1364448153344687,True,both,0,3,ncc_fail,completed_3_step_check,Unknown,Unknown,-7.0655381317944945,7.043375143840479,3.6647749419814746,-0.052354807235201854,0.0,3.309237105711711
H02,117,1523958592752664214,1408,241.45114135742188,135.76319885253906,ncc_fail,241.69024658203125,139.38485717773438,0.002683118242228182,True,241.72182030389675,139.15443637511885,0.05087832478736554,True,both,3,3,completed_3_step_check,completed_3_step_check,Unknown,Unknown,-7.37330614422577,7.352758435422308,3.6693152364371406,-0.04181035077031257,10.758323136856,10.686899144107684
H02,117,1523958592752664214,1428,140.5238800048828,344.33154296875,ncc_fail,140.0096435546875,346.6128234863281,0.0028573075647754373,True,139.9694983456625,346.62542396086485,0.022705345804683977,True,both,3,3,completed_3_step_check,completed_3_step_check,Unknown,Unknown,-7.583018986619976,7.563741088656069,3.8164418086482694,-0.038610209527403905,6.982816887682713,6.980933955432959
H02,117,1523958592752664214,1442,168.0,5.0,border_fail,167.99888610839844,5.620704650878906,0.011458560420158333,False,168.06774175167084,5.652621388435364,0.1033067470974795,False,neither,0,0,not_accepted,not_accepted,Unknown,Unknown,-6.450889587402344,6.43256950378418,3.4314675331115723,-0.04510094225406647,,
H02,117,1523958592752664214,1445,4.0,163.0,ncc_fail,3.382756233215332,163.71531677246094,0.027833492326057155,False,3.3130487203598022,163.73434042930603,0.034449731595834025,False,neither,0,0,not_accepted,not_accepted,Unknown,Unknown,-5.694602966308594,5.655948638916016,2.9551801681518555,-0.03790513426065445,,
H02,117,1523958592752664214,1454,192.0,1.0,ncc_fail,192.25099182128906,1.754251480102539,0.02050526504149106,False,192.2548304796219,1.8401232957839966,0.09431019210697973,False,neither,0,0,not_accepted,not_accepted,Unknown,Unknown,-6.183447360992432,6.161965847015381,3.3476250171661377,-0.04682154208421707,,
H02,118,1523958592805209440,13,413.7386169433594,435.2466735839844,fb_fail,414.0707092285156,441.1841735839844,0.19996073167838377,True,413.6942593719533,437.919236661175,0.010176098472861354,True,both,1,0,ncc_fail,ncc_fail,Unknown,Unknown,-6.0230486609322105,5.999143124455141,3.0422347364158737,-0.07775260557482717,3.2480038062547387,0.0
H02,118,1523958592805209440,126,536.7345581054688,503.1609802246094,border_fail,536.2341918945312,505.8864440917969,0.06965577542069305,False,536.2964004894442,505.82780083844733,0.10018026334782877,False,neither,0,0,not_accepted,not_accepted,Unknown,Unknown,-5.845594256048372,5.84120725945999,3.0668355455802367,-0.036597211854159664,,
H02,118,1523958592805209440,159,457.2310791015625,501.6834411621094,border_fail,456.7174987792969,504.6033020019531,0.23991460374889545,False,456.8252523722786,504.3065102721166,0.12384945349099229,False,neither,0,0,not_accepted,not_accepted,Unknown,Unknown,-5.636630557292419,5.639829943149142,3.056124904510553,-0.04729953495171278,,
H02,118,1523958592805209440,247,552.8038940429688,503.83740234375,ncc_fail,552.253173828125,506.9067077636719,0.44160220872881517,False,552.3606824225567,506.51246909386094,0.08610934078948972,False,neither,0,0,not_accepted,not_accepted,Unknown,Unknown,-5.807839790172537,5.811185670284644,3.0707812363248195,-0.041684901079410586,,
H02,118,1523958592805209440,426,350.42327880859375,439.5499267578125,fb_fail,349.828125,444.0008850097656,0.09544696390709681,True,350.24061175864404,442.12962346561966,0.06554077452646638,True,both,0,3,fb_fail,completed_3_step_check,Unknown,Unknown,-6.660495620017969,6.64256920557747,3.2953006681364148,-0.054950069040891864,0.0,14.81118382842176
H02,118,1523958592805209440,473,433.46832275390625,503.5706481933594,border_fail,432.9538879394531,506.08258056640625,0.17262881145112582,False,433.0647238303077,506.1732769510315,0.10214947441249354,False,neither,0,0,not_accepted,not_accepted,Unknown,Unknown,-6.034732418160853,6.0229544682533165,3.167223152746204,-0.0497592985354424,,
H02,118,1523958592805209440,673,95.36466979980469,349.4149169921875,ncc_fail,94.64984130859375,351.56524658203125,0.005990435208852294,True,94.70069356855768,351.4235182967381,0.006757399340967479,True,both,3,3,completed_3_step_check,completed_3_step_check,Unknown,Unknown,-7.603138868448949,7.582322517734299,3.841798881094215,-0.03783769684206286,6.597337036731245,6.549585347921386
H02,118,1523958592805209440,1301,100.49007415771484,297.28289794921875,ncc_fail,99.78042602539062,299.5744934082031,0.0012260558074942167,True,99.87657337261955,299.43618712713777,0.030242691103037234,True,both,3,3,completed_3_step_check,completed_3_step_check,Unknown,Unknown,-8.206591171704561,8.181215010515583,4.087962957807403,-0.03808497762369316,7.0790429720182,7.0741477132643364
H02,118,1523958592805209440,1435,211.42250061035156,34.861732482910156,ncc_fail,211.55966186523438,36.30149841308594,0.007784992458660884,True,211.6749231646718,36.29910725887008,0.14541395817013317,True,both,3,3,completed_3_step_check,completed_3_step_check,Unknown,Unknown,-7.908993378929797,7.880162920211576,3.91119818315203,-0.05370974746098111,4.321027008458171,4.328515734235622
H02,118,1523958592805209440,1436,189.1246795654297,401.46075439453125,ncc_fail,188.6705780029297,403.65936279296875,0.0005935257061394264,True,188.64219019153694,403.6610882403766,0.03451218820873036,True,both,3,3,completed_3_step_check,completed_3_step_check,Unknown,Unknown,-6.99938358648185,6.977620462114339,3.5983836253551034,-0.03651338756422298,6.338866876979169,6.338411790600709
H02,118,1523958592805209440,1449,280.65130615234375,168.954833984375,ncc_fail,281.3938903808594,172.92982482910156,0.004041707307408033,True,281.31453068826,172.944448373611,0.07565250016227142,True,both,3,3,completed_3_step_check,completed_3_step_check,Unknown,Unknown,-7.700985365658916,7.691523083990191,3.711899751449103,-0.045200071892729066,12.811081318772661,12.799734022537818
H02,118,1523958592805209440,1456,166.0,6.0,border_fail,166.033447265625,6.552202224731445,0.01768622021381349,False,166.13406783342361,6.510164976119995,0.1332948348764726,False,neither,0,0,not_accepted,not_accepted,Unknown,Unknown,-6.491332054138184,6.474513530731201,3.284900188446045,-0.047942470759153366,,
H02,118,1523958592805209440,1459,1.0,164.0,ncc_fail,0.4006500244140625,164.68350219726562,0.037326368030536274,False,0.3594092130661011,164.6992730498314,0.08765579279705518,False,neither,0,0,not_accepted,not_accepted,Unknown,Unknown,-5.5104594230651855,5.4656267166137695,2.8661227226257324,-0.04312023147940636,,
H02,118,1523958592805209440,1465,234.0,6.0,border_fail,234.7919921875,6.954046249389648,0.02570195595795642,False,234.79481720924377,6.911760032176971,0.22841424292047147,False,neither,0,0,not_accepted,not_accepted,Unknown,Unknown,-6.470314979553223,6.451476097106934,3.3201711177825928,-0.044708821922540665,,
H02,119,1523958592852888766,19,316.3066101074219,501.54425048828125,border_fail,315.7271423339844,504.1011047363281,0.06362025063752925,False,315.8861093013567,504.1517590608487,0.033963092433818134,False,neither,0,0,not_accepted,not_accepted,Unknown,Unknown,-6.637254553098265,6.63257857272311,3.4349037688071546,-0.045236022438205285,,
H02,119,1523958592852888766,75,383.12335205078125,502.7518005371094,border_fail,382.65374755859375,505.2261047363281,0.07455679178930857,False,382.7304411945401,505.31756164106224,0.04236309783080319,False,neither,0,0,not_accepted,not_accepted,Unknown,Unknown,-6.105289460119365,6.094826384481393,3.196781152733962,-0.03982672301691944,,
H02,119,1523958592852888766,612,97.80853271484375,502.4886779785156,border_fail,97.06038665771484,504.1517028808594,0.07143190562693186,False,96.99560456760537,503.99285357032005,0.3402597405436943,True,S_only,0,0,not_accepted,border_fail,Unknown,Unknown,-5.505095386789698,5.49334573654746,3.0304967594694565,-0.03769787836028376,,0.0
H02,119,1523958592852888766,1195,470.66021728515625,236.70074462890625,ncc_fail,472.4785461425781,239.40892028808594,0.003515884601756896,True,472.45115660890536,239.2156173518082,0.03849671592622847,True,both,3,3,completed_3_step_check,completed_3_step_check,Unknown,Unknown,-7.386799909090003,7.356175745930214,3.758967727621668,-0.039829540855333925,9.929956900148277,9.898220008286131
H02,119,1523958592852888766,1214,77.08452606201172,503.91259765625,border_fail,76.19770050048828,505.4538269042969,0.024220838043354523,False,76.21565324622733,505.2246660905282,0.32537400861971927,False,neither,0,0,not_accepted,not_accepted,Unknown,Unknown,-5.094142309877347,5.07487616726638,2.9790339783637005,-0.035434475793351544,,
H02,119,1523958592852888766,1224,8.648538589477539,52.1462287902832,border_fail,7.624122619628906,52.498687744140625,0.045517763387585494,False,7.7362750858431495,52.44216973916226,0.020830650219563547,False,neither,0,0,not_accepted,not_accepted,Unknown,Unknown,-5.619579758130266,5.614432508198821,3.0796410506374015,-0.043164368331486506,,
H02,119,1523958592852888766,1375,155.8716583251953,23.646039962768555,ncc_fail,155.41574096679688,24.442729949951172,0.011069858584803485,True,155.5871893151048,24.425519323837804,0.1370178555848946,True,both,3,3,completed_3_step_check,completed_3_step_check,Unknown,Unknown,-7.509163482206252,7.495130512431151,3.731164493143541,-0.04824969035644695,2.8381160768513998,2.8073583941565006
H02,119,1523958592852888766,1430,229.20712280273438,52.50056457519531,ncc_fail,229.5447235107422,54.34809494018555,0.00569563811879702,True,229.5370985703699,54.2528466654304,0.11223393007691014,True,both,3,3,completed_3_step_check,completed_3_step_check,Unknown,Unknown,-8.235290782056385,8.211183417657004,4.016308712805737,-0.05096281026929905,5.942719838503639,5.934548777233639
H02,119,1523958592852888766,1432,463.5086364746094,212.33714294433594,ncc_fail,465.4400634765625,214.73287963867188,0.004118092470042034,True,465.44279211373095,214.71390862342767,0.014101891862594343,True,both,0,0,ncc_fail,ncc_fail,Unknown,Unknown,-7.496691222843728,7.481754626176137,3.8063251980601365,-0.041515013076469286,0.0,0.0
H02,119,1523958592852888766,1444,246.74432373046875,117.35980224609375,ncc_fail,247.19679260253906,120.52531433105469,0.001047090970721299,True,247.12665863760887,120.42402996535594,0.0270730154465088,True,both,1,0,ncc_fail,ncc_fail,Unknown,Unknown,-7.8741494662206435,7.850126384501717,3.8836822057070677,-0.048873727072929155,3.3148630669634125,0.0
H02,119,1523958592852888766,1458,245.52081298828125,72.34322357177734,ncc_fail,246.1648406982422,74.61167907714844,0.006637910856232842,True,246.01536465874497,74.55277624984072,0.10014381002995125,True,both,3,3,completed_3_step_check,completed_3_step_check,Unknown,Unknown,-7.828554259042819,7.8018893030264564,3.8230384929102548,-0.05742492627061928,7.621685800148999,7.615153752074298
H02,119,1523958592852888766,1462,139.51055908203125,349.32733154296875,ncc_fail,139.0416717529297,351.58209228515625,0.0038148193339844374,True,139.04553509916158,351.6389873232172,0.05093705783941978,True,both,3,3,completed_3_step_check,completed_3_step_check,Unknown,Unknown,-7.945134739426942,7.929732543526299,3.9590733986262263,-0.03866370645733036,6.583152754687186,6.58980023038879
H02,119,1523958592852888766,1468,442.4573669433594,262.6117248535156,ncc_fail,443.95062255859375,265.2938232421875,0.0011680700200808495,True,444.0061972696365,265.1318861634208,0.04633766794778426,True,both,3,3,completed_3_step_check,completed_3_step_check,Unknown,Unknown,-7.667472450304391,7.636955209575973,3.859489876978013,-0.0454209644591115,9.655822039245775,9.608032261306711
H02,119,1523958592852888766,1469,166.0,7.0,border_fail,166.00482177734375,7.463297367095947,0.011192685178972447,False,165.96390525624156,7.505576193332672,0.15679944301862658,False,neither,0,0,not_accepted,not_accepted,Unknown,Unknown,-6.475582122802734,6.456513404846191,3.3929765224456787,-0.04483649879693985,,
H02,119,1523958592852888766,1470,218.0,1.0,ncc_fail,218.55453491210938,1.8093175888061523,0.020089536713390872,False,218.42481738328934,1.7207489013671875,0.14788089437759436,False,neither,0,0,not_accepted,not_accepted,Unknown,Unknown,-5.984299659729004,5.960151195526123,3.2021846771240234,-0.03806550055742264,,
H02,119,1523958592852888766,1471,360.0,440.0,ncc_fail,359.81005859375,444.4894104003906,0.08944737549174551,True,359.8760631456971,442.7590184211731,0.07036356426833804,True,both,0,0,ncc_fail,ncc_fail,Unknown,Unknown,-6.773440361022949,6.807756423950195,3.0157601833343506,-0.09778610616922379,0.0,0.0
H02,119,1523958592852888766,1475,4.0,164.0,ncc_fail,3.4089784622192383,164.61659240722656,0.04216951645394656,False,3.346623957157135,164.62140011787415,0.0682775395962561,False,neither,0,0,not_accepted,not_accepted,Unknown,Unknown,-5.819972991943359,5.786524772644043,3.0056729316711426,-0.03584198281168938,,
H02,119,1523958592852888766,1477,191.0,2.0,ncc_fail,191.35435485839844,2.583293914794922,0.019382140103752644,False,191.1262455880642,2.6416040658950806,0.13248732346164194,False,neither,0,0,not_accepted,not_accepted,Unknown,Unknown,-6.167593479156494,6.143826007843018,3.3556911945343018,-0.04810721054673195,,
H02,119,1523958592852888766,1479,235.0,7.0,border_fail,235.7640838623047,7.922239303588867,0.01918571542487279,False,235.63686567544937,7.848316550254822,0.18135455445122511,False,neither,0,0,not_accepted,not_accepted,Unknown,Unknown,-6.490694999694824,6.4718122482299805,3.3504958152770996,-0.04275349900126457,,
H02,120,1523958592904315075,8,388.0607604980469,449.6338195800781,fb_fail,388.14202880859375,454.5106506347656,0.11102538606843479,True,388.1253726492686,452.28097825349437,0.11729608083136232,True,both,0,0,ncc_fail,ncc_fail,Unknown,Unknown,-6.438110726220863,6.464474844484996,2.9747572739256887,-0.0859910718910985,0.0,0.0
H02,120,1523958592904315075,1054,363.54180908203125,331.42987060546875,ncc_fail,364.46435546875,339.1862487792969,0.0011324447824267257,True,364.46475211185935,338.97477513779717,0.23678733330785875,True,both,0,0,ncc_fail,ncc_fail,Unknown,Unknown,-8.379142509971391,8.327135764050343,3.6577444797110585,-0.10948665872912802,0.0,0.0
H02,120,1523958592904315075,1309,397.3848876953125,250.20823669433594,fb_fail,399.4078369140625,256.911865234375,0.05259605209788412,True,399.11846908572136,253.1434611239801,1.4080201219316812,False,C_only,3,0,completed_3_step_check,not_accepted,Unknown,Unknown,-6.102472661867583,6.097816977480642,2.859845963369467,-0.07611443182606015,21.668530297971586,
H02,120,1523958592904315075,1376,48.01433181762695,8.088232040405273,border_fail,47.6255989074707,7.966203689575195,0.0019780835330053597,False,47.83154339400393,8.026824421499374,0.18421173299864171,True,S_only,0,0,not_accepted,border_fail,Unknown,Unknown,-5.6789993647561,5.656035674652077,3.250992882409525,-0.051393569547891205,,0.0
H02,120,1523958592904315075,1424,381.5780029296875,80.40478515625,ncc_fail,384.3532409667969,82.51783752441406,0.0024726772337591123,True,384.3275341312491,82.22738796230536,0.03423332128428863,True,both,3,3,completed_3_step_check,completed_3_step_check,Unknown,Unknown,-7.893417754811566,7.865016294607187,3.938079754499938,-0.041896972185787584,11.134013215417093,11.138494332716823
H02,120,1523958592904315075,1474,242.27317810058594,146.5477752685547,ncc_fail,242.6636199951172,150.32485961914062,0.001693794317826985,True,242.66948206281467,150.14131666062622,0.03674800677155213,True,both,3,3,completed_3_step_check,completed_3_step_check,Unknown,Unknown,-7.299922962958084,7.274344006118833,3.624923258248894,-0.04390818564312238,11.203103588039644,11.181147177925661
H02,120,1523958592904315075,1484,360.0,443.0,ncc_fail,360.08990478515625,447.5255432128906,0.12145346235976581,True,360.0282012075186,445.6504774093628,1.4614839582841648,False,C_only,3,0,completed_3_step_check,not_accepted,Unknown,Unknown,-6.616827011108398,6.646280765533447,2.9779748916625977,-0.08764414489269257,14.139712429138946,
H02,120,1523958592904315075,1485,219.0,2.0,ncc_fail,219.7257537841797,2.7737207412719727,0.015750286324658466,False,219.71810507774353,2.7572250962257385,0.23474160792867696,False,neither,0,0,not_accepted,not_accepted,Unknown,Unknown,-6.077797889709473,6.055761814117432,3.238424777984619,-0.039467621594667435,,
H02,120,1523958592904315075,1486,325.0,506.0,ncc_fail,324.5218811035156,508.4040832519531,0.10449634525904374,False,324.72837430238724,508.3833203315735,0.021348951401821633,False,neither,0,0,not_accepted,not_accepted,Unknown,Unknown,-6.751721382141113,6.745048522949219,3.4814279079437256,-0.04080165922641754,,
H02,120,1523958592904315075,1489,189.0,2.0,ncc_fail,189.47805786132812,2.495981216430664,0.012827914316396447,False,189.39031571149826,2.6278972029685974,0.20914077875994228,False,neither,0,0,not_accepted,not_accepted,Unknown,Unknown,-6.18447732925415,6.16373348236084,3.3470993041992188,-0.04946327954530716,,
H02,120,1523958592904315075,1491,4.0,165.0,ncc_fail,3.6086301803588867,165.60504150390625,0.0012194865840500987,False,3.5134729743003845,165.66854584217072,0.05341957240117778,False,neither,0,0,not_accepted,not_accepted,Unknown,Unknown,-5.771605968475342,5.741971492767334,2.996774911880493,-0.032720696181058884,,
H02,121,1523958592953335423,21,418.1991882324219,454.0647277832031,fb_fail,418.5456237792969,459.1297302246094,0.07950059298003272,True,418.5493749885649,456.6087665954383,0.03054563748945469,True,both,0,0,fb_fail,fb_fail,Unknown,Unknown,-6.363646942034334,6.356551420516501,3.181808265803637,-0.06380349962580217,0.0,0.0
H02,121,1523958592953335423,82,173.47984313964844,351.3045654296875,ncc_fail,173.16769409179688,354.0824890136719,0.0135961290585141,True,173.4743641038041,353.6251328534919,0.014202750849528569,True,both,3,3,completed_3_step_check,completed_3_step_check,Unknown,Unknown,-7.168777711810464,7.153431163809133,3.5567540226422842,-0.04368846817904424,6.660484378333815,6.77823945959558
H02,121,1523958592953335423,267,526.8926391601562,503.55108642578125,border_fail,526.8330078125,506.2546081542969,0.09365478786902964,False,526.8799746415197,506.0160914290276,0.07800937218582633,False,neither,0,0,not_accepted,not_accepted,Unknown,Unknown,-5.8574712389462285,5.857550497446486,3.1073190913216333,-0.035781322233998936,,
H02,121,1523958592953335423,827,255.4620819091797,350.0263977050781,ncc_fail,255.42796325683594,355.9328918457031,0.008354127787898312,True,255.4899669039776,356.03353764476617,0.22355599545749485,True,both,3,3,completed_3_step_check,completed_3_step_check,Unknown,Unknown,-8.434472026387581,8.398779032578826,4.211751690985303,-0.09279361113924625,17.40864474109868,17.40978195949322
H02,121,1523958592953335423,960,316.5281677246094,320.4063720703125,ncc_fail,317.669921875,326.8424377441406,0.1134156137297148,True,317.32607628483265,325.27688328278134,0.47984237419509373,True,both,3,3,completed_3_step_check,completed_3_step_check,Unknown,Unknown,-7.734068418950976,7.7254725193738665,3.4083045194512023,-0.07565389174228038,13.737909578608413,13.830192267212997
H02,121,1523958592953335423,1269,208.0354766845703,59.5778694152832,ncc_fail,208.4420166015625,61.47108459472656,0.003753979987354092,True,208.4422241205572,61.50177905716298,0.06837678223291206,True,both,3,0,completed_3_step_check,ncc_fail,Unknown,Unknown,-7.931193511822669,7.898258193132181,3.924899309478899,-0.05186854463515266,5.226140922175765,0.0
H02,121,1523958592953335423,1488,155.61520385742188,25.954059600830078,ncc_fail,155.42015075683594,26.782367706298828,0.003160374811863887,True,155.60327722939397,26.881859096092235,0.06194497561891236,True,both,1,2,ncc_fail,ncc_fail,Unknown,Unknown,-7.846306200596771,7.8395703988465,3.811406486564383,-0.052262867359192694,0.8790405106732219,1.5426753613873116
H02,121,1523958592953335423,1492,230.54763793945312,55.82441711425781,ncc_fail,231.3069305419922,57.75040054321289,0.003965083758601771,True,231.28305448909765,57.70335515474932,0.10466721541241701,True,both,3,3,completed_3_step_check,completed_3_step_check,Unknown,Unknown,-8.210535550463614,8.17702953382895,4.01288246726363,-0.05684050867138381,5.845183482332986,5.832825493617677
H02,121,1523958592953335423,1495,8.068950653076172,53.36415100097656,border_fail,7.314919471740723,53.7266731262207,0.029941154535086067,False,7.303545561447483,53.782724181901905,0.08868569123930273,False,neither,0,0,not_accepted,not_accepted,Unknown,Unknown,-5.717464237476166,5.7048826254778735,3.0877034858161454,-0.04147119096398291,,
H02,121,1523958592953335423,1502,218.0,3.0,ncc_fail,218.8692626953125,3.821709632873535,0.016396398937119257,False,218.76774835586548,3.6656317710876465,0.1863696321711916,False,neither,0,0,not_accepted,not_accepted,Unknown,Unknown,-6.1463212966918945,6.123136043548584,3.272549867630005,-0.039818670600652695,,
H02,121,1523958592953335423,1505,325.0,508.0,ncc_fail,324.7944030761719,510.393798828125,0.0483834522715654,False,324.97515828348696,510.3573513031006,0.09331066705911177,False,neither,0,0,not_accepted,not_accepted,Unknown,Unknown,-6.688876628875732,6.683745384216309,3.4178271293640137,-0.03807234764099121,,
H02,121,1523958592953335423,1506,190.0,2.0,ncc_fail,190.63832092285156,2.541667938232422,0.01309437306542615,False,190.44090396165848,2.613209366798401,0.21353768959128985,False,neither,0,0,not_accepted,not_accepted,Unknown,Unknown,-6.329526424407959,6.30718994140625,3.389277458190918,-0.04715707153081894,,
H02,121,1523958592953335423,1507,1.0,166.0,ncc_fail,0.7974624633789062,166.61477661132812,0.003508664238971503,False,0.6466852426528931,166.57881945371628,0.04364162148281573,False,neither,0,0,not_accepted,not_accepted,Unknown,Unknown,-5.424213886260986,5.390552997589111,2.847917079925537,-0.031073611229658127,,
H02,122,1523958593003538466,16,406.38232421875,501.9624938964844,border_fail,406.905517578125,504.4979248046875,0.05016868939142403,False,406.6283666637346,504.2388684189666,0.13913533252054408,False,neither,0,0,not_accepted,not_accepted,Unknown,Unknown,-5.982819720396243,5.968585564126073,3.0854021071036684,-0.04057424832939638,,
H02,122,1523958593003538466,1146,347.1446838378906,502.44390869140625,border_fail,347.3009033203125,504.8515625,0.13311688520432008,False,347.4112120716061,504.83161495627223,0.006089827664215405,False,neither,0,0,not_accepted,not_accepted,Unknown,Unknown,-6.423229510332252,6.405199540737664,3.286005965698914,-0.0404108458683081,,
H02,122,1523958593003538466,1237,341.5580139160156,409.4967041015625,fb_fail,342.5204772949219,415.0575866699219,0.18363924933786263,True,342.0282261443447,414.0053867933508,0.3824281809721813,True,both,0,0,fb_fail,fb_fail,Unknown,Unknown,-7.843567567772517,7.79913933423664,3.434895290902838,-0.09565516037277544,0.0,0.0
H02,122,1523958593003538466,1476,204.7291259765625,41.24329376220703,ncc_fail,205.3697967529297,42.53089904785156,0.0016239144305303284,True,205.37243624352183,42.6388941247568,0.06544129405405114,True,both,3,3,completed_3_step_check,completed_3_step_check,Unknown,Unknown,-8.166217671109807,8.138946742177675,4.061494068967704,-0.050311307665324594,3.7838740435883884,3.836815757699607
H02,122,1523958593003538466,1493,138.63720703125,355.46923828125,ncc_fail,138.78152465820312,357.5450134277344,0.0020302792210058467,True,138.73314674975342,357.54936188129886,0.030983678487180897,True,both,0,0,ncc_fail,ncc_fail,Unknown,Unknown,-7.736149091565267,7.713973770245275,3.8781277768918585,-0.03768983295125761,0.0,0.0
H02,122,1523958593003538466,1513,219.0,4.0,ncc_fail,220.1907958984375,4.70457649230957,0.016547863274175397,False,220.14030694961548,4.68016242980957,0.2694511373742354,False,neither,0,0,not_accepted,not_accepted,Unknown,Unknown,-5.893357276916504,5.871603012084961,3.1851539611816406,-0.038756176829338074,,
H02,122,1523958593003538466,1514,344.0,454.0,ncc_fail,344.0635681152344,457.86566162109375,0.10317438940571648,True,344.40021044015884,456.42788553237915,0.03318522569166611,True,both,0,3,ncc_fail,completed_3_step_check,Unknown,Unknown,-7.629315376281738,7.615882873535156,3.425954818725586,-0.0686035081744194,0.0,11.2006506347358
H02,122,1523958593003538466,1516,191.0,2.0,ncc_fail,191.97584533691406,2.4119091033935547,0.004235419674579481,False,191.7779169678688,2.5874186158180237,0.3016343841302742,False,neither,0,0,not_accepted,not_accepted,Unknown,Unknown,-6.081250190734863,6.061229705810547,3.31301212310791,-0.04529576003551483,,
H02,122,1523958593003538466,1519,4.0,166.0,ncc_fail,3.9145050048828125,166.46807861328125,0.005213491169895652,False,3.95941112190485,166.4791743159294,0.09150671041941687,False,neither,0,0,not_accepted,not_accepted,Unknown,Unknown,-5.560993194580078,5.531965732574463,2.9452767372131348,-0.03101290948688984,,
H02,122,1523958593003538466,1522,7.0,54.0,border_fail,6.425361633300781,54.30772399902344,0.022765576673324996,False,6.456289708614349,54.30206051468849,0.0801596783317608,False,neither,0,0,not_accepted,not_accepted,Unknown,Unknown,-5.723195552825928,5.717563629150391,3.0787241458892822,-0.04833687096834183,,
H02,123,1523958593055006745,1221,242.3827362060547,109.71220397949219,ncc_fail,243.57830810546875,112.43024444580078,0.005080220129557517,True,243.51047544726603,112.37266528992319,0.07293965012979073,True,both,3,3,completed_3_step_check,completed_3_step_check,Unknown,Unknown,-8.346413797074323,8.30231251103819,4.079358130108529,-0.0567552093550064,7.804894343693377,7.784244990181679
H02,123,1523958593055006745,1278,340.88812255859375,207.37374877929688,ncc_fail,342.9538879394531,211.75042724609375,0.044443153044746185,True,343.21169537614526,211.38581737924778,0.28179522976967436,True,both,1,3,ncc_fail,completed_3_step_check,Unknown,Unknown,-6.391730816865019,6.391433139088759,3.108824770858462,-0.06057818824447465,4.621627776155819,13.289034769024383
H02,123,1523958593055006745,1333,259.3832092285156,200.498291015625,ncc_fail,260.5171813964844,204.58798217773438,0.001612024445788847,True,260.58600168805197,204.47746882073685,0.058839391038436904,True,both,3,3,completed_3_step_check,completed_3_step_check,Unknown,Unknown,-7.484414226688802,7.465919313762154,3.5604298254541025,-0.042786244863583095,11.692134490570648,11.691493517217374
H02,123,1523958593055006745,1510,275.3703918457031,8.040175437927246,border_fail,277.76763916015625,8.037163734436035,0.031671684357198075,True,277.82833252497807,8.293952759154541,0.11963622858377031,True,both,0,0,border_fail,border_fail,Unknown,Unknown,-5.787720960232889,5.767276508627713,3.17230355773765,-0.04234056969202736,0.0,0.0
H02,123,1523958593055006745,1517,208.56239318847656,62.73529815673828,ncc_fail,209.40736389160156,64.33088684082031,0.004298810089641974,True,209.3778228068023,64.26205202514086,0.07723669427195831,True,both,2,1,ncc_fail,ncc_fail,Unknown,Unknown,-8.234082922023518,8.205387667549951,4.070918789616843,-0.04696545628174209,2.940534755526671,1.592230123981665
H02,123,1523958593055006745,1526,348.0,504.0,border_fail,348.3501892089844,506.19793701171875,0.07848168251496834,False,348.3934143781662,506.1702551841736,0.08203492335416614,False,neither,0,0,not_accepted,not_accepted,Unknown,Unknown,-6.539010524749756,6.50504207611084,3.3516459465026855,-0.05226549506187439,,
H02,123,1523958593055006745,1527,203.0,5.0,border_fail,204.2173309326172,5.303831100463867,0.011386859876221171,False,204.11387372016907,5.3371007442474365,0.2585072691812241,False,neither,0,0,not_accepted,not_accepted,Unknown,Unknown,-6.141455173492432,6.123006343841553,3.324557304382324,-0.04304878041148186,,
H02,123,1523958593055006745,1529,4.0,166.0,ncc_fail,3.998246192932129,166.22076416015625,0.007709496803413186,False,4.191401779651642,166.2032680362463,0.12844017100030727,False,neither,0,0,not_accepted,not_accepted,Unknown,Unknown,-5.62089204788208,5.592288970947266,2.9424753189086914,-0.0332692489027977,,
H02,123,1523958593055006745,1532,6.0,54.0,border_fail,5.585696220397949,54.163169860839844,0.005793247998787254,False,5.653691411018372,54.156342193484306,0.07295819493579293,False,neither,0,0,not_accepted,not_accepted,Unknown,Unknown,-5.469128608703613,5.458280563354492,2.9074718952178955,-0.03984508290886879,,
H02,124,1523958593102933111,61,515.3995361328125,502.3742370605469,border_fail,515.75,504.4854736328125,0.043890102461450614,False,515.8006236663854,504.4835478284383,0.12256420756044836,False,neither,0,0,not_accepted,not_accepted,Unknown,Unknown,-5.980446427934789,5.981615389992166,3.1920826430242224,-0.04255418610942889,,
H02,124,1523958593102933111,403,455.4188537597656,502.77496337890625,border_fail,455.8316345214844,505.0250549316406,0.0513876961064523,False,455.9047807712128,504.786155537283,0.18800370603165148,False,neither,0,0,not_accepted,not_accepted,Unknown,Unknown,-6.060543818150612,6.062371959260592,3.1543607116749963,-0.04437875540549567,,
H02,124,1523958593102933111,790,295.50543212890625,370.22882080078125,ncc_fail,296.099609375,375.1979675292969,0.04439896502257777,True,296.4175677923143,374.85459548366975,0.1845297405488031,True,both,3,3,completed_3_step_check,completed_3_step_check,Unknown,Unknown,-8.07829528427748,8.049173139966342,3.7729081599020944,-0.08766363546185493,13.912672186134989,13.79998553587487
H02,124,1523958593102933111,799,356.8802185058594,419.1916809082031,ncc_fail,358.0521240234375,425.4411926269531,0.016785666696138953,True,357.7350912312155,424.3825178850729,0.5274562659264813,True,both,3,3,completed_3_step_check,completed_3_step_check,Unknown,Unknown,-7.835579657074824,7.788212937474686,3.508303774469627,-0.11479330944112699,17.475594855644932,17.818383600498596
H02,124,1523958593102933111,1230,122.4123764038086,71.59869384765625,ncc_fail,122.51764678955078,72.38969421386719,0.00101868846011197,True,122.52941497897906,72.27382647954866,0.10640694536478501,True,both,3,3,completed_3_step_check,completed_3_step_check,Unknown,Unknown,-7.917971266790846,7.896147404695957,3.865842496214867,-0.047949574012597806,1.1384943213358396,1.1402411334777982
H02,124,1523958593102933111,1267,114.23383331298828,30.546100616455078,ncc_fail,114.3666763305664,30.438770294189453,0.002723448071757473,True,114.53740915506886,30.513293771169838,0.10788807182108039,True,both,3,3,completed_3_step_check,completed_3_step_check,Unknown,Unknown,-7.422184583332117,7.4198417580514135,3.572977010005952,-0.04856315328622092,2.4423616635704772,2.43534352372369
H02,124,1523958593102933111,1417,200.58839416503906,170.4727783203125,ncc_fail,201.4162139892578,172.8869171142578,0.005323108991245241,True,201.86229532605938,171.6836602126627,0.047622826046919836,True,both,3,3,completed_3_step_check,completed_3_step_check,Unknown,Unknown,-6.727236345719903,6.715615573294957,3.1622586583464463,-0.05419012449498397,5.991911166825463,6.2223452831117765
H02,124,1523958593102933111,1419,128.65589904785156,287.693603515625,ncc_fail,129.14959716796875,289.5046081542969,0.0019418869958414348,True,129.13981325108725,289.44325743593834,0.08299706362908907,True,both,3,3,completed_3_step_check,completed_3_step_check,Unknown,Unknown,-8.366201661608109,8.342269609699748,4.15883243040993,-0.042510366473881206,4.324903880244873,4.315338643427018
H02,124,1523958593102933111,1441,261.4119873046875,150.43104553222656,ncc_fail,262.88299560546875,153.53775024414062,0.007786708219637237,True,262.9700780078023,153.50432771995074,0.03071756710499988,True,both,0,0,ncc_fail,ncc_fail,Unknown,Unknown,-7.483711188512504,7.464124588432544,3.686945685241353,-0.04472505956937035,0.0,0.0
H02,124,1523958593102933111,1472,282.5578918457031,180.35682678222656,ncc_fail,284.2882385253906,183.7682342529297,0.004642309469137729,True,284.3887266851708,183.80613022745604,0.08787801125758021,True,both,3,3,completed_3_step_check,completed_3_step_check,Unknown,Unknown,-7.134124550359054,7.119819226306907,3.485949187889413,-0.0431399600235402,10.653973369829023,10.65215379913097
H02,124,1523958593102933111,1511,44.560035705566406,8.303311347961426,border_fail,44.659420013427734,7.689302444458008,0.012099026710474437,False,44.78288814317722,7.785219445477518,0.09612266576608845,False,neither,0,0,not_accepted,not_accepted,Unknown,Unknown,-5.452558224005055,5.429856081639453,3.167169793030928,-0.0471723013925906,,
H02,124,1523958593102933111,1537,205.0,5.0,border_fail,206.37425231933594,5.034641265869141,0.008157753292155134,False,206.2884407043457,5.081834338605404,0.23092663467291244,False,neither,0,0,not_accepted,not_accepted,Unknown,Unknown,-6.007776260375977,5.987837314605713,3.262068748474121,-0.039618946611881256,,
H02,125,1523958593153043938,441,358.8233947753906,474.2812805175781,ncc_fail,359.23602294921875,477.4215393066406,0.023308438356347275,True,359.4959323413985,476.135796509758,0.049318178506733285,True,both,3,0,completed_3_step_check,ncc_fail,Unknown,Unknown,-7.217131692930279,7.239284524388401,3.2866163806965956,-0.07972297284143745,10.057103037181614,0.0
H02,125,1523958593153043938,460,407.69671630859375,503.3918762207031,border_fail,408.6515808105469,505.5780944824219,0.07406040290285942,False,408.28805432091764,505.20688400914264,0.13355844060924205,False,neither,0,0,not_accepted,not_accepted,Unknown,Unknown,-6.006107989247032,5.980718668364401,3.2074711518539627,-0.05769885575636637,,
H02,125,1523958593153043938,467,434.7275695800781,503.9772644042969,border_fail,435.37982177734375,505.78118896484375,0.08654807753862975,False,435.3694817338397,505.8521456750746,0.1421613315043379,False,neither,0,0,not_accepted,not_accepted,Unknown,Unknown,-5.791762797798876,5.781653369982349,3.052761853429475,-0.047519001402213074,,
H02,125,1523958593153043938,1101,32.44682312011719,291.5358581542969,ncc_fail,32.55500793457031,292.2872009277344,0.0008325483926821131,True,32.66007818375176,292.2754371428799,0.02593036052163327,True,both,3,3,completed_3_step_check,completed_3_step_check,Unknown,Unknown,-7.241025218057619,7.216062278583654,3.649793644300317,-0.03841339644238228,1.4961184314300764,1.507098640159867
H02,125,1523958593153043938,1217,277.3051452636719,82.22367095947266,ncc_fail,279.4930114746094,82.93640899658203,0.003024513706121512,True,279.5904832347309,83.1455772565567,0.10726371502034361,True,both,1,0,ncc_fail,ncc_fail,Unknown,Unknown,-7.616797533933221,7.602745120222366,3.795111977414555,-0.0457755264869702,2.586950018588949,0.0
H02,125,1523958593153043938,1233,323.44091796875,231.98281860351562,ncc_fail,325.63751220703125,234.51904296875,0.005405833862253305,True,325.75538562685705,234.78013966546212,0.2014874532144041,True,both,3,3,completed_3_step_check,completed_3_step_check,Unknown,Unknown,-7.367228803331805,7.342302307574293,3.56109558716318,-0.06602666234499188,10.079162418918473,10.098353702379647
H02,125,1523958593153043938,1251,391.1031188964844,479.43206787109375,fb_fail,391.8833923339844,483.678466796875,0.08896083404013733,True,391.8943190692096,481.3717136666738,0.09104533405938817,True,both,0,0,fb_fail,ncc_fail,Unknown,Unknown,-6.934519806650335,6.984425531894926,3.1491115917525256,-0.11589866246929563,0.0,0.0
H02,125,1523958593153043938,1258,418.3528747558594,60.42021179199219,ncc_fail,422.5481872558594,61.4804801940918,0.0031546323999342,True,422.3369826870555,61.23632939964391,0.06975072172420727,True,both,3,3,completed_3_step_check,completed_3_step_check,Unknown,Unknown,-7.059995803230282,7.039055708651343,3.600170750799788,-0.045075768054212345,14.036338325656292,14.032137867360325
H02,125,1523958593153043938,1438,573.0250854492188,209.58065795898438,ncc_fail,576.0223388671875,211.4352569580078,0.028364217367092513,True,576.1512086985784,211.47122535218236,0.03934322236860244,True,both,3,3,completed_3_step_check,completed_3_step_check,Unknown,Unknown,-6.991544637917497,6.970290882109185,3.5769789541682013,-0.033394279248983263,11.073547479175684,11.065846147720151
H02,125,1523958593153043938,1490,251.5462188720703,86.27751922607422,ncc_fail,253.3075714111328,87.75109100341797,0.0016206672980779563,True,253.16681730999503,87.65034218978126,0.17600247293899857,True,both,3,3,completed_3_step_check,completed_3_step_check,Unknown,Unknown,-8.720601298094603,8.690798793554837,4.276259630197213,-0.053266511450145645,6.783420157897534,6.797634746589802
H02,125,1523958593153043938,1542,279.6512451171875,8.608830451965332,border_fail,282.3536071777344,8.196242332458496,0.009118205419644688,True,282.45843292052183,8.183498189283391,0.12811920101230126,True,both,0,0,border_fail,border_fail,Unknown,Unknown,-5.591933522177751,5.569109192340056,3.170771578546735,-0.045647642479206524,0.0,0.0
H02,125,1523958593153043938,1547,207.0,5.0,border_fail,208.46536254882812,4.646632194519043,0.017951944079023785,False,208.2887556552887,4.769498437643051,0.2570756110807853,False,neither,0,0,not_accepted,not_accepted,Unknown,Unknown,-6.154942512512207,6.133162975311279,3.3074073791503906,-0.04230789840221405,,
H02,125,1523958593153043938,1550,45.0,8.0,border_fail,45.22449493408203,7.184442043304443,0.028336672910415077,False,45.25852212309837,7.150915026664734,0.10052958179433533,False,neither,0,0,not_accepted,not_accepted,Unknown,Unknown,-5.374927520751953,5.354034900665283,3.148611307144165,-0.0487913154065609,,
H02,125,1523958593153043938,1556,7.0,55.0,border_fail,6.764695167541504,54.666683197021484,0.011038592359621105,False,6.865907549858093,54.63284429907799,0.137432922902603,False,neither,0,0,not_accepted,not_accepted,Unknown,Unknown,-5.479846954345703,5.470612049102783,2.9261834621429443,-0.03629756718873978,,
H02,126,1523958593203477467,434,372.46746826171875,482.0897521972656,ncc_fail,373.1004333496094,485.5677795410156,0.07394953891466612,True,373.21525685360854,483.84265169278615,0.15547146045884264,True,both,0,0,ncc_fail,ncc_fail,Unknown,Unknown,-6.608067950267489,6.618182491631755,3.0000540989276367,-0.11995726025193666,0.0,0.0
H02,126,1523958593203477467,1203,225.51168823242188,314.25775146484375,ncc_fail,226.37057495117188,318.7220458984375,0.002411323218477375,True,226.49331482317075,317.6027237878215,0.34420302477793274,True,both,1,3,ncc_fail,completed_3_step_check,Unknown,Unknown,-8.235951159459233,8.23221821886969,3.7833941396116315,-0.06843538112723434,4.175152080008208,12.140817467445517
H02,126,1523958593203477467,1250,293.50360107421875,52.490360260009766,ncc_fail,296.41961669921875,52.61122512817383,0.0008826718197194024,True,296.38765276516517,52.59168381412636,0.15137846292165924,True,both,3,3,completed_3_step_check,completed_3_step_check,Unknown,Unknown,-7.788593293732742,7.767879393211592,3.848390654451951,-0.04247428712939945,9.733545292528017,9.722413833472247
H02,126,1523958593203477467,1389,241.5339813232422,38.745147705078125,ncc_fail,243.43878173828125,38.944175720214844,0.007157270785838042,True,243.41876453772687,38.767254823200965,0.04931393831386321,True,both,0,3,ncc_fail,completed_3_step_check,Unknown,Unknown,-7.8978903369416935,7.870115997522093,3.9203817888791352,-0.04540675313835178,0.0,6.749315540465989
H02,126,1523958593203477467,1429,393.3326416015625,375.0397644042969,ncc_fail,395.5697326660156,381.47418212890625,0.0388399579881793,True,395.62163922551275,381.8222817321771,0.2884582148767205,True,both,3,3,completed_3_step_check,completed_3_step_check,Unknown,Unknown,-7.324860478865947,7.305156411544793,3.323728591855807,-0.10865142365855332,19.897513156120258,19.958586629494043
H02,126,1523958593203477467,1473,100.30207824707031,313.35333251953125,ncc_fail,100.72441101074219,314.5536804199219,0.0013464314312841715,True,100.8329136639395,314.50745608799,0.055901188961187565,True,both,3,0,completed_3_step_check,ncc_fail,Unknown,Unknown,-8.319109629170296,8.29978119778502,4.140593705297668,-0.04119030934495789,3.047529421922592,0.0
H02,126,1523958593203477467,1483,170.26602172851562,8.45905876159668,border_fail,171.51434326171875,7.663143157958984,0.02817314702846292,False,171.39167673036553,7.790296065227621,0.1171655560074257,False,neither,0,0,not_accepted,not_accepted,Unknown,Unknown,-6.243684431615497,6.224235375838244,3.2950142225841015,-0.04812039609747777,,
H02,126,1523958593203477467,1530,208.9558563232422,44.41517639160156,ncc_fail,210.29678344726562,44.512847900390625,0.0015880873817453232,True,210.25201947211445,44.578524372486946,0.03593034606170997,True,both,0,0,ncc_fail,ncc_fail,Unknown,Unknown,-8.253073816663598,8.209153124073303,4.087362319809909,-0.04904603386014088,0.0,0.0
H02,126,1523958593203477467,1539,356.8955993652344,503.81591796875,border_fail,357.51788330078125,505.55255126953125,0.03143618670425981,False,357.51685377061114,505.43994412508545,0.13947405384460212,False,neither,0,0,not_accepted,not_accepted,Unknown,Unknown,-6.284657178625743,6.280028366619533,3.129798521001156,-0.05929272945991293,,
H02,126,1523958593203477467,1559,207.0,5.0,ncc_fail,208.62542724609375,4.339695930480957,0.02172139021570495,False,208.5767126083374,4.315798878669739,0.1693573358271959,False,neither,0,0,not_accepted,not_accepted,Unknown,Unknown,-5.895740509033203,5.8743085861206055,3.178903579711914,-0.039173733443021774,,
H02,126,1523958593203477467,1563,45.0,7.0,border_fail,45.315269470214844,5.822670936584473,0.04490859141438839,False,45.36398708820343,5.9509066343307495,0.10996822807798681,False,neither,0,0,not_accepted,not_accepted,Unknown,Unknown,-5.3538498878479,5.326659202575684,3.106943130493164,-0.0504877008497715,,
H02,126,1523958593203477467,1565,1.0,167.0,ncc_fail,1.3421030044555664,166.5111541748047,0.003626114055945551,False,1.38835209608078,166.66814476251602,0.1260979638213338,False,neither,0,0,not_accepted,not_accepted,Unknown,Unknown,-5.495089530944824,5.461270809173584,2.845158338546753,-0.030365416780114174,,
H02,126,1523958593203477467,1567,188.0,5.0,ncc_fail,189.47811889648438,4.244448661804199,0.045761188891468185,False,189.3412926197052,4.29344779253006,0.18269415252015878,False,neither,0,0,not_accepted,not_accepted,Unknown,Unknown,-6.024985313415527,5.998679161071777,3.2438735961914062,-0.04457414150238037,,
H02,126,1523958593203477467,1569,5.0,54.0,border_fail,4.903742790222168,53.366477966308594,0.004518689759428691,False,5.034029331058264,53.37517583370209,0.16826772545221216,False,neither,0,0,not_accepted,not_accepted,Unknown,Unknown,-5.254266262054443,5.247396945953369,2.7925758361816406,-0.032516974955797195,,
H02,127,1523958593253019753,155,545.87548828125,503.6388854980469,border_fail,546.495849609375,505.57403564453125,0.2518402926312654,False,546.5243988210009,505.2624705203765,0.26194081401985203,False,neither,0,0,not_accepted,not_accepted,Unknown,Unknown,-5.759740628257461,5.759475688076584,3.075376775574881,-0.050054358891403194,,
H02,127,1523958593253019753,197,238.5047149658203,503.8647766113281,border_fail,238.97398376464844,505.1240539550781,0.004124391691553036,False,239.00191968777736,504.7456615082822,0.4371320272187409,False,neither,0,0,not_accepted,not_accepted,Unknown,Unknown,-5.579454621353781,5.557965214808946,2.9930175681794875,-0.03173028255304473,,
H02,127,1523958593253019753,750,205.67550659179688,460.58642578125,ncc_fail,206.3859100341797,461.4713134765625,0.00530698840953574,True,206.30542810980913,461.5129400494594,0.06222472009340823,True,both,3,3,completed_3_step_check,completed_3_step_check,Unknown,Unknown,-7.054230315078563,7.036493467492662,3.621854707122367,-0.04065721824405999,3.1006583715974103,3.076682887930553
H02,127,1523958593253019753,1089,629.8602905273438,240.42550659179688,border_fail,633.3803100585938,242.4396514892578,0.4984619580070931,False,632.9442174581684,242.34185817944277,0.09983688651917406,False,neither,0,0,not_accepted,not_accepted,Unknown,Unknown,-6.235567326940432,6.2090530145920475,3.2926618546888204,-0.03949937146045944,,
H02,127,1523958593253019753,1238,375.745361328125,101.52664947509766,ncc_fail,379.6617126464844,102.46141052246094,0.00021484570068860967,True,379.64416918890606,102.4267681670597,0.06715445021348315,True,both,3,3,completed_3_step_check,completed_3_step_check,Unknown,Unknown,-8.041854668326666,8.015454496865305,3.938262321723164,-0.048928882404560434,12.789211705250885,12.789412872752887
H02,127,1523958593253019753,1440,282.3949279785156,231.1051483154297,ncc_fail,284.64508056640625,234.0957489013672,0.026589625371835093,True,284.5046688137296,234.05057196238906,0.09287908810788435,True,both,2,2,ncc_fail,ncc_fail,Unknown,Unknown,-7.664921297861765,7.649340533722526,3.7571579015248275,-0.05179007519428549,7.2549379207924005,7.263631885130452
H02,127,1523958593253019753,1521,309.2593994140625,8.346268653869629,border_fail,312.515380859375,7.3724799156188965,0.005641956035925796,False,312.7098003462349,7.40310357030167,0.07842473047201018,False,neither,0,0,not_accepted,not_accepted,Unknown,Unknown,-5.3372983578556195,5.307021919971322,3.07194485151658,-0.04340047489277783,,
H02,127,1523958593253019753,1562,284.9873046875,8.218493461608887,border_fail,288.01055908203125,7.293754577636719,0.008934372865261294,False,288.12127776887496,7.226183622253535,0.11228111865042664,False,neither,0,0,not_accepted,not_accepted,Unknown,Unknown,-5.608993579390283,5.58598993426912,3.108822457285439,-0.0391338746179804,,
H02,127,1523958593253019753,1571,175.0,7.0,border_fail,176.40496826171875,5.934201240539551,0.051898392012170065,False,176.31051683425903,6.0446988344192505,0.16994858142896666,False,neither,0,0,not_accepted,not_accepted,Unknown,Unknown,-6.005276203155518,5.985947132110596,3.2233870029449463,-0.0453731007874012,,
H02,127,1523958593253019753,1573,209.0,4.0,ncc_fail,210.76687622070312,3.034182548522949,0.02996503295483395,False,210.83067905902863,3.029442846775055,0.06905037041470302,False,neither,0,0,not_accepted,not_accepted,Unknown,Unknown,-5.594912528991699,5.568358421325684,3.0660958290100098,-0.03652424365282059,,
H02,127,1523958593253019753,1579,43.0,6.0,ncc_fail,43.297096252441406,4.498603820800781,0.13813340522550732,False,43.340134382247925,4.687484979629517,0.0782130456060307,False,neither,0,0,not_accepted,not_accepted,Unknown,Unknown,-5.22831916809082,5.207064628601074,3.064558982849121,-0.046628788113594055,,
H02,127,1523958593253019753,1583,357.0,506.0,ncc_fail,357.7297058105469,507.50482177734375,0.038135032310969805,False,357.78825211524963,507.5185008049011,0.10526712340491724,False,neither,0,0,not_accepted,not_accepted,Unknown,Unknown,-6.483099937438965,6.461137771606445,3.300907611846924,-0.05219821259379387,,
H02,127,1523958593253019753,1584,2.0,167.0,ncc_fail,2.4846324920654297,166.35906982421875,0.00641942154840936,False,2.5615726709365845,166.4180114865303,0.2011342719264572,False,neither,0,0,not_accepted,not_accepted,Unknown,Unknown,-5.3501081466674805,5.307392120361328,2.769810199737549,-0.04437883943319321,,
H02,128,1523958593304242618,7,312.233154296875,503.792724609375,border_fail,313.0174865722656,505.072021484375,0.017661954414002583,False,313.02221395964995,505.0422871981972,0.021222573254276414,False,neither,0,0,not_accepted,not_accepted,Unknown,Unknown,-6.763200216485416,6.754792974599866,3.3651917601557244,-0.04245039528776706,,
H02,128,1523958593304242618,36,377.9493713378906,503.54949951171875,border_fail,378.9091796875,504.948486328125,0.03648054490825392,False,378.81418559854336,504.97174350193336,0.13772488447521922,False,neither,0,0,not_accepted,not_accepted,Unknown,Unknown,-6.5019098770822685,6.469629182918011,3.253503640510045,-0.06630735620118629,,
H02,128,1523958593304242618,40,505.38140869140625,503.9354553222656,border_fail,506.14031982421875,505.79815673828125,0.2505131852260699,False,506.32290984078867,505.5445826317069,0.19207982992826725,False,neither,0,0,not_accepted,not_accepted,Unknown,Unknown,-5.852896297364126,5.842518649763765,3.076425510008966,-0.04549424835241612,,
H02,128,1523958593304242618,95,454.9190673828125,503.9194641113281,border_fail,456.0688171386719,505.44140625,0.024707273248384464,False,455.8805310688356,505.3931182841846,0.19051330907074152,False,neither,0,0,not_accepted,not_accepted,Unknown,Unknown,-5.896755535120398,5.9003286534933626,3.0468058360199013,-0.04548375279642372,,
H02,128,1523958593304242618,179,492.32940673828125,503.77532958984375,border_fail,493.3468933105469,505.4454345703125,0.022735616184711833,False,493.2857996168177,505.3587219690011,0.18672643976685238,False,neither,0,0,not_accepted,not_accepted,Unknown,Unknown,-5.842389047564161,5.842336112603391,3.067494220812489,-0.0444704872473488,,
H02,128,1523958593304242618,1189,147.5196075439453,388.5124206542969,ncc_fail,148.39561462402344,389.19012451171875,0.0033101374730290438,True,148.31496893065142,389.2940135344652,0.06905261723735862,True,both,3,3,completed_3_step_check,completed_3_step_check,Unknown,Unknown,-7.926600038511831,7.897764045731419,3.956214776111845,-0.04093325994356084,3.3799587461734,3.3684858267323485
H02,128,1523958593304242618,1259,423.3210144042969,306.2721252441406,ncc_fail,426.8473205566406,310.9930114746094,0.396851712392184,True,426.05910050733377,307.7093122689224,1.071234585788452,False,C_only,2,0,fb_fail,not_accepted,Unknown,Unknown,-7.426273912610258,7.422726230473513,3.363229171468781,-0.0864123964734593,7.615470199732064,
H02,128,1523958593304242618,1286,435.3475646972656,264.8468017578125,ncc_fail,439.5680236816406,266.9635925292969,2.015653045407435,False,438.44809421401754,266.0398735078468,0.07331052995587625,True,S_only,0,0,not_accepted,fb_fail,Unknown,Unknown,-7.572216417587173,7.550133518575276,3.522261408711663,-0.07921878916423097,,0.0
H02,128,1523958593304242618,1337,427.8890686035156,288.3850402832031,ncc_fail,431.79583740234375,293.5189208984375,0.5360570143532603,True,430.7516519206118,289.70460742169143,0.3311373120600674,True,both,0,2,fb_fail,ncc_fail,Unknown,Unknown,-7.49095009475152,7.449923097537974,3.366259477462986,-0.08723672416455908,0.0,13.306056940853328
H02,128,1523958593304242618,1478,294.34429931640625,213.7461700439453,ncc_fail,296.71649169921875,216.5019073486328,0.00472313133734015,True,296.70967649104415,216.35946515870222,0.01475034470055531,True,both,3,3,completed_3_step_check,completed_3_step_check,Unknown,Unknown,-7.639130460694385,7.6187538952487746,3.6654772489177434,-0.04720374343272444,10.97950451058242,10.930720181843018
H02,128,1523958593304242618,1497,491.359375,260.450439453125,ncc_fail,494.5274353027344,261.76190185546875,0.0021431945637304,True,494.5120345129726,261.7905662273547,0.027406410326732657,True,both,2,2,ncc_fail,ncc_fail,Unknown,Unknown,-7.713101939332773,7.683813960195039,3.8974173780179626,-0.04122990101649293,7.054886577034698,7.048283941328439
H02,128,1523958593304242618,1548,229.41847229003906,13.825700759887695,ncc_fail,231.5033416748047,12.839054107666016,0.019416945130034585,True,231.4046832111319,12.898592726213318,0.035153455128529354,True,both,3,3,completed_3_step_check,completed_3_step_check,Unknown,Unknown,-6.718182708984189,6.694205286115579,3.424988963121842,-0.04614762428487311,8.052764229538797,8.033907258671947
H02,128,1523958593304242618,1586,174.0,5.0,ncc_fail,175.53028869628906,3.6678733825683594,0.024512301028220305,False,175.28965783119202,3.7363778352737427,0.14078851988508764,False,neither,0,0,not_accepted,not_accepted,Unknown,Unknown,-5.892141342163086,5.875696659088135,3.1583380699157715,-0.04077135771512985,,
H02,128,1523958593304242618,1588,211.0,3.0,ncc_fail,212.83291625976562,1.7200689315795898,0.10872524169616728,False,212.76763713359833,1.8677647113800049,0.08391333139432267,False,neither,0,0,not_accepted,not_accepted,Unknown,Unknown,-5.859130382537842,5.829106330871582,3.1372289657592773,-0.03664029389619827,,
H02,128,1523958593304242618,1589,289.0,6.0,border_fail,292.2988586425781,4.810093879699707,0.0038076454787036138,False,292.2633054256439,4.813389897346497,0.10030633251855854,False,neither,0,0,not_accepted,not_accepted,Unknown,Unknown,-5.425888538360596,5.413060188293457,3.0440592765808105,-0.03939136117696762,,
H02,128,1523958593304242618,1590,44.0,5.0,ncc_fail,44.318748474121094,3.345020294189453,0.1646118517474689,False,44.32824110984802,3.6131598949432373,0.07639449396451899,False,neither,0,0,not_accepted,not_accepted,Unknown,Unknown,-5.203542709350586,5.186229228973389,2.978717088699341,-0.038328442722558975,,
H02,128,1523958593304242618,1593,358.0,507.0,ncc_fail,358.8601379394531,508.35650634765625,0.042298343091132735,False,358.8533089160919,508.38490307331085,0.1190942316163498,False,neither,0,0,not_accepted,not_accepted,Unknown,Unknown,-6.676548480987549,6.663505554199219,3.295659065246582,-0.05666064843535423,,
H02,128,1523958593304242618,1594,192.0,3.0,ncc_fail,193.707763671875,1.6356372833251953,0.07154182961432087,False,193.49009549617767,1.826378583908081,0.14311255357952604,False,neither,0,0,not_accepted,not_accepted,Unknown,Unknown,-5.984291076660156,5.965074062347412,3.2004201412200928,-0.0409957692027092,,
H02,128,1523958593304242618,1595,635.0,243.0,ncc_fail,638.2156982421875,244.62445068359375,0.20635168143398125,False,638.2399175167084,244.77688539028168,0.0982092229603973,False,neither,0,0,not_accepted,not_accepted,Unknown,Unknown,-5.79162073135376,5.77865743637085,3.130486488342285,-0.041448041796684265,,
H02,128,1523958593304242618,1596,313.0,7.0,border_fail,316.3981628417969,5.824309349060059,0.008029663416509987,False,316.45868492126465,5.880389094352722,0.009649900565835952,False,neither,0,0,not_accepted,not_accepted,Unknown,Unknown,-5.23802375793457,5.213771343231201,3.0199637413024902,-0.04194536432623863,,
H02,128,1523958593304242618,1597,597.0,1.0,ncc_fail,603.0333862304688,2.791044235229492,0.33433058376050956,False,601.705484867096,1.687483012676239,0.0643389937922549,False,neither,0,0,not_accepted,not_accepted,Unknown,Unknown,-4.338560581207275,4.288498401641846,2.9468417167663574,-0.06726120412349701,,
H02,129,1523958593353670010,1450,274.09954833984375,69.51371765136719,ncc_fail,276.7357177734375,69.42101287841797,0.0024875570378161973,True,276.86743026142267,69.24064530108343,0.06582631088278725,True,both,3,3,completed_3_step_check,completed_3_step_check,Unknown,Unknown,-7.7601333118629885,7.734413316457783,3.887685384936643,-0.04456977719362506,9.057443220008276,9.061730783154877
H02,129,1523958593353670010,1512,250.1120147705078,8.42590045928955,border_fail,252.57595825195312,7.263753414154053,0.01959965026075156,False,252.69655765128817,7.151438478284367,0.04903429596149037,False,neither,0,0,not_accepted,not_accepted,Unknown,Unknown,-6.339566746101233,6.323299006031939,3.240936260063068,-0.0394801566417363,,
H02,129,1523958593353670010,1554,194.45933532714844,42.438438415527344,ncc_fail,195.85751342773438,41.62944793701172,0.0016211879944120588,True,195.97645965824404,41.674579078882765,0.021793016834597594,True,both,3,3,completed_3_step_check,completed_3_step_check,Unknown,Unknown,-7.949392067566758,7.920019903982166,3.9631433809045435,-0.044309362634800085,5.958729329619921,5.964167312916288
H02,129,1523958593353670010,1575,408.87744140625,400.0438537597656,fb_fail,411.03741455078125,402.13226318359375,0.03641822572949095,True,410.899478641344,401.7551845179237,2.4481367854469327,False,C_only,0,0,fb_fail,not_accepted,Unknown,Unknown,-6.810426257210082,6.7919253250002924,2.989269848595839,-0.10360156958389122,0.0,
H02,129,1523958593353670010,1598,178.0,4.0,ncc_fail,179.62892150878906,2.467113494873047,0.09744385208408218,False,179.41707706451416,2.553751230239868,0.08559556435086037,False,neither,0,0,not_accepted,not_accepted,Unknown,Unknown,-5.6798248291015625,5.647656440734863,3.0689537525177,-0.04169030115008354,,
H02,129,1523958593353670010,1599,293.0,5.0,ncc_fail,296.3909912109375,3.674197196960449,0.025624695446877767,False,296.31727385520935,3.727768659591675,0.09512125138664322,False,neither,0,0,not_accepted,not_accepted,Unknown,Unknown,-5.598937034606934,5.582671642303467,3.0316662788391113,-0.031013334169983864,,
H02,129,1523958593353670010,1604,425.0,306.0,fb_fail,428.7945861816406,311.2146301269531,0.13192432760683018,True,428.3519992828369,309.4537739753723,1.5508414659976046,False,C_only,0,0,fb_fail,not_accepted,Unknown,Unknown,-5.7091240882873535,5.691459655761719,2.5613861083984375,-0.09983964264392853,0.0,
H02,129,1523958593353670010,1605,5.0,163.0,border_fail,5.657432556152344,161.96360778808594,0.0176039116115742,False,5.700830698013306,161.9725557565689,0.09645939374969968,False,neither,0,0,not_accepted,not_accepted,Unknown,Unknown,-5.515266418457031,5.479286193847656,2.8648147583007812,-0.03654756397008896,,
H02,129,1523958593353670010,1606,199.0,2.0,ncc_fail,200.81861877441406,0.4674873352050781,0.20823298691106282,False,200.7389485836029,0.5717165470123291,0.08194373601505071,False,neither,0,0,not_accepted,not_accepted,Unknown,Unknown,-5.612732410430908,5.5895280838012695,3.045224666595459,-0.03715279698371887,,
H02,129,1523958593353670010,1607,52.0,5.0,ncc_fail,52.58150100708008,3.274909019470215,0.08022602210147617,False,52.54495179653168,3.431122064590454,0.0067124360031765445,False,neither,0,0,not_accepted,not_accepted,Unknown,Unknown,-5.073617935180664,5.0453386306762695,2.951385498046875,-0.042662642896175385,,
H02,129,1523958593353670010,1608,317.0,6.0,border_fail,320.5572814941406,4.749299049377441,0.020489458851126904,False,320.5911297798157,4.836964130401611,0.0837220949729556,False,neither,0,0,not_accepted,not_accepted,Unknown,Unknown,-5.41099739074707,5.3833723068237305,2.9993252754211426,-0.03782477602362633,,
H02,129,1523958593353670010,1609,604.0,4.0,ncc_fail,609.376953125,5.993939399719238,0.13763930521758352,False,608.5475082397461,4.616928577423096,0.13229740708057952,False,neither,0,0,not_accepted,not_accepted,Unknown,Unknown,-4.812270641326904,4.761042594909668,3.1539361476898193,-0.06811337172985077,,
H02,129,1523958593353670010,1611,6.0,51.0,border_fail,6.256516456604004,49.7738037109375,0.0030863523666532183,False,6.308454990386963,49.660215735435486,0.10815440154879176,False,neither,0,0,not_accepted,not_accepted,Unknown,Unknown,-5.015104293823242,5.014472961425781,2.809640645980835,-0.03592429310083389,,
H02,129,1523958593353670010,1613,632.0,245.0,ncc_fail,635.3848266601562,246.9475555419922,0.2844284487009268,False,635.2333617210388,246.6363422870636,0.04911833031413391,False,neither,0,0,not_accepted,not_accepted,Unknown,Unknown,-6.1757659912109375,6.158551216125488,3.2537832260131836,-0.0381498783826828,,
H02,129,1523958593353670010,1618,401.0,160.0,ncc_fail,405.2393493652344,162.3693389892578,0.009105815814558282,True,404.56141567230225,160.4838121831417,0.11170960559982046,True,both,0,0,ncc_fail,ncc_fail,Unknown,Unknown,-7.3179521560668945,7.265120029449463,3.312044620513916,-0.044692929834127426,0.0,0.0
H02,130,1523958593403053617,2,355.5532531738281,493.4748840332031,ncc_fail,356.2306823730469,495.65869140625,0.003968341393349762,True,356.63150576273193,494.64010072773624,0.10319465425446517,True,both,3,3,completed_3_step_check,completed_3_step_check,Unknown,Unknown,-6.35359177438433,6.326224692581619,2.951584185644361,-0.08082457819600294,6.4206323981922475,6.47885343472685
H02,130,1523958593403053617,189,427.9699401855469,501.1451721191406,fb_fail,427.8332824707031,505.04290771484375,1.3576452500268352,False,429.00053227793023,502.33666054232646,0.1286175681486685,True,S_only,0,0,not_accepted,fb_fail,Unknown,Unknown,-5.808366690198211,5.8024332670063945,2.899267295310475,-0.08231549563085486,,0.0
H02,130,1523958593403053617,994,550.3133544921875,389.6202392578125,ncc_fail,552.5233764648438,391.3295593261719,0.005350245849807404,True,552.575475929476,391.33313357334794,0.018334293392627626,True,both,3,3,completed_3_step_check,completed_3_step_check,Unknown,Unknown,-6.258570054724693,6.234531279223255,3.27806681443111,-0.03263455158834877,8.340999157679455,8.340576707549133
H02,130,1523958593403053617,1163,628.5095825195312,176.79629516601562,border_fail,632.210205078125,177.87521362304688,0.18736828272834674,False,632.424284615947,178.2203131676226,0.09213041604240664,False,neither,0,0,not_accepted,not_accepted,Unknown,Unknown,-6.110695105765512,6.096759254812264,3.2333227238333704,-0.037783980407092584,,
H02,130,1523958593403053617,1291,432.49725341796875,328.1453552246094,ncc_fail,435.92449951171875,329.5999450683594,0.034796730870264,True,435.2055090358288,329.35990807548126,0.1668120821423113,True,both,1,0,ncc_fail,ncc_fail,Unknown,Unknown,-6.78834657176898,6.753794060145146,3.1787244966004145,-0.09460332445946373,3.7559961484007394,0.0
H02,130,1523958593403053617,1467,145.1842041015625,246.45884704589844,ncc_fail,146.52940368652344,246.6956024169922,0.0029051868842559464,True,146.56863448401865,246.70922266970032,0.04975142462406069,True,both,3,3,completed_3_step_check,completed_3_step_check,Unknown,Unknown,-8.368051080322855,8.341026767501965,4.154277234650183,-0.042735111379197506,4.784786281345294,4.782463813046853
H02,130,1523958593403053617,1540,218.1407012939453,66.76535034179688,ncc_fail,219.88377380371094,66.4693603515625,0.0012163083119738547,True,220.0859938472564,66.48587870452798,0.05007108003609751,True,both,3,3,completed_3_step_check,completed_3_step_check,Unknown,Unknown,-8.27735587245147,8.238670867063757,4.105150323001439,-0.04655605695471303,6.604226831297939,6.557765556603119
H02,130,1523958593403053617,1600,233.1959991455078,11.788617134094238,ncc_fail,235.4174346923828,10.510477066040039,0.02387593285284345,True,235.5151635884802,10.570133371386262,0.025087838824484357,True,both,1,1,border_fail,border_fail,Unknown,Unknown,-6.7438027394124465,6.720504795705213,3.4027592266515736,-0.03742990637063574,2.829226298762036,2.8496552142794047
H02,130,1523958593403053617,1601,375.0045471191406,503.29486083984375,border_fail,376.2054138183594,506.32391357421875,0.04238292852289167,False,376.0442532050268,504.4659959171846,0.19874208707920718,False,neither,0,0,not_accepted,not_accepted,Unknown,Unknown,-6.648978920733945,6.610849790952351,2.912812295502241,-0.08827901784048518,,
H02,130,1523958593403053617,1619,177.0,1.0,ncc_fail,178.8897247314453,-0.7541027069091797,0.3155610799003313,False,178.49014973640442,-0.44955122470855713,nan,False,neither,0,0,not_accepted,not_accepted,Unknown,Unknown,-5.618267059326172,5.587896347045898,3.0262842178344727,-0.040566883981227875,,
H02,130,1523958593403053617,1621,295.0,4.0,ncc_fail,298.5105285644531,2.5273847579956055,0.06116870164796087,False,298.670503616333,2.654689908027649,0.15705249848149555,False,neither,0,0,not_accepted,not_accepted,Unknown,Unknown,-5.490044116973877,5.476527214050293,3.0383377075195312,-0.03287656605243683,,
H02,130,1523958593403053617,1623,5.0,163.0,border_fail,5.791738510131836,161.8551788330078,0.019300242658487305,False,5.7912304401397705,161.919788479805,0.12606327531146627,False,neither,0,0,not_accepted,not_accepted,Unknown,Unknown,-5.586092948913574,5.55221700668335,2.8688831329345703,-0.03829897940158844,,
H02,130,1523958593403053617,1625,52.0,2.0,ncc_fail,52.6164665222168,0.09142780303955078,0.3051212532815677,False,52.734155356884,0.28596222400665283,0.02510737346974511,False,neither,0,0,not_accepted,not_accepted,Unknown,Unknown,-4.96419095993042,4.933449745178223,2.959165573120117,-0.04462900757789612,,
H02,130,1523958593403053617,1627,257.0,8.0,border_fail,259.670654296875,6.6731462478637695,0.018018415952838124,False,259.8630952835083,6.66073215007782,0.09098662701664643,False,neither,0,0,not_accepted,not_accepted,Unknown,Unknown,-6.28423547744751,6.271113395690918,3.208867073059082,-0.04112635552883148,,
H02,130,1523958593403053617,1628,319.0,4.0,ncc_fail,322.656982421875,2.583909034729004,0.038040115419154544,False,322.95092010498047,2.747476816177368,0.1310181959600688,False,neither,0,0,not_accepted,not_accepted,Unknown,Unknown,-5.220557689666748,5.198207378387451,2.9809627532958984,-0.03553396835923195,,
H02,130,1523958593403053617,1629,201.0,7.0,border_fail,202.78933715820312,5.614500999450684,0.08411194697541306,False,202.8158082962036,5.699779391288757,0.05745853221131494,False,neither,0,0,not_accepted,not_accepted,Unknown,Unknown,-6.3040571212768555,6.27985954284668,3.287703037261963,-0.03575097769498825,,
H02,130,1523958593403053617,1632,6.0,50.0,border_fail,6.38217830657959,48.70313262939453,0.0019784198377229387,False,6.538397669792175,48.58092510700226,0.16491206086324364,False,neither,0,0,not_accepted,not_accepted,Unknown,Unknown,-4.827835559844971,4.815205097198486,2.762681722640991,-0.03659174218773842,,
H02,131,1523958593454100561,1,332.22943115234375,503.8387756347656,border_fail,333.3160705566406,504.78424072265625,0.007783478237827666,False,333.373178929934,504.7352962160366,0.09485456180235768,False,neither,0,0,not_accepted,not_accepted,Unknown,Unknown,-6.871373340179579,6.869011394641234,3.307986490226496,-0.04070489656043017,,
H02,131,1523958593454100561,175,483.311767578125,503.7421875,border_fail,484.6403503417969,505.15203857421875,0.016059670707502496,False,484.4723294420212,505.05782167290795,0.13020806737149046,False,neither,0,0,not_accepted,not_accepted,Unknown,Unknown,-5.635404544863377,5.634109184585213,2.9874490939696443,-0.04871840450091014,,
H02,131,1523958593454100561,457,441.15521240234375,498.65631103515625,fb_fail,443.4600830078125,499.1048583984375,1.0934660836829921,False,442.2921350394602,499.82525208949727,0.15204348448432956,True,S_only,0,3,not_accepted,completed_3_step_check,Unknown,Unknown,-5.445137102327726,5.454719395984389,2.8742457654576556,-0.07223994378622223,,6.166863950072109
H02,131,1523958593454100561,582,343.59765625,495.8701171875,ncc_fail,344.3682556152344,497.6185302734375,0.03116267639811045,True,344.76400352743576,496.78509454269033,0.09472125804753627,True,both,3,1,completed_3_step_check,ncc_fail,Unknown,Unknown,-6.867386010828341,6.851597244571167,3.255313131191542,-0.06215713869791273,5.188767501116725,1.8765963306856286
H02,131,1523958593454100561,1050,18.54477882385254,287.4271240234375,ncc_fail,19.415664672851562,286.97314453125,0.001762027827090777,True,19.343599964811084,287.00317455664214,0.06657028489730979,True,both,3,3,completed_3_step_check,completed_3_step_check,Unknown,Unknown,-6.757929943228385,6.738399253715942,3.3912334455257263,-0.034636298076674316,3.710665025633337,3.711158880389744
H02,131,1523958593454100561,1496,194.3810272216797,420.37213134765625,ncc_fail,195.59576416015625,420.742919921875,0.004132963505890475,True,195.56581862195858,420.76807518112935,0.03679875611025698,True,both,3,3,completed_3_step_check,completed_3_step_check,Unknown,Unknown,-7.035189665219516,7.0166745521291425,3.5849772473475348,-0.03773043235100777,4.187574115190029,4.18573847366294
H02,131,1523958593454100561,1508,257.8042297363281,177.57943725585938,ncc_fail,260.21929931640625,179.36622619628906,0.003286418703971803,True,260.1296511166581,179.21858539918915,0.046168782687506696,True,both,3,3,completed_3_step_check,completed_3_step_check,Unknown,Unknown,-8.014344053544976,7.985797386552502,3.984235652548999,-0.04514630856831382,8.768744928659155,8.76580056488826
H02,131,1523958593454100561,1520,247.2300262451172,65.76167297363281,ncc_fail,249.64910888671875,65.47835540771484,0.0028041735552782996,True,249.74822640216067,65.41765118152844,0.0730504431043653,True,both,3,3,completed_3_step_check,completed_3_step_check,Unknown,Unknown,-8.588231460710855,8.554492407622508,4.23271032245613,-0.047029265810415125,8.120042575765362,8.139070890761387
H02,131,1523958593454100561,1545,276.6737976074219,166.84104919433594,ncc_fail,279.34857177734375,168.45223999023438,0.003641707492718823,True,279.3059416933762,168.42674530593328,0.025945685346391113,True,both,3,3,completed_3_step_check,completed_3_step_check,Unknown,Unknown,-8.168897014231042,8.138971855106183,4.053860457391292,-0.04515840872241583,9.553095548677641,9.547898642570415
H02,131,1523958593454100561,1564,35.640357971191406,294.55926513671875,ncc_fail,36.47673034667969,294.31988525390625,0.0031409764188139676,True,36.465577704967195,294.31029625477055,0.02334962715861731,True,both,3,3,completed_3_step_check,completed_3_step_check,Unknown,Unknown,-7.6780028058641925,7.645745305550058,3.8354160850895536,-0.04012978803197806,3.327325619782654,3.3288482545700213
H02,131,1523958593454100561,1626,443.9666442871094,299.2112121582031,ncc_fail,448.2295837402344,304.12786865234375,0.152500063224881,True,446.978735551382,300.30891245450175,0.05774862482835059,True,both,0,0,fb_fail,ncc_fail,Unknown,Unknown,-6.973658554785891,6.9370775975817915,3.1352427620372763,-0.10626212563839604,0.0,0.0
H02,131,1523958593454100561,1635,183.0,2.0,ncc_fail,184.77992248535156,0.3747539520263672,0.16386743254410663,False,184.64218187332153,0.5299453735351562,0.10898663225732264,False,neither,0,0,not_accepted,not_accepted,Unknown,Unknown,-5.840930938720703,5.815988540649414,3.1253786087036133,-0.037561848759651184,,
H02,131,1523958593454100561,1636,298.0,1.0,ncc_fail,301.5265808105469,-0.5659780502319336,0.1582955264030729,False,301.6216847896576,-0.40965867042541504,nan,False,neither,0,0,not_accepted,not_accepted,Unknown,Unknown,-5.525233268737793,5.517636775970459,2.9454126358032227,-0.026514176279306412,,
H02,131,1523958593454100561,1643,5.0,162.0,border_fail,5.8499345779418945,160.77297973632812,0.03344625974070622,False,5.865234375,160.91698026657104,0.05549609955920097,False,neither,0,0,not_accepted,not_accepted,Unknown,Unknown,-5.592631816864014,5.5702972412109375,2.898270845413208,-0.03025597333908081,,
H02,131,1523958593454100561,1644,6.0,48.0,border_fail,6.46574592590332,46.6159782409668,0.0077379410959363005,False,6.52468204498291,46.50854301452637,0.13601328479699454,False,neither,0,0,not_accepted,not_accepted,Unknown,Unknown,-5.1385087966918945,5.129828453063965,2.927800416946411,-0.03671479970216751,,
H02,131,1523958593454100561,1645,322.0,2.0,ncc_fail,325.7040710449219,0.5833425521850586,0.05956832694825081,False,325.8716387748718,0.7033418416976929,0.05436673640594445,False,neither,0,0,not_accepted,not_accepted,Unknown,Unknown,-5.483570575714111,5.470108985900879,2.965014934539795,-0.028625918552279472,,
H02,131,1523958593454100561,1646,257.0,6.0,border_fail,259.65594482421875,4.56218147277832,0.12859551901730185,False,259.954213142395,4.565468668937683,0.08689813153921318,False,neither,0,0,not_accepted,not_accepted,Unknown,Unknown,-6.057375431060791,6.04362678527832,3.1135623455047607,-0.031823497265577316,,
H02,131,1523958593454100561,1647,52.0,1.0,fb_fail,52.686458587646484,-1.2229194641113281,0.48044327095860545,False,52.71685600280762,-0.7411274909973145,nan,False,neither,0,0,not_accepted,not_accepted,Unknown,Unknown,-4.872347354888916,4.8414788246154785,2.9622278213500977,-0.04210719093680382,,
H02,132,1523958593503224464,184,273.3914794921875,421.9466247558594,ncc_fail,274.7275695800781,423.4009094238281,0.06598491800993982,True,274.85109065792443,423.38867783844387,0.08991397308455074,True,both,0,0,ncc_fail,ncc_fail,Unknown,Unknown,-6.6503133883708845,6.630124875872427,2.933755074987472,-0.06958721145548674,0.0,0.0
H02,132,1523958593503224464,292,185.50511169433594,386.20928955078125,ncc_fail,186.39004516601562,386.9450988769531,0.019659935684907173,True,186.79464349980458,386.5212714325946,0.0364057979728707,True,both,3,3,completed_3_step_check,completed_3_step_check,Unknown,Unknown,-7.016085062105553,6.996287998239156,3.4559162984029657,-0.044437975095756393,3.1841667876891626,3.029226440947217
H02,132,1523958593503224464,310,236.64463806152344,414.32061767578125,ncc_fail,237.91476440429688,417.3236999511719,0.03538632935754947,True,238.00861690645615,414.94676971873935,0.025983769535462053,True,both,0,0,ncc_fail,ncc_fail,Unknown,Unknown,-6.503969095184565,6.505838104435974,3.089167883782745,-0.06135002258554119,0.0,0.0
H02,132,1523958593503224464,558,405.2530517578125,491.546630859375,ncc_fail,406.4921875,495.4281005859375,0.025107288367659446,True,406.7347845875165,495.82362327142266,0.35012558816254885,True,both,2,0,backward_fail,fb_fail,Unknown,Unknown,-7.227672791683375,7.190626752851784,2.72188467417007,-0.12700044403430466,7.495386125169373,0.0
H02,132,1523958593503224464,968,631.1072387695312,296.6083068847656,ncc_fail,634.5628662109375,298.28460693359375,0.41311290553737123,False,634.1620972616756,298.35871248727926,0.08736365934321878,False,neither,0,0,not_accepted,not_accepted,Unknown,Unknown,-6.385701600045735,6.347659175221717,3.2992731702819778,-0.04003067816017935,,
H02,132,1523958593503224464,1351,143.34336853027344,9.638764381408691,border_fail,144.8545684814453,7.916111946105957,0.005147907547460742,False,144.81936337669043,7.987370326508658,0.05837183409289859,False,neither,0,0,not_accepted,not_accepted,Unknown,Unknown,-5.231511309249974,5.200441937186167,2.9164500531527215,-0.04033718206649409,,
H02,132,1523958593503224464,1366,236.9341278076172,169.4505615234375,ncc_fail,239.13023376464844,170.71742248535156,0.00417036969819904,True,239.06946888459507,170.79838048669475,0.11682836938632346,True,both,1,2,ncc_fail,ncc_fail,Unknown,Unknown,-8.131534770882126,8.097746821187457,3.9418627795680594,-0.04889459467696991,2.5576218550469427,5.108273607619256
H02,132,1523958593503224464,1499,291.3794860839844,344.5038146972656,ncc_fail,293.5539855957031,348.3316650390625,0.006176926682165406,True,293.42039942971275,348.561224042506,0.09308315276285341,True,both,3,0,completed_3_step_check,ncc_fail,Unknown,Unknown,-8.575358397438546,8.539541722204149,4.185820804611634,-0.06697810588237349,13.15364825232663,0.0
H02,132,1523958593503224464,1515,162.3274688720703,25.732486724853516,ncc_fail,163.636474609375,24.347572326660156,0.005462396405532138,True,163.9041563766852,24.37431857149582,0.04061894619066448,True,both,2,2,ncc_fail,ncc_fail,Unknown,Unknown,-7.134721277739831,7.117812901798727,3.621087319904772,-0.04136541448442488,4.116538965390735,4.109033366624081
H02,132,1523958593503224464,1531,145.84774780273438,367.3633728027344,ncc_fail,147.13963317871094,367.59375,0.00341810498647294,True,147.07575303577812,367.63768979598296,0.03656192172136449,True,both,3,3,completed_3_step_check,completed_3_step_check,Unknown,Unknown,-7.95719039798398,7.9319586478673845,3.968593723331327,-0.04275847394757919,4.226444361832819,4.23838301734739
H02,132,1523958593503224464,1624,408.6335144042969,411.54339599609375,ncc_fail,411.2167663574219,413.5360412597656,0.040711615916038425,True,411.4862496252427,417.314095608552,0.06747975745460284,True,both,0,1,ncc_fail,ncc_fail,Unknown,Unknown,-7.235991653939059,7.209255006923277,3.0338077042627143,-0.09690461463529275,0.0,5.167230670498038
H02,132,1523958593503224464,1638,238.501220703125,8.562240600585938,border_fail,241.10647583007812,6.926731109619141,0.19383803672998587,False,241.06328632395184,7.127500960531565,0.051304039561264184,False,neither,0,0,not_accepted,not_accepted,Unknown,Unknown,-6.421520335276185,6.396093066676579,3.2974558096166913,-0.03338520513849966,,
H02,132,1523958593503224464,1642,438.4078674316406,330.5228271484375,fb_fail,442.2872009277344,335.4712219238281,0.0157228327676093,True,441.35604042899666,331.5259079887768,0.30653969024151895,True,both,0,0,fb_fail,ncc_fail,Unknown,Unknown,-7.080301768321025,7.0537245504303545,3.155349430094547,-0.10591378346896968,0.0,0.0
H02,132,1523958593503224464,1654,336.0,506.0,ncc_fail,337.17510986328125,506.8260498046875,0.01849790719315566,False,337.2742509841919,506.8015161752701,0.1297799777616984,False,neither,0,0,not_accepted,not_accepted,Unknown,Unknown,-6.715378284454346,6.709952354431152,3.228109836578369,-0.05881771445274353,,
H02,132,1523958593503224464,1657,6.0,160.0,border_fail,6.9557294845581055,158.71826171875,0.04400860253064852,False,6.988528668880463,158.76830995082855,0.06159250220221718,False,neither,0,0,not_accepted,not_accepted,Unknown,Unknown,-5.514916896820068,5.501591205596924,2.9010238647460938,-0.03435639664530754,,
H02,132,1523958593503224464,1658,263.0,5.0,ncc_fail,265.9022216796875,3.4233150482177734,0.19165909684354274,False,266.01282000541687,3.499790072441101,0.0834692392249671,False,neither,0,0,not_accepted,not_accepted,Unknown,Unknown,-6.271163463592529,6.258220195770264,3.1890299320220947,-0.030975650995969772,,
H02,132,1523958593503224464,1660,373.0,322.0,ncc_fail,376.20269775390625,325.1939392089844,0.04582933540319534,True,376.35277938842773,326.5537395477295,0.36490039918797357,True,both,3,0,completed_3_step_check,ncc_fail,Unknown,Unknown,-5.345973968505859,5.29587984085083,2.674058675765991,-0.07684589922428131,16.183728189782393,0.0
H02,132,1523958593503224464,1661,328.0,1.0,ncc_fail,331.76861572265625,-0.6681156158447266,0.2555355090981903,False,331.9805805683136,-0.448775053024292,nan,False,neither,0,0,not_accepted,not_accepted,Unknown,Unknown,-5.299595832824707,5.283440589904785,2.9644672870635986,-0.032581113278865814,,
H02,132,1523958593503224464,1662,174.0,3.0,ncc_fail,175.50962829589844,1.3194446563720703,0.11268571745480631,False,175.7018860578537,1.379288911819458,0.04766678685498864,False,neither,0,0,not_accepted,not_accepted,Unknown,Unknown,-5.654358386993408,5.635760307312012,3.043891429901123,-0.03966701030731201,,
H02,132,1523958593503224464,1666,7.0,47.0,border_fail,7.5722246170043945,45.55335998535156,0.010575884794729677,False,7.581462919712067,45.461825013160706,0.08732992903836814,False,neither,0,0,not_accepted,not_accepted,Unknown,Unknown,-5.203604698181152,5.1921515464782715,2.992758274078369,-0.04232824593782425,,
H02,133,1523958593554833005,25,280.96893310546875,503.76763916015625,border_fail,282.086669921875,504.60894775390625,0.001897251103804877,False,282.1208648898635,504.40516095698996,0.06564298696555448,False,neither,0,0,not_accepted,not_accepted,Unknown,Unknown,-6.195936096081562,6.1846989487674175,3.2526246371913663,-0.03090770390596307,,
H02,133,1523958593554833005,108,477.29217529296875,503.2010498046875,border_fail,478.6423034667969,504.5489501953125,0.1677151251142289,False,478.55539508960953,504.3879129526815,0.1720730275226602,False,neither,0,0,not_accepted,not_accepted,Unknown,Unknown,-5.757931839735988,5.745779746429314,2.9499729734686166,-0.04749847884665673,,
H02,133,1523958593554833005,936,250.88572692871094,420.0398254394531,ncc_fail,252.33306884765625,423.01531982421875,0.13613889976831445,True,252.22954194365929,421.2111903416104,0.06026729762250695,True,both,1,0,ncc_fail,ncc_fail,Unknown,Unknown,-6.715078656066222,6.694097905070386,3.0408811369356954,-0.06492741288239254,2.5951856638881914,0.0
H02,133,1523958593554833005,1249,222.1884307861328,100.52717590332031,ncc_fail,224.30743408203125,100.4510498046875,0.0018707580315001264,True,224.41934060889804,100.52150341791197,0.14188570632163933,True,both,3,0,completed_3_step_check,ncc_fail,Unknown,Unknown,-8.354165426425995,8.307108244940823,4.094696055662094,-0.04915818687418798,6.9410223838341905,0.0
H02,133,1523958593554833005,1453,373.2222900390625,224.57931518554688,ncc_fail,377.0855712890625,227.31427001953125,0.0028355083823990764,True,377.27507438193845,227.1405621246653,0.16080273176361326,True,both,3,3,completed_3_step_check,completed_3_step_check,Unknown,Unknown,-7.504236463150779,7.491496888269232,3.530783368949966,-0.05992546465824869,14.509345800659359,14.482405295016946
H02,133,1523958593554833005,1549,253.31781005859375,131.50491333007812,ncc_fail,255.83419799804688,132.26043701171875,0.0036164617716725306,True,255.8893963148979,132.26318545343503,0.05860076925683774,True,both,3,3,completed_3_step_check,completed_3_step_check,Unknown,Unknown,-8.661460930593735,8.621151292973524,4.239289402979766,-0.04887576685387814,8.430465047277568,8.443947310657583
H02,133,1523958593554833005,1649,109.02357482910156,381.4574890136719,ncc_fail,110.12565612792969,381.53594970703125,0.001560057280395146,True,110.08356434982102,381.476107734855,0.001668879771078306,True,both,1,3,ncc_fail,completed_3_step_check,Unknown,Unknown,-7.579775660632734,7.562922967471,3.8357932129146386,-0.038614798737915866,1.1427832701520335,3.669688439131135
H02,133,1523958593554833005,1652,265.45556640625,185.61349487304688,ncc_fail,268.05413818359375,187.35232543945312,0.004096636766247518,True,268.06883228705846,187.23797654795342,0.0210045087081821,True,both,1,1,ncc_fail,ncc_fail,Unknown,Unknown,-8.283076538713217,8.252670018674706,4.018705613682592,-0.04695926296440217,2.963306695929178,2.9400016328629652
H02,133,1523958593554833005,1653,261.72509765625,71.67597961425781,ncc_fail,264.5686340332031,71.37139129638672,0.0048480765281946345,True,264.5705184669884,71.29030173897785,0.06123074140191998,True,both,0,0,ncc_fail,ncc_fail,Unknown,Unknown,-8.638444199865397,8.60328410749095,4.2706615346822865,-0.048626438112594705,0.0,0.0
H02,133,1523958593554833005,1669,142.0,4.0,ncc_fail,143.68072509765625,2.148432731628418,0.058324286378558514,False,143.4092971086502,2.1642974615097046,0.10005711501125762,False,neither,0,0,not_accepted,not_accepted,Unknown,Unknown,-4.8843889236450195,4.860430717468262,2.739614963531494,-0.03368337079882622,,
H02,133,1523958593554833005,1672,439.0,336.0,ncc_fail,442.93597412109375,341.26123046875,0.04601874714931286,True,442.28126215934753,338.47930097579956,1.1589262504867428,False,C_only,3,0,completed_3_step_check,not_accepted,Unknown,Unknown,-5.909934997558594,5.893983840942383,2.616339683532715,-0.1055125743150711,17.674509154141703,
H02,133,1523958593554833005,1673,241.0,8.0,border_fail,243.59934997558594,6.541404724121094,0.01739059348667686,False,243.5930836200714,6.468754887580872,0.03310848481411019,False,neither,0,0,not_accepted,not_accepted,Unknown,Unknown,-6.489203453063965,6.46170711517334,3.323608636856079,-0.03238243982195854,,
H02,133,1523958593554833005,1674,337.0,507.0,ncc_fail,338.2320861816406,507.79986572265625,0.11322031766573204,False,338.3112722635269,507.85442876815796,0.03215099567418608,False,neither,0,0,not_accepted,not_accepted,Unknown,Unknown,-7.003458023071289,6.990701198577881,3.3649086952209473,-0.0605890117585659,,
H02,133,1523958593554833005,1675,188.0,1.0,ncc_fail,189.69430541992188,-0.75115966796875,0.20795701270035136,False,189.79869675636292,-0.6941574811935425,nan,False,neither,0,0,not_accepted,not_accepted,Unknown,Unknown,-5.682961463928223,5.65610408782959,3.0323967933654785,-0.03581152856349945,,
H02,133,1523958593554833005,1676,260.0,2.0,ncc_fail,263.0143127441406,0.5058622360229492,0.06909020777688718,False,262.9800457954407,0.3946683406829834,0.06910741597398559,False,neither,0,0,not_accepted,not_accepted,Unknown,Unknown,-6.215890884399414,6.197103023529053,3.190981864929199,-0.03005441650748253,,
H02,133,1523958593554833005,1681,7.0,159.0,border_fail,8.003358840942383,157.60174560546875,0.044859976105338414,True,8.04116940498352,157.7243949174881,0.057095647755887186,True,both,3,3,completed_3_step_check,completed_3_step_check,Unknown,Unknown,-5.881986618041992,5.866314888000488,2.9996867179870605,-0.03271252661943436,5.518023286782178,5.508421063407415
H02,133,1523958593554833005,1685,328.0,2.0,ncc_fail,331.7652587890625,0.5380096435546875,0.11394119028020355,False,332.0874605178833,0.32544147968292236,0.11613370914986862,False,neither,0,0,not_accepted,not_accepted,Unknown,Unknown,-5.651778221130371,5.637779712677002,3.0776102542877197,-0.033515121787786484,,
H02,134,1523958593603129504,37,210.4557342529297,396.9739990234375,ncc_fail,211.61782836914062,397.8128662109375,0.010964615877567556,True,211.70848615411808,398.42298172487466,0.5775230256913187,True,both,2,3,ncc_fail,completed_3_step_check,Unknown,Unknown,-6.7889045208753895,6.768139936719766,3.0459277504500357,-0.05830782494481469,3.0920886580105895,4.686133111481753
H02,134,1523958593603129504,343,539.7470092773438,503.9033203125,border_fail,541.0121459960938,505.4616394042969,0.04313904438556585,False,540.8777974449872,505.26430925737054,0.14874173660267478,False,neither,0,0,not_accepted,not_accepted,Unknown,Unknown,-5.467001331765374,5.448774942772076,2.9759340263539684,-0.04561297074025217,,
H02,134,1523958593603129504,615,430.16046142578125,501.1840515136719,border_fail,431.5625305175781,504.8724670410156,0.0799067104753005,False,431.51407998393506,503.79661221895213,1.3739715176830514,False,neither,0,0,not_accepted,not_accepted,Unknown,Unknown,-6.2214586356603245,6.170541963026927,2.6198818397640493,-0.10114653658515597,,
H02,134,1523958593603129504,1124,261.2630920410156,252.54986572265625,ncc_fail,263.587890625,254.8042449951172,0.0037608813822465775,True,263.6688194101918,254.75878824456646,0.12748593967936267,True,both,3,3,completed_3_step_check,completed_3_step_check,Unknown,Unknown,-7.708275687875765,7.663324903506425,3.692790191757379,-0.04833884205600048,10.230843703511585,10.234987226785062
H02,134,1523958593603129504,1179,629.5144653320312,124.41748809814453,border_fail,633.6056518554688,125.41925811767578,0.060587635183283146,False,633.7640060341906,125.49373695029242,0.1383273079350948,False,neither,0,0,not_accepted,not_accepted,Unknown,Unknown,-5.606720773881591,5.597315275447611,3.0621440500336883,-0.04200102264578624,,
H02,134,1523958593603129504,1213,167.33522033691406,288.3996887207031,ncc_fail,168.99627685546875,288.53558349609375,0.004800217146047167,True,168.99649367186953,288.563091225036,0.020288770087360884,True,both,3,3,completed_3_step_check,completed_3_step_check,Unknown,Unknown,-8.209500380423487,8.179599073086798,4.09266071513162,-0.04648281493033176,5.831305202506999,5.82981913847545
H02,134,1523958593603129504,1232,306.66668701171875,266.4009704589844,ncc_fail,309.513916015625,268.457763671875,0.004804750147465369,True,309.4221445514924,268.4322193405239,0.02361478160552051,True,both,0,3,ncc_fail,completed_3_step_check,Unknown,Unknown,-7.918983338735987,7.896262385068959,3.7962694320797916,-0.06113885905060661,0.0,10.988348428199043
H02,134,1523958593603129504,1313,116.50840759277344,340.4239501953125,ncc_fail,117.711669921875,340.5728454589844,0.0004888173974499923,True,117.69530375556398,340.5705946780655,0.03902102942100966,True,both,3,3,completed_3_step_check,completed_3_step_check,Unknown,Unknown,-8.124771325022238,8.103734597784973,4.052208574032099,-0.04149439151059054,4.5550389523403165,4.553127665268796
H02,134,1523958593603129504,1317,374.2403564453125,23.426029205322266,ncc_fail,378.67041015625,22.522350311279297,0.000583648681640625,True,378.7247934451426,22.466602372793606,0.09028607909333503,True,both,3,3,completed_3_step_check,completed_3_step_check,Unknown,Unknown,-6.712290287079782,6.685001479753792,3.5057520974604683,-0.045673918891752145,14.182744230020477,14.189061051139635
H02,134,1523958593603129504,1365,291.3983459472656,128.63031005859375,ncc_fail,294.64434814453125,129.36553955078125,0.006695601151074136,True,294.59153096158826,129.34843114012247,0.05205127198068513,True,both,3,3,completed_3_step_check,completed_3_step_check,Unknown,Unknown,-8.40947227004327,8.369989965204168,4.166533368642735,-0.04937402590162044,10.723557110588626,10.700120447836632
H02,134,1523958593603129504,1372,631.778076171875,271.7580871582031,ncc_fail,634.943603515625,273.27703857421875,0.06265481758145079,False,635.064489918005,273.3627577058218,0.09827853747986642,False,neither,0,0,not_accepted,not_accepted,Unknown,Unknown,-6.180306618284948,6.152056726496397,3.2128003880003835,-0.03695869927871445,,
H02,134,1523958593603129504,1443,391.5535888671875,502.8873596191406,fb_fail,391.9860534667969,506.14453125,0.1329429245522659,False,392.8203473614575,505.8677105657748,0.2730765090352812,False,neither,0,0,not_accepted,not_accepted,Unknown,Unknown,-7.239677775703289,7.21075167701831,2.9629375907021185,-0.10478616160217033,,
H02,134,1523958593603129504,1602,154.74417114257812,392.4658203125,ncc_fail,156.1047821044922,392.5052490234375,0.0006873233416476568,True,155.932929992771,392.57325727494043,0.042174347841852144,True,both,1,3,ncc_fail,completed_3_step_check,Unknown,Unknown,-7.6434013332563495,7.617939621395536,3.825181601023928,-0.04022538392292463,1.3931287680679139,4.622998978326471
H02,134,1523958593603129504,1667,368.39862060546875,440.66448974609375,ncc_fail,370.7608642578125,445.61181640625,0.0065692232524064385,True,370.49492954065835,444.9012130894116,0.0867397920253481,True,both,3,0,completed_3_step_check,ncc_fail,Unknown,Unknown,-8.1234153135014,8.066499983767734,3.5518351965235455,-0.0935933885419474,14.546219371297727,0.0
H02,134,1523958593603129504,1678,380.39666748046875,327.5288391113281,ncc_fail,383.9347229003906,331.0260009765625,0.18472401208825065,True,383.791506806835,331.01845270891096,0.23764991891289747,True,both,3,3,completed_3_step_check,completed_3_step_check,Unknown,Unknown,-7.4277177279968845,7.408634403639944,3.4881338837722637,-0.07292210714641421,16.16541550767244,16.161049768374394
H02,134,1523958593603129504,1682,299.30609130859375,349.7873840332031,ncc_fail,301.5527648925781,353.4548034667969,0.0016729089445392756,True,301.52533930233244,353.2885883465491,0.03859976420368304,True,both,3,3,completed_3_step_check,completed_3_step_check,Unknown,Unknown,-8.003121145562103,7.979484722832632,3.970842210911524,-0.06034267785095131,12.660062686030942,12.645499616597762
H02,134,1523958593603129504,1690,144.0,2.0,ncc_fail,145.7974395751953,0.1580820083618164,0.13181840285845148,False,145.42108535766602,0.18076086044311523,0.10453598656774865,False,neither,0,0,not_accepted,not_accepted,Unknown,Unknown,-5.152948379516602,5.125245094299316,2.9277472496032715,-0.03590124472975731,,
H02,134,1523958593603129504,1692,244.0,6.0,ncc_fail,246.66793823242188,4.485147476196289,0.05265159122713579,False,246.784029006958,4.390581250190735,0.10086452382637855,False,neither,0,0,not_accepted,not_accepted,Unknown,Unknown,-5.8567304611206055,5.831246376037598,3.0594332218170166,-0.029752369970083237,,
H02,134,1523958593603129504,1696,338.0,509.0,ncc_fail,339.2138366699219,509.7883605957031,0.15334796656122346,False,339.283540725708,509.87825828790665,0.110806290761233,False,neither,0,0,not_accepted,not_accepted,Unknown,Unknown,-6.432967662811279,6.418802261352539,3.2338173389434814,-0.058958832174539566,,
H02,134,1523958593603129504,1705,331.0,2.0,ncc_fail,334.8292236328125,0.5516633987426758,0.0814202048268221,False,335.0841884613037,0.6190775632858276,0.11434250038010087,False,neither,0,0,not_accepted,not_accepted,Unknown,Unknown,-5.475834846496582,5.460848331451416,2.964423894882202,-0.029163219034671783,,
H02,135,1523958593653745930,39,254.86973571777344,425.4427185058594,ncc_fail,256.32818603515625,428.08563232421875,0.03273965833903957,True,256.34038688161405,426.5997924168721,0.6005013368613998,True,both,1,2,ncc_fail,ncc_fail,Unknown,Unknown,-6.420738635593953,6.409862177727577,2.8557641097299924,-0.0635499219811474,2.690564299675744,5.768929756675914
H02,135,1523958593653745930,647,425.4300842285156,500.7465515136719,fb_fail,426.6700439453125,507.0033874511719,2.107793848736026,False,427.14264449504935,504.17082431280926,0.6517316201099235,False,neither,0,0,not_accepted,not_accepted,Unknown,Unknown,-6.204202059619583,6.133766441586554,2.495075769890528,-0.11284270952676861,,
H02,135,1523958593653745930,659,419.4647521972656,500.23095703125,fb_fail,415.3384094238281,510.5004577636719,8.633058957103136,False,421.2899314109633,504.26948876676596,0.21235655505374026,False,neither,0,0,not_accepted,not_accepted,Unknown,Unknown,-6.852936865106045,6.801990660899996,2.698474080840608,-0.10416961512010214,,
H02,135,1523958593653745930,727,409.2722473144531,496.6243591308594,fb_fail,413.5137939453125,526.2710571289062,nan,False,411.1875959000598,500.9549162334981,0.27357738300547063,True,S_only,0,0,not_accepted,border_fail,Unknown,Unknown,-7.5135770298665925,7.474709799952931,2.9112684864401044,-0.09548592040445524,,0.0
H02,135,1523958593653745930,729,393.8664245605469,489.90472412109375,forward_fail,nan,nan,nan,False,395.86996078691885,494.3397360886479,0.24425554242212047,True,S_only,0,0,not_accepted,forward_fail,Unknown,Unknown,-8.219485342588781,8.166218565731096,3.2609947408393833,-0.09792032661267007,,0.0
H02,135,1523958593653745930,1231,170.42308044433594,64.48639678955078,ncc_fail,172.15664672851562,63.51295471191406,0.003884111193466711,True,172.25639058550976,63.51508774828058,0.028660628130938243,True,both,3,3,completed_3_step_check,completed_3_step_check,Unknown,Unknown,-8.256675398679201,8.229782438708792,4.105122169301872,-0.04543475408134144,7.046819252949536,7.036419703702777
H02,135,1523958593653745930,1406,289.68731689453125,8.124944686889648,border_fail,293.3544006347656,6.706620216369629,0.09522026066471115,False,293.3201396868229,6.568924604145872,0.0928979611217231,False,neither,0,0,not_accepted,not_accepted,Unknown,Unknown,-5.9242844276520294,5.909114660970863,3.116450342402612,-0.03630125272420208,,
H02,135,1523958593653745930,1452,481.541015625,216.64306640625,ncc_fail,485.4439392089844,217.37168884277344,0.028672835960187753,True,485.2696714408046,217.2639539709446,0.052063916497367746,True,both,3,3,completed_3_step_check,completed_3_step_check,Unknown,Unknown,-7.192633819675848,7.175426753383817,3.4045270087353856,-0.05138609934013161,11.93862733414194,11.882337553591752
H02,135,1523958593653745930,1617,277.3952941894531,54.14286422729492,ncc_fail,280.6683349609375,53.48003387451172,0.004101585490298551,True,280.6427106672924,53.404340434773665,0.08069527439015524,True,both,3,3,completed_3_step_check,completed_3_step_check,Unknown,Unknown,-8.337956994459928,8.31020527133921,4.148968963237729,-0.04392331410019501,11.013425358016926,11.016559876687369
H02,135,1523958593653745930,1634,364.9459228515625,503.6474609375,border_fail,366.20343017578125,506.2978820800781,0.16029447312902342,False,366.34291813787524,505.49305372345793,0.6045903516835293,False,neither,0,0,not_accepted,not_accepted,Unknown,Unknown,-5.953630532717,5.934623997386893,2.733941102727954,-0.07249337379338527,,
H02,135,1523958593653745930,1656,206.74081420898438,36.52861022949219,ncc_fail,208.8197021484375,35.398712158203125,0.0037733661830473184,True,208.99418011241644,35.41440976366784,0.018380327346961545,True,both,3,3,completed_3_step_check,completed_3_step_check,Unknown,Unknown,-7.735029096386356,7.707515950014115,3.87496764111528,-0.04007960811721585,8.439325479033457,8.397847506545741
H02,135,1523958593653745930,1709,147.0,5.0,ncc_fail,148.95352172851562,3.18239688873291,0.19922867539613434,False,148.56787014007568,3.143698811531067,0.1405602677583938,False,neither,0,0,not_accepted,not_accepted,Unknown,Unknown,-4.884342193603516,4.855563640594482,2.8257739543914795,-0.035911813378334045,,
H02,135,1523958593653745930,1711,247.0,4.0,ncc_fail,249.77792358398438,2.485659599304199,0.05976527879322171,False,249.8631284236908,2.4081661701202393,0.1081509582574366,False,neither,0,0,not_accepted,not_accepted,Unknown,Unknown,-6.201288223266602,6.178170680999756,3.1772971153259277,-0.029952755197882652,,
H02,135,1523958593653745930,1712,1.0,76.0,ncc_fail,1.8505430221557617,74.64663696289062,0.01474590767674331,False,1.8804314136505127,74.49462747573853,0.1327838642026167,False,neither,0,0,not_accepted,not_accepted,Unknown,Unknown,-5.30301570892334,5.289888381958008,2.800187587738037,-0.031660471111536026,,
H02,135,1523958593653745930,1716,638.0,272.0,ncc_fail,641.4213256835938,273.5885314941406,0.20210908884589276,False,641.3105540275574,273.6322491168976,nan,False,neither,0,0,not_accepted,not_accepted,Unknown,Unknown,-5.913444995880127,5.895473480224609,3.1428887844085693,-0.0356750413775444,,
H02,135,1523958593653745930,1717,339.0,509.0,ncc_fail,340.0676574707031,509.8597717285156,0.06328483383014638,False,340.3636312484741,509.9370214343071,0.08394793623469406,False,neither,0,0,not_accepted,not_accepted,Unknown,Unknown,-6.456602096557617,6.431212902069092,3.2333991527557373,-0.06322325766086578,,
H02,135,1523958593653745930,1725,272.0,2.0,ncc_fail,275.50518798828125,0.4821929931640625,0.21010666966248234,False,275.32958912849426,0.41306400299072266,0.13127755053898893,False,neither,0,0,not_accepted,not_accepted,Unknown,Unknown,-6.1703972816467285,6.1532111167907715,3.1335608959198,-0.03028373047709465,,
H02,136,1523958593704549688,567,374.4049377441406,490.4605407714844,fb_fail,376.58685302734375,493.927490234375,0.031141629663655877,True,376.093129444261,494.087062917163,0.16382387944047935,True,both,2,2,border_fail,border_fail,Unknown,Unknown,-8.335054168871153,8.28696879918741,3.478076377472367,-0.09553997185235583,8.505930987865776,8.46380525997509
H02,136,1523958593704549688,1271,81.51866912841797,8.27232551574707,border_fail,83.08879089355469,6.50192928314209,0.0025162663856442805,False,82.99379215939709,6.425764264251035,0.08271659964076593,False,neither,0,0,not_accepted,not_accepted,Unknown,Unknown,-4.545705881727276,4.51876802560612,2.572563950027649,-0.026632308857891425,,
H02,136,1523958593704549688,1580,227.7650909423828,36.5511474609375,ncc_fail,230.39108276367188,35.471797943115234,0.0008698848152917007,True,230.2511486406182,35.46628622760452,0.07939466972957782,True,both,3,3,completed_3_step_check,completed_3_step_check,Unknown,Unknown,-7.764316935428471,7.730930237240703,3.8833525020748496,-0.04149157102784048,9.735973160721661,9.72761992857185
H02,136,1523958593704549688,1591,251.69180297851562,115.34139251708984,ncc_fail,254.48973083496094,115.68869018554688,0.0014282259166712918,True,254.4765403066031,115.68884318964665,0.06408347256862988,True,both,3,3,completed_3_step_check,completed_3_step_check,Unknown,Unknown,-8.682258539312453,8.651853223542119,4.26091397874982,-0.04678894082242083,9.781420982013582,9.778568255111306
H02,136,1523958593704549688,1633,293.23138427734375,291.5691833496094,ncc_fail,295.84283447265625,294.2814025878906,0.0055583058361086315,True,295.8343230663631,294.2047003749461,0.04600433731213773,True,both,3,3,completed_3_step_check,completed_3_step_check,Unknown,Unknown,-8.424818553953926,8.38048119401521,4.102643481163789,-0.05590058174400089,11.52049807611733,11.508079596990415
H02,136,1523958593704549688,1679,262.5220947265625,175.22425842285156,ncc_fail,265.3421630859375,176.54624938964844,0.0018160523305667882,True,265.3384527968655,176.4304138764431,0.059369779376386045,True,both,3,3,completed_3_step_check,completed_3_step_check,Unknown,Unknown,-8.202172648440026,8.171851189523283,4.031411528701034,-0.044810724212354686,10.391967525874932,10.363088845503983
H02,136,1523958593704549688,1688,47.3255500793457,260.4909973144531,ncc_fail,48.59754943847656,259.903564453125,0.00196151125063819,True,48.74278632777312,259.87450155675947,0.06967374401926428,True,both,2,2,ncc_fail,ncc_fail,Unknown,Unknown,-7.783981954512544,7.755265775143542,3.9006096498195433,-0.0430679448423483,3.7044496666857345,3.736719814288383
H02,136,1523958593704549688,1727,149.0,3.0,ncc_fail,151.00633239746094,1.200718879699707,0.18120620593300235,False,150.6661205291748,1.3198989629745483,0.13710227067459457,False,neither,0,0,not_accepted,not_accepted,Unknown,Unknown,-4.926033020019531,4.899925708770752,2.805649757385254,-0.0356827974319458,,
H02,136,1523958593704549688,1729,374.0,510.0,fb_fail,nan,nan,nan,False,375.2194199562073,511.2110538482666,nan,False,neither,0,0,not_accepted,not_accepted,Unknown,Unknown,-5.293629169464111,5.2563934326171875,2.580660104751587,-0.05755417048931122,,
H02,136,1523958593704549688,1733,248.0,4.0,ncc_fail,250.9170684814453,2.5796737670898438,0.016335777991891634,False,250.7731430530548,2.525726556777954,0.09653040593235028,False,neither,0,0,not_accepted,not_accepted,Unknown,Unknown,-6.153987884521484,6.12445068359375,3.174330234527588,-0.031889982521533966,,
H02,136,1523958593704549688,1737,355.0,504.0,border_fail,356.02496337890625,505.9736633300781,0.11470824083976236,False,356.3250676393509,504.8448979854584,0.03957411762395289,False,neither,0,0,not_accepted,not_accepted,Unknown,Unknown,-5.79457950592041,5.7783331871032715,3.0418052673339844,-0.05352726951241493,,
H02,136,1523958593704549688,1738,184.0,9.0,border_fail,185.93704223632812,7.504583358764648,0.022471315724983572,False,185.90575003623962,7.494293212890625,0.06324806451146499,False,neither,0,0,not_accepted,not_accepted,Unknown,Unknown,-6.176004409790039,6.148373603820801,3.256568193435669,-0.037564411759376526,,
H02,136,1523958593704549688,1739,294.0,6.0,border_fail,297.70269775390625,4.696767807006836,0.0835660011460638,False,297.69285249710083,4.599077343940735,0.06381700425206623,False,neither,0,0,not_accepted,not_accepted,Unknown,Unknown,-6.006992340087891,5.993919849395752,3.1015400886535645,-0.032064057886600494,,
H02,136,1523958593704549688,1740,327.0,510.0,ncc_fail,328.3085632324219,510.5611267089844,0.013397355828400173,False,328.3369445800781,510.62385749816895,0.08840414454127782,False,neither,0,0,not_accepted,not_accepted,Unknown,Unknown,-6.21927547454834,6.208736419677734,3.2202906608581543,-0.04035003483295441,,
H02,137,1523958593753190558,109,270.6291809082031,433.2183532714844,ncc_fail,272.166748046875,435.0443115234375,0.016816099387812745,True,272.3612922186969,436.35064681505975,1.3007917053549083,False,C_only,0,0,ncc_fail,not_accepted,Unknown,Unknown,-7.39219611422119,7.395778856358013,2.986419263756122,-0.05685258820827706,0.0,
H02,137,1523958593753190558,1132,371.994384765625,475.1179504394531,ncc_fail,374.2065124511719,478.70916748046875,0.01645970039082251,True,373.8786143245083,478.7889251064567,0.12630338083944423,True,both,3,1,completed_3_step_check,ncc_fail,Unknown,Unknown,-8.145200355241954,8.074376617849431,3.3488095163199123,-0.09362190975799967,11.467921490928877,4.029953339213769
H02,137,1523958593753190558,1243,30.675392150878906,9.63371753692627,border_fail,31.985511779785156,7.778726577758789,0.06487965365424303,False,31.94359642581207,7.841853876902938,0.06995492376690385,False,neither,0,0,not_accepted,not_accepted,Unknown,Unknown,-5.12261172828944,5.089987713325619,3.1521561879822197,-0.053078109419332234,,
H02,137,1523958593753190558,1421,455.3157653808594,372.0887756347656,fb_fail,458.9116516113281,376.6345520019531,0.04816568192468917,True,458.1197053084884,373.03692891287096,0.048586414773883604,True,both,0,3,ncc_fail,completed_3_step_check,Unknown,Unknown,-7.1853126313487525,7.190543438864444,3.289112628966805,-0.08433679371654385,0.0,17.306946453569534
H02,137,1523958593753190558,1437,99.59061431884766,206.49673461914062,ncc_fail,101.45159912109375,205.7552032470703,0.0012733777169663609,True,101.53163995030009,205.7245519007256,0.033465292380038175,True,both,3,3,completed_3_step_check,completed_3_step_check,Unknown,Unknown,-7.774496364381455,7.746875762453168,3.910250130566622,-0.039814020564735,7.8091746254116705,7.832917786983354
H02,137,1523958593753190558,1568,272.8738098144531,427.7275695800781,ncc_fail,274.5899353027344,430.0210876464844,0.014849553730388898,True,274.65992887408385,430.99752550802236,0.24906247032685538,True,both,3,3,completed_3_step_check,completed_3_step_check,Unknown,Unknown,-8.092698575797595,8.062390183083743,3.3989501209978337,-0.06440483796420432,10.156686984069694,10.085723744329385
H02,137,1523958593753190558,1612,439.31341552734375,408.4716796875,fb_fail,443.6658020019531,408.96661376953125,0.25347183919178023,True,441.82028636742285,409.49070977977465,1.3269293590999087,False,C_only,1,0,fb_fail,not_accepted,Unknown,Unknown,-6.278157127061803,6.242965441010597,2.8640551458493917,-0.09223082609111666,4.536061983920876,
H02,137,1523958593753190558,1671,286.2616271972656,21.53887939453125,ncc_fail,289.87188720703125,20.422454833984375,0.0026853843119577065,True,289.8139800885688,20.27458425656751,0.1172773486531014,True,both,3,3,completed_3_step_check,completed_3_step_check,Unknown,Unknown,-7.2739500787044395,7.250943684413803,3.6352137111541505,-0.037412738629482606,12.94633486406374,12.949136691597047
H02,137,1523958593753190558,1718,329.46649169921875,258.8968811035156,ncc_fail,332.7080383300781,260.7114562988281,0.010334470421321997,True,332.69873930162646,260.6962113865361,0.21526143094780714,True,both,1,1,ncc_fail,ncc_fail,Unknown,Unknown,-8.366554524859481,8.34494477239734,4.055191315968387,-0.049683351962258586,3.8844863542851864,3.885870145286837
H02,137,1523958593753190558,1743,151.0,1.0,ncc_fail,153.0751495361328,-0.8747901916503906,0.20732963414448455,False,152.91105949878693,-0.7138751745223999,nan,False,neither,0,0,not_accepted,not_accepted,Unknown,Unknown,-5.162326812744141,5.136390686035156,2.8395750522613525,-0.031636662781238556,,
H02,137,1523958593753190558,1744,85.0,8.0,border_fail,86.69599914550781,6.2483367919921875,0.003971808862191784,False,86.55366742610931,6.243602633476257,0.06562117503225011,False,neither,0,0,not_accepted,not_accepted,Unknown,Unknown,-4.946389198303223,4.920468807220459,2.706688404083252,-0.030253296718001366,,
H02,137,1523958593753190558,1745,2.0,74.0,ncc_fail,3.0834150314331055,72.57652282714844,0.0074443668088731985,False,3.306809663772583,72.42913091182709,0.11266669223690828,False,neither,0,0,not_accepted,not_accepted,Unknown,Unknown,-5.421850681304932,5.40841817855835,2.8380727767944336,-0.030089184641838074,,
H02,137,1523958593753190558,1746,251.0,3.0,ncc_fail,254.11570739746094,1.5751543045043945,0.02663139611346087,False,254.05713367462158,1.4353526830673218,0.10512418789502405,False,neither,0,0,not_accepted,not_accepted,Unknown,Unknown,-6.353877544403076,6.325346946716309,3.2579777240753174,-0.031183216720819473,,
H02,137,1523958593753190558,1750,356.0,506.0,ncc_fail,357.1673889160156,507.72509765625,0.10607729735777124,False,357.5239026546478,506.71055698394775,0.049103416247605114,False,neither,0,0,not_accepted,not_accepted,Unknown,Unknown,-5.720738410949707,5.702511310577393,2.971270799636841,-0.05573819577693939,,
H02,137,1523958593753190558,1751,270.0,7.0,border_fail,273.4212951660156,5.645893096923828,0.02748171353124112,False,273.3620285987854,5.499064683914185,0.10827871434984057,False,neither,0,0,not_accepted,not_accepted,Unknown,Unknown,-6.492875099182129,6.473508358001709,3.2850072383880615,-0.03271855041384697,,
H02,137,1523958593753190558,1753,329.0,509.0,ncc_fail,330.3762512207031,509.4644470214844,0.009214337877179244,False,330.5569796562195,509.4902859926224,0.05933800239787795,False,neither,0,0,not_accepted,not_accepted,Unknown,Unknown,-6.286377906799316,6.27091646194458,3.2895498275756836,-0.04235830903053284,,
H02,137,1523958593753190558,1754,186.0,7.0,border_fail,188.21109008789062,5.4748945236206055,0.035893622279658956,False,188.1961419582367,5.405140399932861,0.030648138711303816,False,neither,0,0,not_accepted,not_accepted,Unknown,Unknown,-6.14393424987793,6.1118621826171875,3.2525579929351807,-0.03880246728658676,,
H02,138,1523958593804062609,836,46.13666915893555,419.4941711425781,ncc_fail,47.62267303466797,418.4873352050781,0.0005738932804656515,True,47.611457543139906,418.4712587851511,0.012693259650413688,True,both,3,3,completed_3_step_check,completed_3_step_check,Unknown,Unknown,-6.527451257528282,6.506904897505908,3.4045971008796285,-0.03634417744018992,7.2889376213709625,7.286084061259328
H02,138,1523958593804062609,1371,630.71240234375,300.46527099609375,border_fail,634.21826171875,301.8564453125,0.2837280669957224,False,633.9294195263735,301.806837932644,0.07925564814210345,False,neither,0,0,not_accepted,not_accepted,Unknown,Unknown,-6.183860659569078,6.144733471483065,3.22029494654425,-0.03924197653305894,,
H02,138,1523958593804062609,1420,53.64070510864258,9.54239273071289,border_fail,55.44884490966797,7.797773361206055,0.024493264403712443,False,55.3692900707309,7.734280365303299,0.06306587890781222,False,neither,0,0,not_accepted,not_accepted,Unknown,Unknown,-5.181348952750172,5.143851991721787,3.010013583621828,-0.04406071027418798,,
H02,138,1523958593804062609,1552,126.26805877685547,9.709803581237793,border_fail,128.26190185546875,8.01356029510498,0.05584611319271541,True,128.31641251316543,8.06674890308209,0.043893046816307714,True,both,0,0,border_fail,border_fail,Unknown,Unknown,-5.922854706482018,5.882362251334716,3.131301348185798,-0.03916173470906795,0.0,0.0
H02,138,1523958593804062609,1616,250.927978515625,46.46354675292969,ncc_fail,254.2017822265625,45.58607482910156,0.00388654754311915,True,254.25881568855945,45.60523212498939,0.07169383561838898,True,both,3,3,completed_3_step_check,completed_3_step_check,Unknown,Unknown,-8.569799590299482,8.530084944803285,4.22048678066133,-0.044942301535452214,11.683626173372845,11.682528863255891
H02,138,1523958593804062609,1670,171.27035522460938,15.729316711425781,ncc_fail,173.5281524658203,14.230477333068848,0.11818937909292991,True,173.6880070538271,14.249628663559864,0.07373808962462064,True,both,3,3,completed_3_step_check,completed_3_step_check,Unknown,Unknown,-6.4166655569448965,6.389333859521512,3.358217360052997,-0.037536823049456526,9.603350017431396,9.618978928864943
H02,138,1523958593804062609,1702,356.76611328125,43.237281799316406,ncc_fail,361.30035400390625,42.51250457763672,0.001495672699565777,True,361.4413213599481,42.505319140723415,0.06801286730002844,True,both,3,3,completed_3_step_check,completed_3_step_check,Unknown,Unknown,-7.372940458717618,7.349352927931957,3.6650546993540063,-0.04043528753301745,14.586449771855373,14.612736339240909
H02,138,1523958593804062609,1715,124.55492401123047,340.105224609375,ncc_fail,126.46179962158203,339.84814453125,0.00345482707472776,True,126.49331367421854,339.721164039663,0.019178441859535697,True,both,3,0,completed_3_step_check,ncc_fail,Unknown,Unknown,-7.515752144433849,7.495401271640381,3.803277416687601,-0.03608796727854177,7.726923730993672,0.0
H02,138,1523958593804062609,1734,213.771728515625,32.588077545166016,ncc_fail,216.5872802734375,31.432735443115234,0.004913353771839706,True,216.68151877668478,31.436216798092136,0.07466970191924661,True,both,3,3,completed_3_step_check,completed_3_step_check,Unknown,Unknown,-7.645936334787637,7.611085239757433,3.837650210224128,-0.03922123153677706,10.732700422135128,10.750246929063882
H02,138,1523958593804062609,1757,32.0,6.0,ncc_fail,33.60418701171875,4.212581634521484,0.04052675547526516,False,33.639580845832825,4.13908576965332,0.09852076419456471,False,neither,0,0,not_accepted,not_accepted,Unknown,Unknown,-5.083207607269287,5.055004119873047,3.0905230045318604,-0.04989460110664368,,
H02,138,1523958593804062609,1760,87.0,6.0,ncc_fail,89.0267333984375,4.23480224609375,0.007991258209710717,False,88.85687279701233,4.190324068069458,0.10069534370089359,False,neither,0,0,not_accepted,not_accepted,Unknown,Unknown,-4.886684894561768,4.860903263092041,2.7013847827911377,-0.029121842235326767,,
H02,138,1523958593804062609,1762,270.0,5.0,ncc_fail,273.6910400390625,3.619211196899414,0.08293844843743066,False,273.67282342910767,3.610990881919861,0.11994529459554794,False,neither,0,0,not_accepted,not_accepted,Unknown,Unknown,-6.206797122955322,6.186554431915283,3.212388277053833,-0.03270787373185158,,
H02,138,1523958593804062609,1763,357.0,507.0,ncc_fail,358.29736328125,508.698974609375,0.27901883724585463,False,358.8214019536972,507.44778817892075,0.019321214416357292,False,neither,0,0,not_accepted,not_accepted,Unknown,Unknown,-5.274891376495361,5.264660358428955,2.791825532913208,-0.04377325624227524,,
H02,138,1523958593804062609,1765,252.0,3.0,ncc_fail,255.4224395751953,1.5905981063842773,0.07236495455363393,False,255.4136369228363,1.5835826396942139,0.0843408970697279,False,neither,0,0,not_accepted,not_accepted,Unknown,Unknown,-6.173255443572998,6.142025470733643,3.215388059616089,-0.03204349800944328,,
H02,138,1523958593804062609,1767,187.0,6.0,ncc_fail,189.42630004882812,4.496697425842285,0.0641116850031289,False,189.60336232185364,4.470142483711243,0.07906952938961666,False,neither,0,0,not_accepted,not_accepted,Unknown,Unknown,-5.927725791931152,5.894932270050049,3.154003620147705,-0.03339241445064545,,
H02,138,1523958593804062609,1770,301.0,4.0,ncc_fail,305.0933532714844,2.7135677337646484,0.04108925102518761,False,305.1811685562134,2.655886173248291,0.12469618651715371,False,neither,0,0,not_accepted,not_accepted,Unknown,Unknown,-5.578712463378906,5.561938762664795,3.032496929168701,-0.040866367518901825,,
H02,139,1523958593854944797,895,628.8302001953125,333.3724365234375,border_fail,632.1854248046875,334.7051696777344,0.40003799168648563,False,631.8158870115559,334.77642373421304,0.07390602604312681,True,S_only,0,0,not_accepted,ncc_fail,Unknown,Unknown,-6.013823308102097,5.973800017849392,3.210197260999962,-0.039559014950453275,,0.0
H02,139,1523958593854944797,1381,630.1614990234375,49.50447082519531,ncc_fail,634.5087280273438,49.853309631347656,0.4392791141435419,False,634.7741205265967,50.03840016575534,0.1792124775014606,False,neither,0,0,not_accepted,not_accepted,Unknown,Unknown,-5.197188855633091,5.165531733065113,3.1012352180161797,-0.06390048968190931,,
H02,139,1523958593854944797,1395,294.4011535644531,321.8045654296875,ncc_fail,297.5516357421875,324.22467041015625,0.004288126970275951,True,297.5525429785662,324.1817541056773,0.05187489201097425,True,both,3,3,completed_3_step_check,completed_3_step_check,Unknown,Unknown,-8.583829018608892,8.543513429926932,4.188058568627696,-0.052685302765062905,12.364593526007937,12.366489881212782
H02,139,1523958593854944797,1680,127.37487030029297,28.377426147460938,ncc_fail,129.56663513183594,26.935062408447266,0.0033788335143237294,True,129.729972851831,26.911481457706834,0.02692335079667423,True,both,3,3,completed_3_step_check,completed_3_step_check,Unknown,Unknown,-6.833576569688411,6.809861157236048,3.5091299102357034,-0.03792971242006416,9.41948724797371,9.440521503204435
H02,139,1523958593854944797,1720,309.4197692871094,131.76007080078125,ncc_fail,313.593505859375,132.40835571289062,0.004767974837010345,True,313.56665810842475,132.40853865592473,0.036706557298955486,True,both,2,2,ncc_fail,ncc_fail,Unknown,Unknown,-8.48836198433496,8.457613333814558,4.188149665337767,-0.052515352317067596,9.108548639966374,9.107182899895653
H02,139,1523958593854944797,1728,282.2578430175781,196.35211181640625,ncc_fail,285.81158447265625,197.6444091796875,0.002056995694483042,True,285.86236248844085,197.66154593356777,0.017570020760311677,True,both,3,3,completed_3_step_check,completed_3_step_check,Unknown,Unknown,-8.6463049430815,8.620994120114378,4.251276469943775,-0.04360585837707888,12.773504900572211,12.770888890564445
H02,139,1523958593854944797,1742,313.41815185546875,326.3149108886719,ncc_fail,316.60430908203125,328.60955810546875,0.010842161532210277,True,316.6399676911084,328.5000514766097,0.10757349359211273,True,both,3,3,completed_3_step_check,completed_3_step_check,Unknown,Unknown,-8.458633325768798,8.419231972087887,4.178630050632521,-0.05686307082666922,12.324993383702813,12.314523511361529
H02,139,1523958593854944797,1761,332.5094299316406,260.678955078125,ncc_fail,336.27520751953125,262.4285583496094,0.007818041266803293,True,336.1781349668118,262.1915984547435,0.10520661211290429,True,both,2,3,ncc_fail,completed_3_step_check,Unknown,Unknown,-8.119560631838581,8.097405991856121,4.003203392775394,-0.0457506941343514,8.560046690574143,12.858085446991
H02,139,1523958593854944797,1764,253.25955200195312,75.6287612915039,ncc_fail,256.693603515625,75.31475067138672,0.00017613825043663324,True,256.8445324581751,75.29013654937938,0.08634054397386272,True,both,3,3,completed_3_step_check,completed_3_step_check,Unknown,Unknown,-8.854317987802656,8.814420663667343,4.3441233766626794,-0.04943223997398364,12.21465979751117,12.249517251183903
H02,139,1523958593854944797,1775,34.0,4.0,ncc_fail,35.796295166015625,2.0563621520996094,0.24194505801119426,False,35.792869567871094,2.1338629722595215,0.1003667982890158,False,neither,0,0,not_accepted,not_accepted,Unknown,Unknown,-4.872625350952148,4.847034454345703,3.0673484802246094,-0.051831066608428955,,
H02,139,1523958593854944797,1776,274.0,2.0,ncc_fail,277.84576416015625,0.7005615234375,0.01622741189578444,False,277.9446861743927,0.6793805360794067,0.11191954736656413,False,neither,0,0,not_accepted,not_accepted,Unknown,Unknown,-6.292129039764404,6.26258659362793,3.2081074714660645,-0.032850515097379684,,
H02,139,1523958593854944797,1777,89.0,4.0,ncc_fail,91.2724838256836,2.3081769943237305,0.027097013243506,False,91.0441586971283,2.1596176624298096,0.06561294530073815,False,neither,0,0,not_accepted,not_accepted,Unknown,Unknown,-4.827134609222412,4.799452781677246,2.7617034912109375,-0.033510722219944,,
H02,139,1523958593854944797,1778,4.0,71.0,ncc_fail,5.690431594848633,69.59786987304688,0.023197309120844018,False,5.835287094116211,69.48059391975403,0.04353618429971158,False,neither,0,0,not_accepted,not_accepted,Unknown,Unknown,-5.508380889892578,5.498347282409668,2.907951593399048,-0.034177638590335846,,
H02,139,1523958593854944797,1779,358.0,507.0,ncc_fail,359.4703063964844,507.93548583984375,0.07766887310829024,False,359.9185529947281,507.36697113513947,0.5912012261204013,False,neither,0,0,not_accepted,not_accepted,Unknown,Unknown,-5.997123718261719,5.972357273101807,3.109999179840088,-0.04927583783864975,,
H02,139,1523958593854944797,1780,283.0,510.0,ncc_fail,284.72930908203125,510.0973815917969,0.0009713031288354217,False,284.74789893627167,509.88712767511606,0.014879684232015992,False,neither,0,0,not_accepted,not_accepted,Unknown,Unknown,-5.680811882019043,5.668454170227051,3.0610270500183105,-0.030130090191960335,,
H02,139,1523958593854944797,1785,190.0,4.0,ncc_fail,192.7330322265625,2.5614795684814453,0.010842734787133924,False,192.84029817581177,2.4749882221221924,0.04519158820967543,False,neither,0,0,not_accepted,not_accepted,Unknown,Unknown,-5.980130195617676,5.948422908782959,3.1548924446105957,-0.030924784019589424,,
H02,139,1523958593854944797,1786,127.0,8.0,border_fail,129.20391845703125,6.289740562438965,0.16590875016682982,False,129.2891857624054,6.339501857757568,0.02455861067168054,False,neither,0,0,not_accepted,not_accepted,Unknown,Unknown,-5.701212406158447,5.664280414581299,3.0635714530944824,-0.0372624397277832,,
H02,139,1523958593854944797,1787,53.0,9.0,border_fail,54.978878021240234,7.249229907989502,0.04440301095492368,False,54.87221670150757,7.16498327255249,0.051880122334208155,False,neither,0,0,not_accepted,not_accepted,Unknown,Unknown,-4.959338188171387,4.9229888916015625,3.0115604400634766,-0.045622844249010086,,
H02,140,1523958593904177724,721,420.3799133300781,502.6907043457031,border_fail,422.70648193359375,505.9669494628906,0.24263063390760747,False,423.05755458614607,505.8594263809612,0.41485084838614644,False,neither,0,0,not_accepted,not_accepted,Unknown,Unknown,-6.3416640737570615,6.283158734336439,2.6670253980052596,-0.10394045446305239,,
H02,140,1523958593904177724,1085,630.2461547851562,284.29473876953125,border_fail,633.7493286132812,285.41546630859375,0.0914679630732465,False,633.8723682701512,285.35740346222997,0.07712435116083045,False,neither,0,0,not_accepted,not_accepted,Unknown,Unknown,-6.027298834894479,6.013718784226031,3.2055966933794497,-0.03723266469980449,,
H02,140,1523958593904177724,1410,211.5009765625,9.04677963256836,border_fail,214.76792907714844,7.712619781494141,0.01964064607381662,False,214.85177807756077,7.7655858313485835,0.05881099874091407,False,neither,0,0,not_accepted,not_accepted,Unknown,Unknown,-6.5091259197888665,6.474661932539043,3.3414048126129927,-0.033280160465094716,,
H02,140,1523958593904177724,1457,241.62747192382812,8.71782398223877,border_fail,245.36683654785156,7.482208728790283,0.04813833487135224,False,245.38179936701817,7.511177526073263,0.06343234719112432,False,neither,0,0,not_accepted,not_accepted,Unknown,Unknown,-6.546760938762755,6.511438978893116,3.3618486616380645,-0.035269817601436666,,
H02,140,1523958593904177724,1553,324.1465148925781,157.5052490234375,ncc_fail,328.6481628417969,158.41275024414062,0.003955677363835214,True,328.59233605293537,158.3295467922352,0.06434410815684835,True,both,3,3,completed_3_step_check,completed_3_step_check,Unknown,Unknown,-8.205203985808833,8.180593013802863,4.078004166676168,-0.04523933552768769,14.589000743840922,14.568404060781798
H02,140,1523958593904177724,1668,113.61212921142578,225.45358276367188,ncc_fail,116.40111541748047,224.60824584960938,0.002939337493675242,True,116.45672993566922,224.56213971532145,0.03203306984857372,True,both,3,3,completed_3_step_check,completed_3_step_check,Unknown,Unknown,-7.505833734202419,7.476113770161567,3.7954053779342223,-0.038950957040287906,10.133390376012414,10.146525953921548
H02,140,1523958593904177724,1687,631.9056396484375,259.4585266113281,ncc_fail,635.7783203125,260.4837646484375,0.2613291420367968,False,635.6992496638524,260.4707047114628,0.07586544440432534,False,neither,0,0,not_accepted,not_accepted,Unknown,Unknown,-5.933109928094673,5.905657825920157,3.182761540880132,-0.0407096597346704,,
H02,140,1523958593904177724,1703,346.21966552734375,223.69808959960938,ncc_fail,350.59503173828125,225.24441528320312,0.004337470153189216,True,350.56930358722866,225.13806846567147,0.030877127715488305,True,both,0,3,ncc_fail,completed_3_step_check,Unknown,Unknown,-8.286485407174744,8.267565807782137,4.041052436141162,-0.044696587993456,0.0,14.288647561680795
H02,140,1523958593904177724,1771,141.63333129882812,273.3492126464844,ncc_fail,144.4246063232422,272.78472900390625,0.00246154111695261,True,144.458661469015,272.7346001720776,0.02313024977961972,True,both,3,0,completed_3_step_check,ncc_fail,Unknown,Unknown,-8.055463788080264,8.03716580648545,4.029234530873245,-0.03980114868254505,10.045864427102808,0.0
H02,140,1523958593904177724,1791,92.0,2.0,ncc_fail,94.42747497558594,0.21231555938720703,0.09701959957278215,False,94.31938362121582,0.37450897693634033,0.04971712635649603,False,neither,0,0,not_accepted,not_accepted,Unknown,Unknown,-4.843897819519043,4.8134942054748535,2.7712860107421875,-0.03235703334212303,,
H02,140,1523958593904177724,1792,35.0,1.0,ncc_fail,37.17845153808594,-0.7742366790771484,0.10632351187935665,False,37.096022844314575,-0.7255882024765015,nan,False,neither,0,0,not_accepted,not_accepted,Unknown,Unknown,-4.9172468185424805,4.888059139251709,3.100353717803955,-0.05149444192647934,,
H02,140,1523958593904177724,1794,360.0,507.0,ncc_fail,361.8641052246094,507.6308288574219,0.05268493736840803,False,362.21254420280457,507.5866547226906,0.430146084871091,False,neither,0,0,not_accepted,not_accepted,Unknown,Unknown,-6.605600833892822,6.576462268829346,3.2778353691101074,-0.0556299053132534,,
H02,140,1523958593904177724,1797,269.0,6.0,border_fail,273.0487365722656,4.780139923095703,0.0431046612261626,False,273.06890535354614,4.835039138793945,0.05347137315078032,False,neither,0,0,not_accepted,not_accepted,Unknown,Unknown,-6.363659381866455,6.336171627044678,3.279726982116699,-0.02979760430753231,,
H02,140,1523958593904177724,1799,58.0,7.0,border_fail,60.3100471496582,5.3520965576171875,0.034653071746907085,False,60.17109704017639,5.314937114715576,0.08425022191023473,False,neither,0,0,not_accepted,not_accepted,Unknown,Unknown,-4.9322733879089355,4.898477554321289,2.9776666164398193,-0.04048485308885574,,
H02,140,1523958593904177724,1800,193.0,3.0,ncc_fail,196.12249755859375,1.6417551040649414,0.05878416803337729,False,196.10841250419617,1.6443668603897095,0.0374408033315817,False,neither,0,0,not_accepted,not_accepted,Unknown,Unknown,-6.112765789031982,6.087670803070068,3.1901779174804688,-0.03000771999359131,,
H02,140,1523958593904177724,1805,294.0,1.0,ncc_fail,298.453369140625,-0.10942840576171875,0.05308007116002453,False,298.35051441192627,-0.1407926082611084,nan,False,neither,0,0,not_accepted,not_accepted,Unknown,Unknown,-6.2120513916015625,6.191013336181641,3.1932196617126465,-0.028692731633782387,,
H02,140,1523958593904177724,1807,125.0,6.0,forward_fail,127.33828735351562,4.01750373840332,0.3869600548166934,False,127.4980206489563,4.503157138824463,0.03717323673240228,False,neither,0,0,not_accepted,not_accepted,Unknown,Unknown,-5.443425178527832,5.406481742858887,2.9644665718078613,-0.03330053761601448,,
H02,141,1523958593953468114,1056,401.1696472167969,502.7422790527344,border_fail,403.6829833984375,505.5005798339844,0.09227345912210594,False,403.9373411099605,505.3060590138531,0.15631965379229748,False,neither,0,0,not_accepted,not_accepted,Unknown,Unknown,-7.4002776903223255,7.361439104207452,3.2299587974738255,-0.09260537638313038,,
H02,141,1523958593953468114,1482,603.59912109375,39.42594909667969,ncc_fail,608.3217163085938,39.5257568359375,0.015606722348700306,True,608.5006565660489,39.609240388228216,0.12105362086477264,True,both,3,3,completed_3_step_check,completed_3_step_check,Unknown,Unknown,-5.350045956045985,5.311605080982112,3.3294570540562276,-0.06970250684151058,13.276523499151324,13.294485836344927
H02,141,1523958593953468114,1561,296.87322998046875,92.4957504272461,ncc_fail,301.36846923828125,92.49183654785156,0.006177006780559857,True,301.32555458935934,92.46773180170317,0.048404212555004794,True,both,3,3,completed_3_step_check,completed_3_step_check,Unknown,Unknown,-9.009338265140197,8.978933682418667,4.431496163219008,-0.050425554860631626,13.964905049282864,13.962836533714531
H02,141,1523958593953468114,1677,255.50592041015625,189.76905822753906,ncc_fail,259.3621826171875,190.46971130371094,0.005770748143106691,True,259.48286494010887,190.50402241964937,0.052927606870185245,True,both,2,3,ncc_fail,completed_3_step_check,Unknown,Unknown,-7.641139909037525,7.605479357829298,3.8192390751433103,-0.04736581014579604,8.176805429005043,12.432332712409965
H02,141,1523958593953468114,1752,303.6385498046875,303.8543701171875,ncc_fail,307.4500427246094,305.4981689453125,0.0005501634636633284,True,307.51475221373227,305.51120852696715,0.1294651119799734,True,both,3,0,completed_3_step_check,ncc_fail,Unknown,Unknown,-8.663937427390778,8.630390852845935,4.215454608383332,-0.05119359727064299,12.444833178129139,0.0
H02,141,1523958593953468114,1788,262.44384765625,48.49529266357422,ncc_fail,266.52880859375,47.779396057128906,0.004754973853934519,True,266.57881435177717,47.71505392586907,0.0549970933881596,True,both,3,3,completed_3_step_check,completed_3_step_check,Unknown,Unknown,-8.570048140667524,8.540678077348463,4.223988688082638,-0.0439988301361558,13.190972720689182,13.192914017728333
H02,141,1523958593953468114,1796,133.59146118164062,22.658010482788086,ncc_fail,136.4681854248047,21.313289642333984,0.0024933533676961984,True,136.4621421238162,21.215922002954088,0.008159525731006081,True,both,3,3,completed_3_step_check,completed_3_step_check,Unknown,Unknown,-6.241403806359218,6.220346394415042,3.2657838694790833,-0.03438602373773485,10.365717867136839,10.359057322238138
H02,141,1523958593953468114,1804,99.54872131347656,282.36505126953125,ncc_fail,102.39089965820312,281.5590515136719,0.0008408963460360629,True,102.37291889525912,281.4535193213931,0.05554281646949273,True,both,3,0,completed_3_step_check,ncc_fail,Unknown,Unknown,-7.704384716139081,7.687042055552537,3.886351528821096,-0.04033770469436097,10.226176678823139,0.0
H02,141,1523958593953468114,1809,245.0,6.0,border_fail,248.9337615966797,4.754572868347168,0.04561684733814829,False,248.95986914634705,4.688942313194275,0.03676648771121135,False,neither,0,0,not_accepted,not_accepted,Unknown,Unknown,-6.385897636413574,6.351839542388916,3.3086414337158203,-0.03098873794078827,,
H02,141,1523958593953468114,1810,215.0,7.0,border_fail,218.5565948486328,5.699197769165039,0.030255386331418735,False,218.60715246200562,5.645042181015015,0.022587594583815453,False,neither,0,0,not_accepted,not_accepted,Unknown,Unknown,-6.320730686187744,6.286740779876709,3.286874294281006,-0.0324232243001461,,
H02,141,1523958593953468114,1811,94.0,1.0,ncc_fail,96.44180297851562,-1.086996078491211,0.45956859462979127,False,96.54431581497192,-0.6271731853485107,nan,False,neither,0,0,not_accepted,not_accepted,Unknown,Unknown,-4.886679649353027,4.85491418838501,2.7240829467773438,-0.031194062903523445,,
H02,141,1523958593953468114,1812,283.0,3.0,ncc_fail,287.35888671875,1.8175907135009766,0.04209947123475275,False,287.36738634109497,1.7382985353469849,0.07422545310722338,False,neither,0,0,not_accepted,not_accepted,Unknown,Unknown,-6.483166694641113,6.456853866577148,3.2888433933258057,-0.029984788969159126,,
H02,141,1523958593953468114,1814,42.0,3.0,ncc_fail,44.41965103149414,1.2655162811279297,0.06353370637296414,False,44.355656147003174,1.3493938446044922,0.02404908061152318,False,neither,0,0,not_accepted,not_accepted,Unknown,Unknown,-5.172766208648682,5.144150733947754,3.0810928344726562,-0.051826976239681244,,
H02,141,1523958593953468114,1815,264.0,8.0,border_fail,268.1546630859375,6.821804046630859,0.02138820823780946,False,268.1593360900879,6.7435266971588135,0.05152130490712062,False,neither,0,0,not_accepted,not_accepted,Unknown,Unknown,-6.588201999664307,6.561140537261963,3.3737807273864746,-0.031237544491887093,,
H02,141,1523958593953468114,1816,60.0,5.0,ncc_fail,62.5952262878418,3.3085250854492188,0.0560080137014239,False,62.37636852264404,3.3160340785980225,0.02351796215828389,False,neither,0,0,not_accepted,not_accepted,Unknown,Unknown,-4.742895126342773,4.717854022979736,2.80543851852417,-0.03647506609559059,,
H02,141,1523958593953468114,1818,359.0,509.0,ncc_fail,360.970458984375,509.2796936035156,0.020881250034025137,False,361.39304518699646,508.99437091872096,0.08086502985028657,False,neither,0,0,not_accepted,not_accepted,Unknown,Unknown,-6.370036602020264,6.359079360961914,3.285132884979248,-0.0408773198723793,,
H02,141,1523958593953468114,1819,196.0,1.0,ncc_fail,199.3605499267578,-0.3328733444213867,0.023292681309861143,False,199.3988537788391,-0.4339306354522705,nan,False,neither,0,0,not_accepted,not_accepted,Unknown,Unknown,-5.831344127655029,5.8082194328308105,3.087862253189087,-0.027980394661426544,,
H02,142,1523958594003421542,940,629.4708862304688,322.90631103515625,border_fail,632.9232788085938,324.14599609375,0.4296132641300798,False,632.851051576694,323.8063578490527,0.05550933028920057,False,neither,0,0,not_accepted,not_accepted,Unknown,Unknown,-6.019786321040158,5.985371548917785,3.239931126533878,-0.04428005572678642,,
H02,142,1523958594003421542,1299,373.2341613769531,205.46043395996094,ncc_fail,378.03631591796875,206.4698486328125,0.0031744149472524032,True,378.0362781518857,206.51879025144214,0.03757405461632485,True,both,3,3,completed_3_step_check,completed_3_step_check,Unknown,Unknown,-8.376722393808425,8.354403973081876,4.10124359802345,-0.04725469927327747,14.621963830239592,14.623187177534659
H02,142,1523958594003421542,1528,361.59906005859375,69.496337890625,ncc_fail,366.4298400878906,68.76290893554688,0.0009626651387701305,True,366.4917040981859,68.90648593868842,0.029652875130386572,True,both,3,3,completed_3_step_check,completed_3_step_check,Unknown,Unknown,-7.53699709286078,7.51710261683359,3.7924337822726137,-0.040461973351283265,14.532071792922524,14.526849403998407
H02,142,1523958594003421542,1664,630.7090454101562,226.7530975341797,ncc_fail,634.7511596679688,227.39962768554688,0.09866049821767715,False,634.7975705587696,227.41435894777428,0.11053627263480946,False,neither,0,0,not_accepted,not_accepted,Unknown,Unknown,-6.071420435752558,6.045990403546553,3.2016973427102813,-0.04590497861253824,,
H02,142,1523958594003421542,1683,165.24264526367188,363.4883117675781,ncc_fail,168.28094482421875,362.59075927734375,0.0009996545015966308,True,168.28221573353116,362.71390746611144,0.05805579289974467,True,both,1,2,ncc_fail,ncc_fail,Unknown,Unknown,-7.495581058578597,7.468764828549893,3.798357904719844,-0.03838856074163546,3.3241077440212257,6.859805128191191
H02,142,1523958594003421542,1723,187.2171630859375,283.48272705078125,ncc_fail,190.57174682617188,282.7156066894531,0.0012306759674944588,True,190.62850846189497,282.7890733357599,0.01599953949257736,True,both,3,3,completed_3_step_check,completed_3_step_check,Unknown,Unknown,-7.630067577768646,7.608341165662072,3.8570951845410253,-0.03945821851600534,11.664718946924342,11.67325123431972
H02,142,1523958594003421542,1782,133.5701141357422,338.4608459472656,ncc_fail,136.59613037109375,337.6102600097656,0.00011917495233011862,True,136.60456022012153,337.5739835796511,0.0346531507656187,True,both,2,2,ncc_fail,ncc_fail,Unknown,Unknown,-7.517691606797639,7.502641709112899,3.809093070028645,-0.038425810211758796,6.945809733581137,6.946081002798335
H02,142,1523958594003421542,1817,356.549072265625,228.37374877929688,ncc_fail,361.2961730957031,229.55271911621094,0.005735762368534089,True,361.08165542142365,229.43585427706992,0.03356243371915606,True,both,1,3,ncc_fail,completed_3_step_check,Unknown,Unknown,-8.347064535753653,8.32745772440439,4.073429487416007,-0.04479908965249743,4.6948285385008806,14.187954205253263
H02,142,1523958594003421542,1823,492.5746765136719,229.42660522460938,ncc_fail,497.9642333984375,231.4712371826172,0.04250647581863183,True,498.04074106543237,231.99773841289567,0.02586279189659742,True,both,3,3,completed_3_step_check,completed_3_step_check,Unknown,Unknown,-7.695305466207255,7.663365327023942,3.097323563240896,-0.11021886647039036,16.163896498310542,16.218569808789457
H02,142,1523958594003421542,1825,249.0,5.0,ncc_fail,253.08384704589844,3.8678598403930664,0.02255223005738995,False,253.1044683456421,3.906604766845703,0.06364473694963454,False,neither,0,0,not_accepted,not_accepted,Unknown,Unknown,-6.476006507873535,6.442233562469482,3.329963445663452,-0.03218695521354675,,
H02,142,1523958594003421542,1826,219.0,6.0,border_fail,222.72853088378906,4.78675651550293,0.022122109310275972,False,222.80280351638794,4.875924229621887,0.03337446965833104,False,neither,0,0,not_accepted,not_accepted,Unknown,Unknown,-6.443770885467529,6.409645080566406,3.325319290161133,-0.032500237226486206,,
H02,142,1523958594003421542,1829,290.0,2.0,ncc_fail,294.4807434082031,1.0020246505737305,0.04592389788025355,False,294.49008655548096,0.9423764944076538,0.09302582183096328,False,neither,0,0,not_accepted,not_accepted,Unknown,Unknown,-6.462274551391602,6.438316345214844,3.296536445617676,-0.03029450587928295,,
H02,142,1523958594003421542,1832,268.0,6.0,border_fail,272.2823791503906,4.9246978759765625,0.026120823304294587,False,272.2795114517212,4.933561086654663,0.08734127933169294,False,neither,0,0,not_accepted,not_accepted,Unknown,Unknown,-6.537335395812988,6.511565685272217,3.3505711555480957,-0.03147168457508087,,
H02,142,1523958594003421542,1834,361.0,510.0,ncc_fail,363.1031188964844,510.0071105957031,0.005057914570464055,False,363.4833879470825,509.6449056863785,0.42218684936092843,False,neither,0,0,not_accepted,not_accepted,Unknown,Unknown,-6.307651519775391,6.301654815673828,3.2336721420288086,-0.046607889235019684,,
H02,142,1523958594003421542,1835,62.0,3.0,ncc_fail,64.80039978027344,1.3929681777954102,0.12655893834470291,False,64.6889967918396,1.5086389780044556,0.15202263210963377,False,neither,0,0,not_accepted,not_accepted,Unknown,Unknown,-5.045382499694824,5.0115861892700195,2.898414134979248,-0.03553799167275429,,
H02,142,1523958594003421542,1836,2.0,105.0,ncc_fail,4.463265419006348,103.75312042236328,0.5081052504593975,False,4.724812269210815,103.57908964157104,0.09519694423147115,False,neither,0,0,not_accepted,not_accepted,Unknown,Unknown,-5.357662677764893,5.33647346496582,2.829463005065918,-0.0330992266535759,,
H02,142,1523958594003421542,1838,289.0,510.0,ncc_fail,291.3575134277344,509.4844055175781,0.002869301580454873,False,291.38819217681885,509.2758870124817,0.045531971519391264,False,neither,0,0,not_accepted,not_accepted,Unknown,Unknown,-5.696277618408203,5.6864800453186035,3.063884735107422,-0.026541519910097122,,
H02,143,1523958594053842114,1707,428.86083984375,8.076655387878418,border_fail,434.0413818359375,7.307557582855225,0.013433078764351994,False,434.1239321370952,7.384003680794145,0.1857199467526883,False,neither,0,0,not_accepted,not_accepted,Unknown,Unknown,-5.679362627761037,5.649139014967698,3.1772645922345975,-0.038111089202298096,,
H02,143,1523958594053842114,1722,325.5962219238281,375.28179931640625,ncc_fail,329.299560546875,376.6435546875,0.0005893923314156484,True,329.2172707281468,376.65229700256606,0.026092262391058812,True,both,3,3,completed_3_step_check,completed_3_step_check,Unknown,Unknown,-8.107247128754057,8.075906435979665,4.021642790754437,-0.059050159290125206,11.75775904738357,11.751349897525607
H02,143,1523958594053842114,1772,349.5264587402344,348.52899169921875,ncc_fail,353.34930419921875,349.48150634765625,0.00266605586765644,True,353.27906877967445,349.2293223243467,0.22450999063522126,True,both,3,3,completed_3_step_check,completed_3_step_check,Unknown,Unknown,-8.82380005747175,8.811217029998687,4.330832646845494,-0.05459329983551367,11.888850238999662,11.897586919719622
H02,143,1523958594053842114,1774,185.0628204345703,8.672428131103516,border_fail,188.62457275390625,7.531656265258789,0.021049960011432584,False,188.59886498506253,7.615462015006673,0.09815786490523136,False,neither,0,0,not_accepted,not_accepted,Unknown,Unknown,-6.466886958830006,6.429033268405986,3.361970554636396,-0.035782013727592016,,
H02,143,1523958594053842114,1795,269.1810607910156,73.80018615722656,ncc_fail,273.4984436035156,73.48551940917969,0.011383148683886625,True,273.6126066977345,73.49633570883564,0.06482693939096347,True,both,3,3,completed_3_step_check,completed_3_step_check,Unknown,Unknown,-8.53714848059781,8.502090561743705,4.211068253522141,-0.044498183366545374,13.746865750244279,13.755770046917107
H02,143,1523958594053842114,1837,265.23681640625,42.30024719238281,ncc_fail,269.462158203125,41.58613204956055,0.000974063357695354,True,269.65362844122984,41.71432791738524,0.059445065063707316,True,both,3,2,completed_3_step_check,ncc_fail,Unknown,Unknown,-8.227406523313384,8.193190940342156,4.078943786591356,-0.042636540150678304,13.640802063981624,9.004734079940855
H02,143,1523958594053842114,1844,258.0,1.0,ncc_fail,262.2123718261719,-0.019331932067871094,0.013602862243988231,False,262.3786630630493,0.06789135932922363,0.04215623100589082,False,neither,0,0,not_accepted,not_accepted,Unknown,Unknown,-6.202554702758789,6.178197383880615,3.19912052154541,-0.031684353947639465,,
H02,143,1523958594053842114,1845,226.0,2.0,ncc_fail,229.87875366210938,0.8934669494628906,0.014175052177509173,False,229.99794101715088,1.0306077003479004,0.06496706200191284,False,neither,0,0,not_accepted,not_accepted,Unknown,Unknown,-6.393478870391846,6.369695663452148,3.2899463176727295,-0.032295458018779755,,
H02,143,1523958594053842114,1848,282.0,2.0,ncc_fail,286.3771667480469,1.0876388549804688,0.05209515228509217,False,286.5792589187622,1.108573853969574,0.04558384550919398,False,neither,0,0,not_accepted,not_accepted,Unknown,Unknown,-6.325580596923828,6.2930731773376465,3.2479686737060547,-0.03131309896707535,,
H02,143,1523958594053842114,1852,4.0,104.0,ncc_fail,6.603279113769531,102.70097351074219,0.051993431621015405,False,7.002150058746338,102.60567104816437,0.016338707551124793,False,neither,0,0,not_accepted,not_accepted,Unknown,Unknown,-5.448899269104004,5.42566442489624,2.8746323585510254,-0.03354484587907791,,
H02,143,1523958594053842114,1853,202.0,2.0,ncc_fail,205.68002319335938,0.8185558319091797,0.031703612817261126,False,205.70186638832092,0.9712731838226318,0.12786553888970426,False,neither,0,0,not_accepted,not_accepted,Unknown,Unknown,-6.228530406951904,6.205967903137207,3.2459983825683594,-0.03180685639381409,,
H02,143,1523958594053842114,1855,343.0,509.0,ncc_fail,345.4257507324219,508.404052734375,0.0014356242048753755,False,345.5766534805298,508.4277569055557,0.09252288813402121,False,neither,0,0,not_accepted,not_accepted,Unknown,Unknown,-6.426845550537109,6.409019947052002,3.3500919342041016,-0.03979092091321945,,
H02,143,1523958594053842114,1858,62.0,2.0,ncc_fail,64.86094665527344,0.23201370239257812,0.16175649736718217,False,64.93100690841675,0.6179502010345459,0.07261820533949659,False,neither,0,0,not_accepted,not_accepted,Unknown,Unknown,-4.896505832672119,4.860073089599609,2.8879735469818115,-0.03495079278945923,,
H02,144,1523958594105507322,996,97.6336669921875,62.50971603393555,ncc_fail,101.20188903808594,61.37399673461914,0.001953080296004816,True,100.9039819800983,61.2812562468597,0.006982836725946795,True,both,3,3,completed_3_step_check,completed_3_step_check,Unknown,Unknown,-6.871341884495474,6.850943062073158,3.545460431251945,-0.03817610555704205,12.632601058545283,12.640301366108755
H02,144,1523958594105507322,1040,628.5536499023438,212.83883666992188,border_fail,632.695068359375,212.98008728027344,0.17289207813412447,False,632.6796388576769,213.13979437968678,0.06203151239270121,False,neither,0,0,not_accepted,not_accepted,Unknown,Unknown,-5.346341413729644,5.33487584311632,2.961534028760565,-0.04343099007067899,,
H02,144,1523958594105507322,1306,367.2044677734375,8.089040756225586,border_fail,371.99798583984375,7.109811305999756,0.014047752555873516,False,372.1687448917294,7.130602972231016,0.08644793647767753,False,neither,0,0,not_accepted,not_accepted,Unknown,Unknown,-5.258117879268038,5.245976176096819,2.8739239687119404,-0.037523997065794464,,
H02,144,1523958594105507322,1310,159.57131958007812,341.5793762207031,ncc_fail,163.0050048828125,340.4930114746094,0.004217640810429368,True,162.98133417574732,340.44496727291016,0.02712733856822985,True,both,3,3,completed_3_step_check,completed_3_step_check,Unknown,Unknown,-7.050940668875004,7.034451742245471,3.6159829809774457,-0.03773316966597828,12.561083124882902,12.568392205238924
H02,144,1523958594105507322,1369,475.3400573730469,67.52880096435547,ncc_fail,480.513916015625,67.37374877929688,0.001047090970721299,True,480.56267503748836,67.26007412664507,0.0814598944854147,True,both,3,3,completed_3_step_check,completed_3_step_check,Unknown,Unknown,-7.009584730170933,6.975372706502199,3.5736364234984825,-0.04142449676109372,14.850918124727421,14.850811192274675
H02,144,1523958594105507322,1498,520.3381958007812,298.1536560058594,ncc_fail,524.6614379882812,298.39495849609375,0.032839253849209514,True,524.1611619685117,298.20270195239726,0.11646584169846055,True,both,1,0,ncc_fail,ncc_fail,Unknown,Unknown,-7.605911601927984,7.5849184743187585,3.463939006061403,-0.07366721283964414,4.640836404330457,0.0
H02,144,1523958594105507322,1693,301.68316650390625,67.63706970214844,ncc_fail,306.36859130859375,67.45230102539062,0.005810874641213872,True,306.3239436621328,67.38369204753737,0.04458018741266481,True,both,3,3,completed_3_step_check,completed_3_step_check,Unknown,Unknown,-8.850117258658408,8.808141412579182,4.34529763476534,-0.0465801407712414,14.47919781213354,14.469607033451691
H02,144,1523958594105507322,1708,299.38934326171875,253.5426788330078,ncc_fail,303.60296630859375,254.31747436523438,0.00388868675056651,True,303.6590637052237,254.19745655708627,0.07605062815495928,True,both,3,3,completed_3_step_check,completed_3_step_check,Unknown,Unknown,-8.552490524951954,8.5277816271313,4.199988270088113,-0.046321865282192336,13.710252278104026,13.70896894645377
H02,144,1523958594105507322,1859,435.0,8.0,border_fail,440.0871887207031,7.315557956695557,0.00431637841912614,False,440.1198105812073,7.25523829460144,0.05387702812919391,False,neither,0,0,not_accepted,not_accepted,Unknown,Unknown,-5.958536148071289,5.930212020874023,3.2148799896240234,-0.03774605318903923,,
H02,144,1523958594105507322,1860,189.0,5.0,ncc_fail,192.6800994873047,3.9831113815307617,0.012122862474575027,False,192.74890613555908,3.8425909280776978,0.11628305707724669,False,neither,0,0,not_accepted,not_accepted,Unknown,Unknown,-6.104181289672852,6.071499824523926,3.190321445465088,-0.03177963197231293,,
H02,144,1523958594105507322,1861,227.0,4.0,ncc_fail,231.03973388671875,3.0917396545410156,0.02105734486400047,False,231.09363555908203,2.9687570333480835,0.05816128924527245,False,neither,0,0,not_accepted,not_accepted,Unknown,Unknown,-6.291337966918945,6.263299942016602,3.2614169120788574,-0.02975914441049099,,
H02,144,1523958594105507322,1862,273.0,6.0,border_fail,277.3638610839844,5.239602088928223,0.007261628760380101,False,277.4779682159424,5.106644511222839,0.06909287549880547,False,neither,0,0,not_accepted,not_accepted,Unknown,Unknown,-6.606282711029053,6.571078300476074,3.3769607543945312,-0.0335518978536129,,
H02,144,1523958594105507322,1870,342.0,510.0,ncc_fail,344.5264587402344,509.2181396484375,0.005232852600527202,False,344.5687417984009,509.0837489962578,0.1420652246198681,False,neither,0,0,not_accepted,not_accepted,Unknown,Unknown,-6.370650291442871,6.354887962341309,3.3165926933288574,-0.040055036544799805,,
H02,145,1523958594153412329,985,629.3216552734375,278.65411376953125,border_fail,633.3275756835938,278.6922607421875,0.370744979242182,False,633.1139832912509,278.70283193220735,0.016996568508221212,False,neither,0,0,not_accepted,not_accepted,Unknown,Unknown,-5.651077664681527,5.635379015500494,3.0702817493392054,-0.03939242433024562,,
H02,145,1523958594153412329,1397,631.330078125,116.45311737060547,ncc_fail,635.6549682617188,116.07884216308594,0.2450198554002268,False,635.6590452286208,116.19887892026726,0.08522165870775762,False,neither,0,0,not_accepted,not_accepted,Unknown,Unknown,-5.917086706344726,5.907056177230231,3.191743256413144,-0.0398793677696081,,
H02,145,1523958594153412329,1398,513.4959716796875,331.502197265625,ncc_fail,517.6597900390625,332.2076416015625,0.010081383895339595,True,517.2196412782854,331.25931927614295,0.034461846195061874,True,both,3,3,completed_3_step_check,completed_3_step_check,Unknown,Unknown,-7.275315671903229,7.237114764285366,3.36211242004331,-0.07449893531786245,11.941604998698454,11.876248956114281
H02,145,1523958594153412329,1447,238.09120178222656,102.39635467529297,ncc_fail,242.45201110839844,101.56797790527344,0.0028833156556239176,True,242.39018663550885,101.41842325713907,0.1463234815462375,True,both,3,0,completed_3_step_check,ncc_fail,Unknown,Unknown,-7.2663337362613465,7.238900063048968,3.7076736362123968,-0.04605605952473736,14.056787277411553,0.0
H02,145,1523958594153412329,1856,175.55520629882812,360.7811584472656,ncc_fail,179.2580108642578,359.4474182128906,0.002936395277620803,True,179.2175161604131,359.42922971115706,0.05141015649054196,True,both,3,3,completed_3_step_check,completed_3_step_check,Unknown,Unknown,-7.3927026169584105,7.361960953320589,3.752289573007521,-0.03986827752165914,13.084338324498887,13.088506652632095
H02,145,1523958594153412329,1863,277.4282531738281,73.66403198242188,ncc_fail,282.0044860839844,73.36473083496094,0.0041346532115331906,True,281.9784162021264,73.27061048325344,0.03624565023879652,True,both,3,3,completed_3_step_check,completed_3_step_check,Unknown,Unknown,-8.53334380462442,8.4889082959936,4.1974290535812155,-0.0475521921111313,14.270716991057142,14.280729920780617
H02,145,1523958594153412329,1866,273.4440612792969,41.45970153808594,ncc_fail,277.9138488769531,40.8341064453125,0.009713978843981072,True,277.93754161593256,40.82123940837161,0.04299488729095937,True,both,0,0,ncc_fail,ncc_fail,Unknown,Unknown,-8.3021157079599,8.259736332041193,4.093534600974876,-0.04568798037102372,0.0,0.0
H02,145,1523958594153412329,1872,440.0,7.0,border_fail,445.03857421875,6.219351768493652,0.023262782743675745,False,445.0719699859619,6.374660551548004,0.06631216362662037,False,neither,0,0,not_accepted,not_accepted,Unknown,Unknown,-5.715569972991943,5.68618631362915,3.1343135833740234,-0.03592127934098244,,
H02,145,1523958594153412329,1874,192.0,4.0,ncc_fail,195.9275665283203,3.078235626220703,0.015470594031502345,False,195.95954036712646,2.844146728515625,0.07100452176546586,False,neither,0,0,not_accepted,not_accepted,Unknown,Unknown,-6.37750768661499,6.348994255065918,3.2810728549957275,-0.03260139748454094,,
H02,145,1523958594153412329,1876,227.0,5.0,ncc_fail,231.21646118164062,4.135356903076172,0.056891588037097256,False,231.18071222305298,3.9915771484375,0.0637780410127053,False,neither,0,0,not_accepted,not_accepted,Unknown,Unknown,-6.500669002532959,6.471894264221191,3.3343276977539062,-0.034320175647735596,,
H02,145,1523958594153412329,1877,278.0,5.0,ncc_fail,282.48162841796875,4.254335403442383,0.008635782125178706,False,282.4976568222046,4.111704349517822,0.0850364775418965,False,neither,0,0,not_accepted,not_accepted,Unknown,Unknown,-6.565343856811523,6.531966209411621,3.352959394454956,-0.032676562666893005,,
H02,145,1523958594153412329,1879,372.0,4.0,ncc_fail,376.77471923828125,2.973130226135254,0.016410053062869356,False,377.02039098739624,3.2003129720687866,0.19193752109195644,False,neither,0,0,not_accepted,not_accepted,Unknown,Unknown,-5.008391380310059,4.984699249267578,2.7565174102783203,-0.02818339876830578,,
H02,146,1523958594203994287,329,519.18896484375,381.80755615234375,ncc_fail,522.5771484375,381.3889465332031,0.002500393657685467,True,522.5526180911983,381.4099039365118,0.02823417806740494,True,both,0,0,ncc_fail,ncc_fail,Unknown,Unknown,-6.975552069503166,6.9775762614928425,3.4596386278073297,-0.05594991269911431,0.0,0.0
H02,146,1523958594203994287,918,630.3624877929688,378.7823791503906,border_fail,633.364013671875,379.05584716796875,0.1706107306364974,False,633.4224411692273,378.87890906736595,0.0325873630732189,False,neither,0,0,not_accepted,not_accepted,Unknown,Unknown,-5.787176868273716,5.767446235652661,3.1459836298769415,-0.037823131381013446,,
H02,146,1523958594203994287,1544,332.5138854980469,251.48834228515625,ncc_fail,337.1211853027344,251.70277404785156,0.0011403329096394885,True,336.98271067370166,251.71714320777053,0.041935464323046984,True,both,3,3,completed_3_step_check,completed_3_step_check,Unknown,Unknown,-8.598562171417782,8.574442230563143,4.243392325861185,-0.0461600439843262,13.583789994155472,13.619899449723901
H02,146,1523958594203994287,1648,574.477783203125,237.50108337402344,ncc_fail,578.5692138671875,237.19369506835938,0.0008929977348876668,True,578.4327135850706,237.23735880302033,0.0629582566542661,True,both,1,3,ncc_fail,completed_3_step_check,Unknown,Unknown,-7.6011154711955236,7.564349972233652,3.839976079299425,-0.04454041194460735,3.97586007161081,11.714535077390673
H02,146,1523958594203994287,1885,445.0,6.0,border_fail,449.88653564453125,5.333295822143555,0.01755022786104114,False,450.0646667480469,5.510980010032654,0.11300592734956452,False,neither,0,0,not_accepted,not_accepted,Unknown,Unknown,-5.71987247467041,5.686411380767822,3.103886127471924,-0.03209705650806427,,
H02,146,1523958594203994287,1886,196.0,4.0,ncc_fail,200.17169189453125,3.2878971099853516,0.007402447319815988,False,200.36881589889526,3.24979966878891,0.08065956626731483,False,neither,0,0,not_accepted,not_accepted,Unknown,Unknown,-6.390000820159912,6.367587089538574,3.295548439025879,-0.029310088604688644,,
H02,146,1523958594203994287,1888,282.0,4.0,ncc_fail,286.55828857421875,3.47774600982666,0.0075129675782366805,False,286.8618721961975,3.4850690364837646,0.09623584751070512,False,neither,0,0,not_accepted,not_accepted,Unknown,Unknown,-6.544795989990234,6.509243965148926,3.3582510948181152,-0.03157447278499603,,
H02,146,1523958594203994287,1889,231.0,4.0,ncc_fail,235.3728485107422,3.4144821166992188,0.033807452944337284,False,235.6244478225708,3.353435456752777,0.07506404130015476,False,neither,0,0,not_accepted,not_accepted,Unknown,Unknown,-6.432563781738281,6.408064842224121,3.308851480484009,-0.03004368767142296,,
H02,146,1523958594203994287,1890,635.0,273.0,ncc_fail,638.7592163085938,273.046875,0.1387948176239972,False,638.6908926963806,273.0185551419854,0.02267984784365633,False,neither,0,0,not_accepted,not_accepted,Unknown,Unknown,-5.594309329986572,5.580887794494629,3.0577404499053955,-0.03750234842300415,,
H02,146,1523958594203994287,1892,377.0,3.0,ncc_fail,381.76495361328125,2.151444435119629,0.02896710205663274,False,382.1249752044678,2.3653579354286194,0.21866384472640685,False,neither,0,0,not_accepted,not_accepted,Unknown,Unknown,-4.850380897521973,4.83201265335083,2.7357945442199707,-0.02474053204059601,,
H02,146,1523958594203994287,1896,3.0,195.0,ncc_fail,6.785811424255371,193.6643524169922,0.16219614745272787,False,6.906409502029419,193.51905989646912,0.03563840411394017,False,neither,0,0,not_accepted,not_accepted,Unknown,Unknown,-5.6725358963012695,5.645782947540283,3.064025402069092,-0.04184620454907417,,
H02,147,1523958594253987967,1340,628.0423583984375,191.3853302001953,border_fail,632.1309814453125,191.09466552734375,0.04456533039742747,False,631.9807429238972,191.03275049331367,0.05041888186793423,True,S_only,0,0,not_accepted,ncc_fail,Unknown,Unknown,-5.681781008076455,5.664961222189031,3.0914044653803407,-0.03952455585290187,,0.0
H02,147,1523958594253987967,1481,629.6484375,69.41722869873047,border_fail,634.1820068359375,68.44781494140625,0.5577888232971064,False,633.8074665607662,68.97490600804267,0.06850199349939422,False,neither,0,0,not_accepted,not_accepted,Unknown,Unknown,-6.123987963494983,6.085217655922179,3.2685535462829023,-0.04212266616910898,,
H02,147,1523958594253987967,1525,449.3681640625,448.432373046875,ncc_fail,452.5355529785156,448.9007263183594,0.0018678153989379097,True,452.7062641948293,448.9909381761972,0.07786264883343103,True,both,1,3,ncc_fail,completed_3_step_check,Unknown,Unknown,-7.3541426779905805,7.320682345387127,3.4837853558733514,-0.05363272236415817,3.0544171960682966,8.397198587005704
H02,147,1523958594253987967,1585,348.0638427734375,270.4923400878906,ncc_fail,352.5674133300781,270.5257568359375,0.0013165072393873896,True,352.53415377973784,270.5278046127498,0.036707151914447206,True,both,0,0,ncc_fail,ncc_fail,Unknown,Unknown,-8.509739509366007,8.479302769492683,4.224197568154127,-0.044554406975035904,0.0,0.0
H02,147,1523958594253987967,1603,362.8458251953125,243.37022399902344,ncc_fail,367.4706115722656,243.5402374267578,0.0047044606134138515,True,367.3894517556323,243.5085587755463,0.02634651119996078,True,both,3,3,completed_3_step_check,completed_3_step_check,Unknown,Unknown,-8.557856229340505,8.532528844464112,4.242196807713961,-0.04532254909055832,12.971080477638878,12.967534063357482
H02,147,1523958594253987967,1847,260.1212463378906,9.715346336364746,ncc_fail,264.6644287109375,9.483966827392578,0.006291210206123339,True,264.7925609938129,9.493552711570933,0.05676924139532293,True,both,0,0,ncc_fail,ncc_fail,Unknown,Unknown,-6.766628436794699,6.739154105561478,3.436957553870452,-0.039700021873336384,0.0,0.0
H02,147,1523958594253987967,1897,450.0,5.0,ncc_fail,454.7052001953125,4.47458553314209,0.02374633949875232,False,454.8041706085205,4.543980956077576,0.08116268458658318,False,neither,0,0,not_accepted,not_accepted,Unknown,Unknown,-5.735790252685547,5.7125244140625,3.0758166313171387,-0.0331408865749836,,
H02,147,1523958594253987967,1898,200.0,3.0,ncc_fail,204.31967163085938,2.5280494689941406,0.010807241518008886,False,204.35787916183472,2.458794593811035,0.05791962552062268,False,neither,0,0,not_accepted,not_accepted,Unknown,Unknown,-6.446824073791504,6.422903060913086,3.333894729614258,-0.033104900270700455,,
H02,147,1523958594253987967,1899,286.0,2.0,ncc_fail,290.62811279296875,1.755742073059082,0.0021993342569569477,False,290.7474203109741,1.831533044576645,0.061604814397968444,False,neither,0,0,not_accepted,not_accepted,Unknown,Unknown,-6.718626976013184,6.685338020324707,3.4073398113250732,-0.03215248882770538,,
H02,147,1523958594253987967,1900,236.0,3.0,ncc_fail,240.4852752685547,2.6034412384033203,0.0019556602772198236,False,240.54948043823242,2.6498274207115173,0.04593722873614998,False,neither,0,0,not_accepted,not_accepted,Unknown,Unknown,-6.509921550750732,6.485473155975342,3.3399267196655273,-0.03586922958493233,,
H02,147,1523958594253987967,1903,385.0,3.0,ncc_fail,389.62506103515625,2.3655786514282227,0.008938057573538185,False,389.84223079681396,2.5311275124549866,0.21710862915261717,False,neither,0,0,not_accepted,not_accepted,Unknown,Unknown,-4.810571670532227,4.79998779296875,2.6663355827331543,-0.02324531227350235,,
H02,147,1523958594253987967,1905,218.0,4.0,ncc_fail,222.41293334960938,3.562765121459961,0.013528294265871195,False,222.4469871520996,3.546875238418579,0.05235076713252311,False,neither,0,0,not_accepted,not_accepted,Unknown,Unknown,-6.449700832366943,6.417118072509766,3.326968193054199,-0.03380819782614708,,
H02,148,1523958594305604513,1393,94.35882568359375,320.3808898925781,ncc_fail,98.68138122558594,318.6785888671875,0.0006714300661832214,True,98.69284083144137,318.66942951218147,0.012886046057560779,True,both,3,3,completed_3_step_check,completed_3_step_check,Unknown,Unknown,-6.858719779277874,6.829225629860364,3.535086212262972,-0.037662521621451034,14.434696244326384,14.43574319823558
H02,148,1523958594305604513,1630,467.7986145019531,109.52066802978516,ncc_fail,472.4001159667969,109.42172241210938,0.0030604429635116333,True,472.30112677129955,109.17081620172729,0.064620970076398,True,both,1,2,ncc_fail,ncc_fail,Unknown,Unknown,-7.08488673612535,7.053701233742555,3.6332556649442833,-0.044677596861596856,4.211524120682285,8.070104741759343
H02,148,1523958594305604513,1651,342.6354064941406,184.3242645263672,ncc_fail,347.41351318359375,184.65977478027344,0.0003601203528200057,True,347.3841552751162,184.65280766109314,0.028661213181049923,True,both,3,3,completed_3_step_check,completed_3_step_check,Unknown,Unknown,-8.678159221151812,8.654917860975779,4.288955296798367,-0.04469016404773461,13.004770262903552,13.00404388647897
H02,148,1523958594305604513,1908,455.0,5.0,border_fail,459.500244140625,4.610291481018066,0.013172163502078013,False,459.5757579803467,4.699593544006348,0.1243454571280509,False,neither,0,0,not_accepted,not_accepted,Unknown,Unknown,-5.754494667053223,5.731708526611328,3.0656468868255615,-0.030569566413760185,,
H02,148,1523958594305604513,1910,205.0,3.0,ncc_fail,209.44107055664062,2.8441991806030273,0.002661072120335313,False,209.47459602355957,2.8247346580028534,0.016234970523886803,False,neither,0,0,not_accepted,not_accepted,Unknown,Unknown,-6.447846412658691,6.423107624053955,3.365286350250244,-0.03617416322231293,,
H02,148,1523958594305604513,1911,239.0,2.0,ncc_fail,243.52426147460938,1.983841896057129,0.0024512212869899513,False,243.63355922698975,2.018847331404686,0.061292052915243374,False,neither,0,0,not_accepted,not_accepted,Unknown,Unknown,-6.684782981872559,6.656933784484863,3.4368855953216553,-0.03967369720339775,,
H02,148,1523958594305604513,1915,389.0,2.0,ncc_fail,393.4939270019531,1.5367851257324219,0.006232706665519298,False,393.6935148239136,1.751508817076683,0.21651057024447332,False,neither,0,0,not_accepted,not_accepted,Unknown,Unknown,-4.835078716278076,4.82336950302124,2.6391053199768066,-0.02265823259949684,,
H02,148,1523958594305604513,1916,4.0,113.0,ncc_fail,8.049291610717773,112.19393920898438,0.3601937964079082,True,8.103878498077393,112.03612530231476,0.07024523722989831,True,both,3,3,completed_3_step_check,completed_3_step_check,Unknown,Unknown,-5.945881366729736,5.944352149963379,3.0277085304260254,-0.03180836886167526,13.274906873002994,13.264227810270695
H02,148,1523958594305604513,1918,2.0,86.0,ncc_fail,5.9136762619018555,85.09262084960938,0.35353577712571255,False,6.048428535461426,85.10308790206909,0.06333440634587434,False,neither,0,0,not_accepted,not_accepted,Unknown,Unknown,-5.615312099456787,5.615487575531006,2.9198660850524902,-0.035761985927820206,,
H02,149,1523958594353996702,1466,629.3217163085938,212.5296173095703,fb_fail,633.8067626953125,212.1769561767578,0.8498970881916209,False,633.0213115324912,211.9567649807276,0.03978773421661161,False,neither,0,0,not_accepted,not_accepted,Unknown,Unknown,-5.772319078369094,5.762980136616729,3.1246258666266247,-0.037294103678076264,,
H02,149,1523958594353996702,1827,291.07061767578125,191.4376220703125,ncc_fail,295.8028564453125,191.539794921875,0.005612517819291354,True,295.8001732815342,191.47276270617056,0.044128971485515,True,both,3,3,completed_3_step_check,completed_3_step_check,Unknown,Unknown,-7.950857117128248,7.921020161038058,3.942492670821844,-0.04337546343912804,13.07980309811611,13.079311673688645
H02,149,1523958594353996702,1828,328.2695617675781,100.66685485839844,ncc_fail,332.935791015625,101.36690521240234,0.0012567907886947022,True,332.916160864591,101.26047033283335,0.008571451789218514,True,both,1,3,ncc_fail,completed_3_step_check,Unknown,Unknown,-9.273494542535248,9.229884892519674,4.510477279383082,-0.05133423570440058,4.585303117523418,12.763817732387515
H02,149,1523958594353996702,1873,321.2716979980469,256.5791015625,ncc_fail,325.75677490234375,256.4895935058594,0.0008056871815456595,True,325.7980066868716,256.46663060272294,0.022957190105611886,True,both,3,3,completed_3_step_check,completed_3_step_check,Unknown,Unknown,-8.54006550749466,8.507729138855467,4.21089739335298,-0.04339925118777899,12.140897788446807,12.147390647484773
H02,149,1523958594353996702,1884,388.5937194824219,233.46066284179688,ncc_fail,392.8819885253906,233.58831787109375,0.0018906741845219816,True,392.8521045382621,233.61283228028051,0.03478030050247105,True,both,2,2,ncc_fail,ncc_fail,Unknown,Unknown,-8.722929077855575,8.696374384933657,4.297507364396372,-0.045213678668975056,7.54684614002061,7.562569812407705
H02,149,1523958594353996702,1921,459.0,1.0,ncc_fail,463.25164794921875,0.863469123840332,0.000519250925208601,False,463.30988121032715,1.0817113816738129,0.12568602647359944,False,neither,0,0,not_accepted,not_accepted,Unknown,Unknown,-6.059962272644043,6.036743640899658,3.217409133911133,-0.03131783753633499,,
H02,149,1523958594353996702,1923,209.0,3.0,ncc_fail,213.49826049804688,3.2691030502319336,0.008149186318951819,False,213.53726482391357,3.1636896431446075,0.06431256082064926,False,neither,0,0,not_accepted,not_accepted,Unknown,Unknown,-6.601103782653809,6.566700458526611,3.409965991973877,-0.034585170447826385,,
H02,149,1523958594353996702,1924,244.0,2.0,ncc_fail,248.51724243164062,2.433161735534668,0.015238758320876327,False,248.63223934173584,2.3648974299430847,0.10080608538540024,False,neither,0,0,not_accepted,not_accepted,Unknown,Unknown,-6.756256103515625,6.722225189208984,3.438392162322998,-0.033164188265800476,,
H02,149,1523958594353996702,1925,296.0,2.0,ncc_fail,300.5252685546875,2.520901679992676,0.012041657380305245,False,300.61254692077637,2.5224350094795227,0.08668605449973188,False,neither,0,0,not_accepted,not_accepted,Unknown,Unknown,-7.222982406616211,7.1927266120910645,3.618790626525879,-0.037015993148088455,,
H02,149,1523958594353996702,1927,393.0,2.0,ncc_fail,397.3216247558594,1.7977218627929688,0.0065049595922250575,False,397.489661693573,2.0495506040751934,0.2990021572619398,False,neither,0,0,not_accepted,not_accepted,Unknown,Unknown,-5.462233066558838,5.445383548736572,2.889946460723877,-0.028685107827186584,,
H02,150,1523958594403472079,753,629.5838012695312,441.3094482421875,border_fail,632.2786865234375,440.739501953125,0.03685598699531818,False,631.9535788094145,440.94771649795825,0.11280530348926977,True,S_only,0,0,not_accepted,border_fail,Unknown,Unknown,-5.445874847095357,5.418153544529641,3.0698285409952977,-0.037142520683135616,,0.0
H02,150,1523958594403472079,1536,341.1922607421875,122.52670288085938,ncc_fail,345.5455017089844,123.42436981201172,0.0041858337791752616,True,345.55791093061805,123.3964460517069,0.0220917538581752,True,both,3,3,completed_3_step_check,completed_3_step_check,Unknown,Unknown,-9.187047558395783,9.156540914275567,4.485054156177066,-0.050431385010460406,11.537942456793802,11.537854628249828
H02,150,1523958594403472079,1700,153.11923217773438,367.34393310546875,ncc_fail,157.51657104492188,365.5690612792969,0.0055652759475210214,True,157.4412643248735,365.64229604276943,0.019176753939994455,True,both,3,3,completed_3_step_check,completed_3_step_check,Unknown,Unknown,-6.717380666596206,6.694275839222874,3.4726468589851787,-0.03525648358402411,13.951882138944658,13.95205256382996
H02,150,1523958594403472079,1749,289.9382019042969,22.507522583007812,ncc_fail,294.3614807128906,23.480220794677734,0.0025255139793545034,True,294.3995645772952,23.58255897787731,0.0823066307100195,True,both,3,3,completed_3_step_check,completed_3_step_check,Unknown,Unknown,-8.288816543291166,8.257094454863273,4.088543140437415,-0.0458413202710935,12.719581523588774,12.75143799241014
H02,150,1523958594403472079,1857,216.8932342529297,272.6455078125,ncc_fail,221.47605895996094,271.3992919921875,0.0019175751237501917,True,221.3913898886827,271.4356690648181,0.0163162951145298,True,both,3,3,completed_3_step_check,completed_3_step_check,Unknown,Unknown,-7.221607147061491,7.202798296386369,3.68025323303905,-0.036572101155723624,13.386091644288035,13.38803070980775
H02,150,1523958594403472079,1893,402.6091003417969,195.35780334472656,ncc_fail,406.672607421875,195.60400390625,0.003105641546180362,True,406.61282556360345,195.6984461813253,0.0376045575436496,True,both,1,1,ncc_fail,ncc_fail,Unknown,Unknown,-8.497426920128682,8.474365989355611,4.2160618696506384,-0.047949298162132906,3.691919538470999,3.6852076769996356
H02,150,1523958594403472079,1914,274.212158203125,9.530233383178711,ncc_fail,278.5731201171875,10.469605445861816,0.01899590643490604,True,278.69360039814853,10.577617607112295,0.08978159077018909,True,both,3,3,completed_3_step_check,completed_3_step_check,Unknown,Unknown,-7.467571206154953,7.425696658011892,3.7294637464819265,-0.04093340578765085,12.89539152787215,12.926885501087213
H02,150,1523958594403472079,1929,463.0,1.0,ncc_fail,466.850341796875,1.1529760360717773,0.003941435343051179,False,466.9826307296753,1.2207725048065186,0.10992070017007977,False,neither,0,0,not_accepted,not_accepted,Unknown,Unknown,-6.008396625518799,5.984677314758301,3.1851744651794434,-0.0300474613904953,,
H02,150,1523958594403472079,1930,214.0,4.0,ncc_fail,218.448486328125,4.657175064086914,0.010450768580390462,False,218.518536567688,4.83793431520462,0.05681715196158727,False,neither,0,0,not_accepted,not_accepted,Unknown,Unknown,-6.876309871673584,6.840340614318848,3.510051727294922,-0.03846703842282295,,
H02,150,1523958594403472079,1933,248.0,2.0,ncc_fail,252.4418182373047,2.8463735580444336,0.0448944809957111,False,252.5261960029602,2.9837668538093567,0.0836481392515899,False,neither,0,0,not_accepted,not_accepted,Unknown,Unknown,-7.075774669647217,7.037752151489258,3.5769636631011963,-0.039052434265613556,,
H02,150,1523958594403472079,1935,396.0,5.0,border_fail,400.01416015625,5.184635162353516,0.003124144049716681,False,400.17776107788086,5.369768053293228,0.11036613635173945,False,neither,0,0,not_accepted,not_accepted,Unknown,Unknown,-6.009372234344482,5.988439083099365,3.1268157958984375,-0.03162745013833046,,
H02,150,1523958594403472079,1937,300.0,3.0,ncc_fail,304.32147216796875,3.991811752319336,0.0037398900997292284,False,304.42856454849243,4.055407285690308,0.12454759617415095,False,neither,0,0,not_accepted,not_accepted,Unknown,Unknown,-7.19555139541626,7.166893005371094,3.597783327102661,-0.03824806585907936,,
H02,151,1523958594455036573,27,543.781494140625,474.3222961425781,ncc_fail,546.1261596679688,473.5190124511719,0.0055027348535499196,True,546.1578644694912,473.39735102882486,0.07509745043746671,True,both,3,1,completed_3_step_check,ncc_fail,Unknown,Unknown,-6.4141370086924105,6.4040535801399585,3.3446891231802525,-0.037321561101665485,6.657401912316599,2.467946321742584
H02,151,1523958594455036573,1197,629.5008544921875,122.9204330444336,border_fail,632.732421875,122.51344299316406,0.17163866240370576,False,632.6527100414014,122.47563243276093,0.043229903727383355,False,neither,0,0,not_accepted,not_accepted,Unknown,Unknown,-6.4482633981225685,6.4226798109859455,3.384872028354901,-0.037041566590117495,,
H02,151,1523958594455036573,1341,631.1886596679688,266.97381591796875,ncc_fail,634.346923828125,266.50579833984375,0.18706086760403573,False,634.1660221756641,266.5216650615716,0.045879341461036845,False,neither,0,0,not_accepted,not_accepted,Unknown,Unknown,-5.727874656772146,5.703704460862319,3.1014599863790924,-0.042432189521009966,,
H02,151,1523958594455036573,1639,287.384521484375,59.414756774902344,ncc_fail,291.6208801269531,60.667572021484375,0.003470563269761439,True,291.57286091818656,60.6543014543125,0.03672462195894954,True,both,3,3,completed_3_step_check,completed_3_step_check,Unknown,Unknown,-8.950378508942263,8.920464997659186,4.3902690493434315,-0.046532667656288676,12.634530462235768,12.634013306313946
H02,151,1523958594455036573,1698,452.92718505859375,252.44590759277344,ncc_fail,455.97393798828125,252.5505828857422,0.002669197949910874,True,456.1072728829234,252.4819308522444,0.05983650089905391,True,both,1,0,ncc_fail,ncc_fail,Unknown,Unknown,-8.138552971519665,8.113675997547695,3.9997534598997593,-0.05316021581060319,2.5196423685351372,0.0
H02,151,1523958594455036573,1851,404.7150573730469,66.17427062988281,ncc_fail,408.4494934082031,66.51021575927734,0.0008738904457566134,True,408.4478655648714,66.48845691079417,0.050154472039227176,True,both,3,3,completed_3_step_check,completed_3_step_check,Unknown,Unknown,-7.7551536954381,7.731556573621878,3.9053804467869595,-0.043885507877332565,9.102341373737822,9.106276352397943
H02,151,1523958594455036573,1909,364.8838195800781,270.6059265136719,ncc_fail,368.63433837890625,270.4230651855469,0.005697068695860129,True,368.66399702021477,270.2713778458973,0.05297256781294283,True,both,3,3,completed_3_step_check,completed_3_step_check,Unknown,Unknown,-8.442544902849068,8.412952917824999,4.1923312608751395,-0.04283257450047971,9.057231164813901,9.059546268198961
H02,151,1523958594455036573,1939,467.0,5.0,border_fail,470.4122314453125,5.407127380371094,0.013988091889780233,False,470.4281985759735,5.468947231769562,0.04983835148203707,False,neither,0,0,not_accepted,not_accepted,Unknown,Unknown,-6.122392654418945,6.096458435058594,3.190423011779785,-0.030039753764867783,,
H02,151,1523958594455036573,1940,218.0,4.0,ncc_fail,222.3352813720703,5.169613838195801,0.028156398159991224,False,222.36689281463623,5.008188486099243,0.07054320346248671,False,neither,0,0,not_accepted,not_accepted,Unknown,Unknown,-6.958530426025391,6.922851085662842,3.5629029273986816,-0.037876248359680176,,
H02,151,1523958594455036573,1941,289.0,3.0,ncc_fail,293.1032409667969,4.4177703857421875,0.04556123168259315,False,293.1383767127991,4.31185245513916,0.03165615633789147,False,neither,0,0,not_accepted,not_accepted,Unknown,Unknown,-7.429225921630859,7.399481296539307,3.6860604286193848,-0.03965010866522789,,
H02,151,1523958594455036573,1942,257.0,3.0,ncc_fail,261.279541015625,4.371244430541992,0.11674417104559234,False,261.2569432258606,4.220064401626587,0.03554590145746963,False,neither,0,0,not_accepted,not_accepted,Unknown,Unknown,-7.164330959320068,7.135812759399414,3.5944766998291016,-0.037791188806295395,,
H02,151,1523958594455036573,1945,4.0,221.0,ncc_fail,8.715127944946289,220.30764770507812,0.34937051386546164,True,8.799192428588867,220.0258875489235,0.037114125150631,True,both,3,3,completed_3_step_check,completed_3_step_check,Unknown,Unknown,-5.4933671951293945,5.483280658721924,2.9247121810913086,-0.038499075919389725,14.86718376201623,14.843746045521721
H02,151,1523958594455036573,1946,400.0,1.0,ncc_fail,403.6131286621094,1.4176483154296875,0.007116599232022787,False,403.6700801849365,1.5689163208007812,0.13672257289635642,False,neither,0,0,not_accepted,not_accepted,Unknown,Unknown,-5.494653224945068,5.4798688888549805,2.8701205253601074,-0.025453031063079834,,
H02,151,1523958594455036573,1947,4.0,177.0,ncc_fail,8.495036125183105,176.23121643066406,0.012680830771028289,True,8.875770568847656,176.3646742105484,0.06199376660355751,True,both,3,3,completed_3_step_check,completed_3_step_check,Unknown,Unknown,-5.4358015060424805,5.427672386169434,2.8477683067321777,-0.037830471992492676,13.562000446276032,13.63121385758451
H02,151,1523958594455036573,1948,313.0,2.0,ncc_fail,317.02545166015625,3.467036247253418,0.17442861803438525,False,317.0090026855469,3.269405484199524,0.0762039233257302,False,neither,0,0,not_accepted,not_accepted,Unknown,Unknown,-7.493412971496582,7.4539008140563965,3.723032236099243,-0.03774857893586159,,
H02,152,1523958594503494677,1181,631.1453857421875,93.50483703613281,border_fail,634.3268432617188,92.83810424804688,0.2582287571921501,False,634.04307822206,93.07427177924188,0.01619320733340611,False,neither,0,0,not_accepted,not_accepted,Unknown,Unknown,-6.125224011601567,6.100622500359748,3.2658311594558485,-0.03115753037449133,,
H02,152,1523958594503494677,1380,630.3656616210938,139.00115966796875,border_fail,633.4713134765625,138.6257781982422,0.26678918910161087,False,633.2690139795395,138.5358087619587,0.024099641889443288,False,neither,0,0,not_accepted,not_accepted,Unknown,Unknown,-6.541764935976314,6.501446568331943,3.437658195427894,-0.04286935969636031,,
H02,152,1523958594503494677,1555,195.64283752441406,282.5086364746094,ncc_fail,200.1488800048828,281.36767578125,0.002980116117122486,True,200.12736740888042,281.3165286894892,0.005176283824256922,True,both,3,3,completed_3_step_check,completed_3_step_check,Unknown,Unknown,-7.5646336506855985,7.552261973291536,3.842919758561416,-0.041086396718774114,12.81641804492901,12.817727330601972
H02,152,1523958594503494677,1748,315.58349609375,120.44151306152344,ncc_fail,319.5108947753906,121.76996612548828,0.0007033954206308661,True,319.4588581667167,121.85409599653613,0.021307084556395208,True,both,3,3,completed_3_step_check,completed_3_step_check,Unknown,Unknown,-8.996692891471461,8.953298171587363,4.373941937895911,-0.045151607445805875,11.098331722003666,11.071635343832078
H02,152,1523958594503494677,1806,608.6722412109375,256.2660827636719,ncc_fail,611.5145263671875,255.69210815429688,0.0021468850508986276,True,611.5017383453908,255.720741700107,0.04732830347718599,True,both,3,3,completed_3_step_check,completed_3_step_check,Unknown,Unknown,-6.701314033935562,6.6710510125544396,3.4822949130481833,-0.04020933684178343,6.824214053206965,6.819591588176826
H02,152,1523958594503494677,1938,400.50335693359375,234.41087341308594,ncc_fail,403.59600830078125,234.6112823486328,0.006196439995216284,True,403.8016672145734,234.59621087160104,0.053778852172601414,True,both,3,2,completed_3_step_check,ncc_fail,Unknown,Unknown,-8.577470009841946,8.549172891350874,4.2370205580681555,-0.04471400430832531,6.684616674094559,4.883043541378229
H02,152,1523958594503494677,1952,470.0,5.0,border_fail,473.0096435546875,5.627410888671875,0.022378026745578646,False,472.98015999794006,5.627817690372467,0.16382459743885242,False,neither,0,0,not_accepted,not_accepted,Unknown,Unknown,-6.483222484588623,6.4546051025390625,3.371753215789795,-0.02958885207772255,,
H02,152,1523958594503494677,1953,293.0,3.0,ncc_fail,296.7996826171875,4.835997581481934,0.06963070109681171,False,296.7979562282562,4.882683157920837,0.07077298756925152,False,neither,0,0,not_accepted,not_accepted,Unknown,Unknown,-7.5532402992248535,7.517852306365967,3.6555793285369873,-0.042935196310281754,,
H02,152,1523958594503494677,1954,223.0,2.0,ncc_fail,227.1618194580078,3.552618980407715,0.0453571586754946,False,227.13607168197632,3.545811653137207,0.1333362655317884,False,neither,0,0,not_accepted,not_accepted,Unknown,Unknown,-6.86100435256958,6.830501079559326,3.5026769638061523,-0.04152285307645798,,
H02,152,1523958594503494677,1956,261.0,2.0,ncc_fail,264.9813232421875,3.7539291381835938,0.06698655085411825,False,265.0164337158203,3.8019713163375854,0.09504423041009244,False,neither,0,0,not_accepted,not_accepted,Unknown,Unknown,-7.3578643798828125,7.324862957000732,3.5841801166534424,-0.0377194806933403,,
H02,152,1523958594503494677,1958,2.0,172.0,ncc_fail,6.455272674560547,171.38003540039062,0.31857795427956354,False,6.774992942810059,171.62940698862076,0.03183355939764372,False,neither,0,0,not_accepted,not_accepted,Unknown,Unknown,-5.339591026306152,5.314605712890625,2.805501699447632,-0.0403146967291832,,
H02,152,1523958594503494677,1959,405.0,2.0,ncc_fail,408.2785339355469,2.724236488342285,0.014085966359381146,False,408.1601662635803,2.719364881515503,0.3207364247239311,False,neither,0,0,not_accepted,not_accepted,Unknown,Unknown,-5.460450649261475,5.447459697723389,2.8578712940216064,-0.02140064351260662,,
H02,152,1523958594503494677,1960,312.0,3.0,ncc_fail,315.7041320800781,4.867974281311035,0.02741729801388285,False,315.6749482154846,4.853633165359497,0.12284731656027932,False,neither,0,0,not_accepted,not_accepted,Unknown,Unknown,-7.490946292877197,7.447588920593262,3.6407954692840576,-0.04267572984099388,,
H02,152,1523958594503494677,1965,242.0,4.0,ncc_fail,246.1160888671875,5.672130584716797,0.08310517743616562,False,246.0972294807434,5.693350553512573,0.11391623107057791,False,neither,0,0,not_accepted,not_accepted,Unknown,Unknown,-7.003630638122559,6.966579437255859,3.510932445526123,-0.038819778710603714,,
H02,153,1523958594553479642,1323,630.8731689453125,187.6865692138672,border_fail,633.5556030273438,187.3686981201172,0.2222829589260864,False,633.3865299023422,187.20314549462137,0.06717439531300086,False,neither,0,0,not_accepted,not_accepted,Unknown,Unknown,-6.33068264419805,6.311811815408819,3.3528545701701495,-0.034196634542207685,,
H02,153,1523958594553479642,1384,631.5845336914062,55.40776443481445,border_fail,634.29638671875,55.086029052734375,0.17374275621337143,False,634.0911541700187,55.139009609176995,0.047181152242396295,False,neither,0,0,not_accepted,not_accepted,Unknown,Unknown,-6.37742019187931,6.345900883240799,3.407512218916782,-0.04322070631135527,,
H02,153,1523958594553479642,1464,404.582763671875,177.53248596191406,ncc_fail,407.35662841796875,178.4168243408203,0.002969158044178538,True,407.3525159111301,178.53618954744027,0.02189136733920216,True,both,1,3,ncc_fail,completed_3_step_check,Unknown,Unknown,-8.249788881426102,8.225667234432546,4.065281258146777,-0.05313426658038395,2.411303445459012,6.323203231694957
H02,153,1523958594553479642,1790,342.9050598144531,204.73455810546875,ncc_fail,346.2658996582031,205.3531951904297,0.0042506067740430056,True,346.2726843721204,205.4966202939692,0.006796025187088392,True,both,3,3,completed_3_step_check,completed_3_step_check,Unknown,Unknown,-8.429103554574498,8.396221534020063,4.151841236636021,-0.045435321691071506,7.994562687629014,7.98461386848008
H02,153,1523958594553479642,1882,548.1878662109375,295.49224853515625,ncc_fail,549.12255859375,295.4945983886719,0.013457802140034713,True,550.355354110463,294.9482013987002,0.4504619211324131,True,both,0,0,ncc_fail,ncc_fail,Unknown,Unknown,-6.877501724505702,6.845144259819399,3.0801315106133433,-0.08484968356659106,0.0,0.0
H02,153,1523958594553479642,1961,119.5826416015625,308.5674743652344,ncc_fail,124.13438415527344,307.3288269042969,0.0027651687719907943,True,124.04957088276312,307.30125914872445,0.006579070105406967,True,both,3,3,completed_3_step_check,completed_3_step_check,Unknown,Unknown,-6.814044660748417,6.802830108344873,3.52778799157128,-0.03644160639837869,13.455039129645069,13.461700620391749
H02,153,1523958594553479642,1966,473.0,6.0,border_fail,475.51654052734375,6.934618949890137,0.05157439101985749,False,475.5607395172119,6.890485525131226,0.1992518076902268,False,neither,0,0,not_accepted,not_accepted,Unknown,Unknown,-6.600802421569824,6.5755414962768555,3.367687702178955,-0.02916150540113449,,
H02,153,1523958594553479642,1967,227.0,5.0,border_fail,230.92652893066406,7.024254322052002,0.031566538104732214,False,231.15004301071167,6.915464401245117,0.11094346038272072,False,neither,0,0,not_accepted,not_accepted,Unknown,Unknown,-6.998358726501465,6.969305038452148,3.489950656890869,-0.03881010413169861,,
H02,153,1523958594553479642,1968,298.0,5.0,border_fail,301.49542236328125,7.326802730560303,0.05776254810364097,False,301.5831515789032,7.3194475173950195,0.030973548809401126,False,neither,0,0,not_accepted,not_accepted,Unknown,Unknown,-7.396365642547607,7.3639678955078125,3.6146726608276367,-0.038535214960575104,,
H02,153,1523958594553479642,1969,265.0,4.0,ncc_fail,268.70916748046875,6.268827438354492,0.11682453345723985,False,268.92177867889404,6.236926078796387,0.016716834613987017,False,neither,0,0,not_accepted,not_accepted,Unknown,Unknown,-7.09072208404541,7.056069850921631,3.4822447299957275,-0.03683526813983917,,
H02,153,1523958594553479642,1971,334.0,1.0,ncc_fail,337.2119445800781,3.4050331115722656,0.10383905144826489,False,337.22920513153076,3.083991765975952,0.18016661915318616,False,neither,0,0,not_accepted,not_accepted,Unknown,Unknown,-7.2208075523376465,7.1870317459106445,3.5543863773345947,-0.041183557361364365,,
H02,153,1523958594553479642,1975,316.0,5.0,border_fail,319.3883972167969,7.362482070922852,0.04450407932694762,False,319.4060299396515,7.260282278060913,0.03331859263978765,False,neither,0,0,not_accepted,not_accepted,Unknown,Unknown,-7.468315124511719,7.428284645080566,3.669788360595703,-0.03720725327730179,,
H02,154,1523958594604143271,1212,203.45558166503906,81.39697265625,ncc_fail,207.5895538330078,82.62960052490234,0.0038902431591741828,True,207.52692140181932,82.68315003721132,0.03659859334237035,True,both,3,0,completed_3_step_check,ncc_fail,Unknown,Unknown,-8.13744925940668,8.116999858943949,4.063781431827596,-0.047027280812198174,12.490134466061455,0.0
H02,154,1523958594604143271,1538,459.47796630859375,66.66358184814453,ncc_fail,461.5845947265625,67.80652618408203,0.005498761398272073,True,461.625019261677,67.78319397740249,0.054700162581000786,True,both,3,3,completed_3_step_check,completed_3_step_check,Unknown,Unknown,-7.870306938214746,7.845471408060181,3.95140432812472,-0.04318488898025728,6.048731332638425,6.0568577073590975
H02,154,1523958594604143271,1726,238.09349060058594,56.592498779296875,ncc_fail,241.97933959960938,58.46442413330078,0.0006741553355216834,True,241.97217165507303,58.64742147192983,0.027400490411971415,True,both,3,3,completed_3_step_check,completed_3_step_check,Unknown,Unknown,-7.883997349663518,7.859877448720327,3.959393007277179,-0.046488086182042684,12.692695467606201,12.72694156877315
H02,154,1523958594604143271,1846,404.669189453125,257.48291015625,ncc_fail,406.8997802734375,257.601318359375,0.005481113355144747,True,407.0154151399928,257.5217187990189,0.02395706196744422,True,both,3,3,completed_3_step_check,completed_3_step_check,Unknown,Unknown,-7.717383672119979,7.684855029686901,3.8847474298685256,-0.04723509157792671,4.03361613165634,4.027721864776613
H02,154,1523958594604143271,1878,365.8294982910156,81.23584747314453,ncc_fail,368.50732421875,83.54074096679688,0.0040383935462923,True,368.46150224390664,83.43457084478982,0.0038715142171046424,True,both,3,0,completed_3_step_check,ncc_fail,Unknown,Unknown,-8.591191651323701,8.557841562222183,4.141912863270649,-0.060520776135134326,10.260974234080317,0.0
H02,154,1523958594604143271,1887,314.3633728027344,79.54239654541016,ncc_fail,317.59686279296875,81.87178802490234,0.0032175789920481073,True,317.41295994763595,81.92276294811644,0.07190855748605933,True,both,0,3,ncc_fail,completed_3_step_check,Unknown,Unknown,-8.651605902267928,8.614643231589753,4.253068794016738,-0.050387421639204885,0.0,11.62203802966004
H02,154,1523958594604143271,1951,375.44097900390625,269.56634521484375,ncc_fail,378.0929260253906,269.4432373046875,0.0026246891405327785,True,378.03154428793385,269.4128504777292,0.022057049712152513,True,both,3,3,completed_3_step_check,completed_3_step_check,Unknown,Unknown,-7.714804247105798,7.680800129742101,3.8820372452614604,-0.04569787361423158,5.540158206795616,5.564432461206394
H02,154,1523958594604143271,1986,337.0,5.0,border_fail,339.7615661621094,7.779109954833984,0.04821728204562794,False,339.7778444290161,7.572711229324341,0.18910013186583635,False,neither,0,0,not_accepted,not_accepted,Unknown,Unknown,-7.377413749694824,7.335310935974121,3.6018731594085693,-0.04134918004274368,,
H02,154,1523958594604143271,1987,358.0,1.0,ncc_fail,360.5599365234375,3.7251739501953125,0.11726876914068508,False,360.66346168518066,3.2108612060546875,0.3911026994002759,False,neither,0,0,not_accepted,not_accepted,Unknown,Unknown,-7.056947231292725,7.025219917297363,3.4369518756866455,-0.04395507276058197,,
H02,154,1523958594604143271,1990,252.0,1.0,ncc_fail,255.59271240234375,3.631108283996582,0.06446734642712176,False,255.64020919799805,3.8064181804656982,0.04693481665398879,False,neither,0,0,not_accepted,not_accepted,Unknown,Unknown,-6.8845720291137695,6.852322578430176,3.4018213748931885,-0.04442043974995613,,
H02,155,1523958594654029206,34,501.6708679199219,426.4244079589844,ncc_fail,502.4294738769531,424.73162841796875,0.03444184176911753,True,503.55435468218093,425.27493502217817,0.10967419183639451,True,both,3,0,completed_3_step_check,ncc_fail,Unknown,Unknown,-7.5527594233091815,7.493181471289769,3.4819319955344437,-0.09028589970231587,6.229345385556984,0.0
H02,155,1523958594654029206,1747,339.61285400390625,188.43307495117188,ncc_fail,342.2563171386719,189.62046813964844,0.00024604058069758756,True,342.1940634879196,189.70092595220007,0.06173990526890407,True,both,3,3,completed_3_step_check,completed_3_step_check,Unknown,Unknown,-8.35090784076653,8.322553077019556,4.131408293318703,-0.04664665823402779,7.205725589389014,7.204189604413591
H02,155,1523958594654029206,1849,186.32290649414062,320.50177001953125,ncc_fail,190.37852478027344,319.3431701660156,0.0018188706978996153,True,190.38575425749752,319.3276575104616,0.04763370886973409,True,both,3,3,completed_3_step_check,completed_3_step_check,Unknown,Unknown,-7.5166912436249005,7.488408348706922,3.799601157080101,-0.038757048112279265,11.704796622364094,11.705007767754902
H02,155,1523958594654029206,1875,350.1498107910156,82.57902526855469,ncc_fail,352.5036926269531,85.39120483398438,0.0029336981342096688,True,352.4508230353391,85.27379123545795,0.041794539992830684,True,both,0,3,ncc_fail,completed_3_step_check,Unknown,Unknown,-8.834426430990014,8.804404611040948,4.308251210791512,-0.05310957071817207,0.0,10.807453957054593
H02,155,1523958594654029206,1906,269.54791259765625,95.48812103271484,ncc_fail,273.0004577636719,96.79768371582031,0.0031545493671468177,True,273.0073379832556,96.86529696179744,0.1738947186719003,True,both,3,3,completed_3_step_check,completed_3_step_check,Unknown,Unknown,-7.628677840651882,7.6098760428656025,3.717911051703198,-0.053915820256649094,10.303021191295635,10.301714641497416
H02,155,1523958594654029206,1995,323.0,1.0,ncc_fail,325.5358581542969,4.25541877746582,0.129034766197162,False,325.45982813835144,4.393990993499756,0.04853540607657474,False,neither,0,0,not_accepted,not_accepted,Unknown,Unknown,-6.799551010131836,6.770575523376465,3.3957736492156982,-0.03925798088312149,,
H02,156,1523958594705124691,286,166.22569274902344,431.3422546386719,ncc_fail,169.79685974121094,429.54034423828125,0.0015654208777376702,True,169.81895685118877,429.5850261420757,0.025548544064044904,True,both,3,3,completed_3_step_check,completed_3_step_check,Unknown,Unknown,-6.859116397787224,6.837474338180435,3.524625969720446,-0.03550681533575259,11.533279663206658,11.533103940415831
H02,156,1523958594705124691,1275,454.77703857421875,216.56405639648438,ncc_fail,455.50048828125,217.2476043701172,0.005012413500041848,True,455.50132169912155,217.35909318931394,0.0720439306341837,True,both,3,3,completed_3_step_check,completed_3_step_check,Unknown,Unknown,-7.806928487832146,7.781058201326035,3.7913448576185385,-0.061642021359607446,2.7964291362449516,2.821448115132695
H02,156,1523958594705124691,1730,399.67364501953125,66.72450256347656,ncc_fail,401.4396667480469,68.42630767822266,0.01009851745312343,True,401.4541022551141,68.45360788150319,0.043481733666678006,True,both,3,3,completed_3_step_check,completed_3_step_check,Unknown,Unknown,-7.679324672125391,7.663977336341553,3.7921572301949036,-0.05134851892108941,7.087171522948838,7.092106171148221
H02,156,1523958594705124691,1803,117.20311737060547,239.5255584716797,ncc_fail,121.52067565917969,239.16514587402344,0.0015463598927759846,True,121.52107663895659,239.2429035852952,0.013457357387456003,True,both,3,3,completed_3_step_check,completed_3_step_check,Unknown,Unknown,-7.52168247269406,7.495691873682569,3.7981416512723727,-0.03909259967922816,12.436289405689465,12.42613617493191
H02,156,1523958594705124691,1841,160.4381866455078,266.0894775390625,ncc_fail,164.6312255859375,265.50482177734375,0.0044230752687487015,True,164.52224438648372,265.5377085917858,0.012213980500422607,True,both,2,2,ncc_fail,ncc_fail,Unknown,Unknown,-7.745048075700223,7.71558888638111,3.902557313178766,-0.03710661348740937,8.043329968282794,8.043685487184511
H02,156,1523958594705124691,1984,352.40179443359375,207.6486053466797,ncc_fail,354.50201416015625,208.5629425048828,0.0018621350047558528,True,354.4974533087797,208.6073548336146,0.08565973643223,True,both,0,3,ncc_fail,completed_3_step_check,Unknown,Unknown,-8.193759089015726,8.163017358213464,4.078750837877541,-0.04257248479230908,0.0,5.274634683747058
H02,156,1523958594705124691,1998,420.8518981933594,201.71646118164062,ncc_fail,422.2455139160156,202.63320922851562,0.007677233439707225,True,422.052774876803,202.7737994361847,0.01663888397841296,True,both,3,3,completed_3_step_check,completed_3_step_check,Unknown,Unknown,-7.731657117012175,7.704792882787293,3.906461724116812,-0.046025645461911666,3.580676917652196,3.5813202867360605
H02,156,1523958594705124691,2004,326.0,2.0,ncc_fail,328.25360107421875,5.588425636291504,0.1743150732379455,False,328.0094475746155,5.629111289978027,0.048747178227090245,False,neither,0,0,not_accepted,not_accepted,Unknown,Unknown,-6.749767303466797,6.71726131439209,3.4081597328186035,-0.03896056115627289,,
H02,157,1523958594754535656,1399,513.8541259765625,125.42059326171875,ncc_fail,514.4990234375,126.5514907836914,0.002636913451317672,True,515.3992883816255,125.47654679345561,0.11254716558345322,True,both,3,0,completed_3_step_check,ncc_fail,Unknown,Unknown,-6.999039763126486,7.009863995393719,3.311348557328607,-0.06986836392889367,4.49263523726991,0.0
H02,157,1523958594754535656,1694,342.52301025390625,150.39341735839844,ncc_fail,344.37982177734375,152.58499145507812,0.0005848317839580322,True,344.41257816226084,152.63595930070224,0.04978963335158094,True,both,3,3,completed_3_step_check,completed_3_step_check,Unknown,Unknown,-9.397816541163369,9.364791215321247,4.557480288097803,-0.04978071859703768,8.48331895918144,8.484529096742458
H02,157,1523958594754535656,1894,317.3541259765625,56.32499694824219,ncc_fail,319.53936767578125,59.86880111694336,0.004553668534688667,True,319.4636603620832,59.880204126022264,0.07229504616980087,True,both,0,3,ncc_fail,completed_3_step_check,Unknown,Unknown,-8.639318940347476,8.610010044056567,4.241022790291151,-0.04893716888892674,0.0,13.298782061326005
H02,157,1523958594754535656,1895,220.2253875732422,343.6618347167969,ncc_fail,223.72666931152344,342.4187927246094,0.0006729454672607405,True,223.73153933074286,342.43168918760085,0.01423407367660815,True,both,3,3,completed_3_step_check,completed_3_step_check,Unknown,Unknown,-7.340929058990088,7.320977691401512,3.7368829604367817,-0.03552789699251058,9.970712780422371,9.973396229771158
H02,157,1523958594754535656,1997,323.4078063964844,87.60446166992188,ncc_fail,325.593017578125,90.78731536865234,0.0040189532989594635,True,325.5019974322575,90.84747724770025,0.09735529485549546,True,both,0,0,ncc_fail,ncc_fail,Unknown,Unknown,-8.757419801335988,8.728024774504238,4.271840520453718,-0.0510997378451586,0.0,0.0
H02,157,1523958594754535656,2005,276.173095703125,97.52308654785156,ncc_fail,279.1103515625,99.35667419433594,0.004948796044598812,True,279.1905751325836,99.67586956376944,0.18539288693316658,True,both,3,3,completed_3_step_check,completed_3_step_check,Unknown,Unknown,-7.946343414341623,7.925625991825278,3.882561409238108,-0.05291780882560447,9.956999362940072,9.945348933906175
H02,157,1523958594754535656,2013,210.0,4.0,ncc_fail,213.33175659179688,7.092244625091553,0.18521964737897031,False,213.3170623779297,7.186368465423584,0.02940455941325114,False,neither,0,0,not_accepted,not_accepted,Unknown,Unknown,-6.97244119644165,6.9368977546691895,3.512769937515259,-0.041963182389736176,,
H02,157,1523958594754535656,2015,298.0,1.0,ncc_fail,300.33319091796875,4.9567975997924805,0.04815691267551276,False,300.21883058547974,4.818371772766113,0.07696963927272113,False,neither,0,0,not_accepted,not_accepted,Unknown,Unknown,-6.671048164367676,6.647563934326172,3.3362503051757812,-0.040415626019239426,,
H02,158,1523958594803636381,970,631.40380859375,293.3404235839844,border_fail,632.3175659179688,292.625,0.011994029410001456,False,632.3149127292442,292.69466606551765,0.051444139573574646,False,neither,0,0,not_accepted,not_accepted,Unknown,Unknown,-6.6658340910791125,6.635777322697699,3.4969571956996397,-0.03991769350936081,,
H02,158,1523958594803636381,1140,156.2206268310547,51.3293342590332,ncc_fail,159.75115966796875,53.794517517089844,0.025813935478133567,True,159.73621298005668,53.87516465477403,0.09805824404107755,True,both,0,0,ncc_fail,ncc_fail,Unknown,Unknown,-7.890760734846451,7.862127674450569,3.930892107000212,-0.05038710529176702,0.0,0.0
H02,158,1523958594803636381,1766,245.42660522460938,50.940330505371094,ncc_fail,248.49697875976562,54.28134536743164,0.004040900728888695,True,248.45435329535863,54.43951461111806,0.0010547943954145834,True,both,3,3,completed_3_step_check,completed_3_step_check,Unknown,Unknown,-8.422421402132144,8.390016012079318,4.1611087246836735,-0.04747889139069897,14.221956742256653,14.206315064581643
H02,158,1523958594803636381,1973,336.67938232421875,136.50302124023438,ncc_fail,338.3666687011719,139.1969757080078,0.004559391537035627,True,338.24606307204743,139.25111416144065,0.05997854996628813,True,both,3,1,completed_3_step_check,ncc_fail,Unknown,Unknown,-8.886692808883566,8.83479816278296,4.281324908014564,-0.05449356164126277,9.552225361853065,3.168851362816951
H02,158,1523958594803636381,1974,30.55276870727539,195.5828094482422,ncc_fail,35.3670768737793,196.1531524658203,0.012676330850769612,True,35.401426399029624,196.2453992896155,0.16645403807544445,True,both,3,3,completed_3_step_check,completed_3_step_check,Unknown,Unknown,-7.160021722054747,7.13491746754573,3.524524962802583,-0.061777406899714574,14.323204585850124,14.318387174117678
H02,158,1523958594803636381,2001,185.68820190429688,353.6996154785156,ncc_fail,189.4066162109375,352.4923095703125,0.0009996545015966308,True,189.3006125707203,352.47013528951146,0.0272579027213258,True,both,3,3,completed_3_step_check,completed_3_step_check,Unknown,Unknown,-7.150165054375128,7.120032918746867,3.647534356214683,-0.03807450712613915,10.051873352958498,10.028073854513456
H02,158,1523958594803636381,2009,330.81976318359375,8.944503784179688,fb_fail,332.3952941894531,13.277840614318848,0.49734997446904694,True,332.36015728251704,13.21599707136072,0.11728192563707651,True,both,3,3,completed_3_step_check,completed_3_step_check,Unknown,Unknown,-7.237165613231013,7.206676028514957,3.5577852344987146,-0.046967576427531646,14.973778671802561,14.9491781821873
H02,158,1523958594803636381,2016,357.0,2.0,ncc_fail,358.24462890625,5.72873592376709,0.42595102925368655,False,358.21898317337036,5.590264081954956,0.3343751089611925,False,neither,0,0,not_accepted,not_accepted,Unknown,Unknown,-6.266836166381836,6.257596969604492,2.9449007511138916,-0.0522419810295105,,
H02,158,1523958594803636381,2017,213.0,4.0,ncc_fail,216.1555633544922,7.342245578765869,0.4145330536492525,False,216.11920166015625,7.374711036682129,0.08447500238241204,False,neither,0,0,not_accepted,not_accepted,Unknown,Unknown,-6.908145427703857,6.880240440368652,3.4622907638549805,-0.039976999163627625,,
H02,158,1523958594803636381,2018,3.0,218.0,ncc_fail,8.183454513549805,218.58697509765625,0.34699607088216955,True,8.054827690124512,218.59182739257812,0.15850563987195368,True,both,3,3,completed_3_step_check,completed_3_step_check,Unknown,Unknown,-5.339280128479004,5.339512825012207,2.776390552520752,-0.05200432613492012,15.368292430412255,15.386659778688188
H02,159,1523958594854997717,1719,452.99334716796875,357.9272766113281,ncc_fail,452.124267578125,356.42816162109375,0.1325836910423652,True,451.7093957845929,356.35075897868325,0.17262888184097946,True,both,3,3,completed_3_step_check,completed_3_step_check,Unknown,Unknown,-7.256146366070964,7.215976953850698,3.3336962816071103,-0.08063412779761416,6.116439044666285,6.20734773016417
H02,159,1523958594854997717,1781,292.5035400390625,47.662113189697266,ncc_fail,294.461181640625,52.04859924316406,0.005591097037783976,True,294.4514969223661,51.827155498453415,0.0695657686039859,True,both,3,3,completed_3_step_check,completed_3_step_check,Unknown,Unknown,-8.303613424885818,8.275500534331947,4.08787041726069,-0.04453223259454827,14.958267669566435,15.03101541993597
H02,159,1523958594854997717,1802,433.38311767578125,46.55355453491211,ncc_fail,433.58709716796875,49.3780517578125,0.0023525550720205333,True,433.57745201863514,49.22268827001177,0.04834428769864541,True,both,3,3,completed_3_step_check,completed_3_step_check,Unknown,Unknown,-8.198017804819614,8.16021169061337,3.8899682423289237,-0.052484310985618954,9.92617220766811,9.880257574997815
H02,159,1523958594854997717,2003,254.6602020263672,80.4776611328125,ncc_fail,257.5093994140625,83.5914535522461,0.003618907414522581,True,257.4722642201916,83.64053439123897,0.06852699445532642,True,both,3,3,completed_3_step_check,completed_3_step_check,Unknown,Unknown,-7.896379067073794,7.877755578357357,3.939361113828149,-0.05068480457861394,12.225930062061193,12.237065994848711
H02,159,1523958594854997717,2024,340.0,1.0,ncc_fail,341.1900634765625,5.210849761962891,0.033794499369259205,False,341.1126296520233,5.310965538024902,0.34387093761053117,False,neither,0,0,not_accepted,not_accepted,Unknown,Unknown,-6.045360565185547,6.02200984954834,2.9179327487945557,-0.052378710359334946,,
H02,159,1523958594854997717,2025,216.0,8.0,fb_fail,218.92636108398438,11.699956893920898,19.94809255501633,False,218.9678168296814,11.54496145248413,0.09702405992065961,True,S_only,0,3,not_accepted,completed_3_step_check,Unknown,Unknown,-6.795336723327637,6.766009330749512,3.410505771636963,-0.04520832747220993,,13.682638317673064
H02,159,1523958594854997717,2031,4.0,302.0,ncc_fail,8.15056037902832,301.556640625,0.15298733252497632,True,8.416855335235596,301.5283501446247,0.031259421579872736,True,both,3,3,completed_3_step_check,completed_3_step_check,Unknown,Unknown,-5.379062175750732,5.34601354598999,2.934513807296753,-0.03555275499820709,11.457975636602281,11.458210732677697
H02,160,1523958594903818678,42,395.55029296875,461.0407409667969,ncc_fail,396.3553466796875,459.03228759765625,0.004856515644177108,True,396.7058398862536,459.1400268711406,0.16057063396880417,True,both,3,0,completed_3_step_check,ncc_fail,Unknown,Unknown,-8.230033402669491,8.208102180902728,3.7834370241952406,-0.0647036456780663,5.760528115001859,0.0
H02,160,1523958594903818678,1362,627.3892822265625,91.38094329833984,ncc_fail,627.5407104492188,91.59270477294922,0.0018173339484613554,True,627.5174454973317,91.74995854019544,0.03934664694607512,True,both,3,3,completed_3_step_check,completed_3_step_check,Unknown,Unknown,-6.5956603317464895,6.569941824817916,3.4593675236545356,-0.036177228773619494,2.3367751443786933,2.3469886126441817
H02,160,1523958594903818678,1710,396.29571533203125,285.515869140625,ncc_fail,396.6976013183594,285.3289489746094,0.0058098928900938785,True,396.59580240076684,285.2883256757682,0.07029904856984108,True,both,3,3,completed_3_step_check,completed_3_step_check,Unknown,Unknown,-6.734263092724994,6.71313587365001,3.4648566309978506,-0.041173386858203265,1.3052683161318694,1.305715278511974
H02,160,1523958594903818678,1768,368.44708251953125,76.26421356201172,ncc_fail,368.5925598144531,80.51964569091797,0.004332911760934792,True,368.7606645898416,80.31888530884464,0.1753442945405394,True,both,0,3,ncc_fail,completed_3_step_check,Unknown,Unknown,-8.773617946116287,8.733818865262176,4.092823356676325,-0.062360766665414284,0.0,14.100611846648915
H02,160,1523958594903818678,1773,186.32028198242188,191.6005859375,ncc_fail,189.61587524414062,192.34999084472656,0.0013002243281721609,True,189.52191196700133,192.319963337209,0.07996811155747033,True,both,3,3,completed_3_step_check,completed_3_step_check,Unknown,Unknown,-7.104264203143359,7.08073120649739,3.6407075049036663,-0.0392567200861057,8.590614339279862,8.596144656164995
H02,160,1523958594903818678,1798,377.72540283203125,324.44036865234375,ncc_fail,378.3039855957031,323.5906066894531,0.005988447800402339,True,378.23739081005084,323.5292419967627,0.07485609843606238,True,both,3,3,completed_3_step_check,completed_3_step_check,Unknown,Unknown,-7.980600188907399,7.93355726833866,3.987766819986386,-0.04660456547901909,2.573889001412098,2.576323931498111
H02,160,1523958594903818678,1883,518.5789794921875,82.22721099853516,ncc_fail,517.4430541992188,84.52924346923828,0.0024935984795233486,True,517.537124938413,84.63021569430458,0.0475782062585812,True,both,3,3,completed_3_step_check,completed_3_step_check,Unknown,Unknown,-7.181132903758002,7.163173539418644,3.5187146461442635,-0.04841824872383588,10.13369111057824,10.127573709153115
H02,160,1523958594903818678,2032,284.4308166503906,103.32365417480469,ncc_fail,286.4977722167969,105.93269348144531,0.018955790741175378,True,286.5818704489096,106.44806131514181,0.029616345000714858,True,both,1,3,ncc_fail,completed_3_step_check,Unknown,Unknown,-7.909257456200489,7.917496656564911,3.766978617691442,-0.06141217137263584,3.1500219105971303,9.328576866084891
H02,160,1523958594903818678,2036,160.0,2.0,ncc_fail,163.00149536132812,5.078014373779297,0.06209423739921618,False,163.04509735107422,5.195159435272217,0.1801108683272443,False,neither,0,0,not_accepted,not_accepted,Unknown,Unknown,-5.779665946960449,5.767068386077881,3.0507495403289795,-0.04830172657966614,,
H02,160,1523958594903818678,2038,105.0,4.0,ncc_fail,108.29305267333984,6.885714530944824,0.4497372263564462,False,108.30948305130005,6.791847229003906,0.10399964771039898,False,neither,0,0,not_accepted,not_accepted,Unknown,Unknown,-6.118991374969482,6.100729465484619,3.1554970741271973,-0.045075543224811554,,
H02,161,1523958594953710476,1298,444.4168701171875,112.19071197509766,ncc_fail,443.7557067871094,114.55966186523438,0.005342515865665185,True,443.7863370358591,114.38829140201176,0.14697914262138068,True,both,3,2,completed_3_step_check,ncc_fail,Unknown,Unknown,-8.049558259501508,8.0306490990671,3.838618164190771,-0.05207975467666876,9.198407275485046,5.833753576271109
H02,161,1523958594953710476,1533,425.5024719238281,110.39663696289062,ncc_fail,425.0656433105469,112.69499206542969,0.01596641073430788,True,425.6632665863869,112.11602448365797,0.12696404715896772,True,both,3,1,completed_3_step_check,ncc_fail,Unknown,Unknown,-7.808208969088715,7.791644941669592,3.6536677941150177,-0.06445124783115941,8.957806991268132,2.6878959557938917
H02,161,1523958594953710476,1577,198.48435974121094,294.4844665527344,ncc_fail,201.493896484375,294.21331787109375,0.0021977424104292855,True,201.36004595859788,294.185943548198,0.026958511550089978,True,both,3,3,completed_3_step_check,completed_3_step_check,Unknown,Unknown,-7.492129024774601,7.462991853602259,3.786358950235378,-0.0360420141442393,7.094806046920164,7.097571228553968
H02,161,1523958594953710476,1801,448.832763671875,199.6352081298828,ncc_fail,447.8134460449219,200.88575744628906,0.037859810879198014,True,448.2666570050394,200.8330206418497,0.7341636594902556,True,both,1,1,ncc_fail,ncc_fail,Unknown,Unknown,-6.351707227137942,6.351826130630194,2.750937503724387,-0.09105347490277027,1.7716223743552941,1.7651986767305299
H02,161,1523958594953710476,1840,341.0438537597656,87.14996337890625,ncc_fail,341.38336181640625,91.49964141845703,0.012280481613548498,True,341.4492251693288,91.77234103243522,0.02909878221819347,True,both,3,3,completed_3_step_check,completed_3_step_check,Unknown,Unknown,-9.061511395601777,9.021987797471581,4.284482498785443,-0.06105977100187844,13.871970217861696,13.856911324320544
H02,161,1523958594953710476,2034,340.8856506347656,10.387210845947266,ncc_fail,341.43768310546875,14.91403865814209,0.13440282634787684,True,341.4872117790296,14.796643725461909,0.42350487937120546,True,both,3,3,completed_3_step_check,completed_3_step_check,Unknown,Unknown,-7.300133991545727,7.28529868898187,3.466998519706511,-0.05664555810607082,13.679664364628865,13.671734419576739
H02,161,1523958594953710476,2041,106.0,4.0,ncc_fail,109.1177749633789,7.139337062835693,0.09231548810282066,False,108.9580705165863,6.933244705200195,0.07136289772590644,False,neither,0,0,not_accepted,not_accepted,Unknown,Unknown,-6.092787265777588,6.0728254318237305,3.051427125930786,-0.042607881128787994,,
H02,161,1523958594953710476,2046,281.0,2.0,ncc_fail,282.511962890625,6.40716552734375,0.33301717618731086,False,282.61595380306244,6.287973880767822,0.19208966775145375,False,neither,0,0,not_accepted,not_accepted,Unknown,Unknown,-6.353496074676514,6.3231096267700195,3.1710667610168457,-0.04020949453115463,,
H02,162,1523958595004467694,1282,383.2886047363281,67.83136749267578,ncc_fail,382.5352783203125,72.35391235351562,0.007068167731297767,True,382.76535870576515,71.81629328928815,0.028917967458150638,True,both,0,3,ncc_fail,completed_3_step_check,Unknown,Unknown,-7.0499378149855865,7.039207544201982,3.2265729168185913,-0.08852301858371897,0.0,14.618720462520276
H02,162,1523958595004467694,1339,597.3522338867188,166.24327087402344,ncc_fail,596.699951171875,166.5248565673828,0.007582881285329693,True,596.7409196509109,166.56013488428306,0.07325971239187665,True,both,3,3,completed_3_step_check,completed_3_step_check,Unknown,Unknown,-7.583075491835288,7.54862172600164,3.807365630606091,-0.040536020470590364,4.350245251572533,4.354653330186034
H02,162,1523958595004467694,1414,217.64471435546875,119.49423217773438,ncc_fail,220.04452514648438,121.70588684082031,0.011093265579957054,True,219.95442965358575,121.64331288341117,0.021232852952630558,True,both,3,3,completed_3_step_check,completed_3_step_check,Unknown,Unknown,-7.338477112147057,7.314577578963686,3.696208387637032,-0.04818657607594288,8.609024936994887,8.61868048300379
H02,162,1523958595004467694,1487,358.6662292480469,185.04299926757812,ncc_fail,358.38812255859375,187.5099639892578,0.004671308248647729,True,358.47874836210895,187.42709891619145,0.043644489749867114,True,both,3,3,completed_3_step_check,completed_3_step_check,Unknown,Unknown,-7.8064068099349315,7.790380062021682,3.8590716169084414,-0.04789727378335146,8.476308767195238,8.479753345709108
H02,162,1523958595004467694,1614,521.8946533203125,316.4063415527344,ncc_fail,518.1832275390625,315.68212890625,0.05278282235967199,True,517.9937893474441,315.54741593247775,0.10936186042811388,True,both,3,3,completed_3_step_check,completed_3_step_check,Unknown,Unknown,-6.890897185246059,6.904114282653818,2.845029214950543,-0.06709576243753293,13.733598819707915,13.770553802216321
H02,162,1523958595004467694,1755,343.4866943359375,267.2311706542969,ncc_fail,343.70623779296875,267.57452392578125,0.005958356866145401,True,343.78092151050816,267.6012889756546,0.026724337770931438,True,both,3,3,completed_3_step_check,completed_3_step_check,Unknown,Unknown,-6.903769279762663,6.878941693013353,3.48289072587181,-0.051984159431052376,2.1223590955402045,2.139617481928937
H02,162,1523958595004467694,1867,376.6963806152344,359.3407897949219,ncc_fail,376.3585510253906,357.8210754394531,0.0033009807819799706,True,376.5166460591687,357.9034934145621,0.1580622819095818,True,both,0,2,ncc_fail,ncc_fail,Unknown,Unknown,-7.958059714281362,7.913206162686604,3.9656845897755755,-0.05464606795944024,0.0,3.4508028133994633
H02,162,1523958595004467694,1944,317.9661865234375,59.48810958862305,ncc_fail,318.447998046875,64.52452087402344,0.005991406806722434,True,318.3259599195002,64.50831128961264,0.11799781464100689,True,both,3,3,completed_3_step_check,completed_3_step_check,Unknown,Unknown,-8.201027571712535,8.173398765397108,3.9747388721494947,-0.053539900726086026,15.70332437654537,15.695109167617066
H02,162,1523958595004467694,1981,254.60789489746094,38.83306121826172,ncc_fail,256.3468017578125,43.858070373535156,0.002776095973999875,True,256.31489638096815,43.8096760480557,0.015092092479407956,True,both,0,0,ncc_fail,ncc_fail,Unknown,Unknown,-8.49552156508759,8.478691579472653,4.039028111700452,-0.0522888068531289,0.0,0.0
H02,162,1523958595004467694,1993,465.1811218261719,81.57791137695312,ncc_fail,463.6521911621094,84.46917724609375,0.004665198521626826,True,463.7939755796336,84.36690104725055,0.15751435073652859,True,both,0,3,ncc_fail,completed_3_step_check,Unknown,Unknown,-6.868387204530105,6.840147740471689,3.4952160322180132,-0.03769153285352687,0.0,11.722850822036527
H02,162,1523958595004467694,2054,302.0,1.0,fb_fail,302.843994140625,5.167655944824219,6.733043349437919,False,302.9694358110428,5.2144293785095215,0.23746536512409747,False,neither,0,0,not_accepted,not_accepted,Unknown,Unknown,-6.505231857299805,6.492824554443359,3.0787036418914795,-0.05170530453324318,,
H02,162,1523958595004467694,2056,284.0,4.0,ncc_fail,285.03277587890625,8.295171737670898,0.5725947925816888,True,285.2225444316864,8.289499282836914,0.3170354078726154,True,both,3,3,completed_3_step_check,completed_3_step_check,Unknown,Unknown,-6.524201393127441,6.507253646850586,3.0917775630950928,-0.05215734988451004,13.61141737941725,13.61421704479511
H02,163,1523958595053746393,1098,478.2098388671875,406.35565185546875,ncc_fail,474.91717529296875,405.11676025390625,0.030470315575114145,True,474.9898060907706,404.171379720155,0.2682473896810507,True,both,3,1,completed_3_step_check,ncc_fail,Unknown,Unknown,-7.8914528901447305,7.878504304240778,3.0582183155093414,-0.08781662404348678,11.892402980067306,3.75531306977582
H02,163,1523958595053746393,1241,514.760009765625,332.8683166503906,fb_fail,510.9776916503906,331.7100524902344,0.023740027900278092,True,512.4486944985874,332.0514135007045,1.2675873304408691,False,C_only,0,0,fb_fail,not_accepted,Unknown,Unknown,-5.995255069898313,5.9863165337391635,2.5184298352469483,-0.09277538567976756,0.0,
H02,163,1523958595053746393,1686,536.7627563476562,273.86468505859375,ncc_fail,532.5779418945312,274.1090393066406,0.11687129593655773,True,535.510533313951,273.7130430251381,0.39203798953917696,True,both,0,0,ncc_fail,ncc_fail,Unknown,Unknown,-6.733547175240425,6.721302442324424,2.960678116757003,-0.06818414023349079,0.0,0.0
H02,163,1523958595053746393,1732,565.4957275390625,211.24497985839844,ncc_fail,564.5515747070312,211.41302490234375,0.0033486350396861727,True,564.6149753229249,211.43240957065075,0.03752194981619315,True,both,3,3,completed_3_step_check,completed_3_step_check,Unknown,Unknown,-7.498564914145076,7.477759967478012,3.781161359821811,-0.046183013548149514,5.077595652720412,5.078554606237529
H02,163,1523958595053746393,1741,419.47705078125,344.4413146972656,ncc_fail,418.62274169921875,343.4194030761719,0.0036166870973965105,True,418.581461007413,343.2607946937524,0.0497528619351747,True,both,3,3,completed_3_step_check,completed_3_step_check,Unknown,Unknown,-7.885888297958836,7.868647072176863,3.6768736788091907,-0.10235674693158026,5.149266046519679,5.1717536272193305
H02,163,1523958595053746393,1821,200.32467651367188,213.54762268066406,ncc_fail,202.65347290039062,214.42428588867188,0.0007506331711577664,True,202.51927714172885,214.4219263838397,0.04277921260451446,True,both,3,3,completed_3_step_check,completed_3_step_check,Unknown,Unknown,-7.474473547563043,7.4551344393280985,3.7879519199887346,-0.037220263777585694,6.425884281454964,6.413722315135992
H02,163,1523958595053746393,1931,356.24334716796875,257.8259582519531,ncc_fail,355.750244140625,258.42767333984375,0.006370284023787341,True,355.8841750022356,258.4248560045462,0.03510553596118896,True,both,3,3,completed_3_step_check,completed_3_step_check,Unknown,Unknown,-6.883416908714242,6.8519196304111825,3.4995669912774843,-0.0460931992247641,4.051465740190426,4.089641670648416
H02,163,1523958595053746393,1934,364.4522705078125,125.2093276977539,ncc_fail,363.54541015625,129.16574096679688,0.006598592716562109,True,363.45679797624274,129.14409845054567,0.04206253975853323,True,both,3,3,completed_3_step_check,completed_3_step_check,Unknown,Unknown,-8.996001084113061,8.966061478341793,4.169945076373629,-0.07027845623945256,13.100296726732939,13.110773037564796
H02,163,1523958595053746393,2010,358.68365478515625,215.8073272705078,ncc_fail,358.0914001464844,217.4229278564453,0.002309073783938836,True,358.1599919727743,217.449956122996,0.08297018545169828,True,both,3,3,completed_3_step_check,completed_3_step_check,Unknown,Unknown,-6.978651918400688,6.944723371955642,3.556072149516825,-0.04737448692675689,6.643073426021777,6.639293187716796
H02,163,1523958595053746393,2065,531.0,294.0,ncc_fail,526.7451171875,294.11566162109375,0.055757051730220664,True,529.5396845340729,293.6992915868759,0.0848409666035257,True,both,1,0,ncc_fail,ncc_fail,Unknown,Unknown,-5.911082744598389,5.884668350219727,2.5768275260925293,-0.0663873478770256,4.486454430576246,0.0
H02,163,1523958595053746393,2068,268.0,3.0,ncc_fail,268.80914306640625,7.382328510284424,0.8980467848193094,False,269.1751606464386,7.147857189178467,0.22473955821328656,False,neither,0,0,not_accepted,not_accepted,Unknown,Unknown,-6.378303527832031,6.351962089538574,3.0184078216552734,-0.0505756139755249,,
H02,164,1523958595104926120,1294,627.7496948242188,39.45011901855469,ncc_fail,622.844970703125,43.343994140625,0.49655914652445554,True,625.6333593394892,41.12332381457145,0.38546996991814303,True,both,2,3,fb_fail,completed_3_step_check,Unknown,Unknown,-5.209631490261815,5.126285193146986,2.5364671718724123,-0.1095925044375598,15.105902992723973,23.588204290053742
H02,164,1523958595104926120,1396,405.510498046875,381.1741638183594,ncc_fail,404.8231201171875,379.7825012207031,0.05487842101043395,True,404.34223384187777,379.2217154933993,0.09901012090373862,True,both,3,3,completed_3_step_check,completed_3_step_check,Unknown,Unknown,-8.563594232078714,8.563608759262003,3.8912226799990766,-0.0808645109096004,3.2216264836548407,3.2527529267978195
H02,164,1523958595104926120,1446,610.0371704101562,20.675548553466797,fb_fail,604.862548828125,25.461687088012695,0.34797923081496634,True,607.1881161658495,22.773959205375842,2.4645246349956818,False,C_only,0,0,fb_fail,not_accepted,Unknown,Unknown,-4.647871798043343,4.587482763776281,2.2438639735573753,-0.1243274994173205,0.0,
H02,164,1523958595104926120,1831,214.64610290527344,54.78192901611328,ncc_fail,216.4445343017578,59.41020202636719,0.008694411445351066,True,216.35884359633437,59.486188030204886,0.06540141602080833,True,both,3,3,completed_3_step_check,completed_3_step_check,Unknown,Unknown,-8.264729157870805,8.238419132184829,4.015142621217246,-0.056009248502604386,15.213631842585885,15.221200270844475
H02,164,1523958595104926120,1901,460.427734375,309.5210266113281,ncc_fail,457.67376708984375,308.8619384765625,0.03634275838986666,True,456.89784917744646,308.8469327999265,0.6709018224472217,True,both,3,3,completed_3_step_check,completed_3_step_check,Unknown,Unknown,-7.251951694661386,7.20779535520856,3.2960947026924288,-0.08963476469357312,12.05458218408151,11.648643218784542
H02,164,1523958595104926120,1902,379.8695373535156,253.50244140625,ncc_fail,378.5654602050781,254.35450744628906,0.0032008924496128473,True,378.590108842174,254.44729529444032,0.09908441871217945,True,both,3,3,completed_3_step_check,completed_3_step_check,Unknown,Unknown,-6.768140445660443,6.743322808862672,3.4709560501334096,-0.04258502385831098,6.541729016942788,6.534969719650779
H02,164,1523958595104926120,1919,315.1907958984375,396.48345947265625,ncc_fail,315.5403747558594,394.6865539550781,0.008847466439406875,True,315.8908185870661,395.19711464611976,0.39986858126946623,True,both,2,3,ncc_fail,completed_3_step_check,Unknown,Unknown,-6.738181558383744,6.715839415470558,3.3171136089864337,-0.05167291102535232,3.2366320470793735,4.756821630059357
H02,164,1523958595104926120,2002,364.6625061035156,109.56102752685547,ncc_fail,363.3116149902344,114.01057434082031,0.006898192070032855,True,363.3594652181854,113.9100247290321,0.11704722760085608,True,both,0,0,ncc_fail,ncc_fail,Unknown,Unknown,-8.991258096784135,8.955360460923398,4.149550957765415,-0.07003721695679149,0.0,0.0
H02,164,1523958595104926120,2070,146.9062957763672,240.5299835205078,ncc_fail,149.53659057617188,241.2805633544922,0.002212997912022398,True,149.53362749726224,241.29042389447258,0.0106192577871665,True,both,3,3,completed_3_step_check,completed_3_step_check,Unknown,Unknown,-7.520423297863936,7.501626721292775,3.794963739458737,-0.040019580677657735,6.992471336901902,6.991664539802583
H02,164,1523958595104926120,2072,311.0,1.0,ncc_fail,311.0064392089844,5.515811920166016,0.2596221154379991,False,311.3249701857567,4.675384521484375,0.10998905619849929,False,neither,0,0,not_accepted,not_accepted,Unknown,Unknown,-6.842506408691406,6.825422286987305,3.238769054412842,-0.051623448729515076,,
H02,164,1523958595104926120,2074,129.0,1.0,ncc_fail,131.3309326171875,4.716458320617676,0.338816806150814,False,131.15966176986694,4.511385440826416,0.17079503775898167,False,neither,0,0,not_accepted,not_accepted,Unknown,Unknown,-6.329525947570801,6.291072368621826,3.1581335067749023,-0.05204299837350845,,
H02,165,1523958595153785400,1283,162.4847869873047,283.3866882324219,ncc_fail,164.70558166503906,283.6527099609375,0.004008649714437409,True,164.6258841998464,283.73663593043506,0.037242440758247515,True,both,3,1,completed_3_step_check,ncc_fail,Unknown,Unknown,-7.59353800215313,7.577002736512306,3.8409935916320688,-0.03796641358075314,5.7345387589058925,2.1127039453062837
H02,165,1523958595153785400,1463,196.6948699951172,132.86260986328125,ncc_fail,198.19163513183594,135.77767944335938,0.009696837393687452,True,198.37099253366014,135.1880900451062,0.04387693022113388,True,both,3,2,completed_3_step_check,ncc_fail,Unknown,Unknown,-6.7860934117528,6.779851271859943,3.3195037897643385,-0.050914640844593226,9.821538259181146,6.582533460292497
H02,165,1523958595153785400,1758,370.3987731933594,68.3095703125,ncc_fail,368.585693359375,73.50228118896484,0.009596359075219786,True,368.723990418749,73.40446445340207,0.16873821108117557,True,both,0,3,ncc_fail,completed_3_step_check,Unknown,Unknown,-8.534373623463836,8.50236851852344,3.8605955430634253,-0.0688909938110529,0.0,17.935542441609964
H02,165,1523958595153785400,1822,255.42459106445312,230.5313262939453,ncc_fail,256.54254150390625,231.4683380126953,0.0036916179697184673,True,256.4918556881231,231.45739206057362,0.03314920099206996,True,both,0,1,ncc_fail,ncc_fail,Unknown,Unknown,-7.862409284163064,7.832956615867554,3.950197994078867,-0.038260797742760894,0.0,1.2697595017060823
H02,165,1523958595153785400,2022,217.7015380859375,312.57440185546875,ncc_fail,219.34107971191406,312.4338073730469,0.0018785050532852043,True,219.27357061176198,312.49661904716277,0.014306041858140887,True,both,1,1,ncc_fail,ncc_fail,Unknown,Unknown,-7.7668295588666645,7.747749592159586,3.9087448818763573,-0.03847476648604006,1.3479108740059131,1.353562946148617
H02,165,1523958595153785400,2033,243.33258056640625,335.9803161621094,ncc_fail,244.63758850097656,335.5149230957031,0.000213623046875,True,244.60124862709787,335.57711344271405,0.027388261007429752,True,both,3,3,completed_3_step_check,completed_3_step_check,Unknown,Unknown,-7.565497675565389,7.544039472901815,3.831874404365038,-0.03862249951378637,2.6100071547562638,2.595894289052804
H02,165,1523958595153785400,2049,298.66058349609375,76.24971771240234,ncc_fail,298.4815673828125,81.4671859741211,0.005646844706588663,True,298.47195170885686,81.47351643750822,0.04220857925887928,True,both,3,3,completed_3_step_check,completed_3_step_check,Unknown,Unknown,-8.777168598628803,8.749614333741192,4.154471105974935,-0.0550043143948068,16.262685212965305,16.262445393984265
H02,165,1523958595153785400,2071,356.2054443359375,263.6232604980469,ncc_fail,354.9556884765625,264.34710693359375,0.0021021716429802887,True,355.12171327823387,264.3079049423246,0.05369904775154561,True,both,3,3,completed_3_step_check,completed_3_step_check,Unknown,Unknown,-7.341566442554793,7.303895637307102,3.695895739992065,-0.04740220362313899,5.6533803565967835,5.649043681202446
H02,165,1523958595153785400,2087,3.0,221.0,ncc_fail,5.9979248046875,222.09686279296875,0.2678077685235302,False,5.903764009475708,222.0880607366562,0.1362245262598411,False,neither,0,0,not_accepted,not_accepted,Unknown,Unknown,-5.022703647613525,5.0190863609313965,2.548081398010254,-0.07444916665554047,,
H02,165,1523958595153785400,2088,518.0,301.0,ncc_fail,513.259521484375,300.79248046875,0.05849855955909942,True,513.9980959892273,300.5379315316677,0.3446289982144029,True,both,0,0,ncc_fail,ncc_fail,Unknown,Unknown,-5.69826078414917,5.674675941467285,2.332141876220703,-0.0768870934844017,0.0,0.0
H02,165,1523958595153785400,2089,4.0,301.0,ncc_fail,6.985126495361328,301.3538818359375,0.011714424799469632,False,7.14445948600769,301.2499539107084,0.08682120398144105,False,neither,0,0,not_accepted,not_accepted,Unknown,Unknown,-5.05817985534668,5.041114807128906,2.914196014404297,-0.04537908732891083,,
H02,165,1523958595153785400,2090,4.0,242.0,ncc_fail,8.420059204101562,243.17724609375,0.2393803882223482,True,7.756178379058838,242.93547052145004,0.5676191452433134,False,C_only,3,0,completed_3_step_check,not_accepted,Unknown,Unknown,-4.733550071716309,4.759627342224121,2.2961926460266113,-0.09996016323566437,13.491711310193708,
H02,166,1523958595204045559,1546,389.6330261230469,233.7906494140625,ncc_fail,387.4093933105469,235.5050506591797,0.002454389382974219,True,387.4581355169944,235.37740101740172,0.06631651513492873,True,both,3,3,completed_3_step_check,completed_3_step_check,Unknown,Unknown,-6.999761141137759,6.9696501679448435,3.568803096916901,-0.04542031656999933,9.729199331084596,9.73721953764034
H02,166,1523958595204045559,1641,378.5840759277344,107.44316101074219,ncc_fail,376.4242858886719,112.03437805175781,0.005756958312269999,True,376.39976812366973,111.75624898106665,0.7163100166429879,True,both,3,3,completed_3_step_check,completed_3_step_check,Unknown,Unknown,-8.044588415869807,7.9885295740372815,3.745512123980985,-0.09631605885674735,15.92551752678237,16.00604629024255
H02,166,1523958595204045559,1880,235.47886657714844,315.586669921875,ncc_fail,236.65908813476562,315.5075988769531,0.0021373201043570714,True,236.58094231398618,315.53237079123534,0.016675594281739283,True,both,3,3,completed_3_step_check,completed_3_step_check,Unknown,Unknown,-7.332465406477727,7.319502978105575,3.737812836358917,-0.03903157976078392,2.0647332536895076,2.061780539946164
H02,166,1523958595204045559,1950,267.6405944824219,267.6716613769531,ncc_fail,268.38232421875,268.2859802246094,0.0011937016122807583,True,268.28840786532095,268.15389202364497,0.008268930705632171,True,both,3,2,completed_3_step_check,ncc_fail,Unknown,Unknown,-7.555648064198318,7.527207351531835,3.8237700931534007,-0.03739998480705188,2.358312850883983,1.540791265005561
H02,166,1523958595204045559,2086,218.46923828125,60.749942779541016,ncc_fail,219.62672424316406,65.66610717773438,0.005908542467649707,True,219.45554091805207,65.90879541192247,0.0048882465036337915,True,both,1,3,ncc_fail,completed_3_step_check,Unknown,Unknown,-8.840431246933832,8.809172606570575,4.241530987133228,-0.05010650772207522,5.140604981247388,15.542121332752515
H02,166,1523958595204045559,2094,518.0,300.0,ncc_fail,512.9887084960938,299.8269958496094,0.0669646695954809,True,516.0030424594879,299.82228764891624,0.27596061697355795,True,both,3,3,completed_3_step_check,completed_3_step_check,Unknown,Unknown,-5.7480268478393555,5.734958648681641,2.5733137130737305,-0.09574012458324432,7.531949816844634,6.726097989532692
H02,167,1523958595254239080,1714,249.63406372070312,353.8118896484375,ncc_fail,250.47274780273438,353.4461364746094,0.0020691278055034092,True,250.37645822664214,353.4465996435931,0.01651157603151994,True,both,3,3,completed_3_step_check,completed_3_step_check,Unknown,Unknown,-6.9324579098883685,6.904880022113465,3.5786320548042543,-0.03769838056524255,1.2442668427082269,1.2488741610244194
H02,167,1523958595254239080,2000,394.5433044433594,330.34515380859375,ncc_fail,392.4992370605469,329.6979064941406,0.0031517434192599963,True,392.3097074108538,329.7714135432539,0.19269535662825446,True,both,3,3,completed_3_step_check,completed_3_step_check,Unknown,Unknown,-8.106124557249824,8.06699884218571,3.9105782535893105,-0.08623821697465225,7.379047870160458,7.433264901608954
H02,167,1523958595254239080,2008,442.42572021484375,234.82626342773438,ncc_fail,438.6461181640625,236.44627380371094,0.005091156195282859,True,438.8254543351658,236.3192960730667,0.23427459932505423,True,both,3,3,completed_3_step_check,completed_3_step_check,Unknown,Unknown,-6.875919752680362,6.864074047930609,3.3819718259940097,-0.07035620740601756,13.346736833216358,13.366576607800432
H02,167,1523958595254239080,2061,260.4871826171875,70.20205688476562,ncc_fail,260.58154296875,75.69064331054688,0.006258559326488628,True,260.4647411590596,75.77151699313067,0.03396923254948098,True,both,1,3,ncc_fail,completed_3_step_check,Unknown,Unknown,-8.637286493680708,8.61594339930982,4.159742514313816,-0.056447947849731075,5.513185262764265,16.584266296264268
H02,167,1523958595254239080,2107,514.0,300.0,ncc_fail,510.2203674316406,299.46185302734375,0.3163274560941528,True,512.0365490913391,299.9061761498451,0.14431442390939073,True,both,3,3,completed_3_step_check,completed_3_step_check,Unknown,Unknown,-5.88470458984375,5.835528373718262,2.580625295639038,-0.08654147386550903,7.440559087925578,7.241644536066289
H02,167,1523958595254239080,2110,93.0,4.0,ncc_fail,94.67623138427734,7.656676292419434,0.09705844685935618,False,94.5165503025055,7.085513353347778,0.07023643831938427,False,neither,0,0,not_accepted,not_accepted,Unknown,Unknown,-6.405271530151367,6.383823394775391,3.1888318061828613,-0.05080786347389221,,
H02,168,1523958595305155130,1448,334.484619140625,147.45962524414062,ncc_fail,332.6502990722656,151.6275634765625,0.005681537931477369,True,332.63733098974996,151.69887773968432,0.08577115591111355,True,both,3,3,completed_3_step_check,completed_3_step_check,Unknown,Unknown,-9.021052747483587,8.976239446067375,4.240783921669209,-0.06337039055370486,14.340879531794256,14.336927667248656
H02,168,1523958595305155130,1731,345.6587829589844,106.44886779785156,ncc_fail,343.4828796386719,111.60111999511719,0.006428574191346644,True,343.4595059894535,111.65330035568674,0.13798076658512418,True,both,3,3,completed_3_step_check,completed_3_step_check,Unknown,Unknown,-9.180930871976612,9.13496505047611,4.227650994515708,-0.06690358043532471,17.516744859282316,17.515307020566574
H02,168,1523958595305155130,2078,560.7534790039062,211.7318572998047,ncc_fail,558.262451171875,212.43875122070312,0.0021198187239761055,True,558.3159066332731,212.39584139790367,0.044719981443560534,True,both,3,3,completed_3_step_check,completed_3_step_check,Unknown,Unknown,-7.640536110350627,7.6212398234550545,3.855468149691344,-0.04154912551371299,9.33889084734149,9.333708846074689
H02,168,1523958595305155130,2109,378.4801330566406,115.46862030029297,ncc_fail,375.72149658203125,120.16063690185547,0.012430744618312076,True,375.8827881855728,119.82214788736026,1.1452314409178406,False,C_only,3,0,completed_3_step_check,not_accepted,Unknown,Unknown,-7.600567664492221,7.559399947428953,3.4246020865750144,-0.1137929800701818,16.44579558838231,
H02,168,1523958595305155130,2111,332.0,4.0,ncc_fail,330.63037109375,9.125056266784668,0.4576380621553695,True,330.9787919521332,8.281532287597656,0.17957169916903482,True,both,3,3,completed_3_step_check,completed_3_step_check,Unknown,Unknown,-6.509313583374023,6.486027717590332,3.2015187740325928,-0.045462466776371,16.67746869485728,16.67232686144392
H02,168,1523958595305155130,2113,301.0,2.0,ncc_fail,299.9678955078125,7.111298084259033,0.06661424449785754,False,300.4307373762131,6.478020668029785,0.2922805330701193,False,neither,0,0,not_accepted,not_accepted,Unknown,Unknown,-6.074891090393066,6.047858238220215,3.0911247730255127,-0.0442122183740139,,
H02,168,1523958595305155130,2116,2.0,436.0,ncc_fail,4.027409553527832,435.8189697265625,0.045606080301361124,False,4.187414169311523,435.70925733447075,0.05235394624247829,False,neither,0,0,not_accepted,not_accepted,Unknown,Unknown,-5.280585289001465,5.266987323760986,2.8334457874298096,-0.03190518543124199,,
H02,169,1523958595355113360,17,390.78045654296875,450.8017883300781,ncc_fail,389.271484375,449.137451171875,0.013295300848872049,True,389.8791120972075,449.65570562152294,0.14533075889908367,True,both,1,0,ncc_fail,ncc_fail,Unknown,Unknown,-7.572746565988508,7.548719973887671,3.424659925189355,-0.05315631162468499,2.197491008855224,0.0
H02,169,1523958595355113360,1036,135.41595458984375,188.49790954589844,ncc_fail,136.7918701171875,190.57130432128906,0.0019763519114614474,True,137.08746271379698,190.7918413106642,0.0749854623521491,True,both,3,3,completed_3_step_check,completed_3_step_check,Unknown,Unknown,-7.441393283663797,7.419082796550215,3.753832411944801,-0.0420104081152285,7.5633668197867285,7.5505011182384845
H02,169,1523958595355113360,1215,600.169921875,72.9710922241211,fb_fail,595.6292724609375,78.54059600830078,0.10902884000973553,True,597.2298221410091,74.69397196344832,0.11225413297692229,True,both,3,0,completed_3_step_check,ncc_fail,Unknown,Unknown,-6.384493318408808,6.335727505538692,2.964793846114077,-0.09790871618243946,21.180010926997895,0.0
H02,169,1523958595355113360,1494,574.4755249023438,229.2058868408203,ncc_fail,571.7334594726562,229.671630859375,0.004343906845718979,True,571.6072960582,229.8136426471268,0.08063134070831349,True,both,3,3,completed_3_step_check,completed_3_step_check,Unknown,Unknown,-8.088468991977187,8.050163389453315,4.030923965412768,-0.04488147135649445,9.762056368387059,9.777022974661168
H02,169,1523958595355113360,1570,377.25811767578125,137.65475463867188,ncc_fail,374.47540283203125,141.73379516601562,0.01842058812403674,True,374.60003187746156,141.46065889336674,0.12368898360190984,True,both,0,3,ncc_fail,completed_3_step_check,Unknown,Unknown,-7.659016324836245,7.600260409874563,3.5608103621666376,-0.08214180624694882,0.0,14.913639755675572
H02,169,1523958595355113360,1631,559.7273559570312,315.5290222167969,ncc_fail,557.2962646484375,315.44854736328125,0.0029303232139057138,True,557.2294190602863,315.4558920418955,0.054154924219089524,True,both,3,3,completed_3_step_check,completed_3_step_check,Unknown,Unknown,-7.879435488095766,7.862943113324774,3.949488619625783,-0.041370553570340106,8.741235099542163,8.73612725545646
H02,169,1523958595355113360,1850,180.3409881591797,250.8009033203125,ncc_fail,181.5291290283203,252.1171112060547,0.002370176738152783,True,181.45952223850108,252.05127730644693,0.04720441326842006,True,both,1,3,ncc_fail,completed_3_step_check,Unknown,Unknown,-7.622716723126427,7.601668118041473,3.8478564284730052,-0.03808315810098793,1.7156574371300337,5.097537438805815
H02,169,1523958595355113360,1979,170.37799072265625,341.47821044921875,ncc_fail,171.5793914794922,341.5800476074219,0.001743846620767776,True,171.59951988135603,341.62998408669233,0.02672962233582184,True,both,3,3,completed_3_step_check,completed_3_step_check,Unknown,Unknown,-7.064536447737781,7.05108625598697,3.6225992509791656,-0.03642528637691357,2.8821404586083257,2.8830332409003203
H02,169,1523958595355113360,1994,340.00506591796875,77.51872253417969,ncc_fail,337.6875,83.36937713623047,0.006984330463320765,True,337.8085522263194,83.18123457803614,0.07649828445824702,True,both,3,3,completed_3_step_check,completed_3_step_check,Unknown,Unknown,-9.312560650931234,9.279454978606685,4.313294934462739,-0.05851377328574078,19.357831548910546,19.30457036682403
H02,169,1523958595355113360,2053,213.6760711669922,294.7725830078125,ncc_fail,214.47190856933594,295.4503173828125,0.001270150987039597,True,214.41830236556206,295.37631801526214,0.020187495603973652,True,both,3,3,completed_3_step_check,completed_3_step_check,Unknown,Unknown,-7.421326105319298,7.391582225105104,3.765663368408856,-0.03868285376630481,2.6181432790048693,2.6180591312902575
H02,169,1523958595355113360,2069,435.16790771484375,204.775634765625,ncc_fail,431.9006652832031,206.64962768554688,0.026765655843802704,True,432.50242886933756,206.33384285084375,0.037270610216965094,True,both,3,2,completed_3_step_check,ncc_fail,Unknown,Unknown,-6.985419111745628,6.981441522160814,2.9133892830079695,-0.08481677597102888,10.777187056664438,6.944348602685313
H02,169,1523958595355113360,2085,368.04498291015625,257.26385498046875,ncc_fail,365.5078125,258.44354248046875,0.012578166997140467,True,365.57235706050534,258.5724230942606,0.026963598804870512,True,both,3,3,completed_3_step_check,completed_3_step_check,Unknown,Unknown,-7.353587757572013,7.315547683425866,3.6499442110573916,-0.04944634041622509,9.602881890755482,9.58024708595176
H02,169,1523958595355113360,2118,368.0,510.0,ncc_fail,367.5498962402344,508.5850524902344,0.06149189761237295,False,367.56303933262825,508.5966229438782,0.18101599777994845,False,neither,0,0,not_accepted,not_accepted,Unknown,Unknown,-6.077251434326172,6.070025444030762,3.119227409362793,-0.030060283839702606,,
H02,170,1523958595403944889,1615,410.4934997558594,208.3675079345703,ncc_fail,406.8348693847656,210.60585021972656,0.003422087503828428,True,406.91649100776124,210.8117960227792,0.16054429962174616,True,both,3,3,completed_3_step_check,completed_3_step_check,Unknown,Unknown,-7.5745356035655576,7.546152807071245,3.574616305820614,-0.08203533107468748,13.892182614488442,13.882925618164927
H02,170,1523958595403944889,1793,350.7942810058594,318.51483154296875,ncc_fail,348.5824279785156,318.3727722167969,0.008022467067017307,True,348.778639084873,318.4333513086162,0.03775477242179789,True,both,3,3,completed_3_step_check,completed_3_step_check,Unknown,Unknown,-7.994836531449865,7.97150416878997,3.9262815624774356,-0.04747693587263175,7.743946499213369,7.714635235396658
H02,170,1523958595403944889,1854,482.3484802246094,256.4804382324219,ncc_fail,476.58624267578125,257.90081787109375,0.00886418766583598,True,476.2612255432834,257.8471659259656,0.10311666562600307,True,both,2,3,ncc_fail,completed_3_step_check,Unknown,Unknown,-8.701014076831113,8.692375575084586,3.3948352887322057,-0.08279858841335243,12.357561468195414,18.644628902020994
H02,170,1523958595403944889,2037,267.5323181152344,114.51666259765625,ncc_fail,267.0404052734375,119.28776550292969,0.0075901088148039265,True,266.89238340635313,119.16063416258518,0.035179185198870255,True,both,3,3,completed_3_step_check,completed_3_step_check,Unknown,Unknown,-8.037178571164375,8.024607441498455,3.8985337921359453,-0.05726618063760264,14.662626684463339,14.665789236106104
H02,170,1523958595403944889,2040,436.8807678222656,220.6380157470703,ncc_fail,432.5989685058594,222.37095642089844,0.017219487681571062,True,433.4553481987588,222.4842265000045,0.3594741732798767,True,both,3,3,completed_3_step_check,completed_3_step_check,Unknown,Unknown,-7.102412775692612,7.050281783494086,3.246314139854396,-0.1067608933837735,15.615522572241776,15.732931292636335
H02,170,1523958595403944889,2066,310.3581848144531,105.02457427978516,ncc_fail,308.60968017578125,110.46167755126953,0.006519200439471296,True,308.51118332453865,110.53983293257721,0.03577123435274019,True,both,2,1,ncc_fail,ncc_fail,Unknown,Unknown,-9.146505267903995,9.111969923367012,4.31223642329458,-0.061800738777841945,11.589013765120558,5.758347769484593
H02,170,1523958595403944889,2095,362.5049133300781,110.47726440429688,ncc_fail,359.5050354003906,115.55147552490234,0.003035118517647268,True,359.60195975209433,115.46258710321354,0.182013374116661,True,both,3,3,completed_3_step_check,completed_3_step_check,Unknown,Unknown,-8.337608345176104,8.285591420559893,3.8439943031248442,-0.0754685435328385,18.45479557256165,18.438814572252245
H02,170,1523958595403944889,2124,396.0,4.0,ncc_fail,393.76324462890625,7.565725326538086,0.17943037499636624,False,393.9778959751129,7.739459753036499,0.11089396687463036,False,neither,0,0,not_accepted,not_accepted,Unknown,Unknown,-5.962592601776123,5.946761131286621,3.2472991943359375,-0.04999510943889618,,
H02,170,1523958595403944889,2126,545.0,4.0,ncc_fail,537.4818725585938,10.899211883544922,0.10236910223236009,True,536.981198310852,10.716024398803711,0.20358806552739717,True,both,3,3,completed_3_step_check,completed_3_step_check,Unknown,Unknown,-5.014235019683838,4.941326141357422,2.4215245246887207,-0.09865450859069824,32.47481867430621,32.441806473927784
H02,170,1523958595403944889,2129,368.0,507.0,ncc_fail,367.4430847167969,505.6302795410156,0.0298646117238971,False,367.3495842218399,505.6963709592819,0.12635686911285146,False,neither,0,0,not_accepted,not_accepted,Unknown,Unknown,-6.414132118225098,6.408214569091797,3.216512441635132,-0.03174706920981407,,
H02,171,1523958595453855447,1957,309.4837951660156,135.16700744628906,ncc_fail,307.5256042480469,139.95370483398438,0.015508515560634659,True,307.59779731791144,140.01989504705804,0.022395171019976335,True,both,3,3,completed_3_step_check,completed_3_step_check,Unknown,Unknown,-8.616395530010852,8.57849908065328,3.9953568470509406,-0.06594698237828092,15.999276748606167,15.971147675503676
H02,171,1523958595453855447,2035,231.58544921875,60.065486907958984,ncc_fail,231.3365478515625,65.26754760742188,0.007656263721220216,True,231.34652837367452,65.50757809362511,0.151964184125973,True,both,3,3,completed_3_step_check,completed_3_step_check,Unknown,Unknown,-8.195562537988739,8.16749917085727,3.8854130126908575,-0.04845886483378189,16.03055743059916,16.030754849341953
H02,171,1523958595453855447,2057,199.44602966308594,203.34442138671875,ncc_fail,199.89901733398438,205.4724884033203,0.0009156544914964293,True,199.92513918982058,205.51545590140358,0.035277561831416546,True,both,3,3,completed_3_step_check,completed_3_step_check,Unknown,Unknown,-7.467646198789694,7.436151265038056,3.7636207895052936,-0.03941281807756902,7.041720946459213,7.037686471952359
H02,171,1523958595453855447,2140,367.0,506.0,border_fail,366.2587585449219,504.77655029296875,0.022378459094296643,False,366.226191341877,504.8174170255661,0.060972923005345354,False,neither,0,0,not_accepted,not_accepted,Unknown,Unknown,-6.511512279510498,6.506516456604004,3.275343894958496,-0.03431522101163864,,
H02,171,1523958595453855447,2144,436.0,212.0,ncc_fail,431.7351379394531,213.66734313964844,0.03440565617106921,True,432.37184143066406,214.17841005325317,0.0805752491873121,True,both,0,0,ncc_fail,ncc_fail,Unknown,Unknown,-7.2332377433776855,7.193025588989258,3.254840135574341,-0.08461178839206696,0.0,0.0
H02,172,1523958595505237515,1285,427.5080871582031,429.1692810058594,ncc_fail,423.50396728515625,426.657470703125,0.015775108511516773,True,423.3975304092013,426.9966144972987,0.1680103075942596,True,both,3,2,completed_3_step_check,ncc_fail,Unknown,Unknown,-9.729440842812437,9.660228335588336,3.946098549345564,-0.11428959260052199,14.590358049610721,9.775845938467944
H02,172,1523958595505237515,1347,136.44418334960938,151.26519775390625,ncc_fail,137.97079467773438,154.58657836914062,0.01973626304287304,True,137.42371609628432,154.74889376719753,0.11610419585516331,True,both,0,0,ncc_fail,ncc_fail,Unknown,Unknown,-7.142144536310662,7.115610220483213,3.5210583801650057,-0.049579978302807616,0.0,0.0
H02,172,1523958595505237515,1917,375.5604248046875,259.9940490722656,ncc_fail,372.28753662109375,261.45477294921875,0.0017182236645824276,True,372.398731643546,261.4561531947273,0.06689460249726054,True,both,0,0,ncc_fail,ncc_fail,Unknown,Unknown,-7.486109028028999,7.462890545445708,3.704801589009443,-0.05037651733240531,0.0,0.0
H02,172,1523958595505237515,2122,545.0055541992188,216.50831604003906,ncc_fail,541.5655517578125,217.49365234375,0.005021973249688528,True,541.5474924378152,217.5394487742496,0.08708126098748804,True,both,3,3,completed_3_step_check,completed_3_step_check,Unknown,Unknown,-7.546283339790337,7.528977819100161,3.8284177837683515,-0.04289959496384285,12.009741239521809,12.024189154100853
H02,172,1523958595505237515,2146,362.3809814453125,353.31768798828125,ncc_fail,359.6214904785156,352.71539306640625,0.005491977139564301,True,359.6950662091345,352.90912894453146,0.04782990203056771,True,both,3,3,completed_3_step_check,completed_3_step_check,Unknown,Unknown,-8.008551531536618,7.952440872058862,3.8440813699264,-0.07032834631387919,9.01506679772055,9.044157669189715
H02,172,1523958595505237515,2151,4.0,463.0,ncc_fail,5.447931289672852,463.2427673339844,0.041041014397064306,False,5.598365783691406,462.9763668719679,0.10169313739487043,False,neither,0,0,not_accepted,not_accepted,Unknown,Unknown,-5.90004301071167,5.876527786254883,3.0433542728424072,-0.03239424526691437,,
H02,173,1523958595553835814,1143,328.8143310546875,241.44606018066406,ncc_fail,326.3038635253906,243.57696533203125,0.004625200486348407,True,326.2350043090447,243.68955771723398,0.04491419813370397,True,both,3,3,completed_3_step_check,completed_3_step_check,Unknown,Unknown,-7.0742985715656515,7.034448706814576,3.525854746055166,-0.048526544573461575,10.57406447559493,10.593719177667845
H02,173,1523958595553835814,1321,193.80816650390625,310.5560607910156,ncc_fail,194.13609313964844,311.4504089355469,0.006309098734293635,True,193.997212999482,311.43695799548556,0.017281601142359306,True,both,3,3,completed_3_step_check,completed_3_step_check,Unknown,Unknown,-7.2451008800847445,7.233249629655344,3.7089743152307935,-0.037200800776644005,2.961243060734083,2.9652379038120915
H02,173,1523958595553835814,1455,427.6017150878906,282.7008972167969,ncc_fail,422.2351379394531,283.6950378417969,0.0014765588871341485,True,423.45204622931607,283.42151565963064,0.6628943654700349,True,both,0,1,ncc_fail,ncc_fail,Unknown,Unknown,-6.672527554656371,6.623574262399714,3.240718198853401,-0.08753742464253858,0.0,5.015881347520431
H02,173,1523958595553835814,1706,347.52313232421875,205.4362030029297,ncc_fail,344.3133239746094,208.6048126220703,0.003267661750849751,True,344.16705364840266,208.81591056140377,0.053057393861358194,True,both,3,3,completed_3_step_check,completed_3_step_check,Unknown,Unknown,-8.932016843620362,8.888943026621414,4.2716110716473885,-0.06368772451287419,13.934275049056497,13.955416768031894
H02,173,1523958595553835814,1820,449.3364562988281,238.51177978515625,ncc_fail,443.8497619628906,240.4791717529297,0.010155936383026906,True,444.20190927580825,240.18098715067575,0.30707099197658977,True,both,3,3,completed_3_step_check,completed_3_step_check,Unknown,Unknown,-7.195667741753768,7.1638554160789445,2.9416605813110435,-0.0901355859097982,17.796935811868543,17.801699752103378
H02,173,1523958595553835814,2083,343.8185119628906,150.78675842285156,ncc_fail,340.43719482421875,155.44862365722656,0.003249405616271895,True,340.40691124090404,155.50876454589965,0.06167189445725906,True,both,2,2,ncc_fail,ncc_fail,Unknown,Unknown,-9.23745540385087,9.199512452718864,4.289776242692138,-0.0667769857805044,11.360619777222484,11.361587861256863
H02,173,1523958595553835814,2136,162.24942016601562,251.6595001220703,ncc_fail,162.87185668945312,253.46011352539062,0.0009997709503711649,True,162.77808041828524,253.3776488599891,0.032992640757613746,True,both,1,1,ncc_fail,ncc_fail,Unknown,Unknown,-7.391038979600893,7.378637886988198,3.7583415254014456,-0.041688584643928966,1.8886385639694014,1.8834249771360931
H02,173,1523958595553835814,2149,241.4110870361328,78.46702575683594,ncc_fail,240.49331665039062,83.88983154296875,0.006098482918099831,True,240.37668510453193,84.10371394944717,0.10980861056862594,True,both,0,3,ncc_fail,completed_3_step_check,Unknown,Unknown,-8.396315204467989,8.381711370772209,3.9513157094117846,-0.047153395063609285,0.0,16.261176733235033
H02,173,1523958595553835814,2154,6.0,463.0,border_fail,7.354122161865234,463.3119812011719,0.011974480546960762,False,7.466259241104126,463.1380475759506,0.10098097788710124,False,neither,0,0,not_accepted,not_accepted,Unknown,Unknown,-5.903246879577637,5.8779296875,3.044567108154297,-0.03384887054562569,,
H02,174,1523958595604516413,133,236.64273071289062,348.35418701171875,ncc_fail,236.21749877929688,348.6805725097656,0.0017627038717722527,True,236.11447847676558,348.65479221691726,0.06941246572823746,True,both,3,3,completed_3_step_check,completed_3_step_check,Unknown,Unknown,-7.058607176531938,7.042652385522393,3.626335985492382,-0.03787650275500194,2.628118881957038,2.626833245044754
H02,174,1523958595604516413,2019,454.8005676269531,163.31011962890625,ncc_fail,450.041748046875,166.5059356689453,0.01776212840743569,True,450.5718249267053,166.14570438183648,0.2517613573578459,True,both,3,1,completed_3_step_check,ncc_fail,Unknown,Unknown,-7.228787668029005,7.209617028617894,3.3168900782953425,-0.06047256171937359,17.964897678093003,5.955967525127288
H02,174,1523958595604516413,2158,496.0,4.0,ncc_fail,488.1739196777344,11.840208053588867,0.050260049304249876,True,487.8493757247925,12.110769271850586,0.3799923561217682,True,both,3,3,completed_3_step_check,completed_3_step_check,Unknown,Unknown,-4.690534591674805,4.603002548217773,2.0404725074768066,-0.13730911910533905,33.34613260261331,33.296600512073375
H02,175,1523958595654462039,3,374.5014953613281,445.0099792480469,ncc_fail,372.1571960449219,443.7871398925781,0.008800552063796782,True,372.7060718548197,444.28615876416666,0.09228507109745147,True,both,3,3,completed_3_step_check,completed_3_step_check,Unknown,Unknown,-7.244715833342982,7.238194475275382,3.2971311284524196,-0.07083972222002566,8.325538441866655,8.296457049994435
H02,175,1523958595654462039,1158,344.3536376953125,247.45677185058594,ncc_fail,340.85028076171875,249.6070098876953,0.0018930740257898954,True,341.04793822100766,249.61993242455102,0.041800259150915064,True,both,3,3,completed_3_step_check,completed_3_step_check,Unknown,Unknown,-7.18608807643241,7.157608809021539,3.626973271867751,-0.04792281507638908,12.297620993508238,12.339689325728932
H02,175,1523958595654462039,1534,201.61822509765625,88.47090911865234,ncc_fail,201.1529998779297,93.54643249511719,0.006013361772939999,True,200.96371228822892,93.67048794566662,0.2488102984015418,True,both,1,3,ncc_fail,completed_3_step_check,Unknown,Unknown,-8.417448335144504,8.384028281784673,3.9883629804149963,-0.05535545648960624,5.046051107706452,15.088639446042427
H02,175,1523958595654462039,2096,470.48095703125,281.540283203125,ncc_fail,465.2467041015625,281.87255859375,0.07977076018875454,True,466.8260264316316,282.2471109452108,0.11418085467449406,True,both,0,0,ncc_fail,ncc_fail,Unknown,Unknown,-6.961578429856729,6.941212733204679,3.172963308427512,-0.08639891861639537,0.0,0.0
H02,176,1523958595704047545,1769,409.854248046875,408.4635925292969,ncc_fail,405.4233093261719,406.6285095214844,0.00874423143426172,True,405.25531982348326,406.56309351688685,0.09321952955347758,True,both,3,3,completed_3_step_check,completed_3_step_check,Unknown,Unknown,-8.739336226109693,8.699148407067291,3.699035738190041,-0.1045385932958412,15.02804254588986,15.040066649122705
H02,176,1523958595704047545,1991,573.328125,233.66026306152344,ncc_fail,569.0784912109375,234.43487548828125,0.00164794921875,True,569.1515771922067,234.462020463851,0.028420445269513636,True,both,3,2,completed_3_step_check,ncc_fail,Unknown,Unknown,-7.653635119726346,7.6186335613321035,3.861577456344662,-0.040597961425226536,13.745238846677491,8.949764000987287
H02,176,1523958595704047545,2073,328.3301696777344,186.6292266845703,ncc_fail,324.8424377441406,190.29693603515625,0.002716750154840829,True,325.00975096578225,190.41346848412206,0.0880336352512658,True,both,1,1,ncc_fail,ncc_fail,Unknown,Unknown,-8.284399393633178,8.248848181853532,4.016212907079633,-0.05874680471916097,4.973702090942021,5.034675842946196
H02,176,1523958595704047545,2123,351.4808349609375,152.37283325195312,ncc_fail,347.6147766113281,156.77386474609375,0.006098401788347493,True,347.6840073653111,156.7332552080346,0.011478519263260203,True,both,2,3,ncc_fail,completed_3_step_check,Unknown,Unknown,-7.837430640926085,7.821252781911683,3.7552542651798646,-0.06578809908821648,11.821134948247815,17.897490633949694
H02,176,1523958595704047545,2172,635.0,270.0,fb_fail,631.0598754882812,270.27044677734375,0.8657861552911014,True,630.9300513267517,270.23624800145626,0.022597652824625912,True,both,3,3,completed_3_step_check,completed_3_step_check,Unknown,Unknown,-5.512179374694824,5.478461265563965,3.103827953338623,-0.04484601691365242,12.565666792697371,12.556652770769864
H02,177,1523958595754868931,1560,380.60662841796875,283.4775085449219,ncc_fail,376.4325866699219,284.68731689453125,0.0032380286510500576,True,376.55395870488945,284.3120966072882,0.18289427062829583,True,both,1,0,ncc_fail,ncc_fail,Unknown,Unknown,-7.729400403924469,7.707944120522489,3.728725321050498,-0.07083430432778602,4.507515317353444,0.0
H02,177,1523958595754868931,1574,318.2806091308594,136.54171752929688,ncc_fail,314.6938171386719,141.51419067382812,0.0034571176722871955,True,314.89358518038017,141.25261140618255,0.1230545516023452,True,both,3,3,completed_3_step_check,completed_3_step_check,Unknown,Unknown,-8.580235878166608,8.550943752229717,4.08017998286494,-0.0527115081365165,19.02446455249007,18.988353154891552
H02,177,1523958595754868931,1983,275.63671875,125.45449829101562,ncc_fail,273.2593994140625,130.7147216796875,0.005997698946444692,True,273.2434450795837,130.44269252879803,0.09922495215700529,True,both,3,0,completed_3_step_check,ncc_fail,Unknown,Unknown,-8.027322017343408,8.016196783961902,3.8775732035888666,-0.053874866859436654,18.133028602118745,0.0
H02,177,1523958595754868931,1992,350.50244140625,282.468505859375,ncc_fail,346.8936767578125,283.6253662109375,0.00235519792255551,True,346.9163326590441,283.49411459718635,0.020088555014027603,True,both,3,0,completed_3_step_check,ncc_fail,Unknown,Unknown,-7.856684319139902,7.829933365685349,3.9022144589854406,-0.05215459864973937,12.435320389516866,0.0
H02,177,1523958595754868931,2093,328.6911926269531,277.6164855957031,ncc_fail,325.49249267578125,278.8099365234375,0.0038112777642514612,True,325.5629962861095,278.84260064504144,0.06530724792365157,True,both,3,0,completed_3_step_check,ncc_fail,Unknown,Unknown,-7.715105022571343,7.679611008360129,3.801380511677941,-0.051666820272779274,11.826410809386198,0.0
H02,177,1523958595754868931,2143,439.54754638671875,267.8915710449219,ncc_fail,433.52301025390625,269.35906982421875,0.005478309042668531,True,433.1375264275237,269.0582305332024,0.17523537166897293,True,both,3,3,completed_3_step_check,completed_3_step_check,Unknown,Unknown,-8.004006302636487,7.974738980056532,3.2739674048780056,-0.09920869231978603,19.650955540449203,19.694735853495843
H02,177,1523958595754868931,2174,289.0,1.0,ncc_fail,286.3047790527344,6.872463226318359,0.15718956616500857,False,286.210990190506,6.722081184387207,0.10877697289553975,False,neither,0,0,not_accepted,not_accepted,Unknown,Unknown,-6.670557975769043,6.637760162353516,3.2156929969787598,-0.05281578376889229,,
H02,178,1523958595804469686,1587,404.58294677734375,321.4082946777344,ncc_fail,399.177978515625,321.3482666015625,0.0012875380315996697,True,398.9981444575717,321.3861063747759,0.0332172401048472,True,both,3,3,completed_3_step_check,completed_3_step_check,Unknown,Unknown,-8.924654019807072,8.862383618763213,3.972961625629417,-0.06167603458469541,18.061865376677325,18.025153037639747
H02,178,1523958595804469686,1665,259.954833984375,140.5820770263672,ncc_fail,257.68975830078125,145.41506958007812,0.016187705490196186,True,257.54342864987865,145.29689462048816,0.026892490656573793,True,both,3,3,completed_3_step_check,completed_3_step_check,Unknown,Unknown,-8.40404509874341,8.381713241154337,4.097540482466025,-0.05541865899219797,17.262035406846653,17.25642189092962
H02,178,1523958595804469686,2179,635.0,18.0,ncc_fail,627.6354370117188,22.113012313842773,0.1639424337871198,True,626.0095367431641,22.472268104553223,0.3443929078672164,True,both,0,0,backward_fail,backward_fail,Unknown,Unknown,-4.174403190612793,4.130261421203613,2.7937607765197754,-0.13566169142723083,0.0,0.0
H02,178,1523958595804469686,2180,284.0,4.0,ncc_fail,280.9853210449219,10.032443046569824,0.32204290885604636,True,280.96838998794556,9.919161796569824,0.2675802842188648,True,both,1,1,ncc_fail,ncc_fail,Unknown,Unknown,-6.421980857849121,6.3925299644470215,3.2535009384155273,-0.04835407808423042,7.25619525244544,7.268305706011321
H02,178,1523958595804469686,2185,116.0,3.0,ncc_fail,115.59410858154297,8.880126953125,0.11974061472240001,True,115.56709867715836,8.692756652832031,0.10879673711056165,True,both,0,0,backward_fail,backward_fail,Unknown,Unknown,-6.069950103759766,6.036127090454102,3.2287731170654297,-0.06211784482002258,0.0,0.0
H02,179,1523958595854838801,1379,539.2957763671875,132.374755859375,fb_fail,534.1650390625,136.99713134765625,0.06483632384140424,True,534.1609914071394,134.2386138500587,0.09232882596444261,True,both,0,0,fb_fail,ncc_fail,Unknown,Unknown,-6.27143493383781,6.244367647059505,2.9624222999850147,-0.08037634855378362,0.0,0.0
H02,179,1523958595854838801,1989,176.47239685058594,310.31939697265625,ncc_fail,175.8732147216797,311.71868896484375,0.00390174725415528,True,175.8225917007621,311.8122243969356,0.0252952774525803,True,both,3,3,completed_3_step_check,completed_3_step_check,Unknown,Unknown,-6.90366410211185,6.889138682299569,3.55479877524914,-0.03545823952738476,6.6563899435362925,6.664533962484639
H02,179,1523958595854838801,2186,626.0,22.0,backward_fail,617.4707641601562,26.082435607910156,1.399124775979241,False,616.0570411682129,26.124967575073242,0.39724725472506317,True,S_only,0,3,not_accepted,completed_3_step_check,Unknown,Unknown,-5.022287845611572,4.989806175231934,3.606412649154663,-0.12804056704044342,,33.88191228043741
H02,179,1523958595854838801,2188,529.0,2.0,fb_fail,519.523193359375,8.994497299194336,0.5543293766825713,True,519.0542001724243,8.876283645629883,0.07907168695212595,True,both,3,3,completed_3_step_check,completed_3_step_check,Unknown,Unknown,-6.444088935852051,6.417614936828613,3.420682668685913,-0.07462142407894135,38.117316392758745,38.125343622555405
H02,180,1523958595905629970,1697,389.5894775390625,284.4942932128906,ncc_fail,383.4595642089844,285.65057373046875,0.005752867025365322,True,384.6065490083623,285.57298032313895,0.551805486029377,True,both,3,3,completed_3_step_check,completed_3_step_check,Unknown,Unknown,-6.771605325564913,6.737845027047102,3.2834453075209735,-0.06751236270956082,21.406576720149463,21.571851477591046
H02,180,1523958595905629970,1962,273.5032958984375,227.49974060058594,ncc_fail,270.2763977050781,230.17391967773438,0.003673694088978634,True,270.7350312088371,229.91695036631594,0.03314580053092151,True,both,1,3,ncc_fail,completed_3_step_check,Unknown,Unknown,-7.261132110231155,7.241615454750314,3.4985777927522834,-0.04729881934991461,4.400623220992057,15.571096387268096
H02,181,1523958595955576870,1296,217.28518676757812,204.43722534179688,ncc_fail,214.81863403320312,207.67098999023438,0.0019039887399065023,True,214.87439778963753,207.6342361402499,0.0828956735141282,True,both,3,3,completed_3_step_check,completed_3_step_check,Unknown,Unknown,-7.499316317739786,7.466974605811137,3.7200723786252836,-0.045048667119084354,15.326767880113659,15.323180781807602
H02,181,1523958595955576870,1302,187.87457275390625,303.5201721191406,ncc_fail,186.49891662597656,305.4090270996094,0.0012393481174329422,True,186.3789050632579,305.3032164345754,0.015771641675052506,True,both,3,2,completed_3_step_check,ncc_fail,Unknown,Unknown,-6.597871922819417,6.5782147833877636,3.4294609799643,-0.03830318856232414,10.536456047193203,6.44259864959088
H02,181,1523958595955576870,1789,384.12213134765625,281.26904296875,ncc_fail,377.5808410644531,282.56390380859375,0.006786782785146267,True,378.0340944183768,282.4156362777275,0.10806264998663427,True,both,0,3,ncc_fail,completed_3_step_check,Unknown,Unknown,-7.7565223772328125,7.715514955201854,3.736640525041217,-0.053297030831499725,0.0,23.589607257881784
H02,182,1523958596004153019,842,371.08905029296875,417.3852233886719,ncc_fail,366.552734375,416.5438232421875,0.01550175820077061,True,365.6708015635907,416.0509852498307,0.27345778732182086,True,both,3,1,completed_3_step_check,ncc_fail,Unknown,Unknown,-8.08831687445457,8.03598589282473,3.6425213814874033,-0.0849185848890537,16.698968564496166,5.339282572622925
H02,182,1523958596004153019,962,193.52439880371094,171.46231079101562,ncc_fail,190.4719696044922,176.39483642578125,0.00758024021497306,True,190.50431550675214,175.78697884627385,0.2202662752486609,True,both,0,3,ncc_fail,completed_3_step_check,Unknown,Unknown,-7.318623255965523,7.290044266620681,3.6908585338416966,-0.04260583765465112,0.0,21.005326722329524
H02,182,1523958596004153019,1392,466.744384765625,116.58817291259766,ncc_fail,458.56671142578125,121.55045318603516,0.46556370467930336,True,458.91429623597264,119.68261896492163,0.9650801460637938,True,both,3,3,completed_3_step_check,completed_3_step_check,Unknown,Unknown,-7.472520709515953,7.412289474057282,2.929689149996469,-0.15246821575755012,33.22058270714023,34.114047998426415
H02,182,1523958596004153019,2197,598.0,4.0,ncc_fail,587.2987670898438,8.090210914611816,0.5727550672563467,True,588.694748878479,6.884875297546387,1.824313147174469,False,C_only,3,0,completed_3_step_check,not_accepted,Unknown,Unknown,-2.6859564781188965,2.6672143936157227,1.4754360914230347,-0.13162553310394287,39.124726507189465,
H02,183,1523958596054475651,1334,238.37538146972656,186.3566436767578,ncc_fail,233.48321533203125,190.86932373046875,0.003598778202841417,True,233.79582718409148,190.31693384578747,0.08639891134006492,True,both,3,3,completed_3_step_check,completed_3_step_check,Unknown,Unknown,-7.510825232756603,7.499557154054708,3.6012298386136314,-0.060014618879813714,22.587511426338835,22.64350421297351
H02,183,1523958596054475651,1920,310.5804748535156,252.87283325195312,ncc_fail,304.3285827636719,255.43838500976562,0.004645919157705177,True,304.3934662835363,255.5912578327568,0.04347853820792715,True,both,3,0,completed_3_step_check,ncc_fail,Unknown,Unknown,-7.682938157405952,7.650918623948657,3.7634198774381975,-0.0542170597731702,23.41336794101627,0.0
H02,183,1523958596054475651,2014,352.2936706542969,307.50592041015625,ncc_fail,346.111083984375,308.45751953125,0.020682364076942166,True,346.3021079517335,308.56904731296186,0.1889622851431047,True,both,0,0,ncc_fail,ncc_fail,Unknown,Unknown,-7.458588472356894,7.430743686599532,3.6844735276084633,-0.09785315286692087,0.0,0.0
H02,183,1523958596054475651,2157,382.73028564453125,77.87033081054688,fb_fail,373.05029296875,84.18384552001953,0.5826347162050461,True,375.67205364241715,81.46908030789061,0.040054498760538244,True,both,0,0,fb_fail,fb_fail,Unknown,Unknown,-7.458982952051342,7.43796005485791,3.3830267371762566,-0.08693178171111386,0.0,0.0
H02,183,1523958596054475651,2201,400.0,4.0,ncc_fail,389.1072692871094,11.52940845489502,0.12347329119645842,True,391.37451553344727,8.561615943908691,3.977530736592241,False,C_only,3,0,completed_3_step_check,not_accepted,Unknown,Unknown,-3.783639907836914,3.8002567291259766,1.530158519744873,-0.11641700565814972,43.17135335080811,
H02,183,1523958596054475651,2202,226.0,3.0,backward_fail,220.1536407470703,10.383874893188477,nan,False,220.37904405593872,9.713194847106934,0.09047445423991357,True,S_only,0,3,not_accepted,completed_3_step_check,Unknown,Unknown,-6.208226680755615,6.175838470458984,3.1358628273010254,-0.05111272633075714,,31.7341871353167
H02,183,1523958596054475651,2203,206.0,8.0,backward_fail,200.5832061767578,15.024877548217773,nan,False,200.78581190109253,14.65499210357666,0.06899536794070456,True,S_only,0,3,not_accepted,completed_3_step_check,Unknown,Unknown,-6.699335098266602,6.662155628204346,3.3511619567871094,-0.047827739268541336,,30.3096892254468
H02,184,1523958596104703272,334,195.27061462402344,366.65313720703125,ncc_fail,192.46347045898438,368.4615478515625,0.0014879471060843012,True,192.42184366802823,368.3168072199738,0.06789875595856136,True,both,3,2,completed_3_step_check,ncc_fail,Unknown,Unknown,-6.714867241149242,6.690796731505948,3.4738411755056484,-0.03570985477927949,12.11512611430115,7.791116058129138
H02,184,1523958596104703272,1480,345.1149597167969,415.8367919921875,ncc_fail,340.3583068847656,416.18304443359375,0.020423762335684548,True,340.81456130482593,415.89646281908324,0.3918110171607911,True,both,0,0,ncc_fail,ncc_fail,Unknown,Unknown,-6.9650102847948965,6.942250093890074,3.2769323974633,-0.07772814321473731,0.0,0.0
H02,184,1523958596104703272,2206,432.0,1.0,ncc_fail,419.94561767578125,8.036772727966309,0.3730976983175273,True,419.5297803878784,8.18380880355835,0.2563119590062304,True,both,3,3,completed_3_step_check,completed_3_step_check,Unknown,Unknown,-5.674768447875977,5.628357410430908,2.988272190093994,-0.05976228788495064,44.85692879870646,44.850487092215225
H02,185,1523958596154560317,1504,350.4937744140625,391.6192626953125,ncc_fail,343.5738220214844,391.5132141113281,0.004272896880660923,True,343.47593259508716,391.4370522748212,0.24599026047299125,True,both,3,3,completed_3_step_check,completed_3_step_check,Unknown,Unknown,-8.635177416838118,8.59955927502618,3.830809586118704,-0.07515851018644615,21.82249436098133,21.821430140064262
H02,185,1523958596154560317,1566,438.5127868652344,145.80059814453125,ncc_fail,428.8161926269531,149.37118530273438,0.2290573998095839,True,428.93620759685246,148.76623961364004,0.4492660304028997,True,both,3,3,completed_3_step_check,completed_3_step_check,Unknown,Unknown,-6.9584700778348845,6.870506044663095,2.4200264015844315,-0.15380890609246536,32.44683630133782,32.605595095594374
H02,185,1523958596154560317,2211,139.0,4.0,ncc_fail,133.38824462890625,11.109075546264648,0.17796817616726254,True,133.34893798828125,11.331148147583008,0.10092998190744583,True,both,3,3,completed_3_step_check,completed_3_step_check,Unknown,Unknown,-5.8301801681518555,5.801871299743652,2.936260938644409,-0.04095979034900665,30.160180671134345,30.150162004452856
H02,186,1523958596204032959,1314,461.6771240234375,155.47018432617188,ncc_fail,452.8133239746094,158.8365936279297,0.10253236044824783,True,453.12726818046747,157.7202474330229,0.2421332390145452,True,both,0,0,ncc_fail,ncc_fail,Unknown,Unknown,-7.012375724742938,7.0269272889038366,3.0788770870770756,-0.09701556373895859,0.0,0.0
H02,186,1523958596204032959,2064,213.489501953125,489.4530334472656,ncc_fail,211.5516815185547,490.62725830078125,0.0005526968468101451,True,211.60544301657777,490.54499876032787,0.08932165157595198,True,both,0,3,ncc_fail,completed_3_step_check,Unknown,Unknown,-6.6089343660876345,6.594522416830074,3.439502985394988,-0.04205165508624073,0.0,7.924071721551462
H02,186,1523958596204032959,2214,464.0,3.0,ncc_fail,450.2472229003906,9.442076683044434,0.16016421366627498,True,450.2436876296997,9.322357654571533,0.0680371072560929,True,both,3,3,completed_3_step_check,completed_3_step_check,Unknown,Unknown,-5.496288299560547,5.451179504394531,3.1727654933929443,-0.06503672897815704,47.13197000969214,47.11120694424426
H02,187,1523958596254383560,745,219.9918670654297,318.5073547363281,ncc_fail,215.3402099609375,321.4103088378906,0.0045557132894098965,True,215.14560409796277,321.3121717389509,0.19604746397745607,True,both,0,3,ncc_fail,completed_3_step_check,Unknown,Unknown,-7.467117417081052,7.452082121305707,3.7638596751458087,-0.04568616913492356,0.0,17.984243603746062
H02,187,1523958596254383560,1699,116.47858428955078,221.28062438964844,ncc_fail,112.37379455566406,227.3365936279297,0.024373900042147054,True,112.34142454111691,226.58862484436855,0.0659233185003727,True,both,3,3,completed_3_step_check,completed_3_step_check,Unknown,Unknown,-7.217771298123454,7.210728957144517,3.568266010497183,-0.0442226454218482,23.262303914198945,23.34718493678466
H02,187,1523958596254383560,2076,119.38870239257812,502.50311279296875,border_fail,118.35527801513672,505.21630859375,0.34279263076205346,False,118.42566280255613,504.77744519161246,0.05683372713591946,False,neither,0,0,not_accepted,not_accepted,Unknown,Unknown,-6.282563350580088,6.275420562088803,3.2962242477383747,-0.03248983080265402,,
H02,187,1523958596254383560,2103,49.43681335449219,264.48968505859375,ncc_fail,46.642578125,269.623046875,0.001456280354065281,True,46.74238524269653,269.62084403841436,0.03162809395664852,True,both,3,3,completed_3_step_check,completed_3_step_check,Unknown,Unknown,-7.153708016977058,7.115304932654205,3.6537111036616436,-0.045402879415668874,19.49856580255712,19.49738955523445
H02,187,1523958596254383560,2217,397.0,1.0,ncc_fail,383.6914978027344,8.431516647338867,0.26554598388636735,True,383.16033935546875,8.555994033813477,0.18686528951827175,True,both,3,3,completed_3_step_check,completed_3_step_check,Unknown,Unknown,-5.360937118530273,5.309534549713135,3.045320510864258,-0.07742440700531006,47.10763813919479,47.1111540526904
H02,187,1523958596254383560,2219,156.0,4.0,ncc_fail,148.99351501464844,11.797122955322266,0.12350725497804227,True,148.88439464569092,11.799015998840332,0.09097094614920394,True,both,3,3,completed_3_step_check,completed_3_step_check,Unknown,Unknown,-6.153587341308594,6.123881816864014,3.018913745880127,-0.05712217092514038,33.09940818759148,33.09244110514628
H02,188,1523958596304740228,923,172.19534301757812,293.4656677246094,ncc_fail,167.52952575683594,297.5892333984375,0.00230988030641678,True,167.60198541649657,297.50910196647067,0.07022242262302159,True,both,3,3,completed_3_step_check,completed_3_step_check,Unknown,Unknown,-7.4594728176826655,7.422011317630886,3.7737993852921563,-0.045650827258065685,19.786455161701262,19.761188884645115
H02,188,1523958596304740228,1689,271.6104736328125,356.5335998535156,ncc_fail,265.2001953125,358.5830993652344,0.0038268848278761145,True,265.25077930518125,358.61838987299257,0.04907254651112368,True,both,3,3,completed_3_step_check,completed_3_step_check,Unknown,Unknown,-7.83046571733513,7.779308474045871,3.7130621270420523,-0.05684103254032789,21.053848532411273,21.059617645834766
H02,188,1523958596304740228,2115,327.8100280761719,95.1766128540039,fb_fail,317.5484619140625,101.46141815185547,0.5898731341605946,True,319.16598565421947,99.65976674813471,0.04847154286380546,True,both,0,2,ncc_fail,ncc_fail,Unknown,Unknown,-6.741861256244583,6.749120540192453,3.0975444730802524,-0.10409060109028043,0.0,26.349184144035274
H02,188,1523958596304740228,2132,382.5484619140625,132.53030395507812,ncc_fail,369.22113037109375,138.56265258789062,0.034668626913351104,True,372.17560231241083,137.03463879591217,2.180845328373687,False,C_only,2,0,ncc_fail,not_accepted,Unknown,Unknown,-6.468885484504453,6.415485019852698,2.7064508314397413,-0.12878815952201783,28.37126492397852,
H02,188,1523958596304740228,2225,464.0,1.0,ncc_fail,449.779296875,6.905607223510742,0.08254811546107386,False,449.5347709655762,6.8274102210998535,0.008223844150483951,False,neither,0,0,not_accepted,not_accepted,Unknown,Unknown,-4.770990371704102,4.7150702476501465,3.0291972160339355,-0.09142478555440903,,
H02,189,1523958596354735412,1268,395.5661926269531,177.06849670410156,ncc_fail,385.7361145019531,180.512451171875,0.004424969902650127,True,386.30361161098585,180.08979171205897,1.0094395730219323,False,C_only,0,0,ncc_fail,not_accepted,Unknown,Unknown,-6.275527593543337,6.252541464450209,2.7328838238315614,-0.10435206466366571,0.0,
H02,189,1523958596354735412,2226,450.0,4.0,ncc_fail,435.6539611816406,9.949620246887207,0.6233068844796841,True,435.5410976409912,10.009493827819824,0.0667911461964677,True,both,0,0,backward_fail,backward_fail,Unknown,Unknown,-4.934236526489258,4.865374565124512,3.1179122924804688,-0.11091634631156921,0.0,0.0
H02,189,1523958596354735412,2227,427.0,2.0,ncc_fail,412.7590637207031,8.415778160095215,0.5999284944342332,True,412.4622097015381,8.63448190689087,0.2583315761987941,True,both,1,1,backward_fail,backward_fail,Unknown,Unknown,-4.614054203033447,4.622307777404785,3.0282046794891357,-0.10078387707471848,15.871410825797605,15.87838401042227
H02,190,1523958596404481070,1524,348.716796875,162.33465576171875,ncc_fail,338.3309020996094,167.68739318847656,0.06482403589080922,True,338.78132385186154,167.09459349702178,0.09034347130822702,True,both,3,3,completed_3_step_check,completed_3_step_check,Unknown,Unknown,-7.4404338359414055,7.419246520040531,3.4698157338292503,-0.08863790643297076,34.22653345400891,34.23660349102799
H02,190,1523958596404481070,2166,388.6213073730469,156.67755126953125,ncc_fail,375.36431884765625,162.32115173339844,0.05649716402962958,True,377.2577713832777,161.34411262202474,0.4734298830314095,True,both,2,1,ncc_fail,ncc_fail,Unknown,Unknown,-6.583057966841435,6.576098892277691,2.7533660609967083,-0.11114826469543741,29.897700160986954,14.822894045689242
H02,190,1523958596404481070,2209,158.43067932128906,63.43085479736328,ncc_fail,150.34469604492188,71.9433822631836,0.009293153743337704,True,150.66408811745424,71.8241175368225,0.08073618479216157,True,both,3,1,completed_3_step_check,ncc_fail,Unknown,Unknown,-7.930528410483303,7.904782170270403,3.8342537078327825,-0.07462231973889408,36.11975644991355,11.899936744429372
H02,190,1523958596404481070,2232,436.0,10.0,backward_fail,421.4930725097656,16.300249099731445,14.128364117099274,False,420.89404106140137,16.26336097717285,0.16474036978010384,True,S_only,0,3,not_accepted,completed_3_step_check,Unknown,Unknown,-5.417694568634033,5.364577770233154,3.2760584354400635,-0.11970044672489166,,48.39015229158887
H02,191,1523958596454910627,1400,359.6617431640625,160.47146606445312,ncc_fail,346.4736022949219,166.7261199951172,0.05474765908721538,True,348.95243917665914,165.30021979845822,0.3861484004509066,True,both,1,2,ncc_fail,ncc_fail,Unknown,Unknown,-7.08789211804371,7.035143866374874,3.120101239849509,-0.10494431336658785,14.983694933048875,29.836771520699326
H02,191,1523958596454910627,1982,212.87022399902344,201.20486450195312,ncc_fail,204.7090606689453,207.52236938476562,0.01715607072436012,True,204.88826476074283,207.44414527302644,0.07960954327822707,True,both,0,3,ncc_fail,completed_3_step_check,Unknown,Unknown,-8.44275514056243,8.411360732674007,4.077678855837313,-0.05322315327719875,0.0,32.119061103386926
H02,191,1523958596454910627,2161,15.01855754852295,499.3712463378906,border_fail,14.930503845214844,504.02020263671875,0.09496187885262411,False,14.631163276545223,503.70237340493463,0.10850132482856098,True,S_only,0,0,not_accepted,ncc_fail,Unknown,Unknown,-4.441781396001032,4.430965532896643,2.9138936352303144,-0.06854063238335846,,0.0
H02,191,1523958596454910627,2231,398.6607971191406,14.786951065063477,backward_fail,384.3063659667969,21.685123443603516,nan,False,384.1260223452419,21.92019940792092,0.2202384862704876,True,S_only,0,3,not_accepted,completed_3_step_check,Unknown,Unknown,-5.842496305738253,5.806341794740113,3.5769559213735214,-0.09429223236410642,,48.65438998122573
H02,191,1523958596454910627,2234,419.0,4.0,ncc_fail,404.3320617675781,10.517822265625,0.34039123277561906,True,404.24377250671387,10.810699939727783,0.23855505742288433,True,both,3,3,completed_3_step_check,completed_3_step_check,Unknown,Unknown,-5.4671478271484375,5.409146785736084,3.341296911239624,-0.1090693473815918,49.412390089212096,49.40929023397283
H02,192,1523958596505300971,2228,277.5744934082031,70.22201538085938,ncc_fail,266.5268859863281,77.89633178710938,0.2114351393850899,True,268.0012700458794,76.24829244017087,0.04209850539109658,True,both,3,0,completed_3_step_check,ncc_fail,Unknown,Unknown,-6.3918406534295436,6.388724417627867,2.8499654178808482,-0.09367958929250912,41.2531508885328,0.0
H02,192,1523958596505300971,2240,382.0,4.0,ncc_fail,367.4565124511719,11.336719512939453,0.6241529625132092,True,367.8090410232544,11.162402153015137,0.1398413820371131,True,both,3,3,completed_3_step_check,completed_3_step_check,Unknown,Unknown,-4.818785667419434,4.77010440826416,2.9578394889831543,-0.08718693256378174,49.6001509363148,49.57866481834475
H02,193,1523958596555659931,742,500.8826599121094,345.2793884277344,ncc_fail,494.1233215332031,345.51409912109375,0.004889102698868257,True,493.9556228091234,345.58491502837313,0.04394607819649216,True,both,3,3,completed_3_step_check,completed_3_step_check,Unknown,Unknown,-7.027763301446207,7.01324885283378,3.6154720831717433,-0.03795816208259803,21.351284548101468,21.316312242375428
H02,193,1523958596555659931,1461,303.5689697265625,369.77984619140625,ncc_fail,295.2210388183594,372.4041748046875,0.002495920011058635,True,295.4874725552946,372.41449772305646,0.05762894664781331,True,both,3,3,completed_3_step_check,completed_3_step_check,Unknown,Unknown,-7.99512698477902,7.95526064579208,3.8150425182706655,-0.07487627877438502,27.020080392378357,27.01289614541487
H02,193,1523958596555659931,2021,105.92391967773438,502.64276123046875,ncc_fail,104.41818237304688,506.6357116699219,0.16721054003620645,False,104.32452547494674,506.4554686036189,0.08509060300265153,False,neither,0,0,not_accepted,not_accepted,Unknown,Unknown,-6.116769549539649,6.115406263066244,3.217153551654887,-0.03499746507484313,,
H02,193,1523958596555659931,2023,333.0644226074219,218.70260620117188,ncc_fail,323.20513916015625,223.2086944580078,0.004892339948083923,True,323.82959690046124,222.83876846678123,0.12974955585481887,True,both,0,0,ncc_fail,ncc_fail,Unknown,Unknown,-7.046776969232528,7.022205847099389,3.6105955804096563,-0.06771803641630803,0.0,0.0
H02,193,1523958596555659931,2102,8.184663772583008,309.58160400390625,border_fail,4.837192535400391,316.24462890625,0.2206310776005122,False,5.042160630393024,316.13544911418603,0.12449444840898059,False,neither,0,0,not_accepted,not_accepted,Unknown,Unknown,-5.32528665477631,5.300204596897703,3.061829038824804,-0.06751884143115501,,
H02,193,1523958596555659931,2198,141.72427368164062,342.53216552734375,ncc_fail,137.09808349609375,347.41302490234375,0.0026543276506426432,True,137.04997482426194,347.3017332599373,0.066212578472204,True,both,3,3,completed_3_step_check,completed_3_step_check,Unknown,Unknown,-6.767462748790544,6.750776912814748,3.5130419669885242,-0.04091802227503454,21.328647420705746,21.325130392797256
H02,193,1523958596555659931,2221,275.8389892578125,65.70108032226562,ncc_fail,263.3625793457031,73.78666687011719,0.06484541036307023,True,266.076890427277,71.8170677286142,0.08145997314810086,True,both,3,3,completed_3_step_check,completed_3_step_check,Unknown,Unknown,-6.3413116689735,6.341273581788171,2.826864474935313,-0.05039165158576657,41.606204195250626,43.587756101908454
H02,194,1523958596604670154,859,220.8155517578125,385.3100280761719,ncc_fail,214.25099182128906,388.54498291015625,0.0027889794088857087,True,215.07578588017884,388.8677298008395,0.07451326712083184,True,both,3,3,completed_3_step_check,completed_3_step_check,Unknown,Unknown,-6.923223173548806,6.90659939515028,3.4168374476586916,-0.05010245946260876,21.65946468637744,21.618873533855716
H02,194,1523958596604670154,1695,310.5136413574219,362.7212219238281,ncc_fail,302.4736328125,365.47711181640625,0.002261185736430994,True,302.1626403557309,365.299427150337,0.44638950832990115,True,both,2,1,ncc_fail,ncc_fail,Unknown,Unknown,-7.360186215941594,7.308399189074503,3.483014649312948,-0.0880131459564602,16.508362615866066,8.44930906894733
H02,194,1523958596604670154,2133,12.604950904846191,171.3108673095703,border_fail,7.0742058753967285,179.4533233642578,0.3960963315376742,False,7.221821648551284,179.4626702535972,0.31363633380493705,False,neither,0,0,not_accepted,not_accepted,Unknown,Unknown,-5.700248297480431,5.658375576988826,3.161611396151992,-0.07059444581500936,,
H02,195,1523958596654767350,1200,279.3207702636719,232.5008544921875,ncc_fail,269.6640625,237.46524047851562,0.005232852600527202,True,269.6985570982202,237.52439669634578,0.06741963508446443,True,both,3,0,completed_3_step_check,ncc_fail,Unknown,Unknown,-7.33911250442298,7.315441856183945,3.6413016009054404,-0.06044890099472522,29.887627124681327,0.0
H02,195,1523958596654767350,1257,145.7186737060547,234.74708557128906,ncc_fail,138.45596313476562,240.97265625,0.08382466705714708,True,138.1355934206023,241.34713955053,0.16467463575896837,True,both,3,2,completed_3_step_check,ncc_fail,Unknown,Unknown,-7.514121527644523,7.49319357019938,3.6204873719068176,-0.05121002179064013,27.672886034088744,19.01141294261314
H02,195,1523958596654767350,1610,436.71807861328125,276.682373046875,ncc_fail,428.22308349609375,278.5304870605469,0.005314791970349118,True,428.0614996246556,278.64653500717543,0.05141209471147143,True,both,0,3,ncc_fail,completed_3_step_check,Unknown,Unknown,-7.240128603622196,7.226874004076194,3.7010306465492846,-0.03853738381256283,0.0,24.862599992068425
H02,195,1523958596654767350,1913,109.50592041015625,260.6356506347656,ncc_fail,103.2004165649414,267.54388427734375,0.006112783071980866,True,103.34790853162568,267.0651166974263,0.1567560625454279,True,both,3,3,completed_3_step_check,completed_3_step_check,Unknown,Unknown,-6.793087894389343,6.781431469187759,3.4204668925491433,-0.04897160361080958,26.043834932993768,26.080778539300645
H02,195,1523958596654767350,1976,9.724973678588867,195.94357299804688,ncc_fail,4.000492095947266,203.34255981445312,0.38750414619606544,False,4.3945506256273354,203.94856473642477,0.2862784268282568,False,neither,0,0,not_accepted,not_accepted,Unknown,Unknown,-5.780476522142454,5.738396179272232,3.150337798318558,-0.06345170536704528,,
H02,195,1523958596654767350,2011,237.5317840576172,217.652587890625,ncc_fail,228.2599639892578,223.22409057617188,0.005485444472716089,True,228.1906394978566,223.4425281693584,0.285527699306922,True,both,3,3,completed_3_step_check,completed_3_step_check,Unknown,Unknown,-8.389343025911757,8.367427055447205,4.0635254541114705,-0.05873919794974643,30.264592735576322,30.25936201854961
H02,195,1523958596654767350,2137,247.0608367919922,115.31655883789062,ncc_fail,234.55072021484375,123.39440155029297,0.06923762759665494,True,237.39350971416357,121.35669458124327,0.10551289753724316,True,both,0,0,ncc_fail,ncc_fail,Unknown,Unknown,-5.931518780758571,5.956384578975474,2.520984181145187,-0.09539488923682754,0.0,0.0
H02,196,1523958596705404523,1999,126.44916534423828,502.6973571777344,fb_fail,123.99046325683594,507.4200744628906,0.813882552750081,False,124.02997045212759,506.5119584235915,0.060263058356350964,False,neither,0,0,not_accepted,not_accepted,Unknown,Unknown,-5.705852541651508,5.702602848350018,3.141525636226152,-0.033109198597029446,,
H02,196,1523958596705404523,2080,10.2372465133667,175.0767059326172,ncc_fail,4.342076301574707,183.20477294921875,0.36990253464634554,False,4.519094248437494,183.3692423424055,0.27522872502442947,False,neither,0,0,not_accepted,not_accepted,Unknown,Unknown,-5.82011588485039,5.776528003736009,3.0359839189041358,-0.06151770113172087,,
H02,196,1523958596705404523,2100,8.233829498291016,386.8503112792969,border_fail,5.393628120422363,392.6509094238281,0.26670758976033443,False,5.374284048979151,392.92177737365097,0.08938049407105705,False,neither,0,0,not_accepted,not_accepted,Unknown,Unknown,-5.6471267035559425,5.619590875024255,3.0993427087376895,-0.05932210108596081,,
H02,196,1523958596705404523,2184,12.903043746948242,143.5030059814453,border_fail,6.399196624755859,151.44509887695312,0.373307380235119,False,6.7263255331551655,152.03046125857477,0.2657342873721289,False,neither,0,0,not_accepted,not_accepted,Unknown,Unknown,-5.863057545053071,5.82532591056846,3.0673725207831666,-0.06411890328661063,,
H02,197,1523958596754567229,976,169.91061401367188,313.29632568359375,ncc_fail,163.32965087890625,318.3899841308594,0.004077752576828124,True,164.05746191431808,318.30870081364037,0.13531995165985242,True,both,2,2,right_censored_window_end,right_censored_window_end,Unknown,Unknown,-7.318831323723262,7.298905686908763,3.532515957704472,-0.052816816376059963,15.02881145530716,15.020504263413176
H02,197,1523958596754567229,1784,115.32110595703125,277.4292907714844,ncc_fail,109.69612121582031,283.6908874511719,0.007711351787410448,True,109.6213037587184,283.4867491750389,0.11794735746874442,True,both,2,0,right_censored_window_end,ncc_fail,Unknown,Unknown,-7.255705168674918,7.2295394410761,3.508017234273497,-0.05192775257797553,15.250676365351143,0.0
H02,197,1523958596754567229,2097,11.32914924621582,352.5841979980469,border_fail,7.597175598144531,358.6063537597656,0.3732526619104395,False,8.060468224045003,358.83903834198566,0.13297496117536828,True,S_only,0,0,not_accepted,border_fail,Unknown,Unknown,-5.541177385013395,5.508232065209707,3.077851525313878,-0.06076248545463366,,0.0
H02,197,1523958596754567229,2148,305.2727966308594,503.8266296386719,border_fail,301.4513854980469,505.8759460449219,0.0424185553809721,False,301.49822004154373,505.76999800625487,0.13530701055391925,False,neither,0,0,not_accepted,not_accepted,Unknown,Unknown,-5.780838021013208,5.775888614397415,3.2332209439998536,-0.04804953038440561,,
H02,197,1523958596754567229,2156,14.682584762573242,503.6515197753906,ncc_fail,13.448019981384277,509.2818908691406,0.3927972273986795,False,13.565346012603214,508.59725618701054,0.13804142555536297,False,neither,0,0,not_accepted,not_accepted,Unknown,Unknown,-4.803910258727949,4.786276376424162,2.837085014212496,-0.04777471417788408,,
H02,198,1523958596805071990,1980,245.64590454101562,191.7289581298828,ncc_fail,235.79884338378906,198.48599243164062,0.034351601141681676,True,237.3824482320665,197.34222513903046,0.5007193829812915,True,both,1,1,right_censored_window_end,right_censored_window_end,Unknown,Unknown,-6.46824429211296,6.482321112380127,2.8748537106786896,-0.0815927725346868,10.300707630586775,10.766847536889737
H02,198,1523958596805071990,2006,186.47146606445312,311.619384765625,ncc_fail,179.97393798828125,316.50982666015625,0.002977497677313686,True,179.89378232852619,316.6325740799188,0.05679045251090163,True,both,1,1,right_censored_window_end,right_censored_window_end,Unknown,Unknown,-7.0419420885960875,7.023944158309494,3.523789056042,-0.05048641678179436,7.539338148175437,7.540957203257977
H02,198,1523958596805071990,2050,41.76551055908203,500.1587829589844,border_fail,40.27826690673828,505.17529296875,0.34340908914736773,False,40.249268131714786,504.68688518176765,0.04671481876524455,False,neither,0,0,not_accepted,not_accepted,Unknown,Unknown,-5.428532312916294,5.429923751664817,3.0670039002716747,-0.04746610325275802,,
H02,198,1523958596805071990,2245,274.5347900390625,38.517581939697266,ncc_fail,263.5047607421875,46.050071716308594,0.08869141478129995,True,265.4221370580721,44.327430035370945,0.1457440792582324,True,both,0,0,ncc_fail,ncc_fail,Unknown,Unknown,-6.57180980401116,6.573640866006105,3.062994159793975,-0.07892108837971037,0.0,0.0
H02,198,1523958596805071990,2267,401.0,132.0,ncc_fail,388.8990173339844,136.41400146484375,0.1907003319571704,True,391.4465398788452,135.5668032169342,0.5204743313243082,True,both,1,1,right_censored_window_end,right_censored_window_end,Unknown,Unknown,-5.72857666015625,5.703851222991943,2.397282838821411,-0.0817975327372551,11.044173582880518,10.820211816809715
H02,199,1523958596855225535,1422,168.79165649414062,331.7543640136719,ncc_fail,163.26332092285156,336.4474792480469,0.00530909387002504,True,163.72514198126868,336.28478983869445,0.18917154163507885,True,both,0,0,right_censored_window_end,right_censored_window_end,Unknown,Unknown,-6.73665265674628,6.706523336816446,3.458282540767341,-0.047650662251608744,0.0,0.0
H02,199,1523958596855225535,1501,126.46302032470703,409.34942626953125,ncc_fail,122.95306396484375,413.54052734375,0.006278212952092697,True,123.00070787604706,413.57242943728465,0.07258772273720743,True,both,0,0,right_censored_window_end,right_censored_window_end,Unknown,Unknown,-6.825788365044055,6.804526529350031,3.525428484380646,-0.03829988802550227,0.0,0.0
H02,199,1523958596855225535,2012,10.405211448669434,297.5936584472656,border_fail,6.905789375305176,303.4989929199219,0.059763096219751365,False,7.030595429533021,303.74199590750584,0.10111156541360346,False,neither,0,0,not_accepted,not_accepted,Unknown,Unknown,-5.880592399900142,5.845374031767943,3.108522420930217,-0.056615025533102416,,
H02,199,1523958596855225535,2139,240.564697265625,195.77061462402344,ncc_fail,231.3951416015625,202.35133361816406,0.01820478412328159,True,232.92634508474913,201.03994948323938,0.5837330724834234,True,both,0,0,right_censored_window_end,right_censored_window_end,Unknown,Unknown,-6.30384951287726,6.322842360817319,2.8038914143429583,-0.08918700704352023,0.0,0.0
H02,199,1523958596855225535,2160,190.80355834960938,140.64486694335938,ncc_fail,182.88145446777344,147.70164489746094,0.05864765747141555,True,183.48429044076516,146.6490854595045,0.06832816640875294,True,both,0,0,right_censored_window_end,right_censored_window_end,Unknown,Unknown,-7.49502382980892,7.482496041118723,3.417703377664725,-0.07411765652598987,0.0,0.0
H02,199,1523958596855225535,2236,11.13603687286377,126.24214172363281,border_fail,5.757523536682129,133.97828674316406,0.1826591955784611,False,5.964251440533168,133.7487412409007,0.021388368990045065,False,neither,0,0,not_accepted,not_accepted,Unknown,Unknown,-6.118969699100254,6.090368981939095,3.148298639517524,-0.04869290429052392,,
H02,199,1523958596855225535,2273,443.0,4.0,ncc_fail,433.9967956542969,6.810150146484375,0.20879126062437114,False,434.13992500305176,7.019543170928955,0.14850934318213713,False,neither,0,0,not_accepted,not_accepted,Unknown,Unknown,-5.680601119995117,5.656785011291504,3.053997039794922,-0.04053333401679993,,
