sequence,raw_index,queries,B_s,C_raw_s,preprocess_s,forward_gpu_s,backward_gpu_s,restore_transfer_s,peak_allocated_bytes,peak_reserved_bytes,network_height,network_width,sampling_s,fb_checks_s
A02,1,4,0.051121937984135,0.001929625985212624,0.029533978027757257,0.15987221599789336,0.13639302999945357,0.0086121010244824,312287232,427819008,304,484,0.0002208439982496202,9.309203596785665e-05
A02,2,3,0.05022556200856343,0.0018862049910239875,0.012302468996495008,0.128096395987086,0.12776941998163238,0.010380863037426025,312287232,427819008,304,484,0.00021855399245396256,9.485200280323625e-05
A02,3,1,0.0603975509875454,0.0010732299997471273,0.014922917005605996,0.12923734699143097,0.12972230598097667,0.004543714981991798,312287232,427819008,304,484,0.000199153961148113,8.817098569124937e-05
A02,4,3,0.05010441900230944,0.0021135190036147833,0.012536611990071833,0.12949560303241014,0.12961846502730623,0.008901805966161191,312287232,427819008,304,484,0.0002130339853465557,9.266100823879242e-05
A02,5,5,0.05083548300899565,0.0019848569645546377,0.013295067008584738,0.12954131298465654,0.1295043519930914,0.004224349046126008,312287232,427819008,304,484,0.0002125839819200337,9.493198012933135e-05
A02,6,5,0.04847507900558412,0.0020238079596310854,0.012611423968337476,0.12801000499166548,0.12914554600138217,0.005356048990506679,312287232,427819008,304,484,0.00020902400137856603,9.396194946020842e-05
A02,7,3,0.052839919982943684,0.0018668349948711693,0.012344907969236374,0.1277505600010045,0.12958493403857574,0.004245437972713262,312287232,427819008,304,484,0.00020846398547291756,9.359198156744242e-05
A02,8,2,0.05294492200482637,0.0019091149442829192,0.012691245996393263,0.12810917699243873,0.1282214589882642,0.005372728977818042,312287232,427819008,304,484,0.00020933395717293024,9.568198584020138e-05
A02,9,2,0.04846640001051128,0.0017775330343283713,0.012614553968887776,0.12931496900273487,0.1297568780137226,0.004319378989748657,312287232,427819008,304,484,0.00020730402320623398,9.413098450750113e-05
A02,10,1,0.05374025698984042,0.001753523014485836,0.015169761958532035,0.129300429020077,0.12947422300931066,0.006002900016028434,312287232,427819008,304,484,0.0002106839674524963,8.41420260258019e-05
A02,11,1,0.04825286497361958,0.0018244339735247195,0.012637923995498568,0.12926670897286385,0.1289365029660985,0.007742452959064394,312287232,427819008,304,484,0.00019763398449867964,8.757197065278888e-05
A02,14,1,0.048446219007018954,0.0017449019942432642,0.012711696035694331,0.12832900101784617,0.1295829850132577,0.004027443996164948,312287232,427819008,304,484,0.00019578298088163137,8.595199324190617e-05
A02,15,1,0.04793855897150934,0.0017191520310007036,0.012651394994463772,0.12935261003440246,0.13029351801378652,0.004107325046788901,312287232,427819008,304,484,0.00019612401956692338,8.837197674438357e-05
A02,16,1,0.048249386018142104,0.0017815519822761416,0.012791157991159707,0.1294141300022602,0.12958953494671732,0.011282849998679012,312287232,427819008,304,484,0.00019516400061547756,8.756096940487623e-05
A02,19,2,0.04806125204777345,0.001802312966901809,0.01264794502640143,0.12795881397323683,0.1293213589815423,0.00401335401693359,312287232,427819008,304,484,0.00020740402396768332,9.26509965211153e-05
A02,20,3,0.04831288702553138,0.0018646849785000086,0.012262956995982677,0.12931037897942588,0.1311849739868194,0.004110036010388285,312287232,427819008,304,484,0.0002098039840348065,9.364105062559247e-05
A02,21,2,0.04794586997013539,0.0018859150004573166,0.01266978500643745,0.12805135600501671,0.12869825802044943,0.004215537977870554,312287232,427819008,304,484,0.00020862399833276868,9.264197433367372e-05
A02,22,2,0.04825085500488058,0.002076858014333993,0.015695501992013305,0.1294165119761601,0.12954456399893388,0.004291729012038559,312287232,427819008,304,484,0.0002061030245386064,9.419198613613844e-05
A02,23,3,0.04900599899701774,0.0018256140174344182,0.011794038990046829,0.1294555120402947,0.13000346202170476,0.004422972036991268,312287232,427819008,304,484,0.00021319399820640683,9.27910441532731e-05
A02,24,2,0.04977070394670591,0.0027209310210309923,0.011908050975762308,0.12781955098034814,0.12795440398622304,0.004266330040991306,312287232,427819008,304,484,0.00020707398653030396,9.280198719352484e-05
A02,25,2,0.04989322600886226,0.001894165005069226,0.015450525970663875,0.12839844304835424,0.12811699695885181,0.011321558966301382,312287232,427819008,304,484,0.00020187400514259934,9.342195698991418e-05
A02,26,3,0.05098608700791374,0.0018589039682410657,0.012381470005493611,0.12787208199733868,0.13018298603128642,0.0076624820358119905,312287232,427819008,304,484,0.00020522403065115213,9.291101014241576e-05
A02,27,2,0.04801122099161148,0.00191982596879825,0.012492912006564438,0.1294382709893398,0.12989169999491423,0.004318070015870035,312287232,427819008,304,484,0.00020891398889943957,9.263202082365751e-05
A02,28,2,0.04855942097492516,0.0018156839651055634,0.012511471984907985,0.12975160696078092,0.12861343601252884,0.005417941021732986,312287232,427819008,304,484,0.00021406396990641952,9.395199595019221e-05
A02,29,2,0.050691280979663134,0.001964955998118967,0.011934622016269714,0.12890400097239763,0.12898572301492095,0.004432162037119269,312287232,427819008,304,484,0.0002067339955829084,9.575195144861937e-05
A02,30,2,0.05044799600727856,0.0018541640019975603,0.014708172995597124,0.12855033500818536,0.1308148470125161,0.007807065965607762,312287232,427819008,304,484,0.00020777294412255287,9.089201921597123e-05
A02,31,2,0.048424548003822565,0.0019140460062772036,0.012703795975539833,0.13106195197906345,0.13021087599918246,0.004252249025739729,312287232,427819008,304,484,0.00020648399367928505,9.434204548597336e-05
A02,32,3,0.04851972096366808,0.0018112229881808162,0.011457222979515791,0.1299802819848992,0.13058198301587254,0.004746688005980104,312287232,427819008,304,484,0.000261825043708086,0.00012094195699319243
A02,33,2,0.05957135499920696,0.0020486380090005696,0.01290567999240011,0.13017039495753124,0.1303963499958627,0.008262653020210564,312287232,427819008,304,484,0.00021055398974567652,9.406195022165775e-05
A02,34,1,0.051683118974324316,0.0018371639889664948,0.012516771967057139,0.13081523700384423,0.13029674696736038,0.004236779001075774,312287232,427819008,304,484,0.0001943330280482769,8.969201007857919e-05
A02,35,1,0.05388800002401695,0.0018716849735938013,0.014478367986157537,0.12973071803571656,0.13112604297930375,0.007962437986861914,312287232,427819008,304,484,0.00019814400002360344,9.129103273153305e-05
A02,36,2,0.05144853499950841,0.001824474020395428,0.013293056981638074,0.12865355698158965,0.1298724799999036,0.009341083001345396,312287232,427819008,304,484,0.00021385395666584373,9.211100405082107e-05
A02,37,3,0.048940378008410335,0.0019427459919825196,0.012545512989163399,0.12916362698888406,0.13011449394980446,0.004086984961759299,312287232,427819008,304,484,0.00020678399596363306,9.13020339794457e-05
A02,38,3,0.04845379904145375,0.0018161240150220692,0.01309765299083665,0.12881093000760302,0.13080350699601695,0.004220967995934188,312287232,427819008,304,484,0.00022426398936659098,9.238196071237326e-05
A02,40,1,0.05128052196232602,0.0018534850096330047,0.013279385981149971,0.12993986101355404,0.12949907302390784,0.008039859007112682,312287232,427819008,304,484,0.00020868401043117046,8.887203875929117e-05
A02,43,1,0.06233825703384355,0.001881834992673248,0.012520302028860897,0.12849136401200667,0.129537682980299,0.004204008961096406,312287232,427819008,304,484,0.0001977540086954832,9.126204531639814e-05
A02,44,3,0.049521128996275365,0.0020223180181346834,0.012690456002019346,0.13022111699683592,0.13015910499962047,0.007502818945795298,312287232,427819008,304,484,0.00021385401487350464,0.00010113196913152933
A02,46,1,0.048206634004600346,0.0017475520144216716,0.012719996040686965,0.12864799704402685,0.12965317600173876,0.009020588011480868,312287232,427819008,304,484,0.00019829400116577744,8.737103780731559e-05
A02,47,1,0.050381134962663054,0.0018667439580895007,0.013137714006006718,0.12866337702143937,0.12977956800023094,0.0044204430305399,312287232,427819008,304,484,0.00020167301408946514,8.656101999804378e-05
A02,49,1,0.048006681026890874,0.0017502819537185133,0.0123106490354985,0.128212750016246,0.12949671305250376,0.007709942990913987,312287232,427819008,304,484,0.0001964240218512714,8.752098074182868e-05
A02,52,1,0.048072812031023204,0.0017792930011637509,0.012429090042132884,0.130217655969318,0.12993699102662504,0.004282487963791937,312287232,427819008,304,484,0.00019735301611945033,8.650199742987752e-05
A02,53,1,0.048669012961909175,0.0017983230063691735,0.013572341995313764,0.12973562703700736,0.12951954401796684,0.00928318197838962,312287232,427819008,304,484,0.00020918401423841715,8.912099292501807e-05
A02,55,1,0.05042644595960155,0.0017732320120558143,0.012765606981702149,0.12955283297924325,0.13025752699468285,0.004174188012257218,312287232,427819008,304,484,0.00019640399841591716,8.763099322095513e-05
A02,56,1,0.05029561300761998,0.0018154439749196172,0.012420450046192855,0.13021509599639103,0.12972847797209397,0.004313261015340686,312287232,427819008,304,484,0.00020006299018859863,9.462202433496714e-05
A02,58,2,0.049127920996397734,0.0018367539742030203,0.012327189033385366,0.13035884901182726,0.13051428203471005,0.005568692984525114,312287232,427819008,304,484,0.00021332403412088752,9.427196346223354e-05
A02,59,1,0.06032295897603035,0.0030513469828292727,0.018251079018227756,0.13038781902287155,0.13020445697475225,0.004562623973470181,312287232,427819008,304,484,0.00020331400446593761,9.136099833995104e-05
A02,60,1,0.05273673898773268,0.0017299819737672806,0.012523651996161789,0.12911687599262223,0.13069509499473497,0.008198241994250566,312287232,427819008,304,484,0.0001979130320250988,8.810200961306691e-05
A02,64,2,0.04982077400200069,0.0018974959966726601,0.012220715987496078,0.12945253303041682,0.128711668017786,0.005480051971971989,312287232,427819008,304,484,0.0002104739542119205,9.475101251155138e-05
A02,66,1,0.050397534971125424,0.001792833034414798,0.01445589802460745,0.13034300896106288,0.12988940998911858,0.004141056968364865,312287232,427819008,304,484,0.00019917404279112816,8.751096902415156e-05
A02,67,2,0.04876892501488328,0.001914345019031316,0.012468970962800086,0.12921485799597576,0.12858078599674627,0.006196564994752407,312287232,427819008,304,484,0.00020425301045179367,9.775202488526702e-05
A02,68,3,0.050170531030744314,0.0018489349749870598,0.014188612985890359,0.1286090060020797,0.12966019497253,0.004324160981923342,312287232,427819008,304,484,0.00020938401576131582,9.824096923694015e-05
A02,69,3,0.04978348303120583,0.0019517469918355346,0.01125010900432244,0.1297973080072552,0.13050380197819322,0.004356461053248495,312287232,427819008,304,484,0.00020867300918325782,9.92819550447166e-05
A02,70,3,0.05137022299459204,0.0019272560020908713,0.013216725026722997,0.13013275497360155,0.13006650295574218,0.008123811043333262,312287232,427819008,304,484,0.00020994397345930338,9.225099347531796e-05
A02,71,2,0.04954144899966195,0.0018286240519955754,0.012158666038885713,0.12989020004170015,0.13003634399501607,0.005596803035587072,312287232,427819008,304,484,0.00023715500719845295,0.00010221201227977872
A02,72,3,0.06219568400410935,0.0030645469669252634,0.016660208988469094,0.13042232097359374,0.13013924501137808,0.004353149968665093,312287232,427819008,304,484,0.00021081400336697698,9.422103175893426e-05
A02,73,4,0.04890463798074052,0.0019429459935054183,0.012766926956828684,0.12956292397575453,0.12964358599856496,0.004574264050461352,312287232,427819008,304,484,0.00020765396766364574,9.290099842473865e-05
A02,74,3,0.04891411797143519,0.0018672140431590378,0.012264327029697597,0.1301905260188505,0.13018538599135354,0.00885797303635627,312287232,427819008,304,484,0.00021019403357058764,9.473197860643268e-05
A02,75,3,0.050600868999026716,0.002969235007185489,0.01341926900204271,0.13025311700766906,0.1298324500094168,0.007127111020963639,312287232,427819008,304,484,0.00023167399922385812,9.340199176222086e-05
A02,76,3,0.050319704052526504,0.001964777009561658,0.013629462977405638,0.13028229802148417,0.12983340997016057,0.004388221015688032,312287232,427819008,304,484,0.00021139398450031877,9.356200462207198e-05
A02,77,2,0.05353278300026432,0.001844025042373687,0.012862898001912981,0.12966220697853714,0.13025536702480167,0.004126777057535946,312287232,427819008,304,484,0.0002071839990094304,9.118195157498121e-05
A02,78,2,0.051158429007045925,0.001968957018107176,0.013081123004667461,0.13070397597039118,0.12982195796212181,0.0042771800071932375,312287232,427819008,304,484,0.00021007301984354854,9.265204425901175e-05
A02,79,1,0.050559268973302096,0.0018229930428788066,0.012722065963316709,0.13026971701765433,0.1300993449985981,0.004278068954590708,312287232,427819008,304,484,0.0001976040075533092,8.687202353030443e-05
A02,80,6,0.0513713940163143,0.0019829170196317136,0.012785247003193945,0.1299935220158659,0.12979776895372197,0.0044292910024523735,312287232,427819008,304,484,0.00021883397130295634,0.00011796201579272747
A02,81,2,0.050804892962332815,0.0019012459670193493,0.012022231996525079,0.1303752399981022,0.12998144299490377,0.004392681003082544,312287232,427819008,304,484,0.0002128040068782866,9.308097651228309e-05
A02,82,2,0.050971435965038836,0.0018317140056751668,0.012459710997063667,0.12958224501926452,0.12842159299179912,0.005514662945643067,312287232,427819008,304,484,0.00021399400429800153,9.6782052423805e-05
A02,83,1,0.05084071302553639,0.001776393037289381,0.01316049403976649,0.12852102500619367,0.12850064499070868,0.005058334034401923,312287232,427819008,304,484,0.000204422976821661,9.188201511278749e-05
A02,84,2,0.05425928795011714,0.0022850920213386416,0.012608474004082382,0.12963696499355137,0.12874216900672764,0.005120185960549861,312287232,427819008,304,484,0.00021138397278264165,9.530200622975826e-05
A02,85,4,0.05188604298746213,0.0022189209703356028,0.013380748976487666,0.1286416370421648,0.13027561799390242,0.004470521991606802,312287232,427819008,304,484,0.00021473399829119444,9.67920059338212e-05
A02,86,3,0.05065173003822565,0.002049728005658835,0.011987932026386261,0.1301698160241358,0.1304069299949333,0.0040244749980047345,312287232,427819008,304,484,0.00020858400966972113,9.604200022295117e-05
A02,87,4,0.05115583899896592,0.002214431995525956,0.01201538200257346,0.13051640300545841,0.12994280201382935,0.004302959016058594,312287232,427819008,304,484,0.00020994397345930338,9.37319709919393e-05
A02,88,1,0.04934311500983313,0.001846864994149655,0.012551922991406173,0.1312359349685721,0.12946969200856984,0.004556105996016413,312287232,427819008,304,484,0.00019846303621307015,8.933199569582939e-05
A02,89,2,0.0504138550022617,0.0019707660540007055,0.011664266989100724,0.12850230501499027,0.12911658600205556,0.005095203989185393,312287232,427819008,304,484,0.0002185039920732379,9.946199133992195e-05
A02,90,1,0.05781253200257197,0.0024736960185691714,0.013318707002326846,0.13040458998875692,0.12876270996639505,0.0055393329821527,312287232,427819008,304,484,0.00019667402375489473,8.816097397357225e-05
A02,91,3,0.05062842997722328,0.0018897450063377619,0.012256937043275684,0.12980886799050495,0.12829045101534575,0.00930853298632428,312287232,427819008,304,484,0.00022152403835207224,9.544199565425515e-05
A02,93,3,0.05103966704336926,0.0018255839822813869,0.01259082299657166,0.12969839700963348,0.13010573497740552,0.0047596480580978096,312287232,427819008,304,484,0.00021107401698827744,9.480200242251158e-05
A02,94,1,0.05339763103984296,0.001948787015862763,0.011470273020677269,0.13085640803910792,0.13011643500067294,0.009800233005080372,312287232,427819008,304,484,0.0001990229939110577,8.875195635482669e-05
A02,95,1,0.05097361496882513,0.001972477009985596,0.012026902986690402,0.12866424798266962,0.13017941603902727,0.0080455900169909,312287232,427819008,304,484,0.00019845302449539304,8.519197581335902e-05
A02,97,4,0.05172172002494335,0.0019925670349039137,0.011557525023818016,0.13002002303255722,0.129621795960702,0.004493493004702032,312287232,427819008,304,484,0.00021168397506698966,9.424099698662758e-05
A02,98,2,0.04862205300014466,0.0018379639950580895,0.014227253966964781,0.12901804398279637,0.12885300198104233,0.005752455967012793,312287232,427819008,304,484,0.00020897400099784136,9.342201519757509e-05
A02,99,3,0.05205720604863018,0.001979577005840838,0.011373400979209691,0.12831898097647354,0.13062674400862306,0.004291668010409921,312287232,427819008,304,484,0.00021453399676829576,9.634200250729918e-05
A02,100,3,0.050486076972447336,0.0019341259612701833,0.01283548801438883,0.12961241597076878,0.1299370220513083,0.008104089996777475,312287232,427819008,304,484,0.00020863395184278488,9.426200995221734e-05
A02,101,5,0.04989899700740352,0.002012457000091672,0.012265987053979188,0.13079439697321504,0.1301091740024276,0.004107636981643736,312287232,427819008,304,484,0.0002102340222336352,9.375199442729354e-05
A02,102,3,0.04953078995458782,0.0018956349813379347,0.01241228001890704,0.13031129800947383,0.13043143099639565,0.004267828946467489,312287232,427819008,304,484,0.00020774401491507888,9.367195889353752e-05
A02,103,3,0.050266572972759604,0.0019523960072547197,0.012756505981087685,0.1299913629773073,0.1301803449750878,0.011574976029805839,312287232,427819008,304,484,0.00020693399710580707,9.195099119096994e-05
A02,104,4,0.047971141000743955,0.001948536024428904,0.012576373992487788,0.13056592299835756,0.1298738699988462,0.004221219045575708,312287232,427819008,304,484,0.00021240400383248925,9.304197737947106e-05
A02,105,3,0.04856348200701177,0.002094617986585945,0.012641254987102002,0.129543503979221,0.12944878300186247,0.008957765996456146,312287232,427819008,304,484,0.00021145399659872055,9.168201358988881e-05
A02,106,2,0.04975014296360314,0.0019554669852368534,0.01233142800629139,0.12882925098529086,0.12857766600791365,0.006389228976331651,312287232,427819008,304,484,0.00020986399613320827,9.365094592794776e-05
A02,107,1,0.04842030897270888,0.001954275998286903,0.014399377047084272,0.12913976598065346,0.1298971200012602,0.004033915989566594,312287232,427819008,304,484,0.0001951140002347529,8.44610040076077e-05
A02,109,2,0.04885532701155171,0.0026079490198753774,0.012596674030646682,0.12842535297386348,0.13046626199502498,0.004148836014792323,312287232,427819008,304,484,0.00020800402853637934,9.44010098464787e-05
A02,110,2,0.048406149027869105,0.001954586012288928,0.012912030040752143,0.1301756749744527,0.1298913800274022,0.004361152008641511,312287232,427819008,304,484,0.00020614400273188949,9.702198440209031e-05
A02,111,2,0.05084068397991359,0.0019308559712953866,0.01190087100258097,0.13071536598727107,0.1301737559842877,0.004005265072919428,312287232,427819008,304,484,0.00021357397781684995,0.00011035200441256166
A02,112,6,0.048675454047042876,0.0021932710078544915,0.012379730003885925,0.12882403994444758,0.13067492505069822,0.008861884998623282,312287232,427819008,304,484,0.0002076429664157331,9.285204578191042e-05
A02,113,5,0.04831436701351777,0.001996026956476271,0.012348799034953117,0.12864762800745666,0.12874318001559004,0.008694500953424722,312287232,427819008,304,484,0.00021224399097263813,9.242200758308172e-05
A02,114,2,0.048399699036963284,0.001890945015475154,0.011206457973457873,0.13027670700103045,0.13009849400259554,0.004013564961496741,312287232,427819008,304,484,0.00020276400027796626,9.698199573904276e-05
A02,115,1,0.05073395202634856,0.002694570051971823,0.013619811972603202,0.1300976150087081,0.1294175009825267,0.01132809097180143,312287232,427819008,304,484,0.00019567395793274045,8.43909801915288e-05
A02,116,4,0.049015819968190044,0.0020901180105283856,0.012403949978761375,0.12854601599974558,0.1301887360168621,0.00434524001320824,312287232,427819008,304,484,0.00022913399152457714,9.902199963107705e-05
A02,117,5,0.0492300940095447,0.0020228279754519463,0.011904871033038944,0.13078267802484334,0.12926550896372646,0.011118285998236388,312287232,427819008,304,484,0.0002100240089930594,9.439198765903711e-05
A02,118,1,0.04808568302541971,0.0019268159521743655,0.012340547982603312,0.12991007103119045,0.13084434904158115,0.004694957926403731,312287232,427819008,304,484,0.00020545395091176033,9.18920268304646e-05
A02,119,3,0.05047192599158734,0.0019811869715340436,0.012404459994286299,0.12997823196928948,0.1299821920110844,0.004396962991449982,312287232,427819008,304,484,0.00021403399296104908,9.340199176222086e-05
A02,121,2,0.050737191981170326,0.0019843769841827452,0.014047040953300893,0.13022128702141345,0.12988770997617394,0.004056806035805494,312287232,427819008,304,484,0.0002238539746031165,9.726203279569745e-05
A02,122,3,0.04843344900291413,0.001903256052173674,0.012699515034910291,0.12971583800390363,0.13049959199270234,0.0077623940305784345,312287232,427819008,304,484,0.000210744037758559,9.755196515470743e-05
A02,123,2,0.04835549701238051,0.0018932049861177802,0.012129854992963374,0.1299797529936768,0.12985969003057107,0.004172357032075524,312287232,427819008,304,484,0.00020701397443190217,9.090197272598743e-05
A02,126,3,0.04826762602897361,0.001961696019861847,0.012373890029266477,0.12972502800403163,0.12992685195058584,0.004165646911133081,312287232,427819008,304,484,0.00020546402083709836,9.338103700429201e-05
A02,127,5,0.04922568402253091,0.0020828479900956154,0.012238816998433322,0.13059719401644543,0.12981988897081465,0.011343600985128433,312287232,427819008,304,484,0.00020466302521526814,9.74519643932581e-05
A02,128,4,0.049307116016279906,0.002016266982536763,0.013099054049234837,0.1298889210447669,0.13111577299423516,0.004582865978591144,312287232,427819008,304,484,0.00021102401660755277,9.312201291322708e-05
A02,129,2,0.05023721297038719,0.001941645983606577,0.012378469982650131,0.12946656200801954,0.13156859198352322,0.004430091998074204,312287232,427819008,304,484,0.0002793549792841077,0.00013584195403382182
A02,130,1,0.05302727501839399,0.001887204998638481,0.012645384995266795,0.13091256999177858,0.1296985269873403,0.007768684066832066,312287232,427819008,304,484,0.00019942299695685506,8.778204210102558e-05
A02,131,2,0.05340125097427517,0.0019704060396179557,0.016703750006854534,0.12852474598912522,0.1306147240102291,0.007174521975684911,312287232,427819008,304,484,0.00020687398500740528,9.497202700003982e-05
A02,132,3,0.05167824897216633,0.0022823219769634306,0.013338388002011925,0.12844320404110476,0.12975902803009376,0.004142017045523971,312287232,427819008,304,484,0.0002119939890690148,9.173195576295257e-05
A02,133,5,0.050062288995832205,0.002834273036569357,0.014853804954327643,0.12929016997804865,0.12985150003805757,0.00804582901764661,312287232,427819008,304,484,0.00021369400201365352,9.32919792830944e-05
A02,134,5,0.05391196103300899,0.0019887269590981305,0.01669365999987349,0.12960954499430954,0.130433761049062,0.008179252967238426,312287232,427819008,304,484,0.00022127397824078798,9.513198165223002e-05
A02,135,6,0.05068276997189969,0.002240732021164149,0.011144256975967437,0.12859442696208134,0.12893850303953514,0.005591582041233778,312287232,427819008,304,484,0.0002124439924955368,9.429198689758778e-05
A02,136,2,0.05095773603534326,0.0018410240299999714,0.012329008954111487,0.13008374499622732,0.1295038039679639,0.008165301056578755,312287232,427819008,304,484,0.00021036399994045496,9.156198939308524e-05
A02,137,4,0.0522189189796336,0.002098349970765412,0.011515552992932498,0.1283049409976229,0.13022383803036064,0.004266499017830938,312287232,427819008,304,484,0.0002072540228255093,9.370205225422978e-05
A02,138,2,0.05196574499132112,0.002064798027276993,0.011935580987483263,0.12834891199599952,0.1283842230332084,0.008758632990065962,312287232,427819008,304,484,0.0002084140432998538,9.379198309034109e-05
A02,140,2,0.05288155103335157,0.001991858007386327,0.012110104027669877,0.12945964303798974,0.13002374401548877,0.0069222679594531655,312287232,427819008,304,484,0.00021007400937378407,9.520200546830893e-05
A02,141,1,0.05168000905541703,0.0017040219972841442,0.01205318298889324,0.13061766495229676,0.13018921698676422,0.0042362979729659855,312287232,427819008,304,484,0.00019834295380860567,8.805200923234224e-05
A02,142,3,0.04850321001140401,0.001905625977087766,0.015614530013408512,0.12987492000684142,0.12870371900498867,0.011570664995815605,312287232,427819008,304,484,0.0002057940000668168,9.812199277803302e-05
A02,144,3,0.052003075019456446,0.0018522639875300229,0.012348129006568342,0.1302548770327121,0.1301594260148704,0.00425830896710977,312287232,427819008,304,484,0.00020686397328972816,9.234203025698662e-05
A02,145,7,0.05464545398717746,0.002142820041626692,0.014369426993653178,0.13074805698124692,0.13011550501687452,0.011888229986652732,312287232,427819008,304,484,0.00021725398255512118,9.492202661931515e-05
A02,146,3,0.05691488698357716,0.0021023890003561974,0.012619323970284313,0.12845775397727266,0.13086735899560153,0.004244069918058813,312287232,427819008,304,484,0.0002097439719364047,9.314203634858131e-05
A02,147,2,0.04896058898884803,0.0019753670203499496,0.01230097800726071,0.13026088802143931,0.13037398003507406,0.007749482989311218,312287232,427819008,304,484,0.00020414299797266722,9.451201185584068e-05
A02,148,3,0.04856023099273443,0.002358344034291804,0.012995692028198391,0.13054920302238315,0.13027457799762487,0.004289759963285178,312287232,427819008,304,484,0.00021396396914497018,9.414099622517824e-05
A02,149,4,0.051167479949072,0.002003037021495402,0.012061184039339423,0.13010661501903087,0.1308008180349134,0.004324200039263815,312287232,427819008,304,484,0.0002117329859174788,0.00010529201244935393
A02,150,2,0.050865454017184675,0.0019427159568294883,0.012066424009390175,0.13012331497156993,0.13027690898161381,0.004262918955646455,312287232,427819008,304,484,0.00021188397658988833,9.490200318396091e-05
A02,151,5,0.05068458104506135,0.0020279180025681853,0.011393402004614472,0.13061146502150223,0.1302662380039692,0.004180608026217669,312287232,427819008,304,484,0.00020920397946611047,9.18410369195044e-05
A02,152,2,0.05148070497671142,0.0019171249587088823,0.012341529014520347,0.1288107510190457,0.13077463797526434,0.004281899018678814,312287232,427819008,304,484,0.0002125939936377108,9.624200174584985e-05
A02,154,4,0.050776022020727396,0.0020100679830648005,0.01198050199309364,0.12895132397534326,0.12920526799280196,0.0060829330468550324,312287232,427819008,304,484,0.00021074397955089808,9.509199298918247e-05
A02,155,4,0.05050161696271971,0.0020838589989580214,0.012525553000159562,0.12903448496945202,0.13036399998236448,0.0060381320072337985,312287232,427819008,304,484,0.00021340401144698262,9.301200043410063e-05
A02,156,4,0.0493335549836047,0.001944157003890723,0.011710307036992162,0.13095605099806562,0.13018009695224464,0.004300019063521177,312287232,427819008,304,484,0.00021505402401089668,9.589199908077717e-05
A02,157,2,0.05061360000399873,0.00200274697272107,0.012587543984409422,0.13027874799445271,0.13037889101542532,0.0078797850292176,312287232,427819008,304,484,0.00020500400569289923,9.187200339511037e-05
A02,158,2,0.054293307999614626,0.0018680740031413734,0.011713257990777493,0.12905494502047077,0.13065316498978063,0.004200588969979435,312287232,427819008,304,484,0.00020522403065115213,9.961199248209596e-05
A02,159,4,0.04837920697173104,0.00200941797811538,0.01612380996812135,0.1305120019824244,0.13046832097461447,0.004156958020757884,312287232,427819008,304,484,0.00021126394858583808,9.31419781409204e-05
A02,160,3,0.050350564008113,0.0018016329850070179,0.011444852978456765,0.13044933194760233,0.1305259540094994,0.004310499003622681,312287232,427819008,304,484,0.00021194398868829012,9.541201870888472e-05
A02,161,2,0.05129906296497211,0.0019363259780220687,0.012382020009681582,0.13013672502711415,0.1302676280029118,0.008392204996198416,312287232,427819008,304,484,0.00020402303198352456,9.245198452845216e-05
A02,162,5,0.05055123899364844,0.002139509015250951,0.012350989039987326,0.13033835898386315,0.13098581100348383,0.004287589981686324,312287232,427819008,304,484,0.00020957301603630185,9.389198385179043e-05
A02,163,6,0.05094775598263368,0.0021651900024153292,0.012704145978204906,0.13001156301470473,0.1308727089781314,0.004350181028712541,312287232,427819008,304,484,0.00021481403382495046,9.747198782861233e-05
A02,164,3,0.0507414520252496,0.002009337011259049,0.012388249044306576,0.12974292901344597,0.13025167700834572,0.004545524017885327,312287232,427819008,304,484,0.00020599400158971548,9.4162009190768e-05
A02,165,5,0.04837470798520371,0.002053768024779856,0.012818538001738489,0.12893391301622614,0.13072628702502698,0.004070805967785418,312287232,427819008,304,484,0.00020606396719813347,9.32219554670155e-05
A02,166,2,0.04967531200964004,0.0019199760281480849,0.012790126958861947,0.13008600496686995,0.13038187002530321,0.004270030010957271,312287232,427819008,304,484,0.00020671403035521507,9.417202090844512e-05
A02,167,4,0.059223998978268355,0.0028305320302024484,0.014680191990919411,0.1301362660015002,0.13092355005210266,0.008060690015554428,312287232,427819008,304,484,0.00020868401043117046,9.413203224539757e-05
A02,169,3,0.0534052710281685,0.0019226860022172332,0.012709606031421572,0.13042889995267615,0.12883947201771662,0.005453291989397258,312287232,427819008,304,484,0.00021114398259669542,9.79619799181819e-05
A02,170,4,0.04970172297907993,0.00204214797122404,0.0129072800045833,0.12985923001542687,0.13134159799665213,0.011665707046631724,312287232,427819008,304,484,0.00020707398653030396,9.235099423676729e-05
A02,171,4,0.051015897013712674,0.0018959949957206845,0.014464289008174092,0.13040889095282182,0.13058482395717874,0.0040645350236445665,312287232,427819008,304,484,0.00021064403699710965,9.320100070908666e-05
A02,172,2,0.0500523189548403,0.0019301360007375479,0.012956841033883393,0.1310917339869775,0.13032160903094336,0.004121427016798407,312287232,427819008,304,484,0.00020552403293550014,9.388197213411331e-05
A02,173,2,0.04944182699546218,0.001966127019841224,0.01285491802264005,0.13048659299965948,0.13128308701561764,0.011743577022571117,312287232,427819008,304,484,0.00021129398373886943,9.632197907194495e-05
A02,174,3,0.04883615602739155,0.0019404569757170975,0.012745165964588523,0.13031472900183871,0.13017854699864984,0.004284108988940716,312287232,427819008,304,484,0.00020748400129377842,9.226100519299507e-05
A02,175,2,0.04872226499719545,0.00194890599232167,0.012749456975143403,0.1310713329585269,0.1302973490091972,0.004072396026458591,312287232,427819008,304,484,0.00021070399088785052,9.112199768424034e-05
A02,176,3,0.04854648100445047,0.001995717000681907,0.012695894984062761,0.12987304100533947,0.13080619898391888,0.004533383005764335,312287232,427819008,304,484,0.0002201140159741044,9.429204510524869e-05
A02,177,3,0.05137574399122968,0.002517406945116818,0.014893535990267992,0.12974755803588778,0.13015584601089358,0.0046270269667729735,312287232,427819008,304,484,0.00020750402472913265,9.294203482568264e-05
A02,178,5,0.05106815800536424,0.002164660021662712,0.012845958990510553,0.13113117398461327,0.12980513903312385,0.00441082299221307,312287232,427819008,304,484,0.0002066739834845066,9.381200652569532e-05
A02,179,3,0.04848765901988372,0.0018532549729570746,0.013729684986174107,0.1289326439728029,0.12982896994799376,0.004362770006991923,312287232,427819008,304,484,0.00021049403585493565,9.339203825220466e-05
A02,180,3,0.051020616956520826,0.001966256008017808,0.014249705011025071,0.12880353099899366,0.13157370302360505,0.004386681015603244,312287232,427819008,304,484,0.00020538398530334234,9.332102490589023e-05
A02,181,5,0.05308618501294404,0.0019267260213382542,0.01169433700852096,0.1307332770084031,0.1302717090002261,0.004297678999137133,312287232,427819008,304,484,0.00021598400780931115,9.840202983468771e-05
A02,182,4,0.05135562299983576,0.0020586379687301815,0.013852477015461773,0.12972522800555453,0.13087437901413068,0.004617016005795449,312287232,427819008,304,484,0.000208273995667696,9.372195927426219e-05
A02,183,6,0.05555915198056027,0.001985075999982655,0.012606923992279917,0.1288711919914931,0.12961868703132495,0.00587178795831278,312287232,427819008,304,484,0.00021210400154814124,9.371200576424599e-05
A02,184,5,0.049531550030224025,0.001977905980311334,0.012414831027854234,0.13034895004238933,0.1286594679695554,0.004351191048044711,312287232,427819008,304,484,0.00021281401859596372,9.363103890791535e-05
A02,185,3,0.04878773499513045,0.001850364962592721,0.011824638990219682,0.12876032100757584,0.1305754940258339,0.00440350198186934,312287232,427819008,304,484,0.00021168403327465057,9.158201282843947e-05
A02,186,2,0.0485879709594883,0.0018039540154859424,0.012733406038023531,0.13013729598606005,0.1305008929921314,0.007692112936638296,312287232,427819008,304,484,0.0002115829847753048,9.32820257730782e-05
A02,187,3,0.04845877003390342,0.001994067046325654,0.01222744700498879,0.13080599799286574,0.1301459259702824,0.00428930000634864,312287232,427819008,304,484,0.00020837399642914534,9.371101623401046e-05
A02,188,1,0.05124998098472133,0.0024945170152932405,0.015054949035402387,0.13000688300235197,0.13078303902875632,0.004496812995057553,312287232,427819008,304,484,0.00019421399338170886,8.699099998921156e-05
A02,189,2,0.04980788502143696,0.001878395036328584,0.01700582599733025,0.1290454359841533,0.13041654095286503,0.0041918279603123665,312287232,427819008,304,484,0.00021011399803683162,9.161100024357438e-05
A02,190,1,0.048843805969227105,0.001899886003229767,0.01488459698157385,0.13067833503009751,0.1301656669820659,0.004143787024077028,312287232,427819008,304,484,0.0001992330071516335,0.00010572199244052172
A02,191,4,0.050662751018535346,0.001983007008675486,0.011967501952312887,0.13019525702111423,0.13068791601108387,0.004144117061514407,312287232,427819008,304,484,0.00021190400002524257,0.00011185300536453724
A02,192,6,0.04899879900040105,0.002015436999499798,0.01277955702971667,0.1297690289793536,0.13163586397422478,0.004430421977303922,312287232,427819008,304,484,0.0002121540019288659,9.51309921219945e-05
A02,193,4,0.05051091802306473,0.001984076981898397,0.01271948596695438,0.13104625302366912,0.13014191499678418,0.004310540040023625,312287232,427819008,304,484,0.0002723449724726379,0.0001339029986411333
A02,194,6,0.04936230601742864,0.001962276000995189,0.012724725995212793,0.12878851097775623,0.1305632739677094,0.005433470942080021,312287232,427819008,304,484,0.00021239399211481214,9.4162009190768e-05
A02,195,5,0.048906637995969504,0.002005196991376579,0.012150356022175401,0.12847067398251966,0.12931297003524378,0.011424113996326923,312287232,427819008,304,484,0.00020831398433074355,9.60809993557632e-05
A02,196,7,0.0529322829679586,0.0030335159972310066,0.012722756015136838,0.1309661220293492,0.1298567809863016,0.00427023897645995,312287232,427819008,304,484,0.00020739296451210976,9.462196612730622e-05
A02,197,6,0.04858996096299961,0.0019423270132392645,0.011894960014615208,0.12902755598770455,0.1305185739765875,0.0042890680488198996,312287232,427819008,304,484,0.0002131640212610364,9.457196574658155e-05
A02,198,3,0.04970984300598502,0.00199032697128132,0.012668324983678758,0.12994419294409454,0.12889904296025634,0.011689506995026022,312287232,427819008,304,484,0.00020443397806957364,9.242095984518528e-05
A02,199,5,0.050704532011877745,0.0019976469920948148,0.012845289020333439,0.12982488103443757,0.12867153802653775,0.005254957999568433,312287232,427819008,304,484,0.00020925397984683514,9.712198516353965e-05
A08,2701,7,0.051573858014307916,0.002035696990787983,0.023117439006455243,0.1559969480149448,0.1283800849923864,0.00410884601296857,312287232,427819008,304,484,0.00021319399820640683,9.561202023178339e-05
A08,2702,2,0.04828314698534086,0.0018949259538203478,0.012214866001158953,0.12918151001213118,0.12855086801573634,0.004168296989519149,312287232,427819008,304,484,0.00020671298261731863,9.381200652569532e-05
A08,2703,2,0.048439449979923666,0.001798543962650001,0.012394301011227071,0.1284714369685389,0.1292567309574224,0.004217368899844587,312287232,427819008,304,484,0.00021140399621799588,9.352096822112799e-05
A08,2704,2,0.048409849987365305,0.0018675539758987725,0.012832008011173457,0.1421152399852872,0.1281628420110792,0.005418559943791479,312287232,427819008,304,484,0.00021159404423087835,9.185203816741705e-05
A08,2705,2,0.0483738380135037,0.0018464449676685035,0.012489662040024996,0.12825392198283225,0.13016791903646663,0.004286100040189922,312287232,427819008,304,484,0.00021145399659872055,9.443203452974558e-05
A08,2706,2,0.0486203629989177,0.0017934640054591,0.01228459901176393,0.1296334289945662,0.1297117899521254,0.004291199962608516,312287232,427819008,304,484,0.00020889402367174625,9.195198072120547e-05
A08,2707,2,0.051533646997995675,0.0024548660148866475,0.01697522500762716,0.12981584196677431,0.12957339698914438,0.0041056660120375454,312287232,427819008,304,484,0.00021045398898422718,9.356095688417554e-05
A08,2708,3,0.04811273398809135,0.0018760640523396432,0.013058961951173842,0.12795758701395243,0.12874495197320357,0.005847499007359147,312287232,427819008,304,484,0.00021108402870595455,9.441201109439135e-05
A08,2709,4,0.04943407798418775,0.0019328760099597275,0.012290517974179238,0.1309469830011949,0.1298534119850956,0.004271900048479438,312287232,427819008,304,484,0.00021009397460147738,9.436201071366668e-05
A08,2710,6,0.04791653004940599,0.002009727992117405,0.01280705799581483,0.13047390402061865,0.1297655800008215,0.004167639010120183,312287232,427819008,304,484,0.00021133397240191698,9.750196477398276e-05
A08,2711,5,0.04810335399815813,0.002026547968853265,0.012884429015684873,0.1294357450096868,0.1292419810197316,0.0055329829920083284,312287232,427819008,304,484,0.0002120040007866919,0.00010123196989297867
A08,2712,11,0.048726234992500395,0.0022687320015393198,0.011917381023522466,0.12831328494939953,0.12988777295686305,0.004225158016197383,312287232,427819008,304,484,0.00022074399748817086,9.661202784627676e-05
A08,2713,5,0.04896416998235509,0.0019453560234978795,0.01200647302903235,0.12988729297649115,0.1297890410060063,0.004294639977160841,312287232,427819008,304,484,0.00021355401258915663,9.480200242251158e-05
A08,2714,6,0.04897929000435397,0.002057037956546992,0.013563631975557655,0.12925067101605237,0.12871075101429597,0.0054410609300248325,312287232,427819008,304,484,0.00020788394613191485,9.666202822700143e-05
A08,2715,4,0.048249537008814514,0.0019483360229060054,0.013186244992539287,0.1285611889907159,0.12981787201715633,0.004266818985342979,312287232,427819008,304,484,0.00020998402033001184,9.439198765903711e-05
A08,2716,6,0.05050030804704875,0.0020214279647916555,0.012564782984554768,0.1302197590121068,0.12987017299747095,0.004152427020017058,312287232,427819008,304,484,0.00020983396098017693,9.48919914662838e-05
A08,2717,6,0.050638371030800045,0.002152920002117753,0.014211215020623058,0.12970900000073016,0.13029655098216608,0.004224988981150091,312287232,427819008,304,484,0.00022868404630571604,0.00010109198046848178
A08,2718,4,0.04832318797707558,0.0019048760295845568,0.012384611007291824,0.12807508901460096,0.12853390804957598,0.00538112100912258,312287232,427819008,304,484,0.0002152139786630869,9.597098687663674e-05
A08,2719,2,0.051811223034746945,0.0018786750151775777,0.012248268001712859,0.13012873701518402,0.1299753050552681,0.004091445007361472,312287232,427819008,304,484,0.00020380399655550718,9.158096509054303e-05
A08,2720,4,0.04863900400232524,0.001990726974327117,0.012097414990421385,0.12948744499590248,0.1300044059753418,0.0044495719484984875,312287232,427819008,304,484,0.00020821398356929421,9.376200614497066e-05
A08,2721,1,0.04815488395979628,0.001983246998861432,0.011554193974006921,0.1282694130204618,0.13117519702063873,0.004136276955250651,312287232,427819008,304,484,0.00019903399515897036,8.815200999379158e-05
A08,2722,3,0.04942259797826409,0.0018738950020633638,0.012451742019038647,0.13045136298751459,0.13003243500133976,0.004041375999804586,312287232,427819008,304,484,0.00020613399101421237,9.294203482568264e-05
A08,2723,7,0.048027231998275965,0.0020564179867506027,0.012136885954532772,0.12927809200482443,0.13037106301635504,0.004733017995022237,312287232,427819008,304,484,0.0002145639737136662,9.397201938554645e-05
A08,2724,4,0.04848595103248954,0.0018781950348056853,0.012557613023091108,0.1293793239747174,0.12879993399837986,0.00551744201220572,312287232,427819008,304,484,0.00021011399803683162,9.441102156415582e-05
A08,2725,4,0.04947390896268189,0.001988847041502595,0.012120164989028126,0.12903394701424986,0.1296780600096099,0.004064354987349361,312287232,427819008,304,484,0.0002076139790005982,9.41719627007842e-05
A08,2726,6,0.04972957499558106,0.002150579006411135,0.012668824987486005,0.12948139500804245,0.13045172399142757,0.004142438061535358,312287232,427819008,304,484,0.00021386396838352084,9.617203613743186e-05
A08,2727,8,0.04807939298916608,0.0022598819923587143,0.013300056976731867,0.1289702960057184,0.12852653802838176,0.005596833943855017,312287232,427819008,304,484,0.00021640403429046273,9.563198545947671e-05
A08,2728,6,0.050031889986712486,0.0021408500033430755,0.012806677026674151,0.1290672180475667,0.12862427002983168,0.0042489589541219175,312287232,427819008,304,484,0.00021044403547421098,9.594199946150184e-05
A08,2729,6,0.049510229961015284,0.002163900004234165,0.01217650598846376,0.13007244700565934,0.13106762495590374,0.00418772897683084,312287232,427819008,304,484,0.0002356740296818316,9.597197640687227e-05
A08,2730,5,0.04813692398602143,0.002074607997201383,0.012604033981915563,0.12903588695917279,0.1285616389941424,0.005538782977964729,312287232,427819008,304,484,0.00021029397612437606,0.00010028097312897444
A08,2731,6,0.048371377983130515,0.002192790969274938,0.013785365968942642,0.12935669400030747,0.1287695129867643,0.005286286992486566,312287232,427819008,304,484,0.00021115399431437254,0.00010238098911941051
A08,2732,5,0.05037282599369064,0.002245282055810094,0.012560933013446629,0.12989856296917424,0.1306591079919599,0.004164248006418347,312287232,427819008,304,484,0.0002120640128850937,9.829201735556126e-05
A08,2733,5,0.0523943739826791,0.0021961210295557976,0.015291204035747796,0.1285088179865852,0.13098849303787574,0.004195259010884911,312287232,427819008,304,484,0.0002140440046787262,9.73119749687612e-05
A08,2734,3,0.05135053500998765,0.0020481079700402915,0.012265937984921038,0.13095607300056145,0.13005563704064116,0.00408726604655385,312287232,427819008,304,484,0.00020511401817202568,9.264203254133463e-05
A08,2735,5,0.049567510024644434,0.0020826489781029522,0.012689205992501229,0.13059419702040032,0.13053545501315966,0.004339769948273897,312287232,427819008,304,484,0.00021764397388324142,9.412196232005954e-05
A08,2736,4,0.04969683400122449,0.0020775090088136494,0.01279655797407031,0.13037277199327946,0.13039631297579035,0.004068215959705412,312287232,427819008,304,484,0.00020664301700890064,9.391200728714466e-05
A08,2737,3,0.048345029004849494,0.0019817670108750463,0.013831276970449835,0.13074858899926767,0.1296435589902103,0.0043865920742973685,312287232,427819008,304,484,0.00020475400378927588,9.284098632633686e-05
A08,2738,3,0.05060762003995478,0.0020170779898762703,0.013397208997048438,0.12849285802803934,0.1286384400445968,0.006669353984761983,312287232,427819008,304,484,0.00022353400709107518,9.984197095036507e-05
A08,2739,3,0.05362881696783006,0.0020542980055324733,0.012338669039309025,0.12880550394766033,0.1286614509881474,0.00574043596861884,312287232,427819008,304,484,0.00021070399088785052,9.362201672047377e-05
A08,2740,1,0.05066726100631058,0.0019135249895043671,0.015345524996519089,0.13002775597851723,0.12874854198889807,0.0055151619599200785,312287232,427819008,304,484,0.00023228500504046679,9.113096166402102e-05
A08,2741,2,0.04938043700531125,0.00285835302202031,0.012585763994138688,0.12845570698846132,0.12961941899266094,0.004207897000014782,312287232,427819008,304,484,0.00020744395442306995,9.677198249846697e-05
A08,2742,7,0.04919984401203692,0.0022372519597411156,0.011425082047935575,0.13015223800903186,0.1298989939969033,0.004010853997897357,312287232,427819008,304,484,0.00021127302898094058,9.513198165223002e-05
A08,2743,4,0.04755470296368003,0.001996106992010027,0.012678946950472891,0.1289991769590415,0.12872041197260842,0.006811976025346667,312287232,427819008,304,484,0.0002228239900432527,9.736203355714679e-05
A08,2744,6,0.050073809979949147,0.0021878810366615653,0.013550781994126737,0.12862424895865843,0.1288142729899846,0.0042941009742207825,312287232,427819008,304,484,0.00021075300173833966,9.539199527353048e-05
A08,2745,2,0.05300144501961768,0.002249961020424962,0.012846468947827816,0.12882282299688086,0.13139202096499503,0.004245179065037519,312287232,427819008,304,484,0.00020882399985566735,9.232200682163239e-05
A08,2746,3,0.049811175966169685,0.001981695997528732,0.014054681989364326,0.13076220999937505,0.13008353702025488,0.004196568042971194,312287232,427819008,304,484,0.00021392398048192263,9.243201930075884e-05
A08,2747,2,0.04795845097396523,0.001983917027246207,0.012682245986070484,0.13005853595677763,0.13028682995354757,0.004103406972717494,312287232,427819008,304,484,0.0002094340161420405,9.297102224081755e-05
A08,2748,2,0.04820020601619035,0.0026292489492334425,0.014313185994978994,0.12963313900399953,0.13026779104257002,0.004783908952958882,312287232,427819008,304,484,0.00021212396677583456,9.389198385179043e-05
A08,2749,6,0.04908414097735658,0.0021550809615291655,0.01252764300443232,0.12866921100066975,0.13019321899628267,0.004116855969186872,312287232,427819008,304,484,0.0002084840089082718,9.427202166989446e-05
A08,2750,6,0.04929682600777596,0.0021608800161629915,0.012105705041904002,0.1296627389965579,0.13010127696907148,0.004133025999180973,312287232,427819008,304,484,0.00021721399389207363,9.442202281206846e-05
A08,2751,5,0.05070941202575341,0.0025719879777170718,0.012324689014349133,0.1296873899991624,0.12993361498229206,0.0041883980156853795,312287232,427819008,304,484,0.00020874396432191133,9.58419987000525e-05
A08,2752,3,0.05055797996465117,0.002006916969548911,0.01258220401359722,0.12958208698546514,0.1304493040079251,0.0047002979554235935,312287232,427819008,304,484,0.00020443397806957364,9.232194861397147e-05
A08,2753,3,0.04976426501525566,0.002027396985795349,0.012064854032360017,0.1284975580056198,0.1290096070151776,0.0042173590045422316,312287232,427819008,304,484,0.0002060040133073926,9.372195927426219e-05
A08,2754,3,0.049642031954135746,0.0038885819958522916,0.012473761977162212,0.1298806529957801,0.12986463395645842,0.004282549023628235,312287232,427819008,304,484,0.00020998402033001184,9.356101509183645e-05
A08,2755,2,0.05385531100910157,0.0019236350199207664,0.012179927027318627,0.12977179198060185,0.1304925549775362,0.004220628063194454,312287232,427819008,304,484,0.00020610401406884193,9.516201680526137e-05
A08,2756,1,0.05002584896283224,0.0018692649900913239,0.01244330097688362,0.12960173800820485,0.12988976301858202,0.004241919028572738,312287232,427819008,304,484,0.00020545400911942124,8.824100950732827e-05
A08,2757,1,0.0504768579849042,0.001908996026031673,0.012678514991421252,0.13006246596341953,0.129655078984797,0.0045707940007559955,312287232,427819008,304,484,0.0002022839616984129,8.818099740892649e-05
A08,2758,3,0.04838797904085368,0.001965806004591286,0.015133522043470293,0.12937617400893942,0.1295092959771864,0.005505612934939563,312287232,427819008,304,484,0.0002125939936377108,0.00010982196545228362
A08,2759,4,0.0481984349898994,0.002041578001808375,0.012436830962542444,0.12865365005563945,0.13005145598435774,0.0041601869743317366,312287232,427819008,304,484,0.00020917400252074003,9.84110520221293e-05
A08,2761,1,0.04990864801220596,0.0019499059999361634,0.012577323999721557,0.12868362199515104,0.13054259499767795,0.004126316984184086,312287232,427819008,304,484,0.0002008940209634602,8.932204218581319e-05
A08,2762,4,0.050904516014270484,0.0019924769876524806,0.012629745004232973,0.13011703803204,0.1309024019865319,0.004142406978644431,312287232,427819008,304,484,0.0002125939936377108,9.216199396178126e-05
A08,2763,4,0.049771004007197917,0.00202483800239861,0.012747706030495465,0.1302040489972569,0.13028545101406053,0.004248088924214244,312287232,427819008,304,484,0.00021132302936166525,9.398197289556265e-05
A08,2764,5,0.05073184298817068,0.002082418999634683,0.011619185970630497,0.130057226982899,0.13005969603545964,0.004168428014963865,312287232,427819008,304,484,0.00020999397384002805,9.387097088620067e-05
A08,2765,5,0.051082809979561716,0.002249932033009827,0.012524552003014833,0.1293413039529696,0.12916343001415953,0.005515362019650638,312287232,427819008,304,484,0.00021341402316465974,9.461102308705449e-05
A08,2766,5,0.04953870997997001,0.0021400299738161266,0.011490484001114964,0.12861199001781642,0.12982434197328985,0.004217738984152675,312287232,427819008,304,484,0.00020934396889060736,9.37319709919393e-05
A08,2767,4,0.05139007396064699,0.0020348269608803093,0.012935400998685509,0.130022875033319,0.12989795400062576,0.004105934931430966,312287232,427819008,304,484,0.00021166400983929634,9.963201591745019e-05
A08,2768,4,0.04887411801610142,0.0020668079960159957,0.012892359984107316,0.12987932295072824,0.13072565902257338,0.004314599034842104,312287232,427819008,304,484,0.00020887400023639202,9.334099013358355e-05
A08,2769,2,0.04970084398519248,0.001960007008165121,0.011845350032672286,0.12867237097816542,0.12837168498663232,0.006363888969644904,312287232,427819008,304,484,0.00021961401216685772,0.0001284830505028367
A08,2770,4,0.050057740008924156,0.002126530045643449,0.011277579993475229,0.129585697024595,0.13024879002477974,0.004220657981932163,312287232,427819008,304,484,0.0002113539958372712,9.281199891120195e-05
A08,2771,1,0.049086932034697384,0.0018420240376144648,0.011783088964875787,0.13004803599324077,0.13070458796573803,0.004238068999256939,312287232,427819008,304,484,0.00019822397734969854,9.351200424134731e-05
A08,2772,1,0.05221615999471396,0.0018480349681340158,0.012337899999693036,0.1299983260105364,0.1300719870487228,0.004312029981520027,312287232,427819008,304,484,0.00020065403077751398,8.832098683342338e-05
A08,2773,2,0.049495400045998394,0.001919975969940424,0.012288928031921387,0.1302567510283552,0.12882021302357316,0.005764526023995131,312287232,427819008,304,484,0.00021995400311425328,0.00010294205276295543
A08,2774,2,0.051463966025039554,0.002072948031127453,0.011180049041286111,0.12830943503649905,0.13004166597966105,0.004280379973351955,312287232,427819008,304,484,0.0002144839963875711,9.543198393657804e-05
A08,2775,5,0.050072710029780865,0.0021052989759482443,0.012357199972029775,0.12999216496245936,0.13015228899894282,0.004189116938505322,312287232,427819008,304,484,0.00021108397049829364,0.00010227097664028406
A08,2776,3,0.05018790299072862,0.0020732079865410924,0.01212911499897018,0.13082178198965266,0.1301102369907312,0.004253699036780745,312287232,427819008,304,484,0.00021205400116741657,9.646202670410275e-05
A08,2777,2,0.04984246601816267,0.0019329150090925395,0.01277060795109719,0.12951775698456913,0.13018537004245445,0.004796919005457312,312287232,427819008,304,484,0.00021092401584610343,9.317201329395175e-05
A08,2778,2,0.050971987016964704,0.001928806013893336,0.01623156201094389,0.12989455298520625,0.12936819402966648,0.004639566934201866,312287232,427819008,304,484,0.00022393499966710806,9.876099647954106e-05
A08,2779,2,0.05255726695759222,0.0019323460292071104,0.012578762951306999,0.13004661700688303,0.12890693597728387,0.005554122966714203,312287232,427819008,304,484,0.0002066039596684277,0.00010880199261009693
A08,2780,3,0.05031088599935174,0.002652588998898864,0.011980332026723772,0.12873233197024092,0.12917279999237508,0.004598355968482792,312287232,427819008,304,484,0.00021335401106625795,9.384198347106576e-05
A08,2781,2,0.05145690601784736,0.002050828014034778,0.01181093999184668,0.12961450801230967,0.12991218402748927,0.0042585289920680225,312287232,427819008,304,484,0.0002066930173896253,9.54020069912076e-05
A08,2782,3,0.05153746798168868,0.002024398010689765,0.011096906033344567,0.13049105502432212,0.13033669197466224,0.0041911579901352525,312287232,427819008,304,484,0.00020698399748653173,9.380199480801821e-05
A08,2783,1,0.050349365978036076,0.001900664996355772,0.011874301009811461,0.13015553902368993,0.13057696598116308,0.004252090002410114,312287232,427819008,304,484,0.0001973140169866383,8.879200322553515e-05
A08,2784,2,0.048955959966406226,0.001969797012861818,0.015136942034587264,0.12974248098907992,0.12948953598970547,0.004335411009378731,312287232,427819008,304,484,0.00020883401157334447,9.259203216060996e-05
A08,2785,5,0.04906698199920356,0.0020392180304042995,0.01305509201483801,0.12945131602464244,0.12901091697858647,0.0059975910116918385,312287232,427819008,304,484,0.00021150399697944522,9.417202090844512e-05
A08,2786,2,0.048294047999661416,0.001953746017534286,0.012158696015831083,0.13019992999034002,0.13074055896140635,0.004257209016941488,312287232,427819008,304,484,0.00020558398682624102,9.369198232889175e-05
A08,2787,2,0.047863358980976045,0.0019165159901604056,0.015312134986743331,0.13020354899344966,0.1300609370227903,0.004173877998255193,312287232,427819008,304,484,0.00020974403014406562,9.191100252792239e-05
A08,2788,1,0.049383957986719906,0.0018921050359494984,0.012462021957617253,0.12909213901730254,0.1289669469697401,0.006453950016293675,312287232,427819008,304,484,0.0002069729962386191,8.915201760828495e-05
A08,2789,1,0.04931470600422472,0.0020351969869807363,0.012724776985123754,0.12882198399165645,0.13063432701164857,0.004117877047974616,312287232,427819008,304,484,0.00019934301963075995,8.983199950307608e-05
A08,2790,2,0.048327438009437174,0.001956155989319086,0.012340240005869418,0.1302594899898395,0.13019929005531594,0.004240469017531723,312287232,427819008,304,484,0.0002103239530697465,9.286199929192662e-05
A08,2791,2,0.04941498796688393,0.0019988170242868364,0.012467191962059587,0.13049346499610692,0.12997374596307054,0.004171516979113221,312287232,427819008,304,484,0.0002059440012089908,9.282201062887907e-05
A08,2792,3,0.048103444976732135,0.001964386028703302,0.01295121101429686,0.12968276999890804,0.12951119599165395,0.005536003969609737,312287232,427819008,304,484,0.00020940398098900914,9.373202919960022e-05
A08,2793,3,0.04984943597810343,0.0019551260047592223,0.012897869979497045,0.1288267439813353,0.12879978300770745,0.00482247001491487,312287232,427819008,304,484,0.00020472396863624454,9.298103395849466e-05
A08,2794,4,0.050386257003992796,0.002049348026048392,0.01600285799941048,0.12947661598445848,0.12970774003770202,0.0040917659644037485,312287232,427819008,304,484,0.00024360400857403874,9.27019864320755e-05
A08,2795,4,0.051705390971619636,0.002083138970192522,0.012581373972352594,0.1316894079791382,0.13085671100998297,0.004148806969169527,312287232,427819008,304,484,0.00020599400158971548,9.527202928438783e-05
A08,2796,4,0.048842486983630806,0.00212333002127707,0.011770579032599926,0.13020441902335733,0.13036403304431587,0.004153386922553182,312287232,427819008,304,484,0.00021245400421321392,9.479100117459893e-05
A08,2797,4,0.05131951405201107,0.0020947189768776298,0.013191795034799725,0.13081588101340458,0.1303051320137456,0.004134527000132948,312287232,427819008,304,484,0.0002138339914381504,0.00011081201955676079
A08,2799,3,0.04888690903317183,0.0019875169964507222,0.011828479007817805,0.12993065500631928,0.1305303259869106,0.004280460008885711,312287232,427819008,304,484,0.00021833396749570966,9.351200424134731e-05
A08,2800,5,0.049294896016363055,0.0020584080484695733,0.012700865976512432,0.12979901203652844,0.12846838700352237,0.00556152401259169,312287232,427819008,304,484,0.00021577399456873536,9.658199269324541e-05
A08,2801,1,0.05066568200709298,0.0019045050139538944,0.012385929992888123,0.12935117399320006,0.12892083596671,0.005164925940334797,312287232,427819008,304,484,0.0001983440015465021,8.708203677088022e-05
A08,2802,1,0.049722824012860656,0.0019407369545660913,0.012744196981657296,0.13003243599087,0.13084754097508267,0.004175008041784167,312287232,427819008,304,484,0.00019495299784466624,8.79520084708929e-05
A08,2803,1,0.04929721500957385,0.0018984250491485,0.011492033954709768,0.12978291197214276,0.13029298197943717,0.0042041579727083445,312287232,427819008,304,484,0.0001965139526873827,8.872203761711717e-05
A08,2804,2,0.0501674420083873,0.0020465379930101335,0.01285375899169594,0.13032914197538048,0.12991735397372395,0.0046263960539363325,312287232,427819008,304,484,0.00020823400700464845,9.136198787018657e-05
A08,2805,1,0.04838556901086122,0.0019261959823779762,0.012750338006298989,0.1288309030351229,0.1298824740224518,0.004155497997999191,312287232,427819008,304,484,0.00020165398018434644,9.069201769307256e-05
A08,2806,1,0.04992934694746509,0.0019647760200314224,0.011560663988348097,0.1302258610376157,0.1301601490122266,0.004043594992253929,312287232,427819008,304,484,0.00019698299001902342,9.129202226176858e-05
A08,2807,1,0.04948154900921509,0.001892375003080815,0.01156732498202473,0.13017612003022805,0.1293391039944254,0.004623634973540902,312287232,427819008,304,484,0.00020121398847550154,9.554199641570449e-05
A08,2808,3,0.0505625189980492,0.002319631981663406,0.012403280008584261,0.12961064896080643,0.12922693201107904,0.006512451043818146,312287232,427819008,304,484,0.0002076140372082591,9.23320185393095e-05
A08,2809,1,0.047785588016267866,0.001877275004517287,0.015951255976688117,0.12863170000491664,0.12895204598316923,0.004164647951256484,312287232,427819008,304,484,0.0001921940129250288,8.689099922776222e-05
A08,2810,1,0.05024438397958875,0.0018959949957206845,0.015270443982444704,0.13047931395703927,0.1300017359899357,0.004287099989596754,312287232,427819008,304,484,0.00020071299513801932,9.264203254133463e-05
A08,2811,2,0.05073820299003273,0.0019546360126696527,0.012025033007375896,0.130071867024526,0.1303945539984852,0.004258449014741927,312287232,427819008,304,484,0.0002093739458359778,9.529199451208115e-05
A08,2812,2,0.05033801501849666,0.0020136070088483393,0.011178707994986326,0.13003707700408995,0.12947674695169553,0.0045619840384460986,312287232,427819008,304,484,0.00024067400954663754,0.00010028196265920997
A08,2813,3,0.05056339001748711,0.0019892569980584085,0.012568802980240434,0.12907154898857698,0.12866529205348343,0.006380168022587895,312287232,427819008,304,484,0.0002655550488270819,0.00012526195496320724
A08,2814,3,0.05112771998392418,0.0020922580151818693,0.012339050008449703,0.1283799660159275,0.13005994801642373,0.004466393031179905,312287232,427819008,304,484,0.0002063839929178357,9.256199700757861e-05
A08,2815,5,0.05021961301099509,0.0021510999649763107,0.012884660041891038,0.130074156972114,0.13014321902301162,0.004290279000997543,312287232,427819008,304,484,0.0002140540163964033,9.349198080599308e-05
A08,2816,3,0.05265781801426783,0.00208798999665305,0.011658595991320908,0.1308402720023878,0.12991425395011902,0.004333740973379463,312287232,427819008,304,484,0.00021494401153177023,9.311200119554996e-05
A08,2817,2,0.04853748105233535,0.001892336003948003,0.011929652013350278,0.12960911897243932,0.12953628704417497,0.0046279959497042,312287232,427819008,304,484,0.00021546403877437115,9.73910209722817e-05
A08,2818,4,0.0485005319933407,0.0020525880390778184,0.012882588955108076,0.12880840402795002,0.12958938896190375,0.004008844087366015,312287232,427819008,304,484,0.00020339398179203272,9.359203977510333e-05
A08,2819,2,0.047587564040441066,0.0021266299881972373,0.011899670993443578,0.13086141197709367,0.13004834699677303,0.004239428963046521,312287232,427819008,304,484,0.0002138240379281342,9.333196794614196e-05
A08,2820,1,0.04789769003400579,0.0019053959986194968,0.012964049994479865,0.13099769497057423,0.12993358500534669,0.004675866977777332,312287232,427819008,304,484,0.00019918399630114436,8.903199341148138e-05
A08,2822,1,0.051196491986047477,0.0019070350099354982,0.011358460993506014,0.13006817700807005,0.12994698499096557,0.004381040984299034,312287232,427819008,304,484,0.0002057839883491397,8.842098759487271e-05
A08,2823,1,0.050421467050909996,0.0019005250069312751,0.016143420012667775,0.13055019604507834,0.13032788201235235,0.004231508006341755,312287232,427819008,304,484,0.0001970430021174252,8.80919978953898e-05
A08,2824,1,0.05028903397032991,0.001960887049790472,0.012395759986247867,0.12976491096196696,0.1302797520183958,0.004715377988759428,312287232,427819008,304,484,0.00019596400670707226,9.136099833995104e-05
A08,2825,1,0.05132789397612214,0.0019117459887638688,0.012655074999202043,0.12866061204113066,0.1285799000179395,0.005839958030264825,312287232,427819008,304,484,0.00021608395036309958,0.00010322104208171368
A08,2826,2,0.050391715951263905,0.002477505011484027,0.015340136014856398,0.12909153901273385,0.12874118296895176,0.005376270040869713,312287232,427819008,304,484,0.0002071739872917533,9.16720018722117e-05
A08,2827,2,0.04942346800817177,0.0020219680154696107,0.011832249001599848,0.13007880799705163,0.13065271900268272,0.004428591055329889,312287232,427819008,304,484,0.00020626402692869306,9.093194967135787e-05
A08,2828,1,0.049094292044173926,0.0028434430132620037,0.013764575007371604,0.13007874798495322,0.12998060596873984,0.004342711064964533,312287232,427819008,304,484,0.00019905302906408906,8.852203609421849e-05
A08,2829,1,0.05098030803492293,0.0018595739966258407,0.011673006985802203,0.1307242299662903,0.1299449849757366,0.004337430989835411,312287232,427819008,304,484,0.00020123296417295933,8.826196426525712e-05
A08,2834,1,0.05061813100473955,0.0024637249880470335,0.011405283003114164,0.1303521129884757,0.12969801999861374,0.004285501025151461,312287232,427819008,304,484,0.000194674008525908,8.85319896042347e-05
A08,2856,1,0.05335060297511518,0.0018937949789687991,0.012474601971916854,0.1293137239990756,0.12879628402879462,0.0056889449479058385,312287232,427819008,304,484,0.0002028039889410138,9.16309654712677e-05
A08,2861,2,0.0508868649485521,0.0035005559911951423,0.012390160001814365,0.1296582089853473,0.13050318497698754,0.004282260953914374,312287232,427819008,304,484,0.00020640395814552903,9.603099897503853e-05
A08,2862,1,0.04985738702816889,0.0019355359836481512,0.012832209002226591,0.13061870698584244,0.13024967099772766,0.004183037031907588,312287232,427819008,304,484,0.00019501300994306803,8.997198892757297e-05
A08,2863,1,0.04784710897365585,0.001899614988360554,0.013426568999420851,0.1294319560402073,0.1288361549959518,0.005566812993492931,312287232,427819008,304,484,0.00019786402117460966,8.923199493438005e-05
A08,2864,1,0.048543571960181,0.0019003849592991173,0.01276123698335141,0.1287294229841791,0.1299249639851041,0.004185068013612181,312287232,427819008,304,484,0.00019508396508172154,8.735200390219688e-05
A08,2865,1,0.04989591700723395,0.0019197849906049669,0.01229680801043287,0.13069705897942185,0.13006972800940275,0.004053186043165624,312287232,427819008,304,484,0.0001994240446947515,8.811196312308311e-05
A08,2866,1,0.04860860400367528,0.0018570339889265597,0.012233807006850839,0.12962997000431642,0.13007360795745626,0.004737348004709929,312287232,427819008,304,484,0.00019495398737490177,8.847098797559738e-05
A08,2867,1,0.04809791297884658,0.001971416990272701,0.012844978016801178,0.12847742799203843,0.13024237001081929,0.0040309050236828625,312287232,427819008,304,484,0.00019259395776316524,9.114202111959457e-05
A08,2868,1,0.048672934994101524,0.0018742740503512323,0.011587844986934215,0.13025495101464912,0.1305237360065803,0.0040822759619913995,312287232,427819008,304,484,0.00019298400729894638,8.804199751466513e-05
A08,2869,1,0.0476093550096266,0.0018915249966084957,0.012570214981678873,0.1289635770372115,0.1287508829846047,0.00614946405403316,312287232,427819008,304,484,0.00022730400087311864,8.964102016761899e-05
A08,2870,2,0.049410088977310807,0.0021033089724369347,0.012387999973725528,0.12992162501905113,0.13034423196222633,0.0041916079935617745,312287232,427819008,304,484,0.00021104398183524609,9.310099994763732e-05
A08,2871,2,0.04866009496618062,0.0019163149991072714,0.012837499030865729,0.13005979801528156,0.1309953949530609,0.004433711990714073,312287232,427819008,304,484,0.00021379400277510285,9.588198736310005e-05
A08,2872,1,0.049699484021402895,0.0019447669619694352,0.01215844601392746,0.13025220105191693,0.13032466196455061,0.0041595069924369454,312287232,427819008,304,484,0.00019662303384393454,8.716201409697533e-05
A08,2873,1,0.048290577018633485,0.0019250560435466468,0.012875769985839725,0.1292718129698187,0.12887161603430286,0.005258876946754754,312287232,427819008,304,484,0.00020113401114940643,9.619200136512518e-05
A08,2875,1,0.04742980201262981,0.0017787530086934566,0.012922360037919134,0.1294246949837543,0.12949661602033302,0.004730108950752765,312287232,427819008,304,484,0.00020026398124173284,9.204098023474216e-05
A08,2881,1,0.04783459997270256,0.0019119459902867675,0.012744036968797445,0.13072774995816872,0.13088923401664943,0.004110546957235783,312287232,427819008,304,484,0.0002084840089082718,8.733203867450356e-05
A08,2882,1,0.05123733199434355,0.0019557560444809496,0.012225106998812407,0.13079069997183979,0.13098187500145286,0.004119446035474539,312287232,427819008,304,484,0.0001954839681275189,8.802203228697181e-05
A08,2883,1,0.04791581002064049,0.0018912350060418248,0.013296117016579956,0.13044785399688408,0.1308457120321691,0.004143456986639649,312287232,427819008,304,484,0.00019449403043836355,8.83920001797378e-05
A08,2884,1,0.05027933401288465,0.0018511650268919766,0.01278997800545767,0.1309397440054454,0.1298456639633514,0.0044412119896151125,312287232,427819008,304,484,0.00019283400615677238,9.15509881451726e-05
A08,2885,1,0.048023392038885504,0.0018845260492525995,0.012920200009830296,0.12936915503814816,0.13052070600679144,0.0041926580597646534,312287232,427819008,304,484,0.00019362301100045443,8.759199408814311e-05
A08,2886,1,0.047628264990635216,0.0018612950225360692,0.012649304990191013,0.13053850701544434,0.1306288680061698,0.004040515050292015,312287232,427819008,304,484,0.00019141403026878834,8.67210328578949e-05
A08,2887,2,0.0477178770233877,0.0019275950035080314,0.013226896990090609,0.13121726899407804,0.13019684999017045,0.00403984502190724,312287232,427819008,304,484,0.0002052040072157979,9.40409954637289e-05
A08,2888,1,0.04757560504367575,0.001885725010652095,0.01285300898598507,0.12973798101302236,0.12981154303997755,0.006053612974938005,312287232,427819008,304,484,0.0002136740367859602,0.00010697200195863843
A08,2889,1,0.05069163197185844,0.00210123899159953,0.012938161031343043,0.12911646900465712,0.13057131704408675,0.004322191001847386,312287232,427819008,304,484,0.00019909394904971123,8.94310069270432e-05
A08,2890,2,0.05120491195702925,0.0021287599811330438,0.011142736999318004,0.1309101029764861,0.1304137340048328,0.004450823005754501,312287232,427819008,304,484,0.00022316403919830918,9.345094440504909e-05
A08,2891,2,0.048531881999224424,0.0019362570019438863,0.012401049956679344,0.1304010829771869,0.1303140620002523,0.004453812958672643,312287232,427819008,304,484,0.00020977400708943605,9.216199396178126e-05
A08,2892,1,0.04929711599834263,0.001874065026640892,0.014086620998568833,0.13033973303390667,0.13110705697908998,0.00432449096115306,312287232,427819008,304,484,0.00019963399972766638,8.845201227813959e-05
A08,2893,1,0.04848159197717905,0.001882355019915849,0.014050581026822329,0.13137654203455895,0.13074069999856874,0.004215437977109104,312287232,427819008,304,484,0.00019618304213508964,8.820201037451625e-05
A08,2894,1,0.05054695002036169,0.0018931750091724098,0.012805638019926846,0.13056306703947484,0.13061585801187903,0.0043181609944440424,312287232,427819008,304,484,0.00020034395856782794,8.905102731660008e-05
A08,2899,1,0.047409871011041105,0.0019256859668530524,0.013674014015123248,0.12945477600442246,0.1309037729515694,0.004145378014072776,312287232,427819008,304,484,0.0001944730174727738,8.880201494321227e-05
H02,1,20,0.04166464396985248,0.0019303459557704628,0.019099085999187082,0.09078367700567469,0.0863333250163123,0.002442725992295891,260020224,427819008,256,320,0.00022090401034802198,0.00011575198732316494
H02,2,20,0.04250420001335442,0.001958695997018367,0.007078021008055657,0.0724020570050925,0.07400649599730968,0.002398193988483399,260020224,427819008,256,320,0.0002122239675372839,9.970203973352909e-05
H02,3,15,0.04210963303921744,0.0017357120523229241,0.006964758969843388,0.07224597304593772,0.07433892198605463,0.002367104054428637,260020224,427819008,256,320,0.00021977402502670884,9.634200250729918e-05
H02,4,13,0.0457558209891431,0.00185990403406322,0.006991949980147183,0.07253416802268475,0.07235719502205029,0.0036462080315686762,260020224,427819008,256,320,0.00021071400260552764,9.549100650474429e-05
H02,5,16,0.04213692300254479,0.0017880630330182612,0.007049851003102958,0.0724471970461309,0.07386076299007982,0.0025710079935379326,260020224,427819008,256,320,0.00021676404867321253,9.780196705833077e-05
H02,6,16,0.043529649963602424,0.0017956230440177023,0.007946867030113935,0.07250453799497336,0.0726125100045465,0.0036525369505397975,260020224,427819008,256,320,0.00021474401000887156,9.707198478281498e-05
H02,7,12,0.0419538400019519,0.0015319290105253458,0.007132893020752817,0.07243571599246934,0.07249394804239273,0.003698229033034295,260020224,427819008,256,320,0.00020997400861233473,9.545200737193227e-05
H02,8,18,0.044683449959848076,0.001988706993870437,0.008019329980015755,0.07410491799237207,0.072660910023842,0.0024144650087691844,260020224,427819008,256,320,0.00021137401927262545,9.932200191542506e-05
H02,9,15,0.04179791599744931,0.0016439110040664673,0.007150493038352579,0.07259673898806795,0.07393085403600708,0.0034311540075577796,260020224,427819008,256,320,0.0002089339541271329,9.603198850527406e-05
H02,10,16,0.04155908297980204,0.0017886929563246667,0.0066320530022494495,0.07324535096995533,0.07364880898967385,0.0027727910201065242,260020224,427819008,256,320,0.0002143240417353809,9.73119749687612e-05
H02,11,18,0.04185332800261676,0.0018825959996320307,0.0070512910024262965,0.07271473197033629,0.07387685298454016,0.0027648209361359477,260020224,427819008,256,320,0.00021639402257278562,9.791203774511814e-05
H02,12,17,0.04205924103735015,0.0018190540140494704,0.006882348039653152,0.07296012702863663,0.0747377990046516,0.0025696969823911786,260020224,427819008,256,320,0.0002218549489043653,9.770097676664591e-05
H02,13,12,0.042319166008383036,0.0015716489870101213,0.009004727005958557,0.0745933770085685,0.07264368096366525,0.0027407309389673173,260020224,427819008,256,320,0.0002034630160778761,9.48219676502049e-05
H02,14,11,0.042528461024630815,0.0015878399717621505,0.0070644019870087504,0.0724611469777301,0.0732640220085159,0.002550806966610253,260020224,427819008,256,320,0.0002147839986719191,9.497103746980429e-05
H02,15,13,0.04504184698453173,0.001740852021612227,0.006883267022203654,0.07259321998571977,0.0726339709945023,0.0035915959742851555,260020224,427819008,256,320,0.00021062401356175542,9.691098239272833e-05
H02,16,10,0.04576336999889463,0.001500297978054732,0.006493199965916574,0.07408177695469931,0.07254844903945923,0.0027130500529892743,260020224,427819008,256,320,0.00021218397887423635,9.608198888599873e-05
H02,17,12,0.04447258700383827,0.0016882710042409599,0.006965529988519847,0.07298395701218396,0.0725228869705461,0.003740888962056488,260020224,427819008,256,320,0.0002281439956277609,0.00010863196803256869
H02,18,14,0.0454318139818497,0.0018554750131443143,0.006876918021589518,0.07230348297161981,0.07396218500798568,0.002841851965058595,260020224,427819008,256,320,0.00024847500026226044,9.93710127659142e-05
H02,19,5,0.0455235069966875,0.0012925040209665895,0.008434967021457851,0.07399417599663138,0.07325805199798197,0.0027285509859211743,260020224,427819008,256,320,0.0002197540015913546,9.326200233772397e-05
H02,20,11,0.045386584009975195,0.0015824289876036346,0.007064790988806635,0.07237932604039088,0.0726418899721466,0.0026668799109756947,260020224,427819008,256,320,0.00021811400074511766,0.00010102201486006379
H02,21,7,0.04617967898957431,0.001463937049265951,0.006972849019803107,0.07283706497400999,0.07405093702254817,0.002656119002494961,260020224,427819008,256,320,0.00020928401499986649,9.428104385733604e-05
H02,22,11,0.04538662399863824,0.001616950030438602,0.006970339978579432,0.07257781899534166,0.07398515497334301,0.0024068650091066957,260020224,427819008,256,320,0.0002062430139631033,9.487196803092957e-05
H02,23,7,0.04239733802387491,0.001398746040649712,0.007085621997248381,0.07275527203455567,0.0740966479643248,0.0025255269720219076,260020224,427819008,256,320,0.00021204398944973946,9.44519997574389e-05
H02,24,8,0.04257073102053255,0.001498867990449071,0.007263774983584881,0.07314400002360344,0.07394008396659046,0.002403895021416247,260020224,427819008,256,320,0.0002059240359812975,9.4162009190768e-05
H02,25,11,0.04260019300272688,0.001593780005350709,0.006872048019431531,0.07241922698449343,0.0737086309818551,0.0027513300301507115,260020224,427819008,256,320,0.0002187240170314908,9.652198059484363e-05
H02,26,16,0.0425822309916839,0.0018911960069090128,0.007223933993373066,0.07324948196765035,0.07368914998369291,0.002710329950787127,260020224,427819008,256,320,0.00021693401504307985,9.783200221136212e-05
H02,27,12,0.04211821296485141,0.0016990220174193382,0.007134912011679262,0.07268196198856458,0.07423210999695584,0.0025366469635628164,260020224,427819008,256,320,0.00021355401258915663,9.602197678759694e-05
H02,28,9,0.04646911396412179,0.0015398379764519632,0.0070578299928456545,0.07279002398718148,0.073339523980394,0.003955002990551293,260020224,427819008,256,320,0.0002192240208387375,9.690196020528674e-05
H02,29,14,0.04258138098521158,0.0018108339863829315,0.007048490981105715,0.0726260999799706,0.07366259000264108,0.002712789981160313,260020224,427819008,256,320,0.00021132401889190078,9.613099973648787e-05
H02,30,12,0.042728063999675214,0.0017165819881483912,0.0070939320139586926,0.07262335100676864,0.07388530403841287,0.002938124001957476,260020224,427819008,256,320,0.00021658401237800717,9.660102659836411e-05
H02,31,16,0.04461789899505675,0.001960775989573449,0.007456079008989036,0.0726110699470155,0.07412237796233967,0.0026565089938230813,260020224,427819008,256,320,0.0002234839485026896,9.964196942746639e-05
H02,32,7,0.04460767999989912,0.0015248379786498845,0.00621714600129053,0.07283655402716249,0.07370095001533628,0.0025309280026704073,260020224,427819008,256,320,0.00021539401495829225,9.47610242292285e-05
H02,33,10,0.04257704201154411,0.0015640690107829869,0.0077282440033741295,0.07330165302846581,0.07310508901719004,0.0027359609957784414,260020224,427819008,256,320,0.00021357397781684995,9.806198067963123e-05
H02,34,7,0.04533856298075989,0.0014419459621421993,0.007547160028479993,0.07404849701561034,0.07276065199403092,0.0024828859604895115,260020224,427819008,256,320,0.00020826398395001888,9.474199032410979e-05
H02,35,4,0.0452226210036315,0.0012589439866133034,0.008009569020941854,0.07258539000758901,0.07311880902852863,0.0026280389865860343,260020224,427819008,256,320,0.00021795398788526654,9.22619947232306e-05
H02,36,7,0.04618776898132637,0.0014499860117211938,0.009091638959944248,0.07244164700387046,0.0726668710121885,0.0037323900614865124,260020224,427819008,256,320,0.0002060040133073926,9.246199624612927e-05
H02,37,4,0.04453933803597465,0.0011924520367756486,0.006784916971810162,0.07238391501596197,0.07365594897419214,0.002707391045987606,260020224,427819008,256,320,0.00020836404291912913,9.331200271844864e-05
H02,38,8,0.04392915702192113,0.0014480370446108282,0.006886846967972815,0.07275352301076055,0.07383140199817717,0.002669840003363788,260020224,427819008,256,320,0.0002089629997499287,9.397196117788553e-05
H02,39,9,0.04400244902353734,0.0015303579857572913,0.007145142997615039,0.07274409203091636,0.07426086999475956,0.002470135979820043,260020224,427819008,256,320,0.00021311402088031173,9.434198727831244e-05
H02,40,11,0.042547821009065956,0.0016090100398287177,0.007127713004592806,0.07327985198935494,0.0738821939448826,0.0024348749429918826,260020224,427819008,256,320,0.00021574401762336493,9.659194620326161e-05
H02,41,13,0.043855176016222686,0.0017478629597462714,0.007463588961400092,0.07247955800266936,0.07389442401472479,0.0025343470624648035,260020224,427819008,256,320,0.00022357399575412273,9.754201164469123e-05
H02,42,13,0.0430503609823063,0.001817373966332525,0.0073952070088125765,0.07251433801138774,0.07335147401317954,0.0037673499900847673,260020224,427819008,256,320,0.0002234040293842554,9.754195343703032e-05
H02,43,10,0.04447539697866887,0.0016685610171407461,0.007144283037632704,0.07380678202025592,0.07256117800716311,0.0024262359947897494,260020224,427819008,256,320,0.0002090740017592907,9.731203317642212e-05
H02,44,8,0.04417028202442452,0.0015110670356079936,0.00692706904374063,0.07257333898451179,0.07299853704171255,0.002417453972157091,260020224,427819008,256,320,0.00021278398344293237,9.408098412677646e-05
H02,45,11,0.043070040992461145,0.0016901009948924184,0.007623790996149182,0.07293940597446635,0.07268569100415334,0.002393294998910278,260020224,427819008,256,320,0.00021175399888306856,9.52710397541523e-05
H02,46,11,0.042709214030765,0.0016537010087631643,0.007027769985143095,0.07511019700905308,0.07292041601613164,0.0025377270067110658,260020224,427819008,256,320,0.00022204400738701224,9.736203355714679e-05
H02,47,11,0.04501872695982456,0.0016377599677070975,0.007145523035433143,0.07279556395951658,0.07359425799222663,0.0027526510530151427,260020224,427819008,256,320,0.00021106400527060032,9.736197534948587e-05
H02,48,9,0.04515774903120473,0.0015642590005882084,0.0074338779668323696,0.07269469101447612,0.07432452205102891,0.002482765994500369,260020224,427819008,256,320,0.00021166400983929634,9.520095773041248e-05
H02,49,10,0.04237276699859649,0.001649040961638093,0.007669102982617915,0.07320830097887665,0.0741171280387789,0.0023979039979167283,260020224,427819008,256,320,0.00022067403187975287,9.615201270207763e-05
H02,50,12,0.04246480902656913,0.0017013420001603663,0.007219954044558108,0.0728403539978899,0.07452109595760703,0.00242417398840189,260020224,427819008,256,320,0.0002054939977824688,9.492202661931515e-05
H02,51,9,0.04272542300168425,0.0015762700350023806,0.0069554499932564795,0.07271498203044757,0.07477414002642035,0.0025926890084519982,260020224,427819008,256,320,0.00021714402828365564,9.671197040006518e-05
H02,52,7,0.045556686993222684,0.0014785579987801611,0.007125351985450834,0.0728187239728868,0.07360495801549405,0.002425134996883571,260020224,427819008,256,320,0.000208493962418288,9.375199442729354e-05
H02,53,13,0.04358682001475245,0.0017620630096644163,0.0072908359579741955,0.07275444304104894,0.07389819400850683,0.002548266958910972,260020224,427819008,256,320,0.0002192240208387375,9.691197192296386e-05
H02,54,13,0.04431953403400257,0.0018646050011739135,0.007022580015473068,0.07251248898683116,0.07258572999853641,0.0037016290589235723,260020224,427819008,256,320,0.00021779397502541542,9.636202594265342e-05
H02,55,5,0.045228191011119634,0.0013630749890580773,0.006912957993336022,0.07364384905667976,0.07282742398092523,0.002825763018336147,260020224,427819008,256,320,0.0002144839963875711,9.662198135629296e-05
H02,56,8,0.0451829910161905,0.0015403379802592099,0.0071775830001570284,0.07467451796401292,0.07282287400448695,0.0023805240052752197,260020224,427819008,256,320,0.00020853400928899646,9.397196117788553e-05
H02,57,9,0.04261588299414143,0.0015487690106965601,0.006894557038322091,0.07404922705609351,0.07253472902812064,0.002566917974036187,260020224,427819008,256,320,0.00021553400438278913,9.58419987000525e-05
H02,58,2,0.04425783205078915,0.0012057130225002766,0.008086021000053734,0.07297351700253785,0.07317574002081528,0.0024260449572466314,260020224,427819008,256,320,0.00020357401808723807,9.045202750712633e-05
H02,59,5,0.04632443096488714,0.0013175940257497132,0.007964027987327427,0.07252394902752712,0.07284805399831384,0.0024777870276011527,260020224,427819008,256,320,0.0002093039802275598,9.4012008048594e-05
H02,60,7,0.043341636017430574,0.0014528570463880897,0.007070051971822977,0.07269901200197637,0.07286482502240688,0.0028800939908251166,260020224,427819008,256,320,0.00021318398648872972,9.564199717715383e-05
H02,61,5,0.048200776043813676,0.0013038539909757674,0.006942699023056775,0.07258726900909096,0.07412236800882965,0.002451546082738787,260020224,427819008,256,320,0.0002089940244331956,9.28519875742495e-05
H02,62,3,0.042659603990614414,0.0011929920292459428,0.00689933798275888,0.07265347003703937,0.0737655819975771,0.0027081400039605796,260020224,427819008,256,320,0.00021535396808758378,9.279197547584772e-05
H02,63,2,0.043459488020744175,0.0011550210183486342,0.007220414001494646,0.07371132000116631,0.07383673300500959,0.002774191030766815,260020224,427819008,256,320,0.00020377401961013675,9.104196215048432e-05
H02,64,4,0.043425057956483215,0.0012808829778805375,0.0071098419721238315,0.0728085029986687,0.07517833798192441,0.00299762497888878,260020224,427819008,256,320,0.00021866400493308902,9.698199573904276e-05
H02,65,8,0.04580391198396683,0.001507547975052148,0.006279956956859678,0.0732365120202303,0.07417979900492355,0.002821113041136414,260020224,427819008,256,320,0.00022688403259962797,9.608198888599873e-05
H02,66,6,0.04490004398394376,0.0013987760175950825,0.0065497009782120585,0.0726888719946146,0.0727772630052641,0.003122457943391055,260020224,427819008,256,320,0.0002166839549317956,9.601202327758074e-05
H02,67,7,0.04516481899190694,0.001483328000176698,0.006969109002966434,0.07383322203531861,0.07349916599923745,0.0029691759846173227,260020224,427819008,256,320,0.00021524401381611824,9.467196650803089e-05
H02,68,8,0.04385599499801174,0.001517148979473859,0.007175693986937404,0.07365529902745038,0.07255176798207685,0.0028052920242771506,260020224,427819008,256,320,0.00021429400658234954,9.502196917310357e-05
H02,69,8,0.04622727900277823,0.0015305080451071262,0.006885239039547741,0.07427241100231186,0.07264883100287989,0.0027557319845072925,260020224,427819008,256,320,0.0002158739953301847,9.846198372542858e-05
H02,70,4,0.04687820200342685,0.001334135013166815,0.00718369398964569,0.07251776801422238,0.07257484900765121,0.0034146239631809294,260020224,427819008,256,320,0.00021356402430683374,9.826099267229438e-05
H02,71,4,0.044454936985857785,0.0012791339540854096,0.006920308980625123,0.07266932999482378,0.07371643098304048,0.002913523931056261,260020224,427819008,256,320,0.0002126640174537897,9.526102803647518e-05
H02,72,4,0.047066834988072515,0.0012355329818092287,0.007065622019581497,0.0728448239970021,0.07427971099969,0.002536407031584531,260020224,427819008,256,320,0.00020698399748653173,9.415199747309089e-05
H02,73,3,0.04262629302684218,0.0011677820002660155,0.00736360700102523,0.07242818700615317,0.0740248269867152,0.0026503889821469784,260020224,427819008,256,320,0.0002108339685946703,9.324098937213421e-05
H02,74,7,0.048985889996401966,0.0014799479977227747,0.00676136597758159,0.0727712829830125,0.07438441301928833,0.0024865359882824123,260020224,427819008,256,320,0.00022397399879992008,9.597197640687227e-05
H02,75,7,0.04430078301811591,0.0014445270062424242,0.007182463014032692,0.07370803999947384,0.07305942795937881,0.0027992030372843146,260020224,427819008,256,320,0.00021363398991525173,9.465200128033757e-05
H02,76,5,0.042627291986718774,0.0013100149808451533,0.007217373989988118,0.07402568601537496,0.07273377204546705,0.002782911993563175,260020224,427819008,256,320,0.00021181395277380943,9.36519936658442e-05
H02,77,4,0.04385766596533358,0.0013388240477070212,0.0077132940059527755,0.07422265002969652,0.0727179020177573,0.002613488060887903,260020224,427819008,256,320,0.00021277397172525525,9.337195660918951e-05
H02,78,2,0.04220786498626694,0.0011729319812729955,0.007381547009572387,0.07234677497763187,0.0734276159782894,0.0026214690296910703,260020224,427819008,256,320,0.00022310396889224648,9.632197907194495e-05
H02,79,2,0.043094001011922956,0.001202781975734979,0.007277984987013042,0.0741881100111641,0.07268332102103159,0.002723919984418899,260020224,427819008,256,320,0.00020979298278689384,9.331200271844864e-05
H02,80,5,0.04266215401003137,0.0013503649970516562,0.00660727295326069,0.07274114299798384,0.07395746500696987,0.002453925961162895,260020224,427819008,256,320,0.00022675399668514729,0.0001011720160022378
H02,81,7,0.04523179103853181,0.0014833880122750998,0.007129813020583242,0.07392261398490518,0.07330537302186713,0.0027467110194265842,260020224,427819008,256,320,0.00021395401563495398,9.583099745213985e-05
H02,82,8,0.04219492501579225,0.001494687981903553,0.007201253029052168,0.07291108596837148,0.07268957199994475,0.003888120991177857,260020224,427819008,256,320,0.00021728500723838806,9.706104174256325e-05
H02,83,5,0.04380336502799764,0.001305773970670998,0.007128722034394741,0.07427031098632142,0.07286093500442803,0.002869542920961976,260020224,427819008,256,320,0.00021233403822407126,9.495101403445005e-05
H02,84,3,0.042722375015728176,0.0012584840296767652,0.007719293993432075,0.0740673880209215,0.07302682800218463,0.0024561050231568515,260020224,427819008,256,320,0.0002035140059888363,9.210099233314395e-05
H02,85,6,0.04594562400598079,0.0014542769640684128,0.007623712008353323,0.07544131204485893,0.07251135801197961,0.003999113978352398,260020224,427819008,256,320,0.0002976160030812025,0.00011599197750911117
H02,86,5,0.04631165094906464,0.0014741269988007843,0.00675745599437505,0.07298700598767027,0.07353613700252026,0.0025895280414260924,260020224,427819008,256,320,0.00021063396707177162,9.46119544096291e-05
H02,87,7,0.04935037699760869,0.001526039035525173,0.008015558996703476,0.07276269199792296,0.07268661097623408,0.002903283981140703,260020224,427819008,256,320,0.0002166139893233776,9.754201164469123e-05
H02,88,5,0.04694238200318068,0.0013734860112890601,0.007171352976001799,0.07319517998257652,0.07451398501871154,0.0027290810248814523,260020224,427819008,256,320,0.00021435401868075132,9.921198943629861e-05
H02,89,10,0.04308051097905263,0.0017050720052793622,0.007211453979834914,0.07278312201378867,0.07410632801475003,0.0026491889730095863,260020224,427819008,256,320,0.00021750404266640544,9.869196219369769e-05
H02,90,10,0.04685853101545945,0.001981156994588673,0.0076891129720024765,0.07450618495931849,0.07363352895481512,0.002896423975471407,260020224,427819008,256,320,0.00021771399769932032,9.753199992701411e-05
H02,91,12,0.045345322985667735,0.0017679729498922825,0.006708674016408622,0.07261378999100998,0.07434428198030218,0.002788610989227891,260020224,427819008,256,320,0.00022385403281077743,9.712198516353965e-05
H02,92,12,0.04570994997629896,0.0017990340129472315,0.0074861079920083284,0.0737651819945313,0.0732729320297949,0.0030975479749031365,260020224,427819008,256,320,0.0002192149986512959,9.773101191967726e-05
H02,93,8,0.04456064902478829,0.0015558780287392437,0.006599952990654856,0.07390056399162859,0.0728624050389044,0.002683120022993535,260020224,427819008,256,320,0.00021520396694540977,9.931204840540886e-05
H02,94,11,0.044571098987944424,0.0016804509796202183,0.007214115001261234,0.07278247299836949,0.07281094300560653,0.0031648590229451656,260020224,427819008,256,320,0.0002234139828942716,9.823200525715947e-05
H02,95,8,0.04502007702831179,0.0014714369899593294,0.007142652990296483,0.07271950301947072,0.07342521497048438,0.0027808109880425036,260020224,427819008,256,320,0.0002112039946950972,9.48410015553236e-05
H02,96,6,0.04645748296752572,0.0014674770063720644,0.0072102039703167975,0.07285585399949923,0.07440355396829545,0.002559787069913,260020224,427819008,256,320,0.00021194404689595103,9.335199138149619e-05
H02,97,11,0.04455713799688965,0.0017123619909398258,0.007463957997970283,0.07466111797839403,0.0730847489903681,0.0027144509949721396,260020224,427819008,256,320,0.0002151440130546689,9.721197420731187e-05
H02,98,5,0.04333685600431636,0.001344714022707194,0.0071235920186154544,0.07418167003197595,0.07290278602158651,0.0024511939845979214,260020224,427819008,256,320,0.00021171296248212457,9.718199726194143e-05
H02,99,11,0.04563305800547823,0.001963506976608187,0.008620510052423924,0.07293602603022009,0.07462753698928282,0.003039908071514219,260020224,427819008,256,320,0.0002346640103496611,0.00011049199383705854
H02,100,9,0.04500845697475597,0.0015893990057520568,0.007313646026887,0.07265607098815963,0.07435992296086624,0.0025226560537703335,260020224,427819008,256,320,0.00021192396525293589,9.586202213540673e-05
H02,101,8,0.045549547008704394,0.0019214150379411876,0.007502069987822324,0.07390995399327949,0.07296013698214665,0.0029396539903245866,260020224,427819008,256,320,0.00021583400666713715,9.84719954431057e-05
H02,102,3,0.046640046988613904,0.0012595339794643223,0.0076272820006124675,0.07382590201450512,0.07289297599345446,0.0024544260231778026,260020224,427819008,256,320,0.0002065430162474513,9.21820173971355e-05
H02,103,10,0.04550204600673169,0.001562428951729089,0.007133282022550702,0.07404089701594785,0.07291912601795048,0.0027534409309737384,260020224,427819008,256,320,0.00021394400391727686,9.640201460570097e-05
H02,104,11,0.04435507400194183,0.0017272219993174076,0.007219614984933287,0.07507902599172667,0.07293493603356183,0.0025065269437618554,260020224,427819008,256,320,0.0002209239755757153,9.850203059613705e-05
H02,105,11,0.04632629104889929,0.001858745003119111,0.007300916011445224,0.07312007999280468,0.07398170599481091,0.002716400020290166,260020224,427819008,256,320,0.00022633501794189215,9.916198905557394e-05
H02,106,17,0.04564743797527626,0.002088239009026438,0.007170054013840854,0.0735519879963249,0.07370091998018324,0.002584767935331911,260020224,427819008,256,320,0.00028822501190006733,0.0001417130115441978
H02,107,15,0.04461526998784393,0.001874805020634085,0.007144303002860397,0.07443395402515307,0.0729859370039776,0.002489035949110985,260020224,427819008,256,320,0.00021650403505191207,9.827199392020702e-05
H02,108,8,0.047140057024080306,0.0014925369760021567,0.00808499997947365,0.07302858802722767,0.07475225999951363,0.0027707309927791357,260020224,427819008,256,320,0.00021692400332540274,9.695196058601141e-05
H02,109,13,0.04332228499697521,0.0017690029926598072,0.006927128997631371,0.0730875589651987,0.07403509702999145,0.002736220951192081,260020224,427819008,256,320,0.00021585397189483047,9.732099715620279e-05
H02,110,10,0.04293777799466625,0.001682001049630344,0.007143842987716198,0.07276679400820285,0.07486430200515315,0.002818991953972727,260020224,427819008,256,320,0.00021490396466106176,9.596196468919516e-05
H02,111,14,0.046752830035984516,0.0019189849845133722,0.007136751955840737,0.07430111203575507,0.07313839002745226,0.0025597370113246143,260020224,427819008,256,320,0.00022366398479789495,9.75920120254159e-05
H02,112,13,0.04370870301499963,0.0017718430026434362,0.007040880969725549,0.07307297800434753,0.07315478997770697,0.0027376710204407573,260020224,427819008,256,320,0.00022332504158839583,9.818101534619927e-05
H02,113,7,0.04542836401378736,0.001468577014748007,0.006845308002084494,0.07356120803160593,0.07381704298313707,0.002758082060609013,260020224,427819008,256,320,0.00021365401335060596,9.364198194816709e-05
H02,114,16,0.044962826010305434,0.002029727038461715,0.007127723016310483,0.07285999495070428,0.07447086396859959,0.0024725269759073853,260020224,427819008,256,320,0.00022301397984847426,9.670195868238807e-05
H02,115,17,0.04870064603164792,0.00199684698600322,0.007242774998303503,0.07287628500489518,0.07370886002900079,0.0026257190038450062,260020224,427819008,256,320,0.00022235396318137646,0.0001000820193439722
H02,116,16,0.048000301991123706,0.0020848290296271443,0.007146432995796204,0.07281069399323314,0.07292608596617356,0.003541445010341704,260020224,427819008,256,320,0.0002223739866167307,0.00010049197589978576
H02,117,13,0.04631130100460723,0.0021587299997918308,0.007503698987420648,0.07386946398764849,0.07424925098894164,0.003919863025657833,260020224,427819008,256,320,0.00023161398712545633,0.00010318198474124074
H02,118,14,0.0469312320346944,0.001930895959958434,0.006761536002159119,0.0739293840015307,0.0730396980070509,0.0029152840143069625,260020224,427819008,256,320,0.0002236840082332492,9.829201735556126e-05
H02,119,19,0.044824664015322924,0.0020484779961407185,0.007019310956820846,0.07396149501437321,0.07306612899992615,0.003039836010430008,260020224,427819008,256,320,0.0002746949903666973,0.000183803029358387
H02,120,11,0.04643707297509536,0.002094078983645886,0.006702365004457533,0.07416821899823844,0.07320370199158788,0.004102916980627924,260020224,427819008,256,320,0.00022607395658269525,9.685201803222299e-05
H02,121,13,0.04700059397146106,0.0017342920182272792,0.0068881179904565215,0.07433186197886243,0.07308182801352814,0.0027728319400921464,260020224,427819008,256,320,0.00021932402160018682,9.936199057847261e-05
H02,122,10,0.045244131004437804,0.001586009981110692,0.007206374022644013,0.07374337100191042,0.0744628650136292,0.00316017895238474,260020224,427819008,256,320,0.00021692400332540274,9.567197412252426e-05
H02,123,9,0.04327985498821363,0.001662909984588623,0.007259915000759065,0.07278758403845131,0.07431431201985106,0.0027182699413970113,260020224,427819008,256,320,0.00022013398120179772,9.739201050251722e-05
H02,124,12,0.045948214014060795,0.0017181219882331789,0.006953750038519502,0.07368680101353675,0.07327142299618572,0.0031935389270074666,260020224,427819008,256,320,0.00021948397625237703,9.70819965004921e-05
H02,125,14,0.04602625500410795,0.0018368950113654137,0.007008031010627747,0.07278074399800971,0.074191958992742,0.0031273390632122755,260020224,427819008,256,320,0.00022146495757624507,9.832100477069616e-05
H02,126,14,0.050909996032714844,0.0017662830068729818,0.007221883977763355,0.07429346098797396,0.0733394930139184,0.0027618309832178056,260020224,427819008,256,320,0.0002191539970226586,9.907200001180172e-05
H02,127,13,0.046881390968337655,0.0017890140297822654,0.00681227701716125,0.07266029098536819,0.07383701304206625,0.0027197200106456876,260020224,427819008,256,320,0.00022137403720989823,9.596196468919516e-05
H02,128,21,0.045843201980460435,0.0022591620218008757,0.006629552983213216,0.07295854698168114,0.07425771100679412,0.00251519592711702,260020224,427819008,256,320,0.00024148396914824843,0.00010234198998659849
H02,129,15,0.04535154398763552,0.0018512140377424657,0.00697589002083987,0.07380126300267875,0.07289510499686003,0.002856542996596545,260020224,427819008,256,320,0.00022039399482309818,9.920197771862149e-05
H02,130,17,0.046103438013233244,0.0018956349813379347,0.007580281002447009,0.0729347059968859,0.07289725501323119,0.002877284015994519,260020224,427819008,256,320,0.0002443550038151443,0.0001017620088532567
H02,131,18,0.04605162696680054,0.0021764799603261054,0.006689594010822475,0.0732056720298715,0.07427381101297215,0.002647089015226811,260020224,427819008,256,320,0.00022068398538976908,0.00010029197437688708
H02,132,20,0.04349975800141692,0.0022026210208423436,0.006707363994792104,0.07389883504947647,0.07298486703075469,0.0028108020778745413,260020224,427819008,256,320,0.00022622401593253016,0.00010032200952991843
H02,133,17,0.0481613950105384,0.0020015069749206305,0.006971359020099044,0.07354274700628594,0.07402799598639831,0.002813943021465093,260020224,427819008,256,320,0.0002264640061184764,0.00011780200293287635
H02,134,20,0.044764102960471064,0.0022166609996929765,0.007151363999582827,0.07364885997958481,0.07303215697174892,0.00286415294976905,260020224,427819008,256,320,0.00023045396665111184,0.00010338204447180033
H02,135,17,0.04861774400342256,0.002313263015821576,0.0077591739827767015,0.07315965095767751,0.07481589104281738,0.002740411029662937,260020224,427819008,256,320,0.00022173498291522264,9.943102486431599e-05
H02,136,14,0.044408335990738124,0.001808853994589299,0.007121262024156749,0.07364294899161905,0.07270905200857669,0.0027718209894374013,260020224,427819008,256,320,0.0002161739976145327,9.852199582383037e-05
H02,137,17,0.043373966007493436,0.0019363960018381476,0.0070149400271475315,0.0742583210230805,0.07294896704843268,0.0025619770167395473,260020224,427819008,256,320,0.00022429402451962233,9.924196638166904e-05
H02,138,16,0.043208923016209155,0.001837924006395042,0.007879596028942615,0.07290476496564224,0.07279559399466962,0.002573578036390245,260020224,427819008,256,320,0.0002163139870390296,9.816198144108057e-05
H02,139,18,0.044072340009734035,0.001985626993700862,0.007207424030639231,0.07289490499533713,0.07302224898012355,0.00369903800310567,260020224,427819008,256,320,0.00023052399046719074,0.00010114198084920645
H02,140,17,0.0451492999563925,0.002173169981688261,0.006712734990287572,0.07329298299737275,0.07397229503840208,0.002711341017857194,260020224,427819008,256,320,0.0002239649766124785,0.00010026100790128112
H02,141,17,0.04482236300827935,0.002000716980546713,0.006439329998102039,0.07379625202156603,0.07287475495832041,0.0028528629918582737,260020224,427819008,256,320,0.00022799504222348332,9.891099762171507e-05
H02,142,17,0.047922211000695825,0.0019121959921903908,0.007452138990629464,0.07309713901486248,0.0739830860402435,0.0029297040309756994,260020224,427819008,256,320,0.00021993403788655996,0.00010078196646645665
H02,143,13,0.04602944600628689,0.0021025390014983714,0.006868878030218184,0.07277768303174525,0.07344739499967545,0.0026456990162841976,260020224,427819008,256,320,0.0002300540218129754,9.887199848890305e-05
H02,144,13,0.04606498603243381,0.001755983044859022,0.00716372299939394,0.07423178001772612,0.07355281803756952,0.002749370993115008,260020224,427819008,256,320,0.00021785404533147812,9.616196621209383e-05
H02,145,12,0.04592939402209595,0.0016791310044936836,0.007498749997466803,0.07272305199876428,0.07386211398988962,0.0027804809506051242,260020224,427819008,256,320,0.00021685397950932384,9.714101906865835e-05
H02,146,11,0.04433578497264534,0.001634290034417063,0.0071432829718105495,0.07274566200794652,0.07445110398111865,0.002893913013394922,260020224,427819008,256,320,0.00021838402608409524,9.734102059155703e-05
H02,147,12,0.04522982198977843,0.0018602039781399071,0.0067095150006935,0.07299160701222718,0.0744534750119783,0.002589868032373488,260020224,427819008,256,320,0.00021561398170888424,9.690201841294765e-05
H02,148,9,0.043647052021697164,0.0015393579960800707,0.007210743962787092,0.07404061598936096,0.07303271896671504,0.002936104021500796,260020224,427819008,256,320,0.00021190400002524257,9.508099174126983e-05
H02,149,10,0.04502805700758472,0.0016431700205430388,0.00708256202051416,0.07453559595160186,0.07282248401315883,0.0027440309640951455,260020224,427819008,256,320,0.00022058398462831974,9.653199231252074e-05
H02,150,12,0.04540494398679584,0.002797832014039159,0.006501000956632197,0.07274366199271753,0.07416233903495595,0.0027315510087646544,260020224,427819008,256,320,0.00021957396529614925,9.659200441092253e-05
H02,151,15,0.04466767003759742,0.0019092150032520294,0.007211234013084322,0.07302632799837738,0.07411148794926703,0.0025908679817803204,260020224,427819008,256,320,0.00022818398429080844,9.785097790881991e-05
H02,152,14,0.04550982697401196,0.0018431940115988255,0.007558100041933358,0.07435792300384492,0.07289245596621186,0.002687619999051094,260020224,427819008,256,320,0.0002193039981648326,9.86219965852797e-05
H02,153,12,0.04545388597762212,0.0017793129663914442,0.006761005963198841,0.07302301801973954,0.07442358398111537,0.0029178939876146615,260020224,427819008,256,320,0.00022024399368092418,0.0001358630252070725
H02,154,10,0.04575169098097831,0.0016590399900451303,0.006820876966230571,0.07274100295035169,0.07428159099072218,0.002616938960272819,260020224,427819008,256,320,0.0002135240356437862,9.52109694480896e-05
H02,155,6,0.044802272983361036,0.0014091460034251213,0.007150473014917225,0.07404688699170947,0.07304547901730984,0.0028185310075059533,260020224,427819008,256,320,0.00021342397667467594,9.474199032410979e-05
H02,156,8,0.04407429997809231,0.0015109379892237484,0.006729885004460812,0.07392769400030375,0.07311747001949698,0.0028865429922007024,260020224,427819008,256,320,0.0002166139893233776,9.571202099323273e-05
H02,157,8,0.04601955600082874,0.0015480490401387215,0.007361975964158773,0.07277963403612375,0.07345483597600833,0.0037725900183431804,260020224,427819008,256,320,0.0002196740242652595,9.782199049368501e-05
H02,158,10,0.04582934302743524,0.0016433210112154484,0.006804295990150422,0.07340028398903087,0.07446905499091372,0.002734820998739451,260020224,427819008,256,320,0.00021985400235280395,9.720196248963475e-05
H02,159,7,0.04723664803896099,0.001529768982436508,0.008059539017267525,0.0728581550065428,0.07284871401498094,0.002605958958156407,260020224,427819008,256,320,0.0002139039570465684,9.616202441975474e-05
H02,160,10,0.045441694965120405,0.001636421016883105,0.006931679032277316,0.07264889095677063,0.0743439529906027,0.0029774350114166737,260020224,427819008,256,320,0.0002241339534521103,0.00010061200009658933
H02,161,8,0.04575775098055601,0.0014779980410821736,0.006714444956742227,0.07270559202879667,0.07287508499575779,0.003883583005517721,260020224,427819008,256,320,0.00021997402654960752,9.567098459228873e-05
H02,162,12,0.04427013301756233,0.0017662830068729818,0.006514411012176424,0.07403952599270269,0.07312426902353764,0.0027564309420995414,260020224,427819008,256,320,0.00021781399846076965,9.897199925035238e-05
H02,163,11,0.04593401402235031,0.0016941709909588099,0.006476469978224486,0.07275798299815506,0.07385767297819257,0.0028410939848981798,260020224,427819008,256,320,0.0002256039879284799,9.70119726844132e-05
H02,164,11,0.04622815997572616,0.0018419940024614334,0.006468479987233877,0.07395145500777289,0.07276492303935811,0.0027386709698475897,260020224,427819008,256,320,0.00021757395006716251,9.721203241497278e-05
H02,165,12,0.048337388958316296,0.0018506950000301003,0.008237183967139572,0.07378811301896349,0.07295219600200653,0.0027337110368534923,260020224,427819008,256,320,0.00021345395362004638,9.506195783615112e-05
H02,166,6,0.042890566983260214,0.0013857759768143296,0.00707819196395576,0.07437652396038175,0.07294668594840914,0.0026258189463987947,260020224,427819008,256,320,0.00021432398352771997,9.470200166106224e-05
H02,167,6,0.043032250949181616,0.0014298860332928598,0.00789137597894296,0.07343103596940637,0.07298104697838426,0.0027675809687934816,260020224,427819008,256,320,0.0002642949693836272,0.00012764200801029801
H02,168,7,0.04550152597948909,0.0014403469976969063,0.007205154979601502,0.07301340799313039,0.07379436300834641,0.0030059550190344453,260020224,427819008,256,320,0.00021462398581206799,9.64319915510714e-05
H02,169,13,0.04677209001965821,0.001866145001258701,0.006614242040086538,0.0726677619968541,0.07366605999413878,0.003671588026918471,260020224,427819008,256,320,0.00023914402117952704,0.000100962002761662
H02,170,10,0.04605326597811654,0.0016344409668818116,0.0073871680069714785,0.07269867201102898,0.0740026049898006,0.0029000339563935995,260020224,427819008,256,320,0.00021447398466989398,9.568099630996585e-05
H02,171,5,0.04538437398150563,0.0015135779976844788,0.006403238978236914,0.07310060900636017,0.07401285599917173,0.0028892450500279665,260020224,427819008,256,320,0.00022797397105023265,9.789201430976391e-05
H02,172,6,0.046334032027516514,0.0014518170501105487,0.00723939499584958,0.0741276279441081,0.0728274240391329,0.0027693809824995697,260020224,427819008,256,320,0.00021892401855438948,9.773200144991279e-05
H02,173,9,0.04360451101092622,0.0015352479531429708,0.00715733302058652,0.0740547269815579,0.07285418396349996,0.0028026020154356956,260020224,427819008,256,320,0.0002272640122100711,9.7302021458745e-05
H02,174,3,0.04747335199499503,0.0012306629796512425,0.006914879020769149,0.0727624439750798,0.07422619999852031,0.00275634101126343,260020224,427819008,256,320,0.00020904402481392026,9.326200233772397e-05
H02,175,4,0.049766126030590385,0.0012981140171177685,0.007514039054512978,0.07394669600762427,0.07292819599388167,0.002830992976669222,260020224,427819008,256,320,0.00021029298659414053,9.382196003571153e-05
H02,176,5,0.046151148970238864,0.0013597349752672017,0.007258194964379072,0.07309688901295885,0.07283022400224581,0.002838903048541397,260020224,427819008,256,320,0.0002179840230382979,0.00010343198664486408
H02,177,7,0.045349663007073104,0.0014684670022688806,0.006811017054133117,0.07254826900316402,0.07383141299942508,0.002884294022805989,260020224,427819008,256,320,0.00022217404330149293,9.521201718598604e-05
H02,178,5,0.045861672959290445,0.0014765579835511744,0.007283356040716171,0.07281447300920263,0.07374280103249475,0.0028737239772453904,260020224,427819008,256,320,0.00021783402189612389,9.772204793989658e-05
H02,179,4,0.048208696010988206,0.0013460750342346728,0.0071784540195949376,0.0738700230140239,0.07293638598639518,0.0026880610384978354,260020224,427819008,256,320,0.00020766403758898377,9.311200119554996e-05
H02,180,2,0.04610108700580895,0.0011516810045577586,0.007186122995335609,0.0727076519979164,0.07359631900908425,0.003788850037381053,260020224,427819008,256,320,0.00023924402194097638,0.00010168104199692607
H02,181,3,0.04597425501560792,0.001244672981556505,0.006886227987706661,0.07268832199042663,0.07404955697711557,0.0028932749410159886,260020224,427819008,256,320,0.00020912400214001536,9.411200881004333e-05
H02,182,4,0.043412877013906837,0.0012532930122688413,0.008452976995613426,0.07302588800666854,0.07447333500022069,0.002499816007912159,260020224,427819008,256,320,0.00021182402269914746,9.396200766786933e-05
H02,183,7,0.045564017025753856,0.0015313579933717847,0.007214504003059119,0.07297763699898496,0.07437089300947264,0.0025558480410836637,260020224,427819008,256,320,0.00021364400163292885,9.402201976627111e-05
H02,184,3,0.044651150004938245,0.0011788220144808292,0.007107222976628691,0.07376806199317798,0.07299039798090234,0.002936173987109214,260020224,427819008,256,320,0.00021472404478117824,9.451102232560515e-05
H02,185,3,0.047588854969944805,0.0012513529509305954,0.006942768988665193,0.07347920601023361,0.07289982604561374,0.003837729978840798,260020224,427819008,256,320,0.00021329399896785617,9.476195555180311e-05
H02,186,3,0.046238969021942466,0.0012049920042045414,0.007209694012999535,0.07274177297949791,0.07426083099562675,0.0026802390348166227,260020224,427819008,256,320,0.0002111339708790183,9.360199328511953e-05
H02,187,6,0.046554345986805856,0.001700432039797306,0.007177803956437856,0.07289540499914438,0.07358869904419407,0.003281601006165147,260020224,427819008,256,320,0.00021751399617642164,9.622197831049562e-05
H02,188,5,0.04475200199522078,0.0013082049554213881,0.007878526987042278,0.07423970103263855,0.073070019017905,0.0026798589969985187,260020224,427819008,256,320,0.00021276401821523905,9.362102719023824e-05
H02,189,3,0.049557390972040594,0.001307144993916154,0.006950249022338539,0.07341597502818331,0.07518306805286556,0.003155189042445272,260020224,427819008,256,320,0.0002134640235453844,9.427202166989446e-05
H02,190,4,0.0472870190278627,0.0013782960013486445,0.007057380978949368,0.0728030739701353,0.07420062000164762,0.0029165439191274345,260020224,427819008,256,320,0.0002255840227007866,9.600201155990362e-05
H02,191,5,0.04545934504130855,0.0017522620037198067,0.006712665024679154,0.07289524498628452,0.0742821809835732,0.0027736020274460316,260020224,427819008,256,320,0.00022329395869746804,0.00010023202048614621
H02,192,2,0.0459920049761422,0.0012467129854485393,0.007246165012475103,0.07401160598965362,0.07278580398997292,0.0029220039723441005,260020224,427819008,256,320,0.00021344400011003017,9.54720308072865e-05
H02,193,7,0.04472070198971778,0.0015260979998856783,0.006964789004996419,0.0740978280082345,0.07288339495426044,0.002479575981851667,260020224,427819008,256,320,0.00021352397743612528,9.642099030315876e-05
H02,194,3,0.044261572998948395,0.0012762940023094416,0.007175092992838472,0.07464989804429933,0.07263492996571586,0.00242070498643443,260020224,427819008,256,320,0.00021131301764398813,9.230198338627815e-05
H02,195,7,0.04449233697960153,0.0014355169842019677,0.007636261987499893,0.07298061705660075,0.07278921303804964,0.002410164976026863,260020224,427819008,256,320,0.00021050398936495185,9.586202213540673e-05
H02,196,4,0.04553035704884678,0.0013262839638628066,0.00672653503715992,0.07308711897348985,0.07467789901420474,0.0026886199484579265,260020224,427819008,256,320,0.00020737398881465197,9.360199328511953e-05
H02,197,5,0.04323397303232923,0.0013163149706088006,0.007075422035995871,0.07289237499935552,0.07433878199663013,0.002397925010882318,260020224,427819008,256,320,0.00021055398974567652,9.531201794743538e-05
H02,198,5,0.047268747992347926,0.0013495049788616598,0.007821024977602065,0.07327070302562788,0.07427434099372476,0.00246297603007406,260020224,427819008,256,320,0.00020862399833276868,9.276100900024176e-05
H02,199,7,0.04383218503789976,0.0014770280104130507,0.007795734971296042,0.07416268001543358,0.07275103300344199,0.0024235849850811064,260020224,427819008,256,320,0.0002092140493914485,9.417103137820959e-05
