frame_index,frame_name,num_features,added_features,dropped_features,dropout_ratio,tracked_before_filter,tracked_after_filter,grid_coverage,grid_occupied,grid_total,median_track_age,mean_track_age,long_track_ratio,median_fb_error,median_ncc,median_quality,mean_quality,median_visual_sigma,mean_visual_sigma,low_texture_feature_ratio,low_texture_track_age_median,low_texture_quality_median,mean_intensity,contrast,gradient_mean,laplacian_var,underexposed_ratio,overexposed_ratio,illumination_nonuniformity,local_contrast,flat_region_ratio,texture_score,blur_score,exposure_score,contrast_score,illumination_score,backscatter_score,highlight_shadow_score,grid_texture_score,underwater_score,degradation_score,image_quality,fundamental_inlier_ratio,homography_inlier_ratio,median_epipolar_error,median_homography_error,planar_score,tracker_mode,tracker_recovery_reason,tracker_recovered_count,track_health_score,track_health_reason,frontend_state_score,frontend_state_reason,semidense_acceptance,geometry_safe_acceptance,learned_mode_before_sparse_homography,learned_mode_after_sparse_homography,base_learned_mode_before_sparse_override,learned_mode_after_sparse_override,learned_mode_sparse_homography_allowed,learned_mode_sparse_homography_reason,last_loftr_sparse_homography_check_allowed,last_loftr_sparse_homography_check_reason,loftr_sparse_homography_allowed,loftr_sparse_homography_reason,semidense_raw_candidates,semidense_post_validate_candidates,semidense_accepted_candidates,semidense_queued_pending,semidense_grid_gain,semidense_new_cell_ratio,semidense_before_f_inlier,semidense_after_f_inlier,semidense_before_h_inlier,semidense_after_h_inlier,semidense_before_epipolar,semidense_after_epipolar,semidense_before_homography,semidense_after_homography,pending_loftr_count,pending_loftr_age_median,loftr_confirmed_promoted,klt_degeneracy_loftr_allowed,klt_degeneracy_loftr_reason,klt_degeneracy_loftr_score,scheduler_mode,scheduler_reason,geometry_mode,geometry_reason,planar_confidence,adaptive_geometry_model,klt_tracks,gftt_tracks,orb_tracks,orb_match_tracks,orb_recovery_tracks,lk_recovery_tracks,homography_recovery_tracks,xfeat_tracks,xfeat_recovery_tracks,xfeat_init_tracks,xfeat_confirmed_tracks,xfeat_star_tracks,xfeat_star_recovery_tracks,xfeat_star_init_tracks,xfeat_star_confirmed_tracks,superpoint_lightglue_tracks,superpoint_lightglue_recovery_tracks,superpoint_lightglue_init_tracks,superpoint_lightglue_confirmed_tracks,learned_memory_tracks,loftr_tracks,loftr_recovery_tracks,loftr_init_tracks,loftr_confirmed_tracks,candidate_bank_count,candidate_bank_coverage,candidate_bank_grid_gain,stable_candidate_grid_coverage,runtime_ms
0,datasets/prepared_new/uvvid_cannon_bottom/frame_000000.jpg,350,350,0,0.0,0,0,0.5833333333333334,14,24,1.0,1.0,0.0,0.0,1.0,0.5539433360099792,0.5539433360099792,1.3423806428909302,1.3423807621002197,0.0,nan,nan,153.7167510986328,36.2869987487793,12.436786651611328,165.95718383789062,0.0,0.0,0.2944251625210631,0.03115791268646717,0.625,0.4441709518432617,0.36879374186197916,1.0,0.8063777499728733,0.29337960994944856,0.47400231291022565,1.0,0.375,0.5539433610423289,0.4460566389576711,0.5539433610423289,0.0,0.0,nan,nan,0.0,klt,n/a,0,nan,n/a,nan,n/a,n/a,n/a,n/a,n/a,n/a,n/a,False,n/a,False,n/a,False,n/a,0,0,0,0,nan,nan,nan,nan,nan,nan,nan,nan,nan,nan,0,nan,0,False,n/a,0.0,klt,healthy,normal,healthy,0.0,n/a,0,350,0,0,0,0,0,0,0,0,0,0,0,0,0,0,0,0,0,0,0,0,0,0,0,0.0,0.0,0.0,2262.870118021965
1,datasets/prepared_new/uvvid_cannon_bottom/frame_000002.jpg,350,82,82,0.2342857142857143,350,268,0.625,15,24,2.0,1.7657142877578735,0.0,0.03534088656306267,0.963465690612793,0.2725527286529541,0.31742626428604126,1.9119631052017212,1.89954674243927,0.0,nan,nan,153.6664581298828,36.28627395629883,13.100772857666016,169.41903686523438,0.0,0.0,0.29595897300570617,0.031099867075681686,0.5833333333333334,0.4678847449166434,0.3764867485894097,1.0,0.8063616434733073,0.28969846478630523,0.4738623378177484,1.0,0.41666666666666663,0.5623571864809765,0.43764281351902345,0.5623571864809765,0.8246268656716418,0.8694029850746269,0.4163187921660259,1.1690999277335619,1.0542973640194861,klt,n/a,0,nan,n/a,nan,n/a,n/a,n/a,n/a,n/a,n/a,n/a,False,n/a,False,n/a,False,n/a,0,0,0,0,nan,nan,nan,nan,nan,nan,nan,nan,nan,nan,0,nan,0,False,n/a,0.0,klt,healthy,normal,healthy,0.6699685167917404,n/a,268,82,0,0,0,0,0,0,0,0,0,0,0,0,0,0,0,0,0,0,0,0,0,0,0,0.0,0.0,0.0,2286.7628959938884
2,datasets/prepared_new/uvvid_cannon_bottom/frame_000004.jpg,350,76,76,0.21714285714285714,350,274,0.625,15,24,3.0,2.4885714054107666,0.0,0.03077847883105278,0.949303388595581,0.2754881978034973,0.3113010823726654,1.90178644657135,1.9216784238815308,0.0,nan,nan,154.02645874023438,36.28097152709961,12.905902862548828,171.11138916015625,0.0,0.0,0.29561197019090835,0.030889801681041718,0.5833333333333334,0.4609251022338867,0.3802475314670139,1.0,0.8062438117133246,0.29053127154182,0.4733260005863026,1.0,0.41666666666666663,0.5614658830179874,0.4385341169820126,0.5614658830179874,0.8722627737226277,0.7554744525547445,0.32184661817679744,1.162495181274448,0.8661077936672157,klt,n/a,0,nan,n/a,nan,n/a,n/a,n/a,n/a,n/a,n/a,n/a,False,n/a,False,n/a,False,n/a,0,0,0,0,nan,nan,nan,nan,nan,nan,nan,nan,nan,nan,0,nan,0,False,n/a,0.0,klt,healthy,normal,healthy,0.5528837235725165,n/a,274,76,0,0,0,0,0,0,0,0,0,0,0,0,0,0,0,0,0,0,0,0,0,0,0,0.0,0.0,0.0,2294.88661698997
3,datasets/prepared_new/uvvid_cannon_bottom/frame_000006.jpg,350,77,77,0.22,350,273,0.625,15,24,4.0,3.1342856884002686,0.0,0.05024402588605881,0.9436313509941101,0.27751022577285767,0.30885934829711914,1.8948705196380615,1.9430040121078491,0.0,nan,nan,154.3118438720703,35.9948844909668,12.901368141174316,161.67556762695312,0.0,0.0,0.29421244303385413,0.030222881585359573,0.5833333333333334,0.46076314789908274,0.35927903917100695,1.0,0.7998863220214844,0.2938901367187501,0.4686315282501958,1.0,0.41666666666666663,0.5572192999783859,0.44278070002161407,0.5572192999783859,0.8205128205128205,0.7362637362637363,0.4090065891715693,1.1775362924224582,0.8973203349622704,klt,n/a,0,nan,n/a,nan,n/a,n/a,n/a,n/a,n/a,n/a,n/a,False,n/a,False,n/a,False,n/a,0,0,0,0,nan,nan,nan,nan,nan,nan,nan,nan,nan,nan,0,nan,0,False,n/a,0.0,klt,healthy,normal,healthy,0.5420437636972385,n/a,273,77,0,0,0,0,0,0,0,0,0,0,0,0,0,0,0,0,0,0,0,0,0,0,0,0.0,0.0,0.0,2288.2153503596783
4,datasets/prepared_new/uvvid_cannon_bottom/frame_000008.jpg,350,82,82,0.2342857142857143,350,268,0.5833333333333334,14,24,5.0,3.640000104904175,0.5685714285714286,0.043892450630664825,0.9497063159942627,0.288175106048584,0.32231777906417847,1.8596007823944092,1.8911373615264893,0.002857142857142857,5.0,0.05000000074505806,154.37631225585938,35.79147720336914,12.813879013061523,162.49978637695312,0.0,0.0,0.29185125612745094,0.030829519033432007,0.5833333333333334,0.4576385361807687,0.36111063639322916,1.0,0.7953661600748698,0.2995569852941178,0.46775016874978037,1.0,0.41666666666666663,0.5569701171828203,0.4430298828171797,0.5569701171828203,0.7835820895522388,0.8544776119402985,0.46467100667455596,1.249744488562736,1.0904747988226375,klt,n/a,0,nan,n/a,nan,n/a,n/a,n/a,n/a,n/a,n/a,n/a,False,n/a,False,n/a,False,n/a,0,0,0,0,nan,nan,nan,nan,nan,nan,nan,nan,nan,nan,0,nan,0,False,n/a,0.0,klt,healthy,normal,healthy,0.653683032866036,n/a,268,82,0,0,0,0,0,0,0,0,0,0,0,0,0,0,0,0,0,0,0,0,0,0,0,0.0,0.0,0.0,2375.838485080749
5,datasets/prepared_new/uvvid_cannon_bottom/frame_000010.jpg,350,85,85,0.24285714285714285,350,265,0.625,15,24,6.0,4.145714282989502,0.5714285714285714,0.04503316059708595,0.950963020324707,0.2988337278366089,0.33162370324134827,1.8262481689453125,1.8505319356918335,0.0,nan,nan,155.03358459472656,35.76760482788086,12.82095718383789,152.58692932128906,0.0,0.0,0.29004579731062347,0.030644521117210388,0.5833333333333334,0.4578913279942104,0.33908206515842015,1.0,0.7948356628417969,0.30389008645450366,0.4670644703236493,1.0,0.41666666666666663,0.5539618506675575,0.44603814933244246,0.5539618506675575,0.7283018867924528,0.7283018867924528,0.6718910924373259,1.2989523341089908,0.9999986269448904,klt,n/a,0,nan,n/a,nan,n/a,n/a,n/a,n/a,n/a,n/a,n/a,False,n/a,False,n/a,False,n/a,0,0,0,0,nan,nan,nan,nan,nan,nan,nan,nan,nan,nan,0,nan,0,False,n/a,0.0,klt,healthy,normal,healthy,0.5413109595398209,n/a,265,85,0,0,0,0,0,0,0,0,0,0,0,0,0,0,0,0,0,0,0,0,0,0,0,0.0,0.0,0.0,2352.3361370898783
6,datasets/prepared_new/uvvid_cannon_bottom/frame_000012.jpg,350,77,77,0.22,350,273,0.625,15,24,7.0,4.711428642272949,0.5771428571428572,0.04843167960643768,0.9543039798736572,0.30438897013664246,0.3284021019935608,1.8095641136169434,1.8761831521987915,0.0,nan,nan,155.30079650878906,35.96605682373047,12.622241020202637,152.9683074951172,0.0,0.0,0.29044552672143076,0.03104231506586075,0.5833333333333334,0.4507943221500942,0.33992957221137154,1.0,0.7992457071940104,0.3029307358685662,0.47017356965577967,1.0,0.41666666666666663,0.5533040986704142,0.4466959013295858,0.5533040986704142,0.7985347985347986,0.6813186813186813,0.3929801826830104,1.3249496826311227,0.8532099407049825,klt,n/a,0,nan,n/a,nan,n/a,n/a,n/a,n/a,n/a,n/a,n/a,False,n/a,False,n/a,False,n/a,0,0,0,0,nan,nan,nan,nan,nan,nan,nan,nan,nan,nan,0,nan,0,False,n/a,0.0,klt,healthy,normal,healthy,0.4787839062209609,n/a,273,77,0,0,0,0,0,0,0,0,0,0,0,0,0,0,0,0,0,0,0,0,0,0,0,0.0,0.0,0.0,2304.9736018292606
7,datasets/prepared_new/uvvid_cannon_bottom/frame_000014.jpg,350,78,78,0.22285714285714286,350,272,0.625,15,24,6.0,5.122857093811035,0.56,0.047963619232177734,0.9545979499816895,0.3172954320907593,0.3374406397342682,1.7724941968917847,1.8237531185150146,0.0,nan,nan,155.67869567871094,35.593170166015625,12.857901573181152,148.8589324951172,0.0,0.0,0.28825649785060514,0.030778035521507263,0.5833333333333334,0.4592107704707554,0.33079762776692706,1.0,0.7909593370225695,0.3081844051585477,0.46542974924198305,1.0,0.41666666666666663,0.5528664970202175,0.4471335029797825,0.5528664970202175,0.8235294117647058,0.7352941176470589,0.38402082296276396,1.3611806373045594,0.892856058674786,klt,n/a,0,nan,n/a,nan,n/a,n/a,n/a,n/a,n/a,n/a,n/a,False,n/a,False,n/a,False,n/a,0,0,0,0,nan,nan,nan,nan,nan,nan,nan,nan,nan,nan,0,nan,0,False,n/a,0.0,klt,healthy,normal,healthy,0.5329097259728913,n/a,272,78,0,0,0,0,0,0,0,0,0,0,0,0,0,0,0,0,0,0,0,0,0,0,0,0.0,0.0,0.0,2329.530213959515
8,datasets/prepared_new/uvvid_cannon_bottom/frame_000016.jpg,350,66,66,0.18857142857142858,350,284,0.6666666666666666,16,24,6.5,5.708571434020996,0.58,0.04512210935354233,0.956763505935669,0.32036399841308594,0.3393418788909912,1.7640172243118286,1.7984167337417603,0.0,nan,nan,155.83753967285156,35.451690673828125,12.853198051452637,158.26095581054688,0.0,0.0,0.28564818737553616,0.031379178166389465,0.625,0.4590427875518799,0.3516910129123264,1.0,0.7878153483072917,0.3144443502987132,0.46522398816816735,1.0,0.375,0.5541469047462607,0.4458530952537393,0.5541469047462607,0.778169014084507,0.8802816901408451,0.4796015202250792,1.21805185435875,1.1312202657621926,klt,n/a,0,nan,n/a,nan,n/a,n/a,n/a,n/a,n/a,n/a,n/a,False,n/a,False,n/a,False,n/a,0,0,0,0,nan,nan,nan,nan,nan,nan,nan,nan,nan,nan,0,nan,0,False,n/a,0.0,klt,healthy,normal,healthy,0.6873332282283012,n/a,284,66,0,0,0,0,0,0,0,0,0,0,0,0,0,0,0,0,0,0,0,0,0,0,0,0.0,0.0,0.0,2279.390331823379
9,datasets/prepared_new/uvvid_cannon_bottom/frame_000018.jpg,350,61,61,0.1742857142857143,350,289,0.6666666666666666,16,24,6.0,6.174285888671875,0.6057142857142858,0.056837525218725204,0.9493609666824341,0.323360800743103,0.3398682773113251,1.7558436393737793,1.8106982707977295,0.0,nan,nan,155.45355224609375,35.36711883544922,13.469307899475098,166.2190399169922,0.0,0.0,0.2845736814012715,0.03145598620176315,0.5833333333333334,0.4810467106955392,0.36937564425998265,1.0,0.7859359741210937,0.31702316463694846,0.46445886479182674,1.0,0.41666666666666663,0.5643610031533391,0.43563899684666085,0.5643610031533391,0.7993079584775087,0.8131487889273357,0.3142101212754884,1.1021937081137618,1.0173147445715967,klt,n/a,0,nan,n/a,nan,n/a,n/a,n/a,n/a,n/a,n/a,n/a,False,n/a,False,n/a,False,n/a,0,0,0,0,nan,nan,nan,nan,nan,nan,nan,nan,nan,nan,0,nan,0,False,n/a,0.0,klt,healthy,normal,healthy,0.6234223439476526,n/a,289,61,0,0,0,0,0,0,0,0,0,0,0,0,0,0,0,0,0,0,0,0,0,0,0,0.0,0.0,0.0,2357.9530278220773
10,datasets/prepared_new/uvvid_cannon_bottom/frame_000020.jpg,350,69,69,0.19714285714285715,350,281,0.6666666666666666,16,24,6.0,6.6028571128845215,0.6114285714285714,0.032165639102458954,0.9535010457038879,0.3420901894569397,0.3574528396129608,1.7072532176971436,1.7598732709884644,0.0,nan,nan,155.19107055664062,35.20822525024414,13.173954010009766,172.3042755126953,0.0,0.0,0.2829722176346124,0.03196887671947479,0.5416666666666666,0.4704983575003488,0.3828983900282118,1.0,0.7824050055609809,0.32086667767693033,0.4638590407792968,1.0,0.45833333333333337,0.5667464014901941,0.43325359850980594,0.5667464014901941,0.8932384341637011,0.7935943060498221,0.33407093141850763,1.1463966337931728,0.8884452205055499,klt,n/a,0,nan,n/a,nan,n/a,n/a,n/a,n/a,n/a,n/a,n/a,False,n/a,False,n/a,False,n/a,0,0,0,0,nan,nan,nan,nan,nan,nan,nan,nan,nan,nan,0,nan,0,False,n/a,0.0,klt,healthy,normal,healthy,0.5817812318878242,n/a,281,69,0,0,0,0,0,0,0,0,0,0,0,0,0,0,0,0,0,0,0,0,0,0,0,0.0,0.0,0.0,2346.3700469583273
11,datasets/prepared_new/uvvid_cannon_bottom/frame_000022.jpg,350,69,69,0.19714285714285715,350,281,0.7083333333333334,17,24,7.0,7.185714244842529,0.6514285714285715,0.04170873016119003,0.9511144161224365,0.3622862696647644,0.3724658787250519,1.659111499786377,1.7358331680297852,0.0,nan,nan,154.9604034423828,34.96424102783203,14.050512313842773,180.16162109375,0.0,0.0,0.27924210193110444,0.03387172892689705,0.4583333333333333,0.5018040112086705,0.4003591579861111,1.0,0.776983133951823,0.32981895536534933,0.4654727690824957,1.0,0.5416666666666667,0.5822237098589524,0.41777629014104756,0.5822237098589524,0.7793594306049823,0.7473309608540926,0.5127900900351166,1.032079118216721,0.9589028792159403,klt,n/a,0,nan,n/a,nan,n/a,n/a,n/a,n/a,n/a,n/a,n/a,False,n/a,False,n/a,False,n/a,0,0,0,0,nan,nan,nan,nan,nan,nan,nan,nan,nan,nan,0,nan,0,False,n/a,0.0,klt,healthy,normal,healthy,0.539224563273564,n/a,281,69,0,0,0,0,0,0,0,0,0,0,0,0,0,0,0,0,0,0,0,0,0,0,0,0.0,0.0,0.0,2354.973167181015
12,datasets/prepared_new/uvvid_cannon_bottom/frame_000024.jpg,350,64,64,0.18285714285714286,350,286,0.6666666666666666,16,24,8.0,7.825714111328125,0.6771428571428572,0.03505909815430641,0.9543360471725464,0.36148330569267273,0.36828234791755676,1.6609511375427246,1.7448078393936157,0.0,nan,nan,155.24859619140625,34.55874252319336,13.330549240112305,177.39633178710938,0.0,0.0,0.2760057097790288,0.03305555135011673,0.5833333333333334,0.47609104428972515,0.39421407063802083,1.0,0.7679720560709635,0.337586296530331,0.4591122811039289,1.0,0.41666666666666663,0.5673264830210564,0.43267351697894363,0.5673264830210564,0.8076923076923077,0.7867132867132867,0.42469347042778116,0.8355090333365547,0.9740247680905467,klt,n/a,0,nan,n/a,nan,n/a,n/a,n/a,n/a,n/a,n/a,n/a,False,n/a,False,n/a,False,n/a,0,0,0,0,nan,nan,nan,nan,nan,nan,nan,nan,nan,nan,0,nan,0,False,n/a,0.0,klt,healthy,normal,healthy,0.610958666501448,n/a,286,64,0,0,0,0,0,0,0,0,0,0,0,0,0,0,0,0,0,0,0,0,0,0,0,0.0,0.0,0.0,2345.1899848878384
13,datasets/prepared_new/uvvid_cannon_bottom/frame_000026.jpg,350,70,70,0.2,350,280,0.6666666666666666,16,24,9.0,8.29714298248291,0.6685714285714286,0.04173637926578522,0.950118899345398,0.3747919499874115,0.37587401270866394,1.631272792816162,1.720381498336792,0.0,nan,nan,156.03768920898438,33.87874221801758,13.556892395019531,177.60008239746094,0.0,0.0,0.2693523421942019,0.03207368403673172,0.5,0.4841747283935547,0.3946668497721354,1.0,0.7528609381781683,0.3535543787339155,0.4493252055362017,1.0,0.5,0.5734250864785964,0.42657491352140364,0.5734250864785964,0.8428571428571429,0.9142857142857143,0.39558433004438787,0.896480710588851,1.0847444757268931,klt,n/a,0,nan,n/a,nan,n/a,n/a,n/a,n/a,n/a,n/a,n/a,False,n/a,False,n/a,False,n/a,0,0,0,0,nan,nan,nan,nan,nan,nan,nan,nan,nan,nan,0,nan,0,False,n/a,0.0,klt,healthy,normal,healthy,0.7005378303999753,n/a,280,70,0,0,0,0,0,0,0,0,0,0,0,0,0,0,0,0,0,0,0,0,0,0,0,0.0,0.0,0.0,2333.9957133866847
14,datasets/prepared_new/uvvid_cannon_bottom/frame_000028.jpg,350,79,79,0.2257142857142857,350,271,0.7083333333333334,17,24,9.0,8.514286041259766,0.64,0.048526570200920105,0.9471073150634766,0.3679836690425873,0.36997339129447937,1.646253228187561,1.7532439231872559,0.0,nan,nan,156.69288635253906,33.54826736450195,12.981884002685547,171.95684814453125,0.0,0.0,0.26706843656652113,0.031766317784786224,0.5416666666666666,0.4636387143816267,0.38212632921006945,1.0,0.7455170525444879,0.35903575224034934,0.444954703055849,1.0,0.45833333333333337,0.5637623458232582,0.43623765417674176,0.5637623458232582,0.8265682656826568,0.922509225092251,0.35969007363425126,0.7870490998033738,1.116070078325932,klt,n/a,0,nan,n/a,nan,n/a,n/a,n/a,n/a,n/a,n/a,n/a,False,n/a,False,n/a,False,n/a,0,0,0,0,nan,nan,nan,nan,nan,nan,nan,nan,nan,nan,0,nan,0,False,n/a,0.0,klt,healthy,normal,healthy,0.7219145883557414,n/a,271,79,0,0,0,0,0,0,0,0,0,0,0,0,0,0,0,0,0,0,0,0,0,0,0,0.0,0.0,0.0,2315.014259889722
15,datasets/prepared_new/uvvid_cannon_bottom/frame_000030.jpg,350,85,85,0.24285714285714285,350,265,0.6666666666666666,16,24,9.0,8.619999885559082,0.6142857142857143,0.05572810769081116,0.9563969373703003,0.38327670097351074,0.3820960819721222,1.6131621599197388,1.7286826372146606,0.0,nan,nan,156.86378479003906,32.93263626098633,13.24562931060791,169.00482177734375,0.0,0.0,0.26095591227213544,0.031077321618795395,0.5416666666666666,0.4730581896645682,0.3755662706163194,1.0,0.7318363613552518,0.373705810546875,0.43654845708397905,1.0,0.45833333333333337,0.5641883967140863,0.43581160328591373,0.5641883967140863,0.8,0.7320754716981132,0.41803243433416165,0.9014050777661414,0.9150931957561467,klt,n/a,0,nan,n/a,nan,n/a,n/a,n/a,n/a,n/a,n/a,n/a,False,n/a,False,n/a,False,n/a,0,0,0,0,nan,nan,nan,nan,nan,nan,nan,nan,nan,nan,0,nan,0,False,n/a,0.0,klt,healthy,normal,healthy,0.5433620141239174,n/a,265,85,0,0,0,0,0,0,0,0,0,0,0,0,0,0,0,0,0,0,0,0,0,0,0,0.0,0.0,0.0,2270.5140663310885
16,datasets/prepared_new/uvvid_cannon_bottom/frame_000032.jpg,350,96,96,0.2742857142857143,350,254,0.7083333333333334,17,24,8.0,8.640000343322754,0.5885714285714285,0.044980064034461975,0.9603313207626343,0.3976981043815613,0.3888918161392212,1.5837186574935913,1.7083585262298584,0.0,nan,nan,156.56480407714844,32.68167495727539,12.635750770568848,159.75062561035156,0.0,0.0,0.25781828637216603,0.030857130885124207,0.5416666666666666,0.4512768132346017,0.3550013902452257,1.0,0.7262594434950087,0.3812361127068016,0.43325956466824117,1.0,0.45833333333333337,0.5560964581093907,0.4439035418906093,0.5560964581093907,0.8307086614173228,0.8818897637795275,0.3418906598666932,0.7579149439692034,1.0616100964504052,klt,n/a,0,nan,n/a,nan,n/a,n/a,n/a,n/a,n/a,n/a,n/a,False,n/a,False,n/a,False,n/a,0,0,0,0,nan,nan,nan,nan,nan,nan,nan,nan,nan,nan,0,nan,0,False,n/a,0.0,klt,healthy,normal,healthy,0.6875379259404752,n/a,254,96,0,0,0,0,0,0,0,0,0,0,0,0,0,0,0,0,0,0,0,0,0,0,0,0.0,0.0,0.0,2416.157064959407
17,datasets/prepared_new/uvvid_cannon_bottom/frame_000034.jpg,350,110,110,0.3142857142857143,350,240,0.7083333333333334,17,24,6.0,8.4399995803833,0.5371428571428571,0.03739626333117485,0.9661043286323547,0.4161883592605591,0.39334237575531006,1.5482244491577148,1.7085481882095337,0.0,nan,nan,156.81752014160156,32.36686706542969,12.695656776428223,151.01853942871094,0.0,0.0,0.25515612733130366,0.030482476577162743,0.5,0.45341631344386507,0.3355967542860243,1.0,0.7192637125651041,0.38762529440487126,0.4289102121397401,1.0,0.5,0.5554954818246776,0.44450451817532244,0.5554954818246776,0.7708333333333334,0.7791666666666667,0.5198387722809075,0.8620556396139688,1.010809499490379,klt,n/a,0,nan,n/a,nan,n/a,n/a,n/a,n/a,n/a,n/a,n/a,False,n/a,False,n/a,False,n/a,0,0,0,0,nan,nan,nan,nan,nan,nan,nan,nan,nan,nan,0,nan,0,False,n/a,0.0,learned_rematch,backscatter_or_low_contrast,normal,healthy,0.5836856665723039,n/a,240,110,0,0,0,0,0,0,0,0,0,0,0,0,0,0,0,0,0,0,0,0,0,0,0,0.0,0.0,0.0,2386.2928147427738
18,datasets/prepared_new/uvvid_cannon_bottom/frame_000036.jpg,350,114,114,0.32571428571428573,350,236,0.7083333333333334,17,24,5.0,8.4399995803833,0.5057142857142857,0.03068484179675579,0.9672532081604004,0.4219268560409546,0.3958234190940857,1.537693738937378,1.7119827270507812,0.0,nan,nan,157.66610717773438,31.709503173828125,12.129179954528809,148.1152801513672,0.0,0.0,0.24934379128848802,0.029415089637041092,0.5833333333333334,0.43318499837602886,0.3291450670030382,1.0,0.7046556260850695,0.4015749009076288,0.4191802894903554,1.0,0.41666666666666663,0.5440447063593314,0.45595529364066856,0.5440447063593314,0.8220338983050848,0.9194915254237288,0.4545176224196328,0.7600375504405237,1.118555340314122,klt,n/a,0,nan,n/a,nan,n/a,n/a,n/a,n/a,n/a,n/a,n/a,False,n/a,False,n/a,False,n/a,0,0,0,0,nan,nan,nan,nan,nan,nan,nan,nan,nan,nan,0,nan,0,False,n/a,0.0,learned_rematch,backscatter_or_low_contrast,normal,healthy,0.7301584846889261,n/a,236,114,0,0,0,0,0,0,0,0,0,0,0,0,0,0,0,0,0,0,0,0,0,0,0,0.0,0.0,0.0,2343.4644057415426
19,datasets/prepared_new/uvvid_cannon_bottom/frame_000038.jpg,350,108,108,0.30857142857142855,350,242,0.75,18,24,4.0,8.191428184509277,0.4657142857142857,0.043107420206069946,0.9598580002784729,0.40847688913345337,0.3850557506084442,1.5627479553222656,1.7508981227874756,0.0,nan,nan,158.48397827148438,31.62224578857422,12.426284790039062,146.47166442871094,0.0,0.0,0.2478900056726793,0.02919795922935009,0.5416666666666666,0.4437958853585379,0.3254925876193576,1.0,0.702716573079427,0.40506398638556973,0.41771728478823644,1.0,0.45833333333333337,0.5483749298360748,0.45162507016392517,0.5483749298360748,0.7644628099173554,0.859504132231405,0.5179597517369307,0.8682854294962614,1.1243228535884835,klt,n/a,0,nan,n/a,nan,n/a,n/a,n/a,n/a,n/a,n/a,n/a,False,n/a,False,n/a,False,n/a,0,0,0,0,nan,nan,nan,nan,nan,nan,nan,nan,nan,nan,0,nan,0,False,n/a,0.0,learned_rematch,backscatter_or_low_contrast,normal,healthy,0.6635356789147857,n/a,242,108,0,0,0,0,0,0,0,0,0,0,0,0,0,0,0,0,0,0,0,0,0,0,0,0.0,0.0,0.0,2359.467309899628
20,datasets/prepared_new/uvvid_cannon_bottom/frame_000040.jpg,350,125,125,0.35714285714285715,350,225,0.7083333333333334,17,24,4.0,8.197142601013184,0.47714285714285715,0.03164789453148842,0.9685878753662109,0.41556107997894287,0.39384928345680237,1.5493907928466797,1.6979199647903442,0.0,nan,nan,159.07321166992188,31.584285736083984,11.815208435058594,142.39639282226562,0.0,0.0,0.24791211296530333,0.02862926572561264,0.625,0.4219717298235212,0.3164364284939236,1.0,0.7018730163574218,0.40501092888327206,0.4160030211914669,1.0,0.375,0.5368102636697272,0.4631897363302728,0.5368102636697272,0.7866666666666666,0.8444444444444444,0.4921492545382588,0.954408956394856,1.0734449631349339,klt,n/a,0,nan,n/a,nan,n/a,n/a,n/a,n/a,n/a,n/a,n/a,False,n/a,False,n/a,False,n/a,0,0,0,0,nan,nan,nan,nan,nan,nan,nan,nan,nan,nan,0,nan,0,False,n/a,0.0,learned_rematch,backscatter_or_low_contrast,normal,healthy,0.6665213541625064,n/a,225,125,0,0,0,0,0,0,0,0,0,0,0,0,0,0,0,0,0,0,0,0,0,0,0,0.0,0.0,0.0,2304.3333659879863
21,datasets/prepared_new/uvvid_cannon_bottom/frame_000042.jpg,350,107,107,0.3057142857142857,350,243,0.7083333333333334,17,24,4.0,8.388571739196777,0.4742857142857143,0.04640117660164833,0.9630957841873169,0.3977411389350891,0.3694896101951599,1.5836403369903564,1.7644495964050293,0.0,nan,nan,159.20240783691406,31.411745071411133,11.782479286193848,134.3135986328125,0.0,0.0,0.24871001598881737,0.027605634182691574,0.625,0.4208028316497803,0.29847466362847225,1.0,0.6980387793646918,0.40309596162683836,0.4117594673702813,1.0,0.375,0.5324417933794613,0.4675582066205387,0.5324417933794613,0.7901234567901234,0.8724279835390947,0.4213385209854576,0.8781579286244444,1.104165269207498,klt,n/a,0,nan,n/a,nan,n/a,n/a,n/a,n/a,n/a,n/a,n/a,False,n/a,False,n/a,False,n/a,0,0,0,0,nan,nan,nan,nan,nan,nan,nan,nan,nan,nan,0,nan,0,False,n/a,0.0,learned_rematch,backscatter_or_low_contrast,normal,healthy,0.6940569919811418,n/a,243,107,0,0,0,0,0,0,0,0,0,0,0,0,0,0,0,0,0,0,0,0,0,0,0,0.0,0.0,0.0,2380.6803631596267
22,datasets/prepared_new/uvvid_cannon_bottom/frame_000044.jpg,350,82,82,0.2342857142857143,350,268,0.8333333333333334,20,24,4.0,8.894286155700684,0.4942857142857143,0.06362557411193848,0.9562721848487854,0.32476359605789185,0.33883970975875854,1.7520639896392822,1.8711774349212646,0.0,nan,nan,159.52593994140625,31.225780487060547,11.17676067352295,126.77887725830078,0.0,0.0,0.24819224638097417,0.0271795392036438,0.625,0.39917002405439106,0.28173083835177953,1.0,0.6939062330457899,0.40433860868566196,0.4087247965311763,1.0,0.375,0.5243174681934794,0.47568253180652065,0.5243174681934794,0.7313432835820896,0.6828358208955224,0.5504691114892837,1.1177405729608714,0.9336721927339405,klt,n/a,0,nan,n/a,nan,n/a,n/a,n/a,n/a,n/a,n/a,n/a,False,n/a,False,n/a,False,n/a,0,0,0,0,nan,nan,nan,nan,nan,nan,nan,nan,nan,nan,0,nan,0,False,n/a,0.0,learned_rematch,backscatter_or_low_contrast,normal,healthy,0.5151431107859149,n/a,268,82,0,0,0,0,0,0,0,0,0,0,0,0,0,0,0,0,0,0,0,0,0,0,0,0.0,0.0,0.0,2310.481176711619
23,datasets/prepared_new/uvvid_cannon_bottom/frame_000046.jpg,350,85,85,0.24285714285714285,350,265,0.8333333333333334,20,24,5.0,9.182857513427734,0.5085714285714286,0.05757204443216324,0.9540557861328125,0.3399696946144104,0.34726157784461975,1.712547779083252,1.8368771076202393,0.0,nan,nan,160.59803771972656,30.78310203552246,11.593903541564941,130.14292907714844,0.0,0.0,0.24568501790364586,0.026029225438833237,0.625,0.41406798362731934,0.28920650906032985,1.0,0.6840689341227214,0.41035595703124994,0.4011917976041635,1.0,0.375,0.5275491196392641,0.4724508803607359,0.5275491196392641,0.7320754716981132,0.8226415094339623,0.5292861734889869,1.088734415272134,1.123709805241761,klt,n/a,0,nan,n/a,nan,n/a,n/a,n/a,n/a,n/a,n/a,n/a,False,n/a,False,n/a,False,n/a,0,0,0,0,nan,nan,nan,nan,nan,nan,nan,nan,nan,nan,0,nan,0,False,n/a,0.0,learned_rematch,backscatter_or_low_contrast,normal,healthy,0.6420707676732434,n/a,265,85,0,0,0,0,0,0,0,0,0,0,0,0,0,0,0,0,0,0,0,0,0,0,0,0.0,0.0,0.0,2286.5213099867105
24,datasets/prepared_new/uvvid_cannon_bottom/frame_000048.jpg,350,81,81,0.23142857142857143,350,269,0.75,18,24,5.0,9.380000114440918,0.5571428571428572,0.048472631722688675,0.9559621810913086,0.3305499255657196,0.3484073877334595,1.7367092370986938,1.826928734779358,0.0,nan,nan,160.9808349609375,30.957914352416992,11.391558647155762,128.80809020996094,0.0,0.0,0.2478389964384191,0.026123467832803726,0.625,0.40684138025556293,0.2862402004665799,1.0,0.6879536522759332,0.4051864085477942,0.40334834393979324,1.0,0.375,0.525485872473455,0.474514127526545,0.525485872473455,0.7769516728624535,0.8736059479553904,0.48339518304618506,1.0354024994017088,1.1244004666807392,klt,n/a,0,nan,n/a,nan,n/a,n/a,n/a,n/a,n/a,n/a,n/a,False,n/a,False,n/a,False,n/a,0,0,0,0,nan,nan,nan,nan,nan,nan,nan,nan,nan,nan,0,nan,0,False,n/a,0.0,learned_rematch,backscatter_or_low_contrast,normal,healthy,0.68879792801431,n/a,269,81,0,0,0,0,0,0,0,0,0,0,0,0,0,0,0,0,0,0,0,0,0,0,0,0.0,0.0,0.0,2281.2416022643447
25,datasets/prepared_new/uvvid_cannon_bottom/frame_000050.jpg,350,85,85,0.24285714285714285,350,265,0.7083333333333334,17,24,6.0,9.451428413391113,0.5657142857142857,0.0744590312242508,0.9337316751480103,0.30730512738227844,0.33053824305534363,1.8009878396987915,1.8777951002120972,0.0,nan,nan,160.838623046875,31.153491973876953,11.870269775390625,135.76693725585938,0.0,0.0,0.2487076344209559,0.025419507175683975,0.6666666666666666,0.4239382062639509,0.3017043050130208,1.0,0.6922998216417101,0.4031016773897059,0.40392151803831866,1.0,0.33333333333333337,0.5295198897763149,0.4704801102236851,0.5295198897763149,0.7283018867924528,0.690566037735849,0.5918417629470801,1.270846254214668,0.9481852265850516,klt,n/a,0,nan,n/a,nan,n/a,n/a,n/a,n/a,n/a,n/a,n/a,False,n/a,False,n/a,False,n/a,0,0,0,0,nan,nan,nan,nan,nan,nan,nan,nan,nan,nan,0,nan,0,False,n/a,0.0,learned_rematch,backscatter_or_low_contrast,normal,healthy,0.5331875749327332,n/a,265,85,0,0,0,0,0,0,0,0,0,0,0,0,0,0,0,0,0,0,0,0,0,0,0,0.0,0.0,0.0,2323.1569849886
26,datasets/prepared_new/uvvid_cannon_bottom/frame_000052.jpg,350,64,64,0.18285714285714286,350,286,0.7916666666666666,19,24,6.0,9.911428451538086,0.5885714285714285,0.07093250751495361,0.9451038837432861,0.3086560070514679,0.3345809876918793,1.7970521450042725,1.8587157726287842,0.0,nan,nan,160.9334716796875,30.8403377532959,12.307366371154785,141.73687744140625,0.0,0.0,0.24442265529258575,0.02680114284157753,0.625,0.43954879896981375,0.31497083875868054,1.0,0.685340838962131,0.41338562729779427,0.4035821077573781,1.0,0.375,0.5381408114027801,0.46185918859721986,0.5381408114027801,0.8076923076923077,0.7657342657342657,0.45901056396151363,1.1914240016384579,0.9480507742747989,klt,n/a,0,nan,n/a,nan,n/a,n/a,n/a,n/a,n/a,n/a,n/a,False,n/a,False,n/a,False,n/a,0,0,0,0,nan,nan,nan,nan,nan,nan,nan,nan,nan,nan,0,nan,0,False,n/a,0.0,learned_rematch,backscatter_or_low_contrast,normal,healthy,0.5877589826707872,n/a,286,64,0,0,0,0,0,0,0,0,0,0,0,0,0,0,0,0,0,0,0,0,0,0,0,0.0,0.0,0.0,2281.0776941478252
27,datasets/prepared_new/uvvid_cannon_bottom/frame_000054.jpg,350,64,64,0.18285714285714286,350,286,0.7083333333333334,17,24,7.0,10.402856826782227,0.6028571428571429,0.05149048939347267,0.9389773607254028,0.31991279125213623,0.3456755578517914,1.7652511596679688,1.8166455030441284,0.0,nan,nan,160.8805389404297,31.093568801879883,12.502142906188965,148.0213623046875,0.0,0.0,0.24819511263978242,0.026598230004310608,0.625,0.44650510379246305,0.3289363606770833,1.0,0.6909681955973307,0.40433172966452224,0.4059346205357349,1.0,0.375,0.5415957206316762,0.45840427936832384,0.5415957206316762,0.7867132867132867,0.6538461538461539,0.45729318049646717,1.3677273656981828,0.8311100546778861,klt,n/a,0,nan,n/a,nan,n/a,n/a,n/a,n/a,n/a,n/a,n/a,False,n/a,False,n/a,False,n/a,0,0,0,0,nan,nan,nan,nan,nan,nan,nan,nan,nan,nan,0,nan,0,False,n/a,0.0,learned_rematch,backscatter_or_low_contrast,normal,healthy,0.4581856513437924,n/a,286,64,0,0,0,0,0,0,0,0,0,0,0,0,0,0,0,0,0,0,0,0,0,0,0,0.0,0.0,0.0,2304.3024158105254
28,datasets/prepared_new/uvvid_cannon_bottom/frame_000056.jpg,350,49,49,0.14,350,301,0.6666666666666666,16,24,7.0,10.819999694824219,0.6085714285714285,0.05512415990233421,0.9489848613739014,0.32641923427581787,0.3466658592224121,1.7476236820220947,1.817878246307373,0.002857142857142857,3.0,0.05000000074505806,161.39208984375,31.096860885620117,12.767573356628418,151.18435668945312,0.0,0.0,0.24661978927313113,0.026737676933407784,0.625,0.4559847627367292,0.3359652370876736,1.0,0.6910413530137803,0.4081125057444853,0.40628812408281695,1.0,0.375,0.5453863737919278,0.4546136262080722,0.5453863737919278,0.7508305647840532,0.7342192691029901,0.40508945880883923,1.2346508394960378,0.9778748038039117,klt,n/a,0,nan,n/a,nan,n/a,n/a,n/a,n/a,n/a,n/a,n/a,False,n/a,False,n/a,False,n/a,0,0,0,0,nan,nan,nan,nan,nan,nan,nan,nan,nan,nan,0,nan,0,False,n/a,0.0,learned_rematch,backscatter_or_low_contrast,normal,healthy,0.5588646504146866,n/a,301,49,0,0,0,0,0,0,0,0,0,0,0,0,0,0,0,0,0,0,0,0,0,0,0,0.0,0.0,0.0,2311.047318857163
29,datasets/prepared_new/uvvid_cannon_bottom/frame_000058.jpg,350,39,39,0.11142857142857143,350,311,0.6666666666666666,16,24,8.0,11.502857208251953,0.6742857142857143,0.05481499806046486,0.9469392895698547,0.3304270803928375,0.3452489674091339,1.7370247840881348,1.816872000694275,0.0,nan,nan,161.54800415039062,31.321462631225586,13.064279556274414,157.82130432128906,0.0,0.0,0.24798160328584554,0.026589717715978622,0.625,0.4665814127240862,0.3507140096028646,1.0,0.6960325029161242,0.40484415211397073,0.4084474280852862,1.0,0.375,0.5504779253518824,0.44952207464811755,0.5504779253518824,0.8038585209003215,0.7845659163987139,0.491478801350249,1.1192494686081054,0.9759987858575104,klt,n/a,0,nan,n/a,nan,n/a,n/a,n/a,n/a,n/a,n/a,n/a,False,n/a,False,n/a,False,n/a,0,0,0,0,nan,nan,nan,nan,nan,nan,nan,nan,nan,nan,0,nan,0,False,n/a,0.0,learned_rematch,backscatter_or_low_contrast,normal,healthy,0.6075340216339621,n/a,311,39,0,0,0,0,0,0,0,0,0,0,0,0,0,0,0,0,0,0,0,0,0,0,0,0.0,0.0,0.0,2354.100094176829
30,datasets/prepared_new/uvvid_cannon_bottom/frame_000060.jpg,350,44,44,0.12571428571428572,350,306,0.7083333333333334,17,24,9.0,12.217143058776855,0.6914285714285714,0.05044756084680557,0.9483029842376709,0.3370996117591858,0.3576532304286957,1.7198169231414795,1.768837332725525,0.0,nan,nan,161.76683044433594,31.091684341430664,13.091235160827637,154.95896911621094,0.0,0.0,0.24605707505170035,0.02739594504237175,0.5833333333333334,0.46754411288670134,0.34435326470269095,1.0,0.6909263186984592,0.40946301987591915,0.4077266708091654,1.0,0.41666666666666663,0.5521194087110485,0.4478805912889515,0.5521194087110485,0.7549019607843137,0.7810457516339869,0.6047371686380788,1.1426885946906817,1.0346306640823237,klt,n/a,0,nan,n/a,nan,n/a,n/a,n/a,n/a,n/a,n/a,n/a,False,n/a,False,n/a,False,n/a,0,0,0,0,nan,nan,nan,nan,nan,nan,nan,nan,nan,nan,0,nan,0,False,n/a,0.0,learned_rematch,backscatter_or_low_contrast,normal,healthy,0.5937123908528956,n/a,306,44,0,0,0,0,0,0,0,0,0,0,0,0,0,0,0,0,0,0,0,0,0,0,0,0.0,0.0,0.0,2294.685233850032
31,datasets/prepared_new/uvvid_cannon_bottom/frame_000062.jpg,350,37,37,0.10571428571428572,350,313,0.7083333333333334,17,24,10.0,12.99142837524414,0.7628571428571429,0.0465582013130188,0.9420300722122192,0.34463873505592346,0.3582577407360077,1.7009409666061401,1.7596089839935303,0.0,nan,nan,161.6142578125,31.469995498657227,13.00736141204834,152.30548095703125,0.0,0.0,0.24593351476332717,0.02783631533384323,0.5833333333333334,0.4645486218588693,0.33845662434895835,1.0,0.699333233303494,0.40975956456801477,0.41293096968320886,1.0,0.41666666666666663,0.552191800102711,0.44780819989728904,0.552191800102711,0.7476038338658147,0.7571884984025559,0.6075052798890275,1.2432766072970343,1.0128191580666817,klt,n/a,0,nan,n/a,nan,n/a,n/a,n/a,n/a,n/a,n/a,n/a,False,n/a,False,n/a,False,n/a,0,0,0,0,nan,nan,nan,nan,nan,nan,nan,nan,nan,nan,0,nan,0,False,n/a,0.0,learned_rematch,backscatter_or_low_contrast,normal,healthy,0.5688137737711394,n/a,313,37,0,0,0,0,0,0,0,0,0,0,0,0,0,0,0,0,0,0,0,0,0,0,0,0.0,0.0,0.0,2480.131110176444
32,datasets/prepared_new/uvvid_cannon_bottom/frame_000064.jpg,350,41,41,0.11714285714285715,350,309,0.75,18,24,10.0,13.351428985595703,0.7714285714285715,0.06684871017932892,0.9397301077842712,0.34720054268836975,0.35033172369003296,1.6946704387664795,1.8059425354003906,0.002857142857142857,2.0,0.05000000074505806,162.25257873535156,31.137269973754883,12.893239974975586,147.88206481933594,0.0,0.0,0.24419479669309124,0.02778654545545578,0.5416666666666666,0.4604728562491281,0.3286268107096354,1.0,0.6919393327501085,0.413932487936581,0.40912090604654466,1.0,0.45833333333333337,0.5514620950550695,0.4485379049449305,0.5514620950550695,0.8381877022653722,0.7378640776699029,0.43297594529257716,1.3087499089752852,0.8803078300574536,klt,n/a,0,nan,n/a,nan,n/a,n/a,n/a,n/a,n/a,n/a,n/a,False,n/a,False,n/a,False,n/a,0,0,0,0,nan,nan,nan,nan,nan,nan,nan,nan,nan,nan,0,nan,0,False,n/a,0.0,learned_rematch,backscatter_or_low_contrast,normal,healthy,0.5248100162169322,n/a,309,41,0,0,0,0,0,0,0,0,0,0,0,0,0,0,0,0,0,0,0,0,0,0,0,0.0,0.0,0.0,2500.1962278038263
33,datasets/prepared_new/uvvid_cannon_bottom/frame_000066.jpg,350,35,35,0.1,350,315,0.75,18,24,11.0,14.077142715454102,0.7714285714285715,0.07084153592586517,0.9363954067230225,0.3361731767654419,0.34394606947898865,1.7221601009368896,1.8094747066497803,0.0,nan,nan,162.46267700195312,31.203481674194336,12.80202579498291,145.30238342285156,0.0,0.0,0.24357816808363972,0.02788698673248291,0.5833333333333334,0.45721520696367535,0.3228941853841146,1.0,0.6934107038709852,0.41541239659926465,0.41008486723659016,1.0,0.41666666666666663,0.5478276192502731,0.4521723807497269,0.5478276192502731,0.7492063492063492,0.653968253968254,0.47571788774062684,1.322722985590009,0.8728801908590672,klt,n/a,0,nan,n/a,nan,n/a,n/a,n/a,n/a,n/a,n/a,n/a,False,n/a,False,n/a,False,n/a,0,0,0,0,nan,nan,nan,nan,nan,nan,nan,nan,nan,nan,0,nan,0,False,n/a,0.0,learned_rematch,backscatter_or_low_contrast,normal,healthy,0.4590824554665782,n/a,315,35,0,0,0,0,0,0,0,0,0,0,0,0,0,0,0,0,0,0,0,0,0,0,0,0.0,0.0,0.0,2436.4004051312804
34,datasets/prepared_new/uvvid_cannon_bottom/frame_000068.jpg,350,33,33,0.09428571428571429,350,317,0.7083333333333334,17,24,11.0,14.668571472167969,0.7828571428571428,0.07252143323421478,0.9408008456230164,0.3440207242965698,0.34595784544944763,1.7024619579315186,1.7934812307357788,0.0,nan,nan,163.14044189453125,30.783226013183594,12.597844123840332,140.18638610839844,0.0,0.0,0.23945236505246623,0.027719615027308464,0.5833333333333334,0.449923004422869,0.3115253024631076,1.0,0.6840716891818577,0.4253143238740811,0.4050349696529935,1.0,0.41666666666666663,0.544063913769682,0.455936086230318,0.544063913769682,0.7949526813880127,0.7634069400630915,0.3811560866730106,1.4464772095314125,0.9603162523005874,klt,n/a,0,nan,n/a,nan,n/a,n/a,n/a,n/a,n/a,n/a,n/a,False,n/a,False,n/a,False,n/a,0,0,0,0,nan,nan,nan,nan,nan,nan,nan,nan,nan,nan,0,nan,0,False,n/a,0.0,learned_rematch,backscatter_or_low_contrast,normal,healthy,0.5661268861347328,n/a,317,33,0,0,0,0,0,0,0,0,0,0,0,0,0,0,0,0,0,0,0,0,0,0,0,0.0,0.0,0.0,2591.0418112762272
35,datasets/prepared_new/uvvid_cannon_bottom/frame_000070.jpg,350,45,45,0.12857142857142856,350,305,0.75,18,24,11.0,14.802857398986816,0.7371428571428571,0.07650499045848846,0.9448298215866089,0.3617037534713745,0.35620352625846863,1.6604430675506592,1.7753543853759766,0.0,nan,nan,163.18450927734375,30.481128692626953,12.735219955444336,139.52366638183594,0.0,0.0,0.2340651269052543,0.027751291170716286,0.5416666666666666,0.454829284123012,0.3100525919596354,1.0,0.67735841539171,0.4382436954273897,0.4017503239929375,1.0,0.45833333333333337,0.5480180233065965,0.45198197669340345,0.5480180233065965,0.819672131147541,0.6918032786885245,0.5022394658584088,1.5572337221138803,0.843998970321256,klt,n/a,0,nan,n/a,nan,n/a,n/a,n/a,n/a,n/a,n/a,n/a,False,n/a,False,n/a,False,n/a,0,0,0,0,nan,nan,nan,nan,nan,nan,nan,nan,nan,nan,0,nan,0,False,n/a,0.0,learned_rematch,backscatter_or_low_contrast,normal,healthy,0.466923494111904,n/a,305,45,0,0,0,0,0,0,0,0,0,0,0,0,0,0,0,0,0,0,0,0,0,0,0,0.0,0.0,0.0,2492.456997744739
36,datasets/prepared_new/uvvid_cannon_bottom/frame_000072.jpg,350,57,57,0.16285714285714287,350,293,0.75,18,24,12.0,14.380000114440918,0.7257142857142858,0.0641368180513382,0.9499928951263428,0.36308664083480835,0.3644377887248993,1.6572879552841187,1.7522296905517578,0.0,nan,nan,163.71304321289062,30.070035934448242,12.845227241516113,139.5673370361328,0.0,0.0,0.22837620753867952,0.02883114106953144,0.5416666666666666,0.4587581157684326,0.3101496378580729,1.0,0.6682230207655165,0.45189710190716914,0.3996368309953297,1.0,0.45833333333333337,0.549459504004652,0.45054049599534796,0.549459504004652,0.78839590443686,0.6825938566552902,0.4618706294631437,1.538555707127149,0.8657997676219399,klt,n/a,0,nan,n/a,nan,n/a,n/a,n/a,n/a,n/a,n/a,n/a,False,n/a,False,n/a,False,n/a,0,0,0,0,nan,nan,nan,nan,nan,nan,nan,nan,nan,nan,0,nan,0,False,n/a,0.0,learned_rematch,backscatter_or_low_contrast,normal,healthy,0.4642020119692792,n/a,293,57,0,0,0,0,0,0,0,0,0,0,0,0,0,0,0,0,0,0,0,0,0,0,0,0.0,0.0,0.0,2386.3652031868696
37,datasets/prepared_new/uvvid_cannon_bottom/frame_000074.jpg,350,64,64,0.18285714285714286,350,286,0.6666666666666666,16,24,11.5,14.271428108215332,0.6857142857142857,0.07853061705827713,0.9475253820419312,0.3638858199119568,0.3649292588233948,1.655472993850708,1.7524993419647217,0.0,nan,nan,164.67044067382812,29.665971755981445,12.825135231018066,136.44915771484375,0.0,0.0,0.22276424632352945,0.028319789096713066,0.5,0.45804054396493094,0.30322035047743057,1.0,0.6592438167995877,0.4653658088235293,0.39398506543777806,1.0,0.5,0.5508228548524516,0.44917714514754836,0.5508228548524516,0.6853146853146853,0.5909090909090909,0.67733783790352,1.802040433108979,0.862243639787342,klt,n/a,0,nan,n/a,nan,n/a,n/a,n/a,n/a,n/a,n/a,n/a,False,n/a,False,n/a,False,n/a,0,0,0,0,nan,nan,nan,nan,nan,nan,nan,nan,nan,nan,0,nan,0,False,n/a,0.0,learned_rematch,backscatter_or_low_contrast,normal,healthy,0.36288587284196,n/a,286,64,0,0,0,0,0,0,0,0,0,0,0,0,0,0,0,0,0,0,0,0,0,0,0,0.0,0.0,0.0,2312.721308786422
38,datasets/prepared_new/uvvid_cannon_bottom/frame_000076.jpg,350,51,51,0.1457142857142857,350,299,0.7083333333333334,17,24,12.0,14.311429023742676,0.6485714285714286,0.07301902025938034,0.9520882368087769,0.3595110774040222,0.36048322916030884,1.6654860973358154,1.7598367929458618,0.0,nan,nan,164.94517517089844,29.889408111572266,12.945392608642578,136.94290161132812,0.0,0.0,0.22269755643956796,0.0286053866147995,0.5416666666666666,0.4623354503086635,0.3043175591362847,1.0,0.6642090691460504,0.46552586454503697,0.3971167768793877,1.0,0.45833333333333337,0.5504373310890692,0.4495626689109308,0.5504373310890692,0.7023411371237458,0.6989966555183946,0.5895920621316089,1.6058745839276443,0.9952366782106343,klt,n/a,0,nan,n/a,nan,n/a,n/a,n/a,n/a,n/a,n/a,n/a,False,n/a,False,n/a,False,n/a,0,0,0,0,nan,nan,nan,nan,nan,nan,nan,nan,nan,nan,0,nan,0,False,n/a,0.0,learned_rematch,backscatter_or_low_contrast,normal,healthy,0.49358807061364635,n/a,299,51,0,0,0,0,0,0,0,0,0,0,0,0,0,0,0,0,0,0,0,0,0,0,0,0.0,0.0,0.0,2355.5450779385865
39,datasets/prepared_new/uvvid_cannon_bottom/frame_000078.jpg,350,44,44,0.12571428571428572,350,306,0.625,15,24,10.0,14.34857177734375,0.6371428571428571,0.08510767668485641,0.9444715976715088,0.33967792987823486,0.3539527654647827,1.7132786512374878,1.7739980220794678,0.0,nan,nan,164.93052673339844,30.350811004638672,13.09363842010498,138.8109588623047,0.0,0.0,0.22230264102711395,0.029055893421173096,0.5416666666666666,0.4676299435751779,0.3084687974717882,1.0,0.6744624667697483,0.46647366153492653,0.40326735479663117,1.0,0.45833333333333337,0.5543674863848805,0.44563251361511946,0.5543674863848805,0.7222222222222222,0.6470588235294118,0.5747467852751558,1.780227442601582,0.8959263612965315,klt,n/a,0,nan,n/a,nan,n/a,n/a,n/a,n/a,n/a,n/a,n/a,False,n/a,False,n/a,False,n/a,0,0,0,0,nan,nan,nan,nan,nan,nan,nan,nan,nan,nan,0,nan,0,False,n/a,0.0,learned_rematch,backscatter_or_low_contrast,normal,healthy,0.42978442933875655,n/a,306,44,0,0,0,0,0,0,0,0,0,0,0,0,0,0,0,0,0,0,0,0,0,0,0,0.0,0.0,0.0,2375.7134871557355
40,datasets/prepared_new/uvvid_cannon_bottom/frame_000080.jpg,350,17,17,0.04857142857142857,350,333,0.6666666666666666,16,24,9.5,14.934286117553711,0.6657142857142857,0.08344274759292603,0.9463231563568115,0.3288620710372925,0.3401396870613098,1.741142988204956,1.8117856979370117,0.0,nan,nan,165.00999450683594,30.884143829345703,13.318592071533203,142.73736572265625,0.0,0.0,0.22892608642578124,0.029612809419631958,0.5,0.47566400255475727,0.31719414605034724,1.0,0.6863143073187934,0.450577392578125,0.41045899324946933,1.0,0.5,0.5600907749592312,0.4399092250407688,0.5600907749592312,0.7357357357357357,0.7147147147147147,0.546142631573718,1.7291128766362547,0.9714272510805118,klt,n/a,0,nan,n/a,nan,n/a,n/a,n/a,n/a,n/a,n/a,n/a,False,n/a,False,n/a,False,n/a,0,0,0,0,nan,nan,nan,nan,nan,nan,nan,nan,nan,nan,0,nan,0,False,n/a,0.0,learned_rematch,backscatter_or_low_contrast,normal,healthy,0.4926079191334546,n/a,333,17,0,0,0,0,0,0,0,0,0,0,0,0,0,0,0,0,0,0,0,0,0,0,0,0.0,0.0,0.0,2343.4366299770772
41,datasets/prepared_new/uvvid_cannon_bottom/frame_000082.jpg,350,38,38,0.10857142857142857,350,312,0.7083333333333334,17,24,10.0,14.859999656677246,0.6942857142857143,0.09363910555839539,0.94586181640625,0.3467833697795868,0.361503541469574,1.6956887245178223,1.7471976280212402,0.0,nan,nan,164.99517822265625,31.231918334960938,13.889921188354492,152.09938049316406,0.0,0.0,0.23133082969515925,0.030591556802392006,0.4583333333333333,0.4960686138698033,0.33799862331814234,1.0,0.6940426296657987,0.4448060087316178,0.4165475802928812,1.0,0.5416666666666667,0.5712585411997275,0.4287414588002725,0.5712585411997275,0.7435897435897436,0.7051282051282052,0.5595977680064079,1.6663721518430399,0.9482745868031419,klt,n/a,0,nan,n/a,nan,n/a,n/a,n/a,n/a,n/a,n/a,n/a,False,n/a,False,n/a,False,n/a,0,0,0,0,nan,nan,nan,nan,nan,nan,nan,nan,nan,nan,0,nan,0,False,n/a,0.0,learned_rematch,backscatter_or_low_contrast,normal,healthy,0.4765621857848108,n/a,312,38,0,0,0,0,0,0,0,0,0,0,0,0,0,0,0,0,0,0,0,0,0,0,0,0.0,0.0,0.0,2357.624876778573
42,datasets/prepared_new/uvvid_cannon_bottom/frame_000084.jpg,350,34,34,0.09714285714285714,350,316,0.6666666666666666,16,24,8.5,15.0,0.7285714285714285,0.060415737330913544,0.950609028339386,0.34660792350769043,0.36971068382263184,1.6961150169372559,1.7232364416122437,0.0,nan,nan,165.07093811035156,31.367557525634766,13.935294151306152,152.50399780273438,0.0,0.0,0.23109612558402268,0.03057103231549263,0.5,0.4976890768323626,0.33889777289496525,1.0,0.6970568339029948,0.4453692985983456,0.4180080358503443,1.0,0.5,0.5698747267404833,0.43012527325951666,0.5698747267404833,0.7436708860759493,0.5949367088607594,0.5617816088189231,1.9586300695484264,0.7999989242567657,klt,n/a,0,nan,n/a,nan,n/a,n/a,n/a,n/a,n/a,n/a,n/a,False,n/a,False,n/a,False,n/a,0,0,0,0,nan,nan,nan,nan,nan,nan,nan,nan,nan,nan,0,nan,0,False,n/a,0.0,learned_rematch,backscatter_or_low_contrast,normal,healthy,0.34704230245407597,n/a,316,34,0,0,0,0,0,0,0,0,0,0,0,0,0,0,0,0,0,0,0,0,0,0,0,0.0,0.0,0.0,2373.813414014876
43,datasets/prepared_new/uvvid_cannon_bottom/frame_000086.jpg,350,43,43,0.12285714285714286,350,307,0.6666666666666666,16,24,8.0,14.982856750488281,0.74,0.06759380549192429,0.9436926245689392,0.37135589122772217,0.37728002667427063,1.6387815475463867,1.7048758268356323,0.0,nan,nan,165.4942626953125,31.738609313964844,14.296063423156738,155.88998413085938,0.0,0.0,0.23546233532475486,0.031051987782120705,0.5,0.5105736936841693,0.3464221869574653,1.0,0.7053024291992187,0.43489039522058837,0.42322391410442917,1.0,0.5,0.5740615790510317,0.4259384209489683,0.5740615790510317,0.8175895765472313,0.6351791530944625,0.3951787094852935,1.7089642744148221,0.7768914800570342,klt,n/a,0,nan,n/a,nan,n/a,n/a,n/a,n/a,n/a,n/a,n/a,False,n/a,False,n/a,False,n/a,0,0,0,0,nan,nan,nan,nan,nan,nan,nan,nan,nan,nan,0,nan,0,False,n/a,0.0,learned_rematch,backscatter_or_low_contrast,normal,healthy,0.38737634786923,n/a,307,43,0,0,0,0,0,0,0,0,0,0,0,0,0,0,0,0,0,0,0,0,0,0,0,0.0,0.0,0.0,2410.5689860880375
44,datasets/prepared_new/uvvid_cannon_bottom/frame_000088.jpg,350,37,37,0.10571428571428572,350,313,0.7916666666666666,19,24,9.0,15.357142448425293,0.7285714285714285,0.05984910577535629,0.951192319393158,0.37110573053359985,0.38008204102516174,1.639333724975586,1.699368953704834,0.0,nan,nan,165.6593017578125,31.503215789794922,14.268067359924316,153.18238830566406,0.0,0.0,0.23247705197801774,0.03201384097337723,0.4583333333333333,0.5095738342830113,0.3404053073459201,1.0,0.7000714619954427,0.44205507525275745,0.42279446048266955,1.0,0.5416666666666667,0.5757027139503692,0.4242972860496308,0.5757027139503692,0.7635782747603834,0.6421725239616614,0.525737620092781,1.7345909030979951,0.8410030827030758,klt,n/a,0,nan,n/a,nan,n/a,n/a,n/a,n/a,n/a,n/a,n/a,False,n/a,False,n/a,False,n/a,0,0,0,0,nan,nan,nan,nan,nan,nan,nan,nan,nan,nan,0,nan,0,False,n/a,0.0,learned_rematch,backscatter_or_low_contrast,normal,healthy,0.3961637401665044,n/a,313,37,0,0,0,0,0,0,0,0,0,0,0,0,0,0,0,0,0,0,0,0,0,0,0,0.0,0.0,0.0,2427.0224277861416
45,datasets/prepared_new/uvvid_cannon_bottom/frame_000090.jpg,350,34,34,0.09714285714285714,350,316,0.7083333333333334,17,24,9.0,15.282856941223145,0.7428571428571429,0.06237926334142685,0.9473348259925842,0.36004140973091125,0.37795954942703247,1.6642615795135498,1.6977357864379883,0.0,nan,nan,165.6259307861328,31.6226749420166,14.451301574707031,156.34933471679688,0.0,0.0,0.232259916417739,0.0326661542057991,0.4583333333333333,0.516117913382394,0.3474429660373264,1.0,0.7027261098225911,0.4425762005974264,0.42560431446992986,1.0,0.5416666666666667,0.5789971345088412,0.42100286549115884,0.5789971345088412,0.7911392405063291,0.6677215189873418,0.48182755922499193,1.6731610235001377,0.8439989331853485,klt,n/a,0,nan,n/a,nan,n/a,n/a,n/a,n/a,n/a,n/a,n/a,False,n/a,False,n/a,False,n/a,0,0,0,0,nan,nan,nan,nan,nan,nan,nan,nan,nan,nan,0,nan,0,False,n/a,0.0,learned_rematch,backscatter_or_low_contrast,normal,healthy,0.42160701136257805,n/a,316,34,0,0,0,0,0,0,0,0,0,0,0,0,0,0,0,0,0,0,0,0,0,0,0,0.0,0.0,0.0,2454.8230348154902
46,datasets/prepared_new/uvvid_cannon_bottom/frame_000092.jpg,350,27,27,0.07714285714285714,350,323,0.6666666666666666,16,24,10.0,15.554286003112793,0.7514285714285714,0.0726296454668045,0.9485160708427429,0.35107773542404175,0.37034764885902405,1.6853137016296387,1.717098593711853,0.0,nan,nan,165.79888916015625,31.991846084594727,14.699751853942871,160.84133911132812,0.0,0.0,0.23215968711703433,0.033208008855581284,0.4583333333333333,0.5249911376408168,0.3574251980251736,1.0,0.710929912990994,0.44281675091911765,0.43093770389454533,1.0,0.5416666666666667,0.5842045411199486,0.4157954588800514,0.5842045411199486,0.7337461300309598,0.6068111455108359,0.581670340705234,1.8236759794394817,0.8270030923122412,klt,n/a,0,nan,n/a,nan,n/a,n/a,n/a,n/a,n/a,n/a,n/a,False,n/a,False,n/a,False,n/a,0,0,0,0,nan,nan,nan,nan,nan,nan,nan,nan,nan,nan,0,nan,0,False,n/a,0.0,klt,healthy,normal,healthy,0.3587117645703023,n/a,323,27,0,0,0,0,0,0,0,0,0,0,0,0,0,0,0,0,0,0,0,0,0,0,0,0.0,0.0,0.0,2316.702720709145
47,datasets/prepared_new/uvvid_cannon_bottom/frame_000094.jpg,350,34,34,0.09714285714285714,350,316,0.625,15,24,10.0,15.451428413391113,0.7542857142857143,0.07870090752840042,0.9417701959609985,0.36453598737716675,0.37700435519218445,1.6539984941482544,1.7057324647903442,0.0,nan,nan,165.34059143066406,32.56267547607422,15.586967468261719,186.90505981445312,0.0,0.0,0.23745470832375917,0.034205835312604904,0.5,0.5566774095807757,0.4153445773654514,1.0,0.7236150105794271,0.43010870002297796,0.43954804009108833,1.0,0.5,0.5987189465699216,0.40128105343007836,0.5987189465699216,0.7025316455696202,0.6993670886075949,0.610020585717258,1.782483273070052,0.9954940784859062,klt,n/a,0,nan,n/a,nan,n/a,n/a,n/a,n/a,n/a,n/a,n/a,False,n/a,False,n/a,False,n/a,0,0,0,0,nan,nan,nan,nan,nan,nan,nan,nan,nan,nan,0,nan,0,False,n/a,0.0,klt,healthy,normal,healthy,0.47704393043237286,n/a,316,34,0,0,0,0,0,0,0,0,0,0,0,0,0,0,0,0,0,0,0,0,0,0,0,0.0,0.0,0.0,2530.960103031248
48,datasets/prepared_new/uvvid_cannon_bottom/frame_000096.jpg,350,37,37,0.10571428571428572,350,313,0.6666666666666666,16,24,11.0,15.49142837524414,0.7542857142857143,0.05830191820859909,0.9480381011962891,0.3946964144706726,0.39959263801574707,1.5897138118743896,1.6582900285720825,0.0,nan,nan,165.4390869140625,32.70062255859375,15.881119728088379,189.84158325195312,0.0,0.0,0.2394511024624693,0.03434094041585922,0.5,0.5671828474317279,0.42187018500434026,1.0,0.7266805013020833,0.42531735409007365,0.44138784250526714,1.0,0.5,0.6019920868651669,0.3980079131348331,0.6019920868651669,0.7763578274760383,0.7028753993610224,0.5241757130938546,1.4687992900717148,0.9053486280900387,klt,n/a,0,nan,n/a,nan,n/a,n/a,n/a,n/a,n/a,n/a,n/a,False,n/a,False,n/a,False,n/a,0,0,0,0,nan,nan,nan,nan,nan,nan,nan,nan,nan,nan,0,nan,0,False,n/a,0.0,klt,healthy,normal,healthy,0.4832607728384057,n/a,313,37,0,0,0,0,0,0,0,0,0,0,0,0,0,0,0,0,0,0,0,0,0,0,0,0.0,0.0,0.0,2371.540817897767
49,datasets/prepared_new/uvvid_cannon_bottom/frame_000098.jpg,350,28,28,0.08,350,322,0.6666666666666666,16,24,11.0,15.477143287658691,0.7542857142857143,0.053608790040016174,0.9446609616279602,0.3884701430797577,0.39845728874206543,1.6023708581924438,1.6571414470672607,0.0,nan,nan,165.24122619628906,32.851715087890625,16.39877700805664,202.1897735595703,0.0,0.0,0.2372003473020068,0.034879669547080994,0.4166666666666667,0.5856706074305943,0.44931060791015626,1.0,0.7300381130642362,0.4307191664751837,0.444291032775484,1.0,0.5833333333333333,0.6169574117076478,0.38304258829235216,0.6169574117076478,0.8571428571428571,0.7795031055900621,0.4331039802813418,1.5478042496327515,0.9094192288659722,klt,n/a,0,nan,n/a,nan,n/a,n/a,n/a,n/a,n/a,n/a,n/a,False,n/a,False,n/a,False,n/a,0,0,0,0,nan,nan,nan,nan,nan,nan,nan,nan,nan,nan,0,nan,0,False,n/a,0.0,klt,healthy,normal,healthy,0.5283989428535261,n/a,322,28,0,0,0,0,0,0,0,0,0,0,0,0,0,0,0,0,0,0,0,0,0,0,0,0.0,0.0,0.0,2482.7125291340053
50,datasets/prepared_new/uvvid_cannon_bottom/frame_000100.jpg,350,31,31,0.08857142857142856,350,319,0.6666666666666666,16,24,11.5,15.894286155700684,0.7657142857142857,0.050493061542510986,0.9492169618606567,0.40186840295791626,0.4130493998527527,1.5755003690719604,1.6206748485565186,0.0,nan,nan,164.586669921875,33.111976623535156,16.706708908081055,209.3607177734375,0.0,0.0,0.2392181396484375,0.0356643944978714,0.4166666666666667,0.596668175288609,0.46524603949652776,1.0,0.7358217027452257,0.4258764648437501,0.4489662934132297,1.0,0.5833333333333333,0.6225036295000782,0.3774963704999218,0.6225036295000782,0.8652037617554859,0.6551724137931034,0.4006893974930496,1.4163200352052663,0.7572455015894384,klt,n/a,0,nan,n/a,nan,n/a,n/a,n/a,n/a,n/a,n/a,n/a,False,n/a,False,n/a,False,n/a,0,0,0,0,nan,nan,nan,nan,nan,nan,nan,nan,nan,nan,0,nan,0,False,n/a,0.0,klt,healthy,normal,healthy,0.39283238194480585,n/a,319,31,0,0,0,0,0,0,0,0,0,0,0,0,0,0,0,0,0,0,0,0,0,0,0,0.0,0.0,0.0,2509.1141061857343
51,datasets/prepared_new/uvvid_cannon_bottom/frame_000102.jpg,350,21,21,0.06,350,329,0.6666666666666666,16,24,11.0,16.034286499023438,0.78,0.051366448402404785,0.9487324953079224,0.4054281711578369,0.41248849034309387,1.5685867071151733,1.6158627271652222,0.0,nan,nan,164.4453125,33.16697311401367,16.919538497924805,214.70458984375,0.0,0.0,0.23744998707490805,0.03631275147199631,0.4166666666666667,0.6042692320687431,0.47712131076388886,1.0,0.7370438469780816,0.4301200310202207,0.4510509041072142,1.0,0.5833333333333333,0.6270668152504121,0.3729331847495879,0.6270668152504121,0.7872340425531915,0.6717325227963525,0.4859662903144905,1.537635115544677,0.8532807693846596,klt,n/a,0,nan,n/a,nan,n/a,n/a,n/a,n/a,n/a,n/a,n/a,False,n/a,False,n/a,False,n/a,0,0,0,0,nan,nan,nan,nan,nan,nan,nan,nan,nan,nan,0,nan,0,False,n/a,0.0,klt,healthy,normal,healthy,0.4226878252238558,n/a,329,21,0,0,0,0,0,0,0,0,0,0,0,0,0,0,0,0,0,0,0,0,0,0,0,0.0,0.0,0.0,2421.422934625298
52,datasets/prepared_new/uvvid_cannon_bottom/frame_000104.jpg,350,27,27,0.07714285714285714,350,323,0.7083333333333334,17,24,12.0,16.38857078552246,0.8085714285714286,0.0417780876159668,0.9509134292602539,0.4238523542881012,0.4276500642299652,1.5341994762420654,1.5792620182037354,0.0,nan,nan,164.18020629882812,33.318607330322266,17.124494552612305,221.1654510498047,0.0,0.0,0.23957870184206492,0.03631262853741646,0.4166666666666667,0.6115890911647252,0.4914787801106771,1.0,0.7404134962293837,0.42501111557904425,0.4527354493360929,1.0,0.5833333333333333,0.6308656345228713,0.36913436547712875,0.6308656345228713,0.826625386996904,0.7523219814241486,0.4283636990274647,1.2993244528978474,0.9101112585545449,klt,n/a,0,nan,n/a,nan,n/a,n/a,n/a,n/a,n/a,n/a,n/a,False,n/a,False,n/a,False,n/a,0,0,0,0,nan,nan,nan,nan,nan,nan,nan,nan,nan,nan,0,nan,0,False,n/a,0.0,klt,healthy,normal,healthy,0.5147003415385001,n/a,323,27,0,0,0,0,0,0,0,0,0,0,0,0,0,0,0,0,0,0,0,0,0,0,0,0.0,0.0,0.0,2398.4929132275283
53,datasets/prepared_new/uvvid_cannon_bottom/frame_000106.jpg,350,25,25,0.07142857142857142,350,325,0.6666666666666666,16,24,13.0,17.04857063293457,0.8085714285714286,0.03928989917039871,0.9478544592857361,0.43302133679389954,0.4343124330043793,1.5179047584533691,1.5656399726867676,0.0,nan,nan,163.0433349609375,33.46617126464844,17.471473693847656,229.4763641357422,0.0,0.0,0.24011274150773584,0.037241339683532715,0.375,0.623981203351702,0.5099474758572049,1.0,0.7436926947699652,0.423729420381434,0.4564857557566479,1.0,0.625,0.6397109937911215,0.3602890062088785,0.6397109937911215,0.8123076923076923,0.7538461538461538,0.4596700252827298,1.2546238938837078,0.9280291605701622,klt,n/a,0,nan,n/a,nan,n/a,n/a,n/a,n/a,n/a,n/a,n/a,False,n/a,False,n/a,False,n/a,0,0,0,0,nan,nan,nan,nan,nan,nan,nan,nan,nan,nan,0,nan,0,False,n/a,0.0,klt,healthy,normal,healthy,0.5117902830977175,n/a,325,25,0,0,0,0,0,0,0,0,0,0,0,0,0,0,0,0,0,0,0,0,0,0,0,0.0,0.0,0.0,2352.274900767952
54,datasets/prepared_new/uvvid_cannon_bottom/frame_000108.jpg,350,25,25,0.07142857142857142,350,325,0.6666666666666666,16,24,13.0,17.04857063293457,0.8285714285714286,0.0341435968875885,0.9558777809143066,0.4436604380607605,0.44515344500541687,1.4996365308761597,1.5529946088790894,0.0,nan,nan,162.58016967773438,33.48583221435547,17.42268943786621,232.599365234375,0.0,0.0,0.24035748051662076,0.03746950626373291,0.375,0.6222389084952218,0.5168874782986111,1.0,0.7441296047634549,0.42314204676011025,0.45722277116293863,1.0,0.625,0.6404967280543091,0.35950327194569087,0.6404967280543091,0.8215384615384616,0.7446153846153846,0.4957030717258809,1.1645301966623758,0.9063659379440829,klt,n/a,0,nan,n/a,nan,n/a,n/a,n/a,n/a,n/a,n/a,n/a,False,n/a,False,n/a,False,n/a,0,0,0,0,nan,nan,nan,nan,nan,nan,nan,nan,nan,nan,0,nan,0,False,n/a,0.0,klt,healthy,normal,healthy,0.502756429462052,n/a,325,25,0,0,0,0,0,0,0,0,0,0,0,0,0,0,0,0,0,0,0,0,0,0,0,0.0,0.0,0.0,2345.186167396605
55,datasets/prepared_new/uvvid_cannon_bottom/frame_000110.jpg,350,16,16,0.045714285714285714,350,334,0.625,15,24,13.0,17.654285430908203,0.8371428571428572,0.033807553350925446,0.9513930082321167,0.43795204162597656,0.44204747676849365,1.5093556642532349,1.5445756912231445,0.0,nan,nan,162.82981872558594,33.3433837890625,17.370344161987305,231.54486083984375,0.0,0.0,0.2382553818646599,0.03684670478105545,0.4583333333333333,0.6203694343566895,0.5145441351996528,1.0,0.7409640842013889,0.42818708352481627,0.4542245529667296,1.0,0.5416666666666667,0.6346771653440646,0.3653228346559354,0.6346771653440646,0.8413173652694611,0.8353293413173652,0.3887921947587054,1.040570499316796,0.9928813821267557,klt,n/a,0,nan,n/a,nan,n/a,n/a,n/a,n/a,n/a,n/a,n/a,False,n/a,False,n/a,False,n/a,0,0,0,0,nan,nan,nan,nan,nan,nan,nan,nan,nan,nan,0,nan,0,False,n/a,0.0,klt,healthy,normal,healthy,0.6158834909349247,n/a,334,16,0,0,0,0,0,0,0,0,0,0,0,0,0,0,0,0,0,0,0,0,0,0,0,0.0,0.0,0.0,2279.7511680983007
56,datasets/prepared_new/uvvid_cannon_bottom/frame_000112.jpg,350,18,18,0.05142857142857143,350,332,0.625,15,24,14.0,18.045713424682617,0.8542857142857143,0.03479001298546791,0.9515329003334045,0.4502421021461487,0.451275497674942,1.488659143447876,1.5311338901519775,0.0,nan,nan,162.8952178955078,33.23796844482422,17.77651023864746,238.49026489257812,0.0,0.0,0.23845984963809738,0.0374629944562912,0.4583333333333333,0.6348753656659808,0.5299783664279514,1.0,0.7386215209960938,0.4276963608685663,0.4544539297168905,1.0,0.5416666666666667,0.6400156636821455,0.35998433631785454,0.6400156636821455,0.8102409638554217,0.6475903614457831,0.4378187471608999,1.1586160569178208,0.7992555191344521,klt,n/a,0,nan,n/a,nan,n/a,n/a,n/a,n/a,n/a,n/a,n/a,False,n/a,False,n/a,False,n/a,0,0,0,0,nan,nan,nan,nan,nan,nan,nan,nan,nan,nan,0,nan,0,False,n/a,0.0,klt,healthy,normal,healthy,0.4151543810610287,n/a,332,18,0,0,0,0,0,0,0,0,0,0,0,0,0,0,0,0,0,0,0,0,0,0,0,0.0,0.0,0.0,2395.5958420410752
57,datasets/prepared_new/uvvid_cannon_bottom/frame_000114.jpg,350,19,19,0.054285714285714284,350,331,0.625,15,24,14.5,18.75428581237793,0.8685714285714285,0.03921111673116684,0.9516253471374512,0.4560643136501312,0.45331960916519165,1.4791514873504639,1.5286307334899902,0.0,nan,nan,163.16729736328125,33.34856033325195,17.586509704589844,244.65574645996094,0.0,0.0,0.24135963589537376,0.0363541916012764,0.4583333333333333,0.6280896323067802,0.543679436577691,1.0,0.74107911851671,0.42073687385110303,0.45316272198852864,0.9999991319444445,0.5416666666666667,0.6398805600763718,0.36011943992362816,0.6398805600763718,0.879154078549849,0.7341389728096677,0.3633798858447585,1.0322186313347552,0.8350505965575689,klt,n/a,0,nan,n/a,nan,n/a,n/a,n/a,n/a,n/a,n/a,n/a,False,n/a,False,n/a,False,n/a,0,0,0,0,nan,nan,nan,nan,nan,nan,nan,nan,nan,nan,0,nan,0,False,n/a,0.0,klt,healthy,normal,healthy,0.5034761188010382,n/a,331,19,0,0,0,0,0,0,0,0,0,0,0,0,0,0,0,0,0,0,0,0,0,0,0,0.0,0.0,0.0,2404.6367327682674
58,datasets/prepared_new/uvvid_cannon_bottom/frame_000116.jpg,350,22,22,0.06285714285714286,350,328,0.625,15,24,15.0,18.894285202026367,0.8685714285714285,0.035907309502363205,0.9566335678100586,0.47348546981811523,0.46134546399116516,1.4517393112182617,1.5193957090377808,0.0,nan,nan,163.15689086914062,33.030784606933594,17.612546920776367,247.7533721923828,0.0,0.0,0.23857051475375304,0.03606158494949341,0.4583333333333333,0.6290195328848702,0.5505630493164062,1.0,0.7340174357096354,0.4274307645909927,0.4489668654673027,1.0,0.5416666666666667,0.6407728083092681,0.3592271916907319,0.6407728083092681,0.8262195121951219,0.8323170731707317,0.36683747270512157,1.2131725464558543,1.0073788545377702,klt,n/a,0,nan,n/a,nan,n/a,n/a,n/a,n/a,n/a,n/a,n/a,False,n/a,False,n/a,False,n/a,0,0,0,0,nan,nan,nan,nan,nan,nan,nan,nan,nan,nan,0,nan,0,False,n/a,0.0,klt,healthy,normal,healthy,0.6063436744210579,n/a,328,22,0,0,0,0,0,0,0,0,0,0,0,0,0,0,0,0,0,0,0,0,0,0,0,0.0,0.0,0.0,2343.689946923405
59,datasets/prepared_new/uvvid_cannon_bottom/frame_000118.jpg,350,24,24,0.06857142857142857,350,326,0.6666666666666666,16,24,16.0,19.45142936706543,0.8685714285714285,0.03173167631030083,0.9540108442306519,0.4740890562534332,0.4632098376750946,1.4508166313171387,1.5101205110549927,0.0,nan,nan,163.14601135253906,32.857872009277344,17.527679443359375,244.7166748046875,0.0,0.0,0.23643819173177086,0.03629261255264282,0.5,0.6259885515485492,0.5438148328993055,1.0,0.7301749335394965,0.43254833984374996,0.44757067711666376,1.0,0.5,0.6366140954614339,0.3633859045385661,0.6366140954614339,0.8466257668711656,0.8496932515337423,0.4679596237053131,0.994274128833394,1.003622002968214,klt,n/a,0,nan,n/a,nan,n/a,n/a,n/a,n/a,n/a,n/a,n/a,False,n/a,False,n/a,False,n/a,0,0,0,0,nan,nan,nan,nan,nan,nan,nan,nan,nan,nan,0,nan,0,False,n/a,0.0,klt,healthy,normal,healthy,0.6401076887622181,n/a,326,24,0,0,0,0,0,0,0,0,0,0,0,0,0,0,0,0,0,0,0,0,0,0,0,0.0,0.0,0.0,2335.6656939722598
60,datasets/prepared_new/uvvid_cannon_bottom/frame_000120.jpg,350,29,29,0.08285714285714285,350,321,0.5833333333333334,14,24,16.0,19.765714645385742,0.8514285714285714,0.03031931258738041,0.9536319971084595,0.48113730549812317,0.46785077452659607,1.4401729106903076,1.5017812252044678,0.0,nan,nan,163.46237182617188,32.614505767822266,17.292434692382812,236.8541717529297,0.0,0.0,0.23364361931295957,0.03528954088687897,0.5,0.6175869532993862,0.5263426038953993,1.0,0.7247667948404948,0.43925531364889703,0.4425868994358814,1.0,0.5,0.6316621335731396,0.3683378664268604,0.6316621335731396,0.8566978193146417,0.8068535825545171,0.35729567186884664,1.1722290262150599,0.9418170824607873,klt,n/a,0,nan,n/a,nan,n/a,n/a,n/a,n/a,n/a,n/a,n/a,False,n/a,False,n/a,False,n/a,0,0,0,0,nan,nan,nan,nan,nan,nan,nan,nan,nan,nan,0,nan,0,False,n/a,0.0,klt,healthy,normal,healthy,0.5937820630281899,n/a,321,29,0,0,0,0,0,0,0,0,0,0,0,0,0,0,0,0,0,0,0,0,0,0,0,0.0,0.0,0.0,2371.8178519047797
61,datasets/prepared_new/uvvid_cannon_bottom/frame_000122.jpg,350,22,22,0.06285714285714286,350,328,0.6666666666666666,16,24,17.0,20.15999984741211,0.8428571428571429,0.0311974436044693,0.9536923170089722,0.4797254800796509,0.46413853764533997,1.442287802696228,1.5064215660095215,0.0,nan,nan,163.62823486328125,32.397979736328125,17.392955780029297,234.5780792236328,0.0,0.0,0.23074766271254593,0.0348530188202858,0.5416666666666666,0.6211769921439034,0.5212846204969618,1.0,0.7199551052517361,0.44620560948988974,0.4391889590356085,0.9999965277777778,0.45833333333333337,0.6291303422609053,0.37086965773909475,0.6291303422609053,0.7835365853658537,0.7530487804878049,0.4196872078032007,1.007452494426123,0.9610882675604989,klt,n/a,0,nan,n/a,nan,n/a,n/a,n/a,n/a,n/a,n/a,n/a,False,n/a,False,n/a,False,n/a,0,0,0,0,nan,nan,nan,nan,nan,nan,nan,nan,nan,nan,0,nan,0,False,n/a,0.0,klt,healthy,normal,healthy,0.5648205635419411,n/a,328,22,0,0,0,0,0,0,0,0,0,0,0,0,0,0,0,0,0,0,0,0,0,0,0,0.0,0.0,0.0,2369.6080199442804
62,datasets/prepared_new/uvvid_cannon_bottom/frame_000124.jpg,350,22,22,0.06285714285714286,350,328,0.5833333333333334,14,24,17.5,20.57428550720215,0.84,0.031239226460456848,0.9502034187316895,0.47027575969696045,0.45749902725219727,1.456675410270691,1.5162250995635986,0.0,nan,nan,163.6984100341797,31.955392837524414,17.248945236206055,225.77249145507812,0.0,0.0,0.22752099729051775,0.03493183106184006,0.5833333333333334,0.6160337584359306,0.5017166476779514,1.0,0.7101198408338759,0.4539496065027574,0.4344504455574835,1.0,0.41666666666666663,0.6217034697617262,0.3782965302382738,0.6217034697617262,0.7926829268292683,0.8780487804878049,0.4494913107462428,1.0903275764038058,1.1076909102976207,klt,n/a,0,nan,n/a,nan,n/a,n/a,n/a,n/a,n/a,n/a,n/a,False,n/a,False,n/a,False,n/a,0,0,0,0,nan,nan,nan,nan,nan,nan,nan,nan,nan,nan,0,nan,0,False,n/a,0.0,klt,healthy,normal,healthy,0.6806844818314614,n/a,328,22,0,0,0,0,0,0,0,0,0,0,0,0,0,0,0,0,0,0,0,0,0,0,0,0.0,0.0,0.0,2323.807017877698
63,datasets/prepared_new/uvvid_cannon_bottom/frame_000126.jpg,350,16,16,0.045714285714285714,350,334,0.5416666666666666,13,24,18.0,20.808570861816406,0.8457142857142858,0.03376104682683945,0.9480650424957275,0.45923471450805664,0.44526785612106323,1.474043607711792,1.5410709381103516,0.0,nan,nan,163.5696258544922,31.91459083557129,17.063989639282227,220.18788146972656,0.0,0.0,0.22680588067746624,0.03440020978450775,0.5833333333333334,0.6094282014029366,0.489306403266059,1.0,0.709213129679362,0.455665886374081,0.43278885980447135,1.0,0.41666666666666663,0.6181966916616469,0.3818033083383531,0.6181966916616469,0.8532934131736527,0.8383233532934131,0.41904305516547774,0.9830791644285625,0.9824549889825742,klt,n/a,0,nan,n/a,nan,n/a,n/a,n/a,n/a,n/a,n/a,n/a,False,n/a,False,n/a,False,n/a,0,0,0,0,nan,nan,nan,nan,nan,nan,nan,nan,nan,nan,0,nan,0,False,n/a,0.0,klt,healthy,normal,healthy,0.6502146695153782,n/a,334,16,0,0,0,0,0,0,0,0,0,0,0,0,0,0,0,0,0,0,0,0,0,0,0,0.0,0.0,0.0,2360.483717173338
64,datasets/prepared_new/uvvid_cannon_bottom/frame_000128.jpg,350,24,24,0.06857142857142857,350,326,0.5416666666666666,13,24,17.0,20.325714111328125,0.84,0.0400734469294548,0.9468861818313599,0.4563901424407959,0.44167786836624146,1.478621244430542,1.5570896863937378,0.0,nan,nan,163.98585510253906,31.8656063079834,17.095489501953125,213.11866760253906,0.0,0.0,0.22743486591413906,0.0351082868874073,0.5,0.6105531964983258,0.4735970391167535,1.0,0.7081245846218533,0.45415632180606624,0.43385385341867055,1.0,0.5,0.6207165271060244,0.37928347289397557,0.6207165271060244,0.8251533742331288,0.7576687116564417,0.43613076199539724,1.174943220799252,0.918214500602501,klt,n/a,0,nan,n/a,nan,n/a,n/a,n/a,n/a,n/a,n/a,n/a,False,n/a,False,n/a,False,n/a,0,0,0,0,nan,nan,nan,nan,nan,nan,nan,nan,nan,nan,0,nan,0,False,n/a,0.0,klt,healthy,normal,healthy,0.5456677686072617,n/a,326,24,0,0,0,0,0,0,0,0,0,0,0,0,0,0,0,0,0,0,0,0,0,0,0,0.0,0.0,0.0,2452.016666997224
65,datasets/prepared_new/uvvid_cannon_bottom/frame_000130.jpg,350,19,19,0.054285714285714284,350,331,0.5416666666666666,13,24,18.0,20.734285354614258,0.8342857142857143,0.047511026263237,0.9430249929428101,0.43365663290023804,0.42533960938453674,1.5167949199676514,1.5872089862823486,0.0,nan,nan,164.40777587890625,31.574909210205078,16.566444396972656,205.78077697753906,0.0,0.0,0.22618827670228245,0.03354959934949875,0.5416666666666666,0.5916587284633091,0.4572906155056424,1.0,0.7016646491156684,0.4571481359145222,0.4270814139885132,1.0,0.45833333333333337,0.6102816853433656,0.3897183146566344,0.6102816853433656,0.7824773413897281,0.8398791540785498,0.5406054857269588,1.0783584730612892,1.073357701616219,klt,n/a,0,nan,n/a,nan,n/a,n/a,n/a,n/a,n/a,n/a,n/a,False,n/a,False,n/a,False,n/a,0,0,0,0,nan,nan,nan,nan,nan,nan,nan,nan,nan,nan,0,nan,0,False,n/a,0.0,learned_rematch,backscatter_or_low_contrast,normal,healthy,0.6379609012884364,n/a,331,19,0,0,0,0,0,0,0,0,0,0,0,0,0,0,0,0,0,0,0,0,0,0,0,0.0,0.0,0.0,2402.8170946985483
66,datasets/prepared_new/uvvid_cannon_bottom/frame_000132.jpg,350,15,15,0.04285714285714286,350,335,0.5416666666666666,13,24,19.0,20.780000686645508,0.84,0.04172736033797264,0.9483094215393066,0.4491289258003235,0.43152034282684326,1.4904985427856445,1.5716197490692139,0.0,nan,nan,164.9736785888672,31.546581268310547,16.40509033203125,202.58644104003906,0.0,0.0,0.22843920539407161,0.03358607739210129,0.5,0.5858960832868304,0.4501920912000868,1.0,0.70103513929579,0.4517459070542281,0.4268495637208525,1.0,0.5,0.6095184642647058,0.3904815357352942,0.6095184642647058,0.7850746268656716,0.8388059701492537,0.5074771113487653,1.156245165859399,1.0684397036984763,klt,n/a,0,nan,n/a,nan,n/a,n/a,n/a,n/a,n/a,n/a,n/a,False,n/a,False,n/a,False,n/a,0,0,0,0,nan,nan,nan,nan,nan,nan,nan,nan,nan,nan,0,nan,0,False,n/a,0.0,learned_rematch,backscatter_or_low_contrast,normal,healthy,0.6241024760697504,n/a,335,15,0,0,0,0,0,0,0,0,0,0,0,0,0,0,0,0,0,0,0,0,0,0,0,0.0,0.0,0.0,2314.8136041127145
67,datasets/prepared_new/uvvid_cannon_bottom/frame_000134.jpg,350,7,7,0.02,350,343,0.5,12,24,19.5,21.448572158813477,0.8571428571428571,0.04294896870851517,0.9423561096191406,0.4206034541130066,0.41259241104125977,1.5400965213775635,1.6144351959228516,0.002857142857142857,42.0,0.10496053844690323,165.57711791992188,31.743423461914062,16.191593170166016,195.56410217285156,0.0,0.0,0.23164294074563416,0.03305961191654205,0.5416666666666666,0.5782711846487862,0.4345868937174479,1.0,0.7054094102647569,0.4440569422104781,0.4278401867608831,1.0,0.45833333333333337,0.6024114871700682,0.3975885128299318,0.6024114871700682,0.892128279883382,0.8338192419825073,0.37564269013820273,1.0186567003684504,0.9346394752243791,klt,n/a,0,nan,n/a,nan,n/a,n/a,n/a,n/a,n/a,n/a,n/a,False,n/a,False,n/a,False,n/a,0,0,0,0,nan,nan,nan,nan,nan,nan,nan,nan,nan,nan,0,nan,0,False,n/a,0.0,learned_rematch,backscatter_or_low_contrast,normal,healthy,0.6318127544225083,n/a,343,7,0,0,0,0,0,0,0,0,0,0,0,0,0,0,0,0,0,0,0,0,0,0,0,0.0,0.0,0.0,2319.2037669941783
68,datasets/prepared_new/uvvid_cannon_bottom/frame_000136.jpg,350,5,5,0.014285714285714285,350,345,0.5,12,24,20.0,22.214284896850586,0.8914285714285715,0.04325331002473831,0.9467391967773438,0.422010213136673,0.4147532880306244,1.5375339984893799,1.5949956178665161,0.0,nan,nan,166.1357421875,31.625200271606445,15.88688850402832,187.27757263183594,0.0,0.0,0.2326003250421262,0.03239365667104721,0.5833333333333334,0.5673888751438686,0.4161723836263021,1.0,0.702782228257921,0.4417592198988972,0.42501306110861325,1.0,0.41666666666666663,0.5935948594216892,0.4064051405783108,0.5935948594216892,0.8753623188405797,0.7797101449275362,0.36174897492815944,1.086685380871836,0.8907274592682998,klt,n/a,0,nan,n/a,nan,n/a,n/a,n/a,n/a,n/a,n/a,n/a,False,n/a,False,n/a,False,n/a,0,0,0,0,nan,nan,nan,nan,nan,nan,nan,nan,nan,nan,0,nan,0,False,n/a,0.0,learned_rematch,backscatter_or_low_contrast,normal,healthy,0.5823054339097787,n/a,345,5,0,0,0,0,0,0,0,0,0,0,0,0,0,0,0,0,0,0,0,0,0,0,0,0.0,0.0,0.0,2231.2077269889414
69,datasets/prepared_new/uvvid_cannon_bottom/frame_000138.jpg,350,14,14,0.04,350,336,0.5416666666666666,13,24,20.0,22.16857147216797,0.9028571428571428,0.04557756334543228,0.9472813606262207,0.4310149848461151,0.42338502407073975,1.5214264392852783,1.5772457122802734,0.0,nan,nan,166.2718963623047,31.553884506225586,15.773441314697266,183.6726531982422,0.0,0.0,0.23362019856770833,0.03224824368953705,0.5833333333333334,0.5633371898106166,0.4081614515516493,1.0,0.7011974334716797,0.4393115234375,0.4238901796666059,1.0,0.41666666666666663,0.5907541408644438,0.4092458591355562,0.5907541408644438,0.7589285714285714,0.8660714285714286,0.6274273406248835,1.1716352254601186,1.1411749669223965,klt,n/a,0,nan,n/a,nan,n/a,n/a,n/a,n/a,n/a,n/a,n/a,False,n/a,False,n/a,False,n/a,0,0,0,0,nan,nan,nan,nan,nan,nan,nan,nan,nan,nan,0,nan,0,False,n/a,0.0,learned_rematch,backscatter_or_low_contrast,normal,healthy,0.6669519929423796,n/a,336,14,0,0,0,0,0,0,0,0,0,0,0,0,0,0,0,0,0,0,0,0,0,0,0,0.0,0.0,0.0,2336.6966652683914
70,datasets/prepared_new/uvvid_cannon_bottom/frame_000140.jpg,350,18,18,0.05142857142857143,350,332,0.5416666666666666,13,24,21.0,22.20857048034668,0.8885714285714286,0.045792967081069946,0.9488816261291504,0.4187336266040802,0.4145057797431946,1.5435237884521484,1.5980197191238403,0.0,nan,nan,166.47021484375,31.246335983276367,15.636131286621094,176.7976837158203,0.0,0.0,0.23085002225988047,0.03229483217000961,0.5833333333333334,0.5584332602364677,0.3928837415907118,1.0,0.694363021850586,0.4459599465762869,0.4205788567662239,1.0,0.41666666666666663,0.5869441338612341,0.4130558661387659,0.5869441338612341,0.8253012048192772,0.713855421686747,0.45745824017188386,1.2671425390628994,0.8649624555929369,klt,n/a,0,nan,n/a,nan,n/a,n/a,n/a,n/a,n/a,n/a,n/a,False,n/a,False,n/a,False,n/a,0,0,0,0,nan,nan,nan,nan,nan,nan,nan,nan,nan,nan,0,nan,0,False,n/a,0.0,learned_rematch,backscatter_or_low_contrast,normal,healthy,0.5120400534463693,n/a,332,18,0,0,0,0,0,0,0,0,0,0,0,0,0,0,0,0,0,0,0,0,0,0,0,0.0,0.0,0.0,2397.641913034022
71,datasets/prepared_new/uvvid_cannon_bottom/frame_000142.jpg,350,20,20,0.05714285714285714,350,330,0.625,15,24,20.0,22.222856521606445,0.8657142857142858,0.05083164572715759,0.9488154053688049,0.4073151648044586,0.40667036175727844,1.5649564266204834,1.615230917930603,0.0,nan,nan,166.898193359375,30.9697208404541,15.443087577819824,172.5835723876953,0.0,0.0,0.22758672377642464,0.032027408480644226,0.625,0.5515388420649937,0.38351904975043405,1.0,0.6882160186767579,0.4537918629365809,0.4168975740671158,1.0,0.375,0.5813460851547543,0.4186539148452457,0.5813460851547543,0.8424242424242424,0.7181818181818181,0.39936016803598906,1.1318391360563909,0.8525169736309305,klt,n/a,0,nan,n/a,nan,n/a,n/a,n/a,n/a,n/a,n/a,n/a,False,n/a,False,n/a,False,n/a,0,0,0,0,nan,nan,nan,nan,nan,nan,nan,nan,nan,nan,0,nan,0,False,n/a,0.0,learned_rematch,backscatter_or_low_contrast,normal,healthy,0.5284216066027587,n/a,330,20,0,0,0,0,0,0,0,0,0,0,0,0,0,0,0,0,0,0,0,0,0,0,0,0.0,0.0,0.0,2327.1782137453556
72,datasets/prepared_new/uvvid_cannon_bottom/frame_000144.jpg,350,18,18,0.05142857142857143,350,332,0.625,15,24,20.0,22.1971435546875,0.8342857142857143,0.053433969616889954,0.9522101879119873,0.4074922800064087,0.40796220302581787,1.5646171569824219,1.6153048276901245,0.0,nan,nan,167.04339599609375,31.083850860595703,15.534152030944824,172.394287109375,0.0,0.0,0.22878690831801468,0.032417502254247665,0.5416666666666666,0.5547911439623151,0.3830984157986111,1.0,0.6907522413465712,0.45091142003676477,0.41905226216021213,1.0,0.45833333333333337,0.5871539374254481,0.4128460625745519,0.5871539374254481,0.8012048192771084,0.8102409638554217,0.5263390303796287,1.0587171190058402,1.0112769332934517,klt,n/a,0,nan,n/a,nan,n/a,n/a,n/a,n/a,n/a,n/a,n/a,False,n/a,False,n/a,False,n/a,0,0,0,0,nan,nan,nan,nan,nan,nan,nan,nan,nan,nan,0,nan,0,False,n/a,0.0,learned_rematch,backscatter_or_low_contrast,normal,healthy,0.6128131390054171,n/a,332,18,0,0,0,0,0,0,0,0,0,0,0,0,0,0,0,0,0,0,0,0,0,0,0,0.0,0.0,0.0,2402.5282096117735
73,datasets/prepared_new/uvvid_cannon_bottom/frame_000146.jpg,350,18,18,0.05142857142857143,350,332,0.625,15,24,19.5,22.171428680419922,0.8314285714285714,0.056135229766368866,0.9500817060470581,0.40586525201797485,0.40030527114868164,1.5677516460418701,1.6356143951416016,0.0,nan,nan,166.9606170654297,31.03919219970703,15.423705101013184,166.46829223632812,0.0,0.0,0.22773583505667894,0.0326351597905159,0.5833333333333334,0.5508466107504708,0.3699295383029514,1.0,0.6897598266601562,0.4534339958639706,0.41905073103579604,1.0,0.41666666666666663,0.5819130068380459,0.4180869931619541,0.5819130068380459,0.7620481927710844,0.7831325301204819,0.5642679609718613,1.2085700404256638,1.0276666356311341,klt,n/a,0,nan,n/a,nan,n/a,n/a,n/a,n/a,n/a,n/a,n/a,False,n/a,False,n/a,False,n/a,0,0,0,0,nan,nan,nan,nan,nan,nan,nan,nan,nan,nan,0,nan,0,False,n/a,0.0,learned_rematch,backscatter_or_low_contrast,normal,healthy,0.5929030641991795,n/a,332,18,0,0,0,0,0,0,0,0,0,0,0,0,0,0,0,0,0,0,0,0,0,0,0,0.0,0.0,0.0,2364.113361109048
74,datasets/prepared_new/uvvid_cannon_bottom/frame_000148.jpg,350,16,16,0.045714285714285714,350,334,0.625,15,24,19.0,22.33142852783203,0.8342857142857143,0.05679422989487648,0.9555269479751587,0.41338688135147095,0.4098837375640869,1.5534489154815674,1.6152297258377075,0.002857142857142857,27.0,0.057474181056022644,166.83377075195312,31.262292861938477,15.204349517822266,161.4052734375,0.0,0.0,0.22765566358379288,0.032491981983184814,0.5,0.5430124827793666,0.3586783854166667,1.0,0.6947176191541884,0.45362640739889715,0.42120422317524153,1.0,0.5,0.5842696059935044,0.4157303940064956,0.5842696059935044,0.7604790419161677,0.8293413173652695,0.579989891233289,1.1597802003886872,1.09054974707238,klt,n/a,0,nan,n/a,nan,n/a,n/a,n/a,n/a,n/a,n/a,n/a,False,n/a,False,n/a,False,n/a,0,0,0,0,nan,nan,nan,nan,nan,nan,nan,nan,nan,nan,0,nan,0,False,n/a,0.0,learned_rematch,backscatter_or_low_contrast,normal,healthy,0.6156795035025926,n/a,334,16,0,0,0,0,0,0,0,0,0,0,0,0,0,0,0,0,0,0,0,0,0,0,0,0.0,0.0,0.0,2345.098862890154
75,datasets/prepared_new/uvvid_cannon_bottom/frame_000150.jpg,350,19,19,0.054285714285714284,350,331,0.5833333333333334,14,24,17.0,22.014286041259766,0.8342857142857143,0.06132743880152702,0.9558113813400269,0.4039655029773712,0.40396448969841003,1.571418046951294,1.6155576705932617,0.0,nan,nan,166.94052124023438,31.39575958251953,14.68831729888916,152.52760314941406,0.0,0.0,0.22917247697418808,0.03244352713227272,0.5,0.5245827606746128,0.33895022922092016,1.0,0.6976835462782118,0.4499860552619487,0.42257706207608936,1.0,0.5,0.5770695647629511,0.4229304352370489,0.5770695647629511,0.7341389728096677,0.8459214501510574,0.5530241833490531,1.2084410056623704,1.1522618049437965,klt,n/a,0,nan,n/a,nan,n/a,n/a,n/a,n/a,n/a,n/a,n/a,False,n/a,False,n/a,False,n/a,0,0,0,0,nan,nan,nan,nan,nan,nan,nan,nan,nan,nan,0,nan,0,False,n/a,0.0,learned_rematch,backscatter_or_low_contrast,normal,healthy,0.6282406874792097,n/a,331,19,0,0,0,0,0,0,0,0,0,0,0,0,0,0,0,0,0,0,0,0,0,0,0,0.0,0.0,0.0,2344.203337095678
76,datasets/prepared_new/uvvid_cannon_bottom/frame_000152.jpg,350,12,12,0.03428571428571429,350,338,0.625,15,24,18.0,22.531429290771484,0.8457142857142858,0.061195001006126404,0.9572363495826721,0.39712968468666077,0.3985975384712219,1.5848493576049805,1.629779577255249,0.0,nan,nan,167.49188232421875,31.450565338134766,14.420669555664062,148.60386657714844,0.0,0.0,0.2323875397326899,0.031758781522512436,0.5,0.515023912702288,0.33023081461588544,1.0,0.6989014519585504,0.44226990464154425,0.42162977489407616,1.0,0.5,0.5725237250051765,0.42747627499482355,0.5725237250051765,0.7544378698224852,0.772189349112426,0.5360148136422145,1.1700882609306247,1.0235280550883035,klt,n/a,0,nan,n/a,nan,n/a,n/a,n/a,n/a,n/a,n/a,n/a,False,n/a,False,n/a,False,n/a,0,0,0,0,nan,nan,nan,nan,nan,nan,nan,nan,nan,nan,0,nan,0,False,n/a,0.0,learned_rematch,backscatter_or_low_contrast,normal,healthy,0.5652592088596771,n/a,338,12,0,0,0,0,0,0,0,0,0,0,0,0,0,0,0,0,0,0,0,0,0,0,0,0.0,0.0,0.0,2330.846775788814
77,datasets/prepared_new/uvvid_cannon_bottom/frame_000154.jpg,350,22,22,0.06285714285714286,350,328,0.5833333333333334,14,24,17.0,22.202857971191406,0.8371428571428572,0.06057191267609596,0.9540795087814331,0.4077925682067871,0.39985063672065735,1.5640435218811035,1.6329097747802734,0.0,nan,nan,167.37924194335938,31.535724639892578,14.628578186035156,150.09616088867188,0.0,0.0,0.2348907051834405,0.03252674639225006,0.5,0.522449220929827,0.3335470241970486,1.0,0.7007938808865017,0.4362623075597428,0.424321364062001,1.0,0.5,0.574396904928274,0.425603095071726,0.574396904928274,0.7225609756097561,0.8109756097560976,0.6360220385094244,1.1694787232390942,1.1223613158881367,klt,n/a,0,nan,n/a,nan,n/a,n/a,n/a,n/a,n/a,n/a,n/a,False,n/a,False,n/a,False,n/a,0,0,0,0,nan,nan,nan,nan,nan,nan,nan,nan,nan,nan,0,nan,0,False,n/a,0.0,learned_rematch,backscatter_or_low_contrast,normal,healthy,0.5992215684305511,n/a,328,22,0,0,0,0,0,0,0,0,0,0,0,0,0,0,0,0,0,0,0,0,0,0,0,0.0,0.0,0.0,2358.470007777214
78,datasets/prepared_new/uvvid_cannon_bottom/frame_000156.jpg,350,18,18,0.05142857142857143,350,332,0.5833333333333334,14,24,17.0,21.974285125732422,0.8314285714285714,0.059510886669158936,0.9566977024078369,0.40295886993408203,0.4022071659564972,1.5733721256256104,1.6279473304748535,0.0,nan,nan,166.98460388183594,31.50200653076172,14.753457069396973,150.7565460205078,0.0,0.0,0.2358270562863818,0.03319891542196274,0.4583333333333333,0.5269091810498919,0.33501454671223957,1.0,0.7000445895724826,0.4340150649126837,0.4254743752907021,1.0,0.5416666666666667,0.5778467321762923,0.42215326782370766,0.5778467321762923,0.7740963855421686,0.822289156626506,0.5339375144081138,1.1331327587151192,1.0622554370863615,klt,n/a,0,nan,n/a,nan,n/a,n/a,n/a,n/a,n/a,n/a,n/a,False,n/a,False,n/a,False,n/a,0,0,0,0,nan,nan,nan,nan,nan,nan,nan,nan,nan,nan,0,nan,0,False,n/a,0.0,learned_rematch,backscatter_or_low_contrast,normal,healthy,0.6007708389544899,n/a,332,18,0,0,0,0,0,0,0,0,0,0,0,0,0,0,0,0,0,0,0,0,0,0,0,0.0,0.0,0.0,2416.7970223352313
79,datasets/prepared_new/uvvid_cannon_bottom/frame_000158.jpg,350,22,22,0.06285714285714286,350,328,0.5833333333333334,14,24,17.0,22.0,0.8371428571428572,0.08950287848711014,0.9312301874160767,0.38027268648147583,0.3894983232021332,1.619504451751709,1.6689863204956055,0.0,nan,nan,166.3226318359375,31.409055709838867,15.66440200805664,177.29718017578125,0.0,0.0,0.23510199453316488,0.036134444177150726,0.4166666666666667,0.5594429288591657,0.39399373372395835,1.0,0.6979790157741971,0.4357552131204043,0.4311132446533502,1.0,0.5833333333333333,0.597613242833012,0.402386757166988,0.597613242833012,0.7865853658536586,0.7408536585365854,0.46725145861758466,1.2616852944880161,0.9418592677137991,klt,n/a,0,nan,n/a,nan,n/a,n/a,n/a,n/a,n/a,n/a,n/a,False,n/a,False,n/a,False,n/a,0,0,0,0,nan,nan,nan,nan,nan,nan,nan,nan,nan,nan,0,nan,0,False,n/a,0.0,klt,healthy,normal,healthy,0.5128549167502238,n/a,328,22,0,0,0,0,0,0,0,0,0,0,0,0,0,0,0,0,0,0,0,0,0,0,0,0.0,0.0,0.0,2300.1024429686368
80,datasets/prepared_new/uvvid_cannon_bottom/frame_000160.jpg,350,13,13,0.037142857142857144,350,337,0.5833333333333334,14,24,17.0,22.25428581237793,0.8428571428571429,0.06270037591457367,0.949897289276123,0.3939049243927002,0.39586660265922546,1.591306209564209,1.6466587781906128,0.0,nan,nan,165.92745971679688,31.313446044921875,15.126648902893066,160.27871704101562,0.0,0.0,0.23691311106962315,0.03515114635229111,0.4583333333333333,0.5402374608176095,0.3561749267578125,1.0,0.6958543565538194,0.4314085334329044,0.4278161472593895,1.0,0.5416666666666667,0.5835778847993158,0.4164221152006842,0.5835778847993158,0.8041543026706232,0.7863501483679525,0.5008072777305832,1.1047450611812055,0.9778585625891675,klt,n/a,0,nan,n/a,nan,n/a,n/a,n/a,n/a,n/a,n/a,n/a,False,n/a,False,n/a,False,n/a,0,0,0,0,nan,nan,nan,nan,nan,nan,nan,nan,nan,nan,0,nan,0,False,n/a,0.0,learned_rematch,backscatter_or_low_contrast,normal,healthy,0.5704597146296121,n/a,337,13,0,0,0,0,0,0,0,0,0,0,0,0,0,0,0,0,0,0,0,0,0,0,0,0.0,0.0,0.0,2314.287559594959
81,datasets/prepared_new/uvvid_cannon_bottom/frame_000162.jpg,350,14,14,0.04,350,336,0.5833333333333334,14,24,18.0,22.780000686645508,0.8714285714285714,0.056521859019994736,0.9601796269416809,0.4132128953933716,0.4115249216556549,1.5537867546081543,1.6045788526535034,0.0,nan,nan,165.3637237548828,31.549772262573242,14.97349739074707,166.8651580810547,0.0,0.0,0.2386350803749234,0.03540944680571556,0.4583333333333333,0.5347677639552525,0.37081146240234375,1.0,0.7011060502794054,0.42727580710018387,0.43102904060723807,1.0,0.5416666666666667,0.5851535659549534,0.4148464340450466,0.5851535659549534,0.7976190476190477,0.7708333333333334,0.43933004908472023,1.0563766785183857,0.9664166988208551,klt,n/a,0,nan,n/a,nan,n/a,n/a,n/a,n/a,n/a,n/a,n/a,False,n/a,False,n/a,False,n/a,0,0,0,0,nan,nan,nan,nan,nan,nan,nan,nan,nan,nan,0,nan,0,False,n/a,0.0,klt,healthy,normal,healthy,0.5588172367808331,n/a,336,14,0,0,0,0,0,0,0,0,0,0,0,0,0,0,0,0,0,0,0,0,0,0,0,0.0,0.0,0.0,2433.438813779503
82,datasets/prepared_new/uvvid_cannon_bottom/frame_000164.jpg,350,16,16,0.045714285714285714,350,334,0.5833333333333334,14,24,18.0,23.022857666015625,0.8628571428571429,0.06212318688631058,0.9540911316871643,0.4068524241447449,0.4015493392944336,1.565847396850586,1.6269562244415283,0.0,nan,nan,165.42343139648438,31.91569709777832,14.982575416564941,157.1334228515625,0.0,0.0,0.2420388135723039,0.03523807227611542,0.5,0.5350919791630336,0.34918538411458333,1.0,0.7092377132839627,0.41910684742647064,0.43470538454224367,1.0,0.5,0.5795380272530514,0.42046197274694863,0.5795380272530514,0.8473053892215568,0.7604790419161677,0.4825486241980658,1.050109434995925,0.8975254424964743,klt,n/a,0,nan,n/a,nan,n/a,n/a,n/a,n/a,n/a,n/a,n/a,False,n/a,False,n/a,False,n/a,0,0,0,0,nan,nan,nan,nan,nan,nan,nan,nan,nan,nan,0,nan,0,False,n/a,0.0,klt,healthy,normal,healthy,0.5487645678364389,n/a,334,16,0,0,0,0,0,0,0,0,0,0,0,0,0,0,0,0,0,0,0,0,0,0,0,0.0,0.0,0.0,2305.4688442498446
83,datasets/prepared_new/uvvid_cannon_bottom/frame_000166.jpg,350,17,17,0.04857142857142857,350,333,0.5833333333333334,14,24,19.0,23.297142028808594,0.88,0.04599395766854286,0.9608607292175293,0.4257858991622925,0.4217739999294281,1.530717372894287,1.5790510177612305,0.0,nan,nan,164.6621856689453,32.1837158203125,15.074531555175781,167.8340606689453,0.0,0.0,0.2434442916570925,0.03576941043138504,0.5,0.5383761269705636,0.3729645792643229,1.0,0.7151936848958333,0.41573370002297805,0.4388909570647008,1.0,0.5,0.5848099556542967,0.4151900443457033,0.5848099556542967,0.8558558558558559,0.7957957957957958,0.48534163549887427,1.0051513223060902,0.9298234749781854,klt,n/a,0,nan,n/a,nan,n/a,n/a,n/a,n/a,n/a,n/a,n/a,False,n/a,False,n/a,False,n/a,0,0,0,0,nan,nan,nan,nan,nan,nan,nan,nan,nan,nan,0,nan,0,False,n/a,0.0,klt,healthy,normal,healthy,0.5882646377743304,n/a,333,17,0,0,0,0,0,0,0,0,0,0,0,0,0,0,0,0,0,0,0,0,0,0,0,0.0,0.0,0.0,2484.0183202177286
84,datasets/prepared_new/uvvid_cannon_bottom/frame_000168.jpg,350,18,18,0.05142857142857143,350,332,0.5416666666666666,13,24,19.0,23.542856216430664,0.8657142857142858,0.054917264729738235,0.9552619457244873,0.4173957109451294,0.4123570919036865,1.5459890365600586,1.6080677509307861,0.0,nan,nan,164.66156005859375,32.46651077270508,14.921345710754395,156.0325469970703,0.0,0.0,0.24678907805798098,0.03577751666307449,0.4166666666666667,0.5329052039555141,0.3467389933268229,1.0,0.721478017171224,0.4077062126608457,0.44205154645623584,1.0,0.5833333333333333,0.5844198012103184,0.41558019878968155,0.5844198012103184,0.786144578313253,0.8493975903614458,0.5053830463195748,1.0624493337466836,1.0804583957387457,klt,n/a,0,nan,n/a,nan,n/a,n/a,n/a,n/a,n/a,n/a,n/a,False,n/a,False,n/a,False,n/a,0,0,0,0,nan,nan,nan,nan,nan,nan,nan,nan,nan,nan,0,nan,0,False,n/a,0.0,klt,healthy,normal,healthy,0.6175141339026722,n/a,332,18,0,0,0,0,0,0,0,0,0,0,0,0,0,0,0,0,0,0,0,0,0,0,0,0.0,0.0,0.0,2479.8040469177067
85,datasets/prepared_new/uvvid_cannon_bottom/frame_000170.jpg,350,25,25,0.07142857142857142,350,325,0.5416666666666666,13,24,17.0,23.325714111328125,0.8428571428571429,0.06488236784934998,0.955396294593811,0.425997257232666,0.4160061180591583,1.5303411483764648,1.5997008085250854,0.0,nan,nan,164.12107849121094,32.3043212890625,14.819812774658203,162.02011108398438,0.0,0.0,0.24473248650045956,0.037098947912454605,0.4166666666666667,0.5292790276663644,0.3600446912977431,1.0,0.7178738064236111,0.4126420323988971,0.4432526939219297,1.0,0.5833333333333333,0.5861536012715495,0.4138463987284505,0.5861536012715495,0.7507692307692307,0.7107692307692308,0.543255118345498,1.1849798760975185,0.9467200504753427,klt,n/a,0,nan,n/a,nan,n/a,n/a,n/a,n/a,n/a,n/a,n/a,False,n/a,False,n/a,False,n/a,0,0,0,0,nan,nan,nan,nan,nan,nan,nan,nan,nan,nan,0,nan,0,False,n/a,0.0,klt,healthy,normal,healthy,0.4906225818760492,n/a,325,25,0,0,0,0,0,0,0,0,0,0,0,0,0,0,0,0,0,0,0,0,0,0,0,0.0,0.0,0.0,2386.087513063103
86,datasets/prepared_new/uvvid_cannon_bottom/frame_000172.jpg,350,18,18,0.05142857142857143,350,332,0.5416666666666666,13,24,18.0,23.568571090698242,0.8485714285714285,0.05156932398676872,0.9559587240219116,0.4231163263320923,0.41567492485046387,1.5355277061462402,1.5951045751571655,0.0,nan,nan,163.475341796875,32.6843376159668,15.095648765563965,158.0965576171875,0.0,0.0,0.24797639734604776,0.037999171763658524,0.4166666666666667,0.5391303130558559,0.35132568359375,1.0,0.7263186136881511,0.4048566463694854,0.44952106085239035,1.0,0.5833333333333333,0.5876014696838813,0.4123985303161187,0.5876014696838813,0.8674698795180723,0.7289156626506024,0.3879492310519941,1.116793000454689,0.840276809125345,klt,n/a,0,nan,n/a,nan,n/a,n/a,n/a,n/a,n/a,n/a,n/a,False,n/a,False,n/a,False,n/a,0,0,0,0,nan,nan,nan,nan,nan,nan,nan,nan,nan,nan,0,nan,0,False,n/a,0.0,klt,healthy,normal,healthy,0.4868190813558577,n/a,332,18,0,0,0,0,0,0,0,0,0,0,0,0,0,0,0,0,0,0,0,0,0,0,0,0.0,0.0,0.0,2681.236302945763
87,datasets/prepared_new/uvvid_cannon_bottom/frame_000174.jpg,350,12,12,0.03428571428571429,350,338,0.5416666666666666,13,24,18.0,24.15999984741211,0.8657142857142858,0.05076683312654495,0.9656192064285278,0.4405941069126129,0.4270361661911011,1.5048332214355469,1.5731313228607178,0.0,nan,nan,163.30270385742188,32.6671028137207,15.024916648864746,163.09100341796875,0.0,0.0,0.24562162511488972,0.0386524498462677,0.4583333333333333,0.5366041660308838,0.36242445203993057,1.0,0.7259356180826823,0.4105080997242647,0.4508142859646768,1.0,0.5416666666666667,0.5872219513002634,0.41277804869973655,0.5872219513002634,0.8313609467455622,0.8313609467455622,0.4034155263717406,1.0019959176961044,0.9999987971544717,klt,n/a,0,nan,n/a,nan,n/a,n/a,n/a,n/a,n/a,n/a,n/a,False,n/a,False,n/a,False,n/a,0,0,0,0,nan,nan,nan,nan,nan,nan,nan,nan,nan,nan,0,nan,0,False,n/a,0.0,klt,healthy,normal,healthy,0.6139541289494246,n/a,338,12,0,0,0,0,0,0,0,0,0,0,0,0,0,0,0,0,0,0,0,0,0,0,0,0.0,0.0,0.0,2509.6667879261076
88,datasets/prepared_new/uvvid_cannon_bottom/frame_000176.jpg,350,22,22,0.06285714285714286,350,328,0.625,15,24,18.0,23.551427841186523,0.84,0.06101579964160919,0.9554792046546936,0.4309816062450409,0.4195956885814667,1.5214860439300537,1.5934019088745117,0.0,nan,nan,162.5599365234375,32.81821823120117,15.47692584991455,162.7440185546875,0.0,0.0,0.24791266347847732,0.03917257487773895,0.4583333333333333,0.5527473517826625,0.36165337456597224,1.0,0.7292937384711371,0.4050096076516545,0.4536754485031571,1.0,0.5416666666666667,0.5906266048308881,0.40937339516911186,0.5906266048308881,0.7957317073170732,0.8902439024390244,0.5010876531588562,0.9974555428743512,1.1187725403931292,klt,n/a,0,nan,n/a,nan,n/a,n/a,n/a,n/a,n/a,n/a,n/a,False,n/a,False,n/a,False,n/a,0,0,0,0,nan,nan,nan,nan,nan,nan,nan,nan,nan,nan,0,nan,0,False,n/a,0.0,klt,healthy,normal,healthy,0.6656583301740742,n/a,328,22,0,0,0,0,0,0,0,0,0,0,0,0,0,0,0,0,0,0,0,0,0,0,0,0.0,0.0,0.0,2442.2840462066233
89,datasets/prepared_new/uvvid_cannon_bottom/frame_000178.jpg,350,17,17,0.04857142857142857,350,333,0.625,15,24,19.0,23.86571502685547,0.8571428571428571,0.04860848933458328,0.9601427316665649,0.43334072828292847,0.4219128489494324,1.5173463821411133,1.5955101251602173,0.0,nan,nan,161.91395568847656,32.799461364746094,15.399365425109863,166.9130859375,0.0,0.0,0.24679722206265314,0.040424853563308716,0.4583333333333333,0.5499773366110665,0.37091796875,1.0,0.7288769192165798,0.4076866670496325,0.4563131267976279,1.0,0.5416666666666667,0.592140827963088,0.407859172036912,0.592140827963088,0.8048048048048048,0.7717717717717718,0.5203143386152593,0.9213367311488202,0.95895403234443,klt,n/a,0,nan,n/a,nan,n/a,n/a,n/a,n/a,n/a,n/a,n/a,False,n/a,False,n/a,False,n/a,0,0,0,0,nan,nan,nan,nan,nan,nan,nan,nan,nan,nan,0,nan,0,False,n/a,0.0,klt,healthy,normal,healthy,0.5650399683092494,n/a,333,17,0,0,0,0,0,0,0,0,0,0,0,0,0,0,0,0,0,0,0,0,0,0,0,0.0,0.0,0.0,2321.8929157592356
90,datasets/prepared_new/uvvid_cannon_bottom/frame_000180.jpg,350,28,28,0.08,350,322,0.6666666666666666,16,24,18.0,23.354286193847656,0.8342857142857143,0.04703362286090851,0.9608414173126221,0.4428635835647583,0.4288255572319031,1.500981330871582,1.5730993747711182,0.0,nan,nan,162.14120483398438,32.36471939086914,15.479236602783203,160.5473175048828,0.0,0.0,0.24263180601830575,0.03969447314739227,0.4583333333333333,0.5528298786708287,0.35677181667751734,1.0,0.7192159864637587,0.4176836655560662,0.44982270493049814,1.0,0.5416666666666667,0.5899664201211452,0.4100335798788548,0.5899664201211452,0.7919254658385093,0.9472049689440993,0.5031325527413839,0.8720395153339738,1.19607692103228,klt,n/a,0,nan,n/a,nan,n/a,n/a,n/a,n/a,n/a,n/a,n/a,False,n/a,False,n/a,False,n/a,0,0,0,0,nan,nan,nan,nan,nan,nan,nan,nan,nan,nan,0,nan,0,False,n/a,0.0,klt,healthy,normal,healthy,0.72051590446763,n/a,322,28,0,0,0,0,0,0,0,0,0,0,0,0,0,0,0,0,0,0,0,0,0,0,0,0.0,0.0,0.0,2369.2658529616892
91,datasets/prepared_new/uvvid_cannon_bottom/frame_000182.jpg,350,22,22,0.06285714285714286,350,328,0.625,15,24,19.0,23.43428611755371,0.8228571428571428,0.0579722598195076,0.9579883217811584,0.4319445490837097,0.41122812032699585,1.5197912454605103,1.6189485788345337,0.0,nan,nan,161.78854370117188,31.96035385131836,15.291542053222656,163.9336395263672,0.0,0.0,0.23959597120098033,0.0399431437253952,0.5,0.5461265019008091,0.3642969767252604,1.0,0.7102300855848525,0.4249696691176472,0.4458949148955971,1.0,0.5,0.5866661004283442,0.4133338995716558,0.5866661004283442,0.7865853658536586,0.9085365853658537,0.490684596205955,0.9504315451967229,1.1550372912704203,klt,n/a,0,nan,n/a,nan,n/a,n/a,n/a,n/a,n/a,n/a,n/a,False,n/a,False,n/a,False,n/a,0,0,0,0,nan,nan,nan,nan,nan,nan,nan,nan,nan,nan,0,nan,0,False,n/a,0.0,klt,healthy,normal,healthy,0.6933493092107824,n/a,328,22,0,0,0,0,0,0,0,0,0,0,0,0,0,0,0,0,0,0,0,0,0,0,0,0.0,0.0,0.0,2322.2418702207506
92,datasets/prepared_new/uvvid_cannon_bottom/frame_000184.jpg,350,23,23,0.06571428571428571,350,327,0.625,15,24,19.0,23.874286651611328,0.8314285714285714,0.05985042452812195,0.9583516120910645,0.40651974081993103,0.4024648666381836,1.56648850440979,1.6401774883270264,0.0,nan,nan,162.226806640625,31.78257942199707,15.112207412719727,154.47616577148438,0.0,0.0,0.23947068158318005,0.038760848343372345,0.5,0.5397216933114188,0.3432803683810764,1.0,0.706279542711046,0.4252703642003679,0.44123260849955104,1.0,0.5,0.5809029406028076,0.41909705939719244,0.5809029406028076,0.7737003058103975,0.9418960244648318,0.4860590820697279,0.9693636247029006,1.2173897308836286,klt,n/a,0,nan,n/a,nan,n/a,n/a,n/a,n/a,n/a,n/a,n/a,False,n/a,False,n/a,False,n/a,0,0,0,0,nan,nan,nan,nan,nan,nan,nan,nan,nan,nan,0,nan,0,False,n/a,0.0,klt,healthy,normal,healthy,0.7217815352421413,n/a,327,23,0,0,0,0,0,0,0,0,0,0,0,0,0,0,0,0,0,0,0,0,0,0,0,0.0,0.0,0.0,2250.174514017999
93,datasets/prepared_new/uvvid_cannon_bottom/frame_000186.jpg,350,21,21,0.06,350,329,0.7083333333333334,17,24,18.0,22.92571449279785,0.8057142857142857,0.050493668764829636,0.9548003673553467,0.411101758480072,0.4023113548755646,1.5577501058578491,1.6544543504714966,0.0,nan,nan,162.62904357910156,31.571672439575195,14.912299156188965,159.0465087890625,0.0,0.0,0.23767067105162373,0.03879956156015396,0.5416666666666666,0.5325821127210345,0.3534366861979167,1.0,0.7015927208794488,0.42959038947610306,0.43897718216734705,1.0,0.45833333333333337,0.5782289774825642,0.4217710225174358,0.5782289774825642,0.8024316109422492,0.9148936170212766,0.4436581876898126,1.0259844448638251,1.1401500942826477,klt,n/a,0,nan,n/a,nan,n/a,n/a,n/a,n/a,n/a,n/a,n/a,False,n/a,False,n/a,False,n/a,0,0,0,0,nan,nan,nan,nan,nan,nan,nan,nan,nan,nan,0,nan,0,False,n/a,0.0,klt,healthy,normal,healthy,0.7056935174912208,n/a,329,21,0,0,0,0,0,0,0,0,0,0,0,0,0,0,0,0,0,0,0,0,0,0,0,0.0,0.0,0.0,2268.6282573267817
94,datasets/prepared_new/uvvid_cannon_bottom/frame_000188.jpg,350,22,22,0.06285714285714286,350,328,0.7916666666666666,19,24,18.0,23.337142944335938,0.8314285714285714,0.05779573321342468,0.9554897546768188,0.4162188768386841,0.4045689105987549,1.548168659210205,1.6454352140426636,0.0,nan,nan,163.08836364746094,31.352798461914062,15.274465560913086,155.5007781982422,0.0,0.0,0.2346111342486213,0.03924199938774109,0.5416666666666666,0.5455166271754673,0.34555728488498266,1.0,0.6967288547092014,0.43693327780330893,0.4375507895994668,1.0,0.45833333333333337,0.5800870397697034,0.41991296023029656,0.5800870397697034,0.7957317073170732,0.8445121951219512,0.4676179463575345,1.0064177307930846,1.0613013482496465,klt,n/a,0,nan,n/a,nan,n/a,n/a,n/a,n/a,n/a,n/a,n/a,False,n/a,False,n/a,False,n/a,0,0,0,0,nan,nan,nan,nan,nan,nan,nan,nan,nan,nan,0,nan,0,False,n/a,0.0,klt,healthy,normal,healthy,0.6448924418921407,n/a,328,22,0,0,0,0,0,0,0,0,0,0,0,0,0,0,0,0,0,0,0,0,0,0,0,0.0,0.0,0.0,2330.457101110369
95,datasets/prepared_new/uvvid_cannon_bottom/frame_000190.jpg,350,25,25,0.07142857142857142,350,325,0.7916666666666666,19,24,18.5,23.100000381469727,0.8314285714285714,0.044341079890728,0.9593998193740845,0.4299811124801636,0.41248950362205505,1.5232517719268799,1.6270055770874023,0.0,nan,nan,163.3161163330078,31.23285675048828,14.96292495727539,159.48764038085938,0.0,0.0,0.23386362113204656,0.03916513919830322,0.5416666666666666,0.5343901770455497,0.35441697862413196,1.0,0.694063483344184,0.43872730928308823,0.4360434216682357,1.0,0.45833333333333337,0.5788072074310048,0.4211927925689952,0.5788072074310048,0.8307692307692308,0.9076923076923077,0.46195392207439906,0.9465248576923905,1.0925912774364253,klt,n/a,0,nan,n/a,nan,n/a,n/a,n/a,n/a,n/a,n/a,n/a,False,n/a,False,n/a,False,n/a,0,0,0,0,nan,nan,nan,nan,nan,nan,nan,nan,nan,nan,0,nan,0,False,n/a,0.0,klt,healthy,normal,healthy,0.7025707553152304,n/a,325,25,0,0,0,0,0,0,0,0,0,0,0,0,0,0,0,0,0,0,0,0,0,0,0,0.0,0.0,0.0,2306.7699298262596
96,datasets/prepared_new/uvvid_cannon_bottom/frame_000192.jpg,350,21,21,0.06,350,329,0.75,18,24,18.0,23.082857131958008,0.8428571428571429,0.056659944355487823,0.9598860144615173,0.4016595482826233,0.4005664885044098,1.5759191513061523,1.6373121738433838,0.0,nan,nan,163.9693603515625,30.929746627807617,14.805082321166992,148.7937774658203,0.0,0.0,0.22846345190908393,0.03927309066057205,0.5416666666666666,0.5287529400416783,0.330652838812934,1.0,0.6873277028401693,0.45168771541819863,0.4329208756486575,1.0,0.45833333333333337,0.5743962105964456,0.42560378940355437,0.5743962105964456,0.8145896656534954,0.8662613981762918,0.47260090928009035,0.9715544337138338,1.063431530339651,klt,n/a,0,nan,n/a,nan,n/a,n/a,n/a,n/a,n/a,n/a,n/a,False,n/a,False,n/a,False,n/a,0,0,0,0,nan,nan,nan,nan,nan,nan,nan,nan,nan,nan,0,nan,0,False,n/a,0.0,klt,healthy,normal,healthy,0.6653175264478587,n/a,329,21,0,0,0,0,0,0,0,0,0,0,0,0,0,0,0,0,0,0,0,0,0,0,0,0.0,0.0,0.0,2352.9331013560295
97,datasets/prepared_new/uvvid_cannon_bottom/frame_000194.jpg,350,23,23,0.06571428571428571,350,327,0.7916666666666666,19,24,18.0,23.09428596496582,0.8285714285714286,0.054231468588113785,0.9594641923904419,0.4109848737716675,0.40138906240463257,1.557975172996521,1.6506625413894653,0.0,nan,nan,164.52749633789062,30.522817611694336,14.561197280883789,152.5718536376953,0.0,0.0,0.22592685475068927,0.038581058382987976,0.5416666666666666,0.5200427600315639,0.3390485636393229,1.0,0.6782848358154296,0.4577755485983458,0.42682664150541477,1.0,0.45833333333333337,0.5728591314715054,0.42714086852849464,0.5728591314715054,0.8195718654434251,0.9418960244648318,0.4811605172948917,0.9842739665785396,1.1492523290839118,klt,n/a,0,nan,n/a,nan,n/a,n/a,n/a,n/a,n/a,n/a,n/a,False,n/a,False,n/a,False,n/a,0,0,0,0,nan,nan,nan,nan,nan,nan,nan,nan,nan,nan,0,nan,0,False,n/a,0.0,learned_rematch,backscatter_or_low_contrast,normal,healthy,0.7309890431357431,n/a,327,23,0,0,0,0,0,0,0,0,0,0,0,0,0,0,0,0,0,0,0,0,0,0,0,0.0,0.0,0.0,2397.226743865758
98,datasets/prepared_new/uvvid_cannon_bottom/frame_000196.jpg,350,18,18,0.05142857142857143,350,332,0.75,18,24,18.5,23.597143173217773,0.8314285714285714,0.059596672654151917,0.9563709497451782,0.40991246700286865,0.3948756754398346,1.5600028038024902,1.6604459285736084,0.0,nan,nan,164.7518768310547,30.522098541259766,14.49337387084961,144.62896728515625,0.0,0.0,0.2263316554649203,0.038428522646427155,0.5,0.517620495387486,0.321397705078125,1.0,0.6782688564724393,0.4568040268841913,0.42647197970537226,1.0,0.5,0.5718216059028711,0.4281783940971289,0.5718216059028711,0.7530120481927711,0.8253012048192772,0.5096027156306309,1.0683607651452034,1.0959985445139329,klt,n/a,0,nan,n/a,nan,n/a,n/a,n/a,n/a,n/a,n/a,n/a,False,n/a,False,n/a,False,n/a,0,0,0,0,nan,nan,nan,nan,nan,nan,nan,nan,nan,nan,0,nan,0,False,n/a,0.0,learned_rematch,backscatter_or_low_contrast,normal,healthy,0.6158011824345888,n/a,332,18,0,0,0,0,0,0,0,0,0,0,0,0,0,0,0,0,0,0,0,0,0,0,0,0.0,0.0,0.0,2316.4846198633313
99,datasets/prepared_new/uvvid_cannon_bottom/frame_000198.jpg,350,32,32,0.09142857142857143,350,318,0.7916666666666666,19,24,18.0,22.87714195251465,0.8257142857142857,0.06886892020702362,0.9546008706092834,0.4050526022911072,0.3956446945667267,1.5693104267120361,1.6536842584609985,0.0,nan,nan,165.71617126464844,30.037124633789062,14.123878479003906,143.25811767578125,0.0,0.0,0.22103189505782786,0.03802681714296341,0.5416666666666666,0.5044242313929966,0.31835137261284724,1.0,0.6674916585286458,0.46952345186121314,0.42017041368014885,1.0,0.45833333333333337,0.5656622824501399,0.43433771754986006,0.5656622824501399,0.7515723270440252,0.8238993710691824,0.5859872253685503,1.0724247360776644,1.0962328510374617,klt,n/a,0,nan,n/a,nan,n/a,n/a,n/a,n/a,n/a,n/a,n/a,False,n/a,False,n/a,False,n/a,0,0,0,0,nan,nan,nan,nan,nan,nan,nan,nan,nan,nan,0,nan,0,False,n/a,0.0,learned_rematch,backscatter_or_low_contrast,normal,healthy,0.6242159406345847,n/a,318,32,0,0,0,0,0,0,0,0,0,0,0,0,0,0,0,0,0,0,0,0,0,0,0,0.0,0.0,0.0,2346.6684143058956
100,datasets/prepared_new/uvvid_cannon_bottom/frame_000200.jpg,350,24,24,0.06857142857142857,350,326,0.75,18,24,17.0,22.700000762939453,0.8228571428571428,0.06911474466323853,0.9584283232688904,0.4043998122215271,0.39313843846321106,1.570573329925537,1.6590059995651245,0.0,nan,nan,165.73379516601562,30.236324310302734,14.091689109802246,137.5571746826172,0.0,0.0,0.2227432610006893,0.037711597979068756,0.4166666666666667,0.5032746110643659,0.30568261040581596,1.0,0.6719183180067274,0.46541617359834564,0.42166733622852,1.0,0.5833333333333333,0.5710181749110892,0.4289818250889108,0.5710181749110892,0.8006134969325154,0.8834355828220859,0.5331994355348091,1.0405783682575378,1.1034468976103884,klt,n/a,0,nan,n/a,nan,n/a,n/a,n/a,n/a,n/a,n/a,n/a,False,n/a,False,n/a,False,n/a,0,0,0,0,nan,nan,nan,nan,nan,nan,nan,nan,nan,nan,0,nan,0,False,n/a,0.0,learned_rematch,backscatter_or_low_contrast,normal,healthy,0.6481722159252981,n/a,326,24,0,0,0,0,0,0,0,0,0,0,0,0,0,0,0,0,0,0,0,0,0,0,0,0.0,0.0,0.0,2362.3471101745963
101,datasets/prepared_new/uvvid_cannon_bottom/frame_000202.jpg,350,22,22,0.06285714285714286,350,328,0.7083333333333334,17,24,17.0,22.648571014404297,0.8228571428571428,0.0463937371969223,0.9616395831108093,0.42265617847442627,0.40848514437675476,1.5363609790802002,1.6221950054168701,0.0,nan,nan,165.79360961914062,30.12599754333496,14.17630386352539,142.6639862060547,0.0,0.0,0.2201564534505208,0.038191892206668854,0.4583333333333333,0.5062965665544782,0.3170310804578993,1.0,0.6694666120741103,0.4716245117187501,0.4215330610522116,1.0,0.5416666666666667,0.5715576099310327,0.42844239006896734,0.5715576099310327,0.7713414634146342,0.7713414634146342,0.49380134889460453,1.0301017496192066,0.999998703558993,klt,n/a,0,nan,n/a,nan,n/a,n/a,n/a,n/a,n/a,n/a,n/a,False,n/a,False,n/a,False,n/a,0,0,0,0,nan,nan,nan,nan,nan,nan,nan,nan,nan,nan,0,nan,0,False,n/a,0.0,learned_rematch,backscatter_or_low_contrast,normal,healthy,0.5603128477579385,n/a,328,22,0,0,0,0,0,0,0,0,0,0,0,0,0,0,0,0,0,0,0,0,0,0,0,0.0,0.0,0.0,2339.567986316979
102,datasets/prepared_new/uvvid_cannon_bottom/frame_000204.jpg,350,26,26,0.07428571428571429,350,324,0.7083333333333334,17,24,18.0,22.822856903076172,0.8085714285714286,0.05920600891113281,0.954072117805481,0.3989022374153137,0.39290305972099304,1.5813350677490234,1.6745303869247437,0.0,nan,nan,165.07504272460938,30.613494873046875,14.087352752685547,136.89085388183594,0.0,0.0,0.22636036592371322,0.03907603770494461,0.4583333333333333,0.5031197411673409,0.304201897515191,1.0,0.6802998860677083,0.4567351217830883,0.428959119636001,1.0,0.5416666666666667,0.568912644393323,0.431087355606677,0.568912644393323,0.7685185185185185,0.8672839506172839,0.525569605851449,1.0743642797851511,1.1285125877988817,klt,n/a,0,nan,n/a,nan,n/a,n/a,n/a,n/a,n/a,n/a,n/a,False,n/a,False,n/a,False,n/a,0,0,0,0,nan,nan,nan,nan,nan,nan,nan,nan,nan,nan,0,nan,0,False,n/a,0.0,learned_rematch,backscatter_or_low_contrast,normal,healthy,0.6424920228536193,n/a,324,26,0,0,0,0,0,0,0,0,0,0,0,0,0,0,0,0,0,0,0,0,0,0,0,0.0,0.0,0.0,2427.0973559468985
103,datasets/prepared_new/uvvid_cannon_bottom/frame_000206.jpg,350,22,22,0.06285714285714286,350,328,0.7083333333333334,17,24,18.0,23.391427993774414,0.8314285714285714,0.05157862603664398,0.9609931707382202,0.4052571654319763,0.4052259027957916,1.5689196586608887,1.6202061176300049,0.0,nan,nan,164.9813232421875,30.60026741027832,13.913501739501953,136.37432861328125,0.0,0.0,0.227519214106541,0.04018750786781311,0.4583333333333333,0.496910776410784,0.3030540635850694,1.0,0.6800059424506293,0.45395388614430165,0.43133821637943537,1.0,0.5416666666666667,0.5672238641037936,0.43277613589620645,0.5672238641037936,0.7560975609756098,0.7621951219512195,0.5025228847313669,1.0459866900026928,1.0080631828841775,klt,n/a,0,nan,n/a,nan,n/a,n/a,n/a,n/a,n/a,n/a,n/a,False,n/a,False,n/a,False,n/a,0,0,0,0,nan,nan,nan,nan,nan,nan,nan,nan,nan,nan,0,nan,0,False,n/a,0.0,klt,healthy,normal,healthy,0.5516744013621113,n/a,328,22,0,0,0,0,0,0,0,0,0,0,0,0,0,0,0,0,0,0,0,0,0,0,0,0.0,0.0,0.0,2389.7815737873316
104,datasets/prepared_new/uvvid_cannon_bottom/frame_000208.jpg,350,27,27,0.07714285714285714,350,323,0.75,18,24,18.5,23.671428680419922,0.8342857142857143,0.06359431892633438,0.9608838558197021,0.41303932666778564,0.40122929215431213,1.5541017055511475,1.636737585067749,0.0,nan,nan,165.61619567871094,30.37543487548828,13.897076606750488,132.58551025390625,0.0,0.0,0.22293898638556986,0.03945567086338997,0.4166666666666667,0.49632416452680317,0.29463446723090275,1.0,0.6750096638997396,0.4649464326746323,0.427176811184847,1.0,0.5833333333333333,0.5686877085374401,0.4313122914625599,0.5686877085374401,0.7368421052631579,0.9102167182662538,0.534513874957455,1.104974729456576,1.2352924411787458,klt,n/a,0,nan,n/a,nan,n/a,n/a,n/a,n/a,n/a,n/a,n/a,False,n/a,False,n/a,False,n/a,0,0,0,0,nan,nan,nan,nan,nan,nan,nan,nan,nan,nan,0,nan,0,False,n/a,0.0,learned_rematch,backscatter_or_low_contrast,normal,healthy,0.6690298549909834,n/a,323,27,0,0,0,0,0,0,0,0,0,0,0,0,0,0,0,0,0,0,0,0,0,0,0,0.0,0.0,0.0,2425.0294202938676
105,datasets/prepared_new/uvvid_cannon_bottom/frame_000210.jpg,350,27,27,0.07714285714285714,350,323,0.75,18,24,18.0,23.702857971191406,0.8342857142857143,0.07424461841583252,0.9545583128929138,0.40412217378616333,0.39411208033561707,1.5711114406585693,1.658674955368042,0.0,nan,nan,164.97805786132812,30.97538185119629,13.816771507263184,132.88958740234375,0.0,0.0,0.22859078201593136,0.040488988161087036,0.4166666666666667,0.4934561252593994,0.29531019422743054,1.0,0.6883418189154731,0.45138212316176474,0.4361913370965707,1.0,0.5833333333333333,0.5689474545975491,0.43105254540245086,0.5689474545975491,0.6563467492260062,0.7027863777089783,0.7180796610262848,1.2378626631338008,1.070753085597893,klt,n/a,0,nan,n/a,nan,n/a,n/a,n/a,n/a,n/a,n/a,n/a,False,n/a,False,n/a,False,n/a,0,0,0,0,nan,nan,nan,nan,nan,nan,nan,nan,nan,nan,0,nan,0,False,n/a,0.0,klt,healthy,normal,healthy,0.4822127896562785,n/a,323,27,0,0,0,0,0,0,0,0,0,0,0,0,0,0,0,0,0,0,0,0,0,0,0,0.0,0.0,0.0,2356.3230358995497
106,datasets/prepared_new/uvvid_cannon_bottom/frame_000212.jpg,350,21,21,0.06,350,329,0.75,18,24,19.0,24.35714340209961,0.8457142857142858,0.062191154807806015,0.9608315825462341,0.39077407121658325,0.3939288258552551,1.5976669788360596,1.657740831375122,0.0,nan,nan,165.05963134765625,30.767559051513672,13.944690704345703,130.1206512451172,0.0,0.0,0.22637951420802696,0.04115728288888931,0.375,0.4980246680123465,0.2891570027669271,1.0,0.6837235344780817,0.45668916590073527,0.4354010465319711,1.0,0.625,0.5715619803527338,0.42843801964726624,0.5715619803527338,0.6778115501519757,0.851063829787234,0.7113123124661194,1.2022728992635703,1.2556035287284262,klt,n/a,0,nan,n/a,nan,n/a,n/a,n/a,n/a,n/a,n/a,n/a,False,n/a,False,n/a,False,n/a,0,0,0,0,nan,nan,nan,nan,nan,nan,nan,nan,nan,nan,0,nan,0,False,n/a,0.0,klt,healthy,normal,healthy,0.603575229210934,n/a,329,21,0,0,0,0,0,0,0,0,0,0,0,0,0,0,0,0,0,0,0,0,0,0,0,0.0,0.0,0.0,2298.4307929873466
107,datasets/prepared_new/uvvid_cannon_bottom/frame_000214.jpg,350,25,25,0.07142857142857142,350,325,0.75,18,24,19.5,24.485713958740234,0.8171428571428572,0.08482272922992706,0.9505537748336792,0.3793853521347046,0.3808296322822571,1.621415615081787,1.6913565397262573,0.0,nan,nan,163.88998413085938,31.348388671875,13.850624084472656,132.5289764404297,0.0,0.0,0.2311898624195772,0.042097754776477814,0.4166666666666667,0.49466514587402344,0.2945088365342882,1.0,0.696630859375,0.4451443301930147,0.443992145088586,1.0,0.5833333333333333,0.5701427127004236,0.4298572872995764,0.5701427127004236,0.7169230769230769,0.7692307692307693,0.5743128190522866,1.1751745932841153,1.0729598767727042,klt,n/a,0,nan,n/a,nan,n/a,n/a,n/a,n/a,n/a,n/a,n/a,False,n/a,False,n/a,False,n/a,0,0,0,0,nan,nan,nan,nan,nan,nan,nan,nan,nan,nan,0,nan,0,False,n/a,0.0,klt,healthy,normal,healthy,0.5428591550318329,n/a,325,25,0,0,0,0,0,0,0,0,0,0,0,0,0,0,0,0,0,0,0,0,0,0,0,0.0,0.0,0.0,2270.546984858811
108,datasets/prepared_new/uvvid_cannon_bottom/frame_000216.jpg,350,25,25,0.07142857142857142,350,325,0.75,18,24,18.5,23.739999771118164,0.7914285714285715,0.1009257510304451,0.9518965482711792,0.3706532120704651,0.3761838674545288,1.640332818031311,1.7137566804885864,0.0,nan,nan,162.7649688720703,31.75939178466797,14.216389656066895,132.8507537841797,0.0,0.0,0.23476211248659626,0.04348360002040863,0.3333333333333333,0.5077282020023891,0.2952238972981771,1.0,0.7057642618815104,0.43657093003216896,0.4517084946235021,1.0,0.6666666666666667,0.5789526889933392,0.4210473110066608,0.5789526889933392,0.7384615384615385,0.7846153846153846,0.5264857243994013,1.157520816570808,1.062498561199865,klt,n/a,0,nan,n/a,nan,n/a,n/a,n/a,n/a,n/a,n/a,n/a,False,n/a,False,n/a,False,n/a,0,0,0,0,nan,nan,nan,nan,nan,nan,nan,nan,nan,nan,0,nan,0,False,n/a,0.0,klt,healthy,normal,healthy,0.5374190014246487,n/a,325,25,0,0,0,0,0,0,0,0,0,0,0,0,0,0,0,0,0,0,0,0,0,0,0,0.0,0.0,0.0,2294.4628498516977
109,datasets/prepared_new/uvvid_cannon_bottom/frame_000218.jpg,350,30,30,0.08571428571428572,350,320,0.7083333333333334,17,24,17.5,22.562856674194336,0.78,0.06580391526222229,0.9595421552658081,0.3995726406574249,0.40149885416030884,1.5800127983093262,1.644718885421753,0.0,nan,nan,162.5646209716797,31.92334747314453,14.39444637298584,137.2169647216797,0.0,0.0,0.23705492805032166,0.044623613357543945,0.3333333333333333,0.51408737046378,0.3049265882703993,1.0,0.709407721625434,0.43106817267922803,0.45612116389804414,1.0,0.6666666666666667,0.5821004860632049,0.41789951393679514,0.5821004860632049,0.775,0.85625,0.5203718518450814,1.0349850836180787,1.1048372840809237,klt,n/a,0,nan,n/a,nan,n/a,n/a,n/a,n/a,n/a,n/a,n/a,False,n/a,False,n/a,False,n/a,0,0,0,0,nan,nan,nan,nan,nan,nan,nan,nan,nan,nan,0,nan,0,False,n/a,0.0,klt,healthy,normal,healthy,0.6050007192042964,n/a,320,30,0,0,0,0,0,0,0,0,0,0,0,0,0,0,0,0,0,0,0,0,0,0,0,0.0,0.0,0.0,2381.2012639828026
110,datasets/prepared_new/uvvid_cannon_bottom/frame_000220.jpg,350,36,36,0.10285714285714286,350,314,0.7083333333333334,17,24,15.0,20.571428298950195,0.74,0.08782079815864563,0.946273684501648,0.3657405972480774,0.3776587247848511,1.6512808799743652,1.7106753587722778,0.0,nan,nan,162.1522674560547,31.961715698242188,14.145299911499023,130.51487731933594,0.0,0.0,0.23406751445695467,0.04412240907549858,0.3333333333333333,0.5051892825535366,0.2900330607096354,1.0,0.7102603488498264,0.43823796530330883,0.45540837686922814,1.0,0.6666666666666667,0.5787804941040695,0.4212195058959305,0.5787804941040695,0.7420382165605095,0.8121019108280255,0.5686046510712124,1.2613785959049995,1.094419125975942,klt,n/a,0,nan,n/a,nan,n/a,n/a,n/a,n/a,n/a,n/a,n/a,False,n/a,False,n/a,False,n/a,0,0,0,0,nan,nan,nan,nan,nan,nan,nan,nan,nan,nan,0,nan,0,False,n/a,0.0,klt,healthy,normal,healthy,0.5573154006873419,n/a,314,36,0,0,0,0,0,0,0,0,0,0,0,0,0,0,0,0,0,0,0,0,0,0,0,0.0,0.0,0.0,2344.7293187491596
111,datasets/prepared_new/uvvid_cannon_bottom/frame_000222.jpg,350,44,44,0.12571428571428572,350,306,0.7083333333333334,17,24,13.0,19.145713806152344,0.7028571428571428,0.07803523540496826,0.9590007662773132,0.3721310496330261,0.3816475570201874,1.6370782852172852,1.7087222337722778,0.0,nan,nan,161.76902770996094,32.198394775390625,14.13050365447998,133.74720764160156,0.0,0.0,0.23571849748200058,0.04471058398485184,0.3333333333333333,0.5046608448028564,0.2972160169813368,1.0,0.7155198838975695,0.4342756060431986,0.45937490555072075,1.0,0.6666666666666667,0.5803659081534851,0.4196340918465149,0.5803659081534851,0.6699346405228758,0.6928104575163399,0.5949346831670936,1.4918117432903477,1.034144797813131,klt,n/a,0,nan,n/a,nan,n/a,n/a,n/a,n/a,n/a,n/a,n/a,False,n/a,False,n/a,False,n/a,0,0,0,0,nan,nan,nan,nan,nan,nan,nan,nan,nan,nan,0,nan,0,False,n/a,0.0,klt,healthy,normal,healthy,0.44371805314420304,n/a,306,44,0,0,0,0,0,0,0,0,0,0,0,0,0,0,0,0,0,0,0,0,0,0,0,0.0,0.0,0.0,2392.862561158836
112,datasets/prepared_new/uvvid_cannon_bottom/frame_000224.jpg,350,31,31,0.08857142857142856,350,319,0.7083333333333334,17,24,12.0,18.871429443359375,0.7,0.07440438866615295,0.9516861438751221,0.35819023847579956,0.36743873357772827,1.6685454845428467,1.748336672782898,0.0,nan,nan,161.66552734375,32.135128021240234,14.21146011352539,131.50137329101562,0.0,0.0,0.23576098872166049,0.04460446164011955,0.3333333333333333,0.5075521469116211,0.2922252739800347,1.0,0.7141139560275608,0.4341736270680149,0.45843075446859755,1.0,0.6666666666666667,0.5799071892064234,0.42009281079357663,0.5799071892064234,0.7210031347962382,0.8056426332288401,0.6610725131405506,1.1975622702382382,1.1173897545768186,klt,n/a,0,nan,n/a,nan,n/a,n/a,n/a,n/a,n/a,n/a,n/a,False,n/a,False,n/a,False,n/a,0,0,0,0,nan,nan,nan,nan,nan,nan,nan,nan,nan,nan,0,nan,0,False,n/a,0.0,klt,healthy,normal,healthy,0.5542161858147252,n/a,319,31,0,0,0,0,0,0,0,0,0,0,0,0,0,0,0,0,0,0,0,0,0,0,0,0.0,0.0,0.0,2254.1074408218265
113,datasets/prepared_new/uvvid_cannon_bottom/frame_000226.jpg,350,38,38,0.10857142857142857,350,312,0.7083333333333334,17,24,10.0,17.862857818603516,0.7,0.07813984155654907,0.955182671546936,0.35748571157455444,0.3707640767097473,1.6701830625534058,1.733232021331787,0.0,nan,nan,160.87513732910156,32.309844970703125,14.281020164489746,134.01144409179688,0.0,0.0,0.23804476868872548,0.04563095420598984,0.375,0.5100364344460624,0.29780320909288194,1.0,0.7179965549045139,0.42869255514705884,0.4627049915567793,1.0,0.625,0.5790576723289382,0.42094232767106177,0.5790576723289382,0.7660256410256411,0.7275641025641025,0.5408719072742167,1.4392945949016163,0.9497895550864384,klt,n/a,0,nan,n/a,nan,n/a,n/a,n/a,n/a,n/a,n/a,n/a,False,n/a,False,n/a,False,n/a,0,0,0,0,nan,nan,nan,nan,nan,nan,nan,nan,nan,nan,0,nan,0,False,n/a,0.0,klt,healthy,normal,healthy,0.48598779587284335,n/a,312,38,0,0,0,0,0,0,0,0,0,0,0,0,0,0,0,0,0,0,0,0,0,0,0,0.0,0.0,0.0,2398.1998381204903
114,datasets/prepared_new/uvvid_cannon_bottom/frame_000228.jpg,350,39,39,0.11142857142857143,350,311,0.75,18,24,9.0,17.40571403503418,0.6971428571428572,0.07488188147544861,0.9545446634292603,0.3782547116279602,0.3800085484981537,1.623815655708313,1.7075575590133667,0.0,nan,nan,160.44720458984375,31.860248565673828,14.72730541229248,136.8084259033203,0.0,0.0,0.23399012546913295,0.04630950838327408,0.375,0.52597519329616,0.3040187242296007,1.0,0.7080055236816406,0.43842369887408095,0.45925164453007955,1.0,0.625,0.583307716429669,0.41669228357033095,0.583307716429669,0.7234726688102894,0.7717041800643086,0.5838874032886401,1.2683432953342983,1.0666651922983341,klt,n/a,0,nan,n/a,nan,n/a,n/a,n/a,n/a,n/a,n/a,n/a,False,n/a,False,n/a,False,n/a,0,0,0,0,nan,nan,nan,nan,nan,nan,nan,nan,nan,nan,0,nan,0,False,n/a,0.0,klt,healthy,normal,healthy,0.5314927198605451,n/a,311,39,0,0,0,0,0,0,0,0,0,0,0,0,0,0,0,0,0,0,0,0,0,0,0,0.0,0.0,0.0,2230.597358196974
115,datasets/prepared_new/uvvid_cannon_bottom/frame_000230.jpg,350,25,25,0.07142857142857142,350,325,0.75,18,24,9.0,17.780000686645508,0.7285714285714285,0.06003908812999725,0.9578410387039185,0.35593414306640625,0.37811169028282166,1.6738113164901733,1.69315505027771,0.0,nan,nan,159.9700469970703,31.9205265045166,14.720525741577148,138.88916015625,0.0,0.0,0.23463099460975795,0.04705251008272171,0.375,0.5257330621991839,0.308642578125,1.0,0.7093450334337023,0.4368856129365809,0.46161003963212777,1.0,0.625,0.5842226807628413,0.41577731923715866,0.5842226807628413,0.7353846153846154,0.8553846153846154,0.5874905049366034,1.1316117770355285,1.1631783345901308,klt,n/a,0,nan,n/a,nan,n/a,n/a,n/a,n/a,n/a,n/a,n/a,False,n/a,False,n/a,False,n/a,0,0,0,0,nan,nan,nan,nan,nan,nan,nan,nan,nan,nan,0,nan,0,False,n/a,0.0,klt,healthy,normal,healthy,0.6101823614977644,n/a,325,25,0,0,0,0,0,0,0,0,0,0,0,0,0,0,0,0,0,0,0,0,0,0,0,0.0,0.0,0.0,2228.748755995184
116,datasets/prepared_new/uvvid_cannon_bottom/frame_000232.jpg,350,24,24,0.06857142857142857,350,326,0.75,18,24,10.0,18.11142921447754,0.7428571428571429,0.05899015814065933,0.9547438621520996,0.3596729040145874,0.37518101930618286,1.6651129722595215,1.7045818567276,0.0,nan,nan,159.96058654785156,31.656906127929688,14.973249435424805,138.48025512695312,0.0,0.0,0.23015282126034012,0.046821027994155884,0.375,0.5347589084080288,0.30773390028211806,1.0,0.7034868028428819,0.44763322897518376,0.45815482868088614,1.0,0.625,0.586450031734283,0.413549968265717,0.586450031734283,0.7699386503067485,0.8190184049079755,0.570225993599424,1.1298770177640898,1.0637436383249956,klt,n/a,0,nan,n/a,nan,n/a,n/a,n/a,n/a,n/a,n/a,n/a,False,n/a,False,n/a,False,n/a,0,0,0,0,nan,nan,nan,nan,nan,nan,nan,nan,nan,nan,0,nan,0,False,n/a,0.0,klt,healthy,normal,healthy,0.578431317701562,n/a,326,24,0,0,0,0,0,0,0,0,0,0,0,0,0,0,0,0,0,0,0,0,0,0,0,0.0,0.0,0.0,2258.9050391688943
117,datasets/prepared_new/uvvid_cannon_bottom/frame_000234.jpg,350,32,32,0.09142857142857143,350,318,0.75,18,24,10.0,17.562856674194336,0.7714285714285715,0.07611456513404846,0.9533765316009521,0.36562466621398926,0.3812415897846222,1.6515411138534546,1.6947669982910156,0.0,nan,nan,160.0123291015625,31.722858428955078,15.119305610656738,145.4415740966797,0.0,0.0,0.22799014222388178,0.04812588170170784,0.375,0.5399752003805978,0.32320349799262155,1.0,0.7049524095323351,0.4528236586626837,0.46185320863368534,1.0,0.625,0.5914190901552491,0.40858090984475093,0.5914190901552491,0.789308176100629,0.7547169811320755,0.5421633161964354,1.113962718870984,0.956174087396973,klt,n/a,0,nan,n/a,nan,n/a,n/a,n/a,n/a,n/a,n/a,n/a,False,n/a,False,n/a,False,n/a,0,0,0,0,nan,nan,nan,nan,nan,nan,nan,nan,nan,nan,0,nan,0,False,n/a,0.0,klt,healthy,normal,healthy,0.5228041438533738,n/a,318,32,0,0,0,0,0,0,0,0,0,0,0,0,0,0,0,0,0,0,0,0,0,0,0,0.0,0.0,0.0,2335.263197310269
118,datasets/prepared_new/uvvid_cannon_bottom/frame_000236.jpg,350,31,31,0.08857142857142856,350,319,0.875,21,24,10.0,17.234285354614258,0.7828571428571428,0.06309819221496582,0.9515238404273987,0.368222177028656,0.38034895062446594,1.6457207202911377,1.6953580379486084,0.0,nan,nan,160.6510772705078,31.15656280517578,15.061300277709961,141.82144165039062,0.0,0.0,0.2221034091126685,0.04713444411754608,0.375,0.5379035813467843,0.3151587592230903,1.0,0.6923680623372396,0.46695181812959563,0.45330776779940635,1.0,0.625,0.5891185435265279,0.4108814564734721,0.5891185435265279,0.768025078369906,0.9341692789968652,0.5237693750800824,1.1704750265963748,1.2163249469075181,klt,n/a,0,nan,n/a,nan,n/a,n/a,n/a,n/a,n/a,n/a,n/a,False,n/a,False,n/a,False,n/a,0,0,0,0,nan,nan,nan,nan,nan,nan,nan,nan,nan,nan,0,nan,0,False,n/a,0.0,klt,healthy,normal,healthy,0.6775644121760491,n/a,319,31,0,0,0,0,0,0,0,0,0,0,0,0,0,0,0,0,0,0,0,0,0,0,0,0.0,0.0,0.0,2299.8443972319365
119,datasets/prepared_new/uvvid_cannon_bottom/frame_000238.jpg,350,21,21,0.06,350,329,0.875,21,24,11.0,17.55714225769043,0.8057142857142857,0.057828374207019806,0.9533287286758423,0.3645741045475006,0.3779192268848419,1.6539123058319092,1.6929851770401,0.0,nan,nan,160.71548461914062,31.02179527282715,15.031776428222656,145.21343994140625,0.0,0.0,0.22093788894952507,0.047306712716817856,0.375,0.5368491581508091,0.322696533203125,1.0,0.6893732282850478,0.4697490665211399,0.4522018703171099,1.0,0.625,0.5899921412508965,0.4100078587491035,0.5899921412508965,0.7963525835866262,0.9270516717325228,0.5537864286704826,1.106059602242271,1.1641206755889224,klt,n/a,0,nan,n/a,nan,n/a,n/a,n/a,n/a,n/a,n/a,n/a,False,n/a,False,n/a,False,n/a,0,0,0,0,nan,nan,nan,nan,nan,nan,nan,nan,nan,nan,0,nan,0,False,n/a,0.0,klt,healthy,normal,healthy,0.6739131227939137,n/a,329,21,0,0,0,0,0,0,0,0,0,0,0,0,0,0,0,0,0,0,0,0,0,0,0,0.0,0.0,0.0,2331.6325307823718
120,datasets/prepared_new/uvvid_cannon_bottom/frame_000240.jpg,350,25,25,0.07142857142857142,350,325,0.875,21,24,12.0,17.77142906188965,0.8,0.07751917839050293,0.9504959583282471,0.36199697852134705,0.3728809058666229,1.6597723960876465,1.7103617191314697,0.0,nan,nan,160.6880340576172,30.95427131652832,14.996760368347168,141.43829345703125,0.0,0.0,0.2211397178500306,0.04684087634086609,0.375,0.5355985845838275,0.3143073187934028,1.0,0.6878726959228516,0.4692646771599266,0.45039288509975783,1.0,0.625,0.5879097841404893,0.41209021585951067,0.5879097841404893,0.7538461538461538,0.8830769230769231,0.5302271903281158,1.1219668841369117,1.1714270174947727,klt,n/a,0,nan,n/a,nan,n/a,n/a,n/a,n/a,n/a,n/a,n/a,False,n/a,False,n/a,False,n/a,0,0,0,0,nan,nan,nan,nan,nan,nan,nan,nan,nan,nan,0,nan,0,False,n/a,0.0,klt,healthy,normal,healthy,0.6347989264444783,n/a,325,25,0,0,0,0,0,0,0,0,0,0,0,0,0,0,0,0,0,0,0,0,0,0,0,0.0,0.0,0.0,2364.1860228963196
121,datasets/prepared_new/uvvid_cannon_bottom/frame_000242.jpg,350,24,24,0.06857142857142857,350,326,0.875,21,24,12.0,17.48285675048828,0.8057142857142857,0.05660285800695419,0.9572340250015259,0.37857744097709656,0.3865894079208374,1.6231179237365723,1.6699353456497192,0.0,nan,nan,160.9511260986328,30.750627517700195,15.120058059692383,146.69097900390625,0.0,0.0,0.22050848268995105,0.04739345610141754,0.375,0.5400020735604423,0.3259799533420139,1.0,0.6833472781711154,0.47077964154411756,0.44938603931605214,1.0,0.625,0.590294396632656,0.40970560336734396,0.590294396632656,0.7085889570552147,0.6717791411042945,0.5672490863618007,1.315542032269267,0.9480506101103944,klt,n/a,0,nan,n/a,nan,n/a,n/a,n/a,n/a,n/a,n/a,n/a,False,n/a,False,n/a,False,n/a,0,0,0,0,nan,nan,nan,nan,nan,nan,nan,nan,nan,nan,0,nan,0,False,n/a,0.0,klt,healthy,normal,healthy,0.44175996342163815,n/a,326,24,0,0,0,0,0,0,0,0,0,0,0,0,0,0,0,0,0,0,0,0,0,0,0,0.0,0.0,0.0,2387.413961812854
122,datasets/prepared_new/uvvid_cannon_bottom/frame_000244.jpg,350,30,30,0.08571428571428572,350,320,0.875,21,24,12.0,17.814285278320312,0.8114285714285714,0.0586228147149086,0.9557256102561951,0.3718096911907196,0.3889407813549042,1.6377856731414795,1.6670173406600952,0.0,nan,nan,161.31019592285156,30.5583553314209,14.881199836730957,140.17283630371094,0.0,0.0,0.21979035620595894,0.04613617807626724,0.3333333333333333,0.5314714227403913,0.3114951917860243,1.0,0.6790745629204644,0.4725031451056986,0.44439223163356684,1.0,0.6666666666666667,0.5877293993499315,0.4122706006500685,0.5877293993499315,0.725,0.80625,0.5403608071697081,1.2045573054526377,1.1120674316311288,klt,n/a,0,nan,n/a,nan,n/a,n/a,n/a,n/a,n/a,n/a,n/a,False,n/a,False,n/a,False,n/a,0,0,0,0,nan,nan,nan,nan,nan,nan,nan,nan,nan,nan,0,nan,0,False,n/a,0.0,klt,healthy,normal,healthy,0.5544678303309142,n/a,320,30,0,0,0,0,0,0,0,0,0,0,0,0,0,0,0,0,0,0,0,0,0,0,0,0.0,0.0,0.0,2378.5930671729147
123,datasets/prepared_new/uvvid_cannon_bottom/frame_000246.jpg,350,25,25,0.07142857142857142,350,325,0.8333333333333334,20,24,12.5,18.045713424682617,0.8114285714285714,0.06128193438053131,0.9550344347953796,0.37775158882141113,0.38604944944381714,1.6248899698257446,1.6645277738571167,0.0,nan,nan,161.06800842285156,30.800643920898438,14.767641067504883,142.08016967773438,0.0,0.0,0.22330693263633578,0.046584874391555786,0.3333333333333333,0.5274157524108887,0.3157337103949653,1.0,0.684458753797743,0.46406336167279416,0.44810409142513463,1.0,0.6666666666666667,0.5874252712545265,0.4125747287454735,0.5874252712545265,0.7876923076923077,0.88,0.5426897568256674,1.229823887171292,1.1171860816973571,klt,n/a,0,nan,n/a,nan,n/a,n/a,n/a,n/a,n/a,n/a,n/a,False,n/a,False,n/a,False,n/a,0,0,0,0,nan,nan,nan,nan,nan,nan,nan,nan,nan,nan,0,nan,0,False,n/a,0.0,klt,healthy,normal,healthy,0.6179884170621679,n/a,325,25,0,0,0,0,0,0,0,0,0,0,0,0,0,0,0,0,0,0,0,0,0,0,0,0.0,0.0,0.0,2381.150354165584
124,datasets/prepared_new/uvvid_cannon_bottom/frame_000248.jpg,350,35,35,0.1,350,315,0.8333333333333334,20,24,13.0,17.417142868041992,0.8,0.07591904699802399,0.9477916359901428,0.3648005425930023,0.377861887216568,1.6533995866775513,1.7005785703659058,0.0,nan,nan,161.62403869628906,30.83079719543457,14.822200775146484,141.61648559570312,0.0,0.0,0.22490743599685967,0.04645358398556709,0.3333333333333333,0.5293643133980888,0.3147033013237847,1.0,0.6851288265652127,0.4602221536075368,0.44814074052253156,1.0,0.6666666666666667,0.5872361267149695,0.4127638732850305,0.5872361267149695,0.692063492063492,0.6253968253968254,0.6564599954399588,1.509276117483327,0.9036684190112294,klt,n/a,0,nan,n/a,nan,n/a,n/a,n/a,n/a,n/a,n/a,n/a,False,n/a,False,n/a,False,n/a,0,0,0,0,nan,nan,nan,nan,nan,nan,nan,nan,nan,nan,0,nan,0,False,n/a,0.0,klt,healthy,normal,healthy,0.37427853302164127,n/a,315,35,0,0,0,0,0,0,0,0,0,0,0,0,0,0,0,0,0,0,0,0,0,0,0,0.0,0.0,0.0,2465.8106807619333
125,datasets/prepared_new/uvvid_cannon_bottom/frame_000250.jpg,350,31,31,0.08857142857142856,350,319,0.8333333333333334,20,24,13.0,17.657142639160156,0.7828571428571428,0.06576089560985565,0.9490253925323486,0.3765259385108948,0.38058462738990784,1.6275217533111572,1.698081374168396,0.0,nan,nan,161.65219116210938,30.851497650146484,14.40357780456543,137.39047241210938,0.0,0.0,0.2255225746304381,0.04562336206436157,0.3333333333333333,0.5144134930201939,0.3053121609157986,1.0,0.6855888366699219,0.4587458208869486,0.44648387757214636,1.0,0.6666666666666667,0.5820940548441914,0.4179059451558086,0.5820940548441914,0.7272727272727273,0.8620689655172413,0.5643011568396059,1.2173621061517323,1.1853431977393099,klt,n/a,0,nan,n/a,nan,n/a,n/a,n/a,n/a,n/a,n/a,n/a,False,n/a,False,n/a,False,n/a,0,0,0,0,nan,nan,nan,nan,nan,nan,nan,nan,nan,nan,0,nan,0,False,n/a,0.0,klt,healthy,normal,healthy,0.6027972331305365,n/a,319,31,0,0,0,0,0,0,0,0,0,0,0,0,0,0,0,0,0,0,0,0,0,0,0,0.0,0.0,0.0,2388.404121156782
126,datasets/prepared_new/uvvid_cannon_bottom/frame_000252.jpg,350,25,25,0.07142857142857142,350,325,0.7916666666666666,19,24,13.5,18.114286422729492,0.7942857142857143,0.07508303225040436,0.9479111433029175,0.3691478967666626,0.37190955877304077,1.6436684131622314,1.727431297302246,0.0,nan,nan,161.1580810546875,30.86282730102539,14.162873268127441,135.96920776367188,0.0,0.0,0.22657233144722727,0.044759348034858704,0.3333333333333333,0.5058169024331229,0.3021537950303819,1.0,0.6858406066894531,0.4562264045266545,0.4446460943330418,1.0,0.6666666666666667,0.5791544264965792,0.4208455735034208,0.5791544264965792,0.7261538461538461,0.8338461538461538,0.5973068769200507,1.1679543431730812,1.148303503395599,klt,n/a,0,nan,n/a,nan,n/a,n/a,n/a,n/a,n/a,n/a,n/a,False,n/a,False,n/a,False,n/a,0,0,0,0,nan,nan,nan,nan,nan,nan,nan,nan,nan,nan,0,nan,0,False,n/a,0.0,klt,healthy,normal,healthy,0.5800785834374809,n/a,325,25,0,0,0,0,0,0,0,0,0,0,0,0,0,0,0,0,0,0,0,0,0,0,0,0.0,0.0,0.0,2333.3957800641656
127,datasets/prepared_new/uvvid_cannon_bottom/frame_000254.jpg,350,19,19,0.054285714285714284,350,331,0.75,18,24,14.0,18.954286575317383,0.8142857142857143,0.09559734165668488,0.9434190988540649,0.3555847406387329,0.3575352430343628,1.6746292114257812,1.7697817087173462,0.0,nan,nan,161.24342346191406,30.710329055786133,13.826465606689453,131.87591552734375,0.0,0.0,0.226196719898897,0.04444974288344383,0.3333333333333333,0.4938023430960519,0.2930575900607639,1.0,0.6824517567952474,0.45712787224264717,0.4422480213145415,1.0,0.6666666666666667,0.574487605377999,0.42551239462200097,0.574487605377999,0.6948640483383686,0.6978851963746223,0.5749358755592098,1.2152020701514947,1.004346380701513,klt,n/a,0,nan,n/a,nan,n/a,n/a,n/a,n/a,n/a,n/a,n/a,False,n/a,False,n/a,False,n/a,0,0,0,0,nan,nan,nan,nan,nan,nan,nan,nan,nan,nan,0,nan,0,False,n/a,0.0,klt,healthy,normal,healthy,0.4592228365707543,n/a,331,19,0,0,0,0,0,0,0,0,0,0,0,0,0,0,0,0,0,0,0,0,0,0,0,0.0,0.0,0.0,2351.518124807626
128,datasets/prepared_new/uvvid_cannon_bottom/frame_000256.jpg,350,27,27,0.07714285714285714,350,323,0.7083333333333334,17,24,15.0,19.448572158813477,0.8314285714285714,0.08245287835597992,0.9487904906272888,0.36083531379699707,0.36649179458618164,1.6624391078948975,1.7250645160675049,0.0,nan,nan,161.7376708984375,30.4804630279541,13.487442016601562,127.9001235961914,0.0,0.0,0.2245331648284314,0.043857648968696594,0.3333333333333333,0.4816943577357701,0.28422249688042533,1.0,0.6773436228434245,0.4611204044117647,0.43834828635056816,1.0,0.6666666666666667,0.5698882439236638,0.4301117560763362,0.5698882439236638,0.6594427244582043,0.8544891640866873,0.7021515594643134,1.1758043679127794,1.2957726829362601,klt,n/a,0,nan,n/a,nan,n/a,n/a,n/a,n/a,n/a,n/a,n/a,False,n/a,False,n/a,False,n/a,0,0,0,0,nan,nan,nan,nan,nan,nan,nan,nan,nan,nan,0,nan,0,False,n/a,0.0,klt,healthy,normal,healthy,0.5978272164083598,n/a,323,27,0,0,0,0,0,0,0,0,0,0,0,0,0,0,0,0,0,0,0,0,0,0,0,0.0,0.0,0.0,2273.2492880895734
129,datasets/prepared_new/uvvid_cannon_bottom/frame_000258.jpg,350,38,38,0.10857142857142857,350,312,0.75,18,24,16.0,19.654285430908203,0.8257142857142857,0.07476356625556946,0.9509245753288269,0.37916356325149536,0.37933018803596497,1.6218675374984741,1.7092097997665405,0.0,nan,nan,161.8969268798828,30.32154655456543,13.436922073364258,127.85404968261719,0.0,0.0,0.22364084281173402,0.04330965876579285,0.3333333333333333,0.47989007404872347,0.284120110405816,1.0,0.6738121456570095,0.4632619772518384,0.43533711547803394,1.0,0.6666666666666667,0.5689896221071123,0.43101037789288765,0.5689896221071123,0.7051282051282052,0.9134615384615384,0.633306144194447,1.1978605463463792,1.2954527082670682,klt,n/a,0,nan,n/a,nan,n/a,n/a,n/a,n/a,n/a,n/a,n/a,False,n/a,False,n/a,False,n/a,0,0,0,0,nan,nan,nan,nan,nan,nan,nan,nan,nan,nan,0,nan,0,False,n/a,0.0,klt,healthy,normal,healthy,0.6485457968490104,n/a,312,38,0,0,0,0,0,0,0,0,0,0,0,0,0,0,0,0,0,0,0,0,0,0,0,0.0,0.0,0.0,2394.592006225139
130,datasets/prepared_new/uvvid_cannon_bottom/frame_000260.jpg,350,39,39,0.11142857142857143,350,311,0.7916666666666666,19,24,16.0,19.545713424682617,0.8,0.08573645353317261,0.9523335099220276,0.37203505635261536,0.3694416582584381,1.6372920274734497,1.743862509727478,0.0,nan,nan,161.4511260986328,30.41248321533203,13.372957229614258,126.94307708740234,0.0,0.0,0.2256945202397365,0.043533653020858765,0.3333333333333333,0.4776056153433664,0.2820957268608941,1.0,0.6758329603407118,0.4583331514246325,0.43685660067230764,1.0,0.6666666666666667,0.5678979401942945,0.4321020598057055,0.5678979401942945,0.6977491961414791,0.8585209003215434,0.5960336503547353,1.291029212099373,1.2304129831408397,klt,n/a,0,nan,n/a,nan,n/a,n/a,n/a,n/a,n/a,n/a,n/a,False,n/a,False,n/a,False,n/a,0,0,0,0,nan,nan,nan,nan,nan,nan,nan,nan,nan,nan,0,nan,0,False,n/a,0.0,klt,healthy,normal,healthy,0.5967459918463951,n/a,311,39,0,0,0,0,0,0,0,0,0,0,0,0,0,0,0,0,0,0,0,0,0,0,0,0.0,0.0,0.0,2456.722800154239
131,datasets/prepared_new/uvvid_cannon_bottom/frame_000262.jpg,350,37,37,0.10571428571428572,350,313,0.75,18,24,16.0,19.731428146362305,0.78,0.10925331711769104,0.9470438361167908,0.35250023007392883,0.35861802101135254,1.6819193363189697,1.7704843282699585,0.0,nan,nan,160.85342407226562,30.288564682006836,13.466608047485352,127.5836410522461,0.0,0.0,0.22377373788871016,0.04376045614480972,0.3333333333333333,0.48095028741019114,0.28351920233832467,1.0,0.6730792151557075,0.4629430290670956,0.43599518972514856,1.0,0.6666666666666667,0.5690730882594702,0.43092691174052977,0.5690730882594702,0.7412140575079872,0.7987220447284346,0.6269624014301632,1.3367160238722684,1.0775847530860876,klt,n/a,0,nan,n/a,nan,n/a,n/a,n/a,n/a,n/a,n/a,n/a,False,n/a,False,n/a,False,n/a,0,0,0,0,nan,nan,nan,nan,nan,nan,nan,nan,nan,nan,0,nan,0,False,n/a,0.0,klt,healthy,normal,healthy,0.542594520731509,n/a,313,37,0,0,0,0,0,0,0,0,0,0,0,0,0,0,0,0,0,0,0,0,0,0,0,0.0,0.0,0.0,2360.9816068783402
132,datasets/prepared_new/uvvid_cannon_bottom/frame_000264.jpg,350,44,44,0.12571428571428572,350,306,0.7916666666666666,19,24,15.0,19.26285743713379,0.7485714285714286,0.09637901932001114,0.9489917755126953,0.36316603422164917,0.3632150888442993,1.6571130752563477,1.7609893083572388,0.0,nan,nan,160.9691925048828,30.092967987060547,13.358469009399414,125.43999481201172,0.0,0.0,0.22196422502106308,0.04349035769701004,0.3333333333333333,0.4770881789071219,0.2787555440266927,1.0,0.6687326219346789,0.4672858599494486,0.43320803300599864,1.0,0.6666666666666667,0.5672131853896418,0.4327868146103582,0.5672131853896418,0.6503267973856209,0.6764705882352942,0.6428004273900123,1.5240112381087456,1.040199405522522,klt,n/a,0,nan,n/a,nan,n/a,n/a,n/a,n/a,n/a,n/a,n/a,False,n/a,False,n/a,False,n/a,0,0,0,0,nan,nan,nan,nan,nan,nan,nan,nan,nan,nan,0,nan,0,False,n/a,0.0,klt,healthy,normal,healthy,0.42813268773055213,n/a,306,44,0,0,0,0,0,0,0,0,0,0,0,0,0,0,0,0,0,0,0,0,0,0,0,0.0,0.0,0.0,2307.5365889817476
133,datasets/prepared_new/uvvid_cannon_bottom/frame_000266.jpg,350,41,41,0.11714285714285715,350,309,0.7916666666666666,19,24,14.0,18.808570861816406,0.7314285714285714,0.08286810666322708,0.9496846795082092,0.36504244804382324,0.3600281774997711,1.6528552770614624,1.781972885131836,0.0,nan,nan,161.22994995117188,29.981142044067383,13.306573867797852,125.37444305419922,0.0,0.0,0.22162560556449137,0.04320063069462776,0.3333333333333333,0.47523478099278044,0.278609873453776,1.0,0.6662476009792752,0.46809854664522077,0.431307052068337,1.0,0.6666666666666667,0.5663695864670603,0.43363041353293974,0.5663695864670603,0.627831715210356,0.7637540453074434,0.689482092958323,1.4720736436299011,1.2164929077509872,klt,n/a,0,nan,n/a,nan,n/a,n/a,n/a,n/a,n/a,n/a,n/a,False,n/a,False,n/a,False,n/a,0,0,0,0,nan,nan,nan,nan,nan,nan,nan,nan,nan,nan,0,nan,0,False,n/a,0.0,klt,healthy,normal,healthy,0.5065832164478365,n/a,309,41,0,0,0,0,0,0,0,0,0,0,0,0,0,0,0,0,0,0,0,0,0,0,0,0.0,0.0,0.0,2413.6215839535
134,datasets/prepared_new/uvvid_cannon_bottom/frame_000268.jpg,350,48,48,0.13714285714285715,350,302,0.7916666666666666,19,24,14.0,18.234285354614258,0.7228571428571429,0.09742452204227448,0.946384072303772,0.35974329710006714,0.3633340299129486,1.6649513244628906,1.7670397758483887,0.0,nan,nan,160.9774932861328,29.94082260131836,13.52733039855957,126.70002746582031,0.0,0.0,0.22074732761757043,0.04347405582666397,0.3333333333333333,0.48311894280569895,0.2815556165907118,1.0,0.6653516133626302,0.470206413717831,0.43148047901464226,1.0,0.6666666666666667,0.5687838150775367,0.4312161849224633,0.5687838150775367,0.6788079470198676,0.6357615894039735,0.6887495536464918,1.517231637279643,0.9365839861055424,klt,n/a,0,nan,n/a,nan,n/a,n/a,n/a,n/a,n/a,n/a,n/a,False,n/a,False,n/a,False,n/a,0,0,0,0,nan,nan,nan,nan,nan,nan,nan,nan,nan,nan,0,nan,0,False,n/a,0.0,klt,healthy,normal,healthy,0.3899590738085302,n/a,302,48,0,0,0,0,0,0,0,0,0,0,0,0,0,0,0,0,0,0,0,0,0,0,0,0.0,0.0,0.0,2362.122925929725
135,datasets/prepared_new/uvvid_cannon_bottom/frame_000270.jpg,350,41,41,0.11714285714285715,350,309,0.75,18,24,13.0,17.374286651611328,0.6885714285714286,0.0977393090724945,0.9507516026496887,0.3644673824310303,0.3573647439479828,1.6541563272476196,1.78582763671875,0.0,nan,nan,161.12744140625,29.699604034423828,13.740514755249023,128.87083435058594,0.0,0.0,0.21805672439874382,0.04366663843393326,0.3333333333333333,0.49073266983032227,0.286379631890191,1.0,0.659991200764974,0.47666386144301487,0.42923796045960805,1.0,0.6666666666666667,0.5712223684140734,0.42877763158592663,0.5712223684140734,0.6181229773462783,0.7411003236245954,0.7824227867267577,1.5046024805333575,1.1989509399170657,klt,n/a,0,nan,n/a,nan,n/a,n/a,n/a,n/a,n/a,n/a,n/a,False,n/a,False,n/a,False,n/a,0,0,0,0,nan,nan,nan,nan,nan,nan,nan,nan,nan,nan,0,nan,0,False,n/a,0.0,learned_rematch,backscatter_or_low_contrast,normal,healthy,0.48546005649920626,n/a,309,41,0,0,0,0,0,0,0,0,0,0,0,0,0,0,0,0,0,0,0,0,0,0,0,0.0,0.0,0.0,2292.375674005598
136,datasets/prepared_new/uvvid_cannon_bottom/frame_000272.jpg,350,33,33,0.09428571428571429,350,317,0.7916666666666666,19,24,12.0,17.417142868041992,0.6942857142857143,0.09448128193616867,0.9482625722885132,0.34213709831237793,0.35655030608177185,1.7071293592453003,1.783174753189087,0.0,nan,nan,160.64292907714844,29.77736473083496,13.981254577636719,132.85972595214844,0.0,0.0,0.2190920960669424,0.044263653457164764,0.3333333333333333,0.4993305206298828,0.29524383544921873,1.0,0.6617192162407769,0.47417896943933824,0.43145882052303564,1.0,0.6666666666666667,0.5746581483436142,0.4253418516563858,0.5746581483436142,0.6466876971608833,0.7381703470031545,0.7309535655364089,1.4269375192805769,1.1414616495446688,klt,n/a,0,nan,n/a,nan,n/a,n/a,n/a,n/a,n/a,n/a,n/a,False,n/a,False,n/a,False,n/a,0,0,0,0,nan,nan,nan,nan,nan,nan,nan,nan,nan,nan,0,nan,0,False,n/a,0.0,klt,healthy,normal,healthy,0.48600292540555673,n/a,317,33,0,0,0,0,0,0,0,0,0,0,0,0,0,0,0,0,0,0,0,0,0,0,0,0.0,0.0,0.0,2254.9587236717343
137,datasets/prepared_new/uvvid_cannon_bottom/frame_000274.jpg,350,38,38,0.10857142857142857,350,312,0.8333333333333334,20,24,12.0,17.1971435546875,0.6828571428571428,0.08824683725833893,0.9516477584838867,0.34669798612594604,0.36026209592819214,1.695896029472351,1.771647572517395,0.0,nan,nan,160.75100708007812,29.520519256591797,13.977254867553711,132.56837463378906,0.0,0.0,0.21718030144186576,0.04449672996997833,0.3333333333333333,0.49918767384120394,0.2945963880750868,1.0,0.6560115390353732,0.4787672765395222,0.42913470126763736,1.0,0.6666666666666667,0.5742016778889731,0.42579832211102686,0.5742016778889731,0.6794871794871795,0.7916666666666666,0.6764934416481787,1.4711507679522404,1.1650926249580236,klt,n/a,0,nan,n/a,nan,n/a,n/a,n/a,n/a,n/a,n/a,n/a,False,n/a,False,n/a,False,n/a,0,0,0,0,nan,nan,nan,nan,nan,nan,nan,nan,nan,nan,0,nan,0,False,n/a,0.0,learned_rematch,backscatter_or_low_contrast,normal,healthy,0.5310436751642632,n/a,312,38,0,0,0,0,0,0,0,0,0,0,0,0,0,0,0,0,0,0,0,0,0,0,0,0.0,0.0,0.0,2296.1142109707
138,datasets/prepared_new/uvvid_cannon_bottom/frame_000276.jpg,350,32,32,0.09142857142857143,350,318,0.8333333333333334,20,24,11.0,17.22857093811035,0.7342857142857143,0.08727069199085236,0.9467980861663818,0.3396593928337097,0.3565234839916229,1.7133264541625977,1.7673425674438477,0.0,nan,nan,160.9482421875,29.668310165405273,13.995020866394043,132.4312286376953,0.0,0.0,0.21826059977213547,0.04477228224277496,0.3333333333333333,0.4998221737997873,0.29429161919487845,1.0,0.6592957814534505,0.4761745605468749,0.4314030776421229,1.0,0.6666666666666667,0.5745958388751651,0.4254041611248349,0.5745958388751651,0.6383647798742138,0.7169811320754716,0.7498639754614338,1.5870107808826526,1.1231509499408763,klt,n/a,0,nan,n/a,nan,n/a,n/a,n/a,n/a,n/a,n/a,n/a,False,n/a,False,n/a,False,n/a,0,0,0,0,nan,nan,nan,nan,nan,nan,nan,nan,nan,nan,0,nan,0,False,n/a,0.0,klt,healthy,normal,healthy,0.4610594318797512,n/a,318,32,0,0,0,0,0,0,0,0,0,0,0,0,0,0,0,0,0,0,0,0,0,0,0,0.0,0.0,0.0,2325.8711136877537
139,datasets/prepared_new/uvvid_cannon_bottom/frame_000278.jpg,350,30,30,0.08571428571428572,350,320,0.8333333333333334,20,24,11.0,17.305713653564453,0.7628571428571429,0.11121594160795212,0.9415984153747559,0.3353155851364136,0.3548206686973572,1.724354863166809,1.771409273147583,0.0,nan,nan,161.18060302734375,29.67607307434082,14.311101913452148,135.43606567382812,0.0,0.0,0.21650673062193623,0.04506871849298477,0.3333333333333333,0.511110782623291,0.3009690348307292,1.0,0.6594682905409072,0.4803838465073531,0.43216305093632806,1.0,0.6666666666666667,0.5788489172383384,0.4211510827616616,0.5788489172383384,0.659375,0.80625,0.7046139798556181,1.574678310826593,1.222746960762903,klt,n/a,0,nan,n/a,nan,n/a,n/a,n/a,n/a,n/a,n/a,n/a,False,n/a,False,n/a,False,n/a,0,0,0,0,nan,nan,nan,nan,nan,nan,nan,nan,nan,nan,0,nan,0,False,n/a,0.0,klt,healthy,normal,healthy,0.539662990115956,n/a,320,30,0,0,0,0,0,0,0,0,0,0,0,0,0,0,0,0,0,0,0,0,0,0,0,0.0,0.0,0.0,2393.236715346575
140,datasets/prepared_new/uvvid_cannon_bottom/frame_000280.jpg,350,29,29,0.08285714285714285,350,321,0.8333333333333334,20,24,11.0,17.059999465942383,0.7628571428571429,0.08838421106338501,0.9477135539054871,0.33773019909858704,0.35657960176467896,1.7181973457336426,1.7666329145431519,0.0,nan,nan,161.3748779296875,29.771106719970703,14.161864280700684,133.72882080078125,0.0,0.0,0.21655366187002145,0.04538440704345703,0.3333333333333333,0.5057808671678815,0.29717515733506944,1.0,0.6615801493326823,0.4802712115119485,0.43393645431056166,1.0,0.6666666666666667,0.5775197779994072,0.42248022200059276,0.5775197779994072,0.660436137071651,0.67601246105919,0.6618594706064747,1.5190877667862765,1.0235833558006735,klt,n/a,0,nan,n/a,nan,n/a,n/a,n/a,n/a,n/a,n/a,n/a,False,n/a,False,n/a,False,n/a,0,0,0,0,nan,nan,nan,nan,nan,nan,nan,nan,nan,nan,0,nan,0,False,n/a,0.0,klt,healthy,normal,healthy,0.42792876530435975,n/a,321,29,0,0,0,0,0,0,0,0,0,0,0,0,0,0,0,0,0,0,0,0,0,0,0,0.0,0.0,0.0,2287.2014050371945
141,datasets/prepared_new/uvvid_cannon_bottom/frame_000282.jpg,350,26,26,0.07428571428571429,350,324,0.8333333333333334,20,24,11.0,17.040000915527344,0.7771428571428571,0.091311514377594,0.9493013620376587,0.35152149200439453,0.36636173725128174,1.6842525005340576,1.7412383556365967,0.0,nan,nan,161.16221618652344,30.120216369628906,14.412470817565918,135.4431610107422,0.0,0.0,0.21911532532935044,0.045975178480148315,0.3333333333333333,0.5147311006273542,0.30098480224609375,1.0,0.669338141547309,0.474123219209559,0.4391581127739916,1.0,0.6666666666666667,0.5807952117052873,0.41920478829471275,0.5807952117052873,0.7283950617283951,0.7932098765432098,0.541163429787797,1.3493490842272262,1.0889815558049827,klt,n/a,0,nan,n/a,nan,n/a,n/a,n/a,n/a,n/a,n/a,n/a,False,n/a,False,n/a,False,n/a,0,0,0,0,nan,nan,nan,nan,nan,nan,nan,nan,nan,nan,0,nan,0,False,n/a,0.0,klt,healthy,normal,healthy,0.5372660511552392,n/a,324,26,0,0,0,0,0,0,0,0,0,0,0,0,0,0,0,0,0,0,0,0,0,0,0,0.0,0.0,0.0,2279.981942847371
142,datasets/prepared_new/uvvid_cannon_bottom/frame_000284.jpg,350,25,25,0.07142857142857142,350,325,0.8333333333333334,20,24,11.0,16.645713806152344,0.7828571428571428,0.08193978667259216,0.9507032632827759,0.35537558794021606,0.3674914538860321,1.6751229763031006,1.7437658309936523,0.0,nan,nan,161.75460815429688,29.93003273010254,14.5188570022583,136.9296417236328,0.0,0.0,0.21737755868949138,0.04606698825955391,0.3333333333333333,0.5185306072235107,0.304288092719184,1.0,0.6651118384467231,0.4782938591452207,0.4372536198132568,1.0,0.6666666666666667,0.5820078236957703,0.4179921763042297,0.5820078236957703,0.7784615384615384,0.6092307692307692,0.535784294771078,1.5634752327248287,0.7826076903260896,klt,n/a,0,nan,n/a,nan,n/a,n/a,n/a,n/a,n/a,n/a,n/a,False,n/a,False,n/a,False,n/a,0,0,0,0,nan,nan,nan,nan,nan,nan,nan,nan,nan,nan,0,nan,0,False,n/a,0.0,klt,healthy,normal,healthy,0.33247880006981045,n/a,325,25,0,0,0,0,0,0,0,0,0,0,0,0,0,0,0,0,0,0,0,0,0,0,0,0.0,0.0,0.0,2304.4939879328012
143,datasets/prepared_new/uvvid_cannon_bottom/frame_000286.jpg,350,19,19,0.054285714285714284,350,331,0.875,21,24,11.0,16.994285583496094,0.7971428571428572,0.08435307443141937,0.9481168389320374,0.3588689863681793,0.36511680483818054,1.6669700145721436,1.7369649410247803,0.0,nan,nan,162.1898193359375,30.173839569091797,14.645302772521973,138.13433837890625,0.0,0.0,0.2184802724800857,0.04682634025812149,0.3333333333333333,0.5230465275900704,0.3069651963975694,1.0,0.6705297682020399,0.47564734604779435,0.4416883846876597,1.0,0.6666666666666667,0.5842414742868818,0.4157585257131182,0.5842414742868818,0.7190332326283988,0.8096676737160121,0.6846406535854358,1.2612088527988123,1.1260488541085265,klt,n/a,0,nan,n/a,nan,n/a,n/a,n/a,n/a,n/a,n/a,n/a,False,n/a,False,n/a,False,n/a,0,0,0,0,nan,nan,nan,nan,nan,nan,nan,nan,nan,nan,0,nan,0,False,n/a,0.0,klt,healthy,normal,healthy,0.5551922329385776,n/a,331,19,0,0,0,0,0,0,0,0,0,0,0,0,0,0,0,0,0,0,0,0,0,0,0,0.0,0.0,0.0,2286.8913654237986
144,datasets/prepared_new/uvvid_cannon_bottom/frame_000288.jpg,350,30,30,0.08571428571428572,350,320,0.8333333333333334,20,24,11.0,16.605714797973633,0.7885714285714286,0.0740157961845398,0.9501429796218872,0.36455297470092773,0.3765713572502136,1.6539617776870728,1.7036464214324951,0.0,nan,nan,162.57916259765625,30.024751663208008,14.721620559692383,138.99716186523438,0.0,0.0,0.21571423698874073,0.04665050655603409,0.2916666666666667,0.5257721628461566,0.30888258192274304,1.0,0.6672167036268446,0.4822858312270223,0.43963223034986343,1.0,0.7083333333333333,0.5879329773827814,0.4120670226172186,0.5879329773827814,0.634375,0.73125,0.6837496499451887,1.4482022517620017,1.152707542529982,klt,n/a,0,nan,n/a,nan,n/a,n/a,n/a,n/a,n/a,n/a,n/a,False,n/a,False,n/a,False,n/a,0,0,0,0,nan,nan,nan,nan,nan,nan,nan,nan,nan,nan,0,nan,0,False,n/a,0.0,klt,healthy,normal,healthy,0.46929311090991205,n/a,320,30,0,0,0,0,0,0,0,0,0,0,0,0,0,0,0,0,0,0,0,0,0,0,0,0.0,0.0,0.0,2261.4291799254715
145,datasets/prepared_new/uvvid_cannon_bottom/frame_000290.jpg,350,19,19,0.054285714285714284,350,331,0.8333333333333334,20,24,12.0,16.97142791748047,0.8028571428571428,0.08283016085624695,0.9463431239128113,0.36657214164733887,0.3702412545681,1.6494107246398926,1.7220898866653442,0.0,nan,nan,162.5926971435547,30.158916473388672,14.820962905883789,139.5332489013672,0.0,0.0,0.21663394703584554,0.04696928709745407,0.2916666666666667,0.5293201037815639,0.3100738864474826,1.0,0.6701981438530816,0.4800785271139707,0.4418474516934819,1.0,0.7083333333333333,0.5892187099250847,0.41078129007491526,0.5892187099250847,0.7311178247734139,0.6978851963746223,0.6301772239974089,1.744792938857274,0.9545441489499449,klt,n/a,0,nan,n/a,nan,n/a,n/a,n/a,n/a,n/a,n/a,n/a,False,n/a,False,n/a,False,n/a,0,0,0,0,nan,nan,nan,nan,nan,nan,nan,nan,nan,nan,0,nan,0,False,n/a,0.0,klt,healthy,normal,healthy,0.42823528025389573,n/a,331,19,0,0,0,0,0,0,0,0,0,0,0,0,0,0,0,0,0,0,0,0,0,0,0,0.0,0.0,0.0,2305.9892398305237
146,datasets/prepared_new/uvvid_cannon_bottom/frame_000292.jpg,350,27,27,0.07714285714285714,350,323,0.7916666666666666,19,24,12.0,16.83142852783203,0.7971428571428572,0.08864431083202362,0.9506372213363647,0.36777302622795105,0.37666651606559753,1.6467281579971313,1.7089202404022217,0.0,nan,nan,162.26309204101562,30.408906936645508,15.050107955932617,141.3059539794922,0.0,0.0,0.2195747884114583,0.04831571877002716,0.2916666666666667,0.537503855569022,0.3140132310655382,1.0,0.6757534874810113,0.47302050781250005,0.44768519549056734,1.0,0.7083333333333333,0.5920284782460103,0.40797152175398965,0.5920284782460103,0.7337461300309598,0.7337461300309598,0.5842583569243072,1.244463379706689,0.999998637132659,klt,n/a,0,nan,n/a,nan,n/a,n/a,n/a,n/a,n/a,n/a,n/a,False,n/a,False,n/a,False,n/a,0,0,0,0,nan,nan,nan,nan,nan,nan,nan,nan,nan,nan,0,nan,0,False,n/a,0.0,klt,healthy,normal,healthy,0.4796267795692144,n/a,323,27,0,0,0,0,0,0,0,0,0,0,0,0,0,0,0,0,0,0,0,0,0,0,0,0.0,0.0,0.0,2327.8992041014135
147,datasets/prepared_new/uvvid_cannon_bottom/frame_000294.jpg,350,23,23,0.06571428571428571,350,327,0.75,18,24,12.5,16.931428909301758,0.7828571428571428,0.08081606030464172,0.9486842155456543,0.37175774574279785,0.3794638514518738,1.6378982067108154,1.6917999982833862,0.0,nan,nan,162.586669921875,30.632164001464844,15.1768159866333,143.6844940185547,0.0,0.0,0.2224859678979013,0.04897923395037651,0.2916666666666667,0.5420291423797607,0.3192988755967882,1.0,0.6807147555881077,0.46603367704503695,0.4516738185903641,1.0,0.7083333333333333,0.5939655751067552,0.4060344248932448,0.5939655751067552,0.7217125382262997,0.7951070336391437,0.5525458929489436,1.4889481412680046,1.1016933887553468,klt,n/a,0,nan,n/a,nan,n/a,n/a,n/a,n/a,n/a,n/a,n/a,False,n/a,False,n/a,False,n/a,0,0,0,0,nan,nan,nan,nan,nan,nan,nan,nan,nan,nan,0,nan,0,False,n/a,0.0,klt,healthy,normal,healthy,0.5235381797639227,n/a,327,23,0,0,0,0,0,0,0,0,0,0,0,0,0,0,0,0,0,0,0,0,0,0,0,0.0,0.0,0.0,2321.265434846282
148,datasets/prepared_new/uvvid_cannon_bottom/frame_000296.jpg,350,19,19,0.054285714285714284,350,331,0.75,18,24,13.0,17.394285202026367,0.8142857142857143,0.07280413806438446,0.9515442848205566,0.38316965103149414,0.3832288086414337,1.6133872270584106,1.6853288412094116,0.0,nan,nan,162.73756408691406,30.912071228027344,15.449655532836914,145.11990356445312,0.0,0.0,0.22388564165900732,0.049679115414619446,0.2916666666666667,0.5517734118870327,0.3224886745876736,1.0,0.6869349161783854,0.4626744600183824,0.4563745385769642,1.0,0.7083333333333333,0.5974598975223904,0.40254010247760963,0.5974598975223904,0.7009063444108762,0.8126888217522659,0.5969093037500313,1.3346590667607723,1.1594811043610105,klt,n/a,0,nan,n/a,nan,n/a,n/a,n/a,n/a,n/a,n/a,n/a,False,n/a,False,n/a,False,n/a,0,0,0,0,nan,nan,nan,nan,nan,nan,nan,nan,nan,nan,0,nan,0,False,n/a,0.0,klt,healthy,normal,healthy,0.5450938073431939,n/a,331,19,0,0,0,0,0,0,0,0,0,0,0,0,0,0,0,0,0,0,0,0,0,0,0,0.0,0.0,0.0,2294.6947258897126
149,datasets/prepared_new/uvvid_cannon_bottom/frame_000298.jpg,350,28,28,0.08,350,322,0.75,18,24,13.0,17.46285629272461,0.8,0.06912168860435486,0.9514778256416321,0.392258882522583,0.40101173520088196,1.594637393951416,1.6451175212860107,0.0,nan,nan,162.26380920410156,31.299495697021484,15.806807518005371,149.8671875,0.0,0.0,0.2283179189644608,0.0509028434753418,0.2916666666666667,0.5645288399287632,0.33303819444444444,1.0,0.6955443488226997,0.4520369944852941,0.46346045503712663,1.0,0.7083333333333333,0.6023482115865593,0.39765178841344073,0.6023482115865593,0.7391304347826086,0.7236024844720497,0.6543773739605026,1.535882273309657,0.978990272122405,klt,n/a,0,nan,n/a,nan,n/a,n/a,n/a,n/a,n/a,n/a,n/a,False,n/a,False,n/a,False,n/a,0,0,0,0,nan,nan,nan,nan,nan,nan,nan,nan,nan,nan,0,nan,0,False,n/a,0.0,klt,healthy,normal,healthy,0.4590943339610494,n/a,322,28,0,0,0,0,0,0,0,0,0,0,0,0,0,0,0,0,0,0,0,0,0,0,0,0.0,0.0,0.0,2316.7040683329105
150,datasets/prepared_new/uvvid_cannon_bottom/frame_000300.jpg,350,25,25,0.07142857142857142,350,325,0.75,18,24,13.0,17.08571434020996,0.8028571428571428,0.06249207258224487,0.9550578594207764,0.403944194316864,0.4050387144088745,1.5714706182479858,1.6281079053878784,0.0,nan,nan,162.2560577392578,31.405216217041016,16.128137588500977,154.5733642578125,0.0,0.0,0.22781007654526653,0.05194120109081268,0.2916666666666667,0.5760049138750348,0.34349636501736114,1.0,0.6978936937120226,0.45325581629136036,0.46699503115331287,1.0,0.7083333333333333,0.607422960719916,0.39257703928008403,0.607422960719916,0.7046153846153846,0.6338461538461538,0.5960479354186162,1.6845872933053991,0.899562042106272,klt,n/a,0,nan,n/a,nan,n/a,n/a,n/a,n/a,n/a,n/a,n/a,False,n/a,False,n/a,False,n/a,0,0,0,0,nan,nan,nan,nan,nan,nan,nan,nan,nan,nan,0,nan,0,False,n/a,0.0,klt,healthy,normal,healthy,0.36399082641224967,n/a,325,25,0,0,0,0,0,0,0,0,0,0,0,0,0,0,0,0,0,0,0,0,0,0,0,0.0,0.0,0.0,2310.054447967559
151,datasets/prepared_new/uvvid_cannon_bottom/frame_000302.jpg,350,27,27,0.07714285714285714,350,323,0.75,18,24,13.0,16.899999618530273,0.7971428571428572,0.09814068675041199,0.9260555505752563,0.3630041480064392,0.37149518728256226,1.6574766635894775,1.7376112937927246,0.0,nan,nan,162.1796417236328,31.544235229492188,16.42081642150879,170.58087158203125,0.0,0.0,0.22704558727787985,0.05308035761117935,0.2916666666666667,0.5864577293395996,0.379068603515625,1.0,0.7009830050998264,0.4550905905330884,0.47112867893895716,1.0,0.7083333333333333,0.6165377617764982,0.3834622382235018,0.6165377617764982,0.6873065015479877,0.7554179566563467,0.6780337134410159,1.4611100007864388,1.0990974999617453,klt,n/a,0,nan,n/a,nan,n/a,n/a,n/a,n/a,n/a,n/a,n/a,False,n/a,False,n/a,False,n/a,0,0,0,0,nan,nan,nan,nan,nan,nan,nan,nan,nan,nan,0,nan,0,False,n/a,0.0,klt,healthy,normal,healthy,0.4899237630232379,n/a,323,27,0,0,0,0,0,0,0,0,0,0,0,0,0,0,0,0,0,0,0,0,0,0,0,0.0,0.0,0.0,2309.2393879778683
152,datasets/prepared_new/uvvid_cannon_bottom/frame_000304.jpg,350,31,31,0.08857142857142856,350,319,0.7916666666666666,19,24,13.5,17.29428482055664,0.7857142857142857,0.06477933377027512,0.947536826133728,0.40693485736846924,0.41553744673728943,1.5656895637512207,1.609131932258606,0.0,nan,nan,162.09413146972656,31.65428352355957,17.063846588134766,167.5540008544922,0.0,0.0,0.2261753575942095,0.05394186079502106,0.2916666666666667,0.6094230924333844,0.37234222412109375,1.0,0.7034285227457683,0.4571791417738972,0.4743093995433865,1.0,0.7083333333333333,0.6214814667177637,0.3785185332822363,0.6214814667177637,0.8244514106583072,0.7586206896551724,0.5519397808693582,1.2941161812994932,0.9201509751780947,klt,n/a,0,nan,n/a,nan,n/a,n/a,n/a,n/a,n/a,n/a,n/a,False,n/a,False,n/a,False,n/a,0,0,0,0,nan,nan,nan,nan,nan,nan,nan,nan,nan,nan,0,nan,0,False,n/a,0.0,klt,healthy,normal,healthy,0.493121901951024,n/a,319,31,0,0,0,0,0,0,0,0,0,0,0,0,0,0,0,0,0,0,0,0,0,0,0,0.0,0.0,0.0,2329.7323947772384
153,datasets/prepared_new/uvvid_cannon_bottom/frame_000306.jpg,350,22,22,0.06285714285714286,350,328,0.7916666666666666,19,24,13.5,17.34857177734375,0.8028571428571428,0.05266686528921127,0.9555021524429321,0.41939014196395874,0.420776903629303,1.54231858253479,1.59731125831604,0.0,nan,nan,162.0642547607422,31.59001350402832,17.19773292541504,174.2877655029297,0.0,0.0,0.2235834099264706,0.05519220978021622,0.2916666666666667,0.6142047473362514,0.387306145562066,1.0,0.7020003000895182,0.4633998161764705,0.4764369904543414,1.0,0.7083333333333333,0.6258824768338749,0.3741175231661251,0.6258824768338749,0.8048780487804879,0.7134146341463414,0.4891576913322694,1.140946626316345,0.886362535125335,klt,n/a,0,nan,n/a,nan,n/a,n/a,n/a,n/a,n/a,n/a,n/a,False,n/a,False,n/a,False,n/a,0,0,0,0,nan,nan,nan,nan,nan,nan,nan,nan,nan,nan,0,nan,0,False,n/a,0.0,klt,healthy,normal,healthy,0.45258002977954187,n/a,328,22,0,0,0,0,0,0,0,0,0,0,0,0,0,0,0,0,0,0,0,0,0,0,0,0.0,0.0,0.0,2337.1947607956827
154,datasets/prepared_new/uvvid_cannon_bottom/frame_000308.jpg,350,20,20,0.05714285714285714,350,330,0.8333333333333334,20,24,14.0,17.571428298950195,0.8114285714285714,0.055284902453422546,0.9505091309547424,0.4240238666534424,0.42206498980522156,1.5338869094848633,1.5932798385620117,0.0,nan,nan,162.07411193847656,31.699525833129883,17.914817810058594,173.45555114746094,0.0,0.0,0.22315734863281245,0.056748561561107635,0.2916666666666667,0.639814921787807,0.385456780327691,1.0,0.7044339074028863,0.4644223632812502,0.481190957249415,1.0,0.7083333333333333,0.6322264822633994,0.3677735177366006,0.6322264822633994,0.7090909090909091,0.7606060606060606,0.6227765888201687,1.3055945453585278,1.0726480599407702,klt,n/a,0,nan,n/a,nan,n/a,n/a,n/a,n/a,n/a,n/a,n/a,False,n/a,False,n/a,False,n/a,0,0,0,0,nan,nan,nan,nan,nan,nan,nan,nan,nan,nan,0,nan,0,False,n/a,0.0,klt,healthy,normal,healthy,0.5006839721963541,n/a,330,20,0,0,0,0,0,0,0,0,0,0,0,0,0,0,0,0,0,0,0,0,0,0,0,0.0,0.0,0.0,2341.390023007989
155,datasets/prepared_new/uvvid_cannon_bottom/frame_000310.jpg,350,25,25,0.07142857142857142,350,325,0.7916666666666666,19,24,14.0,17.68000030517578,0.8114285714285714,0.04716678708791733,0.9607704281806946,0.44568514823913574,0.4425942003726959,1.4962332248687744,1.5509793758392334,0.0,nan,nan,161.8034210205078,31.810731887817383,17.93059539794922,180.8143310546875,0.0,0.0,0.22499168844784004,0.05765000730752945,0.2916666666666667,0.6403784070696149,0.40180962456597225,1.0,0.7069051530626085,0.46001994772518395,0.484475320412053,1.0,0.7083333333333333,0.6350412389843558,0.3649587610156442,0.6350412389843558,0.8092307692307692,0.6861538461538461,0.4932384895712222,1.391093076614981,0.8479076974524651,klt,n/a,0,nan,n/a,nan,n/a,n/a,n/a,n/a,n/a,n/a,n/a,False,n/a,False,n/a,False,n/a,0,0,0,0,nan,nan,nan,nan,nan,nan,nan,nan,nan,nan,0,nan,0,False,n/a,0.0,klt,healthy,normal,healthy,0.41062522697461146,n/a,325,25,0,0,0,0,0,0,0,0,0,0,0,0,0,0,0,0,0,0,0,0,0,0,0,0.0,0.0,0.0,2324.107734952122
156,datasets/prepared_new/uvvid_cannon_bottom/frame_000312.jpg,350,26,26,0.07428571428571429,350,324,0.7916666666666666,19,24,14.0,17.53714370727539,0.8257142857142857,0.055518705397844315,0.9532245993614197,0.4386900067329407,0.43654125928878784,1.508088231086731,1.5651313066482544,0.0,nan,nan,161.72384643554688,32.1996955871582,18.32640266418457,179.8186798095703,0.0,0.0,0.22875929290173097,0.058864012360572815,0.2916666666666667,0.6545143808637347,0.39959706624348956,1.0,0.7155487908257379,0.45097769703584567,0.49155624168689804,1.0,0.7083333333333333,0.6384181758755147,0.36158182412448525,0.6384181758755147,0.8641975308641975,0.6975308641975309,0.4442927819840886,1.1445818395900844,0.8071419231643461,klt,n/a,0,nan,n/a,nan,n/a,n/a,n/a,n/a,n/a,n/a,n/a,False,n/a,False,n/a,False,n/a,0,0,0,0,nan,nan,nan,nan,nan,nan,nan,nan,nan,nan,0,nan,0,False,n/a,0.0,klt,healthy,normal,healthy,0.42185829897264854,n/a,324,26,0,0,0,0,0,0,0,0,0,0,0,0,0,0,0,0,0,0,0,0,0,0,0,0.0,0.0,0.0,2278.515133075416
157,datasets/prepared_new/uvvid_cannon_bottom/frame_000314.jpg,350,18,18,0.05142857142857143,350,332,0.7916666666666666,19,24,14.5,18.29428482055664,0.8428571428571429,0.04401092976331711,0.9582161903381348,0.45679908990859985,0.4538974463939667,1.4779601097106934,1.528648018836975,0.0,nan,nan,161.83261108398438,32.36375045776367,18.615243911743164,187.8615264892578,0.0,0.0,0.2292282463522518,0.05995330959558487,0.25,0.664830139705113,0.41747005886501737,1.0,0.7191944546169705,0.44985220875459564,0.4958547491166327,1.0,0.75,0.6468430538272033,0.3531569461727967,0.6468430538272033,0.8433734939759037,0.6716867469879518,0.5537492810779246,1.2268191294191158,0.7964276270929564,klt,n/a,0,nan,n/a,nan,n/a,n/a,n/a,n/a,n/a,n/a,n/a,False,n/a,False,n/a,False,n/a,0,0,0,0,nan,nan,nan,nan,nan,nan,nan,nan,nan,nan,0,nan,0,False,n/a,0.0,klt,healthy,normal,healthy,0.3838956419742908,n/a,332,18,0,0,0,0,0,0,0,0,0,0,0,0,0,0,0,0,0,0,0,0,0,0,0,0.0,0.0,0.0,2290.6541246920824
158,datasets/prepared_new/uvvid_cannon_bottom/frame_000316.jpg,350,18,18,0.05142857142857143,350,332,0.7916666666666666,19,24,15.0,18.874286651611328,0.8542857142857143,0.04725969210267067,0.9524583220481873,0.45302706956863403,0.4475381076335907,1.484086275100708,1.5360093116760254,0.0,nan,nan,162.42271423339844,32.35177993774414,18.4626407623291,177.22201538085938,0.0,0.0,0.2297294108072917,0.05972529202699661,0.25,0.6593800272260394,0.3938267008463542,1.0,0.7189284430609809,0.4486494140624999,0.4952035215918464,1.0,0.75,0.6415826318522347,0.35841736814776526,0.6415826318522347,0.8343373493975904,0.8012048192771084,0.4066157787352828,1.1812122392374182,0.9602876577057675,klt,n/a,0,nan,n/a,nan,n/a,n/a,n/a,n/a,n/a,n/a,n/a,False,n/a,False,n/a,False,n/a,0,0,0,0,nan,nan,nan,nan,nan,nan,nan,nan,nan,nan,0,nan,0,False,n/a,0.0,klt,healthy,normal,healthy,0.5313792567097378,n/a,332,18,0,0,0,0,0,0,0,0,0,0,0,0,0,0,0,0,0,0,0,0,0,0,0,0.0,0.0,0.0,2326.1647070758045
159,datasets/prepared_new/uvvid_cannon_bottom/frame_000318.jpg,350,22,22,0.06285714285714286,350,328,0.7916666666666666,19,24,16.0,19.16857147216797,0.86,0.04675382748246193,0.9566034078598022,0.45667004585266113,0.4500228762626648,1.47816801071167,1.5429903268814087,0.0,nan,nan,162.80226135253906,32.37604522705078,18.076372146606445,178.082275390625,0.0,0.0,0.2324377979951746,0.059164226055145264,0.25,0.6455847195216587,0.3957383897569444,1.0,0.7194676717122396,0.442149284811581,0.4941979859814499,1.0,0.75,0.6378875594527401,0.3621124405472599,0.6378875594527401,0.823170731707317,0.7987804878048781,0.48104829824934203,1.0962726255375652,0.9703691915515007,klt,n/a,0,nan,n/a,nan,n/a,n/a,n/a,n/a,n/a,n/a,n/a,False,n/a,False,n/a,False,n/a,0,0,0,0,nan,nan,nan,nan,nan,nan,nan,nan,nan,nan,0,nan,0,False,n/a,0.0,klt,healthy,normal,healthy,0.5326555512195305,n/a,328,22,0,0,0,0,0,0,0,0,0,0,0,0,0,0,0,0,0,0,0,0,0,0,0,0.0,0.0,0.0,2340.0022462010384
160,datasets/prepared_new/uvvid_cannon_bottom/frame_000320.jpg,350,23,23,0.06571428571428571,350,327,0.7916666666666666,19,24,16.0,19.559999465942383,0.86,0.06358169764280319,0.9499937295913696,0.4340018630027771,0.4321732819080353,1.5161993503570557,1.571900486946106,0.0,nan,nan,163.23287963867188,32.38809585571289,17.515092849731445,162.14044189453125,0.0,0.0,0.2316803636737898,0.05831461027264595,0.25,0.6255390303475517,0.36031209309895834,1.0,0.7197354634602865,0.44396712718290454,0.49240093689524767,1.0,0.75,0.6278802874205655,0.37211971257943455,0.6278802874205655,0.7951070336391437,0.7064220183486238,0.46960693373877144,1.1836190870262715,0.8884604210517012,klt,n/a,0,nan,n/a,nan,n/a,n/a,n/a,n/a,n/a,n/a,n/a,False,n/a,False,n/a,False,n/a,0,0,0,0,nan,nan,nan,nan,nan,nan,nan,nan,nan,nan,0,nan,0,False,n/a,0.0,klt,healthy,normal,healthy,0.4353923311545389,n/a,327,23,0,0,0,0,0,0,0,0,0,0,0,0,0,0,0,0,0,0,0,0,0,0,0,0.0,0.0,0.0,2442.5031319260597
161,datasets/prepared_new/uvvid_cannon_bottom/frame_000322.jpg,350,14,14,0.04,350,336,0.7916666666666666,19,24,17.0,20.22857093811035,0.8571428571428571,0.07133819162845612,0.9490160942077637,0.4335120916366577,0.4195156395435333,1.5170516967773438,1.6140143871307373,0.0,nan,nan,163.3708038330078,32.94609069824219,17.299551010131836,164.94650268554688,0.0,0.0,0.23376121371400121,0.05915045365691185,0.25,0.6178411075047084,0.3665477837456597,1.0,0.7321353488498263,0.43897308708639715,0.5005005236451674,1.0,0.75,0.6289452259418363,0.37105477405816367,0.6289452259418363,0.7142857142857143,0.7797619047619048,0.6858668287528654,1.2303411849204045,1.091665138335473,klt,n/a,0,nan,n/a,nan,n/a,n/a,n/a,n/a,n/a,n/a,n/a,False,n/a,False,n/a,False,n/a,0,0,0,0,nan,nan,nan,nan,nan,nan,nan,nan,nan,nan,0,nan,0,False,n/a,0.0,klt,healthy,normal,healthy,0.5106515486816152,n/a,336,14,0,0,0,0,0,0,0,0,0,0,0,0,0,0,0,0,0,0,0,0,0,0,0,0.0,0.0,0.0,2274.6626548469067
162,datasets/prepared_new/uvvid_cannon_bottom/frame_000324.jpg,350,18,18,0.05142857142857143,350,332,0.75,18,24,17.0,20.545713424682617,0.8457142857142858,0.0936560332775116,0.9466713666915894,0.4105660319328308,0.41165030002593994,1.5587639808654785,1.6135514974594116,0.0,nan,nan,163.58401489257812,32.9041633605957,16.94894027709961,152.18826293945312,0.0,0.0,0.23038665771484373,0.05904305726289749,0.25,0.6053192956107003,0.3381961398654514,1.0,0.7312036302354601,0.4470720214843751,0.4997905816243152,1.0,0.75,0.6225910158438118,0.3774089841561882,0.6225910158438118,0.6987951807228916,0.822289156626506,0.5923983744862642,1.4581751702926025,1.176722454000626,klt,n/a,0,nan,n/a,nan,n/a,n/a,n/a,n/a,n/a,n/a,n/a,False,n/a,False,n/a,False,n/a,0,0,0,0,nan,nan,nan,nan,nan,nan,nan,nan,nan,nan,0,nan,0,False,n/a,0.0,klt,healthy,normal,healthy,0.5387495346482534,n/a,332,18,0,0,0,0,0,0,0,0,0,0,0,0,0,0,0,0,0,0,0,0,0,0,0,0.0,0.0,0.0,2353.299929294735
163,datasets/prepared_new/uvvid_cannon_bottom/frame_000326.jpg,350,23,23,0.06571428571428571,350,327,0.75,18,24,17.0,20.280000686645508,0.8371428571428572,0.09150972962379456,0.9519301652908325,0.40831243991851807,0.4079665243625641,1.5630621910095215,1.6307679414749146,0.0,nan,nan,163.71661376953125,32.78235626220703,16.648927688598633,154.4398193359375,0.0,0.0,0.2285569852941176,0.05860845744609833,0.25,0.5946045603070941,0.34319959852430554,1.0,0.728496805826823,0.4514632352941178,0.497449442563635,1.0,0.75,0.6210433417794811,0.37895665822051894,0.6210433417794811,0.7064220183486238,0.8165137614678899,0.6052666637148122,1.4498643968760538,1.155842519651498,klt,n/a,0,nan,n/a,nan,n/a,n/a,n/a,n/a,n/a,n/a,n/a,False,n/a,False,n/a,False,n/a,0,0,0,0,nan,nan,nan,nan,nan,nan,nan,nan,nan,nan,0,nan,0,False,n/a,0.0,klt,healthy,normal,healthy,0.5340284948211262,n/a,327,23,0,0,0,0,0,0,0,0,0,0,0,0,0,0,0,0,0,0,0,0,0,0,0,0.0,0.0,0.0,2298.9242747426033
164,datasets/prepared_new/uvvid_cannon_bottom/frame_000328.jpg,350,27,27,0.07714285714285714,350,323,0.75,18,24,16.0,19.851428985595703,0.8114285714285714,0.11139002442359924,0.9425067901611328,0.392473965883255,0.39512842893600464,1.594202995300293,1.6714428663253784,0.0,nan,nan,163.37693786621094,32.624977111816406,16.76140022277832,149.62844848632812,0.0,0.0,0.22482689352596505,0.05934029817581177,0.25,0.5986214365277972,0.3325076633029514,1.0,0.7249994913736979,0.4604154555376839,0.49736405972278475,1.0,0.75,0.6210397320714413,0.37896026792855875,0.6210397320714413,0.7244582043343654,0.7213622291021672,0.5382970520468832,1.4489219872226882,0.9957251212854095,klt,n/a,0,nan,n/a,nan,n/a,n/a,n/a,n/a,n/a,n/a,n/a,False,n/a,False,n/a,False,n/a,0,0,0,0,nan,nan,nan,nan,nan,nan,nan,nan,nan,nan,0,nan,0,False,n/a,0.0,klt,healthy,normal,healthy,0.45080860038725346,n/a,323,27,0,0,0,0,0,0,0,0,0,0,0,0,0,0,0,0,0,0,0,0,0,0,0,0.0,0.0,0.0,2415.1517748832703
165,datasets/prepared_new/uvvid_cannon_bottom/frame_000330.jpg,350,36,36,0.10285714285714286,350,314,0.75,18,24,15.0,18.79428482055664,0.7657142857142857,0.07011483609676361,0.9557521343231201,0.42892712354660034,0.42089319229125977,1.5251151323318481,1.6085988283157349,0.0,nan,nan,163.13674926757812,32.63520431518555,16.65113067626953,153.002197265625,0.0,0.0,0.22615709491804534,0.05973035842180252,0.25,0.5946832384381976,0.3400048828125,1.0,0.7252267625596788,0.45722297219669117,0.49836419587484515,1.0,0.75,0.6210732248260832,0.3789267751739168,0.6210732248260832,0.6656050955414012,0.6942675159235668,0.6761664718654179,1.3165067612036587,1.0430606338706265,klt,n/a,0,nan,n/a,nan,n/a,n/a,n/a,n/a,n/a,n/a,n/a,False,n/a,False,n/a,False,n/a,0,0,0,0,nan,nan,nan,nan,nan,nan,nan,nan,nan,nan,0,nan,0,False,n/a,0.0,klt,healthy,normal,healthy,0.43239733539673936,n/a,314,36,0,0,0,0,0,0,0,0,0,0,0,0,0,0,0,0,0,0,0,0,0,0,0,0.0,0.0,0.0,2356.736022979021
166,datasets/prepared_new/uvvid_cannon_bottom/frame_000332.jpg,350,24,24,0.06857142857142857,350,326,0.75,18,24,15.0,18.797142028808594,0.7571428571428571,0.08582700043916702,0.948822021484375,0.3878113925457001,0.3983474373817444,1.6037333011627197,1.6516605615615845,0.0,nan,nan,162.88748168945312,32.647953033447266,17.02727699279785,153.40904235839844,0.0,0.0,0.22836693258846505,0.060333024710416794,0.25,0.6081170354570661,0.3409089830186632,1.0,0.7255100674099393,0.4519193617876839,0.49987554441046234,1.0,0.75,0.6236461691522647,0.3763538308477353,0.6236461691522647,0.6779141104294478,0.7607361963190185,0.707370140435549,1.3753617670029965,1.122170290373237,klt,n/a,0,nan,n/a,nan,n/a,n/a,n/a,n/a,n/a,n/a,n/a,False,n/a,False,n/a,False,n/a,0,0,0,0,nan,nan,nan,nan,nan,nan,nan,nan,nan,nan,0,nan,0,False,n/a,0.0,klt,healthy,normal,healthy,0.488203230510786,n/a,326,24,0,0,0,0,0,0,0,0,0,0,0,0,0,0,0,0,0,0,0,0,0,0,0,0.0,0.0,0.0,2288.4006700478494
167,datasets/prepared_new/uvvid_cannon_bottom/frame_000334.jpg,350,15,15,0.04285714285714286,350,335,0.75,18,24,16.0,19.114286422729492,0.78,0.06550698727369308,0.9589773416519165,0.3982659876346588,0.4114939570426941,1.582594394683838,1.6270126104354858,0.0,nan,nan,163.0823974609375,32.489288330078125,17.284988403320312,160.22152709960938,0.0,0.0,0.22877686743642775,0.06107309088110924,0.25,0.6173210144042969,0.3560478379991319,1.0,0.7219841851128472,0.4509355181525734,0.49979457183167186,1.0,0.75,0.627522700623509,0.372477299376491,0.627522700623509,0.7671641791044777,0.7850746268656716,0.5226401495586441,1.2566151123698284,1.0233449695697867,klt,n/a,0,nan,n/a,nan,n/a,n/a,n/a,n/a,n/a,n/a,n/a,False,n/a,False,n/a,False,n/a,0,0,0,0,nan,nan,nan,nan,nan,nan,nan,nan,nan,nan,0,nan,0,False,n/a,0.0,klt,healthy,normal,healthy,0.5142492234244342,n/a,335,15,0,0,0,0,0,0,0,0,0,0,0,0,0,0,0,0,0,0,0,0,0,0,0,0.0,0.0,0.0,2259.836526121944
168,datasets/prepared_new/uvvid_cannon_bottom/frame_000336.jpg,350,27,27,0.07714285714285714,350,323,0.75,18,24,14.0,18.31999969482422,0.7628571428571429,0.0861702710390091,0.9468050003051758,0.3925235867500305,0.4101492166519165,1.5941004753112793,1.6268266439437866,0.0,nan,nan,162.8326416015625,32.603023529052734,17.948997497558594,164.9292449951172,0.0,0.0,0.23102022657207413,0.062169402837753296,0.25,0.641035624912807,0.36650943332248265,1.0,0.7245116339789497,0.4455514562270221,0.5035499143480051,1.0,0.75,0.6344139364834326,0.3655860635165674,0.6344139364834326,0.7213622291021672,0.8390092879256966,0.5422985051646895,1.203206475468233,1.1630885164051896,klt,n/a,0,nan,n/a,nan,n/a,n/a,n/a,n/a,n/a,n/a,n/a,False,n/a,False,n/a,False,n/a,0,0,0,0,nan,nan,nan,nan,nan,nan,nan,nan,nan,nan,0,nan,0,False,n/a,0.0,klt,healthy,normal,healthy,0.5635783973280198,n/a,323,27,0,0,0,0,0,0,0,0,0,0,0,0,0,0,0,0,0,0,0,0,0,0,0,0.0,0.0,0.0,2519.0059021115303
169,datasets/prepared_new/uvvid_cannon_bottom/frame_000338.jpg,350,20,20,0.05714285714285714,350,330,0.75,18,24,15.0,18.83142852783203,0.8171428571428572,0.0646878182888031,0.9558815360069275,0.41507238149642944,0.42942121624946594,1.5503008365631104,1.5851696729660034,0.0,nan,nan,162.57666015625,32.555152893066406,18.15607452392578,173.1831512451172,0.0,0.0,0.22980563294653794,0.06273874640464783,0.25,0.6484312329973493,0.38485144721137154,1.0,0.7234478420681424,0.448466480928309,0.5043119810446344,1.0,0.75,0.6393475889167327,0.3606524110832673,0.6393475889167327,0.7757575757575758,0.7878787878787878,0.5671178845963871,1.1781419313118804,1.015623690797586,klt,n/a,0,nan,n/a,nan,n/a,n/a,n/a,n/a,n/a,n/a,n/a,False,n/a,False,n/a,False,n/a,0,0,0,0,nan,nan,nan,nan,nan,nan,nan,nan,nan,nan,0,nan,0,False,n/a,0.0,klt,healthy,normal,healthy,0.5198417915532288,n/a,330,20,0,0,0,0,0,0,0,0,0,0,0,0,0,0,0,0,0,0,0,0,0,0,0,0.0,0.0,0.0,2402.6183797977865
170,datasets/prepared_new/uvvid_cannon_bottom/frame_000340.jpg,350,17,17,0.04857142857142857,350,333,0.75,18,24,15.0,18.842857360839844,0.8342857142857143,0.06738294661045074,0.9525805711746216,0.4186859428882599,0.41558894515037537,1.5436111688613892,1.6258937120437622,0.0,nan,nan,162.76429748535156,32.25686264038086,17.39536476135254,158.39051818847656,0.0,0.0,0.22833271101409308,0.06109512597322464,0.25,0.6212630271911621,0.3519789293077257,1.0,0.7168191697862413,0.4520014935661766,0.49726214392317664,1.0,0.75,0.6269644614156867,0.37303553858431326,0.6269644614156867,0.8018018018018018,0.7507507507507507,0.486167530610692,1.124430455763251,0.9363284202345918,klt,n/a,0,nan,n/a,nan,n/a,n/a,n/a,n/a,n/a,n/a,n/a,False,n/a,False,n/a,False,n/a,0,0,0,0,nan,nan,nan,nan,nan,nan,nan,nan,nan,nan,0,nan,0,False,n/a,0.0,klt,healthy,normal,healthy,0.48662499076910826,n/a,333,17,0,0,0,0,0,0,0,0,0,0,0,0,0,0,0,0,0,0,0,0,0,0,0,0.0,0.0,0.0,2330.859533045441
171,datasets/prepared_new/uvvid_cannon_bottom/frame_000342.jpg,350,19,19,0.054285714285714284,350,331,0.75,18,24,15.0,19.31142807006836,0.8314285714285714,0.06407146155834198,0.9502665996551514,0.40738052129745483,0.41270604729652405,1.5648314952850342,1.6377822160720825,0.0,nan,nan,162.18023681640625,32.4637451171875,17.016210556030273,159.0843505859375,0.0,0.0,0.2310705446729473,0.06096814572811127,0.25,0.6077218055725098,0.3535207790798611,1.0,0.7214165581597223,0.44543069278492653,0.49927224664375036,1.0,0.75,0.6241050754450365,0.37589492455496354,0.6241050754450365,0.7492447129909365,0.7764350453172205,0.5528616639268483,1.2031799032330015,1.0362889394691976,klt,n/a,0,nan,n/a,nan,n/a,n/a,n/a,n/a,n/a,n/a,n/a,False,n/a,False,n/a,False,n/a,0,0,0,0,nan,nan,nan,nan,nan,nan,nan,nan,nan,nan,0,nan,0,False,n/a,0.0,klt,healthy,normal,healthy,0.5088269979350125,n/a,331,19,0,0,0,0,0,0,0,0,0,0,0,0,0,0,0,0,0,0,0,0,0,0,0,0.0,0.0,0.0,2369.1875748336315
172,datasets/prepared_new/uvvid_cannon_bottom/frame_000344.jpg,350,24,24,0.06857142857142857,350,326,0.75,18,24,14.0,19.10285758972168,0.8257142857142857,0.0796368420124054,0.9465473890304565,0.39748749136924744,0.4000367522239685,1.5841429233551025,1.6525896787643433,0.0,nan,nan,161.98216247558594,32.47247314453125,16.41731834411621,144.36390686035156,0.0,0.0,0.23027978635301774,0.05985655263066292,0.25,0.5863327980041504,0.3208086819118924,1.0,0.7216105143229167,0.4473285127527574,0.4968428767766013,1.0,0.75,0.614163003384144,0.385836996615856,0.614163003384144,0.7300613496932515,0.8711656441717791,0.5727265518461242,1.1187348403499389,1.1932756764375188,klt,n/a,0,nan,n/a,nan,n/a,n/a,n/a,n/a,n/a,n/a,n/a,False,n/a,False,n/a,False,n/a,0,0,0,0,nan,nan,nan,nan,nan,nan,nan,nan,nan,nan,0,nan,0,False,n/a,0.0,klt,healthy,normal,healthy,0.5950940744480738,n/a,326,24,0,0,0,0,0,0,0,0,0,0,0,0,0,0,0,0,0,0,0,0,0,0,0,0.0,0.0,0.0,2304.570708889514
173,datasets/prepared_new/uvvid_cannon_bottom/frame_000346.jpg,350,27,27,0.07714285714285714,350,323,0.75,18,24,13.0,18.8028564453125,0.8114285714285714,0.07168325781822205,0.9502025842666626,0.39846205711364746,0.400717556476593,1.5822043418884277,1.669430136680603,0.0,nan,nan,161.46627807617188,32.53561782836914,16.332372665405273,148.93896484375,0.0,0.0,0.23161088532092536,0.05973580479621887,0.25,0.5832990237644741,0.33097547743055555,1.0,0.7230137295193142,0.4441338752297792,0.49727005747833636,1.0,0.75,0.6148946585889604,0.3851053414110396,0.6148946585889604,0.7894736842105263,0.7461300309597523,0.5699233720070384,1.2972872803244953,0.9450968420930195,klt,n/a,0,nan,n/a,nan,n/a,n/a,n/a,n/a,n/a,n/a,n/a,False,n/a,False,n/a,False,n/a,0,0,0,0,nan,nan,nan,nan,nan,nan,nan,nan,nan,nan,0,nan,0,False,n/a,0.0,klt,healthy,normal,healthy,0.47751357151867757,n/a,323,27,0,0,0,0,0,0,0,0,0,0,0,0,0,0,0,0,0,0,0,0,0,0,0,0.0,0.0,0.0,2278.369578998536
174,datasets/prepared_new/uvvid_cannon_bottom/frame_000348.jpg,350,35,35,0.1,350,315,0.75,18,24,12.0,18.2257137298584,0.7657142857142857,0.10073866695165634,0.9536922574043274,0.38495463132858276,0.3895096182823181,1.6096539497375488,1.6840327978134155,0.0,nan,nan,161.1271514892578,32.41891098022461,15.960898399353027,138.76109313964844,0.0,0.0,0.23295504102519912,0.05932990461587906,0.25,0.5700320856911796,0.30835798475477433,1.0,0.7204202440049913,0.4409079015395221,0.4950508143113117,1.0,0.75,0.6073279696263129,0.39267203037368714,0.6073279696263129,0.6888888888888889,0.6984126984126984,0.6917736363495243,1.4266501718116553,1.0138234131134787,klt,n/a,0,nan,n/a,nan,n/a,n/a,n/a,n/a,n/a,n/a,n/a,False,n/a,False,n/a,False,n/a,0,0,0,0,nan,nan,nan,nan,nan,nan,nan,nan,nan,nan,0,nan,0,False,n/a,0.0,klt,healthy,normal,healthy,0.43161863365040953,n/a,315,35,0,0,0,0,0,0,0,0,0,0,0,0,0,0,0,0,0,0,0,0,0,0,0,0.0,0.0,0.0,2452.0856854505837
175,datasets/prepared_new/uvvid_cannon_bottom/frame_000350.jpg,350,35,35,0.1,350,315,0.75,18,24,12.0,17.1200008392334,0.7257142857142858,0.0831558108329773,0.9473955631256104,0.3809923529624939,0.38292503356933594,1.617980718612671,1.7179005146026611,0.0,nan,nan,161.22686767578125,32.40462112426758,15.781166076660156,141.1268768310547,0.0,0.0,0.23490842931410846,0.058686189353466034,0.25,0.5636130741664341,0.3136152818467882,1.0,0.7201026916503906,0.43621976964613973,0.4934290489012545,1.0,0.75,0.6058678980287587,0.39413210197124127,0.6058678980287587,0.6444444444444445,0.7841269841269841,0.7092955445430851,1.398203032204049,1.2167468804174022,klt,n/a,0,nan,n/a,nan,n/a,n/a,n/a,n/a,n/a,n/a,n/a,False,n/a,False,n/a,False,n/a,0,0,0,0,nan,nan,nan,nan,nan,nan,nan,nan,nan,nan,0,nan,0,False,n/a,0.0,klt,healthy,normal,healthy,0.5077565192347138,n/a,315,35,0,0,0,0,0,0,0,0,0,0,0,0,0,0,0,0,0,0,0,0,0,0,0,0.0,0.0,0.0,2348.29283086583
176,datasets/prepared_new/uvvid_cannon_bottom/frame_000352.jpg,350,40,40,0.11428571428571428,350,310,0.75,18,24,12.0,16.308570861816406,0.7028571428571428,0.09690742194652557,0.9526246786117554,0.3746667802333832,0.3809640109539032,1.631543517112732,1.7091915607452393,0.0,nan,nan,161.28451538085938,32.22220993041992,15.635919570922852,134.2104034423828,0.0,0.0,0.23153897154564945,0.05850158631801605,0.25,0.5584256989615304,0.2982453409830729,1.0,0.7160491095648871,0.4443064682904413,0.4909827055052073,1.0,0.75,0.6026196316979014,0.39738036830209855,0.6026196316979014,0.6709677419354839,0.7612903225806451,0.7122972948118484,1.4998007012616528,1.134613693604591,klt,n/a,0,nan,n/a,nan,n/a,n/a,n/a,n/a,n/a,n/a,n/a,False,n/a,False,n/a,False,n/a,0,0,0,0,nan,nan,nan,nan,nan,nan,nan,nan,nan,nan,0,nan,0,False,n/a,0.0,klt,healthy,normal,healthy,0.483710533619363,n/a,310,40,0,0,0,0,0,0,0,0,0,0,0,0,0,0,0,0,0,0,0,0,0,0,0,0.0,0.0,0.0,2350.248394999653
177,datasets/prepared_new/uvvid_cannon_bottom/frame_000354.jpg,350,32,32,0.09142857142857143,350,318,0.7916666666666666,19,24,12.0,16.145713806152344,0.7028571428571428,0.0872039645910263,0.9552289247512817,0.3702392578125,0.3834070563316345,1.6412436962127686,1.7197332382202148,0.0,nan,nan,160.94921875,32.3837890625,15.862101554870605,140.04559326171875,0.0,0.0,0.23154328589345888,0.05922919884324074,0.25,0.5665036269596645,0.3112124294704861,1.0,0.7196397569444445,0.44429611385569867,0.4944316940250421,1.0,0.75,0.6073148167025403,0.3926851832974597,0.6073148167025403,0.6226415094339622,0.6509433962264151,0.6765832157918117,1.604916406875045,1.0454528663938811,klt,n/a,0,nan,n/a,nan,n/a,n/a,n/a,n/a,n/a,n/a,n/a,False,n/a,False,n/a,False,n/a,0,0,0,0,nan,nan,nan,nan,nan,nan,nan,nan,nan,nan,0,nan,0,False,n/a,0.0,klt,healthy,normal,healthy,0.3829523448348761,n/a,318,32,0,0,0,0,0,0,0,0,0,0,0,0,0,0,0,0,0,0,0,0,0,0,0,0.0,0.0,0.0,2298.945756163448
178,datasets/prepared_new/uvvid_cannon_bottom/frame_000356.jpg,350,26,26,0.07428571428571429,350,324,0.875,21,24,12.0,16.305713653564453,0.7171428571428572,0.08413702994585037,0.9523762464523315,0.3540698289871216,0.37313854694366455,1.6781976222991943,1.7368055582046509,0.0,nan,nan,161.37158203125,32.37034606933594,15.634783744812012,134.77880859375,0.0,0.0,0.22961774040670951,0.057991527020931244,0.25,0.5583851337432861,0.29950846354166666,1.0,0.7193410237630208,0.44891742302389714,0.4914694369290814,1.0,0.75,0.6039117780965876,0.3960882219034124,0.6039117780965876,0.6234567901234568,0.7839506172839507,0.7308428502947493,1.6239743322016218,1.2574237257164003,klt,n/a,0,nan,n/a,nan,n/a,n/a,n/a,n/a,n/a,n/a,n/a,False,n/a,False,n/a,False,n/a,0,0,0,0,nan,nan,nan,nan,nan,nan,nan,nan,nan,nan,0,nan,0,False,n/a,0.0,klt,healthy,normal,healthy,0.49857134624715665,n/a,324,26,0,0,0,0,0,0,0,0,0,0,0,0,0,0,0,0,0,0,0,0,0,0,0,0.0,0.0,0.0,2254.9273618496954
179,datasets/prepared_new/uvvid_cannon_bottom/frame_000358.jpg,350,47,47,0.13428571428571429,350,303,0.8333333333333334,20,24,9.0,15.562856674194336,0.6857142857142857,0.09009084105491638,0.9524828195571899,0.35394567251205444,0.38322675228118896,1.678497314453125,1.7027591466903687,0.0,nan,nan,161.87973022460938,31.852771759033203,15.493053436279297,136.92742919921875,0.0,0.0,0.2255653650620404,0.057780832052230835,0.25,0.5533233370099749,0.3042831759982639,1.0,0.70783937242296,0.45864312385110306,0.4852397590574592,1.0,0.75,0.6027959754187214,0.39720402458127857,0.6027959754187214,0.6666666666666666,0.7623762376237624,0.6932439535155073,1.5430215487594658,1.143562641091682,klt,n/a,0,nan,n/a,nan,n/a,n/a,n/a,n/a,n/a,n/a,n/a,False,n/a,False,n/a,False,n/a,0,0,0,0,nan,nan,nan,nan,nan,nan,nan,nan,nan,nan,0,nan,0,False,n/a,0.0,klt,healthy,normal,healthy,0.48293187538217813,n/a,303,47,0,0,0,0,0,0,0,0,0,0,0,0,0,0,0,0,0,0,0,0,0,0,0,0.0,0.0,0.0,2263.3153409697115
