frame_index,frame_name,num_features,added_features,dropped_features,dropout_ratio,tracked_before_filter,tracked_after_filter,grid_coverage,grid_occupied,grid_total,median_track_age,mean_track_age,long_track_ratio,median_fb_error,median_ncc,median_quality,mean_quality,median_visual_sigma,mean_visual_sigma,low_texture_feature_ratio,low_texture_track_age_median,low_texture_quality_median,mean_intensity,contrast,gradient_mean,laplacian_var,underexposed_ratio,overexposed_ratio,illumination_nonuniformity,local_contrast,flat_region_ratio,texture_score,blur_score,exposure_score,contrast_score,illumination_score,backscatter_score,highlight_shadow_score,grid_texture_score,underwater_score,degradation_score,image_quality,fundamental_inlier_ratio,homography_inlier_ratio,median_epipolar_error,median_homography_error,planar_score,tracker_mode,tracker_recovery_reason,tracker_recovered_count,track_health_score,track_health_reason,frontend_state_score,frontend_state_reason,semidense_acceptance,geometry_safe_acceptance,learned_mode_before_sparse_homography,learned_mode_after_sparse_homography,base_learned_mode_before_sparse_override,learned_mode_after_sparse_override,learned_mode_sparse_homography_allowed,learned_mode_sparse_homography_reason,last_loftr_sparse_homography_check_allowed,last_loftr_sparse_homography_check_reason,loftr_sparse_homography_allowed,loftr_sparse_homography_reason,semidense_raw_candidates,semidense_post_validate_candidates,semidense_accepted_candidates,semidense_queued_pending,semidense_grid_gain,semidense_new_cell_ratio,semidense_before_f_inlier,semidense_after_f_inlier,semidense_before_h_inlier,semidense_after_h_inlier,semidense_before_epipolar,semidense_after_epipolar,semidense_before_homography,semidense_after_homography,pending_loftr_count,pending_loftr_age_median,loftr_confirmed_promoted,klt_degeneracy_loftr_allowed,klt_degeneracy_loftr_reason,klt_degeneracy_loftr_score,scheduler_mode,scheduler_reason,geometry_mode,geometry_reason,planar_confidence,adaptive_geometry_model,klt_tracks,gftt_tracks,orb_tracks,orb_match_tracks,orb_recovery_tracks,lk_recovery_tracks,homography_recovery_tracks,xfeat_tracks,xfeat_recovery_tracks,xfeat_init_tracks,xfeat_confirmed_tracks,xfeat_star_tracks,xfeat_star_recovery_tracks,xfeat_star_init_tracks,xfeat_star_confirmed_tracks,superpoint_lightglue_tracks,superpoint_lightglue_recovery_tracks,superpoint_lightglue_init_tracks,superpoint_lightglue_confirmed_tracks,learned_memory_tracks,loftr_tracks,loftr_recovery_tracks,loftr_init_tracks,loftr_confirmed_tracks,candidate_bank_count,candidate_bank_coverage,candidate_bank_grid_gain,stable_candidate_grid_coverage,runtime_ms
0,/home/ma/AQUA-FE_WS/datasets/prepared_new/tank_short_left/frame_000000.jpg,350,350,0,0.0,0,0,1.0,24,24,1.0,1.0,0.0,0.0,1.0,0.9558385610580444,0.9558386206626892,1.0223054885864258,1.0223056077957153,0.0,nan,nan,130.2323760986328,47.592742919921875,93.3680648803711,5473.603515625,0.0,0.00017233455882352942,0.1297966182933134,0.2850032448768616,0.0,1.0,1.0,0.9995691636029411,1.0,0.6884881160960479,1.0,0.99169921875,1.0,0.9558385890107994,0.04416141098920057,0.9558385890107994,0.0,0.0,nan,nan,0.0,klt,n/a,0,nan,n/a,nan,n/a,n/a,n/a,n/a,n/a,n/a,n/a,False,n/a,False,n/a,False,n/a,0,0,0,0,nan,nan,nan,nan,nan,nan,nan,nan,nan,nan,0,nan,0,False,n/a,0.0,klt,healthy,normal,healthy,0.0,n/a,0,350,0,0,0,0,0,0,0,0,0,0,0,0,0,0,0,0,0,0,0,0,0,0,0,0.0,0.0,0.0,173.2012638822198
1,/home/ma/AQUA-FE_WS/datasets/prepared_new/tank_short_left/frame_000001.jpg,350,87,87,0.24857142857142858,350,263,1.0,24,24,2.0,1.7514286041259766,0.0,0.005094604566693306,0.9764080047607422,0.4966655671596527,0.5776075124740601,1.4175266027450562,1.3935762643814087,0.0,nan,nan,130.2366485595703,47.57048797607422,93.52992248535156,5439.4287109375,6.382761437908497e-06,0.00010850694444444444,0.13013618618834258,0.2848464250564575,0.0,1.0,1.0,0.9997127757352942,1.0,0.6876731531479778,1.0,0.9928366268382353,1.0,0.9558099721392463,0.044190027860753656,0.9558099721392463,0.9809885931558935,0.9923954372623575,0.18870175225165356,0.11505923160202937,1.0116268757446965,klt,n/a,0,nan,n/a,nan,n/a,n/a,n/a,n/a,n/a,n/a,n/a,False,n/a,False,n/a,False,n/a,0,0,0,0,nan,nan,nan,nan,nan,nan,nan,nan,nan,nan,0,nan,0,False,n/a,0.0,klt,healthy,normal,healthy,0.6453976307359188,n/a,263,87,0,0,0,0,0,0,0,0,0,0,0,0,0,0,0,0,0,0,0,0,0,0,0,0.0,0.0,0.0,188.69086727499962
2,/home/ma/AQUA-FE_WS/datasets/prepared_new/tank_short_left/frame_000002.jpg,350,66,66,0.18857142857142858,350,284,1.0,24,24,3.0,2.5514285564422607,0.0,0.005276591517031193,0.9624260067939758,0.49980154633522034,0.5444051623344421,1.4130816459655762,1.433293104171753,0.0,nan,nan,130.22103881835938,47.5704460144043,93.49549102783203,5473.72607421875,6.382761437908497e-06,0.00013084660947712418,0.13002511417164525,0.2840754985809326,0.0,1.0,1.0,0.9996569265727124,1.0,0.6879397259880514,1.0,0.9919577205882353,1.0,0.9557878560623467,0.04421214393765327,0.9557878560623467,0.9647887323943662,0.9859154929577465,0.16808752076493338,0.14648727135447714,1.0218967510267252,klt,n/a,0,nan,n/a,nan,n/a,n/a,n/a,n/a,n/a,n/a,n/a,False,n/a,False,n/a,False,n/a,0,0,0,0,nan,nan,nan,nan,nan,nan,nan,nan,nan,nan,0,nan,0,False,n/a,0.0,klt,healthy,normal,healthy,0.644140509145821,n/a,284,66,0,0,0,0,0,0,0,0,0,0,0,0,0,0,0,0,0,0,0,0,0,0,0,0.0,0.0,0.0,174.98091189190745
3,/home/ma/AQUA-FE_WS/datasets/prepared_new/tank_short_left/frame_000003.jpg,350,52,52,0.14857142857142858,350,298,1.0,24,24,4.0,3.3714284896850586,0.0,0.0065134321339428425,0.9612383842468262,0.5177468061447144,0.5392096638679504,1.3884246349334717,1.4302589893341064,0.0,nan,nan,130.22348022460938,47.603904724121094,93.51045227050781,5537.140625,6.382761437908497e-06,0.00016914317810457516,0.1299263927983302,0.2852940261363983,0.0,1.0,1.0,0.9995611851511438,1.0,0.6881766572840076,1.0,0.9922966452205882,1.0,0.9558298729511334,0.04417012704886658,0.9558298729511334,0.9731543624161074,0.9899328859060402,0.0857783380292918,0.1352488103455829,1.0172403340082083,klt,n/a,0,nan,n/a,nan,n/a,n/a,n/a,n/a,n/a,n/a,n/a,False,n/a,False,n/a,False,n/a,0,0,0,0,nan,nan,nan,nan,nan,nan,nan,nan,nan,nan,0,nan,0,False,n/a,0.0,klt,healthy,normal,healthy,0.6445900475861768,n/a,298,52,0,0,0,0,0,0,0,0,0,0,0,0,0,0,0,0,0,0,0,0,0,0,0,0.0,0.0,0.0,187.9036440514028
4,/home/ma/AQUA-FE_WS/datasets/prepared_new/tank_short_left/frame_000004.jpg,350,49,49,0.14,350,301,0.9583333333333334,23,24,5.0,4.154285907745361,0.7085714285714285,0.006161020137369633,0.9458180665969849,0.5221289396286011,0.5411356091499329,1.3825970888137817,1.4200153350830078,0.0,nan,nan,130.21426391601562,47.57293701171875,93.58634185791016,5537.978515625,0.0,0.00016595179738562092,0.12966538672353703,0.28456389904022217,0.0,1.0,1.0,0.9995851205065359,1.0,0.6888030718635112,1.0,0.9918543198529411,1.0,0.9558939037128524,0.04410609628714757,0.9558939037128524,0.9767441860465116,0.9867109634551495,0.16630314322362189,0.1367648449912927,1.0102030473771522,klt,n/a,0,nan,n/a,nan,n/a,n/a,n/a,n/a,n/a,n/a,n/a,False,n/a,False,n/a,False,n/a,0,0,0,0,nan,nan,nan,nan,nan,nan,nan,nan,nan,nan,0,nan,0,False,n/a,0.0,klt,healthy,normal,healthy,0.6445294062003484,n/a,301,49,0,0,0,0,0,0,0,0,0,0,0,0,0,0,0,0,0,0,0,0,0,0,0,0.0,0.0,0.0,194.35846619307995
5,/home/ma/AQUA-FE_WS/datasets/prepared_new/tank_short_left/frame_000005.jpg,350,40,40,0.11428571428571428,350,310,1.0,24,24,6.0,4.965714454650879,0.7485714285714286,0.007632764056324959,0.9581835269927979,0.556485652923584,0.5524024963378906,1.3393163681030273,1.4079291820526123,0.0,nan,nan,130.21746826171875,47.59001541137695,93.55946350097656,5445.68017578125,6.382761437908497e-06,0.00012765522875816994,0.13022298177083333,0.28527742624282837,0.0,1.0,1.0,0.9996649050245098,1.0,0.6874648437499999,1.0,0.9920094209558824,1.0,0.9557254319852939,0.044274568014706084,0.9557254319852939,0.9903225806451613,0.9935483870967742,0.1543465051708699,0.1323329686387691,1.0032563159301044,klt,n/a,0,nan,n/a,nan,n/a,n/a,n/a,n/a,n/a,n/a,n/a,False,n/a,False,n/a,False,n/a,0,0,0,0,nan,nan,nan,nan,nan,nan,nan,nan,nan,nan,0,nan,0,False,n/a,0.0,klt,healthy,normal,healthy,0.6447066812544493,n/a,310,40,0,0,0,0,0,0,0,0,0,0,0,0,0,0,0,0,0,0,0,0,0,0,0,0.0,0.0,0.0,185.74177101254463
6,/home/ma/AQUA-FE_WS/datasets/prepared_new/tank_short_left/frame_000006.jpg,350,43,43,0.12285714285714286,350,307,1.0,24,24,7.0,5.762856960296631,0.7857142857142857,0.005984321236610413,0.9699582457542419,0.5969443917274475,0.5894370675086975,1.2932116985321045,1.3487504720687866,0.0,nan,nan,130.2382049560547,47.63048553466797,93.67245483398438,5465.60693359375,0.0,0.00017233455882352942,0.1300652776979933,0.28508615493774414,0.0,1.0,1.0,0.9995691636029411,1.0,0.6878433335248161,1.0,0.9917796415441177,1.0,0.9557531448184742,0.044246855181525824,0.9557531448184742,0.9771986970684039,0.9674267100977199,0.1195464110220187,0.12075461870340687,0.9899989869010367,klt,n/a,0,nan,n/a,nan,n/a,n/a,n/a,n/a,n/a,n/a,n/a,False,n/a,False,n/a,False,n/a,0,0,0,0,nan,nan,nan,nan,nan,nan,nan,nan,nan,nan,0,nan,0,False,n/a,0.0,klt,healthy,normal,healthy,0.6451698152518638,n/a,307,43,0,0,0,0,0,0,0,0,0,0,0,0,0,0,0,0,0,0,0,0,0,0,0,0.0,0.0,0.0,180.7641531340778
7,/home/ma/AQUA-FE_WS/datasets/prepared_new/tank_short_left/frame_000007.jpg,350,39,39,0.11142857142857143,350,311,0.9583333333333334,23,24,8.0,6.6028571128845215,0.8114285714285714,0.00598398270085454,0.9642494320869446,0.6066015958786011,0.594160795211792,1.2828938961029053,1.3425469398498535,0.0,nan,nan,130.23941040039062,47.59990692138672,93.59288787841797,5451.54931640625,0.0,0.00013403799019607844,0.13029833625344672,0.28460970520973206,0.0,1.0,1.0,0.9996649050245098,1.0,0.6872839929917278,1.0,0.9923023897058824,1.0,0.9557176910041361,0.04428230899586394,0.9557176910041361,0.9742765273311897,0.9903536977491961,0.12240493253217806,0.11728471604772535,1.0165006068261098,klt,n/a,0,nan,n/a,nan,n/a,n/a,n/a,n/a,n/a,n/a,n/a,False,n/a,False,n/a,False,n/a,0,0,0,0,nan,nan,nan,nan,nan,nan,nan,nan,nan,nan,0,nan,0,False,n/a,0.0,klt,healthy,normal,healthy,0.645308611358091,n/a,311,39,0,0,0,0,0,0,0,0,0,0,0,0,0,0,0,0,0,0,0,0,0,0,0,0.0,0.0,0.0,179.92529971525073
8,/home/ma/AQUA-FE_WS/datasets/prepared_new/tank_short_left/frame_000008.jpg,350,41,41,0.11714285714285715,350,309,0.9583333333333334,23,24,9.0,7.351428508758545,0.8171428571428572,0.006420486606657505,0.9696546196937561,0.6286302804946899,0.6160773634910583,1.260251760482788,1.31401526927948,0.0,nan,nan,130.25238037109375,47.60293197631836,93.6167221069336,5452.39501953125,3.1913807189542485e-06,0.00017552593954248366,0.12989572562423402,0.2847517728805542,0.0,1.0,1.0,0.9995532066993464,1.0,0.6882502585018384,1.0,0.9922564338235295,1.0,0.9558368070235908,0.04416319297640925,0.9558368070235908,0.9935275080906149,1.0,0.08021869351966196,0.13535488866533985,1.006513644909719,klt,n/a,0,nan,n/a,nan,n/a,n/a,n/a,n/a,n/a,n/a,n/a,False,n/a,False,n/a,False,n/a,0,0,0,0,nan,nan,nan,nan,nan,nan,nan,nan,nan,nan,0,nan,0,False,n/a,0.0,klt,healthy,normal,healthy,0.6445858044533864,n/a,309,41,0,0,0,0,0,0,0,0,0,0,0,0,0,0,0,0,0,0,0,0,0,0,0,0.0,0.0,0.0,180.50352903082967
9,/home/ma/AQUA-FE_WS/datasets/prepared_new/tank_short_left/frame_000009.jpg,350,34,34,0.09714285714285714,350,316,0.9583333333333334,23,24,10.0,8.217143058776855,0.8285714285714286,0.006630119867622852,0.9579957723617554,0.6378023624420166,0.6176199913024902,1.2511712312698364,1.3124028444290161,0.0,nan,nan,130.23233032226562,47.65296173095703,93.53858184814453,5456.33349609375,0.0,9.25500408496732e-05,0.13005272061217066,0.2854948043823242,0.0,1.0,1.0,0.9997686248978758,1.0,0.6878734705307905,1.0,0.9922047334558823,1.0,0.9558068048694086,0.04419319513059139,0.9558068048694086,0.9715189873417721,0.9968354430379747,0.3258092007922161,0.12719303362654455,1.0260575757843846,klt,n/a,0,nan,n/a,nan,n/a,n/a,n/a,n/a,n/a,n/a,n/a,False,n/a,False,n/a,False,n/a,0,0,0,0,nan,nan,nan,nan,nan,nan,nan,nan,nan,nan,0,nan,0,False,n/a,0.0,klt,healthy,normal,healthy,0.6449122786549383,n/a,316,34,0,0,0,0,0,0,0,0,0,0,0,0,0,0,0,0,0,0,0,0,0,0,0,0.0,0.0,0.0,183.64233803004026
10,/home/ma/AQUA-FE_WS/datasets/prepared_new/tank_short_left/frame_000010.jpg,350,33,33,0.09428571428571429,350,317,1.0,24,24,11.0,9.031428337097168,0.8314285714285714,0.006182926241308451,0.9585006833076477,0.6544132828712463,0.631406843662262,1.2352145910263062,1.2966614961624146,0.0,nan,nan,130.2598876953125,47.64323425292969,93.67506408691406,5504.03662109375,3.1913807189542485e-06,0.0001851000816993464,0.12966761570350793,0.28578269481658936,0.0,1.0,1.0,0.9995292713439542,1.0,0.688797722311581,1.0,0.9920496323529412,1.0,0.9558981716260722,0.04410182837392784,0.9558981716260722,0.9810725552050473,0.9936908517350158,0.11765184983989206,0.12255206712053518,1.0128607039329802,klt,n/a,0,nan,n/a,nan,n/a,n/a,n/a,n/a,n/a,n/a,n/a,False,n/a,False,n/a,False,n/a,0,0,0,0,nan,nan,nan,nan,nan,nan,nan,nan,nan,nan,0,nan,0,False,n/a,0.0,klt,healthy,normal,healthy,0.6450979173151786,n/a,317,33,0,0,0,0,0,0,0,0,0,0,0,0,0,0,0,0,0,0,0,0,0,0,0,0.0,0.0,0.0,180.9697961434722
11,/home/ma/AQUA-FE_WS/datasets/prepared_new/tank_short_left/frame_000011.jpg,350,29,29,0.08285714285714285,350,321,1.0,24,24,12.0,9.880000114440918,0.8485714285714285,0.006582644768059254,0.9602134227752686,0.6852877140045166,0.6417967081069946,1.2071101665496826,1.2873886823654175,0.0,nan,nan,130.24029541015625,47.63425064086914,93.86418914794922,5562.71044921875,0.0,0.00012765522875816994,0.12941726086186425,0.2862986922264099,0.0,1.0,1.0,0.9996808619281046,1.0,0.6893985739315258,1.0,0.9922679227941177,1.0,0.9560135791494331,0.04398642085056692,0.9560135791494331,0.9844236760124611,0.9968847352024922,0.10306217147724044,0.12844325504413653,1.012657199167845,klt,n/a,0,nan,n/a,nan,n/a,n/a,n/a,n/a,n/a,n/a,n/a,False,n/a,False,n/a,False,n/a,0,0,0,0,nan,nan,nan,nan,nan,nan,nan,nan,nan,nan,0,nan,0,False,n/a,0.0,klt,healthy,normal,healthy,0.6448622697982346,n/a,321,29,0,0,0,0,0,0,0,0,0,0,0,0,0,0,0,0,0,0,0,0,0,0,0,0.0,0.0,0.0,178.83476288989186
12,/home/ma/AQUA-FE_WS/datasets/prepared_new/tank_short_left/frame_000012.jpg,350,28,28,0.08,350,322,0.9583333333333334,23,24,13.0,10.717143058776855,0.8542857142857143,0.006243335083127022,0.9592215418815613,0.6987104415893555,0.6606343984603882,1.1954762935638428,1.2631698846817017,0.0,nan,nan,130.22915649414062,47.65166091918945,93.75588989257812,5500.5419921875,3.1913807189542485e-06,0.0001053155637254902,0.12952075434666055,0.2870303988456726,0.0,1.0,1.0,0.9997287326388888,1.0,0.6891501895680148,1.0,0.9925091911764706,1.0,0.9559990259267768,0.04400097407322323,0.9559990259267768,0.9720496894409938,0.9906832298136646,0.13204671641152532,0.13184939002055446,1.0191682806000435,klt,n/a,0,nan,n/a,nan,n/a,n/a,n/a,n/a,n/a,n/a,n/a,False,n/a,False,n/a,False,n/a,0,0,0,0,nan,nan,nan,nan,nan,nan,nan,nan,nan,nan,0,nan,0,False,n/a,0.0,klt,healthy,normal,healthy,0.6447260243991779,n/a,322,28,0,0,0,0,0,0,0,0,0,0,0,0,0,0,0,0,0,0,0,0,0,0,0,0.0,0.0,0.0,188.79891000688076
13,/home/ma/AQUA-FE_WS/datasets/prepared_new/tank_short_left/frame_000013.jpg,350,32,32,0.09142857142857143,350,318,0.9583333333333334,23,24,14.0,11.497142791748047,0.8657142857142858,0.005621980410069227,0.9720172882080078,0.749570369720459,0.7025059461593628,1.154261827468872,1.2186089754104614,0.0,nan,nan,130.22607421875,47.63071060180664,93.58332824707031,5464.38427734375,0.0,0.00016595179738562092,0.12955224429859838,0.2862526774406433,0.0,1.0,1.0,0.9995851205065359,1.0,0.6890746136833639,1.0,0.9928136488970588,1.0,0.9559894793102788,0.04401052068972122,0.9559894793102788,0.9842767295597484,0.9937106918238994,0.1283100696182076,0.1206272642511508,1.0095836388255681,klt,n/a,0,nan,n/a,nan,n/a,n/a,n/a,n/a,n/a,n/a,n/a,False,n/a,False,n/a,False,n/a,0,0,0,0,nan,nan,nan,nan,nan,nan,nan,nan,nan,nan,0,nan,0,False,n/a,0.0,klt,healthy,normal,healthy,0.645174909429954,n/a,318,32,0,0,0,0,0,0,0,0,0,0,0,0,0,0,0,0,0,0,0,0,0,0,0,0.0,0.0,0.0,180.88882695883512
14,/home/ma/AQUA-FE_WS/datasets/prepared_new/tank_short_left/frame_000014.jpg,350,26,26,0.07428571428571429,350,324,0.9583333333333334,23,24,15.0,12.382857322692871,0.8714285714285714,0.0072965617291629314,0.9643542766571045,0.7613354325294495,0.7023097276687622,1.1453202962875366,1.2326126098632812,0.0,nan,nan,130.23948669433594,47.61859130859375,93.75550079345703,5464.0673828125,0.0,0.0001851000816993464,0.12950719496783086,0.2860673666000366,0.0,1.0,1.0,0.9995372497957516,1.0,0.6891827320772059,1.0,0.9923253676470588,1.0,0.9559695745251224,0.044030425474877566,0.9559695745251224,0.9814814814814815,0.9969135802469136,0.10188085851466337,0.12944457759982453,1.0157222355534454,klt,n/a,0,nan,n/a,nan,n/a,n/a,n/a,n/a,n/a,n/a,n/a,False,n/a,False,n/a,False,n/a,0,0,0,0,nan,nan,nan,nan,nan,nan,nan,nan,nan,nan,0,nan,0,False,n/a,0.0,klt,healthy,normal,healthy,0.644822216896007,n/a,324,26,0,0,0,0,0,0,0,0,0,0,0,0,0,0,0,0,0,0,0,0,0,0,0,0.0,0.0,0.0,177.9432687908411
15,/home/ma/AQUA-FE_WS/datasets/prepared_new/tank_short_left/frame_000015.jpg,350,28,28,0.08,350,322,0.9583333333333334,23,24,16.0,13.15999984741211,0.8714285714285714,0.005937033798545599,0.9678685665130615,0.7849818468093872,0.7282801866531372,1.127960205078125,1.2060484886169434,0.0,nan,nan,130.23150634765625,47.61845397949219,93.61482238769531,5448.80029296875,0.0,0.00014680351307189542,0.12941659366383274,0.2867128252983093,0.0,1.0,1.0,0.9996329912173203,1.0,0.6894001752068015,1.0,0.9923713235294118,1.0,0.9560142628867954,0.04398573711320464,0.9560142628867954,0.984472049689441,0.9968944099378882,0.12788858357136357,0.11914215451031016,1.0126172679408194,klt,n/a,0,nan,n/a,nan,n/a,n/a,n/a,n/a,n/a,n/a,n/a,False,n/a,False,n/a,False,n/a,0,0,0,0,nan,nan,nan,nan,nan,nan,nan,nan,nan,nan,0,nan,0,False,n/a,0.0,klt,healthy,normal,healthy,0.6452343138195876,n/a,322,28,0,0,0,0,0,0,0,0,0,0,0,0,0,0,0,0,0,0,0,0,0,0,0,0.0,0.0,0.0,176.6061489470303
16,/home/ma/AQUA-FE_WS/datasets/prepared_new/tank_short_left/frame_000016.jpg,350,24,24,0.06857142857142857,350,326,0.9166666666666666,22,24,17.0,14.0600004196167,0.8742857142857143,0.0057226307690143585,0.9603055715560913,0.7913004159927368,0.7242765426635742,1.1234533786773682,1.2138848304748535,0.0,nan,nan,130.22084045410156,47.622867584228516,93.74046325683594,5451.0205078125,0.0,0.00015318627450980392,0.12951493805530026,0.2861401438713074,0.0,1.0,1.0,0.9996170343137255,1.0,0.6891641486672794,1.0,0.9927504595588236,1.0,0.9560020525045956,0.04399794749540442,0.9560020525045956,0.9631901840490797,0.9447852760736196,0.07480248008436621,0.12836285506901896,0.9808907013682527,klt,n/a,0,nan,n/a,nan,n/a,n/a,n/a,n/a,n/a,n/a,n/a,False,n/a,False,n/a,False,n/a,0,0,0,0,nan,nan,nan,nan,nan,nan,nan,nan,nan,nan,0,nan,0,False,n/a,0.0,klt,healthy,normal,healthy,0.6403026023616565,n/a,326,24,0,0,0,0,0,0,0,0,0,0,0,0,0,0,0,0,0,0,0,0,0,0,0,0.0,0.0,0.0,179.2933908291161
17,/home/ma/AQUA-FE_WS/datasets/prepared_new/tank_short_left/frame_000017.jpg,350,26,26,0.07428571428571429,350,324,0.9583333333333334,23,24,18.0,14.85428524017334,0.8857142857142857,0.007019214332103729,0.9625641107559204,0.806092381477356,0.7501429319381714,1.1131107807159424,1.1860427856445312,0.0,nan,nan,130.22158813476562,47.618003845214844,93.84243774414062,5489.12109375,0.0,0.00014361213235294118,0.12956027161841294,0.28631919622421265,0.0,1.0,1.0,0.9996409696691176,1.0,0.689055348115809,1.0,0.9922909007352941,1.0,0.9559621191406251,0.04403788085937488,0.9559621191406251,0.9876543209876543,0.904320987654321,0.0895751132661358,0.13444552180358868,0.9156240729306262,klt,n/a,0,nan,n/a,nan,n/a,n/a,n/a,n/a,n/a,n/a,n/a,False,n/a,False,n/a,False,n/a,0,0,0,0,nan,nan,nan,nan,nan,nan,nan,nan,nan,nan,0,nan,0,False,n/a,0.0,klt,healthy,normal,healthy,0.5974160060476243,n/a,324,26,0,0,0,0,0,0,0,0,0,0,0,0,0,0,0,0,0,0,0,0,0,0,0,0.0,0.0,0.0,174.3754637427628
18,/home/ma/AQUA-FE_WS/datasets/prepared_new/tank_short_left/frame_000018.jpg,350,29,29,0.08285714285714285,350,321,0.9583333333333334,23,24,19.0,15.720000267028809,0.8885714285714286,0.007055311463773251,0.9680752158164978,0.8471380472183228,0.7801907062530518,1.085842251777649,1.1596062183380127,0.0,nan,nan,130.2305908203125,47.66917419433594,93.7099609375,5520.7705078125,0.0,0.00017552593954248366,0.12918192545572912,0.28687745332717896,0.0,1.0,1.0,0.9995611851511438,1.0,0.68996337890625,1.0,0.9924230238970588,1.0,0.9560875966988356,0.043912403301164415,0.9560875966988356,0.9781931464174455,1.0,0.16049615438427176,0.13052510911084605,1.0222919485486768,klt,n/a,0,nan,n/a,nan,n/a,n/a,n/a,n/a,n/a,n/a,n/a,False,n/a,False,n/a,False,n/a,0,0,0,0,nan,nan,nan,nan,nan,nan,nan,nan,nan,nan,0,nan,0,False,n/a,0.0,klt,healthy,normal,healthy,0.6447789956355662,n/a,321,29,0,0,0,0,0,0,0,0,0,0,0,0,0,0,0,0,0,0,0,0,0,0,0,0.0,0.0,0.0,181.4949861727655
19,/home/ma/AQUA-FE_WS/datasets/prepared_new/tank_short_left/frame_000019.jpg,350,28,28,0.08,350,322,0.9583333333333334,23,24,20.0,16.545713424682617,0.8885714285714286,0.0076694972813129425,0.9592257738113403,0.8568228483200073,0.7870479822158813,1.0796961784362793,1.158463716506958,0.0,nan,nan,130.20957946777344,47.673580169677734,93.72090911865234,5439.357421875,6.382761437908497e-06,0.00015318627450980392,0.1291375852098652,0.2865508198738098,0.0,1.0,1.0,0.9996010774101307,1.0,0.6900697954963235,1.0,0.9916015625,1.0,0.9560579944087009,0.04394200559129913,0.9560579944087009,0.984472049689441,0.9968944099378882,0.1460264762259833,0.12869778927851494,1.0126172679408194,klt,n/a,0,nan,n/a,nan,n/a,n/a,n/a,n/a,n/a,n/a,n/a,False,n/a,False,n/a,False,n/a,0,0,0,0,nan,nan,nan,nan,nan,nan,nan,nan,nan,nan,0,nan,0,False,n/a,0.0,klt,healthy,normal,healthy,0.6448520884288594,n/a,322,28,0,0,0,0,0,0,0,0,0,0,0,0,0,0,0,0,0,0,0,0,0,0,0,0.0,0.0,0.0,174.57897681742907
20,/home/ma/AQUA-FE_WS/datasets/prepared_new/tank_short_left/frame_000020.jpg,350,29,29,0.08285714285714285,350,321,1.0,24,24,21.0,17.337142944335938,0.8828571428571429,0.007035345770418644,0.9605016708374023,0.8481513857841492,0.781944990158081,1.0851960182189941,1.1613165140151978,0.0,nan,nan,130.22390747070312,47.66790008544922,93.69302368164062,5497.21728515625,3.1913807189542485e-06,0.00011488970588235294,0.1290739321241192,0.28674617409706116,0.0,1.0,1.0,0.9997047972834967,1.0,0.6902225629021139,1.0,0.9916417738970589,1.0,0.9560942409141389,0.04390575908586114,0.9560942409141389,0.9844236760124611,0.9844236760124611,0.10295006491130365,0.12498776979345526,0.9999989841782471,klt,n/a,0,nan,n/a,nan,n/a,n/a,n/a,n/a,n/a,n/a,n/a,False,n/a,False,n/a,False,n/a,0,0,0,0,nan,nan,nan,nan,nan,nan,nan,nan,nan,nan,0,nan,0,False,n/a,0.0,klt,healthy,normal,healthy,0.6450004892082618,n/a,321,29,0,0,0,0,0,0,0,0,0,0,0,0,0,0,0,0,0,0,0,0,0,0,0,0.0,0.0,0.0,177.05682618543506
21,/home/ma/AQUA-FE_WS/datasets/prepared_new/tank_short_left/frame_000021.jpg,350,25,25,0.07142857142857142,350,325,0.9583333333333334,23,24,22.0,18.18857192993164,0.88,0.006274902727454901,0.9665845036506653,0.8550233840942383,0.7865719199180603,1.0808296203613281,1.166208267211914,0.0,nan,nan,130.21820068359375,47.6807861328125,93.96279907226562,5483.80908203125,0.0,0.00021701388888888888,0.1287102134554994,0.2876657247543335,0.0,1.0,1.0,0.9994574652777778,1.0,0.6910954877068014,1.0,0.9919289981617647,1.0,0.9562040040019915,0.04379599599800854,0.9562040040019915,0.9753846153846154,0.9692307692307692,0.11453781362668483,0.10971178504583905,0.9936898329678369,klt,n/a,0,nan,n/a,nan,n/a,n/a,n/a,n/a,n/a,n/a,n/a,False,n/a,False,n/a,False,n/a,0,0,0,0,nan,nan,nan,nan,nan,nan,nan,nan,nan,nan,0,nan,0,False,n/a,0.0,klt,healthy,normal,healthy,0.6456115285981665,n/a,325,25,0,0,0,0,0,0,0,0,0,0,0,0,0,0,0,0,0,0,0,0,0,0,0,0.0,0.0,0.0,176.0855708271265
22,/home/ma/AQUA-FE_WS/datasets/prepared_new/tank_short_left/frame_000022.jpg,350,25,25,0.07142857142857142,350,325,0.9583333333333334,23,24,23.0,19.082857131958008,0.8885714285714286,0.006882592104375362,0.9608311653137207,0.8639991283416748,0.7939414978027344,1.0752078294754028,1.153714895248413,0.0,nan,nan,130.2069091796875,47.64947509765625,93.77969360351562,5445.90478515625,0.0,0.00016914317810457516,0.12887919407264856,0.28632915019989014,0.0,1.0,1.0,0.9995771420547386,1.0,0.6906899342256434,1.0,0.9924230238970588,1.0,0.9561912292719821,0.04380877072801792,0.9561912292719821,0.9846153846153847,0.9969230769230769,0.17107811376685655,0.11919980538471568,1.0124989716807318,klt,n/a,0,nan,n/a,nan,n/a,n/a,n/a,n/a,n/a,n/a,n/a,False,n/a,False,n/a,False,n/a,0,0,0,0,nan,nan,nan,nan,nan,nan,nan,nan,nan,nan,0,nan,0,False,n/a,0.0,klt,healthy,normal,healthy,0.6452320077846114,n/a,325,25,0,0,0,0,0,0,0,0,0,0,0,0,0,0,0,0,0,0,0,0,0,0,0,0.0,0.0,0.0,181.6904479637742
23,/home/ma/AQUA-FE_WS/datasets/prepared_new/tank_short_left/frame_000023.jpg,350,25,25,0.07142857142857142,350,325,0.9166666666666666,22,24,24.0,19.92571449279785,0.8914285714285715,0.006611265242099762,0.9726747274398804,0.8882180452346802,0.8115835189819336,1.0604639053344727,1.1400846242904663,0.0,nan,nan,130.22137451171875,47.64418029785156,93.81062316894531,5480.17236328125,0.0,0.00022658803104575164,0.12910241818895526,0.2859657406806946,0.0,1.0,1.0,0.9994335299223857,1.0,0.6901541963465074,1.0,0.9913890165441176,1.0,0.9560369520718444,0.04396304792815564,0.9560369520718444,0.9815384615384616,0.9969230769230769,0.10129342112655855,0.10590454165519042,1.0156729464147096,klt,n/a,0,nan,n/a,nan,n/a,n/a,n/a,n/a,n/a,n/a,n/a,False,n/a,False,n/a,False,n/a,0,0,0,0,nan,nan,nan,nan,nan,nan,nan,nan,nan,nan,0,nan,0,False,n/a,0.0,klt,healthy,normal,healthy,0.6457638183337924,n/a,325,25,0,0,0,0,0,0,0,0,0,0,0,0,0,0,0,0,0,0,0,0,0,0,0,0.0,0.0,0.0,178.29260602593422
24,/home/ma/AQUA-FE_WS/datasets/prepared_new/tank_short_left/frame_000024.jpg,350,28,28,0.08,350,322,0.9583333333333334,23,24,25.0,20.648571014404297,0.8828571428571429,0.006822571624070406,0.9660246968269348,0.8721023797988892,0.8054943084716797,1.0702061653137207,1.1412811279296875,0.0,nan,nan,130.2392578125,47.65873336791992,93.93732452392578,5501.9892578125,3.1913807189542485e-06,0.00011808108660130719,0.12944839178347117,0.2863774597644806,0.0,1.0,1.0,0.9996968188316994,1.0,0.6893238597196691,1.0,0.9922966452205882,1.0,0.9560067573337929,0.04399324266620708,0.9560067573337929,0.9906832298136646,0.9472049689440993,0.1420952329163175,0.14191296283178279,0.9561118875610413,klt,n/a,0,nan,n/a,nan,n/a,n/a,n/a,n/a,n/a,n/a,n/a,False,n/a,False,n/a,False,n/a,0,0,0,0,nan,nan,nan,nan,nan,nan,nan,nan,nan,nan,0,nan,0,False,n/a,0.0,klt,healthy,normal,healthy,0.6418778293128156,n/a,322,28,0,0,0,0,0,0,0,0,0,0,0,0,0,0,0,0,0,0,0,0,0,0,0,0.0,0.0,0.0,178.51968901231885
25,/home/ma/AQUA-FE_WS/datasets/prepared_new/tank_short_left/frame_000025.jpg,350,27,27,0.07714285714285714,350,323,1.0,24,24,26.0,21.562856674194336,0.8942857142857142,0.006416606716811657,0.964888870716095,0.86151123046875,0.8018256425857544,1.0767568349838257,1.1466916799545288,0.0,nan,nan,130.2317657470703,47.623443603515625,93.5364761352539,5400.61767578125,1.914828431372549e-05,0.00017552593954248366,0.129324675915288,0.28548118472099304,0.0,1.0,1.0,0.9995133144403595,1.0,0.6896207778033088,1.0,0.9920036764705882,1.0,0.9560087272135416,0.043991272786458424,0.9560087272135416,0.9907120743034056,1.0,0.11545721120717892,0.12235711176254956,1.0093739811631377,klt,n/a,0,nan,n/a,nan,n/a,n/a,n/a,n/a,n/a,n/a,n/a,False,n/a,False,n/a,False,n/a,0,0,0,0,nan,nan,nan,nan,nan,nan,nan,nan,nan,nan,0,nan,0,False,n/a,0.0,klt,healthy,normal,healthy,0.645105715529498,n/a,323,27,0,0,0,0,0,0,0,0,0,0,0,0,0,0,0,0,0,0,0,0,0,0,0,0.0,0.0,0.0,178.06729301810265
26,/home/ma/AQUA-FE_WS/datasets/prepared_new/tank_short_left/frame_000026.jpg,350,28,28,0.08,350,322,0.9166666666666666,22,24,27.0,22.431428909301758,0.8885714285714286,0.00705505907535553,0.9678874611854553,0.8799735903739929,0.8139190077781677,1.0654144287109375,1.1364848613739014,0.0,nan,nan,130.2286834716797,47.64281463623047,93.61009216308594,5441.87255859375,3.1913807189542485e-06,0.00015318627450980392,0.1289598741718367,0.2864544987678528,0.0,1.0,1.0,0.999609055861928,1.0,0.6904963019875918,1.0,0.9920438878676471,1.0,0.9561452022537531,0.0438547977462469,0.9561452022537531,0.984472049689441,0.9937888198757764,0.13790663711213685,0.11537109080109624,1.0094626970126548,klt,n/a,0,nan,n/a,nan,n/a,n/a,n/a,n/a,n/a,n/a,n/a,False,n/a,False,n/a,False,n/a,0,0,0,0,nan,nan,nan,nan,nan,nan,nan,nan,nan,nan,0,nan,0,False,n/a,0.0,klt,healthy,normal,healthy,0.6453851563679562,n/a,322,28,0,0,0,0,0,0,0,0,0,0,0,0,0,0,0,0,0,0,0,0,0,0,0,0.0,0.0,0.0,177.29861102998257
27,/home/ma/AQUA-FE_WS/datasets/prepared_new/tank_short_left/frame_000027.jpg,350,31,31,0.08857142857142856,350,319,0.9583333333333334,23,24,28.0,23.182857513427734,0.8914285714285715,0.007327239960432053,0.9547730684280396,0.8562999963760376,0.792866587638855,1.0800244808197021,1.1521263122558594,0.0,nan,nan,130.239013671875,47.62827682495117,93.59342193603516,5300.0400390625,3.1913807189542485e-06,0.00022020526960784314,0.12956719791187954,0.28550416231155396,0.0,1.0,1.0,0.999441508374183,1.0,0.6890387250114891,1.0,0.9916704963235294,1.0,0.9558986322859222,0.0441013677140778,0.9558986322859222,0.9843260188087775,0.9968652037617555,0.19730079513197654,0.14326867967221732,1.0127378246389616,klt,n/a,0,nan,n/a,nan,n/a,n/a,n/a,n/a,n/a,n/a,n/a,False,n/a,False,n/a,False,n/a,0,0,0,0,nan,nan,nan,nan,nan,nan,nan,nan,nan,nan,0,nan,0,False,n/a,0.0,klt,healthy,normal,healthy,0.6442692528131113,n/a,319,31,0,0,0,0,0,0,0,0,0,0,0,0,0,0,0,0,0,0,0,0,0,0,0,0.0,0.0,0.0,181.99534295126796
28,/home/ma/AQUA-FE_WS/datasets/prepared_new/tank_short_left/frame_000028.jpg,350,36,36,0.10285714285714286,350,314,1.0,24,24,29.0,23.665714263916016,0.8714285714285714,0.016501575708389282,0.9569242000579834,0.8528213500976562,0.7867810130119324,1.0822224617004395,1.161232352256775,0.0,nan,nan,130.64840698242188,47.48747634887695,90.98580169677734,4635.1611328125,0.0,0.00022658803104575164,0.13858922621783093,0.27602648735046387,0.0,1.0,1.0,0.9994335299223857,1.0,0.6673858570772058,1.0,0.9911707261029412,1.0,0.9528362871476714,0.047163712852328565,0.9528362871476714,0.9554140127388535,0.9872611464968153,0.14904458445432853,0.18751771162823558,1.0333322517789099,klt,n/a,0,nan,n/a,nan,n/a,n/a,n/a,n/a,n/a,n/a,n/a,False,n/a,False,n/a,False,n/a,0,0,0,0,nan,nan,nan,nan,nan,nan,nan,nan,nan,nan,0,nan,0,False,n/a,0.0,klt,healthy,normal,healthy,0.6424992915348706,n/a,314,36,0,0,0,0,0,0,0,0,0,0,0,0,0,0,0,0,0,0,0,0,0,0,0,0.0,0.0,0.0,188.45702521502972
29,/home/ma/AQUA-FE_WS/datasets/prepared_new/tank_short_left/frame_000029.jpg,350,42,42,0.12,350,308,0.9583333333333334,23,24,30.0,24.045713424682617,0.8485714285714285,0.018827974796295166,0.9565151929855347,0.836714506149292,0.7791566848754883,1.0925769805908203,1.1678322553634644,0.0,nan,nan,130.96951293945312,47.183956146240234,88.91364288330078,4615.5009765625,2.2339665032679737e-05,0.00022977941176470588,0.14692998848709413,0.26644229888916016,0.0,1.0,1.0,0.9993697023080066,1.0,0.6473680276309741,1.0,0.9897288602941177,1.0,0.9499396197629442,0.050060380237055835,0.9499396197629442,0.9642857142857143,0.922077922077922,0.22879620517109175,0.21534451446395866,0.956227964585141,klt,n/a,0,nan,n/a,nan,n/a,n/a,n/a,n/a,n/a,n/a,n/a,False,n/a,False,n/a,False,n/a,0,0,0,0,nan,nan,nan,nan,nan,nan,nan,nan,nan,nan,0,nan,0,False,n/a,0.0,klt,healthy,normal,healthy,0.6169544012396234,n/a,308,42,0,0,0,0,0,0,0,0,0,0,0,0,0,0,0,0,0,0,0,0,0,0,0,0.0,0.0,0.0,180.54543202742934
30,/home/ma/AQUA-FE_WS/datasets/prepared_new/tank_short_left/frame_000030.jpg,350,52,52,0.14857142857142858,350,298,0.9583333333333334,23,24,31.0,24.00857162475586,0.8085714285714286,0.013731241226196289,0.9602087140083313,0.8446508646011353,0.7892966270446777,1.0874378681182861,1.1560602188110352,0.0,nan,nan,130.84701538085938,47.152008056640625,89.08248138427734,4532.849609375,1.2765522875816994e-05,0.00029360702614379084,0.14939395680147058,0.2660239338874817,0.0,1.0,1.0,0.999234068627451,1.0,0.6414545036764706,1.0,0.9897058823529412,1.0,0.9490940716911764,0.05090592830882357,0.9490940716911764,0.9463087248322147,0.9765100671140939,0.1768823663762446,0.1896102356573276,1.0319138031549173,klt,n/a,0,nan,n/a,nan,n/a,n/a,n/a,n/a,n/a,n/a,n/a,False,n/a,False,n/a,False,n/a,0,0,0,0,nan,nan,nan,nan,nan,nan,nan,nan,nan,nan,0,nan,0,False,n/a,0.0,klt,healthy,normal,healthy,0.642415590573707,n/a,298,52,0,0,0,0,0,0,0,0,0,0,0,0,0,0,0,0,0,0,0,0,0,0,0,0.0,0.0,0.0,188.18891094997525
31,/home/ma/AQUA-FE_WS/datasets/prepared_new/tank_short_left/frame_000031.jpg,350,53,53,0.15142857142857144,350,297,0.9583333333333334,23,24,32.0,24.091428756713867,0.7914285714285715,0.011648590676486492,0.9551690220832825,0.8414607644081116,0.7835552096366882,1.0894951820373535,1.1613644361495972,0.0,nan,nan,130.5988311767578,47.195213317871094,89.5899887084961,4606.9716796875,6.382761437908497e-06,0.00024892769607843136,0.14818892235849415,0.2694811224937439,0.0,1.0,1.0,0.9993617238562091,1.0,0.6443465863396141,1.0,0.9907341452205882,1.0,0.9495759776635262,0.050424022336473806,0.9495759776635262,0.9528619528619529,0.9595959595959596,0.2216830894377069,0.2175147139231869,1.007066080923583,klt,n/a,0,nan,n/a,nan,n/a,n/a,n/a,n/a,n/a,n/a,n/a,False,n/a,False,n/a,False,n/a,0,0,0,0,nan,nan,nan,nan,nan,nan,nan,nan,nan,nan,0,nan,0,False,n/a,0.0,klt,healthy,normal,healthy,0.6412994114430726,n/a,297,53,0,0,0,0,0,0,0,0,0,0,0,0,0,0,0,0,0,0,0,0,0,0,0,0.0,0.0,0.0,180.13189500197768
32,/home/ma/AQUA-FE_WS/datasets/prepared_new/tank_short_left/frame_000032.jpg,350,60,60,0.17142857142857143,350,290,1.0,24,24,33.0,24.354286193847656,0.7771428571428571,0.009328849613666534,0.9603791832923889,0.8542388677597046,0.7969331741333008,1.0813251733779907,1.1521915197372437,0.0,nan,nan,130.26295471191406,47.132442474365234,89.80477142333984,4681.55322265625,6.382761437908497e-06,0.0003223294526143791,0.14705981385474104,0.2697005271911621,0.0,1.0,1.0,0.9991782194648693,1.0,0.6470564467486215,1.0,0.9899126838235294,1.0,0.949884049910003,0.05011595008999703,0.949884049910003,0.9724137931034482,0.9862068965517241,0.13855520273047456,0.17288680314872862,1.0141833542086074,klt,n/a,0,nan,n/a,nan,n/a,n/a,n/a,n/a,n/a,n/a,n/a,False,n/a,False,n/a,False,n/a,0,0,0,0,nan,nan,nan,nan,nan,nan,nan,nan,nan,nan,0,nan,0,False,n/a,0.0,klt,healthy,normal,healthy,0.6430845278740509,n/a,290,60,0,0,0,0,0,0,0,0,0,0,0,0,0,0,0,0,0,0,0,0,0,0,0,0.0,0.0,0.0,175.534853246063
33,/home/ma/AQUA-FE_WS/datasets/prepared_new/tank_short_left/frame_000033.jpg,350,63,63,0.18,350,287,1.0,24,24,34.0,24.554285049438477,0.76,0.009126417338848114,0.9590383768081665,0.8511322736740112,0.7949346303939819,1.08329439163208,1.1595278978347778,0.0,nan,nan,130.09393310546875,47.06153869628906,90.21162414550781,4745.021484375,0.0,0.0003574346405228758,0.14656400493547034,0.2691752314567566,0.0,1.0,1.0,0.9991064133986928,1.0,0.6482463881548712,1.0,0.9908432904411765,1.0,0.9500978613759958,0.049902138624004166,0.9500978613759958,0.9651567944250871,0.9860627177700348,0.17184786224725146,0.18084139585157397,1.0216595912768855,klt,n/a,0,nan,n/a,nan,n/a,n/a,n/a,n/a,n/a,n/a,n/a,False,n/a,False,n/a,False,n/a,0,0,0,0,nan,nan,nan,nan,nan,nan,nan,nan,nan,nan,0,nan,0,False,n/a,0.0,klt,healthy,normal,healthy,0.642766344165937,n/a,287,63,0,0,0,0,0,0,0,0,0,0,0,0,0,0,0,0,0,0,0,0,0,0,0,0.0,0.0,0.0,177.58659506216645
34,/home/ma/AQUA-FE_WS/datasets/prepared_new/tank_short_left/frame_000034.jpg,350,67,67,0.19142857142857142,350,283,1.0,24,24,35.0,24.84857177734375,0.76,0.0074488259851932526,0.960613489151001,0.8621093034744263,0.7989410161972046,1.0763838291168213,1.1526788473129272,0.0,nan,nan,130.06561279296875,46.97227096557617,89.98347473144531,4823.0869140625,3.1913807189542485e-06,0.0002553104575163399,0.1469893780876608,0.26796019077301025,0.0,1.0,1.0,0.9993537454044118,1.0,0.6472254925896141,1.0,0.9899988511029412,1.0,0.9499339494772518,0.05006605052274815,0.9499339494772518,0.9717314487632509,0.9717314487632509,0.13228064374463075,0.16613665102331746,0.9999989709101499,klt,n/a,0,nan,n/a,nan,n/a,n/a,n/a,n/a,n/a,n/a,n/a,False,n/a,False,n/a,False,n/a,0,0,0,0,nan,nan,nan,nan,nan,nan,nan,nan,nan,nan,0,nan,0,False,n/a,0.0,klt,healthy,normal,healthy,0.6433545339590674,n/a,283,67,0,0,0,0,0,0,0,0,0,0,0,0,0,0,0,0,0,0,0,0,0,0,0,0.0,0.0,0.0,181.06615962460637
35,/home/ma/AQUA-FE_WS/datasets/prepared_new/tank_short_left/frame_000035.jpg,350,69,69,0.19714285714285715,350,281,1.0,24,24,36.0,25.342857360839844,0.7457142857142857,0.007149252109229565,0.9615044593811035,0.8592445850372314,0.7969253063201904,1.078174352645874,1.1587721109390259,0.0,nan,nan,130.05340576171875,46.907466888427734,89.96725463867188,4841.724609375,0.0,0.0002585018382352941,0.14696262434417123,0.26690030097961426,0.0,1.0,1.0,0.9993537454044118,1.0,0.6472897015739891,1.0,0.9901137408088235,1.0,0.9499498321174173,0.05005016788258265,0.9499498321174173,0.9715302491103203,0.9893238434163701,0.11662632360376557,0.13424287631419277,1.0183139701603459,klt,n/a,0,nan,n/a,nan,n/a,n/a,n/a,n/a,n/a,n/a,n/a,False,n/a,False,n/a,False,n/a,0,0,0,0,nan,nan,nan,nan,nan,nan,nan,nan,nan,nan,0,nan,0,False,n/a,0.0,klt,healthy,normal,healthy,0.6446302849474324,n/a,281,69,0,0,0,0,0,0,0,0,0,0,0,0,0,0,0,0,0,0,0,0,0,0,0,0.0,0.0,0.0,176.80786410346627
36,/home/ma/AQUA-FE_WS/datasets/prepared_new/tank_short_left/frame_000036.jpg,350,67,67,0.19142857142857142,350,283,1.0,24,24,37.0,26.091428756713867,0.7514285714285714,0.007467196322977543,0.9651416540145874,0.8667011260986328,0.8098952174186707,1.0735318660736084,1.1456345319747925,0.0,nan,nan,130.01316833496094,46.811683654785156,89.93617248535156,4873.3046875,0.0,0.0004276450163398693,0.14755776498831952,0.26481032371520996,0.0,1.0,1.0,0.9989308874591504,1.0,0.6458613640280332,1.0,0.9892922794117647,1.0,0.9496498342237285,0.050350165776271494,0.9496498342237285,0.9717314487632509,0.9823321554770318,0.0987205627153394,0.1476508572148872,1.010908050592806,klt,n/a,0,nan,n/a,nan,n/a,n/a,n/a,n/a,n/a,n/a,n/a,False,n/a,False,n/a,False,n/a,0,0,0,0,nan,nan,nan,nan,nan,nan,nan,nan,nan,nan,0,nan,0,False,n/a,0.0,klt,healthy,normal,healthy,0.6440939657114045,n/a,283,67,0,0,0,0,0,0,0,0,0,0,0,0,0,0,0,0,0,0,0,0,0,0,0,0.0,0.0,0.0,175.5731850862503
37,/home/ma/AQUA-FE_WS/datasets/prepared_new/tank_short_left/frame_000037.jpg,350,64,64,0.18285714285714286,350,286,1.0,24,24,38.0,26.54857063293457,0.76,0.007216226309537888,0.9671027660369873,0.8714553713798523,0.8047541975975037,1.0706028938293457,1.1458234786987305,0.0,nan,nan,130.0023651123047,46.7436637878418,89.51209259033203,4841.6162109375,0.0,0.0003350949754901961,0.1478080390481388,0.263471782207489,0.0,1.0,1.0,0.9991622625612745,1.0,0.6452607062844669,1.0,0.9897001378676471,1.0,0.9496179786592371,0.05038202134076286,0.9496179786592371,0.9755244755244755,0.9895104895104895,0.15362093623477158,0.13592842677666775,1.0143358777775588,klt,n/a,0,nan,n/a,nan,n/a,n/a,n/a,n/a,n/a,n/a,n/a,False,n/a,False,n/a,False,n/a,0,0,0,0,nan,nan,nan,nan,nan,nan,nan,nan,nan,nan,0,nan,0,False,n/a,0.0,klt,healthy,normal,healthy,0.6445628629289333,n/a,286,64,0,0,0,0,0,0,0,0,0,0,0,0,0,0,0,0,0,0,0,0,0,0,0,0.0,0.0,0.0,177.51832399517298
38,/home/ma/AQUA-FE_WS/datasets/prepared_new/tank_short_left/frame_000038.jpg,350,66,66,0.18857142857142858,350,284,1.0,24,24,39.0,26.954286575317383,0.7542857142857143,0.007001329679042101,0.9651822447776794,0.8680614233016968,0.801277220249176,1.0726914405822754,1.1510725021362305,0.0,nan,nan,129.95761108398438,46.70189666748047,89.7334976196289,4926.1083984375,0.0,0.00026169321895424836,0.1481390799728094,0.2618517577648163,0.0,1.0,1.0,0.9993457669526143,1.0,0.6444662080652575,1.0,0.9888097426470588,1.0,0.9494753457222733,0.05052465427772668,0.9494753457222733,0.9894366197183099,0.9894366197183099,0.07922993252931909,0.14233737834913254,0.9999989893248649,klt,n/a,0,nan,n/a,nan,n/a,n/a,n/a,n/a,n/a,n/a,n/a,False,n/a,False,n/a,False,n/a,0,0,0,0,nan,nan,nan,nan,nan,nan,nan,nan,nan,nan,0,nan,0,False,n/a,0.0,klt,healthy,normal,healthy,0.6443065048660348,n/a,284,66,0,0,0,0,0,0,0,0,0,0,0,0,0,0,0,0,0,0,0,0,0,0,0,0.0,0.0,0.0,177.11824923753738
39,/home/ma/AQUA-FE_WS/datasets/prepared_new/tank_short_left/frame_000039.jpg,350,65,65,0.18571428571428572,350,285,0.9583333333333334,23,24,40.0,27.468570709228516,0.7514285714285714,0.007443233393132687,0.9616234302520752,0.8593599796295166,0.7865252494812012,1.0781021118164062,1.1745905876159668,0.0,nan,nan,129.9069061279297,46.598289489746094,89.54955291748047,4949.6552734375,0.0,0.0003829656862745098,0.14854067933325674,0.26084235310554504,0.0,1.0,1.0,0.9990425857843137,1.0,0.6435023696001838,1.0,0.9892578125,1.0,0.9493309107881434,0.050669089211856644,0.9493309107881434,0.9789473684210527,0.9929824561403509,0.08016032805476496,0.14918083074694377,1.0143358814131676,klt,n/a,0,nan,n/a,nan,n/a,n/a,n/a,n/a,n/a,n/a,n/a,False,n/a,False,n/a,False,n/a,0,0,0,0,nan,nan,nan,nan,nan,nan,nan,nan,nan,nan,0,nan,0,False,n/a,0.0,klt,healthy,normal,healthy,0.6440327667701223,n/a,285,65,0,0,0,0,0,0,0,0,0,0,0,0,0,0,0,0,0,0,0,0,0,0,0,0.0,0.0,0.0,176.7868041060865
40,/home/ma/AQUA-FE_WS/datasets/prepared_new/tank_short_left/frame_000040.jpg,350,67,67,0.19142857142857142,350,283,1.0,24,24,41.0,27.917142868041992,0.7657142857142857,0.007278131786733866,0.9594340324401855,0.8559226989746094,0.7824303507804871,1.0802621841430664,1.1680221557617188,0.0,nan,nan,129.884033203125,46.51119613647461,89.5265121459961,5034.13525390625,0.0,0.0002967984068627451,0.14900639851888026,0.25876307487487793,0.0,1.0,1.0,0.9992580039828431,1.0,0.6423846435546874,1.0,0.9898265165441177,1.0,0.9492344015682443,0.050765598431755654,0.9492344015682443,0.9752650176678446,0.9893992932862191,0.12987856688199034,0.16055753203335332,1.0144917134016127,klt,n/a,0,nan,n/a,nan,n/a,n/a,n/a,n/a,n/a,n/a,n/a,False,n/a,False,n/a,False,n/a,0,0,0,0,nan,nan,nan,nan,nan,nan,nan,nan,nan,nan,0,nan,0,False,n/a,0.0,klt,healthy,normal,healthy,0.6435776987186659,n/a,283,67,0,0,0,0,0,0,0,0,0,0,0,0,0,0,0,0,0,0,0,0,0,0,0,0.0,0.0,0.0,178.27276792377234
41,/home/ma/AQUA-FE_WS/datasets/prepared_new/tank_short_left/frame_000041.jpg,350,77,77,0.22,350,273,0.9583333333333334,23,24,42.0,28.29428482055664,0.7571428571428571,0.006700336001813412,0.9634206295013428,0.8643000721931458,0.8043952584266663,1.075020432472229,1.1455514430999756,0.0,nan,nan,129.87030029296875,46.47712326049805,89.59920501708984,5096.9873046875,3.1913807189542485e-06,0.00037339154411764703,0.14975465063955273,0.25657984614372253,0.0,1.0,1.0,0.9990585426879085,1.0,0.6405888384650735,1.0,0.9884133731617647,1.0,0.9488742648973651,0.05112573510263485,0.9488742648973651,0.9853479853479854,0.989010989010989,0.11981259855733158,0.13957311164869718,1.003716453477354,klt,n/a,0,nan,n/a,nan,n/a,n/a,n/a,n/a,n/a,n/a,n/a,False,n/a,False,n/a,False,n/a,0,0,0,0,nan,nan,nan,nan,nan,nan,nan,nan,nan,nan,0,nan,0,False,n/a,0.0,klt,healthy,normal,healthy,0.6444170755340521,n/a,273,77,0,0,0,0,0,0,0,0,0,0,0,0,0,0,0,0,0,0,0,0,0,0,0,0.0,0.0,0.0,176.92623613402247
42,/home/ma/AQUA-FE_WS/datasets/prepared_new/tank_short_left/frame_000042.jpg,350,80,80,0.22857142857142856,350,270,1.0,24,24,43.0,28.685714721679688,0.7457142857142857,0.006682835053652525,0.963690996170044,0.862406849861145,0.8049666881561279,1.0761982202529907,1.147322177886963,0.0,nan,nan,129.83009338378906,46.37522888183594,89.62300109863281,5164.45947265625,3.1913807189542485e-06,0.0004180708741830065,0.15028944426891855,0.254546195268631,0.0,1.0,1.0,0.9989468443627451,1.0,0.6393053337545955,1.0,0.9892003676470589,1.0,0.9487283901079964,0.05127160989200363,0.9487283901079964,0.9777777777777777,0.9925925925925926,0.11501931689380837,0.14775163677192948,1.0151504769294364,klt,n/a,0,nan,n/a,nan,n/a,n/a,n/a,n/a,n/a,n/a,n/a,False,n/a,False,n/a,False,n/a,0,0,0,0,nan,nan,nan,nan,nan,nan,nan,nan,nan,nan,0,nan,0,False,n/a,0.0,klt,healthy,normal,healthy,0.6440899345291229,n/a,270,80,0,0,0,0,0,0,0,0,0,0,0,0,0,0,0,0,0,0,0,0,0,0,0,0.0,0.0,0.0,176.77043285220861
43,/home/ma/AQUA-FE_WS/datasets/prepared_new/tank_short_left/frame_000043.jpg,350,80,80,0.22857142857142856,350,270,1.0,24,24,44.0,28.954286575317383,0.74,0.006663568317890167,0.9636318683624268,0.8612883687019348,0.7999740242958069,1.076896071434021,1.1555355787277222,0.0,nan,nan,129.71847534179688,46.297523498535156,89.47139739990234,5242.33349609375,0.0,0.00040530535130718957,0.15086267209520524,0.2525255084037781,0.0,1.0,1.0,0.998986736621732,1.0,0.6379295869715074,1.0,0.9896369485294118,1.0,0.9485667674823837,0.051433232517616334,0.9485667674823837,0.9814814814814815,0.9851851851851852,0.10213491196057872,0.1545134671467479,1.0037725621939932,klt,n/a,0,nan,n/a,nan,n/a,n/a,n/a,n/a,n/a,n/a,n/a,False,n/a,False,n/a,False,n/a,0,0,0,0,nan,nan,nan,nan,nan,nan,nan,nan,nan,nan,0,nan,0,False,n/a,0.0,klt,healthy,normal,healthy,0.6438194613141301,n/a,270,80,0,0,0,0,0,0,0,0,0,0,0,0,0,0,0,0,0,0,0,0,0,0,0,0.0,0.0,0.0,174.06042199581861
44,/home/ma/AQUA-FE_WS/datasets/prepared_new/tank_short_left/frame_000044.jpg,350,78,78,0.22285714285714286,350,272,0.9583333333333334,23,24,45.0,29.534286499023438,0.7314285714285714,0.006903253495693207,0.9644671082496643,0.8590766191482544,0.8010108470916748,1.078279972076416,1.1486330032348633,0.0,nan,nan,129.5269775390625,46.197906494140625,89.54210662841797,5459.119140625,0.0,0.0003255208333333333,0.14912319706935506,0.2519015669822693,0.0,1.0,1.0,0.9991861979166666,1.0,0.6421043270335478,1.0,0.9895450367647058,1.0,0.949169651740579,0.05083034825942101,0.949169651740579,0.9816176470588235,0.9889705882352942,0.16026277905554176,0.1501168621493659,1.007489610347663,klt,n/a,0,nan,n/a,nan,n/a,n/a,n/a,n/a,n/a,n/a,n/a,False,n/a,False,n/a,False,n/a,0,0,0,0,nan,nan,nan,nan,nan,nan,nan,nan,nan,nan,0,nan,0,False,n/a,0.0,klt,healthy,normal,healthy,0.6439953255140254,n/a,272,78,0,0,0,0,0,0,0,0,0,0,0,0,0,0,0,0,0,0,0,0,0,0,0,0.0,0.0,0.0,177.12088022381067
45,/home/ma/AQUA-FE_WS/datasets/prepared_new/tank_short_left/frame_000045.jpg,350,77,77,0.22,350,273,1.0,24,24,46.0,30.139999389648438,0.7285714285714285,0.007179317995905876,0.9622183442115784,0.8643594980239868,0.7950729727745056,1.074984073638916,1.1537874937057495,0.0,nan,nan,129.414794921875,46.14791488647461,89.63243865966797,5622.94970703125,0.0,0.0003606260212418301,0.14854528688916976,0.2529616951942444,0.0,1.0,1.0,0.9990984349468954,1.0,0.6434913114659926,1.0,0.9898380055147059,1.0,0.9493708761297488,0.0506291238702512,0.9493708761297488,0.9853479853479854,0.9597069597069597,0.153248356984783,0.1803622173741439,0.9739767067076545,klt,n/a,0,nan,n/a,nan,n/a,n/a,n/a,n/a,n/a,n/a,n/a,False,n/a,False,n/a,False,n/a,0,0,0,0,nan,nan,nan,nan,nan,nan,nan,nan,nan,nan,0,nan,0,False,n/a,0.0,klt,healthy,normal,healthy,0.6427855113050343,n/a,273,77,0,0,0,0,0,0,0,0,0,0,0,0,0,0,0,0,0,0,0,0,0,0,0,0.0,0.0,0.0,178.6889131180942
46,/home/ma/AQUA-FE_WS/datasets/prepared_new/tank_short_left/frame_000046.jpg,350,76,76,0.21714285714285714,350,274,1.0,24,24,47.0,30.748571395874023,0.7371428571428571,0.007984444499015808,0.9623627662658691,0.8590580224990845,0.7941322326660156,1.078291416168213,1.1561201810836792,0.0,nan,nan,129.43511962890625,46.18033218383789,89.77586364746094,5570.31396484375,0.0,0.0003765829248366013,0.14947084015490966,0.25226590037345886,0.0,1.0,1.0,0.9990585426879085,1.0,0.6412699836282167,1.0,0.9893784466911765,1.0,0.9490275296319699,0.0509724703680301,0.9490275296319699,0.9744525547445255,0.9890510948905109,0.1501541899243954,0.1638590996287462,1.0149802318180392,klt,n/a,0,nan,n/a,nan,n/a,n/a,n/a,n/a,n/a,n/a,n/a,False,n/a,False,n/a,False,n/a,0,0,0,0,nan,nan,nan,nan,nan,nan,nan,nan,nan,nan,0,nan,0,False,n/a,0.0,klt,healthy,normal,healthy,0.6434456360148502,n/a,274,76,0,0,0,0,0,0,0,0,0,0,0,0,0,0,0,0,0,0,0,0,0,0,0,0.0,0.0,0.0,175.8620897307992
47,/home/ma/AQUA-FE_WS/datasets/prepared_new/tank_short_left/frame_000047.jpg,350,75,75,0.21428571428571427,350,275,1.0,24,24,48.0,31.497142791748047,0.7485714285714286,0.008501984179019928,0.9568387269973755,0.8389453887939453,0.7834254503250122,1.0911250114440918,1.1671634912490845,0.0,nan,nan,129.50511169433594,46.213626861572266,89.75800323486328,5478.6845703125,0.0,0.0003382863562091503,0.14975209554036456,0.25272291898727417,0.0,1.0,1.0,0.9991542841094772,1.0,0.6405949707031251,1.0,0.989206112132353,1.0,0.9489341767195159,0.051065823280484146,0.9489341767195159,0.9636363636363636,0.9854545454545455,0.151151383116046,0.19311845533449012,1.0226404482033085,klt,n/a,0,nan,n/a,nan,n/a,n/a,n/a,n/a,n/a,n/a,n/a,False,n/a,False,n/a,False,n/a,0,0,0,0,nan,nan,nan,nan,nan,nan,nan,nan,nan,nan,0,nan,0,False,n/a,0.0,klt,healthy,normal,healthy,0.6422752617866204,n/a,275,75,0,0,0,0,0,0,0,0,0,0,0,0,0,0,0,0,0,0,0,0,0,0,0,0.0,0.0,0.0,177.49322531744838
48,/home/ma/AQUA-FE_WS/datasets/prepared_new/tank_short_left/frame_000048.jpg,350,74,74,0.21142857142857144,350,276,1.0,24,24,49.0,32.165714263916016,0.74,0.006492780055850744,0.9605240821838379,0.8545275926589966,0.7960114479064941,1.0811426639556885,1.1519449949264526,0.0,nan,nan,129.61412048339844,46.241634368896484,89.62040710449219,5301.14501953125,0.0,0.0002967984068627451,0.14990037207509951,0.253121942281723,0.0,1.0,1.0,0.9992580039828431,1.0,0.6402391070197612,1.0,0.9894473805147059,1.0,0.94891127829159,0.051088721708409945,0.94891127829159,0.9710144927536232,0.9818840579710145,0.2515894392608657,0.13186530504969846,1.0111929884728925,klt,n/a,0,nan,n/a,nan,n/a,n/a,n/a,n/a,n/a,n/a,n/a,False,n/a,False,n/a,False,n/a,0,0,0,0,nan,nan,nan,nan,nan,nan,nan,nan,nan,nan,0,nan,0,False,n/a,0.0,klt,healthy,normal,healthy,0.6447253877980121,n/a,276,74,0,0,0,0,0,0,0,0,0,0,0,0,0,0,0,0,0,0,0,0,0,0,0,0.0,0.0,0.0,179.7118387185037
49,/home/ma/AQUA-FE_WS/datasets/prepared_new/tank_short_left/frame_000049.jpg,350,73,73,0.20857142857142857,350,277,0.9583333333333334,23,24,50.0,32.91999816894531,0.7428571428571429,0.007758698891848326,0.9615350961685181,0.8560680747032166,0.798637330532074,1.0801706314086914,1.1480787992477417,0.0,nan,nan,129.72317504882812,46.33160400390625,89.7154769897461,5298.330078125,0.0,0.0003031811683006536,0.15072285072476255,0.25442105531692505,0.0,1.0,1.0,0.9992420470792484,1.0,0.6382651582605698,1.0,0.9900677849264706,1.0,0.9486702349015776,0.05132976509842235,0.9486702349015776,0.9819494584837545,0.9891696750902527,0.12786238967379598,0.1523800872355291,1.0073519153070567,klt,n/a,0,nan,n/a,nan,n/a,n/a,n/a,n/a,n/a,n/a,n/a,False,n/a,False,n/a,False,n/a,0,0,0,0,nan,nan,nan,nan,nan,nan,nan,nan,nan,nan,0,nan,0,False,n/a,0.0,klt,healthy,normal,healthy,0.6439047965105789,n/a,277,73,0,0,0,0,0,0,0,0,0,0,0,0,0,0,0,0,0,0,0,0,0,0,0,0.0,0.0,0.0,179.6431690454483
50,/home/ma/AQUA-FE_WS/datasets/prepared_new/tank_short_left/frame_000050.jpg,350,73,73,0.20857142857142857,350,277,1.0,24,24,51.0,33.551429748535156,0.7428571428571429,0.006696868687868118,0.964556872844696,0.8702971935272217,0.799431562423706,1.0713142156600952,1.1495450735092163,0.0,nan,nan,129.7476043701172,46.412715911865234,90.01740264892578,5416.1357421875,0.0,0.0003255208333333333,0.15004386752259502,0.2551693022251129,0.0,1.0,1.0,0.9991861979166666,1.0,0.6398947179457719,1.0,0.9895392922794117,1.0,0.9488599617991729,0.05114003820082713,0.9488599617991729,0.9783393501805054,0.9891696750902527,0.09107090497422425,0.1425544691474259,1.0110690772467363,klt,n/a,0,nan,n/a,nan,n/a,n/a,n/a,n/a,n/a,n/a,n/a,False,n/a,False,n/a,False,n/a,0,0,0,0,nan,nan,nan,nan,nan,nan,nan,nan,nan,nan,0,nan,0,False,n/a,0.0,klt,healthy,normal,healthy,0.6442978212341031,n/a,277,73,0,0,0,0,0,0,0,0,0,0,0,0,0,0,0,0,0,0,0,0,0,0,0,0.0,0.0,0.0,178.2686267979443
51,/home/ma/AQUA-FE_WS/datasets/prepared_new/tank_short_left/frame_000051.jpg,350,71,71,0.20285714285714285,350,279,1.0,24,24,52.0,34.317142486572266,0.7571428571428571,0.006512160878628492,0.9614726901054382,0.8655703067779541,0.7989541888237,1.0742321014404297,1.1538352966308594,0.0,nan,nan,129.72454833984375,46.468624114990234,90.3052749633789,5440.32568359375,0.0,0.00024892769607843136,0.1483116927801394,0.25882723927497864,0.0,1.0,1.0,0.9993776807598039,1.0,0.6440519373276654,1.0,0.9894358915441176,1.0,0.9494587464096966,0.05054125359030337,0.9494587464096966,0.978494623655914,0.992831541218638,0.12496105315151701,0.14546861285064636,1.0146509777010155,klt,n/a,0,nan,n/a,nan,n/a,n/a,n/a,n/a,n/a,n/a,n/a,False,n/a,False,n/a,False,n/a,0,0,0,0,nan,nan,nan,nan,nan,nan,nan,nan,nan,nan,0,nan,0,False,n/a,0.0,klt,healthy,normal,healthy,0.6441812554859742,n/a,279,71,0,0,0,0,0,0,0,0,0,0,0,0,0,0,0,0,0,0,0,0,0,0,0,0.0,0.0,0.0,175.17369892448187
52,/home/ma/AQUA-FE_WS/datasets/prepared_new/tank_short_left/frame_000052.jpg,350,63,63,0.18,350,287,1.0,24,24,53.0,35.13428497314453,0.7657142857142857,0.006380315404385328,0.9559414386749268,0.8524505496025085,0.7866448163986206,1.082457423210144,1.1635708808898926,0.0,nan,nan,129.71331787109375,46.50632095336914,90.23125457763672,5303.19970703125,0.0,0.00033190359477124184,0.14839841954848348,0.26023805141448975,0.0,1.0,1.0,0.999170241013072,1.0,0.6438437930836396,1.0,0.9898494944852941,1.0,0.9494295296223958,0.050570470377604204,0.9494295296223958,0.9616724738675958,0.9303135888501742,0.24231001936653246,0.15207876453333033,0.9673902984021172,klt,n/a,0,nan,n/a,nan,n/a,n/a,n/a,n/a,n/a,n/a,n/a,False,n/a,False,n/a,False,n/a,0,0,0,0,nan,nan,nan,nan,nan,nan,nan,nan,nan,nan,0,nan,0,False,n/a,0.0,klt,healthy,normal,healthy,0.6266912396625692,n/a,287,63,0,0,0,0,0,0,0,0,0,0,0,0,0,0,0,0,0,0,0,0,0,0,0,0.0,0.0,0.0,179.28217304870486
53,/home/ma/AQUA-FE_WS/datasets/prepared_new/tank_short_left/frame_000053.jpg,350,61,61,0.1742857142857143,350,289,0.9583333333333334,23,24,54.0,35.85714340209961,0.7742857142857142,0.007217441685497761,0.9538511037826538,0.8383339643478394,0.7768586874008179,1.0915223360061646,1.1697617769241333,0.0,nan,nan,129.6912841796875,46.4672966003418,90.0931396484375,5229.57177734375,0.0,0.0002553104575163399,0.14801395790249697,0.2610943019390106,0.0,1.0,1.0,0.9993617238562091,1.0,0.6447665010340073,1.0,0.98994140625,1.0,0.9495872013825062,0.050412798617493815,0.9495872013825062,0.9757785467128027,0.986159169550173,0.1648705955407528,0.14432461853438489,1.0106372621483377,klt,n/a,0,nan,n/a,nan,n/a,n/a,n/a,n/a,n/a,n/a,n/a,False,n/a,False,n/a,False,n/a,0,0,0,0,nan,nan,nan,nan,nan,nan,nan,nan,nan,nan,0,nan,0,False,n/a,0.0,klt,healthy,normal,healthy,0.6442270152586247,n/a,289,61,0,0,0,0,0,0,0,0,0,0,0,0,0,0,0,0,0,0,0,0,0,0,0,0.0,0.0,0.0,174.66063098981977
54,/home/ma/AQUA-FE_WS/datasets/prepared_new/tank_short_left/frame_000054.jpg,350,63,63,0.18,350,287,0.9583333333333334,23,24,55.0,36.58000183105469,0.7742857142857142,0.0070168934762477875,0.9487360119819641,0.8340533971786499,0.7767902612686157,1.0943164825439453,1.1658800840377808,0.0,nan,nan,129.70652770996094,46.60463333129883,90.25743865966797,5223.328125,0.0,0.0002840328839869281,0.14716621847713696,0.26216626167297363,0.0,1.0,1.0,0.9992899177900327,1.0,0.6468010756548713,1.0,0.9895852481617647,1.0,0.9498420556161917,0.05015794438380827,0.9498420556161917,0.9686411149825784,0.9860627177700348,0.14404182636369664,0.14063859343033355,1.017984560569896,klt,n/a,0,nan,n/a,nan,n/a,n/a,n/a,n/a,n/a,n/a,n/a,False,n/a,False,n/a,False,n/a,0,0,0,0,nan,nan,nan,nan,nan,nan,nan,nan,nan,nan,0,nan,0,False,n/a,0.0,klt,healthy,normal,healthy,0.6443744562627867,n/a,287,63,0,0,0,0,0,0,0,0,0,0,0,0,0,0,0,0,0,0,0,0,0,0,0,0.0,0.0,0.0,178.809585981071
55,/home/ma/AQUA-FE_WS/datasets/prepared_new/tank_short_left/frame_000055.jpg,350,56,56,0.16,350,294,1.0,24,24,56.0,37.1485710144043,0.7771428571428571,0.008582031354308128,0.9502875804901123,0.832624077796936,0.7683019042015076,1.0952541828155518,1.1837033033370972,0.0,nan,nan,129.68191528320312,46.64286804199219,90.22644805908203,5180.6123046875,3.1913807189542485e-06,0.0002967984068627451,0.14676805982402724,0.2624497413635254,0.0,1.0,1.0,0.9992500255310458,1.0,0.6477566564223347,1.0,0.9896771599264705,1.0,0.9499765645584406,0.050023435441559405,0.9499765645584406,0.9761904761904762,0.9795918367346939,0.22350394182719951,0.15701694384282938,1.0034832925989965,klt,n/a,0,nan,n/a,nan,n/a,n/a,n/a,n/a,n/a,n/a,n/a,False,n/a,False,n/a,False,n/a,0,0,0,0,nan,nan,nan,nan,nan,nan,nan,nan,nan,nan,0,nan,0,False,n/a,0.0,klt,healthy,normal,healthy,0.6437193222462869,n/a,294,56,0,0,0,0,0,0,0,0,0,0,0,0,0,0,0,0,0,0,0,0,0,0,0,0.0,0.0,0.0,177.17248992994428
56,/home/ma/AQUA-FE_WS/datasets/prepared_new/tank_short_left/frame_000056.jpg,350,54,54,0.15428571428571428,350,296,1.0,24,24,57.0,37.96571350097656,0.7914285714285715,0.007604335900396109,0.9580032825469971,0.8458976149559021,0.7738940715789795,1.086637020111084,1.1738313436508179,0.0,nan,nan,129.72219848632812,46.676513671875,90.31021118164062,5140.38134765625,3.1913807189542485e-06,0.00024254493464052288,0.14636928483551626,0.26372960209846497,0.0,1.0,1.0,0.9993856592116013,1.0,0.6487137163947609,1.0,0.9902516084558823,1.0,0.9501612959080117,0.04983870409198832,0.9501612959080117,0.9695945945945946,0.9898648648648649,0.2363152812872349,0.17058175575985712,1.020904870425639,klt,n/a,0,nan,n/a,nan,n/a,n/a,n/a,n/a,n/a,n/a,n/a,False,n/a,False,n/a,False,n/a,0,0,0,0,nan,nan,nan,nan,nan,nan,nan,nan,nan,nan,0,nan,0,False,n/a,0.0,klt,healthy,normal,healthy,0.6431767297696058,n/a,296,54,0,0,0,0,0,0,0,0,0,0,0,0,0,0,0,0,0,0,0,0,0,0,0,0.0,0.0,0.0,176.8429260700941
57,/home/ma/AQUA-FE_WS/datasets/prepared_new/tank_short_left/frame_000057.jpg,350,55,55,0.15714285714285714,350,295,1.0,24,24,58.0,38.54571533203125,0.7885714285714286,0.0088790412992239,0.9576390981674194,0.8488122224807739,0.778248131275177,1.0847721099853516,1.165627121925354,0.0,nan,nan,129.723876953125,46.71036148071289,90.1436767578125,5073.9814453125,0.0,0.00026169321895424836,0.14583647484872855,0.26499035954475403,0.0,1.0,1.0,0.9993457669526143,1.0,0.6499924603630515,1.0,0.9901596966911764,1.0,0.9503300182866115,0.049669981713388545,0.9503300182866115,0.976271186440678,0.9898305084745763,0.2655252781207685,0.1599479178503042,1.013887850357931,klt,n/a,0,nan,n/a,nan,n/a,n/a,n/a,n/a,n/a,n/a,n/a,False,n/a,False,n/a,False,n/a,0,0,0,0,nan,nan,nan,nan,nan,nan,nan,nan,nan,nan,0,nan,0,False,n/a,0.0,klt,healthy,normal,healthy,0.6436020832859879,n/a,295,55,0,0,0,0,0,0,0,0,0,0,0,0,0,0,0,0,0,0,0,0,0,0,0,0.0,0.0,0.0,173.57423389330506
58,/home/ma/AQUA-FE_WS/datasets/prepared_new/tank_short_left/frame_000058.jpg,350,54,54,0.15428571428571428,350,296,1.0,24,24,59.0,39.271427154541016,0.7971428571428572,0.00796808023005724,0.9546274542808533,0.8390359878540039,0.771142303943634,1.0910664796829224,1.1745262145996094,0.0,nan,nan,129.72183227539062,46.75065231323242,90.3284912109375,5111.25146484375,3.1913807189542485e-06,0.0003031811683006536,0.14485844930013025,0.265583336353302,0.0,1.0,1.0,0.999234068627451,1.0,0.6523397216796873,1.0,0.9902745863970588,1.0,0.9506521244542738,0.04934787554572617,0.9506521244542738,0.9763513513513513,0.9290540540540541,0.13502975088626729,0.16253215755130834,0.9515561188214147,klt,n/a,0,nan,n/a,nan,n/a,n/a,n/a,n/a,n/a,n/a,n/a,False,n/a,False,n/a,False,n/a,0,0,0,0,nan,nan,nan,nan,nan,nan,nan,nan,nan,nan,0,nan,0,False,n/a,0.0,klt,healthy,normal,healthy,0.625171010995245,n/a,296,54,0,0,0,0,0,0,0,0,0,0,0,0,0,0,0,0,0,0,0,0,0,0,0,0.0,0.0,0.0,180.74543680995703
59,/home/ma/AQUA-FE_WS/datasets/prepared_new/tank_short_left/frame_000059.jpg,350,51,51,0.1457142857142857,350,299,1.0,24,24,60.0,40.11428451538086,0.8142857142857143,0.009183038026094437,0.9566514492034912,0.8362302780151367,0.7701545357704163,1.0928930044174194,1.1782805919647217,0.0,nan,nan,129.72982788085938,46.80836486816406,90.51759338378906,5026.92138671875,0.0,0.00023616217320261438,0.14450044519761024,0.26705852150917053,0.0,1.0,1.0,0.9994095945669934,1.0,0.6531989315257354,1.0,0.9896599264705882,1.0,0.9507565973498773,0.049243402650122725,0.9507565973498773,0.9765886287625418,0.9899665551839465,0.12908051941637702,0.14365736600863943,1.0136975921384244,klt,n/a,0,nan,n/a,nan,n/a,n/a,n/a,n/a,n/a,n/a,n/a,False,n/a,False,n/a,False,n/a,0,0,0,0,nan,nan,nan,nan,nan,nan,nan,nan,nan,nan,0,nan,0,False,n/a,0.0,klt,healthy,normal,healthy,0.6442537053596544,n/a,299,51,0,0,0,0,0,0,0,0,0,0,0,0,0,0,0,0,0,0,0,0,0,0,0,0.0,0.0,0.0,179.49101701378822
60,/home/ma/AQUA-FE_WS/datasets/prepared_new/tank_short_left/frame_000060.jpg,350,58,58,0.1657142857142857,350,292,1.0,24,24,61.0,40.87428665161133,0.8142857142857143,0.0075048585422337055,0.9556611180305481,0.8418107032775879,0.790185809135437,1.0892685651779175,1.147078514099121,0.0,nan,nan,129.70281982421875,46.8908576965332,90.68736267089844,5031.0498046875,0.0,0.00029998978758169936,0.14399063409543508,0.26923948526382446,0.0,1.0,1.0,0.9992500255310458,1.0,0.6544224781709558,1.0,0.9904813878676471,1.0,0.9509580332797181,0.04904196672028194,0.9509580332797181,0.9828767123287672,0.9897260273972602,0.23774188580087138,0.1450591910764218,1.006967616604376,klt,n/a,0,nan,n/a,nan,n/a,n/a,n/a,n/a,n/a,n/a,n/a,False,n/a,False,n/a,False,n/a,0,0,0,0,nan,nan,nan,nan,nan,nan,nan,nan,nan,nan,0,nan,0,False,n/a,0.0,klt,healthy,normal,healthy,0.6441976323569432,n/a,292,58,0,0,0,0,0,0,0,0,0,0,0,0,0,0,0,0,0,0,0,0,0,0,0,0.0,0.0,0.0,176.4231789857149
61,/home/ma/AQUA-FE_WS/datasets/prepared_new/tank_short_left/frame_000061.jpg,350,52,52,0.14857142857142858,350,298,1.0,24,24,62.0,41.691429138183594,0.8171428571428572,0.007601039484143257,0.9525668025016785,0.8333389163017273,0.7791959047317505,1.0947849750518799,1.1605479717254639,0.0,nan,nan,129.6533203125,46.9366455078125,90.62963104248047,5054.298828125,3.1913807189542485e-06,0.0002042483660130719,0.14399853575463384,0.2698018252849579,0.0,1.0,1.0,0.9994814006331699,1.0,0.6544035141888789,1.0,0.9904009650735294,1.0,0.9509783179668352,0.049021682033164815,0.9509783179668352,0.9765100671140939,0.9697986577181208,0.1500949457297029,0.16848481671606458,0.9931261307505602,klt,n/a,0,nan,n/a,nan,n/a,n/a,n/a,n/a,n/a,n/a,n/a,False,n/a,False,n/a,False,n/a,0,0,0,0,nan,nan,nan,nan,nan,nan,nan,nan,nan,nan,0,nan,0,False,n/a,0.0,klt,healthy,normal,healthy,0.6432606073313575,n/a,298,52,0,0,0,0,0,0,0,0,0,0,0,0,0,0,0,0,0,0,0,0,0,0,0,0.0,0.0,0.0,180.36811100319028
62,/home/ma/AQUA-FE_WS/datasets/prepared_new/tank_short_left/frame_000062.jpg,350,57,57,0.16285714285714287,350,293,1.0,24,24,63.0,42.39142990112305,0.8085714285714286,0.007396671921014786,0.9578543901443481,0.8382389545440674,0.7886247038841248,1.0915840864181519,1.1487393379211426,0.0,nan,nan,129.6453094482422,47.008304595947266,90.70001983642578,5087.80908203125,0.0,0.00018190870098039216,0.14351979274375765,0.2709096670150757,0.0,1.0,1.0,0.999545228247549,1.0,0.6555524974149817,1.0,0.9912109375,1.0,0.9511954332778032,0.048804566722196796,0.9511954332778032,0.9761092150170648,0.9931740614334471,0.14852451150574947,0.14749069109475635,1.0174814750976497,klt,n/a,0,nan,n/a,nan,n/a,n/a,n/a,n/a,n/a,n/a,n/a,False,n/a,False,n/a,False,n/a,0,0,0,0,nan,nan,nan,nan,nan,nan,nan,nan,nan,nan,0,nan,0,False,n/a,0.0,klt,healthy,normal,healthy,0.6441003723562098,n/a,293,57,0,0,0,0,0,0,0,0,0,0,0,0,0,0,0,0,0,0,0,0,0,0,0,0.0,0.0,0.0,176.21880630031228
63,/home/ma/AQUA-FE_WS/datasets/prepared_new/tank_short_left/frame_000063.jpg,350,55,55,0.15714285714285714,350,295,0.9583333333333334,23,24,64.0,42.8457145690918,0.8057142857142857,0.0072303591296076775,0.954778790473938,0.8358757495880127,0.7845534086227417,1.0931243896484375,1.1586394309997559,0.0,nan,nan,129.6513671875,47.03517532348633,90.6830062866211,5090.35986328125,3.1913807189542485e-06,0.0001914828431372549,0.14297707950367652,0.27222293615341187,0.0,1.0,1.0,0.9995133144403595,1.0,0.6568550091911763,1.0,0.9908318014705882,1.0,0.9513512071078429,0.04864879289215707,0.9513512071078429,0.976271186440678,0.9898305084745763,0.1383375688869135,0.14817464297843502,1.013887850357931,klt,n/a,0,nan,n/a,nan,n/a,n/a,n/a,n/a,n/a,n/a,n/a,False,n/a,False,n/a,False,n/a,0,0,0,0,nan,nan,nan,nan,nan,nan,nan,nan,nan,nan,0,nan,0,False,n/a,0.0,klt,healthy,normal,healthy,0.6440730142808626,n/a,295,55,0,0,0,0,0,0,0,0,0,0,0,0,0,0,0,0,0,0,0,0,0,0,0,0.0,0.0,0.0,177.90393298491836
64,/home/ma/AQUA-FE_WS/datasets/prepared_new/tank_short_left/frame_000064.jpg,350,52,52,0.14857142857142858,350,298,0.9583333333333334,23,24,65.0,43.325714111328125,0.8057142857142857,0.007078726775944233,0.9507323503494263,0.8285208940505981,0.7777183055877686,1.0979607105255127,1.1713930368423462,0.0,nan,nan,129.70864868164062,47.11815643310547,90.8664779663086,5061.03466796875,3.1913807189542485e-06,0.00019467422385620916,0.14279680738262107,0.27270758152008057,0.0,1.0,1.0,0.9995053359885621,1.0,0.6572876622817094,1.0,0.9909237132352942,1.0,0.9514163358321843,0.04858366416781568,0.9514163358321843,0.9697986577181208,0.959731543624161,0.13669769019220973,0.13519143062346295,0.9896183567257082,klt,n/a,0,nan,n/a,nan,n/a,n/a,n/a,n/a,n/a,n/a,n/a,False,n/a,False,n/a,False,n/a,0,0,0,0,nan,nan,nan,nan,nan,nan,nan,nan,nan,nan,0,nan,0,False,n/a,0.0,klt,healthy,normal,healthy,0.6445923427750615,n/a,298,52,0,0,0,0,0,0,0,0,0,0,0,0,0,0,0,0,0,0,0,0,0,0,0,0.0,0.0,0.0,178.7182749249041
65,/home/ma/AQUA-FE_WS/datasets/prepared_new/tank_short_left/frame_000065.jpg,350,50,50,0.14285714285714285,350,300,1.0,24,24,66.0,43.900001525878906,0.7971428571428572,0.007226218469440937,0.9512358903884888,0.8366191387176514,0.7749530076980591,1.0926389694213867,1.1731646060943604,0.0,nan,nan,129.7397918701172,47.182552337646484,91.06787109375,4987.1591796875,0.0,0.00013403799019607844,0.14202405443378527,0.27345889806747437,0.0,1.0,1.0,0.9996649050245098,1.0,0.6591422693589153,1.0,0.991360294117647,1.0,0.951721323960248,0.048278676039752,0.951721323960248,0.9833333333333333,0.9933333333333333,0.10392812074407132,0.1524072452920584,1.01016846423546,klt,n/a,0,nan,n/a,nan,n/a,n/a,n/a,n/a,n/a,n/a,n/a,False,n/a,False,n/a,False,n/a,0,0,0,0,nan,nan,nan,nan,nan,nan,nan,nan,nan,nan,0,nan,0,False,n/a,0.0,klt,healthy,normal,healthy,0.6439037101883177,n/a,300,50,0,0,0,0,0,0,0,0,0,0,0,0,0,0,0,0,0,0,0,0,0,0,0,0.0,0.0,0.0,181.96875602006912
66,/home/ma/AQUA-FE_WS/datasets/prepared_new/tank_short_left/frame_000066.jpg,350,44,44,0.12571428571428572,350,306,1.0,24,24,67.0,44.751426696777344,0.8142857142857143,0.00819004699587822,0.9494071006774902,0.8249404430389404,0.7639342546463013,1.1003367900848389,1.1798477172851562,0.0,nan,nan,129.74331665039062,47.24304962158203,91.09564208984375,5049.41357421875,0.0,0.00016595179738562092,0.141776377360026,0.27444082498550415,0.0,1.0,1.0,0.9995851205065359,1.0,0.6597366943359376,1.0,0.9913775275735294,1.0,0.9517960033222272,0.048203996677772754,0.9517960033222272,0.9771241830065359,0.9869281045751634,0.09258934447175365,0.1439130407625426,1.0100324111373986,klt,n/a,0,nan,n/a,nan,n/a,n/a,n/a,n/a,n/a,n/a,n/a,False,n/a,False,n/a,False,n/a,0,0,0,0,nan,nan,nan,nan,nan,nan,nan,nan,nan,nan,0,nan,0,False,n/a,0.0,klt,healthy,normal,healthy,0.6442434783694984,n/a,306,44,0,0,0,0,0,0,0,0,0,0,0,0,0,0,0,0,0,0,0,0,0,0,0,0.0,0.0,0.0,181.50772899389267
67,/home/ma/AQUA-FE_WS/datasets/prepared_new/tank_short_left/frame_000067.jpg,350,40,40,0.11428571428571428,350,310,1.0,24,24,68.0,45.49142837524414,0.8257142857142857,0.008624267764389515,0.9535569548606873,0.8360522985458374,0.7654944062232971,1.0930094718933105,1.1807600259780884,0.0,nan,nan,129.75543212890625,47.22106170654297,91.15484619140625,5029.919921875,0.0,0.00019467422385620916,0.1410145778282016,0.2746506333351135,0.0,1.0,1.0,0.9995133144403595,1.0,0.6615650132123162,1.0,0.9913143382352941,1.0,0.9520395598766849,0.04796044012331513,0.9520395598766849,0.9741935483870968,0.9870967741935484,0.12183364147164069,0.13840751809565116,1.013243993027689,klt,n/a,0,nan,n/a,nan,n/a,n/a,n/a,n/a,n/a,n/a,n/a,False,n/a,False,n/a,False,n/a,0,0,0,0,nan,nan,nan,nan,nan,nan,nan,nan,nan,nan,0,nan,0,False,n/a,0.0,klt,healthy,normal,healthy,0.644463699276174,n/a,310,40,0,0,0,0,0,0,0,0,0,0,0,0,0,0,0,0,0,0,0,0,0,0,0,0.0,0.0,0.0,184.7044499590993
68,/home/ma/AQUA-FE_WS/datasets/prepared_new/tank_short_left/frame_000068.jpg,350,39,39,0.11142857142857143,350,311,1.0,24,24,69.0,46.07143020629883,0.8314285714285714,0.008674781769514084,0.9509382247924805,0.834496796131134,0.763922929763794,1.0940258502960205,1.1874114274978638,0.0,nan,nan,129.84097290039062,47.31024932861328,91.37581634521484,5024.55859375,0.0,0.00016276041666666666,0.1407731359145221,0.275442510843277,0.0,1.0,1.0,0.9995930989583334,1.0,0.662144473805147,1.0,0.9917164522058823,1.0,0.9521543853400734,0.04784561465992665,0.9521543853400734,0.9807073954983923,0.9903536977491961,0.10839735401472375,0.13342069625827516,1.0098350358731274,klt,n/a,0,nan,n/a,nan,n/a,n/a,n/a,n/a,n/a,n/a,n/a,False,n/a,False,n/a,False,n/a,0,0,0,0,nan,nan,nan,nan,nan,nan,nan,nan,nan,nan,0,nan,0,False,n/a,0.0,klt,healthy,normal,healthy,0.6446631721496691,n/a,311,39,0,0,0,0,0,0,0,0,0,0,0,0,0,0,0,0,0,0,0,0,0,0,0,0.0,0.0,0.0,183.1087451428175
69,/home/ma/AQUA-FE_WS/datasets/prepared_new/tank_short_left/frame_000069.jpg,350,49,49,0.14,350,301,1.0,24,24,70.0,46.51142883300781,0.8257142857142857,0.007811879739165306,0.9572761058807373,0.8336837291717529,0.7894290685653687,1.0945589542388916,1.1481902599334717,0.0,nan,nan,129.8472137451172,47.35835266113281,91.50589752197266,5072.20947265625,3.1913807189542485e-06,0.00018190870098039216,0.1398432922363281,0.2771337628364563,0.0,1.0,1.0,0.9995372497957516,1.0,0.6643760986328126,1.0,0.991549862132353,1.0,0.9524501155120251,0.047549884487974925,0.9524501155120251,0.9900332225913622,0.9900332225913622,0.13349007868354598,0.1340252340231192,0.9999989899339061,klt,n/a,0,nan,n/a,nan,n/a,n/a,n/a,n/a,n/a,n/a,n/a,False,n/a,False,n/a,False,n/a,0,0,0,0,nan,nan,nan,nan,nan,nan,nan,nan,nan,nan,0,nan,0,False,n/a,0.0,klt,healthy,normal,healthy,0.6446389906390753,n/a,301,49,0,0,0,0,0,0,0,0,0,0,0,0,0,0,0,0,0,0,0,0,0,0,0,0.0,0.0,0.0,177.495535928756
70,/home/ma/AQUA-FE_WS/datasets/prepared_new/tank_short_left/frame_000070.jpg,350,42,42,0.12,350,308,1.0,24,24,70.5,47.17714309692383,0.8342857142857143,0.008276707492768764,0.9532597064971924,0.8380254507064819,0.7730261087417603,1.0917229652404785,1.1726864576339722,0.0,nan,nan,129.87144470214844,47.354305267333984,91.48197937011719,5084.4169921875,0.0,0.00021701388888888888,0.13944847555721512,0.27663734555244446,0.0,1.0,1.0,0.9994574652777778,1.0,0.6653236586626837,1.0,0.9919289981617647,1.0,0.952595947935815,0.047404052064184965,0.952595947935815,0.987012987012987,0.9902597402597403,0.12983458868618059,0.13833249072740678,1.0032884571945895,klt,n/a,0,nan,n/a,nan,n/a,n/a,n/a,n/a,n/a,n/a,n/a,False,n/a,False,n/a,False,n/a,0,0,0,0,nan,nan,nan,nan,nan,nan,nan,nan,nan,nan,0,nan,0,False,n/a,0.0,klt,healthy,normal,healthy,0.6444667003709038,n/a,308,42,0,0,0,0,0,0,0,0,0,0,0,0,0,0,0,0,0,0,0,0,0,0,0,0.0,0.0,0.0,187.95097060501575
71,/home/ma/AQUA-FE_WS/datasets/prepared_new/tank_short_left/frame_000071.jpg,350,40,40,0.11428571428571428,350,310,0.9583333333333334,23,24,71.5,47.900001525878906,0.8371428571428572,0.007800229825079441,0.9517130255699158,0.8299397826194763,0.7728369832038879,1.0970218181610107,1.1750729084014893,0.0,nan,nan,129.83364868164062,47.381126403808594,91.53980255126953,5038.1611328125,0.0,9.89328022875817e-05,0.13868104822495397,0.27716124057769775,0.0,1.0,1.0,0.9997526679942811,1.0,0.6671654842601105,1.0,0.9921760110294118,1.0,0.9529040486174938,0.04709595138250622,0.9529040486174938,0.9903225806451613,0.9967741935483871,0.12970420197796872,0.13850495846527272,1.0065136416311762,klt,n/a,0,nan,n/a,nan,n/a,n/a,n/a,n/a,n/a,n/a,n/a,False,n/a,False,n/a,False,n/a,0,0,0,0,nan,nan,nan,nan,nan,nan,nan,nan,nan,nan,0,nan,0,False,n/a,0.0,klt,healthy,normal,healthy,0.6444598016613892,n/a,310,40,0,0,0,0,0,0,0,0,0,0,0,0,0,0,0,0,0,0,0,0,0,0,0,0.0,0.0,0.0,179.07053185626864
72,/home/ma/AQUA-FE_WS/datasets/prepared_new/tank_short_left/frame_000072.jpg,350,41,41,0.11714285714285715,350,309,0.9583333333333334,23,24,72.0,48.23428726196289,0.8342857142857143,0.008420913480222225,0.9530911445617676,0.8396148085594177,0.7726191282272339,1.0906903743743896,1.1796690225601196,0.0,nan,nan,129.8755340576172,47.424190521240234,91.54792022705078,5045.11328125,0.0,0.00016914317810457516,0.13834024167528336,0.2783350348472595,0.0,1.0,1.0,0.9995771420547386,1.0,0.66798341997932,1.0,0.9919634650735294,1.0,0.9529847437480852,0.04701525625191483,0.9529847437480852,1.0,0.9935275080906149,0.11334050498246372,0.16600977449121926,0.9935265145641003,klt,n/a,0,nan,n/a,nan,n/a,n/a,n/a,n/a,n/a,n/a,n/a,False,n/a,False,n/a,False,n/a,0,0,0,0,nan,nan,nan,nan,nan,nan,nan,nan,nan,nan,0,nan,0,False,n/a,0.0,klt,healthy,normal,healthy,0.6433596090203513,n/a,309,41,0,0,0,0,0,0,0,0,0,0,0,0,0,0,0,0,0,0,0,0,0,0,0,0.0,0.0,0.0,180.1052582450211
73,/home/ma/AQUA-FE_WS/datasets/prepared_new/tank_short_left/frame_000073.jpg,350,42,42,0.12,350,308,0.9583333333333334,23,24,73.0,48.605712890625,0.84,0.008734803646802902,0.9548579454421997,0.84586501121521,0.7806187272071838,1.086658239364624,1.1673070192337036,0.0,nan,nan,129.85157775878906,47.49300003051758,91.74375915527344,5084.55126953125,3.1913807189542485e-06,0.00011169832516339869,0.1369668968051087,0.278812050819397,0.0,1.0,1.0,0.9997127757352942,1.0,0.6712794476677391,1.0,0.992038143382353,1.0,0.95346694436466,0.04653305563534005,0.95346694436466,0.987012987012987,0.9675324675324676,0.26489896353832976,0.16437112391329242,0.9802621647343858,klt,n/a,0,nan,n/a,nan,n/a,n/a,n/a,n/a,n/a,n/a,n/a,False,n/a,False,n/a,False,n/a,0,0,0,0,nan,nan,nan,nan,nan,nan,nan,nan,nan,nan,0,nan,0,False,n/a,0.0,klt,healthy,normal,healthy,0.6434251550434683,n/a,308,42,0,0,0,0,0,0,0,0,0,0,0,0,0,0,0,0,0,0,0,0,0,0,0,0.0,0.0,0.0,185.56617386639118
74,/home/ma/AQUA-FE_WS/datasets/prepared_new/tank_short_left/frame_000074.jpg,350,37,37,0.10571428571428572,350,313,0.9583333333333334,23,24,74.0,49.182857513427734,0.84,0.008200259879231453,0.9532626867294312,0.836850106716156,0.7693428993225098,1.092488408088684,1.1766141653060913,0.0,nan,nan,129.8695068359375,47.510231018066406,91.63855743408203,5051.7177734375,0.0,0.00010212418300653595,0.13650861253925392,0.2800946831703186,0.0,1.0,1.0,0.9997446895424836,1.0,0.6723793299057905,1.0,0.9925436580882353,1.0,0.9536550884172028,0.04634491158279719,0.9536550884172028,0.9712460063897763,0.9105431309904153,0.12572693162362147,0.14981408250704956,0.9374990347460596,klt,n/a,0,nan,n/a,nan,n/a,n/a,n/a,n/a,n/a,n/a,n/a,False,n/a,False,n/a,False,n/a,0,0,0,0,nan,nan,nan,nan,nan,nan,nan,nan,nan,nan,0,nan,0,False,n/a,0.0,klt,healthy,normal,healthy,0.6068508941576071,n/a,313,37,0,0,0,0,0,0,0,0,0,0,0,0,0,0,0,0,0,0,0,0,0,0,0,0.0,0.0,0.0,176.4340507797897
75,/home/ma/AQUA-FE_WS/datasets/prepared_new/tank_short_left/frame_000075.jpg,350,36,36,0.10285714285714286,350,314,1.0,24,24,75.0,50.022857666015625,0.8428571428571429,0.008510836400091648,0.9533025622367859,0.8441409468650818,0.7755688428878784,1.0877659320831299,1.1664719581604004,0.0,nan,nan,129.88674926757812,47.51956558227539,91.62557220458984,5019.4541015625,0.0,0.00016914317810457516,0.13564510270660993,0.28050172328948975,0.0,1.0,1.0,0.9995771420547386,1.0,0.6744517535041361,1.0,0.991647518382353,1.0,0.9538713536400889,0.046128646359911096,0.9538713536400889,0.9840764331210191,0.9936305732484076,0.12922873116364575,0.15406043105891265,1.0097077118180533,klt,n/a,0,nan,n/a,nan,n/a,n/a,n/a,n/a,n/a,n/a,n/a,False,n/a,False,n/a,False,n/a,0,0,0,0,nan,nan,nan,nan,nan,nan,nan,nan,nan,nan,0,nan,0,False,n/a,0.0,klt,healthy,normal,healthy,0.6438375827576436,n/a,314,36,0,0,0,0,0,0,0,0,0,0,0,0,0,0,0,0,0,0,0,0,0,0,0,0.0,0.0,0.0,178.6211752332747
76,/home/ma/AQUA-FE_WS/datasets/prepared_new/tank_short_left/frame_000076.jpg,350,32,32,0.09142857142857143,350,318,0.9583333333333334,23,24,76.0,50.40285873413086,0.8485714285714285,0.008249498903751373,0.9560118913650513,0.8466273546218872,0.7754055261611938,1.0861694812774658,1.1671210527420044,0.0,nan,nan,129.89244079589844,47.57218551635742,91.63169860839844,5068.28955078125,3.1913807189542485e-06,0.00012446384803921568,0.13466546750536154,0.28172820806503296,0.0,1.0,1.0,0.9996808619281046,1.0,0.6768028779871322,1.0,0.9923081341911765,1.0,0.9542525944010416,0.0457474055989584,0.9542525944010416,0.9748427672955975,0.9968553459119497,0.11573465421878057,0.13608823562212932,1.0225795961925432,klt,n/a,0,nan,n/a,nan,n/a,n/a,n/a,n/a,n/a,n/a,n/a,False,n/a,False,n/a,False,n/a,0,0,0,0,nan,nan,nan,nan,nan,nan,nan,nan,nan,nan,0,nan,0,False,n/a,0.0,klt,healthy,normal,healthy,0.6445564705751149,n/a,318,32,0,0,0,0,0,0,0,0,0,0,0,0,0,0,0,0,0,0,0,0,0,0,0,0.0,0.0,0.0,177.61228000745177
77,/home/ma/AQUA-FE_WS/datasets/prepared_new/tank_short_left/frame_000077.jpg,350,38,38,0.10857142857142857,350,312,1.0,24,24,77.0,51.08856964111328,0.8542857142857143,0.0070634568110108376,0.9575769305229187,0.8493553400039673,0.7846738696098328,1.084425687789917,1.160417079925537,0.0,nan,nan,129.84262084960938,47.60776138305664,91.72662353515625,5041.36865234375,0.0,0.00014361213235294118,0.13299784043255983,0.2822248935699463,0.0,1.0,1.0,0.9996409696691176,1.0,0.6808051829618564,1.0,0.9922047334558823,1.0,0.9548019259823068,0.04519807401769316,0.9548019259823068,0.9775641025641025,0.9839743589743589,0.08989224155272574,0.12707167673652156,1.0065563473915398,klt,n/a,0,nan,n/a,nan,n/a,n/a,n/a,n/a,n/a,n/a,n/a,False,n/a,False,n/a,False,n/a,0,0,0,0,nan,nan,nan,nan,nan,nan,nan,nan,nan,nan,0,nan,0,False,n/a,0.0,klt,healthy,normal,healthy,0.6449171329305392,n/a,312,38,0,0,0,0,0,0,0,0,0,0,0,0,0,0,0,0,0,0,0,0,0,0,0,0.0,0.0,0.0,177.15296195819974
78,/home/ma/AQUA-FE_WS/datasets/prepared_new/tank_short_left/frame_000078.jpg,350,39,39,0.11142857142857143,350,311,1.0,24,24,78.0,51.931427001953125,0.86,0.007840760983526707,0.956620454788208,0.8450669050216675,0.7892563939094543,1.0871706008911133,1.1550555229187012,0.0,nan,nan,129.85028076171875,47.61741638183594,91.7678451538086,5083.841796875,0.0,0.00014042075163398692,0.13261214910769,0.28255340456962585,0.0,1.0,1.0,0.999648948120915,1.0,0.681730842141544,1.0,0.9919864430147058,1.0,0.9549193782552083,0.04508062174479166,0.9549193782552083,0.9935691318327974,0.9935691318327974,0.1129491755117104,0.12173159478149097,0.9999989935285211,klt,n/a,0,nan,n/a,nan,n/a,n/a,n/a,n/a,n/a,n/a,n/a,False,n/a,False,n/a,False,n/a,0,0,0,0,nan,nan,nan,nan,nan,nan,nan,nan,nan,nan,0,nan,0,False,n/a,0.0,klt,healthy,normal,healthy,0.6451307362087404,n/a,311,39,0,0,0,0,0,0,0,0,0,0,0,0,0,0,0,0,0,0,0,0,0,0,0,0.0,0.0,0.0,180.48790516331792
79,/home/ma/AQUA-FE_WS/datasets/prepared_new/tank_short_left/frame_000079.jpg,350,38,38,0.10857142857142857,350,312,0.9166666666666666,22,24,79.0,52.73428726196289,0.8628571428571429,0.007007848937064409,0.9608551263809204,0.8589472770690918,0.8001669049263,1.0783607959747314,1.1450120210647583,0.0,nan,nan,129.84030151367188,47.6103401184082,91.74830627441406,5033.60107421875,0.0,0.00013403799019607844,0.1317955794988894,0.28305715322494507,0.0,1.0,1.0,0.9996649050245098,1.0,0.6836906092026654,1.0,0.9921185661764705,1.0,0.9552035878619025,0.044796412138097486,0.9552035878619025,0.9839743589743589,0.9935897435897436,0.1552067729188233,0.12639228612253417,1.0097709607539422,klt,n/a,0,nan,n/a,nan,n/a,n/a,n/a,n/a,n/a,n/a,n/a,False,n/a,False,n/a,False,n/a,0,0,0,0,nan,nan,nan,nan,nan,nan,nan,nan,nan,nan,0,nan,0,False,n/a,0.0,klt,healthy,normal,healthy,0.6449443085550987,n/a,312,38,0,0,0,0,0,0,0,0,0,0,0,0,0,0,0,0,0,0,0,0,0,0,0,0.0,0.0,0.0,181.7943938076496
80,/home/ma/AQUA-FE_WS/datasets/prepared_new/tank_short_left/frame_000080.jpg,350,32,32,0.09142857142857143,350,318,1.0,24,24,80.0,53.55428695678711,0.8571428571428571,0.007815749384462833,0.9644604921340942,0.866381049156189,0.7922372221946716,1.0737299919128418,1.1580671072006226,0.0,nan,nan,129.82034301757812,47.64654541015625,91.90264129638672,5079.9833984375,0.0,0.00013403799019607844,0.13160830329446235,0.2833355665206909,0.0,1.0,1.0,0.9996649050245098,1.0,0.6841400720932904,1.0,0.9923828125,1.0,0.9552823674460018,0.04471763255399819,0.9552823674460018,0.9748427672955975,0.9905660377358491,0.1942162813908923,0.11776747726625546,1.0161279899074167,klt,n/a,0,nan,n/a,nan,n/a,n/a,n/a,n/a,n/a,n/a,n/a,False,n/a,False,n/a,False,n/a,0,0,0,0,nan,nan,nan,nan,nan,nan,nan,nan,nan,nan,0,nan,0,False,n/a,0.0,klt,healthy,normal,healthy,0.6452893009093499,n/a,318,32,0,0,0,0,0,0,0,0,0,0,0,0,0,0,0,0,0,0,0,0,0,0,0,0.0,0.0,0.0,182.1467005647719
81,/home/ma/AQUA-FE_WS/datasets/prepared_new/tank_short_left/frame_000081.jpg,350,33,33,0.09428571428571429,350,317,1.0,24,24,81.0,54.220001220703125,0.8628571428571429,0.007510649971663952,0.9546443819999695,0.8429279327392578,0.7794836163520813,1.0885473489761353,1.167354941368103,0.0,nan,nan,129.71768188476562,47.622947692871094,92.36654663085938,5188.3095703125,0.0,0.00016595179738562092,0.130895720837163,0.28354817628860474,0.0,1.0,1.0,0.9995851205065359,1.0,0.6858502699908089,1.0,0.9922794117647059,1.0,0.9555060169653797,0.044493983034620266,0.9555060169653797,0.9873817034700315,0.9652996845425867,0.16438135805821474,0.15952961988795586,0.9776347926190758,klt,n/a,0,nan,n/a,nan,n/a,n/a,n/a,n/a,n/a,n/a,n/a,False,n/a,False,n/a,False,n/a,0,0,0,0,nan,nan,nan,nan,nan,nan,nan,nan,nan,nan,0,nan,0,False,n/a,0.0,klt,healthy,normal,healthy,0.6436188152044818,n/a,317,33,0,0,0,0,0,0,0,0,0,0,0,0,0,0,0,0,0,0,0,0,0,0,0,0.0,0.0,0.0,176.7602963373065
82,/home/ma/AQUA-FE_WS/datasets/prepared_new/tank_short_left/frame_000082.jpg,350,32,32,0.09142857142857143,350,318,1.0,24,24,82.0,55.06285858154297,0.8685714285714285,0.008194958791136742,0.9553240537643433,0.8410329818725586,0.781285285949707,1.0897715091705322,1.1610137224197388,0.0,nan,nan,129.67544555664062,47.60749435424805,92.24586486816406,5273.58251953125,0.0,0.00013722937091503268,0.1305511803720511,0.2833520174026489,0.0,1.0,1.0,0.9996569265727124,1.0,0.6866771671070774,1.0,0.9924057904411765,1.0,0.9556379820101868,0.04436201798981321,0.9556379820101868,0.9842767295597484,0.9968553459119497,0.09454214519797868,0.16528363752577668,1.0127785237585605,klt,n/a,0,nan,n/a,nan,n/a,n/a,n/a,n/a,n/a,n/a,n/a,False,n/a,False,n/a,False,n/a,0,0,0,0,nan,nan,nan,nan,nan,nan,nan,nan,nan,nan,0,nan,0,False,n/a,0.0,klt,healthy,normal,healthy,0.643388654498969,n/a,318,32,0,0,0,0,0,0,0,0,0,0,0,0,0,0,0,0,0,0,0,0,0,0,0,0.0,0.0,0.0,177.97270510345697
83,/home/ma/AQUA-FE_WS/datasets/prepared_new/tank_short_left/frame_000083.jpg,350,30,30,0.08571428571428572,350,320,0.9583333333333334,23,24,83.0,55.93714141845703,0.8771428571428571,0.008418776094913483,0.9561289548873901,0.844051718711853,0.7842257022857666,1.0878236293792725,1.1609784364700317,0.0,nan,nan,129.72398376464844,47.579349517822266,92.10895538330078,5215.06884765625,0.0,0.00011169832516339869,0.13114948945886948,0.28313249349594116,0.0,1.0,1.0,0.9997207541870915,1.0,0.6852412252987132,1.0,0.9929859834558824,1.0,0.955479421051624,0.04452057894837602,0.955479421051624,0.975,0.996875,0.24750732026631292,0.15684697420518506,1.0224348487847705,klt,n/a,0,nan,n/a,nan,n/a,n/a,n/a,n/a,n/a,n/a,n/a,False,n/a,False,n/a,False,n/a,0,0,0,0,nan,nan,nan,nan,nan,nan,nan,nan,nan,nan,0,nan,0,False,n/a,0.0,klt,healthy,normal,healthy,0.6437261210317926,n/a,320,30,0,0,0,0,0,0,0,0,0,0,0,0,0,0,0,0,0,0,0,0,0,0,0,0.0,0.0,0.0,176.9981700927019
84,/home/ma/AQUA-FE_WS/datasets/prepared_new/tank_short_left/frame_000084.jpg,350,26,26,0.07428571428571429,350,324,0.9583333333333334,23,24,84.0,56.58285903930664,0.8714285714285714,0.00936078280210495,0.9511053562164307,0.8386136889457703,0.7725747227668762,1.09134042263031,1.1760084629058838,0.0,nan,nan,129.78378295898438,47.5839958190918,91.93794250488281,5103.83740234375,0.0,0.00014361213235294118,0.13106267592486212,0.28327903151512146,0.0,1.0,1.0,0.9996409696691176,1.0,0.6854495777803309,1.0,0.99248046875,1.0,0.9554686853745404,0.04453131462545956,0.9554686853745404,0.9753086419753086,0.9629629629629629,0.12125628932732974,0.17137626965924563,0.9873407598151702,klt,n/a,0,nan,n/a,nan,n/a,n/a,n/a,n/a,n/a,n/a,n/a,False,n/a,False,n/a,False,n/a,0,0,0,0,nan,nan,nan,nan,nan,nan,nan,nan,nan,nan,0,nan,0,False,n/a,0.0,klt,healthy,normal,healthy,0.6431449492136302,n/a,324,26,0,0,0,0,0,0,0,0,0,0,0,0,0,0,0,0,0,0,0,0,0,0,0,0.0,0.0,0.0,175.2466131001711
85,/home/ma/AQUA-FE_WS/datasets/prepared_new/tank_short_left/frame_000085.jpg,350,25,25,0.07142857142857142,350,325,0.9166666666666666,22,24,85.0,57.431427001953125,0.8828571428571429,0.009838875383138657,0.9570831656455994,0.8527035713195801,0.7802628874778748,1.0822970867156982,1.1694726943969727,0.0,nan,nan,129.8712921142578,47.517738342285156,92.17000579833984,5059.572265625,0.0,0.00013722937091503268,0.1309637062222349,0.28345972299575806,0.0,1.0,1.0,0.9996569265727124,1.0,0.6856871050666362,1.0,0.9926298253676471,1.0,0.9555128154201133,0.04448718457988665,0.9555128154201133,0.9876923076923076,0.9107692307692308,0.1903415490892895,0.17178051497807226,0.9221174464542988,klt,n/a,0,nan,n/a,nan,n/a,n/a,n/a,n/a,n/a,n/a,n/a,False,n/a,False,n/a,False,n/a,0,0,0,0,nan,nan,nan,nan,nan,nan,nan,nan,nan,nan,0,nan,0,False,n/a,0.0,klt,healthy,normal,healthy,0.6029318450511749,n/a,325,25,0,0,0,0,0,0,0,0,0,0,0,0,0,0,0,0,0,0,0,0,0,0,0,0.0,0.0,0.0,186.70478276908398
86,/home/ma/AQUA-FE_WS/datasets/prepared_new/tank_short_left/frame_000086.jpg,350,27,27,0.07714285714285714,350,323,0.9583333333333334,23,24,86.0,58.27714157104492,0.88,0.009323637932538986,0.9542174339294434,0.8441867828369141,0.7864572405815125,1.0877363681793213,1.1546889543533325,0.0,nan,nan,129.89451599121094,47.483978271484375,92.23974609375,5155.17138671875,0.0,0.00012765522875816994,0.13017524569642308,0.28371497988700867,0.0,1.0,1.0,0.9996808619281046,1.0,0.6875794103285846,1.0,0.9928079044117647,1.0,0.9557912951420802,0.044208704857919834,0.9557912951420802,0.9690402476780186,0.9876160990712074,0.11572891370062159,0.164374662513701,1.0191682773439181,klt,n/a,0,nan,n/a,nan,n/a,n/a,n/a,n/a,n/a,n/a,n/a,False,n/a,False,n/a,False,n/a,0,0,0,0,nan,nan,nan,nan,nan,nan,nan,nan,nan,nan,0,nan,0,False,n/a,0.0,klt,healthy,normal,healthy,0.643425013499452,n/a,323,27,0,0,0,0,0,0,0,0,0,0,0,0,0,0,0,0,0,0,0,0,0,0,0,0.0,0.0,0.0,179.40166778862476
87,/home/ma/AQUA-FE_WS/datasets/prepared_new/tank_short_left/frame_000087.jpg,350,21,21,0.06,350,329,1.0,24,24,87.0,59.005714416503906,0.8971428571428571,0.010340532287955284,0.9502120018005371,0.8398025035858154,0.770760178565979,1.0905685424804688,1.1730221509933472,0.0,nan,nan,129.96539306640625,47.58336639404297,92.3298110961914,5205.28955078125,0.0,9.25500408496732e-05,0.13009388942344516,0.2843840718269348,0.0,1.0,1.0,0.9997686248978758,1.0,0.6877746653837316,1.0,0.9928366268382353,1.0,0.9558308857517617,0.04416911424823833,0.9558308857517617,0.9787234042553191,0.9787234042553191,0.14106490232931826,0.17854231249512412,0.9999989782619135,klt,n/a,0,nan,n/a,nan,n/a,n/a,n/a,n/a,n/a,n/a,n/a,False,n/a,False,n/a,False,n/a,0,0,0,0,nan,nan,nan,nan,nan,nan,nan,nan,nan,nan,0,nan,0,False,n/a,0.0,klt,healthy,normal,healthy,0.6428583075001951,n/a,329,21,0,0,0,0,0,0,0,0,0,0,0,0,0,0,0,0,0,0,0,0,0,0,0,0.0,0.0,0.0,181.96495901793242
88,/home/ma/AQUA-FE_WS/datasets/prepared_new/tank_short_left/frame_000088.jpg,350,22,22,0.06285714285714286,350,328,0.9166666666666666,22,24,88.0,59.90285873413086,0.9028571428571428,0.01057138480246067,0.9485155344009399,0.8368927240371704,0.7710071802139282,1.0924606323242188,1.1737756729125977,0.0,nan,nan,129.96485900878906,47.560020446777344,92.58209991455078,5245.01611328125,0.0,0.00012765522875816994,0.12995651245117185,0.28502804040908813,0.0,1.0,1.0,0.9996808619281046,1.0,0.6881043701171876,1.0,0.992239200367647,1.0,0.9558306672698376,0.044169332730162436,0.9558306672698376,0.9878048780487805,0.9939024390243902,0.1955834143915885,0.17105631631262155,1.0061718209124775,klt,n/a,0,nan,n/a,nan,n/a,n/a,n/a,n/a,n/a,n/a,n/a,False,n/a,False,n/a,False,n/a,0,0,0,0,nan,nan,nan,nan,nan,nan,nan,nan,nan,nan,0,nan,0,False,n/a,0.0,klt,healthy,normal,healthy,0.6431577473474952,n/a,328,22,0,0,0,0,0,0,0,0,0,0,0,0,0,0,0,0,0,0,0,0,0,0,0,0.0,0.0,0.0,179.90858620032668
89,/home/ma/AQUA-FE_WS/datasets/prepared_new/tank_short_left/frame_000089.jpg,350,22,22,0.06285714285714286,350,328,0.9583333333333334,23,24,89.0,60.5,0.9028571428571428,0.009262744337320328,0.9509378671646118,0.8366268277168274,0.7753120064735413,1.0926342010498047,1.1661462783813477,0.0,nan,nan,129.96466064453125,47.566566467285156,92.56807708740234,5286.30078125,0.0,7.659313725490196e-05,0.12923627068014706,0.28483185172080994,0.0,1.0,1.0,0.9998085171568627,1.0,0.689832950367647,1.0,0.9927964154411765,1.0,0.9561214200367647,0.0438785799632353,0.9561214200367647,0.9786585365853658,0.9908536585365854,0.11866721010077651,0.15070636455743155,1.012460024651439,klt,n/a,0,nan,n/a,nan,n/a,n/a,n/a,n/a,n/a,n/a,n/a,False,n/a,False,n/a,False,n/a,0,0,0,0,nan,nan,nan,nan,nan,nan,nan,nan,nan,nan,0,nan,0,False,n/a,0.0,klt,healthy,normal,healthy,0.6439717454177027,n/a,328,22,0,0,0,0,0,0,0,0,0,0,0,0,0,0,0,0,0,0,0,0,0,0,0,0.0,0.0,0.0,176.1043663136661
90,/home/ma/AQUA-FE_WS/datasets/prepared_new/tank_short_left/frame_000090.jpg,350,27,27,0.07714285714285714,350,323,1.0,24,24,90.0,61.2599983215332,0.9028571428571428,0.007484747096896172,0.9560288190841675,0.8531022071838379,0.7983881235122681,1.0820443630218506,1.1427428722381592,0.0,nan,nan,129.97926330566406,47.546173095703125,92.40294647216797,5253.43408203125,0.0,7.978451797385621e-05,0.12937931135589004,0.28466886281967163,0.0,1.0,1.0,0.9998005387050654,1.0,0.6894896527458639,1.0,0.9927217371323529,1.0,0.95606792025697,0.04393207974303004,0.95606792025697,0.9845201238390093,0.9969040247678018,0.16975221374056151,0.1398643401964325,1.012577587853582,klt,n/a,0,nan,n/a,nan,n/a,n/a,n/a,n/a,n/a,n/a,n/a,False,n/a,False,n/a,False,n/a,0,0,0,0,nan,nan,nan,nan,nan,nan,nan,nan,nan,nan,0,nan,0,False,n/a,0.0,klt,healthy,normal,healthy,0.6444054263921427,n/a,323,27,0,0,0,0,0,0,0,0,0,0,0,0,0,0,0,0,0,0,0,0,0,0,0,0.0,0.0,0.0,179.0665821172297
91,/home/ma/AQUA-FE_WS/datasets/prepared_new/tank_short_left/frame_000091.jpg,350,29,29,0.08285714285714285,350,321,1.0,24,24,91.0,62.031429290771484,0.8914285714285715,0.007837877608835697,0.9515246152877808,0.8425420522689819,0.790588915348053,1.0887975692749023,1.146284818649292,0.0,nan,nan,129.99009704589844,47.582969665527344,92.45844268798828,5307.72314453125,0.0,0.00011488970588235294,0.12961143344056372,0.2855285108089447,0.0,1.0,1.0,0.9997127757352942,1.0,0.688932559742647,1.0,0.9928136488970588,1.0,0.9559849103860294,0.044015089613970604,0.9559849103860294,0.9937694704049844,0.9937694704049844,0.17334620119032185,0.13693907011490797,0.9999989937314201,klt,n/a,0,nan,n/a,nan,n/a,n/a,n/a,n/a,n/a,n/a,n/a,False,n/a,False,n/a,False,n/a,0,0,0,0,nan,nan,nan,nan,nan,nan,nan,nan,nan,nan,0,nan,0,False,n/a,0.0,klt,healthy,normal,healthy,0.6445224371954037,n/a,321,29,0,0,0,0,0,0,0,0,0,0,0,0,0,0,0,0,0,0,0,0,0,0,0,0.0,0.0,0.0,177.14900290593505
92,/home/ma/AQUA-FE_WS/datasets/prepared_new/tank_short_left/frame_000092.jpg,350,27,27,0.07714285714285714,350,323,1.0,24,24,92.0,62.91714096069336,0.8971428571428571,0.008130631409585476,0.9484590888023376,0.8338087201118469,0.7831562757492065,1.0944768190383911,1.1591510772705078,0.0,nan,nan,130.009521484375,47.578857421875,92.73359680175781,5361.41015625,0.0,0.00011169832516339869,0.1296267311245787,0.2859257459640503,0.0,1.0,1.0,0.9997207541870915,1.0,0.6888958453010111,1.0,0.9929917279411765,1.0,0.9559914125210631,0.04400858747893688,0.9559914125210631,0.9938080495356038,0.9969040247678018,0.14960612928833356,0.1448130709619143,1.0031142554333192,klt,n/a,0,nan,n/a,nan,n/a,n/a,n/a,n/a,n/a,n/a,n/a,False,n/a,False,n/a,False,n/a,0,0,0,0,nan,nan,nan,nan,nan,nan,nan,nan,nan,nan,0,nan,0,False,n/a,0.0,klt,healthy,normal,healthy,0.6442074771615235,n/a,323,27,0,0,0,0,0,0,0,0,0,0,0,0,0,0,0,0,0,0,0,0,0,0,0,0.0,0.0,0.0,177.8409439139068
93,/home/ma/AQUA-FE_WS/datasets/prepared_new/tank_short_left/frame_000093.jpg,350,26,26,0.07428571428571429,350,324,1.0,24,24,93.0,63.797142028808594,0.8914285714285715,0.007442701142281294,0.9557507038116455,0.8480067253112793,0.7917497754096985,1.0852866172790527,1.152366280555725,0.0,nan,nan,129.9988250732422,47.619998931884766,92.72025299072266,5318.07958984375,0.0,0.00011169832516339869,0.1289475354961321,0.2856677174568176,0.0,1.0,1.0,0.9997207541870915,1.0,0.6905259148092829,1.0,0.9929055606617647,1.0,0.9562144522154565,0.043785547784543466,0.9562144522154565,0.9907407407407407,0.9938271604938271,0.14445231676980147,0.13763614597364104,1.0031142523083558,klt,n/a,0,nan,n/a,nan,n/a,n/a,n/a,n/a,n/a,n/a,n/a,False,n/a,False,n/a,False,n/a,0,0,0,0,nan,nan,nan,nan,nan,nan,nan,nan,nan,nan,0,nan,0,False,n/a,0.0,klt,healthy,normal,healthy,0.6444945541610544,n/a,324,26,0,0,0,0,0,0,0,0,0,0,0,0,0,0,0,0,0,0,0,0,0,0,0,0.0,0.0,0.0,180.63238821923733
94,/home/ma/AQUA-FE_WS/datasets/prepared_new/tank_short_left/frame_000094.jpg,350,23,23,0.06571428571428571,350,327,1.0,24,24,94.0,64.7028579711914,0.9,0.008038392290472984,0.953227162361145,0.8423377871513367,0.7909204363822937,1.08892822265625,1.1542431116104126,0.0,nan,nan,130.0016632080078,47.57378005981445,92.685302734375,5301.03369140625,0.0,8.297589869281046e-05,0.12936130598479625,0.28570857644081116,0.0,1.0,1.0,0.999792560253268,1.0,0.689532865636489,1.0,0.9931812959558823,1.0,0.9561005861768537,0.04389941382314633,0.9561005861768537,0.9908256880733946,1.0,0.11910061007250343,0.12776878574891043,1.0092582406560349,klt,n/a,0,nan,n/a,nan,n/a,n/a,n/a,n/a,n/a,n/a,n/a,False,n/a,False,n/a,False,n/a,0,0,0,0,nan,nan,nan,nan,nan,nan,nan,nan,nan,nan,0,nan,0,False,n/a,0.0,klt,healthy,normal,healthy,0.6448892485700436,n/a,327,23,0,0,0,0,0,0,0,0,0,0,0,0,0,0,0,0,0,0,0,0,0,0,0,0.0,0.0,0.0,176.29197938367724
95,/home/ma/AQUA-FE_WS/datasets/prepared_new/tank_short_left/frame_000095.jpg,350,27,27,0.07714285714285714,350,323,0.9583333333333334,23,24,95.0,65.31143188476562,0.8942857142857142,0.009556954726576805,0.9541363716125488,0.8510477542877197,0.7908182144165039,1.0833481550216675,1.152388095855713,0.0,nan,nan,130.01487731933594,47.61899948120117,92.49658966064453,5241.291015625,0.0,7.978451797385621e-05,0.12936542884976257,0.28576546907424927,0.0,1.0,1.0,0.9998005387050654,1.0,0.6895229707605699,1.0,0.9931238511029412,1.0,0.9560967116172641,0.04390328838273594,0.9560967116172641,0.9876160990712074,0.978328173374613,0.1902020185995016,0.13457944565869207,0.9905946082694091,klt,n/a,0,nan,n/a,nan,n/a,n/a,n/a,n/a,n/a,n/a,n/a,False,n/a,False,n/a,False,n/a,0,0,0,0,nan,nan,nan,nan,nan,nan,nan,nan,nan,nan,0,nan,0,False,n/a,0.0,klt,healthy,normal,healthy,0.6446168221736523,n/a,323,27,0,0,0,0,0,0,0,0,0,0,0,0,0,0,0,0,0,0,0,0,0,0,0,0.0,0.0,0.0,174.85980689525604
96,/home/ma/AQUA-FE_WS/datasets/prepared_new/tank_short_left/frame_000096.jpg,350,27,27,0.07714285714285714,350,323,1.0,24,24,95.0,65.64571380615234,0.8914285714285715,0.009758787229657173,0.9538364410400391,0.8497159481048584,0.7914302349090576,1.084195852279663,1.1504920721054077,0.0,nan,nan,130.02694702148438,47.61849594116211,92.49470520019531,5178.4169921875,0.0,8.616727941176471e-05,0.12921616498161773,0.28522399067878723,0.0,1.0,1.0,0.9997845818014706,1.0,0.6898812040441175,1.0,0.9929227941176471,1.0,0.9561328860294118,0.04386711397058818,0.9561328860294118,0.9907120743034056,0.9969040247678018,0.10877726672312744,0.157466793430403,1.0062489843174314,klt,n/a,0,nan,n/a,nan,n/a,n/a,n/a,n/a,n/a,n/a,n/a,False,n/a,False,n/a,False,n/a,0,0,0,0,nan,nan,nan,nan,nan,nan,nan,nan,nan,nan,0,nan,0,False,n/a,0.0,klt,healthy,normal,healthy,0.6437013282627839,n/a,323,27,0,0,0,0,0,0,0,0,0,0,0,0,0,0,0,0,0,0,0,0,0,0,0,0.0,0.0,0.0,174.34007907286286
97,/home/ma/AQUA-FE_WS/datasets/prepared_new/tank_short_left/frame_000097.jpg,350,27,27,0.07714285714285714,350,323,0.9583333333333334,23,24,96.0,66.50285339355469,0.8971428571428571,0.009610537439584732,0.9516544342041016,0.8499482870101929,0.7907006740570068,1.084047794342041,1.1492700576782227,0.0,nan,nan,130.09432983398438,47.65498352050781,92.11167907714844,5083.88037109375,0.0,8.297589869281046e-05,0.12922835106943165,0.2849003076553345,0.0,1.0,1.0,0.999792560253268,1.0,0.6898519574333641,1.0,0.9931698069852941,1.0,0.9561445696901809,0.04385543030981909,0.9561445696901809,0.9814241486068112,0.9969040247678018,0.14127301122876643,0.1511609661661472,1.0157718356646595,klt,n/a,0,nan,n/a,nan,n/a,n/a,n/a,n/a,n/a,n/a,n/a,False,n/a,False,n/a,False,n/a,0,0,0,0,nan,nan,nan,nan,nan,nan,nan,nan,nan,nan,0,nan,0,False,n/a,0.0,klt,healthy,normal,healthy,0.6439535613533541,n/a,323,27,0,0,0,0,0,0,0,0,0,0,0,0,0,0,0,0,0,0,0,0,0,0,0,0.0,0.0,0.0,180.37012498825788
98,/home/ma/AQUA-FE_WS/datasets/prepared_new/tank_short_left/frame_000098.jpg,350,24,24,0.06857142857142857,350,326,1.0,24,24,97.0,67.23714447021484,0.8971428571428571,0.009002717211842537,0.9561172723770142,0.8506356477737427,0.7947255373001099,1.0836102962493896,1.146535038948059,0.0,nan,nan,130.11630249023438,47.64747619628906,92.14945220947266,5045.986328125,0.0,0.00011808108660130719,0.12905611524394914,0.28470268845558167,0.0,1.0,1.0,0.9997047972834967,1.0,0.6902653234145221,1.0,0.9924862132352941,1.0,0.9561508937461702,0.04384910625382976,0.9561508937461702,0.9846625766871165,0.8895705521472392,0.24310737738902433,0.16652455155184204,0.9034258737793306,klt,n/a,0,nan,n/a,nan,n/a,n/a,n/a,n/a,n/a,n/a,n/a,False,n/a,False,n/a,False,n/a,0,0,0,0,nan,nan,nan,nan,nan,nan,nan,nan,nan,nan,0,nan,0,False,n/a,0.0,klt,healthy,normal,healthy,0.5806581718624092,n/a,326,24,0,0,0,0,0,0,0,0,0,0,0,0,0,0,0,0,0,0,0,0,0,0,0,0.0,0.0,0.0,203.76514084637165
99,/home/ma/AQUA-FE_WS/datasets/prepared_new/tank_short_left/frame_000099.jpg,350,25,25,0.07142857142857142,350,325,0.9583333333333334,23,24,98.0,67.9942855834961,0.8914285714285715,0.009744461625814438,0.954944372177124,0.8503074049949646,0.7945296168327332,1.08381986618042,1.1541250944137573,0.0,nan,nan,130.1936492919922,47.70974349975586,92.26158142089844,5039.58544921875,0.0,6.701899509803922e-05,0.12900529749253212,0.2851295471191406,0.0,1.0,1.0,0.9998324525122549,1.0,0.690387286017923,1.0,0.9928940716911765,1.0,0.9562077586454505,0.04379224135454951,0.9562077586454505,0.9876923076923076,0.9876923076923076,0.14842727931746813,0.15071432545959598,0.9999989875399659,klt,n/a,0,nan,n/a,nan,n/a,n/a,n/a,n/a,n/a,n/a,n/a,False,n/a,False,n/a,False,n/a,0,0,0,0,nan,nan,nan,nan,nan,nan,nan,nan,nan,nan,0,nan,0,False,n/a,0.0,klt,healthy,normal,healthy,0.6439714269816162,n/a,325,25,0,0,0,0,0,0,0,0,0,0,0,0,0,0,0,0,0,0,0,0,0,0,0,0.0,0.0,0.0,214.09710496664047
100,/home/ma/AQUA-FE_WS/datasets/prepared_new/tank_short_left/frame_000100.jpg,350,26,26,0.07428571428571429,350,324,0.9583333333333334,23,24,99.0,68.84857177734375,0.8914285714285715,0.008947391994297504,0.9535695314407349,0.8491671681404114,0.7940589189529419,1.0845457315444946,1.1525009870529175,0.0,nan,nan,130.22190856933594,47.731685638427734,92.39972686767578,5028.076171875,0.0,0.00012446384803921568,0.12886991313859528,0.28563493490219116,0.0,1.0,1.0,0.9996888403799019,1.0,0.6907122084673714,1.0,0.9930549172794118,1.0,0.9562456650677849,0.043754334932215144,0.9562456650677849,0.9876543209876543,0.9938271604938271,0.1621425341534039,0.1389109852999123,1.0062489811729065,klt,n/a,0,nan,n/a,nan,n/a,n/a,n/a,n/a,n/a,n/a,n/a,False,n/a,False,n/a,False,n/a,0,0,0,0,nan,nan,nan,nan,nan,nan,nan,nan,nan,nan,0,nan,0,False,n/a,0.0,klt,healthy,normal,healthy,0.6444435605880036,n/a,324,26,0,0,0,0,0,0,0,0,0,0,0,0,0,0,0,0,0,0,0,0,0,0,0,0.0,0.0,0.0,193.43116926029325
101,/home/ma/AQUA-FE_WS/datasets/prepared_new/tank_short_left/frame_000101.jpg,350,23,23,0.06571428571428571,350,327,0.9166666666666666,22,24,100.0,69.75142669677734,0.9,0.00832441821694374,0.9502955675125122,0.8494747281074524,0.7940500974655151,1.0843496322631836,1.1527823209762573,0.0,nan,nan,130.27117919921875,47.800479888916016,92.51893615722656,5046.8515625,0.0,6.701899509803922e-05,0.12842699836282165,0.286956787109375,0.0,1.0,1.0,0.9998324525122549,1.0,0.691775203929228,1.0,0.993215762867647,1.0,0.9564213686236214,0.04357863137637863,0.9564213686236214,0.9847094801223242,0.9938837920489296,0.16100445537241095,0.14177188482649747,1.0093157451979853,klt,n/a,0,nan,n/a,nan,n/a,n/a,n/a,n/a,n/a,n/a,n/a,False,n/a,False,n/a,False,n/a,0,0,0,0,nan,nan,nan,nan,nan,nan,nan,nan,nan,nan,0,nan,0,False,n/a,0.0,klt,healthy,normal,healthy,0.6443291246069401,n/a,327,23,0,0,0,0,0,0,0,0,0,0,0,0,0,0,0,0,0,0,0,0,0,0,0,0.0,0.0,0.0,220.26623180136085
102,/home/ma/AQUA-FE_WS/datasets/prepared_new/tank_short_left/frame_000102.jpg,350,16,16,0.045714285714285714,350,334,0.9166666666666666,22,24,101.0,70.67428588867188,0.9028571428571428,0.009232653304934502,0.9514063596725464,0.8434497117996216,0.7823870778083801,1.0882110595703125,1.1625014543533325,0.0,nan,nan,130.30169677734375,47.850738525390625,92.50877380371094,4946.9794921875,0.0,3.510518790849673e-05,0.12848423976524204,0.286490261554718,0.0,1.0,1.0,0.9999122370302288,1.0,0.6916378245634192,1.0,0.9935431985294118,1.0,0.9564313557942707,0.04356864420572926,0.9564313557942707,0.9790419161676647,0.9970059880239521,0.16968544661835405,0.1528563273075234,1.0183475837061378,klt,n/a,0,nan,n/a,nan,n/a,n/a,n/a,n/a,n/a,n/a,n/a,False,n/a,False,n/a,False,n/a,0,0,0,0,nan,nan,nan,nan,nan,nan,nan,nan,nan,nan,0,nan,0,False,n/a,0.0,klt,healthy,normal,healthy,0.6438857469076991,n/a,334,16,0,0,0,0,0,0,0,0,0,0,0,0,0,0,0,0,0,0,0,0,0,0,0,0.0,0.0,0.0,199.73945897072554
103,/home/ma/AQUA-FE_WS/datasets/prepared_new/tank_short_left/frame_000103.jpg,350,20,20,0.05714285714285714,350,330,0.875,21,24,102.0,71.18571472167969,0.9028571428571428,0.008602735586464405,0.9561722278594971,0.8455235958099365,0.7849600911140442,1.0868773460388184,1.1546375751495361,0.0,nan,nan,130.2713623046875,47.832767486572266,92.66227722167969,4957.4384765625,0.0,6.701899509803922e-05,0.1280621278052237,0.2876414656639099,0.0,1.0,1.0,0.9998324525122549,1.0,0.6926508932674631,1.0,0.9938246783088235,1.0,0.9565805000574448,0.04341949994255523,0.9565805000574448,0.9818181818181818,0.996969696969697,0.1550678214519256,0.16138293903299006,1.0154310645300886,klt,n/a,0,nan,n/a,nan,n/a,n/a,n/a,n/a,n/a,n/a,n/a,False,n/a,False,n/a,False,n/a,0,0,0,0,nan,nan,nan,nan,nan,nan,nan,nan,nan,nan,0,nan,0,False,n/a,0.0,klt,healthy,normal,healthy,0.6435446824386805,n/a,330,20,0,0,0,0,0,0,0,0,0,0,0,0,0,0,0,0,0,0,0,0,0,0,0,0.0,0.0,0.0,175.26287399232388
104,/home/ma/AQUA-FE_WS/datasets/prepared_new/tank_short_left/frame_000104.jpg,350,19,19,0.054285714285714284,350,331,0.9166666666666666,22,24,103.0,71.83142852783203,0.9057142857142857,0.0099460044875741,0.9531033039093018,0.845100462436676,0.7894933819770813,1.087148904800415,1.1505491733551025,0.0,nan,nan,130.23855590820312,47.89326477050781,92.7215805053711,4846.8681640625,0.0,0.00011808108660130719,0.1282565427293965,0.2883627712726593,0.0,1.0,1.0,0.9997047972834967,1.0,0.6921842974494484,1.0,0.9941808363970588,1.0,0.9565212275007657,0.043478772499234264,0.9565212275007657,0.9939577039274925,0.9969788519637462,0.11342035742431807,0.16454294949326767,1.0030385045418084,klt,n/a,0,nan,n/a,nan,n/a,n/a,n/a,n/a,n/a,n/a,n/a,False,n/a,False,n/a,False,n/a,0,0,0,0,nan,nan,nan,nan,nan,nan,nan,nan,nan,nan,0,nan,0,False,n/a,0.0,klt,healthy,normal,healthy,0.6434182820202694,n/a,331,19,0,0,0,0,0,0,0,0,0,0,0,0,0,0,0,0,0,0,0,0,0,0,0,0.0,0.0,0.0,182.34991608187556
105,/home/ma/AQUA-FE_WS/datasets/prepared_new/tank_short_left/frame_000105.jpg,350,15,15,0.04285714285714286,350,335,0.9166666666666666,22,24,104.0,72.54571533203125,0.9114285714285715,0.008500118739902973,0.9535536766052246,0.8410817384719849,0.7821090221405029,1.0897400379180908,1.1590343713760376,0.0,nan,nan,130.24754333496094,47.924705505371094,92.6922836303711,4788.71484375,0.0,9.25500408496732e-05,0.12795400282915897,0.28921693563461304,0.0,1.0,1.0,0.9997686248978758,1.0,0.6929103932100185,1.0,0.9944221047794117,1.0,0.9566450163239124,0.04335498367608759,0.9566450163239124,0.991044776119403,1.0,0.18715400757577025,0.1583309505828932,1.0090351264253994,klt,n/a,0,nan,n/a,nan,n/a,n/a,n/a,n/a,n/a,n/a,n/a,False,n/a,False,n/a,False,n/a,0,0,0,0,nan,nan,nan,nan,nan,nan,nan,nan,nan,nan,0,nan,0,False,n/a,0.0,klt,healthy,normal,healthy,0.6436667619766843,n/a,335,15,0,0,0,0,0,0,0,0,0,0,0,0,0,0,0,0,0,0,0,0,0,0,0,0.0,0.0,0.0,182.7697129920125
106,/home/ma/AQUA-FE_WS/datasets/prepared_new/tank_short_left/frame_000106.jpg,350,15,15,0.04285714285714286,350,335,1.0,24,24,105.0,73.27999877929688,0.9142857142857143,0.008548853918910027,0.9568157196044922,0.8473103046417236,0.7855221033096313,1.0857319831848145,1.1532111167907715,0.0,nan,nan,130.3347930908203,48.01325225830078,93.13642120361328,4797.27197265625,0.0,6.063623366013072e-05,0.128202927533318,0.29097145795822144,0.0,1.0,1.0,0.9998484094158496,1.0,0.6923129739200369,1.0,0.9938534007352942,1.0,0.9565368295228249,0.04346317047717507,0.9565368295228249,0.9970149253731343,0.9432835820895522,0.1644150801701541,0.15019508419585198,0.946106835491647,klt,n/a,0,nan,n/a,nan,n/a,n/a,n/a,n/a,n/a,n/a,n/a,False,n/a,False,n/a,False,n/a,0,0,0,0,nan,nan,nan,nan,nan,nan,nan,nan,nan,nan,0,nan,0,False,n/a,0.0,klt,healthy,normal,healthy,0.6372957173798182,n/a,335,15,0,0,0,0,0,0,0,0,0,0,0,0,0,0,0,0,0,0,0,0,0,0,0,0.0,0.0,0.0,188.786496873945
107,/home/ma/AQUA-FE_WS/datasets/prepared_new/tank_short_left/frame_000107.jpg,350,14,14,0.04,350,336,0.875,21,24,106.0,74.08285522460938,0.9171428571428571,0.007340488489717245,0.9518296718597412,0.8472546339035034,0.7864184379577637,1.0857676267623901,1.1510589122772217,0.0,nan,nan,130.4579315185547,47.935062408447266,93.28943634033203,4668.25830078125,0.0,3.1913807189542485e-05,0.12791345035328586,0.29124951362609863,0.0,1.0,1.0,0.9999202154820261,1.0,0.693007719152114,1.0,0.9935604319852941,1.0,0.9566251324582569,0.043374867541743134,0.9566251324582569,0.9880952380952381,1.0,0.11810345016784285,0.13525828265883194,1.0120471685305763,klt,n/a,0,nan,n/a,nan,n/a,n/a,n/a,n/a,n/a,n/a,n/a,False,n/a,False,n/a,False,n/a,0,0,0,0,nan,nan,nan,nan,nan,nan,nan,nan,nan,nan,0,nan,0,False,n/a,0.0,klt,healthy,normal,healthy,0.6445896686936468,n/a,336,14,0,0,0,0,0,0,0,0,0,0,0,0,0,0,0,0,0,0,0,0,0,0,0,0.0,0.0,0.0,185.66845823079348
108,/home/ma/AQUA-FE_WS/datasets/prepared_new/tank_short_left/frame_000108.jpg,350,16,16,0.045714285714285714,350,334,1.0,24,24,107.0,74.7057113647461,0.9314285714285714,0.008245671167969704,0.9575183987617493,0.8512544631958008,0.793792188167572,1.0832167863845825,1.1431697607040405,0.0,nan,nan,130.61439514160156,47.96440505981445,93.55825805664062,4742.5341796875,0.0,6.382761437908497e-05,0.127727658140893,0.2916308641433716,0.0,1.0,1.0,0.9998404309640523,1.0,0.6934536204618568,1.0,0.9940487132352941,1.0,0.9567072813744639,0.043292718625536075,0.9567072813744639,0.9910179640718563,0.9970059880239521,0.11259513577362187,0.12657447564796553,1.0060412809130277,klt,n/a,0,nan,n/a,nan,n/a,n/a,n/a,n/a,n/a,n/a,n/a,False,n/a,False,n/a,False,n/a,0,0,0,0,nan,nan,nan,nan,nan,nan,nan,nan,nan,nan,0,nan,0,False,n/a,0.0,klt,healthy,normal,healthy,0.6449370209740815,n/a,334,16,0,0,0,0,0,0,0,0,0,0,0,0,0,0,0,0,0,0,0,0,0,0,0,0.0,0.0,0.0,173.45136683434248
109,/home/ma/AQUA-FE_WS/datasets/prepared_new/tank_short_left/frame_000109.jpg,350,15,15,0.04285714285714286,350,335,0.9166666666666666,22,24,107.5,75.0085678100586,0.9285714285714286,0.008317431434988976,0.954254150390625,0.8412075042724609,0.7899641394615173,1.0896587371826172,1.14679753780365,0.0,nan,nan,130.80809020996094,48.00607681274414,93.90399932861328,4748.03125,0.0,7.340175653594771e-05,0.12709492103726253,0.29097607731819153,0.0,1.0,1.0,0.9998164956086601,1.0,0.6949721895105699,1.0,0.9940831801470589,1.0,0.9569190768133427,0.04308092318665735,0.9569190768133427,0.9880597014925373,1.0,0.22285938164273617,0.1392004598632149,1.0120835678308302,klt,n/a,0,nan,n/a,nan,n/a,n/a,n/a,n/a,n/a,n/a,n/a,False,n/a,False,n/a,False,n/a,0,0,0,0,nan,nan,nan,nan,nan,nan,nan,nan,nan,nan,0,nan,0,False,n/a,0.0,klt,healthy,normal,healthy,0.6444319816054714,n/a,335,15,0,0,0,0,0,0,0,0,0,0,0,0,0,0,0,0,0,0,0,0,0,0,0,0.0,0.0,0.0,172.27084701880813
110,/home/ma/AQUA-FE_WS/datasets/prepared_new/tank_short_left/frame_000110.jpg,350,13,13,0.037142857142857144,350,337,0.9166666666666666,22,24,108.5,75.61428833007812,0.9228571428571428,0.00782629381865263,0.9483191967010498,0.8317365646362305,0.7787203788757324,1.0958375930786133,1.155954360961914,0.0,nan,nan,130.97425842285156,47.99005889892578,93.9019546508789,4780.3076171875,0.0,8.297589869281046e-05,0.1267316182454427,0.28862911462783813,0.0,1.0,1.0,0.999792560253268,1.0,0.6958441162109374,1.0,0.9947897518382353,1.0,0.9570806686102176,0.042919331389782434,0.9570806686102176,0.9970326409495549,1.0,0.13391713425454427,0.14315475252423523,1.0029751845159607,klt,n/a,0,nan,n/a,nan,n/a,n/a,n/a,n/a,n/a,n/a,n/a,False,n/a,False,n/a,False,n/a,0,0,0,0,nan,nan,nan,nan,nan,nan,nan,nan,nan,nan,0,nan,0,False,n/a,0.0,klt,healthy,normal,healthy,0.6442738098990306,n/a,337,13,0,0,0,0,0,0,0,0,0,0,0,0,0,0,0,0,0,0,0,0,0,0,0,0.0,0.0,0.0,184.50683914124966
111,/home/ma/AQUA-FE_WS/datasets/prepared_new/tank_short_left/frame_000111.jpg,350,13,13,0.037142857142857144,350,337,0.9166666666666666,22,24,109.0,76.25714111328125,0.9257142857142857,0.008733081631362438,0.9510838985443115,0.8362408876419067,0.7798559665679932,1.092885971069336,1.1558287143707275,0.0,nan,nan,131.01004028320312,48.01509475708008,93.81230163574219,4734.0849609375,0.0,5.425347222222222e-05,0.1280671781652114,0.2885911464691162,0.0,1.0,1.0,0.9998643663194444,1.0,0.6926387724034926,1.0,0.9949850643382353,1.0,0.9566522559551165,0.04334774404488351,0.9566522559551165,0.9910979228486647,1.0,0.10418428033154813,0.16247480136945494,1.008981017884422,klt,n/a,0,nan,n/a,nan,n/a,n/a,n/a,n/a,n/a,n/a,n/a,False,n/a,False,n/a,False,n/a,0,0,0,0,nan,nan,nan,nan,nan,nan,nan,nan,nan,nan,0,nan,0,False,n/a,0.0,klt,healthy,normal,healthy,0.6435010079452219,n/a,337,13,0,0,0,0,0,0,0,0,0,0,0,0,0,0,0,0,0,0,0,0,0,0,0,0.0,0.0,0.0,178.44845401123166
112,/home/ma/AQUA-FE_WS/datasets/prepared_new/tank_short_left/frame_000112.jpg,350,14,14,0.04,350,336,0.9166666666666666,22,24,110.0,77.15428924560547,0.9314285714285714,0.00908920168876648,0.9578094482421875,0.8531186580657959,0.7923303246498108,1.0820338726043701,1.1434073448181152,0.0,nan,nan,130.86643981933594,48.047523498535156,93.68609619140625,4556.35986328125,0.0,1.914828431372549e-05,0.12875114889705877,0.2893284559249878,0.0,1.0,1.0,0.9999521292892157,1.0,0.690997242647059,1.0,0.9947667738970588,1.0,0.9564198759191176,0.04358012408088241,0.9564198759191176,0.9910714285714286,0.9851190476190477,0.14940741727514023,0.1594502371242041,0.9939929910461112,klt,n/a,0,nan,n/a,nan,n/a,n/a,n/a,n/a,n/a,n/a,n/a,False,n/a,False,n/a,False,n/a,0,0,0,0,nan,nan,nan,nan,nan,nan,nan,nan,nan,nan,0,nan,0,False,n/a,0.0,klt,healthy,normal,healthy,0.6436219905150319,n/a,336,14,0,0,0,0,0,0,0,0,0,0,0,0,0,0,0,0,0,0,0,0,0,0,0,0.0,0.0,0.0,175.08214199915528
113,/home/ma/AQUA-FE_WS/datasets/prepared_new/tank_short_left/frame_000113.jpg,350,15,15,0.04285714285714286,350,335,0.9583333333333334,23,24,110.0,77.24857330322266,0.9342857142857143,0.008451273664832115,0.9577988386154175,0.8493174314498901,0.7914502024650574,1.0844498872756958,1.1417700052261353,0.0,nan,nan,130.62498474121094,48.071537017822266,93.67845916748047,4563.42431640625,0.0,5.744485294117647e-05,0.1307460111730239,0.28970867395401,0.0,1.0,1.0,0.9998563878676471,1.0,0.6862095731847426,1.0,0.9943359375,1.0,0.9557122630399817,0.04428773696001831,0.9557122630399817,0.9970149253731343,0.9880597014925373,0.09845211718536961,0.15366091464309342,0.9910169700877696,klt,n/a,0,nan,n/a,nan,n/a,n/a,n/a,n/a,n/a,n/a,n/a,False,n/a,False,n/a,False,n/a,0,0,0,0,nan,nan,nan,nan,nan,nan,nan,nan,nan,nan,0,nan,0,False,n/a,0.0,klt,healthy,normal,healthy,0.6438535634142764,n/a,335,15,0,0,0,0,0,0,0,0,0,0,0,0,0,0,0,0,0,0,0,0,0,0,0,0.0,0.0,0.0,176.60583509132266
114,/home/ma/AQUA-FE_WS/datasets/prepared_new/tank_short_left/frame_000114.jpg,350,13,13,0.037142857142857144,350,337,0.9166666666666666,22,24,111.0,78.07428741455078,0.9314285714285714,0.009393211454153061,0.9556699395179749,0.8343117237091064,0.786327600479126,1.0941472053527832,1.1460274457931519,0.0,nan,nan,130.39645385742188,48.21741485595703,93.83384704589844,4620.66455078125,0.0,5.1062091503267975e-05,0.13228616452684588,0.2913283109664917,0.0,1.0,1.0,0.9998723447712419,1.0,0.6825132051355699,1.0,0.994921875,1.0,0.9552318425915289,0.044768157408471065,0.9552318425915289,0.9910979228486647,0.9970326409495549,0.14509979179737853,0.1478900629317758,1.0059870089292753,klt,n/a,0,nan,n/a,nan,n/a,n/a,n/a,n/a,n/a,n/a,n/a,False,n/a,False,n/a,False,n/a,0,0,0,0,nan,nan,nan,nan,nan,nan,nan,nan,nan,nan,0,nan,0,False,n/a,0.0,klt,healthy,normal,healthy,0.644084397482729,n/a,337,13,0,0,0,0,0,0,0,0,0,0,0,0,0,0,0,0,0,0,0,0,0,0,0,0.0,0.0,0.0,175.91544520109892
115,/home/ma/AQUA-FE_WS/datasets/prepared_new/tank_short_left/frame_000115.jpg,350,15,15,0.04285714285714286,350,335,0.9583333333333334,23,24,112.0,78.5057144165039,0.9342857142857143,0.009171370416879654,0.960273027420044,0.8553329706192017,0.7928142547607422,1.0806341171264648,1.1432253122329712,0.0,nan,nan,130.2711944580078,48.34935760498047,93.98950958251953,4562.13427734375,0.0,2.2339665032679737e-05,0.13379659615310965,0.2929956316947937,0.0,1.0,1.0,0.9999441508374183,1.0,0.6788881692325368,1.0,0.9956227022058823,1.0,0.9547750039253982,0.04522499607460184,0.9547750039253982,0.991044776119403,1.0,0.20819728098332638,0.1555505475367308,1.0090351264253994,klt,n/a,0,nan,n/a,nan,n/a,n/a,n/a,n/a,n/a,n/a,n/a,False,n/a,False,n/a,False,n/a,0,0,0,0,nan,nan,nan,nan,nan,nan,nan,nan,nan,nan,0,nan,0,False,n/a,0.0,klt,healthy,normal,healthy,0.6437779780985309,n/a,335,15,0,0,0,0,0,0,0,0,0,0,0,0,0,0,0,0,0,0,0,0,0,0,0,0.0,0.0,0.0,181.5877640619874
116,/home/ma/AQUA-FE_WS/datasets/prepared_new/tank_short_left/frame_000116.jpg,350,13,13,0.037142857142857144,350,337,0.9583333333333334,23,24,113.0,79.2057113647461,0.94,0.008700426667928696,0.9616544246673584,0.8516464233398438,0.7974491715431213,1.0829694271087646,1.134564757347107,0.0,nan,nan,130.2376708984375,48.40099334716797,94.16220092773438,4630.533203125,0.0,4.4679330065359474e-05,0.1334717754289216,0.2943512797355652,0.0,1.0,1.0,0.9998883016748366,1.0,0.6796677389705881,1.0,0.9953814338235294,1.0,0.9548629656862746,0.0451370343137254,0.9548629656862746,0.9970326409495549,1.0,0.17722348953124714,0.16500703538856848,1.0029751845159607,klt,n/a,0,nan,n/a,nan,n/a,n/a,n/a,n/a,n/a,n/a,n/a,False,n/a,False,n/a,False,n/a,0,0,0,0,nan,nan,nan,nan,nan,nan,nan,nan,nan,nan,0,nan,0,False,n/a,0.0,klt,healthy,normal,healthy,0.6433997185844573,n/a,337,13,0,0,0,0,0,0,0,0,0,0,0,0,0,0,0,0,0,0,0,0,0,0,0,0.0,0.0,0.0,179.99009881168604
117,/home/ma/AQUA-FE_WS/datasets/prepared_new/tank_short_left/frame_000117.jpg,350,12,12,0.03428571428571429,350,338,0.9166666666666666,22,24,114.0,79.83999633789062,0.9485714285714286,0.009008649736642838,0.9597457051277161,0.8439691066741943,0.7946529984474182,1.0878770351409912,1.137874960899353,0.0,nan,nan,130.1915740966797,48.38557815551758,94.18748474121094,4587.33984375,3.1913807189542485e-06,5.1062091503267975e-05,0.13268591787300857,0.2949615716934204,0.0,1.0,1.0,0.9998643663194444,1.0,0.6815537971047794,1.0,0.9956169577205882,1.0,0.9551382730162379,0.04486172698376212,0.9551382730162379,0.985207100591716,0.9378698224852071,0.22915137845527378,0.15972481495810975,0.9519509857074079,klt,n/a,0,nan,n/a,nan,n/a,n/a,n/a,n/a,n/a,n/a,n/a,False,n/a,False,n/a,False,n/a,0,0,0,0,nan,nan,nan,nan,nan,nan,nan,nan,nan,nan,0,nan,0,False,n/a,0.0,klt,healthy,normal,healthy,0.6329971020762317,n/a,338,12,0,0,0,0,0,0,0,0,0,0,0,0,0,0,0,0,0,0,0,0,0,0,0,0.0,0.0,0.0,181.4533919095993
118,/home/ma/AQUA-FE_WS/datasets/prepared_new/tank_short_left/frame_000118.jpg,350,7,7,0.02,350,343,0.9166666666666666,22,24,115.0,80.81999969482422,0.9485714285714286,0.0096809733659029,0.9571937322616577,0.8398945331573486,0.7877014875411987,1.0905089378356934,1.1421786546707153,0.0,nan,nan,130.25230407714844,48.45005798339844,94.74273681640625,4639.60595703125,0.0,3.829656862745098e-05,0.13176377539541212,0.2963653802871704,0.0,1.0,1.0,0.9999042585784313,1.0,0.6837669390510109,1.0,0.9955135569852941,1.0,0.9554466959156709,0.044553304084329115,0.9554466959156709,0.9941690962099126,1.0,0.1435415266779309,0.1405089228845501,1.005864090875709,klt,n/a,0,nan,n/a,nan,n/a,n/a,n/a,n/a,n/a,n/a,n/a,False,n/a,False,n/a,False,n/a,0,0,0,0,nan,nan,nan,nan,nan,nan,nan,nan,nan,nan,0,nan,0,False,n/a,0.0,klt,healthy,normal,healthy,0.644379643084618,n/a,343,7,0,0,0,0,0,0,0,0,0,0,0,0,0,0,0,0,0,0,0,0,0,0,0,0.0,0.0,0.0,177.48463107272983
119,/home/ma/AQUA-FE_WS/datasets/prepared_new/tank_short_left/frame_000119.jpg,350,5,5,0.014285714285714285,350,345,0.9166666666666666,22,24,116.0,81.80571746826172,0.96,0.00855711754411459,0.9586395025253296,0.8420207500457764,0.7912857532501221,1.0891329050064087,1.140061855316162,0.0,nan,nan,130.38525390625,48.54641342163086,94.9853744506836,4600.86376953125,0.0,8.616727941176471e-05,0.13132258994906554,0.29683244228363037,0.0,1.0,1.0,0.9997845818014706,1.0,0.6848257841222427,1.0,0.9953756893382353,1.0,0.9555723009535846,0.044427699046415414,0.9555723009535846,0.9884057971014493,0.9971014492753624,0.18889632520007227,0.15906888199522803,1.0087966333289193,klt,n/a,0,nan,n/a,nan,n/a,n/a,n/a,n/a,n/a,n/a,n/a,False,n/a,False,n/a,False,n/a,0,0,0,0,nan,nan,nan,nan,nan,nan,nan,nan,nan,nan,0,nan,0,False,n/a,0.0,klt,healthy,normal,healthy,0.6436372447201909,n/a,345,5,0,0,0,0,0,0,0,0,0,0,0,0,0,0,0,0,0,0,0,0,0,0,0,0.0,0.0,0.0,179.715515114367
120,/home/ma/AQUA-FE_WS/datasets/prepared_new/tank_short_left/frame_000120.jpg,350,10,10,0.02857142857142857,350,340,0.9166666666666666,22,24,115.0,81.13999938964844,0.9457142857142857,0.007824268192052841,0.9598719477653503,0.8379466533660889,0.7960187792778015,1.0917744636535645,1.1367840766906738,0.0,nan,nan,130.56753540039062,48.58339309692383,94.6351318359375,4394.50048828125,0.0,4.4679330065359474e-05,0.13230746998506432,0.2976346015930176,0.0,1.0,1.0,0.9998883016748366,1.0,0.6824620720358456,1.0,0.9950999540441177,1.0,0.9552372835286458,0.044762716471354214,0.9552372835286458,0.9941176470588236,1.0,0.21194580161707247,0.14259493206485965,1.0059161478949992,klt,n/a,0,nan,n/a,nan,n/a,n/a,n/a,n/a,n/a,n/a,n/a,False,n/a,False,n/a,False,n/a,0,0,0,0,nan,nan,nan,nan,nan,nan,nan,nan,nan,nan,0,nan,0,False,n/a,0.0,klt,healthy,normal,healthy,0.6442962027174057,n/a,340,10,0,0,0,0,0,0,0,0,0,0,0,0,0,0,0,0,0,0,0,0,0,0,0,0.0,0.0,0.0,176.8567212857306
121,/home/ma/AQUA-FE_WS/datasets/prepared_new/tank_short_left/frame_000121.jpg,350,12,12,0.03428571428571429,350,338,0.9166666666666666,22,24,114.5,80.84285736083984,0.9457142857142857,0.007389519363641739,0.959506630897522,0.8439474105834961,0.7983923554420471,1.087890386581421,1.132790207862854,0.0,nan,nan,130.74673461914062,48.56755065917969,94.54367065429688,4269.986328125,0.0,4.148794934640523e-05,0.13283484664617795,0.296883225440979,0.0,1.0,1.0,0.999896280126634,1.0,0.6811963680491729,1.0,0.9955939797794118,1.0,0.9550906839288449,0.044909316071155114,0.9550906839288449,0.9970414201183432,1.0,0.10015992274818891,0.12076986531886345,1.0029663531079307,klt,n/a,0,nan,n/a,nan,n/a,n/a,n/a,n/a,n/a,n/a,n/a,False,n/a,False,n/a,False,n/a,0,0,0,0,nan,nan,nan,nan,nan,nan,nan,nan,nan,nan,0,nan,0,False,n/a,0.0,klt,healthy,normal,healthy,0.6451692053872455,n/a,338,12,0,0,0,0,0,0,0,0,0,0,0,0,0,0,0,0,0,0,0,0,0,0,0,0.0,0.0,0.0,180.5170471780002
122,/home/ma/AQUA-FE_WS/datasets/prepared_new/tank_short_left/frame_000122.jpg,350,21,21,0.06,350,329,0.9166666666666666,22,24,109.0,79.46286010742188,0.9228571428571428,0.006591174751520157,0.9616764783859253,0.8566205501556396,0.8073660135269165,1.0798226594924927,1.1257041692733765,0.0,nan,nan,130.84274291992188,48.621604919433594,94.67957305908203,4217.25244140625,0.0,6.063623366013072e-05,0.13328140557981005,0.2978309392929077,0.0,1.0,1.0,0.9998484094158496,1.0,0.680124626608456,1.0,0.9956629136029411,1.0,0.9549390316712623,0.04506096832873774,0.9549390316712623,0.9878419452887538,0.9969604863221885,0.06860650915470741,0.111488637701948,1.0092297475797325,klt,n/a,0,nan,n/a,nan,n/a,n/a,n/a,n/a,n/a,n/a,n/a,False,n/a,False,n/a,False,n/a,0,0,0,0,nan,nan,nan,nan,nan,nan,nan,nan,nan,nan,0,nan,0,False,n/a,0.0,klt,healthy,normal,healthy,0.6455404544919221,n/a,329,21,0,0,0,0,0,0,0,0,0,0,0,0,0,0,0,0,0,0,0,0,0,0,0,0.0,0.0,0.0,182.18966480344534
123,/home/ma/AQUA-FE_WS/datasets/prepared_new/tank_short_left/frame_000123.jpg,350,19,19,0.054285714285714284,350,331,0.9583333333333334,23,24,100.5,79.73428344726562,0.9228571428571428,0.0070973592810332775,0.9589903354644775,0.8466349840164185,0.8025793433189392,1.0861644744873047,1.1321965456008911,0.0,nan,nan,130.7529296875,48.72080612182617,94.6134262084961,4258.265625,0.0,2.8722426470588235e-05,0.1334613186705346,0.30015748739242554,0.0,1.0,1.0,0.9999281939338235,1.0,0.679692835190717,1.0,0.9962086397058824,1.0,0.9549208985811122,0.045079101418887824,0.9549208985811122,0.9939577039274925,1.0,0.08111303089689732,0.1151488709420855,1.006078015161632,klt,n/a,0,nan,n/a,nan,n/a,n/a,n/a,n/a,n/a,n/a,n/a,False,n/a,False,n/a,False,n/a,0,0,0,0,nan,nan,nan,nan,nan,nan,nan,nan,nan,nan,0,nan,0,False,n/a,0.0,klt,healthy,normal,healthy,0.6453940451623166,n/a,331,19,0,0,0,0,0,0,0,0,0,0,0,0,0,0,0,0,0,0,0,0,0,0,0,0.0,0.0,0.0,177.06380365416408
124,/home/ma/AQUA-FE_WS/datasets/prepared_new/tank_short_left/frame_000124.jpg,350,19,19,0.054285714285714284,350,331,0.9166666666666666,22,24,94.5,79.9000015258789,0.9228571428571428,0.007556440774351358,0.9646263122558594,0.8553482294082642,0.8080626726150513,1.0806244611740112,1.1283882856369019,0.0,nan,nan,130.5507354736328,48.76700210571289,94.34577178955078,4229.9560546875,6.382761437908497e-06,3.510518790849673e-05,0.13500970578661145,0.30102860927581787,0.0,1.0,1.0,0.999896280126634,1.0,0.6759767061121325,1.0,0.9956284466911764,1.0,0.9543619992723653,0.04563800072763469,0.9543619992723653,1.0,1.0,0.14752078587988804,0.1224149456659657,0.9999990000010001,klt,n/a,0,nan,n/a,nan,n/a,n/a,n/a,n/a,n/a,n/a,n/a,False,n/a,False,n/a,False,n/a,0,0,0,0,nan,nan,nan,nan,nan,nan,nan,nan,nan,nan,0,nan,0,False,n/a,0.0,klt,healthy,normal,healthy,0.6451034021733615,n/a,331,19,0,0,0,0,0,0,0,0,0,0,0,0,0,0,0,0,0,0,0,0,0,0,0,0.0,0.0,0.0,177.4795399978757
125,/home/ma/AQUA-FE_WS/datasets/prepared_new/tank_short_left/frame_000125.jpg,350,18,18,0.05142857142857143,350,332,0.9166666666666666,22,24,90.0,78.94857025146484,0.9085714285714286,0.009022323414683342,0.9562157988548279,0.84153151512146,0.7910445928573608,1.089449167251587,1.1407549381256104,0.0,nan,nan,130.40176391601562,48.7659797668457,94.34701538085938,4258.0810546875,9.574142156862745e-06,2.8722426470588235e-05,0.13429168701171876,0.3025950491428375,0.0,1.0,1.0,0.9999042585784313,1.0,0.677699951171875,1.0,0.9957318474264706,1.0,0.9546104150390626,0.04538958496093737,0.9546104150390626,0.9969879518072289,1.0,0.11263474146757593,0.14717439112928488,1.0030201419858396,klt,n/a,0,nan,n/a,nan,n/a,n/a,n/a,n/a,n/a,n/a,n/a,False,n/a,False,n/a,False,n/a,0,0,0,0,nan,nan,nan,nan,nan,nan,nan,nan,nan,nan,0,nan,0,False,n/a,0.0,klt,healthy,normal,healthy,0.6441130243548286,n/a,332,18,0,0,0,0,0,0,0,0,0,0,0,0,0,0,0,0,0,0,0,0,0,0,0,0.0,0.0,0.0,182.39056691527367
126,/home/ma/AQUA-FE_WS/datasets/prepared_new/tank_short_left/frame_000126.jpg,350,14,14,0.04,350,336,0.9166666666666666,22,24,91.0,79.90571594238281,0.9171428571428571,0.0073905643075704575,0.9582822322845459,0.8440420627593994,0.7914453148841858,1.08782958984375,1.1409029960632324,0.0,nan,nan,130.28553771972656,48.85459518432617,94.65805053710938,4360.11474609375,6.382761437908497e-06,2.5531045751633988e-05,0.1320907503015855,0.30411016941070557,0.0,1.0,1.0,0.9999202154820261,1.0,0.6829821992761949,1.0,0.9959673713235294,1.0,0.9553659760359221,0.044634023964077896,0.9553659760359221,0.9880952380952381,0.9970238095238095,0.21560482700930728,0.131355351169486,1.00903512338614,klt,n/a,0,nan,n/a,nan,n/a,n/a,n/a,n/a,n/a,n/a,n/a,False,n/a,False,n/a,False,n/a,0,0,0,0,nan,nan,nan,nan,nan,nan,nan,nan,nan,nan,0,nan,0,False,n/a,0.0,klt,healthy,normal,healthy,0.6447457859532206,n/a,336,14,0,0,0,0,0,0,0,0,0,0,0,0,0,0,0,0,0,0,0,0,0,0,0,0.0,0.0,0.0,179.30833995342255
127,/home/ma/AQUA-FE_WS/datasets/prepared_new/tank_short_left/frame_000127.jpg,350,14,14,0.04,350,336,0.9166666666666666,22,24,92.0,80.42857360839844,0.9228571428571428,0.007131930440664291,0.9589122533798218,0.8467822074890137,0.7968038320541382,1.0860702991485596,1.1358352899551392,0.0,nan,nan,130.30575561523438,48.875892639160156,94.65275573730469,4445.73779296875,3.1913807189542485e-06,3.510518790849673e-05,0.13077279483570775,0.30469849705696106,0.0,1.0,1.0,0.9999042585784313,1.0,0.6861452923943014,1.0,0.9963465073529412,1.0,0.9558296424057904,0.04417035759420962,0.9558296424057904,0.9970238095238095,1.0,0.10934019917118348,0.11515855867815086,1.0029840686488147,klt,n/a,0,nan,n/a,nan,n/a,n/a,n/a,n/a,n/a,n/a,n/a,False,n/a,False,n/a,False,n/a,0,0,0,0,nan,nan,nan,nan,nan,nan,nan,nan,nan,nan,0,nan,0,False,n/a,0.0,klt,healthy,normal,healthy,0.645393657652874,n/a,336,14,0,0,0,0,0,0,0,0,0,0,0,0,0,0,0,0,0,0,0,0,0,0,0,0.0,0.0,0.0,176.57516617327929
128,/home/ma/AQUA-FE_WS/datasets/prepared_new/tank_short_left/frame_000128.jpg,350,14,14,0.04,350,336,0.9583333333333334,23,24,91.5,80.97714233398438,0.9342857142857143,0.0075760092586278915,0.9531586170196533,0.8426527976989746,0.7907900810241699,1.08872652053833,1.1421912908554077,0.0,nan,nan,130.4416046142578,48.89696502685547,94.69307708740234,4485.75732421875,3.1913807189542485e-06,2.2339665032679737e-05,0.12989383772307744,0.3049136996269226,0.0,1.0,1.0,0.9999361723856209,1.0,0.6882547894646142,1.0,0.9964441636029412,1.0,0.956134661027497,0.043865338972503,0.956134661027497,0.9970238095238095,0.9970238095238095,0.10443203101478397,0.13103959305362675,0.9999989970159313,klt,n/a,0,nan,n/a,nan,n/a,n/a,n/a,n/a,n/a,n/a,n/a,False,n/a,False,n/a,False,n/a,0,0,0,0,nan,nan,nan,nan,nan,nan,nan,nan,nan,nan,0,nan,0,False,n/a,0.0,klt,healthy,normal,healthy,0.644758416277855,n/a,336,14,0,0,0,0,0,0,0,0,0,0,0,0,0,0,0,0,0,0,0,0,0,0,0,0.0,0.0,0.0,179.45227166637778
129,/home/ma/AQUA-FE_WS/datasets/prepared_new/tank_short_left/frame_000129.jpg,350,14,14,0.04,350,336,0.9166666666666666,22,24,88.0,81.19999694824219,0.9371428571428572,0.007742227986454964,0.9588729739189148,0.8509195446968079,0.7999898791313171,1.0834295749664307,1.1370490789413452,0.0,nan,nan,130.43214416503906,48.887874603271484,94.7959976196289,4510.6181640625,0.0,2.2339665032679737e-05,0.12905314725988054,0.30467528104782104,0.0,1.0,1.0,0.9999441508374183,1.0,0.6902724465762867,1.0,0.9967084099264706,1.0,0.9564339452167585,0.04356605478324149,0.9564339452167585,1.0,0.9970238095238095,0.21831145849238456,0.12611159945503642,0.9970228125009971,klt,n/a,0,nan,n/a,nan,n/a,n/a,n/a,n/a,n/a,n/a,n/a,False,n/a,False,n/a,False,n/a,0,0,0,0,nan,nan,nan,nan,nan,nan,nan,nan,nan,nan,0,nan,0,False,n/a,0.0,klt,healthy,normal,healthy,0.6449555360217986,n/a,336,14,0,0,0,0,0,0,0,0,0,0,0,0,0,0,0,0,0,0,0,0,0,0,0,0.0,0.0,0.0,186.23369792476296
130,/home/ma/AQUA-FE_WS/datasets/prepared_new/tank_short_left/frame_000130.jpg,350,8,8,0.022857142857142857,350,342,0.9166666666666666,22,24,89.0,82.17713928222656,0.9457142857142857,0.006635940633714199,0.959620475769043,0.8521427512168884,0.7966145277023315,1.0826528072357178,1.1415032148361206,0.0,nan,nan,130.39669799804688,48.907623291015625,94.69822692871094,4576.65283203125,0.0,3.510518790849673e-05,0.12812380323223038,0.3043149709701538,0.0,1.0,1.0,0.9999122370302288,1.0,0.6925028722426472,1.0,0.9965877757352941,1.0,0.9567351371017156,0.04326486289828435,0.9567351371017156,0.9941520467836257,0.9970760233918129,0.09023856155094814,0.13182721088363075,1.0029401676307725,klt,n/a,0,nan,n/a,nan,n/a,n/a,n/a,n/a,n/a,n/a,n/a,False,n/a,False,n/a,False,n/a,0,0,0,0,nan,nan,nan,nan,nan,nan,nan,nan,nan,nan,0,nan,0,False,n/a,0.0,klt,healthy,normal,healthy,0.6447269115646548,n/a,342,8,0,0,0,0,0,0,0,0,0,0,0,0,0,0,0,0,0,0,0,0,0,0,0,0.0,0.0,0.0,178.6744510754943
131,/home/ma/AQUA-FE_WS/datasets/prepared_new/tank_short_left/frame_000131.jpg,350,8,8,0.022857142857142857,350,342,0.9166666666666666,22,24,89.0,82.85142517089844,0.9457142857142857,0.007718003820627928,0.9589941501617432,0.8548946380615234,0.7955058217048645,1.0809109210968018,1.1397697925567627,0.0,nan,nan,130.37583923339844,48.9089469909668,94.64794921875,4540.85888671875,0.0,3.510518790849673e-05,0.12754521987017464,0.3055741786956787,0.0,1.0,1.0,0.9999122370302288,1.0,0.6938914723115809,1.0,0.9970415900735294,1.0,0.9569567699716606,0.04304323002833943,0.9569567699716606,0.9941520467836257,0.9970760233918129,0.12179241500803817,0.1331084102689526,1.0029401676307725,klt,n/a,0,nan,n/a,nan,n/a,n/a,n/a,n/a,n/a,n/a,n/a,False,n/a,False,n/a,False,n/a,0,0,0,0,nan,nan,nan,nan,nan,nan,nan,nan,nan,nan,0,nan,0,False,n/a,0.0,klt,healthy,normal,healthy,0.6446756635892419,n/a,342,8,0,0,0,0,0,0,0,0,0,0,0,0,0,0,0,0,0,0,0,0,0,0,0,0.0,0.0,0.0,176.40395369380713
132,/home/ma/AQUA-FE_WS/datasets/prepared_new/tank_short_left/frame_000132.jpg,350,9,9,0.025714285714285714,350,341,0.9166666666666666,22,24,88.0,83.38285827636719,0.9485714285714286,0.007280693389475346,0.9589518308639526,0.8508083820343018,0.7997828722000122,1.0835003852844238,1.136928677558899,0.0,nan,nan,130.3257293701172,48.92230224609375,94.6698989868164,4591.93017578125,0.0,1.914828431372549e-05,0.12677214977787993,0.3049265742301941,0.0,1.0,1.0,0.9999521292892157,1.0,0.6957468405330882,1.0,0.9965016084558823,1.0,0.9571889096966912,0.04281109030330876,0.9571889096966912,0.9970674486803519,0.9970674486803519,0.12110172258657173,0.12309837013336446,0.9999989970598294,klt,n/a,0,nan,n/a,nan,n/a,n/a,n/a,n/a,n/a,n/a,n/a,False,n/a,False,n/a,False,n/a,0,0,0,0,nan,nan,nan,nan,nan,nan,nan,nan,nan,nan,0,nan,0,False,n/a,0.0,klt,healthy,normal,healthy,0.6450760651946654,n/a,341,9,0,0,0,0,0,0,0,0,0,0,0,0,0,0,0,0,0,0,0,0,0,0,0,0.0,0.0,0.0,175.55897077545524
133,/home/ma/AQUA-FE_WS/datasets/prepared_new/tank_short_left/frame_000133.jpg,350,12,12,0.03428571428571429,350,338,0.9166666666666666,22,24,87.0,83.51714324951172,0.9514285714285714,0.007603281177580357,0.9594581127166748,0.8507568836212158,0.8006396293640137,1.0835330486297607,1.1358596086502075,0.0,nan,nan,130.2855682373047,48.95096969604492,94.77223205566406,4672.9189453125,0.0,9.574142156862745e-06,0.12539479573567705,0.3056629002094269,0.0,1.0,1.0,0.9999760646446079,1.0,0.6990524902343751,1.0,0.9969611672794118,1.0,0.9576821464269303,0.04231785357306972,0.9576821464269303,0.9911242603550295,0.9970414201183432,0.12734023250957854,0.13771110689136964,1.0059691342759183,klt,n/a,0,nan,n/a,nan,n/a,n/a,n/a,n/a,n/a,n/a,n/a,False,n/a,False,n/a,False,n/a,0,0,0,0,nan,nan,nan,nan,nan,nan,nan,nan,nan,nan,0,nan,0,False,n/a,0.0,klt,healthy,normal,healthy,0.6444915557243452,n/a,338,12,0,0,0,0,0,0,0,0,0,0,0,0,0,0,0,0,0,0,0,0,0,0,0,0.0,0.0,0.0,175.01874174922705
134,/home/ma/AQUA-FE_WS/datasets/prepared_new/tank_short_left/frame_000134.jpg,350,14,14,0.04,350,336,0.9166666666666666,22,24,87.5,83.38571166992188,0.9428571428571428,0.008010372519493103,0.9557831883430481,0.8495718836784363,0.7990217208862305,1.0842876434326172,1.1365901231765747,0.0,nan,nan,130.3106689453125,48.9563102722168,94.72866821289062,4639.625,3.1913807189542485e-06,6.382761437908497e-05,0.12447528016333491,0.30607280135154724,0.0,1.0,1.0,0.9998324525122549,1.0,0.7012593276079963,1.0,0.9970875459558823,1.0,0.957981452923943,0.04201854707605701,0.957981452923943,0.9940476190476191,0.9970238095238095,0.10228698988414878,0.13933977526027724,1.0029930029770988,klt,n/a,0,nan,n/a,nan,n/a,n/a,n/a,n/a,n/a,n/a,n/a,False,n/a,False,n/a,False,n/a,0,0,0,0,nan,nan,nan,nan,nan,nan,nan,nan,nan,nan,0,nan,0,False,n/a,0.0,klt,healthy,normal,healthy,0.6444264089895889,n/a,336,14,0,0,0,0,0,0,0,0,0,0,0,0,0,0,0,0,0,0,0,0,0,0,0,0.0,0.0,0.0,176.87800200656056
135,/home/ma/AQUA-FE_WS/datasets/prepared_new/tank_short_left/frame_000135.jpg,350,18,18,0.05142857142857143,350,332,0.9166666666666666,22,24,85.0,82.25428771972656,0.9285714285714286,0.006675480864942074,0.9517205953598022,0.8390238285064697,0.7961359620094299,1.091073989868164,1.136902093887329,0.0,nan,nan,130.40200805664062,48.98015213012695,94.88156127929688,4606.8837890625,0.0,4.4679330065359474e-05,0.1235583436255361,0.30589592456817627,0.0,1.0,1.0,0.9998883016748366,1.0,0.7034599752987134,1.0,0.99677734375,1.0,0.9582776333678003,0.04172236663219975,0.9582776333678003,0.9909638554216867,0.9969879518072289,0.1308118037393315,0.13507242913472262,1.0060780121036472,klt,n/a,0,nan,n/a,nan,n/a,n/a,n/a,n/a,n/a,n/a,n/a,False,n/a,False,n/a,False,n/a,0,0,0,0,nan,nan,nan,nan,nan,nan,nan,nan,nan,nan,0,nan,0,False,n/a,0.0,klt,healthy,normal,healthy,0.6445971028346111,n/a,332,18,0,0,0,0,0,0,0,0,0,0,0,0,0,0,0,0,0,0,0,0,0,0,0,0.0,0.0,0.0,179.1326180100441
136,/home/ma/AQUA-FE_WS/datasets/prepared_new/tank_short_left/frame_000136.jpg,350,17,17,0.04857142857142857,350,333,0.9166666666666666,22,24,86.0,83.09428405761719,0.9285714285714286,0.007209924980998039,0.9539681077003479,0.8451719284057617,0.8027094602584839,1.0871031284332275,1.130399227142334,0.0,nan,nan,130.5150909423828,49.02425003051758,94.99693298339844,4724.30615234375,0.0,1.5956903594771243e-05,0.12309701059378833,0.3064262270927429,0.0,1.0,1.0,0.9999601077410131,1.0,0.704567174574908,1.0,0.99736328125,1.0,0.9584764142444087,0.04152358575559134,0.9584764142444087,0.993993993993994,0.996996996996997,0.21029226394934183,0.135420329858435,1.0030201389555702,klt,n/a,0,nan,n/a,nan,n/a,n/a,n/a,n/a,n/a,n/a,n/a,False,n/a,False,n/a,False,n/a,0,0,0,0,nan,nan,nan,nan,nan,nan,nan,nan,nan,nan,0,nan,0,False,n/a,0.0,klt,healthy,normal,healthy,0.6445831868056626,n/a,333,17,0,0,0,0,0,0,0,0,0,0,0,0,0,0,0,0,0,0,0,0,0,0,0,0.0,0.0,0.0,188.19752987474203
137,/home/ma/AQUA-FE_WS/datasets/prepared_new/tank_short_left/frame_000137.jpg,350,17,17,0.04857142857142857,350,333,0.9166666666666666,22,24,86.0,83.26856994628906,0.9285714285714286,0.006417985539883375,0.955559253692627,0.852873682975769,0.807269275188446,1.0821892023086548,1.1280523538589478,0.0,nan,nan,130.62001037597656,49.087284088134766,95.21541595458984,4719.01708984375,0.0,6.382761437908497e-06,0.12237614949544269,0.3070034980773926,0.0,1.0,1.0,0.9999840430964052,1.0,0.7062972412109376,1.0,0.9972713694852942,1.0,0.9587159811102175,0.0412840188897825,0.9587159811102175,0.993993993993994,0.993993993993994,0.1225016539792851,0.12076257853043534,0.999998993958716,klt,n/a,0,nan,n/a,nan,n/a,n/a,n/a,n/a,n/a,n/a,n/a,False,n/a,False,n/a,False,n/a,0,0,0,0,nan,nan,nan,nan,nan,nan,nan,nan,nan,nan,0,nan,0,False,n/a,0.0,klt,healthy,normal,healthy,0.6451694968587827,n/a,333,17,0,0,0,0,0,0,0,0,0,0,0,0,0,0,0,0,0,0,0,0,0,0,0,0.0,0.0,0.0,173.91762603074312
138,/home/ma/AQUA-FE_WS/datasets/prepared_new/tank_short_left/frame_000138.jpg,350,17,17,0.04857142857142857,350,333,0.9166666666666666,22,24,87.0,84.18856811523438,0.9342857142857143,0.005857920739799738,0.9601808190345764,0.8617205619812012,0.8132054805755615,1.0766260623931885,1.1228487491607666,0.0,nan,nan,130.68777465820312,49.08930969238281,95.46293640136719,4770.2431640625,0.0,1.2765522875816994e-05,0.12183369056851252,0.30734115839004517,0.0,1.0,1.0,0.9999680861928104,1.0,0.7075991426355699,1.0,0.9973517922794117,1.0,0.9589011578488817,0.04109884215111825,0.9589011578488817,0.993993993993994,0.993993993993994,0.0840752835580853,0.11763102076785871,0.999998993958716,klt,n/a,0,nan,n/a,nan,n/a,n/a,n/a,n/a,n/a,n/a,n/a,False,n/a,False,n/a,False,n/a,0,0,0,0,nan,nan,nan,nan,nan,nan,nan,nan,nan,nan,0,nan,0,False,n/a,0.0,klt,healthy,normal,healthy,0.6452947591692857,n/a,333,17,0,0,0,0,0,0,0,0,0,0,0,0,0,0,0,0,0,0,0,0,0,0,0,0.0,0.0,0.0,174.69976795837283
139,/home/ma/AQUA-FE_WS/datasets/prepared_new/tank_short_left/frame_000139.jpg,350,17,17,0.04857142857142857,350,333,0.9166666666666666,22,24,88.0,85.10857391357422,0.9371428571428572,0.005968193523585796,0.9661632180213928,0.8740985989570618,0.8268444538116455,1.068985104560852,1.1127734184265137,0.0,nan,nan,130.7127685546875,49.07111358642578,95.64478302001953,4852.08447265625,0.0,1.914828431372549e-05,0.12121360030828734,0.30807560682296753,0.0,1.0,1.0,0.9999521292892157,1.0,0.7090873592601104,1.0,0.9975815716911764,1.0,0.959121380112592,0.04087861988740804,0.959121380112592,0.993993993993994,1.0,0.1469248406078895,0.0992064728174697,1.0060412839524242,klt,n/a,0,nan,n/a,nan,n/a,n/a,n/a,n/a,n/a,n/a,n/a,False,n/a,False,n/a,False,n/a,0,0,0,0,nan,nan,nan,nan,nan,nan,nan,nan,nan,nan,0,nan,0,False,n/a,0.0,klt,healthy,normal,healthy,0.6460317410873013,n/a,333,17,0,0,0,0,0,0,0,0,0,0,0,0,0,0,0,0,0,0,0,0,0,0,0,0.0,0.0,0.0,172.08514688536525
140,/home/ma/AQUA-FE_WS/datasets/prepared_new/tank_short_left/frame_000140.jpg,350,13,13,0.037142857142857144,350,337,0.9166666666666666,22,24,89.0,86.07142639160156,0.9428571428571428,0.005604919977486134,0.9700882434844971,0.8873112797737122,0.8370519280433655,1.0610051155090332,1.1048437356948853,0.0,nan,nan,130.67251586914062,49.1265983581543,95.6700210571289,4819.44189453125,0.0,2.2339665032679737e-05,0.1206458895814185,0.30894261598587036,0.0,1.0,1.0,0.9999441508374183,1.0,0.7104498650045956,1.0,0.9973058363970588,1.0,0.9592946293849571,0.04070537061504287,0.9592946293849571,1.0,1.0,0.10376031263368106,0.09662139937914876,0.9999990000010001,klt,n/a,0,nan,n/a,nan,n/a,n/a,n/a,n/a,n/a,n/a,n/a,False,n/a,False,n/a,False,n/a,0,0,0,0,nan,nan,nan,nan,nan,nan,nan,nan,nan,nan,0,nan,0,False,n/a,0.0,klt,healthy,normal,healthy,0.6461351440248341,n/a,337,13,0,0,0,0,0,0,0,0,0,0,0,0,0,0,0,0,0,0,0,0,0,0,0,0.0,0.0,0.0,176.8754730001092
141,/home/ma/AQUA-FE_WS/datasets/prepared_new/tank_short_left/frame_000141.jpg,350,12,12,0.03428571428571429,350,338,0.9166666666666666,22,24,90.0,87.03713989257812,0.9485714285714286,0.005146142095327377,0.9738513231277466,0.8889973163604736,0.8349257707595825,1.0599994659423828,1.1086745262145996,0.0,nan,nan,130.6319122314453,49.14468002319336,95.87610626220703,4866.07763671875,0.0,9.574142156862745e-06,0.12030525057923558,0.3097502887248993,0.0,1.0,1.0,0.9999760646446079,1.0,0.7112673986098346,1.0,0.9973403033088235,1.0,0.9594149817612592,0.04058501823874083,0.9594149817612592,0.9940828402366864,1.0,0.3645895544569686,0.09438697887424997,1.0059513690132063,klt,n/a,0,nan,n/a,nan,n/a,n/a,n/a,n/a,n/a,n/a,n/a,False,n/a,False,n/a,False,n/a,0,0,0,0,nan,nan,nan,nan,nan,nan,nan,nan,nan,nan,0,nan,0,False,n/a,0.0,klt,healthy,normal,healthy,0.64622452084503,n/a,338,12,0,0,0,0,0,0,0,0,0,0,0,0,0,0,0,0,0,0,0,0,0,0,0,0.0,0.0,0.0,179.5791951008141
142,/home/ma/AQUA-FE_WS/datasets/prepared_new/tank_short_left/frame_000142.jpg,350,9,9,0.025714285714285714,350,341,0.9166666666666666,22,24,91.0,88.01142883300781,0.9514285714285714,0.00541431549936533,0.9730657339096069,0.8972363471984863,0.831836462020874,1.0551269054412842,1.1121934652328491,0.0,nan,nan,130.5793914794922,49.184364318847656,95.98099517822266,4812.0439453125,0.0,1.5956903594771243e-05,0.11943013209922637,0.3105541169643402,0.0,1.0,1.0,0.9999601077410131,1.0,0.7133676829618567,1.0,0.9970703125,1.0,0.9596909072935815,0.04030909270641847,0.9596909072935815,0.9970674486803519,1.0,0.0926936774085121,0.09175797059110491,1.0029401705805936,klt,n/a,0,nan,n/a,nan,n/a,n/a,n/a,n/a,n/a,n/a,n/a,False,n/a,False,n/a,False,n/a,0,0,0,0,nan,nan,nan,nan,nan,nan,nan,nan,nan,nan,0,nan,0,False,n/a,0.0,klt,healthy,normal,healthy,0.6463296811763559,n/a,341,9,0,0,0,0,0,0,0,0,0,0,0,0,0,0,0,0,0,0,0,0,0,0,0,0.0,0.0,0.0,183.855801820755
143,/home/ma/AQUA-FE_WS/datasets/prepared_new/tank_short_left/frame_000143.jpg,350,10,10,0.02857142857142857,350,340,0.9166666666666666,22,24,92.0,88.42571258544922,0.9571428571428572,0.005256686359643936,0.9715777039527893,0.8898959159851074,0.8350666165351868,1.059464693069458,1.1078317165374756,0.0,nan,nan,130.57846069335938,49.213138580322266,96.11543273925781,4792.68798828125,0.0,1.2765522875816994e-05,0.11972606584137568,0.31054943799972534,0.0,1.0,1.0,0.9999680861928104,1.0,0.7126574419806984,1.0,0.9976849724264706,1.0,0.9596293105660234,0.04037068943397659,0.9596293105660234,0.9941176470588236,1.0,0.16266209873373577,0.0899714121881754,1.0059161478949992,klt,n/a,0,nan,n/a,nan,n/a,n/a,n/a,n/a,n/a,n/a,n/a,False,n/a,False,n/a,False,n/a,0,0,0,0,nan,nan,nan,nan,nan,nan,nan,nan,nan,nan,0,nan,0,False,n/a,0.0,klt,healthy,normal,healthy,0.646401143512473,n/a,340,10,0,0,0,0,0,0,0,0,0,0,0,0,0,0,0,0,0,0,0,0,0,0,0,0.0,0.0,0.0,170.822286978364
144,/home/ma/AQUA-FE_WS/datasets/prepared_new/tank_short_left/frame_000144.jpg,350,8,8,0.022857142857142857,350,342,0.9166666666666666,22,24,93.0,89.4028549194336,0.96,0.005679036490619183,0.9715651273727417,0.8913089036941528,0.8356688618659973,1.0586260557174683,1.1085937023162842,0.0,nan,nan,130.61575317382812,49.26237487792969,96.57823944091797,4834.84765625,0.0,2.5531045751633988e-05,0.1190789735083486,0.31164082884788513,0.0,1.0,1.0,0.9999361723856209,1.0,0.7142104635799633,1.0,0.9976849724264706,1.0,0.9598429039330576,0.0401570960669424,0.9598429039330576,1.0,1.0,0.1104391082137887,0.08946614295442912,0.9999990000010001,klt,n/a,0,nan,n/a,nan,n/a,n/a,n/a,n/a,n/a,n/a,n/a,False,n/a,False,n/a,False,n/a,0,0,0,0,nan,nan,nan,nan,nan,nan,nan,nan,nan,nan,0,nan,0,False,n/a,0.0,klt,healthy,normal,healthy,0.6464213542818229,n/a,342,8,0,0,0,0,0,0,0,0,0,0,0,0,0,0,0,0,0,0,0,0,0,0,0,0.0,0.0,0.0,180.08551420643926
145,/home/ma/AQUA-FE_WS/datasets/prepared_new/tank_short_left/frame_000145.jpg,350,13,13,0.037142857142857144,350,337,0.9583333333333334,23,24,93.5,89.54856872558594,0.9542857142857143,0.005339988507330418,0.9726266860961914,0.8886306881904602,0.8406735062599182,1.0602178573608398,1.103135585784912,0.0,nan,nan,130.63790893554688,49.2718505859375,96.56695556640625,4890.03369140625,0.0,1.914828431372549e-05,0.11799956078622857,0.3123149275779724,0.0,1.0,1.0,0.9999521292892157,1.0,0.7168010541130514,1.0,0.9974954044117647,1.0,0.9601961273552391,0.03980387264476093,0.9601961273552391,0.9910979228486647,0.9940652818991098,0.14674709152250842,0.09236585333380105,1.0029929999741287,klt,n/a,0,nan,n/a,nan,n/a,n/a,n/a,n/a,n/a,n/a,n/a,False,n/a,False,n/a,False,n/a,0,0,0,0,nan,nan,nan,nan,nan,nan,nan,nan,nan,nan,0,nan,0,False,n/a,0.0,klt,healthy,normal,healthy,0.646305365866648,n/a,337,13,0,0,0,0,0,0,0,0,0,0,0,0,0,0,0,0,0,0,0,0,0,0,0,0.0,0.0,0.0,173.14537428319454
146,/home/ma/AQUA-FE_WS/datasets/prepared_new/tank_short_left/frame_000146.jpg,350,10,10,0.02857142857142857,350,340,0.9583333333333334,23,24,94.5,90.46857452392578,0.9542857142857143,0.005811589770019054,0.9667936563491821,0.8744072914123535,0.8288577795028687,1.0687962770462036,1.110398292541504,0.0,nan,nan,130.67257690429688,49.28960037231445,96.78164672851562,4887.21337890625,0.0,1.914828431372549e-05,0.117403980329925,0.31179574131965637,0.0,1.0,1.0,0.9999521292892157,1.0,0.71823044720818,1.0,0.9973517922794117,1.0,0.9603876256606159,0.03961237433938414,0.9603876256606159,0.9823529411764705,1.0,0.30046866027029584,0.11232428253411933,1.0179630356064908,klt,n/a,0,nan,n/a,nan,n/a,n/a,n/a,n/a,n/a,n/a,n/a,False,n/a,False,n/a,False,n/a,0,0,0,0,nan,nan,nan,nan,nan,nan,nan,nan,nan,nan,0,nan,0,False,n/a,0.0,klt,healthy,normal,healthy,0.6455070286986353,n/a,340,10,0,0,0,0,0,0,0,0,0,0,0,0,0,0,0,0,0,0,0,0,0,0,0,0.0,0.0,0.0,175.8327861316502
147,/home/ma/AQUA-FE_WS/datasets/prepared_new/tank_short_left/frame_000147.jpg,350,7,7,0.02,350,343,0.9583333333333334,23,24,95.5,91.23714447021484,0.9542857142857143,0.006241923198103905,0.9577133059501648,0.8594682216644287,0.8136803507804871,1.0780344009399414,1.123372197151184,0.0,nan,nan,130.70509338378906,49.36421203613281,96.9995346069336,4881.2958984375,0.0,1.5956903594771243e-05,0.1172216886632583,0.31244590878486633,0.0,1.0,1.0,0.9999601077410131,1.0,0.7186679472081801,1.0,0.9974264705882353,1.0,0.9604543137733608,0.03954568622663923,0.9604543137733608,1.0,1.0,0.15366668242595324,0.1204099777400231,0.9999990000010001,klt,n/a,0,nan,n/a,nan,n/a,n/a,n/a,n/a,n/a,n/a,n/a,False,n/a,False,n/a,False,n/a,0,0,0,0,nan,nan,nan,nan,nan,nan,nan,nan,nan,nan,0,nan,0,False,n/a,0.0,klt,healthy,normal,healthy,0.6451836008903992,n/a,343,7,0,0,0,0,0,0,0,0,0,0,0,0,0,0,0,0,0,0,0,0,0,0,0,0.0,0.0,0.0,174.1642290726304
148,/home/ma/AQUA-FE_WS/datasets/prepared_new/tank_short_left/frame_000148.jpg,350,6,6,0.017142857142857144,350,344,0.9583333333333334,23,24,96.5,92.21428680419922,0.9571428571428572,0.00690868217498064,0.9569523334503174,0.8590041399002075,0.8138223886489868,1.0783255100250244,1.1223938465118408,0.0,nan,nan,130.7131805419922,49.3776969909668,97.20081329345703,4904.69873046875,0.0,1.5956903594771243e-05,0.11720377005782778,0.3138155937194824,0.0,1.0,1.0,0.9999601077410131,1.0,0.7187109518612134,1.0,0.9974034926470589,1.0,0.960458955748315,0.03954104425168503,0.960458955748315,0.9941860465116279,1.0,0.09944964587138327,0.13442160050666907,1.0058469414872868,klt,n/a,0,nan,n/a,nan,n/a,n/a,n/a,n/a,n/a,n/a,n/a,False,n/a,False,n/a,False,n/a,0,0,0,0,nan,nan,nan,nan,nan,nan,nan,nan,nan,nan,0,nan,0,False,n/a,0.0,klt,healthy,normal,healthy,0.6446231359797333,n/a,344,6,0,0,0,0,0,0,0,0,0,0,0,0,0,0,0,0,0,0,0,0,0,0,0,0.0,0.0,0.0,171.28431517630816
149,/home/ma/AQUA-FE_WS/datasets/prepared_new/tank_short_left/frame_000149.jpg,350,6,6,0.017142857142857144,350,344,0.9583333333333334,23,24,97.5,93.1971435546875,0.9657142857142857,0.007126367650926113,0.9559965133666992,0.8604419231414795,0.8114861249923706,1.0774250030517578,1.1223106384277344,0.0,nan,nan,130.72117614746094,49.39680480957031,97.20690155029297,4962.42919921875,0.0,2.2339665032679737e-05,0.11744929594152108,0.3141655921936035,0.0,1.0,1.0,0.9999441508374183,1.0,0.7181216897403494,1.0,0.9978113511029412,1.0,0.9603990157303157,0.03960098426968428,0.9603990157303157,0.997093023255814,1.0,0.12671895274007022,0.15391953413981696,1.0029144460566488,klt,n/a,0,nan,n/a,nan,n/a,n/a,n/a,n/a,n/a,n/a,n/a,False,n/a,False,n/a,False,n/a,0,0,0,0,nan,nan,nan,nan,nan,nan,nan,nan,nan,nan,0,nan,0,False,n/a,0.0,klt,healthy,normal,healthy,0.6438432186344074,n/a,344,6,0,0,0,0,0,0,0,0,0,0,0,0,0,0,0,0,0,0,0,0,0,0,0,0.0,0.0,0.0,175.8346571587026
150,/home/ma/AQUA-FE_WS/datasets/prepared_new/tank_short_left/frame_000150.jpg,350,4,4,0.011428571428571429,350,346,0.9583333333333334,23,24,98.5,94.18571472167969,0.9771428571428571,0.007117850240319967,0.9574369192123413,0.8534621000289917,0.8102455139160156,1.0818164348602295,1.123396873474121,0.0,nan,nan,130.77377319335938,49.42892837524414,97.29130554199219,4906.208984375,0.0,9.574142156862745e-06,0.11763390335382197,0.31430646777153015,0.0,1.0,1.0,0.9999760646446079,1.0,0.7176786319508273,1.0,0.9976792279411765,1.0,0.9603328899069394,0.039667110093060565,0.9603328899069394,0.9971098265895953,1.0,0.08612242273808506,0.15365081440358777,1.0028975449201434,klt,n/a,0,nan,n/a,nan,n/a,n/a,n/a,n/a,n/a,n/a,n/a,False,n/a,False,n/a,False,n/a,0,0,0,0,nan,nan,nan,nan,nan,nan,nan,nan,nan,nan,0,nan,0,False,n/a,0.0,klt,healthy,normal,healthy,0.6438539674238566,n/a,346,4,0,0,0,0,0,0,0,0,0,0,0,0,0,0,0,0,0,0,0,0,0,0,0,0.0,0.0,0.0,177.03330516815186
151,/home/ma/AQUA-FE_WS/datasets/prepared_new/tank_short_left/frame_000151.jpg,350,5,5,0.014285714285714285,350,345,0.9583333333333334,23,24,98.5,94.73999786376953,0.9771428571428571,0.007349440362304449,0.9597474336624146,0.8636229634284973,0.8233177065849304,1.0754411220550537,1.1121561527252197,0.0,nan,nan,130.82046508789062,49.46787643432617,97.4968032836914,4911.17529296875,0.0,1.5956903594771243e-05,0.11780232747395826,0.3141474723815918,0.0,1.0,1.0,0.9999601077410131,1.0,0.7172744140625003,1.0,0.9976792279411765,1.0,0.9602743845741422,0.03972561542585784,0.9602743845741422,0.9971014492753624,1.0,0.09892220227747738,0.1540129512562112,1.0029059709227908,klt,n/a,0,nan,n/a,nan,n/a,n/a,n/a,n/a,n/a,n/a,n/a,False,n/a,False,n/a,False,n/a,0,0,0,0,nan,nan,nan,nan,nan,nan,nan,nan,nan,nan,0,nan,0,False,n/a,0.0,klt,healthy,normal,healthy,0.6438394819497516,n/a,345,5,0,0,0,0,0,0,0,0,0,0,0,0,0,0,0,0,0,0,0,0,0,0,0,0.0,0.0,0.0,175.41337106376886
152,/home/ma/AQUA-FE_WS/datasets/prepared_new/tank_short_left/frame_000152.jpg,350,4,4,0.011428571428571429,350,346,0.9583333333333334,23,24,99.5,95.64571380615234,0.9742857142857143,0.007308672182261944,0.9595757722854614,0.8614152669906616,0.818787157535553,1.0768166780471802,1.1158987283706665,0.0,nan,nan,130.90025329589844,49.50101852416992,97.74685668945312,4877.19677734375,0.0,2.2339665032679737e-05,0.11772647932463996,0.31414031982421875,0.0,1.0,1.0,0.9999441508374183,1.0,0.7174564496208641,1.0,0.9975126378676471,1.0,0.96028795931947,0.039712040680530025,0.96028795931947,0.9971098265895953,1.0,0.14398186170616858,0.15423520394632972,1.0028975449201434,klt,n/a,0,nan,n/a,nan,n/a,n/a,n/a,n/a,n/a,n/a,n/a,False,n/a,False,n/a,False,n/a,0,0,0,0,nan,nan,nan,nan,nan,nan,nan,nan,nan,nan,0,nan,0,False,n/a,0.0,klt,healthy,normal,healthy,0.6438305918421469,n/a,346,4,0,0,0,0,0,0,0,0,0,0,0,0,0,0,0,0,0,0,0,0,0,0,0,0.0,0.0,0.0,176.00739002227783
153,/home/ma/AQUA-FE_WS/datasets/prepared_new/tank_short_left/frame_000153.jpg,350,5,5,0.014285714285714285,350,345,0.9583333333333334,23,24,99.5,96.04571533203125,0.9742857142857143,0.0073228562250733376,0.9604504704475403,0.8642088174819946,0.8216413259506226,1.0750770568847656,1.115257978439331,0.0,nan,nan,130.99688720703125,49.54740524291992,97.97480010986328,4904.7998046875,0.0,2.2339665032679737e-05,0.11748185400869335,0.3144603371620178,0.0,1.0,1.0,0.9999441508374183,1.0,0.718043550379136,1.0,0.9978917738970589,1.0,0.9603929015873927,0.039607098412607344,0.9603929015873927,1.0,0.9971014492753624,0.08660073089864702,0.1578902495950101,0.9971004521749103,klt,n/a,0,nan,n/a,nan,n/a,n/a,n/a,n/a,n/a,n/a,n/a,False,n/a,False,n/a,False,n/a,0,0,0,0,nan,nan,nan,nan,nan,nan,nan,nan,nan,nan,0,nan,0,False,n/a,0.0,klt,healthy,normal,healthy,0.6436843900161997,n/a,345,5,0,0,0,0,0,0,0,0,0,0,0,0,0,0,0,0,0,0,0,0,0,0,0,0.0,0.0,0.0,173.31977793946862
154,/home/ma/AQUA-FE_WS/datasets/prepared_new/tank_short_left/frame_000154.jpg,350,3,3,0.008571428571428572,350,347,0.9583333333333334,23,24,100.5,96.894287109375,0.9714285714285714,0.00785097386687994,0.960483193397522,0.8676251173019409,0.8193671703338623,1.0729607343673706,1.11725914478302,0.0,nan,nan,131.06910705566406,49.55729293823242,97.98716735839844,4865.6513671875,0.0,1.2765522875816994e-05,0.11672682219860606,0.31429582834243774,0.0,1.0,1.0,0.9999680861928104,1.0,0.7198556267233455,1.0,0.9975700827205882,1.0,0.960630163047641,0.03936983695235896,0.960630163047641,0.9971181556195965,1.0,0.13888255833601673,0.14603493149188043,1.0028891676227134,klt,n/a,0,nan,n/a,nan,n/a,n/a,n/a,n/a,n/a,n/a,n/a,False,n/a,False,n/a,False,n/a,0,0,0,0,nan,nan,nan,nan,nan,nan,nan,nan,nan,nan,0,nan,0,False,n/a,0.0,klt,healthy,normal,healthy,0.6441586027403248,n/a,347,3,0,0,0,0,0,0,0,0,0,0,0,0,0,0,0,0,0,0,0,0,0,0,0,0.0,0.0,0.0,171.49156890809536
155,/home/ma/AQUA-FE_WS/datasets/prepared_new/tank_short_left/frame_000155.jpg,350,5,5,0.014285714285714285,350,345,0.9583333333333334,23,24,101.5,97.55428314208984,0.9714285714285714,0.008034976199269295,0.9588232040405273,0.8622727990150452,0.8185442090034485,1.0762817859649658,1.1168204545974731,0.0,nan,nan,131.13009643554688,49.55637741088867,98.06794738769531,4807.26171875,0.0,1.2765522875816994e-05,0.11597858503753058,0.313445508480072,0.0,1.0,1.0,0.9999680861928104,1.0,0.7216513959099267,1.0,0.9976505055147059,1.0,0.9608863961014094,0.03911360389859064,0.9608863961014094,1.0,1.0,0.07120537564189508,0.13531190438609333,0.9999990000010001,klt,n/a,0,nan,n/a,nan,n/a,n/a,n/a,n/a,n/a,n/a,n/a,False,n/a,False,n/a,False,n/a,0,0,0,0,nan,nan,nan,nan,nan,nan,nan,nan,nan,nan,0,nan,0,False,n/a,0.0,klt,healthy,normal,healthy,0.6445875238245563,n/a,345,5,0,0,0,0,0,0,0,0,0,0,0,0,0,0,0,0,0,0,0,0,0,0,0,0.0,0.0,0.0,179.20758994296193
156,/home/ma/AQUA-FE_WS/datasets/prepared_new/tank_short_left/frame_000156.jpg,350,6,6,0.017142857142857144,350,344,0.9583333333333334,23,24,102.5,98.28857421875,0.9685714285714285,0.00676838681101799,0.9579867124557495,0.8629058599472046,0.820777952671051,1.0758873224258423,1.11406672000885,0.0,nan,nan,131.1329803466797,49.583866119384766,97.90513610839844,4707.13427734375,0.0,1.5956903594771243e-05,0.11440213670917589,0.3137481212615967,0.0,1.0,1.0,0.9999601077410131,1.0,0.725434871897978,1.0,0.9975241268382353,1.0,0.9614075426049327,0.03859245739506734,0.9614075426049327,0.997093023255814,1.0,0.17964545011384864,0.11883685984608722,1.0029144460566488,klt,n/a,0,nan,n/a,nan,n/a,n/a,n/a,n/a,n/a,n/a,n/a,False,n/a,False,n/a,False,n/a,0,0,0,0,nan,nan,nan,nan,nan,nan,nan,nan,nan,nan,0,nan,0,False,n/a,0.0,klt,healthy,normal,healthy,0.6452465256061566,n/a,344,6,0,0,0,0,0,0,0,0,0,0,0,0,0,0,0,0,0,0,0,0,0,0,0,0.0,0.0,0.0,178.2883256673813
157,/home/ma/AQUA-FE_WS/datasets/prepared_new/tank_short_left/frame_000157.jpg,350,2,2,0.005714285714285714,350,348,0.9583333333333334,23,24,103.5,99.2828598022461,0.98,0.006647056434303522,0.9605352878570557,0.866969108581543,0.8222055435180664,1.0733661651611328,1.1128339767456055,0.0,nan,nan,131.07644653320312,49.64946365356445,97.96505737304688,4680.16357421875,0.0,9.574142156862745e-06,0.11358527389227176,0.3148849606513977,0.0,1.0,1.0,0.9999760646446079,1.0,0.7273953426585478,1.0,0.9978400735294117,1.0,0.9617028801413143,0.03829711985868567,0.9617028801413143,1.0,1.0,0.11806759229921526,0.12171186697467137,0.9999990000010001,klt,n/a,0,nan,n/a,nan,n/a,n/a,n/a,n/a,n/a,n/a,n/a,False,n/a,False,n/a,False,n/a,0,0,0,0,nan,nan,nan,nan,nan,nan,nan,nan,nan,nan,0,nan,0,False,n/a,0.0,klt,healthy,normal,healthy,0.6451315253210133,n/a,348,2,0,0,0,0,0,0,0,0,0,0,0,0,0,0,0,0,0,0,0,0,0,0,0,0.0,0.0,0.0,179.67936815693974
158,/home/ma/AQUA-FE_WS/datasets/prepared_new/tank_short_left/frame_000158.jpg,350,3,3,0.008571428571428572,350,347,0.9583333333333334,23,24,104.5,100.05142974853516,0.9742857142857143,0.007081171497702599,0.9569598436355591,0.8565735816955566,0.8207606673240662,1.0798521041870117,1.1135966777801514,0.0,nan,nan,131.01463317871094,49.71001434326172,97.98729705810547,4693.56884765625,0.0,9.574142156862745e-06,0.1126285388422947,0.3153219223022461,0.0,1.0,1.0,0.9999760646446079,1.0,0.7296915067784927,1.0,0.9979434742647059,1.0,0.9620305471622244,0.03796945283777564,0.9620305471622244,0.9971181556195965,1.0,0.10441153829904691,0.10991395439998006,1.0028891676227134,klt,n/a,0,nan,n/a,nan,n/a,n/a,n/a,n/a,n/a,n/a,n/a,False,n/a,False,n/a,False,n/a,0,0,0,0,nan,nan,nan,nan,nan,nan,nan,nan,nan,nan,0,nan,0,False,n/a,0.0,klt,healthy,normal,healthy,0.6456034418240009,n/a,347,3,0,0,0,0,0,0,0,0,0,0,0,0,0,0,0,0,0,0,0,0,0,0,0,0.0,0.0,0.0,178.78351360559464
159,/home/ma/AQUA-FE_WS/datasets/prepared_new/tank_short_left/frame_000159.jpg,350,4,4,0.011428571428571429,350,346,0.9583333333333334,23,24,105.5,100.84857177734375,0.9714285714285714,0.006182210519909859,0.9619059562683105,0.8677477240562439,0.8278644680976868,1.0728850364685059,1.1078459024429321,0.0,nan,nan,130.98666381835938,49.71852493286133,98.1690444946289,4834.09619140625,0.0,1.2765522875816994e-05,0.11147605746400123,0.3156629800796509,0.0,1.0,1.0,0.9999680861928104,1.0,0.7324574620863971,1.0,0.9977998621323529,1.0,0.9624082067631741,0.03759179323682593,0.9624082067631741,1.0,1.0,0.07748180873799027,0.1228051846548844,0.9999990000010001,klt,n/a,0,nan,n/a,nan,n/a,n/a,n/a,n/a,n/a,n/a,n/a,False,n/a,False,n/a,False,n/a,0,0,0,0,nan,nan,nan,nan,nan,nan,nan,nan,nan,nan,0,nan,0,False,n/a,0.0,klt,healthy,normal,healthy,0.6450877926138047,n/a,346,4,0,0,0,0,0,0,0,0,0,0,0,0,0,0,0,0,0,0,0,0,0,0,0,0.0,0.0,0.0,176.41949700191617
160,/home/ma/AQUA-FE_WS/datasets/prepared_new/tank_short_left/frame_000160.jpg,350,5,5,0.014285714285714285,350,345,0.9583333333333334,23,24,106.0,100.9942855834961,0.9742857142857143,0.006786624900996685,0.9510235786437988,0.851284384727478,0.8160873055458069,1.0831979513168335,1.1157854795455933,0.0,nan,nan,130.9833984375,49.74817657470703,98.09757232666016,4843.72509765625,0.0,1.2765522875816994e-05,0.11118287927964156,0.31642454862594604,0.0,1.0,1.0,0.9999680861928104,1.0,0.7331610897288603,1.0,0.9978860294117647,1.0,0.9625118846698837,0.03748811533011631,0.9625118846698837,1.0,1.0,0.10753479281730276,0.1400831005564433,0.9999990000010001,klt,n/a,0,nan,n/a,nan,n/a,n/a,n/a,n/a,n/a,n/a,n/a,False,n/a,False,n/a,False,n/a,0,0,0,0,nan,nan,nan,nan,nan,nan,nan,nan,nan,nan,0,nan,0,False,n/a,0.0,klt,healthy,normal,healthy,0.6443966759777423,n/a,345,5,0,0,0,0,0,0,0,0,0,0,0,0,0,0,0,0,0,0,0,0,0,0,0,0.0,0.0,0.0,183.21198411285877
161,/home/ma/AQUA-FE_WS/datasets/prepared_new/tank_short_left/frame_000161.jpg,350,4,4,0.011428571428571429,350,346,0.9583333333333334,23,24,107.0,101.98285675048828,0.9771428571428571,0.008111299015581608,0.9528425931930542,0.8550245761871338,0.8143323659896851,1.0808287858963013,1.1197502613067627,0.0,nan,nan,131.00074768066406,49.76997756958008,98.19271087646484,4948.02392578125,0.0,1.914828431372549e-05,0.11166392307655484,0.31596118211746216,0.0,1.0,1.0,0.9999521292892157,1.0,0.7320065846162684,1.0,0.9976792279411765,1.0,0.962335931037454,0.03766406896254604,0.962335931037454,0.9971098265895953,1.0,0.1290007520201789,0.15750557000939813,1.0028975449201434,klt,n/a,0,nan,n/a,nan,n/a,n/a,n/a,n/a,n/a,n/a,n/a,False,n/a,False,n/a,False,n/a,0,0,0,0,nan,nan,nan,nan,nan,nan,nan,nan,nan,nan,0,nan,0,False,n/a,0.0,klt,healthy,normal,healthy,0.6436997771996241,n/a,346,4,0,0,0,0,0,0,0,0,0,0,0,0,0,0,0,0,0,0,0,0,0,0,0,0.0,0.0,0.0,179.2035112157464
162,/home/ma/AQUA-FE_WS/datasets/prepared_new/tank_short_left/frame_000162.jpg,350,5,5,0.014285714285714285,350,345,0.9583333333333334,23,24,108.0,102.82571411132812,0.9771428571428571,0.007940290495753288,0.9518780708312988,0.8531650900840759,0.8177779912948608,1.0820045471191406,1.1158416271209717,0.0,nan,nan,130.9788818359375,49.7284049987793,98.26107788085938,5005.71533203125,0.0,6.382761437908497e-06,0.11198731665517771,0.3155999779701233,0.0,1.0,1.0,0.9999840430964052,1.0,0.7312304400275735,1.0,0.9979147518382353,1.0,0.9622452318857231,0.037754768114276915,0.9622452318857231,0.991304347826087,1.0,0.2537464455104815,0.16145931164776806,1.0087709122047814,klt,n/a,0,nan,n/a,nan,n/a,n/a,n/a,n/a,n/a,n/a,n/a,False,n/a,False,n/a,False,n/a,0,0,0,0,nan,nan,nan,nan,nan,nan,nan,nan,nan,nan,0,nan,0,False,n/a,0.0,klt,healthy,normal,healthy,0.6435416275340893,n/a,345,5,0,0,0,0,0,0,0,0,0,0,0,0,0,0,0,0,0,0,0,0,0,0,0,0.0,0.0,0.0,178.06658381596208
163,/home/ma/AQUA-FE_WS/datasets/prepared_new/tank_short_left/frame_000163.jpg,350,6,6,0.017142857142857144,350,344,0.9583333333333334,23,24,108.5,102.97428894042969,0.9771428571428571,0.007934531196951866,0.9563700556755066,0.8590527176856995,0.8186364769935608,1.0782955884933472,1.1143929958343506,0.0,nan,nan,131.0264434814453,49.75758361816406,98.06023406982422,4982.8671875,0.0,3.1913807189542485e-05,0.11222736732632504,0.315476655960083,0.0,1.0,1.0,0.9999202154820261,1.0,0.7306543184168199,1.0,0.9978630514705882,1.0,0.9621538135244332,0.03784618647556681,0.9621538135244332,0.9941860465116279,1.0,0.11245588861280031,0.16777637118102884,1.0058469414872868,klt,n/a,0,nan,n/a,nan,n/a,n/a,n/a,n/a,n/a,n/a,n/a,False,n/a,False,n/a,False,n/a,0,0,0,0,nan,nan,nan,nan,nan,nan,nan,nan,nan,nan,0,nan,0,False,n/a,0.0,klt,healthy,normal,healthy,0.6432889451527589,n/a,344,6,0,0,0,0,0,0,0,0,0,0,0,0,0,0,0,0,0,0,0,0,0,0,0,0.0,0.0,0.0,176.97224579751492
164,/home/ma/AQUA-FE_WS/datasets/prepared_new/tank_short_left/frame_000164.jpg,350,6,6,0.017142857142857144,350,344,0.9583333333333334,23,24,109.5,103.37999725341797,0.9714285714285714,0.007235990837216377,0.9563406705856323,0.8609224557876587,0.8235588669776917,1.0771245956420898,1.1116724014282227,0.0,nan,nan,131.0448760986328,49.77003860473633,97.90520477294922,4973.55322265625,0.0,1.914828431372549e-05,0.11265864353553917,0.3157918453216553,0.0,1.0,1.0,0.9999521292892157,1.0,0.7296192555147061,1.0,0.9978343290441176,1.0,0.9620110110294118,0.03798898897058822,0.9620110110294118,0.997093023255814,1.0,0.13829178784558668,0.1658208015372002,1.0029144460566488,klt,n/a,0,nan,n/a,nan,n/a,n/a,n/a,n/a,n/a,n/a,n/a,False,n/a,False,n/a,False,n/a,0,0,0,0,nan,nan,nan,nan,nan,nan,nan,nan,nan,nan,0,nan,0,False,n/a,0.0,klt,healthy,normal,healthy,0.643367167938512,n/a,344,6,0,0,0,0,0,0,0,0,0,0,0,0,0,0,0,0,0,0,0,0,0,0,0,0.0,0.0,0.0,184.96834160760045
165,/home/ma/AQUA-FE_WS/datasets/prepared_new/tank_short_left/frame_000165.jpg,350,5,5,0.014285714285714285,350,345,0.9583333333333334,23,24,110.5,104.22571563720703,0.9685714285714285,0.007511432282626629,0.955582857131958,0.8513035178184509,0.8130419254302979,1.0831855535507202,1.1223636865615845,0.0,nan,nan,131.13897705078125,49.80819320678711,98.24470520019531,4949.91943359375,0.0,2.5531045751633988e-05,0.11334388284122243,0.3151426613330841,0.0,1.0,1.0,0.9999361723856209,1.0,0.7279746811810661,1.0,0.9975298713235294,1.0,0.9617605883310354,0.03823941166896461,0.9617605883310354,1.0,1.0,0.1474074322308805,0.15845210593384762,0.9999990000010001,klt,n/a,0,nan,n/a,nan,n/a,n/a,n/a,n/a,n/a,n/a,n/a,False,n/a,False,n/a,False,n/a,0,0,0,0,nan,nan,nan,nan,nan,nan,nan,nan,nan,nan,0,nan,0,False,n/a,0.0,klt,healthy,normal,healthy,0.6436619157626462,n/a,345,5,0,0,0,0,0,0,0,0,0,0,0,0,0,0,0,0,0,0,0,0,0,0,0,0.0,0.0,0.0,177.753577940166
166,/home/ma/AQUA-FE_WS/datasets/prepared_new/tank_short_left/frame_000166.jpg,350,7,7,0.02,350,343,0.9583333333333334,23,24,108.0,103.90571594238281,0.9628571428571429,0.00835360772907734,0.955756425857544,0.8576004505157471,0.8140655755996704,1.0792064666748047,1.1215022802352905,0.0,nan,nan,131.1747283935547,49.808837890625,98.0445556640625,5016.60107421875,0.0,1.2765522875816994e-05,0.11366600186217057,0.31566089391708374,0.0,1.0,1.0,0.9999680861928104,1.0,0.7272015955307907,1.0,0.9981158088235295,1.0,0.9616913422468598,0.038308657753140185,0.9616913422468598,0.9941690962099126,0.9970845481049563,0.13484552865673013,0.16805861773388656,1.0029315425058092,klt,n/a,0,nan,n/a,nan,n/a,n/a,n/a,n/a,n/a,n/a,n/a,False,n/a,False,n/a,False,n/a,0,0,0,0,nan,nan,nan,nan,nan,nan,nan,nan,nan,nan,0,nan,0,False,n/a,0.0,klt,healthy,normal,healthy,0.6432776552906446,n/a,343,7,0,0,0,0,0,0,0,0,0,0,0,0,0,0,0,0,0,0,0,0,0,0,0,0.0,0.0,0.0,177.29152087122202
167,/home/ma/AQUA-FE_WS/datasets/prepared_new/tank_short_left/frame_000167.jpg,350,4,4,0.011428571428571429,350,346,0.9583333333333334,23,24,109.0,104.89142608642578,0.9714285714285714,0.00820925459265709,0.9543196558952332,0.8544718623161316,0.817482590675354,1.081177830696106,1.1162800788879395,0.0,nan,nan,131.21371459960938,49.78329086303711,98.06836700439453,4870.87109375,0.0,1.914828431372549e-05,0.1142906787348728,0.31487157940864563,0.0,1.0,1.0,0.9999521292892157,1.0,0.7257023710363053,1.0,0.9978170955882353,1.0,0.9614616131950826,0.03853838680491739,0.9614616131950826,1.0,1.0,0.13236969032735024,0.15118653682195968,0.9999990000010001,klt,n/a,0,nan,n/a,nan,n/a,n/a,n/a,n/a,n/a,n/a,n/a,False,n/a,False,n/a,False,n/a,0,0,0,0,nan,nan,nan,nan,nan,nan,nan,nan,nan,nan,0,nan,0,False,n/a,0.0,klt,healthy,normal,healthy,0.6439525385271216,n/a,346,4,0,0,0,0,0,0,0,0,0,0,0,0,0,0,0,0,0,0,0,0,0,0,0,0.0,0.0,0.0,179.3928029946983
168,/home/ma/AQUA-FE_WS/datasets/prepared_new/tank_short_left/frame_000168.jpg,350,9,9,0.025714285714285714,350,341,0.9583333333333334,23,24,108.5,104.6114273071289,0.9657142857142857,0.007251406088471413,0.9591617584228516,0.8645610809326172,0.8271346688270569,1.0748580694198608,1.109171986579895,0.0,nan,nan,131.17544555664062,49.79521942138672,98.12262725830078,4880.5419921875,0.0,1.914828431372549e-05,0.11469037822648592,0.31562474370002747,0.0,1.0,1.0,0.9999521292892157,1.0,0.7247430922564337,1.0,0.997707950367647,1.0,0.9613207654526654,0.03867923454733457,0.9613207654526654,1.0,1.0,0.1171300443266388,0.13683772516960888,0.9999990000010001,klt,n/a,0,nan,n/a,nan,n/a,n/a,n/a,n/a,n/a,n/a,n/a,False,n/a,False,n/a,False,n/a,0,0,0,0,nan,nan,nan,nan,nan,nan,nan,nan,nan,nan,0,nan,0,False,n/a,0.0,klt,healthy,normal,healthy,0.6445264909932157,n/a,341,9,0,0,0,0,0,0,0,0,0,0,0,0,0,0,0,0,0,0,0,0,0,0,0,0.0,0.0,0.0,177.63486690819263
169,/home/ma/AQUA-FE_WS/datasets/prepared_new/tank_short_left/frame_000169.jpg,350,9,9,0.025714285714285714,350,341,0.9583333333333334,23,24,108.5,104.9142837524414,0.9571428571428572,0.007558283396065235,0.9650180339813232,0.8730376958847046,0.8323546648025513,1.0696334838867188,1.1053273677825928,0.0,nan,nan,131.1460418701172,49.876827239990234,97.74243927001953,4736.21533203125,0.0,2.5531045751633988e-05,0.1153580669328278,0.31609994173049927,0.0,1.0,1.0,0.9999361723856209,1.0,0.7231406393612133,1.0,0.9974207261029412,1.0,0.9610772737630209,0.03892272623697912,0.9610772737630209,0.9941348973607038,1.0,0.1750099344973971,0.1342703342696078,1.0058986931815506,klt,n/a,0,nan,n/a,nan,n/a,n/a,n/a,n/a,n/a,n/a,n/a,False,n/a,False,n/a,False,n/a,0,0,0,0,nan,nan,nan,nan,nan,nan,nan,nan,nan,nan,0,nan,0,False,n/a,0.0,klt,healthy,normal,healthy,0.6446291866292158,n/a,341,9,0,0,0,0,0,0,0,0,0,0,0,0,0,0,0,0,0,0,0,0,0,0,0,0.0,0.0,0.0,181.68604001402855
170,/home/ma/AQUA-FE_WS/datasets/prepared_new/tank_short_left/frame_000170.jpg,350,9,9,0.025714285714285714,350,341,0.9583333333333334,23,24,108.5,105.22285461425781,0.96,0.007408233359456062,0.9608951210975647,0.871708333492279,0.8290409445762634,1.0704476833343506,1.1078883409500122,0.0,nan,nan,131.04861450195312,49.86333465576172,97.54920959472656,4746.28173828125,0.0,1.2765522875816994e-05,0.11568066466088388,0.3165789246559143,0.0,1.0,1.0,0.9999680861928104,1.0,0.7223664048138787,1.0,0.99736328125,1.0,0.9609692638920804,0.03903073610791963,0.9609692638920804,1.0,1.0,0.1219821165530698,0.14633594231414515,0.9999990000010001,klt,n/a,0,nan,n/a,nan,n/a,n/a,n/a,n/a,n/a,n/a,n/a,False,n/a,False,n/a,False,n/a,0,0,0,0,nan,nan,nan,nan,nan,nan,nan,nan,nan,nan,0,nan,0,False,n/a,0.0,klt,healthy,normal,healthy,0.6441465623074343,n/a,341,9,0,0,0,0,0,0,0,0,0,0,0,0,0,0,0,0,0,0,0,0,0,0,0,0.0,0.0,0.0,195.89728396385908
171,/home/ma/AQUA-FE_WS/datasets/prepared_new/tank_short_left/frame_000171.jpg,350,12,12,0.03428571428571429,350,338,0.9583333333333334,23,24,108.5,105.1971435546875,0.9514285714285714,0.006383797619491816,0.9549111127853394,0.8535432815551758,0.819446325302124,1.0817651748657227,1.1131013631820679,0.0,nan,nan,130.95596313476562,49.88966751098633,97.63166809082031,4755.14208984375,0.0,2.8722426470588235e-05,0.11611148310642612,0.3161998391151428,0.0,1.0,1.0,0.9999281939338235,1.0,0.7213324405445773,1.0,0.9974379595588235,1.0,0.9608242025218292,0.03917579747817079,0.9608242025218292,1.0,1.0,0.12945271599392924,0.14037659895642202,0.9999990000010001,klt,n/a,0,nan,n/a,nan,n/a,n/a,n/a,n/a,n/a,n/a,n/a,False,n/a,False,n/a,False,n/a,0,0,0,0,nan,nan,nan,nan,nan,nan,nan,nan,nan,nan,0,nan,0,False,n/a,0.0,klt,healthy,normal,healthy,0.6443849360417432,n/a,338,12,0,0,0,0,0,0,0,0,0,0,0,0,0,0,0,0,0,0,0,0,0,0,0,0.0,0.0,0.0,183.43703774735332
172,/home/ma/AQUA-FE_WS/datasets/prepared_new/tank_short_left/frame_000172.jpg,350,11,11,0.03142857142857143,350,339,0.9583333333333334,23,24,108.5,105.00285339355469,0.9514285714285714,0.005990728735923767,0.9555543661117554,0.8603593707084656,0.8224115967750549,1.0774766206741333,1.1132187843322754,0.0,nan,nan,130.9277801513672,49.89354705810547,97.38809204101562,4744.31884765625,0.0,1.2765522875816994e-05,0.11607715980679384,0.31588709354400635,0.0,1.0,1.0,0.9999680861928104,1.0,0.7214148164636949,1.0,0.9975356158088236,1.0,0.960846381596584,0.039153618403416024,0.960846381596584,0.9970501474926253,1.0,0.17437859620559074,0.13465617433191254,1.0029575739567527,klt,n/a,0,nan,n/a,nan,n/a,n/a,n/a,n/a,n/a,n/a,n/a,False,n/a,False,n/a,False,n/a,0,0,0,0,nan,nan,nan,nan,nan,nan,nan,nan,nan,nan,0,nan,0,False,n/a,0.0,klt,healthy,normal,healthy,0.6446137530267235,n/a,339,11,0,0,0,0,0,0,0,0,0,0,0,0,0,0,0,0,0,0,0,0,0,0,0,0.0,0.0,0.0,182.00813606381416
173,/home/ma/AQUA-FE_WS/datasets/prepared_new/tank_short_left/frame_000173.jpg,350,11,11,0.03142857142857143,350,339,0.9583333333333334,23,24,109.5,105.96857452392578,0.9571428571428572,0.0062044402584433556,0.9567595720291138,0.8627251386642456,0.8264324069023132,1.0759999752044678,1.1080094575881958,0.0,nan,nan,130.94566345214844,49.88255310058594,97.12359619140625,4758.7197265625,0.0,3.1913807189542485e-05,0.11631998398724722,0.3157261610031128,0.0,1.0,1.0,0.9999202154820261,1.0,0.7208320384306066,1.0,0.9975930606617647,1.0,0.9607624948778339,0.03923750512216606,0.9607624948778339,0.9941002949852508,1.0,0.10977851995265318,0.11778148285072534,1.005933706197251,klt,n/a,0,nan,n/a,nan,n/a,n/a,n/a,n/a,n/a,n/a,n/a,False,n/a,False,n/a,False,n/a,0,0,0,0,nan,nan,nan,nan,nan,nan,nan,nan,nan,nan,0,nan,0,False,n/a,0.0,klt,healthy,normal,healthy,0.6452887406859711,n/a,339,11,0,0,0,0,0,0,0,0,0,0,0,0,0,0,0,0,0,0,0,0,0,0,0,0.0,0.0,0.0,184.48645528405905
174,/home/ma/AQUA-FE_WS/datasets/prepared_new/tank_short_left/frame_000174.jpg,350,11,11,0.03142857142857143,350,339,0.9583333333333334,23,24,109.5,106.61428833007812,0.9542857142857143,0.005560642573982477,0.9567146301269531,0.8606182932853699,0.823089063167572,1.0773147344589233,1.1129047870635986,0.0,nan,nan,130.90370178222656,49.864479064941406,96.9015884399414,4731.5478515625,0.0,2.2339665032679737e-05,0.11579929725796567,0.3147066831588745,0.0,1.0,1.0,0.9999441508374183,1.0,0.7220816865808823,1.0,0.9979319852941176,1.0,0.9609606533394608,0.03903934666053921,0.9609606533394608,1.0,1.0,0.14574846609345088,0.11392593922888089,0.9999990000010001,klt,n/a,0,nan,n/a,nan,n/a,n/a,n/a,n/a,n/a,n/a,n/a,False,n/a,False,n/a,False,n/a,0,0,0,0,nan,nan,nan,nan,nan,nan,nan,nan,nan,nan,0,nan,0,False,n/a,0.0,klt,healthy,normal,healthy,0.6454429624308449,n/a,339,11,0,0,0,0,0,0,0,0,0,0,0,0,0,0,0,0,0,0,0,0,0,0,0,0.0,0.0,0.0,180.22846803069115
175,/home/ma/AQUA-FE_WS/datasets/prepared_new/tank_short_left/frame_000175.jpg,350,10,10,0.02857142857142857,350,340,0.9583333333333334,23,24,110.0,106.9800033569336,0.9571428571428572,0.005535750649869442,0.9580645561218262,0.8600087761878967,0.823036253452301,1.0776959657669067,1.1119976043701172,0.0,nan,nan,130.88623046875,49.83329772949219,96.85575103759766,4744.58056640625,0.0,3.510518790849673e-05,0.11466071334539678,0.31480133533477783,0.0,1.0,1.0,0.9999122370302288,1.0,0.7248142879710477,1.0,0.9977022058823529,1.0,0.9613256011125153,0.038674398887484696,0.9613256011125153,0.9941176470588236,1.0,0.20284783774446477,0.10304620345130516,1.0059161478949992,klt,n/a,0,nan,n/a,nan,n/a,n/a,n/a,n/a,n/a,n/a,n/a,False,n/a,False,n/a,False,n/a,0,0,0,0,nan,nan,nan,nan,nan,nan,nan,nan,nan,nan,0,nan,0,False,n/a,0.0,klt,healthy,normal,healthy,0.6458781518619479,n/a,340,10,0,0,0,0,0,0,0,0,0,0,0,0,0,0,0,0,0,0,0,0,0,0,0,0.0,0.0,0.0,176.30222626030445
176,/home/ma/AQUA-FE_WS/datasets/prepared_new/tank_short_left/frame_000176.jpg,350,11,11,0.03142857142857143,350,339,0.9583333333333334,23,24,110.5,106.97428894042969,0.9542857142857143,0.0052547762170434,0.9644903540611267,0.8788837194442749,0.8411887884140015,1.066074013710022,1.100166916847229,0.0,nan,nan,130.8692626953125,49.83739471435547,96.70957946777344,4747.318359375,0.0,1.5956903594771243e-05,0.11419898238836554,0.3147742748260498,0.0,1.0,1.0,0.9999601077410131,1.0,0.7259224422679227,1.0,0.997897518382353,1.0,0.961498205949372,0.038501794050628035,0.961498205949372,1.0,1.0,0.10944848130542087,0.10543655389566478,0.9999990000010001,klt,n/a,0,nan,n/a,nan,n/a,n/a,n/a,n/a,n/a,n/a,n/a,False,n/a,False,n/a,False,n/a,0,0,0,0,nan,nan,nan,nan,nan,nan,nan,nan,nan,nan,0,nan,0,False,n/a,0.0,klt,healthy,normal,healthy,0.6457825378441735,n/a,339,11,0,0,0,0,0,0,0,0,0,0,0,0,0,0,0,0,0,0,0,0,0,0,0,0.0,0.0,0.0,180.92734925448895
177,/home/ma/AQUA-FE_WS/datasets/prepared_new/tank_short_left/frame_000177.jpg,350,14,14,0.04,350,336,0.9583333333333334,23,24,109.5,106.65142822265625,0.9428571428571428,0.005257657263427973,0.9663244485855103,0.8866983652114868,0.8428482413291931,1.0613712072372437,1.0995819568634033,0.0,nan,nan,130.88766479492188,49.83081817626953,96.7220458984375,4757.35498046875,0.0,3.510518790849673e-05,0.11397416357900582,0.3145141005516052,0.0,1.0,1.0,0.9999122370302288,1.0,0.726462007410386,1.0,0.9977768841911765,1.0,0.9615607625325522,0.03843923746744782,0.9615607625325522,1.0,1.0,0.10629886375465708,0.09457223563266792,0.9999990000010001,klt,n/a,0,nan,n/a,nan,n/a,n/a,n/a,n/a,n/a,n/a,n/a,False,n/a,False,n/a,False,n/a,0,0,0,0,nan,nan,nan,nan,nan,nan,nan,nan,nan,nan,0,nan,0,False,n/a,0.0,klt,healthy,normal,healthy,0.6462171105746933,n/a,336,14,0,0,0,0,0,0,0,0,0,0,0,0,0,0,0,0,0,0,0,0,0,0,0,0.0,0.0,0.0,187.26130900904536
178,/home/ma/AQUA-FE_WS/datasets/prepared_new/tank_short_left/frame_000178.jpg,350,12,12,0.03428571428571429,350,338,0.9583333333333334,23,24,110.5,107.61714172363281,0.9514285714285714,0.005366545170545578,0.968017578125,0.8885712027549744,0.8422788977622986,1.060253381729126,1.100534439086914,0.0,nan,nan,130.94346618652344,49.82704162597656,96.65299987792969,4776.27392578125,0.0,2.5531045751633988e-05,0.11354148415958182,0.3145642876625061,0.0,1.0,1.0,0.9999361723856209,1.0,0.7275004380170036,1.0,0.997707950367647,1.0,0.9617048790307139,0.03829512096928611,0.9617048790307139,0.9940828402366864,1.0,0.10696025141327639,0.08430605573901812,1.0059513690132063,klt,n/a,0,nan,n/a,nan,n/a,n/a,n/a,n/a,n/a,n/a,n/a,False,n/a,False,n/a,False,n/a,0,0,0,0,nan,nan,nan,nan,nan,nan,nan,nan,nan,nan,0,nan,0,False,n/a,0.0,klt,healthy,normal,healthy,0.6466277577704393,n/a,338,12,0,0,0,0,0,0,0,0,0,0,0,0,0,0,0,0,0,0,0,0,0,0,0,0.0,0.0,0.0,187.4720030464232
179,/home/ma/AQUA-FE_WS/datasets/prepared_new/tank_short_left/frame_000179.jpg,350,13,13,0.037142857142857144,350,337,0.9583333333333334,23,24,111.0,108.26856994628906,0.9542857142857143,0.0055575063452124596,0.9679127931594849,0.8869668841362,0.8446010947227478,1.0612106323242188,1.0991871356964111,0.0,nan,nan,130.9999237060547,49.832576751708984,96.57630920410156,4788.8037109375,0.0,1.2765522875816994e-05,0.11345168768190875,0.3144112229347229,0.0,1.0,1.0,0.9999680861928104,1.0,0.727715949563419,1.0,0.9975413602941177,1.0,0.961728884899663,0.03827111510033698,0.961728884899663,1.0,1.0,0.07454143881670798,0.08921688496926818,0.9999990000010001,klt,n/a,0,nan,n/a,nan,n/a,n/a,n/a,n/a,n/a,n/a,n/a,False,n/a,False,n/a,False,n/a,0,0,0,0,nan,nan,nan,nan,nan,nan,nan,nan,nan,nan,0,nan,0,False,n/a,0.0,klt,healthy,normal,healthy,0.6464313246012293,n/a,337,13,0,0,0,0,0,0,0,0,0,0,0,0,0,0,0,0,0,0,0,0,0,0,0,0.0,0.0,0.0,187.52539297565818
180,/home/ma/AQUA-FE_WS/datasets/prepared_new/tank_short_left/frame_000180.jpg,350,12,12,0.03428571428571429,350,338,0.9583333333333334,23,24,111.0,108.72856903076172,0.9542857142857143,0.005949389189481735,0.9657281041145325,0.8846855163574219,0.8387554287910461,1.0625765323638916,1.1039546728134155,0.0,nan,nan,130.95101928710938,49.77931213378906,96.36534118652344,4748.28857421875,0.0,1.5956903594771243e-05,0.11293440575693175,0.3148859143257141,0.0,1.0,1.0,0.9999601077410131,1.0,0.7289574261833638,1.0,0.9976505055147059,1.0,0.9619082829254748,0.03809171707452519,0.9619082829254748,0.9940828402366864,1.0,0.13394162768807866,0.09478559638272421,1.0059513690132063,klt,n/a,0,nan,n/a,nan,n/a,n/a,n/a,n/a,n/a,n/a,n/a,False,n/a,False,n/a,False,n/a,0,0,0,0,nan,nan,nan,nan,nan,nan,nan,nan,nan,nan,0,nan,0,False,n/a,0.0,klt,healthy,normal,healthy,0.6462085761446911,n/a,338,12,0,0,0,0,0,0,0,0,0,0,0,0,0,0,0,0,0,0,0,0,0,0,0,0.0,0.0,0.0,180.94031885266304
181,/home/ma/AQUA-FE_WS/datasets/prepared_new/tank_short_left/frame_000181.jpg,350,8,8,0.022857142857142857,350,342,0.9583333333333334,23,24,111.5,109.1914291381836,0.9571428571428572,0.006245347671210766,0.964764416217804,0.8762651681900024,0.8283020257949829,1.0676641464233398,1.1127229928970337,0.0,nan,nan,130.91128540039062,49.81755828857422,96.63681030273438,4734.37939453125,0.0,9.574142156862745e-06,0.11259927487840833,0.31478461623191833,0.0,1.0,1.0,0.9999760646446079,1.0,0.72976174029182,1.0,0.9976849724264706,1.0,0.9620248697437961,0.037975130256203915,0.9620248697437961,0.9941520467836257,0.9970760233918129,0.12380120235124689,0.11147227047512256,1.0029401676307725,klt,n/a,0,nan,n/a,nan,n/a,n/a,n/a,n/a,n/a,n/a,n/a,False,n/a,False,n/a,False,n/a,0,0,0,0,nan,nan,nan,nan,nan,nan,nan,nan,nan,nan,0,nan,0,False,n/a,0.0,klt,healthy,normal,healthy,0.6455411091809952,n/a,342,8,0,0,0,0,0,0,0,0,0,0,0,0,0,0,0,0,0,0,0,0,0,0,0,0.0,0.0,0.0,184.31719206273556
182,/home/ma/AQUA-FE_WS/datasets/prepared_new/tank_short_left/frame_000182.jpg,350,10,10,0.02857142857142857,350,340,0.9583333333333334,23,24,110.5,109.11714172363281,0.9485714285714286,0.006222476717084646,0.9648623466491699,0.8807477951049805,0.832192063331604,1.0649465322494507,1.1101160049438477,0.0,nan,nan,130.8452911376953,49.78793716430664,96.37525177001953,4775.87890625,0.0,3.1913807189542485e-06,0.11207925534715842,0.3149798512458801,0.0,1.0,1.0,0.9999920215482027,1.0,0.7310097871668197,1.0,0.9977022058823529,1.0,0.9622025451420801,0.037797454857919854,0.9622025451420801,0.9970588235294118,1.0,0.1647975110913453,0.12011939328442467,1.0029488465999767,klt,n/a,0,nan,n/a,nan,n/a,n/a,n/a,n/a,n/a,n/a,n/a,False,n/a,False,n/a,False,n/a,0,0,0,0,nan,nan,nan,nan,nan,nan,nan,nan,nan,nan,0,nan,0,False,n/a,0.0,klt,healthy,normal,healthy,0.6451952242686231,n/a,340,10,0,0,0,0,0,0,0,0,0,0,0,0,0,0,0,0,0,0,0,0,0,0,0,0.0,0.0,0.0,180.66583620384336
183,/home/ma/AQUA-FE_WS/datasets/prepared_new/tank_short_left/frame_000183.jpg,350,10,10,0.02857142857142857,350,340,0.9583333333333334,23,24,111.0,109.17428588867188,0.9485714285714286,0.006059540435671806,0.9625134468078613,0.878089964389801,0.8301235437393188,1.0665558576583862,1.1112792491912842,0.0,nan,nan,130.83139038085938,49.79352951049805,96.3582992553711,4753.5654296875,0.0,3.510518790849673e-05,0.11193856931200208,0.31511518359184265,0.0,1.0,1.0,0.9999122370302288,1.0,0.731347433651195,1.0,0.998046875,1.0,0.9622609216547948,0.03773907834520518,0.9622609216547948,1.0,0.9970588235294118,0.17664204842778747,0.12722188467594198,0.9970578264715854,klt,n/a,0,nan,n/a,nan,n/a,n/a,n/a,n/a,n/a,n/a,n/a,False,n/a,False,n/a,False,n/a,0,0,0,0,nan,nan,nan,nan,nan,nan,nan,nan,nan,nan,0,nan,0,False,n/a,0.0,klt,healthy,normal,healthy,0.6449111246129624,n/a,340,10,0,0,0,0,0,0,0,0,0,0,0,0,0,0,0,0,0,0,0,0,0,0,0,0.0,0.0,0.0,183.06231312453747
184,/home/ma/AQUA-FE_WS/datasets/prepared_new/tank_short_left/frame_000184.jpg,350,11,11,0.03142857142857143,350,339,0.9583333333333334,23,24,112.0,109.95143127441406,0.96,0.006466236896812916,0.9633281230926514,0.877855658531189,0.8326829075813293,1.066697359085083,1.1090260744094849,0.0,nan,nan,130.80972290039062,49.78968811035156,96.3382568359375,4746.92724609375,0.0,1.914828431372549e-05,0.11214980181525733,0.31539300084114075,0.0,1.0,1.0,0.9999521292892157,1.0,0.7308404756433824,1.0,0.997707950367647,1.0,0.9621743991268383,0.03782560087316167,0.9621743991268383,0.9970501474926253,1.0,0.0823203219837071,0.1288076951559035,1.0029575739567527,klt,n/a,0,nan,n/a,nan,n/a,n/a,n/a,n/a,n/a,n/a,n/a,False,n/a,False,n/a,False,n/a,0,0,0,0,nan,nan,nan,nan,nan,nan,nan,nan,nan,nan,0,nan,0,False,n/a,0.0,klt,healthy,normal,healthy,0.6448476921937639,n/a,339,11,0,0,0,0,0,0,0,0,0,0,0,0,0,0,0,0,0,0,0,0,0,0,0,0.0,0.0,0.0,189.53758478164673
185,/home/ma/AQUA-FE_WS/datasets/prepared_new/tank_short_left/frame_000185.jpg,350,11,11,0.03142857142857143,350,339,0.9583333333333334,23,24,110.5,109.83999633789062,0.9542857142857143,0.006456882692873478,0.9572904109954834,0.8638174533843994,0.8250059485435486,1.0753204822540283,1.1117606163024902,0.0,nan,nan,130.7797393798828,49.83137512207031,96.45037078857422,4751.66455078125,0.0,4.148794934640523e-05,0.11173248889399508,0.3160608410835266,0.0,1.0,1.0,0.999896280126634,1.0,0.7318420266544119,1.0,0.9979319852941176,1.0,0.9623213564644608,0.03767864353553918,0.9623213564644608,1.0,1.0,0.20282207461279667,0.1379130762306426,0.9999990000010001,klt,n/a,0,nan,n/a,nan,n/a,n/a,n/a,n/a,n/a,n/a,n/a,False,n/a,False,n/a,False,n/a,0,0,0,0,nan,nan,nan,nan,nan,nan,nan,nan,nan,nan,0,nan,0,False,n/a,0.0,klt,healthy,normal,healthy,0.6444834769507743,n/a,339,11,0,0,0,0,0,0,0,0,0,0,0,0,0,0,0,0,0,0,0,0,0,0,0,0.0,0.0,0.0,178.2050272449851
186,/home/ma/AQUA-FE_WS/datasets/prepared_new/tank_short_left/frame_000186.jpg,350,11,11,0.03142857142857143,350,339,0.9583333333333334,23,24,109.5,110.27999877929688,0.9571428571428572,0.006837452761828899,0.9548943042755127,0.8562571406364441,0.8164399266242981,1.0800516605377197,1.1213001012802124,0.0,nan,nan,130.77320861816406,49.86991500854492,96.46913146972656,4864.798828125,0.0,3.1913807189542485e-06,0.11192886651731007,0.31600838899612427,0.0,1.0,1.0,0.9999920215482027,1.0,0.7313707203584559,1.0,0.9978860294117647,1.0,0.962264105200674,0.03773589479932604,0.962264105200674,0.9911504424778761,0.9174041297935103,0.14941655972270199,0.15076755974479947,0.925594304236699,klt,n/a,0,nan,n/a,nan,n/a,n/a,n/a,n/a,n/a,n/a,n/a,False,n/a,False,n/a,False,n/a,0,0,0,0,nan,nan,nan,nan,nan,nan,nan,nan,nan,nan,0,nan,0,False,n/a,0.0,klt,healthy,normal,healthy,0.610309869966203,n/a,339,11,0,0,0,0,0,0,0,0,0,0,0,0,0,0,0,0,0,0,0,0,0,0,0,0.0,0.0,0.0,186.91557319834828
187,/home/ma/AQUA-FE_WS/datasets/prepared_new/tank_short_left/frame_000187.jpg,350,13,13,0.037142857142857144,350,337,0.9583333333333334,23,24,110.0,110.71428680419922,0.9514285714285714,0.006377858109772205,0.9536619782447815,0.8585853576660156,0.8191426992416382,1.0785877704620361,1.1189624071121216,0.0,nan,nan,130.77503967285156,49.85870361328125,96.59181213378906,4918.07275390625,0.0,6.382761437908497e-06,0.11150754143210016,0.3168318271636963,0.0,1.0,1.0,0.9999840430964052,1.0,0.7323819005629596,1.0,0.9980009191176471,1.0,0.9624116063974417,0.03758839360255828,0.9624116063974417,0.9940652818991098,1.0,0.23612533460593513,0.15447532400803782,1.0059691372788082,klt,n/a,0,nan,n/a,nan,n/a,n/a,n/a,n/a,n/a,n/a,n/a,False,n/a,False,n/a,False,n/a,0,0,0,0,nan,nan,nan,nan,nan,nan,nan,nan,nan,nan,0,nan,0,False,n/a,0.0,klt,healthy,normal,healthy,0.6438209870396785,n/a,337,13,0,0,0,0,0,0,0,0,0,0,0,0,0,0,0,0,0,0,0,0,0,0,0,0.0,0.0,0.0,186.565397772938
188,/home/ma/AQUA-FE_WS/datasets/prepared_new/tank_short_left/frame_000188.jpg,350,12,12,0.03428571428571429,350,338,0.9583333333333334,23,24,111.0,111.13999938964844,0.9571428571428572,0.006598996929824352,0.9543129205703735,0.8614645600318909,0.8172057867050171,1.076785922050476,1.1191966533660889,0.0,nan,nan,130.81689453125,49.85376739501953,96.6483383178711,4846.890625,0.0,9.574142156862745e-06,0.11186462103151808,0.31612056493759155,0.0,1.0,1.0,0.9999760646446079,1.0,0.7315249095243566,1.0,0.9979147518382353,1.0,0.9622855002010571,0.037714499798942924,0.9622855002010571,0.9970414201183432,1.0,0.17009368589560903,0.14940313189351137,1.0029663531079307,klt,n/a,0,nan,n/a,nan,n/a,n/a,n/a,n/a,n/a,n/a,n/a,False,n/a,False,n/a,False,n/a,0,0,0,0,nan,nan,nan,nan,nan,nan,nan,nan,nan,nan,0,nan,0,False,n/a,0.0,klt,healthy,normal,healthy,0.6440238747242596,n/a,338,12,0,0,0,0,0,0,0,0,0,0,0,0,0,0,0,0,0,0,0,0,0,0,0,0.0,0.0,0.0,187.01378628611565
189,/home/ma/AQUA-FE_WS/datasets/prepared_new/tank_short_left/frame_000189.jpg,350,10,10,0.02857142857142857,350,340,0.9583333333333334,23,24,111.5,111.5999984741211,0.9514285714285714,0.0062983534298837185,0.9491657018661499,0.8513363599777222,0.8092433214187622,1.0831646919250488,1.126578688621521,0.0,nan,nan,130.9051971435547,49.8987922668457,96.82711029052734,4835.84619140625,0.0,6.382761437908497e-06,0.1114893236347273,0.31682273745536804,0.0,1.0,1.0,0.9999840430964052,1.0,0.7324256232766545,1.0,0.9981502757352941,1.0,0.962426688974418,0.037573311025582035,0.962426688974418,1.0,0.9911764705882353,0.21092147057864874,0.14833417092827952,0.991175479412756,klt,n/a,0,nan,n/a,nan,n/a,n/a,n/a,n/a,n/a,n/a,n/a,False,n/a,False,n/a,False,n/a,0,0,0,0,nan,nan,nan,nan,nan,nan,nan,nan,nan,nan,0,nan,0,False,n/a,0.0,klt,healthy,normal,healthy,0.6440666331628688,n/a,340,10,0,0,0,0,0,0,0,0,0,0,0,0,0,0,0,0,0,0,0,0,0,0,0,0.0,0.0,0.0,189.54276479780674
190,/home/ma/AQUA-FE_WS/datasets/prepared_new/tank_short_left/frame_000190.jpg,350,11,11,0.03142857142857143,350,339,0.9583333333333334,23,24,112.5,112.28571319580078,0.9485714285714286,0.0067739952355623245,0.9475106000900269,0.8466264009475708,0.8064489960670471,1.086169958114624,1.1275006532669067,0.0,nan,nan,131.00437927246094,49.940879821777344,96.98531341552734,4914.9482421875,0.0,0.0,0.11063175575405944,0.3171711564064026,0.0,1.0,1.0,1.0,1.0,0.7344837861902573,1.0,0.9980641084558823,1.0,0.9627115765739889,0.03728842342601113,0.9627115765739889,0.9970501474926253,1.0,0.14527619120574506,0.1428009048793503,1.0029575739567527,klt,n/a,0,nan,n/a,nan,n/a,n/a,n/a,n/a,n/a,n/a,n/a,False,n/a,False,n/a,False,n/a,0,0,0,0,nan,nan,nan,nan,nan,nan,nan,nan,nan,nan,0,nan,0,False,n/a,0.0,klt,healthy,normal,healthy,0.644287963804826,n/a,339,11,0,0,0,0,0,0,0,0,0,0,0,0,0,0,0,0,0,0,0,0,0,0,0,0.0,0.0,0.0,187.23629927262664
191,/home/ma/AQUA-FE_WS/datasets/prepared_new/tank_short_left/frame_000191.jpg,350,12,12,0.03428571428571429,350,338,0.9583333333333334,23,24,111.5,112.70857238769531,0.9542857142857143,0.006621146574616432,0.9516425132751465,0.8540676236152649,0.8168323040008545,1.0814334154129028,1.1184252500534058,0.0,nan,nan,131.04344177246094,49.90427780151367,96.88758087158203,4950.0263671875,0.0,1.2765522875816994e-05,0.10991698919558056,0.3167760968208313,0.0,1.0,1.0,0.9999680861928104,1.0,0.7361992259306067,1.0,0.9982306985294118,1.0,0.962957903885187,0.03704209611481302,0.962957903885187,0.9970414201183432,1.0,0.15186938086725466,0.14741681498539902,1.0029663531079307,klt,n/a,0,nan,n/a,nan,n/a,n/a,n/a,n/a,n/a,n/a,n/a,False,n/a,False,n/a,False,n/a,0,0,0,0,nan,nan,nan,nan,nan,nan,nan,nan,nan,nan,0,nan,0,False,n/a,0.0,klt,healthy,normal,healthy,0.6441033274005841,n/a,338,12,0,0,0,0,0,0,0,0,0,0,0,0,0,0,0,0,0,0,0,0,0,0,0,0.0,0.0,0.0,179.93227439001203
192,/home/ma/AQUA-FE_WS/datasets/prepared_new/tank_short_left/frame_000192.jpg,350,12,12,0.03428571428571429,350,338,0.9583333333333334,23,24,110.0,112.57142639160156,0.9571428571428572,0.006575551349669695,0.9524685144424438,0.8588219285011292,0.8150906562805176,1.078439474105835,1.1198782920837402,0.0,nan,nan,131.0628662109375,49.888301849365234,97.40696716308594,4989.91552734375,0.0,9.574142156862745e-06,0.1091709391276041,0.3170543909072876,0.0,1.0,1.0,0.9999760646446079,1.0,0.7379897460937501,1.0,0.9979836856617647,1.0,0.9631947133501839,0.03680528664981608,0.9631947133501839,1.0,1.0,0.125481475850186,0.15116205547199063,0.9999990000010001,klt,n/a,0,nan,n/a,nan,n/a,n/a,n/a,n/a,n/a,n/a,n/a,False,n/a,False,n/a,False,n/a,0,0,0,0,nan,nan,nan,nan,nan,nan,nan,nan,nan,nan,0,nan,0,False,n/a,0.0,klt,healthy,normal,healthy,0.6439535177811204,n/a,338,12,0,0,0,0,0,0,0,0,0,0,0,0,0,0,0,0,0,0,0,0,0,0,0,0.0,0.0,0.0,178.3676198683679
193,/home/ma/AQUA-FE_WS/datasets/prepared_new/tank_short_left/frame_000193.jpg,350,11,11,0.03142857142857143,350,339,0.9583333333333334,23,24,111.0,113.54000091552734,0.9571428571428572,0.00608293991535902,0.9607073068618774,0.873481035232544,0.8298566341400146,1.0693621635437012,1.1090478897094727,0.0,nan,nan,131.04049682617188,49.87528991699219,97.3886489868164,5086.8056640625,0.0,3.1913807189542485e-06,0.10870004691329659,0.3170601427555084,0.0,1.0,1.0,0.9999920215482027,1.0,0.7391198874080882,1.0,0.9982996323529412,1.0,0.9633738047640932,0.03662619523590682,0.9633738047640932,1.0,1.0,0.09287770023961286,0.12587745114692767,0.9999990000010001,klt,n/a,0,nan,n/a,nan,n/a,n/a,n/a,n/a,n/a,n/a,n/a,False,n/a,False,n/a,False,n/a,0,0,0,0,nan,nan,nan,nan,nan,nan,nan,nan,nan,nan,0,nan,0,False,n/a,0.0,klt,healthy,normal,healthy,0.6449649019541229,n/a,339,11,0,0,0,0,0,0,0,0,0,0,0,0,0,0,0,0,0,0,0,0,0,0,0,0.0,0.0,0.0,179.41577592864633
194,/home/ma/AQUA-FE_WS/datasets/prepared_new/tank_short_left/frame_000194.jpg,350,11,11,0.03142857142857143,350,339,0.9583333333333334,23,24,112.0,114.4914321899414,0.9542857142857143,0.007604760583490133,0.9568271636962891,0.8652517795562744,0.8227364420890808,1.0744295120239258,1.1145793199539185,0.0,nan,nan,131.00794982910156,49.87148666381836,96.69927978515625,4891.404296875,0.0,9.574142156862745e-06,0.11084309297449453,0.3161041736602783,0.0,1.0,1.0,0.9999760646446079,1.0,0.7339765768612132,1.0,0.9982249540441176,1.0,0.9626473457605698,0.03735265423943024,0.9626473457605698,1.0,0.9646017699115044,0.19833235202348476,0.1550512270905434,0.9646008053106991,klt,n/a,0,nan,n/a,nan,n/a,n/a,n/a,n/a,n/a,n/a,n/a,False,n/a,False,n/a,False,n/a,0,0,0,0,nan,nan,nan,nan,nan,nan,nan,nan,nan,nan,0,nan,0,False,n/a,0.0,klt,healthy,normal,healthy,0.6437979509163783,n/a,339,11,0,0,0,0,0,0,0,0,0,0,0,0,0,0,0,0,0,0,0,0,0,0,0,0.0,0.0,0.0,180.86387030780315
195,/home/ma/AQUA-FE_WS/datasets/prepared_new/tank_short_left/frame_000195.jpg,350,15,15,0.04285714285714286,350,335,0.9583333333333334,23,24,113.0,115.39142608642578,0.9514285714285714,0.006920521147549152,0.9570823311805725,0.8611805438995361,0.8283602595329285,1.0769634246826172,1.1091336011886597,0.0,nan,nan,130.91864013671875,49.908668518066406,96.60741424560547,4782.802734375,0.0,6.382761437908497e-06,0.11264201743929997,0.31639212369918823,0.0,1.0,1.0,0.9999840430964052,1.0,0.7296591581456802,1.0,0.9981847426470588,1.0,0.9620414518707874,0.03795854812921262,0.9620414518707874,0.9940298507462687,1.0,0.12125342106750786,0.15112031953730934,1.00600499395894,klt,n/a,0,nan,n/a,nan,n/a,n/a,n/a,n/a,n/a,n/a,n/a,False,n/a,False,n/a,False,n/a,0,0,0,0,nan,nan,nan,nan,nan,nan,nan,nan,nan,nan,0,nan,0,False,n/a,0.0,klt,healthy,normal,healthy,0.6439551872185076,n/a,335,15,0,0,0,0,0,0,0,0,0,0,0,0,0,0,0,0,0,0,0,0,0,0,0,0.0,0.0,0.0,181.86532519757748
196,/home/ma/AQUA-FE_WS/datasets/prepared_new/tank_short_left/frame_000196.jpg,350,15,15,0.04285714285714286,350,335,0.9583333333333334,23,24,114.0,116.34857177734375,0.9514285714285714,0.007277041673660278,0.9591424465179443,0.8715575933456421,0.8323859572410583,1.070540189743042,1.1058707237243652,0.0,nan,nan,130.80465698242188,49.904762268066406,96.52851867675781,4907.57177734375,0.0,1.2765522875816994e-05,0.11274775187174477,0.3171149492263794,0.0,1.0,1.0,0.9999680861928104,1.0,0.7294053955078126,1.0,0.9979090073529412,1.0,0.9619874661554075,0.03801253384459247,0.9619874661554075,0.9970149253731343,1.0,0.10208774056008696,0.14192909194541822,1.002993005980069,klt,n/a,0,nan,n/a,nan,n/a,n/a,n/a,n/a,n/a,n/a,n/a,False,n/a,False,n/a,False,n/a,0,0,0,0,nan,nan,nan,nan,nan,nan,nan,nan,nan,nan,0,nan,0,False,n/a,0.0,klt,healthy,normal,healthy,0.6443228363221833,n/a,335,15,0,0,0,0,0,0,0,0,0,0,0,0,0,0,0,0,0,0,0,0,0,0,0,0.0,0.0,0.0,177.49885702505708
197,/home/ma/AQUA-FE_WS/datasets/prepared_new/tank_short_left/frame_000197.jpg,350,14,14,0.04,350,336,0.9583333333333334,23,24,115.0,117.3085708618164,0.9542857142857143,0.006735942326486111,0.9620510935783386,0.8737143278121948,0.8385447263717651,1.0692195892333984,1.100319504737854,0.0,nan,nan,130.7440948486328,49.87459182739258,96.64717864990234,5083.05517578125,0.0,2.5531045751633988e-05,0.11245002896178005,0.31722307205200195,0.0,1.0,1.0,0.9999361723856209,1.0,0.7301199304917279,1.0,0.9978515625,1.0,0.9620802247051163,0.03791977529488366,0.9620802247051163,1.0,1.0,0.09665892096193748,0.1347654131670885,0.9999990000010001,klt,n/a,0,nan,n/a,nan,n/a,n/a,n/a,n/a,n/a,n/a,n/a,False,n/a,False,n/a,False,n/a,0,0,0,0,nan,nan,nan,nan,nan,nan,nan,nan,nan,nan,0,nan,0,False,n/a,0.0,klt,healthy,normal,healthy,0.6446093834733165,n/a,336,14,0,0,0,0,0,0,0,0,0,0,0,0,0,0,0,0,0,0,0,0,0,0,0,0.0,0.0,0.0,176.83243565261364
198,/home/ma/AQUA-FE_WS/datasets/prepared_new/tank_short_left/frame_000198.jpg,350,15,15,0.04285714285714286,350,335,0.9583333333333334,23,24,116.0,118.0199966430664,0.9542857142857143,0.007708598393946886,0.9588396549224854,0.8667786717414856,0.833538830280304,1.073483943939209,1.1032921075820923,0.0,nan,nan,130.861328125,49.923736572265625,96.11734008789062,4676.94482421875,0.0,2.2339665032679737e-05,0.11427361282647829,0.31648391485214233,0.0,1.0,1.0,0.9999441508374183,1.0,0.7257433292164521,1.0,0.9981158088235295,1.0,0.9614843127202053,0.03851568727979471,0.9614843127202053,0.9970149253731343,0.9880597014925373,0.1080157929911838,0.14934282321980752,0.9910169700877696,klt,n/a,0,nan,n/a,nan,n/a,n/a,n/a,n/a,n/a,n/a,n/a,False,n/a,False,n/a,False,n/a,0,0,0,0,nan,nan,nan,nan,nan,nan,nan,nan,nan,nan,0,nan,0,False,n/a,0.0,klt,healthy,normal,healthy,0.6440262870712078,n/a,335,15,0,0,0,0,0,0,0,0,0,0,0,0,0,0,0,0,0,0,0,0,0,0,0,0.0,0.0,0.0,178.91507921740413
199,/home/ma/AQUA-FE_WS/datasets/prepared_new/tank_short_left/frame_000199.jpg,350,15,15,0.04285714285714286,350,335,0.9583333333333334,23,24,117.0,118.42285919189453,0.9485714285714286,0.007024743594229221,0.9557925462722778,0.8620049953460693,0.8261383175849915,1.076448678970337,1.1124011278152466,0.0,nan,nan,131.06324768066406,49.94921112060547,95.72196197509766,4313.74609375,0.0,9.574142156862745e-06,0.11547603233187806,0.31542670726776123,0.0,1.0,1.0,0.9999760646446079,1.0,0.7228575224034927,1.0,0.997897518382353,1.0,0.961071031996783,0.03892896800321699,0.961071031996783,0.9970149253731343,0.9701492537313433,0.13817248634860502,0.1467693645068759,0.9730529162493206,klt,n/a,0,nan,n/a,nan,n/a,n/a,n/a,n/a,n/a,n/a,n/a,False,n/a,False,n/a,False,n/a,0,0,0,0,nan,nan,nan,nan,nan,nan,nan,nan,nan,nan,0,nan,0,False,n/a,0.0,klt,healthy,normal,healthy,0.6441292254197251,n/a,335,15,0,0,0,0,0,0,0,0,0,0,0,0,0,0,0,0,0,0,0,0,0,0,0,0.0,0.0,0.0,180.87908113375306
200,/home/ma/AQUA-FE_WS/datasets/prepared_new/tank_short_left/frame_000200.jpg,350,14,14,0.04,350,336,0.9583333333333334,23,24,118.0,119.35142517089844,0.9457142857142857,0.00771881639957428,0.955704927444458,0.8622310161590576,0.8288730978965759,1.076307773590088,1.1080677509307861,0.0,nan,nan,131.2244415283203,49.93558120727539,95.40019226074219,4142.10693359375,0.0,2.2339665032679737e-05,0.1149052758310356,0.31542009115219116,0.0,1.0,1.0,0.9999441508374183,1.0,0.7242273380055146,1.0,0.9975815716911764,1.0,0.9612400197227329,0.038759980277267125,0.9612400197227329,1.0,1.0,0.1459624184929171,0.14405560058030867,0.9999990000010001,klt,n/a,0,nan,n/a,nan,n/a,n/a,n/a,n/a,n/a,n/a,n/a,False,n/a,False,n/a,False,n/a,0,0,0,0,nan,nan,nan,nan,nan,nan,nan,nan,nan,nan,0,nan,0,False,n/a,0.0,klt,healthy,normal,healthy,0.6442377759767877,n/a,336,14,0,0,0,0,0,0,0,0,0,0,0,0,0,0,0,0,0,0,0,0,0,0,0,0.0,0.0,0.0,179.15092315524817
201,/home/ma/AQUA-FE_WS/datasets/prepared_new/tank_short_left/frame_000201.jpg,350,12,12,0.03428571428571429,350,338,0.9583333333333334,23,24,117.5,119.12857055664062,0.9371428571428572,0.006187279708683491,0.9631050825119019,0.8762035965919495,0.830455482006073,1.0677013397216797,1.1129307746887207,0.0,nan,nan,131.2022247314453,49.97392654418945,95.68795013427734,4195.58837890625,0.0,9.574142156862745e-06,0.11478206858915442,0.31590956449508667,0.0,1.0,1.0,0.9999760646446079,1.0,0.7245230353860295,1.0,0.9978687959558824,1.0,0.96130248046875,0.03869751953125,0.96130248046875,1.0,1.0,0.06730168239798527,0.11714259942392194,0.9999990000010001,klt,n/a,0,nan,n/a,nan,n/a,n/a,n/a,n/a,n/a,n/a,n/a,False,n/a,False,n/a,False,n/a,0,0,0,0,nan,nan,nan,nan,nan,nan,nan,nan,nan,nan,0,nan,0,False,n/a,0.0,klt,healthy,normal,healthy,0.6453142960230431,n/a,338,12,0,0,0,0,0,0,0,0,0,0,0,0,0,0,0,0,0,0,0,0,0,0,0,0.0,0.0,0.0,176.86290573328733
202,/home/ma/AQUA-FE_WS/datasets/prepared_new/tank_short_left/frame_000202.jpg,350,7,7,0.02,350,343,0.9583333333333334,23,24,118.5,119.88571166992188,0.94,0.0065859230235219,0.9646283388137817,0.8754770159721375,0.8243033289909363,1.0681439638137817,1.117361068725586,0.0,nan,nan,131.14797973632812,50.04050064086914,95.70492553710938,4178.56005859375,0.0,1.5956903594771243e-05,0.11659588383693324,0.3172833025455475,0.0,1.0,1.0,0.9999601077410131,1.0,0.7201698787913602,1.0,0.9982479319852942,1.0,0.9607138718788297,0.03928612812117027,0.9607138718788297,0.9970845481049563,0.9708454810495627,0.10512564927066624,0.1253499045868106,0.9736832339960547,klt,n/a,0,nan,n/a,nan,n/a,n/a,n/a,n/a,n/a,n/a,n/a,False,n/a,False,n/a,False,n/a,0,0,0,0,nan,nan,nan,nan,nan,nan,nan,nan,nan,nan,0,nan,0,False,n/a,0.0,klt,healthy,normal,healthy,0.6449860038165276,n/a,343,7,0,0,0,0,0,0,0,0,0,0,0,0,0,0,0,0,0,0,0,0,0,0,0,0.0,0.0,0.0,181.08551297336817
203,/home/ma/AQUA-FE_WS/datasets/prepared_new/tank_short_left/frame_000203.jpg,350,7,7,0.02,350,343,0.9583333333333334,23,24,119.5,120.86571502685547,0.9485714285714286,0.006263802759349346,0.9652800559997559,0.8845661282539368,0.8287570476531982,1.0626481771469116,1.1105146408081055,0.0,nan,nan,131.20370483398438,50.088279724121094,96.1158676147461,4107.880859375,0.0,6.382761437908497e-06,0.1152161601945466,0.31762009859085083,0.0,1.0,1.0,0.9999840430964052,1.0,0.7234812155330882,1.0,0.9980238970588236,1.0,0.9611668891697303,0.038833110830269746,0.9611668891697303,0.9941690962099126,1.0,0.1440987230427788,0.11499456350873564,1.005864090875709,klt,n/a,0,nan,n/a,nan,n/a,n/a,n/a,n/a,n/a,n/a,n/a,False,n/a,False,n/a,False,n/a,0,0,0,0,nan,nan,nan,nan,nan,nan,nan,nan,nan,nan,0,nan,0,False,n/a,0.0,klt,healthy,normal,healthy,0.6454002174596506,n/a,343,7,0,0,0,0,0,0,0,0,0,0,0,0,0,0,0,0,0,0,0,0,0,0,0,0.0,0.0,0.0,179.73374295979738
204,/home/ma/AQUA-FE_WS/datasets/prepared_new/tank_short_left/frame_000204.jpg,350,5,5,0.014285714285714285,350,345,0.9583333333333334,23,24,120.5,121.56571197509766,0.96,0.007435532286763191,0.9650095701217651,0.8807573914527893,0.8288255929946899,1.064941167831421,1.1111434698104858,0.0,nan,nan,131.3292999267578,50.14140319824219,96.32472229003906,4096.10498046875,0.0,6.382761437908497e-06,0.11291430903416053,0.3185298442840576,0.0,1.0,1.0,0.9999840430964052,1.0,0.7290056583180147,1.0,0.9978745404411765,1.0,0.9619313497625612,0.03806865023743877,0.9619313497625612,0.9826086956521739,1.0,0.2856440569080221,0.11728669130369279,1.017698079333813,klt,n/a,0,nan,n/a,nan,n/a,n/a,n/a,n/a,n/a,n/a,n/a,False,n/a,False,n/a,False,n/a,0,0,0,0,nan,nan,nan,nan,nan,nan,nan,nan,nan,nan,0,nan,0,False,n/a,0.0,klt,healthy,normal,healthy,0.6453085323478523,n/a,345,5,0,0,0,0,0,0,0,0,0,0,0,0,0,0,0,0,0,0,0,0,0,0,0,0.0,0.0,0.0,178.69833623990417
205,/home/ma/AQUA-FE_WS/datasets/prepared_new/tank_short_left/frame_000205.jpg,350,4,4,0.011428571428571429,350,346,0.9583333333333334,23,24,121.5,122.44571685791016,0.9742857142857143,0.006589940749108791,0.9603279829025269,0.871651828289032,0.8277326226234436,1.0704823732376099,1.1106293201446533,0.0,nan,nan,131.3535614013672,50.217002868652344,96.58841705322266,4112.986328125,3.1913807189542485e-06,9.574142156862745e-06,0.11182931039847577,0.3190234899520874,0.0,1.0,1.0,0.9999680861928104,1.0,0.7316096550436582,1.0,0.9979779411764705,1.0,0.9623001985198376,0.03769980148016239,0.9623001985198376,0.9942196531791907,1.0,0.16437649243831876,0.11465981048430297,1.0058129418276807,klt,n/a,0,nan,n/a,nan,n/a,n/a,n/a,n/a,n/a,n/a,n/a,False,n/a,False,n/a,False,n/a,0,0,0,0,nan,nan,nan,nan,nan,nan,nan,nan,nan,nan,0,nan,0,False,n/a,0.0,klt,healthy,normal,healthy,0.6454136075806279,n/a,346,4,0,0,0,0,0,0,0,0,0,0,0,0,0,0,0,0,0,0,0,0,0,0,0,0.0,0.0,0.0,178.7249562330544
206,/home/ma/AQUA-FE_WS/datasets/prepared_new/tank_short_left/frame_000206.jpg,350,3,3,0.008571428571428572,350,347,0.9583333333333334,23,24,122.0,122.85142517089844,0.9714285714285714,0.00617836881428957,0.9660574197769165,0.8782155513763428,0.8317601084709167,1.0664795637130737,1.1080278158187866,0.0,nan,nan,131.31008911132812,50.248626708984375,97.00653076171875,4152.78857421875,0.0,3.1913807189542485e-06,0.11044770483877141,0.31955796480178833,0.0,1.0,1.0,0.9999920215482027,1.0,0.7349255083869486,1.0,0.9981387867647059,1.0,0.9627769409658395,0.037223059034160455,0.9627769409658395,1.0,1.0,0.09414115700416109,0.09825901864799311,0.9999990000010001,klt,n/a,0,nan,n/a,nan,n/a,n/a,n/a,n/a,n/a,n/a,n/a,False,n/a,False,n/a,False,n/a,0,0,0,0,nan,nan,nan,nan,nan,nan,nan,nan,nan,nan,0,nan,0,False,n/a,0.0,klt,healthy,normal,healthy,0.6460696392540803,n/a,347,3,0,0,0,0,0,0,0,0,0,0,0,0,0,0,0,0,0,0,0,0,0,0,0,0.0,0.0,0.0,182.39821400493383
207,/home/ma/AQUA-FE_WS/datasets/prepared_new/tank_short_left/frame_000207.jpg,350,4,4,0.011428571428571429,350,346,0.9583333333333334,23,24,123.0,123.4914321899414,0.9742857142857143,0.007568011991679668,0.9580336809158325,0.8656782507896423,0.8209186792373657,1.0741651058197021,1.114494800567627,0.0,nan,nan,131.25929260253906,50.336387634277344,97.17224884033203,4122.00390625,0.0,6.382761437908497e-06,0.10888377769320622,0.32109618186950684,0.0,1.0,1.0,0.9999840430964052,1.0,0.7386789335363051,1.0,0.9983053768382353,1.0,0.9633114584769455,0.03668854152305445,0.9633114584769455,1.0,1.0,0.14353449606443663,0.146145764982552,0.9999990000010001,klt,n/a,0,nan,n/a,nan,n/a,n/a,n/a,n/a,n/a,n/a,n/a,False,n/a,False,n/a,False,n/a,0,0,0,0,nan,nan,nan,nan,nan,nan,nan,nan,nan,nan,0,nan,0,False,n/a,0.0,klt,healthy,normal,healthy,0.644154169400698,n/a,346,4,0,0,0,0,0,0,0,0,0,0,0,0,0,0,0,0,0,0,0,0,0,0,0,0.0,0.0,0.0,177.84782266244292
208,/home/ma/AQUA-FE_WS/datasets/prepared_new/tank_short_left/frame_000208.jpg,350,11,11,0.03142857142857143,350,339,0.9583333333333334,23,24,120.0,122.23143005371094,0.9571428571428572,0.006929259747266769,0.9614630937576294,0.870747447013855,0.8269728422164917,1.0710375308990479,1.1098792552947998,0.0,nan,nan,131.33152770996094,50.364837646484375,97.54004669189453,4179.31396484375,0.0,2.2339665032679737e-05,0.1060713435154335,0.32154178619384766,0.0,1.0,1.0,0.9999441508374183,1.0,0.7454287755629596,1.0,0.9983111213235294,1.0,0.9642519939587162,0.03574800604128381,0.9642519939587162,0.9941002949852508,0.8613569321533924,0.2550916686868475,0.13998177633410236,0.866467971119756,klt,n/a,0,nan,n/a,nan,n/a,n/a,n/a,n/a,n/a,n/a,n/a,False,n/a,False,n/a,False,n/a,0,0,0,0,nan,nan,nan,nan,nan,nan,nan,nan,nan,nan,0,nan,0,False,n/a,0.0,klt,healthy,normal,healthy,0.5492523542902765,n/a,339,11,0,0,0,0,0,0,0,0,0,0,0,0,0,0,0,0,0,0,0,0,0,0,0,0.0,0.0,0.0,178.34194097667933
209,/home/ma/AQUA-FE_WS/datasets/prepared_new/tank_short_left/frame_000209.jpg,350,10,10,0.02857142857142857,350,340,1.0,24,24,118.5,121.91714477539062,0.9514285714285714,0.006558000110089779,0.9618935585021973,0.8704092502593994,0.8243575692176819,1.0712453126907349,1.1121916770935059,0.0,nan,nan,131.5262451171875,50.40117263793945,97.74724578857422,4214.71435546875,0.0,6.382761437908497e-06,0.10374622419768689,0.3220701217651367,0.0,1.0,1.0,0.9999840430964052,1.0,0.7510090619255515,1.0,0.9983743106617647,1.0,0.9650418124808517,0.034958187519148254,0.9650418124808517,1.0,0.9970588235294118,0.11790616847740275,0.14124906829388945,0.9970578264715854,klt,n/a,0,nan,n/a,nan,n/a,n/a,n/a,n/a,n/a,n/a,n/a,False,n/a,False,n/a,False,n/a,0,0,0,0,nan,nan,nan,nan,nan,nan,nan,nan,nan,nan,0,nan,0,False,n/a,0.0,klt,healthy,normal,healthy,0.6443500372682445,n/a,340,10,0,0,0,0,0,0,0,0,0,0,0,0,0,0,0,0,0,0,0,0,0,0,0,0.0,0.0,0.0,183.27690800651908
210,/home/ma/AQUA-FE_WS/datasets/prepared_new/tank_short_left/frame_000210.jpg,350,8,8,0.022857142857142857,350,342,1.0,24,24,117.0,122.06857299804688,0.9485714285714286,0.006804202683269978,0.9635442495346069,0.8771870136260986,0.8270467519760132,1.067103385925293,1.1117109060287476,0.0,nan,nan,131.65777587890625,50.439735412597656,97.9169692993164,4246.3486328125,0.0,2.5531045751633988e-05,0.1015331672219669,0.32215428352355957,0.0,1.0,1.0,0.9999361723856209,1.0,0.7563203986672795,1.0,0.9985581341911764,1.0,0.9657906845511641,0.034209315448835875,0.9657906845511641,0.9941520467836257,1.0,0.0728694105584983,0.13262880834401614,1.0058813411428862,klt,n/a,0,nan,n/a,nan,n/a,n/a,n/a,n/a,n/a,n/a,n/a,False,n/a,False,n/a,False,n/a,0,0,0,0,nan,nan,nan,nan,nan,nan,nan,nan,nan,nan,0,nan,0,False,n/a,0.0,klt,healthy,normal,healthy,0.6446948476662394,n/a,342,8,0,0,0,0,0,0,0,0,0,0,0,0,0,0,0,0,0,0,0,0,0,0,0,0.0,0.0,0.0,183.085726108402
211,/home/ma/AQUA-FE_WS/datasets/prepared_new/tank_short_left/frame_000211.jpg,350,8,8,0.022857142857142857,350,342,1.0,24,24,114.0,121.84571075439453,0.9457142857142857,0.006064154207706451,0.9684329628944397,0.8819321393966675,0.8379544615745544,1.0642321109771729,1.101880431175232,0.0,nan,nan,131.58090209960938,50.477115631103516,97.95309448242188,4218.7587890625,0.0,2.2339665032679737e-05,0.10322323069852944,0.32277390360832214,0.0,1.0,1.0,0.9999441508374183,1.0,0.7522642463235294,1.0,0.9983283547794117,1.0,0.9652099938725489,0.03479000612745109,0.9652099938725489,1.0,1.0,0.09637478237863531,0.10715165739742954,0.9999990000010001,klt,n/a,0,nan,n/a,nan,n/a,n/a,n/a,n/a,n/a,n/a,n/a,False,n/a,False,n/a,False,n/a,0,0,0,0,nan,nan,nan,nan,nan,nan,nan,nan,nan,nan,0,nan,0,False,n/a,0.0,klt,healthy,normal,healthy,0.6457139337041029,n/a,342,8,0,0,0,0,0,0,0,0,0,0,0,0,0,0,0,0,0,0,0,0,0,0,0,0.0,0.0,0.0,177.85045318305492
212,/home/ma/AQUA-FE_WS/datasets/prepared_new/tank_short_left/frame_000212.jpg,350,10,10,0.02857142857142857,350,340,1.0,24,24,111.0,120.40571594238281,0.9485714285714286,0.00564837921410799,0.9669700860977173,0.8825690746307373,0.8335820436477661,1.0638484954833984,1.105978012084961,0.0,nan,nan,131.42724609375,50.56155014038086,97.78705596923828,4280.23681640625,0.0,6.382761437908497e-06,0.10538295072667736,0.32389554381370544,0.0,1.0,1.0,0.9999840430964052,1.0,0.7470809182559743,1.0,0.9984030330882353,1.0,0.9644935957126992,0.035506404287300786,0.9644935957126992,0.9970588235294118,1.0,0.14150164651503247,0.10506493783695091,1.0029488465999767,klt,n/a,0,nan,n/a,nan,n/a,n/a,n/a,n/a,n/a,n/a,n/a,False,n/a,False,n/a,False,n/a,0,0,0,0,nan,nan,nan,nan,nan,nan,nan,nan,nan,nan,0,nan,0,False,n/a,0.0,klt,healthy,normal,healthy,0.6457974024865221,n/a,340,10,0,0,0,0,0,0,0,0,0,0,0,0,0,0,0,0,0,0,0,0,0,0,0,0.0,0.0,0.0,179.94164489209652
213,/home/ma/AQUA-FE_WS/datasets/prepared_new/tank_short_left/frame_000213.jpg,350,7,7,0.02,350,343,1.0,24,24,111.5,120.17428588867188,0.9542857142857143,0.005823701620101929,0.9671978950500488,0.884544849395752,0.8341200351715088,1.0626609325408936,1.105004906654358,0.0,nan,nan,131.39390563964844,50.593101501464844,97.93537902832031,4300.341796875,0.0,3.1913807189542485e-06,0.10289871515012251,0.32445359230041504,0.0,1.0,1.0,0.9999920215482027,1.0,0.753043083639706,1.0,0.9986098345588236,1.0,0.9653416643688726,0.03465833563112741,0.9653416643688726,0.9912536443148688,1.0,0.1251381021443151,0.10481104986033578,1.008822511687878,klt,n/a,0,nan,n/a,nan,n/a,n/a,n/a,n/a,n/a,n/a,n/a,False,n/a,False,n/a,False,n/a,0,0,0,0,nan,nan,nan,nan,nan,nan,nan,nan,nan,nan,0,nan,0,False,n/a,0.0,klt,healthy,normal,healthy,0.6458075580055866,n/a,343,7,0,0,0,0,0,0,0,0,0,0,0,0,0,0,0,0,0,0,0,0,0,0,0,0.0,0.0,0.0,180.5121749639511
214,/home/ma/AQUA-FE_WS/datasets/prepared_new/tank_short_left/frame_000214.jpg,350,9,9,0.025714285714285714,350,341,1.0,24,24,111.5,120.34571075439453,0.9542857142857143,0.006155533250421286,0.9658811688423157,0.8855245113372803,0.8340287804603577,1.0620737075805664,1.1060044765472412,0.0,nan,nan,131.43531799316406,50.580204010009766,97.94732666015625,4314.39990234375,0.0,9.574142156862745e-06,0.10100526996687346,0.32430464029312134,0.0,1.0,1.0,0.9999760646446079,1.0,0.7575873520795037,1.0,0.9986328125,1.0,0.9659773257984834,0.03402267420151661,0.9659773257984834,0.9941348973607038,1.0,0.06834468368779495,0.10085330277118777,1.0058986931815506,klt,n/a,0,nan,n/a,nan,n/a,n/a,n/a,n/a,n/a,n/a,n/a,False,n/a,False,n/a,False,n/a,0,0,0,0,nan,nan,nan,nan,nan,nan,nan,nan,nan,nan,0,nan,0,False,n/a,0.0,klt,healthy,normal,healthy,0.6459658678891526,n/a,341,9,0,0,0,0,0,0,0,0,0,0,0,0,0,0,0,0,0,0,0,0,0,0,0,0.0,0.0,0.0,178.84415993466973
215,/home/ma/AQUA-FE_WS/datasets/prepared_new/tank_short_left/frame_000215.jpg,350,9,9,0.025714285714285714,350,341,1.0,24,24,112.0,120.63999938964844,0.9542857142857143,0.0052964212372899055,0.9662812352180481,0.8763575553894043,0.8334408402442932,1.0676077604293823,1.1053180694580078,0.0,nan,nan,131.61590576171875,50.619842529296875,97.91197204589844,4233.6611328125,3.1913807189542485e-06,3.1913807189542485e-06,0.09976973290536921,0.32457220554351807,0.0,1.0,1.0,0.9999840430964052,1.0,0.760552641027114,1.0,0.9984087775735294,1.0,0.9663799815697764,0.03362001843022355,0.9663799815697764,1.0,1.0,0.10928099334265548,0.09418536922947171,0.9999990000010001,klt,n/a,0,nan,n/a,nan,n/a,n/a,n/a,n/a,n/a,n/a,n/a,False,n/a,False,n/a,False,n/a,0,0,0,0,nan,nan,nan,nan,nan,nan,nan,nan,nan,nan,0,nan,0,False,n/a,0.0,klt,healthy,normal,healthy,0.6462325852308212,n/a,341,9,0,0,0,0,0,0,0,0,0,0,0,0,0,0,0,0,0,0,0,0,0,0,0,0.0,0.0,0.0,179.46480913087726
216,/home/ma/AQUA-FE_WS/datasets/prepared_new/tank_short_left/frame_000216.jpg,350,8,8,0.022857142857142857,350,342,1.0,24,24,110.5,119.67428588867188,0.9542857142857143,0.005534966476261616,0.965355634689331,0.8724504709243774,0.8284921050071716,1.069993019104004,1.1116559505462646,0.0,nan,nan,131.72274780273438,50.598812103271484,97.89775848388672,4239.212890625,0.0,1.2765522875816994e-05,0.09925540699678312,0.3239932656288147,0.0,1.0,1.0,0.9999680861928104,1.0,0.7617870232077205,1.0,0.9984662224264705,1.0,0.9665543269378063,0.033445673062193704,0.9665543269378063,1.0,1.0,0.08614391748675815,0.09882519330986844,0.9999990000010001,klt,n/a,0,nan,n/a,nan,n/a,n/a,n/a,n/a,n/a,n/a,n/a,False,n/a,False,n/a,False,n/a,0,0,0,0,nan,nan,nan,nan,nan,nan,nan,nan,nan,nan,0,nan,0,False,n/a,0.0,klt,healthy,normal,healthy,0.6460469922676053,n/a,342,8,0,0,0,0,0,0,0,0,0,0,0,0,0,0,0,0,0,0,0,0,0,0,0,0.0,0.0,0.0,177.9638952575624
217,/home/ma/AQUA-FE_WS/datasets/prepared_new/tank_short_left/frame_000217.jpg,350,10,10,0.02857142857142857,350,340,1.0,24,24,110.0,119.41143035888672,0.9514285714285714,0.005945360288023949,0.966381311416626,0.8786324262619019,0.8357661366462708,1.066227912902832,1.1054306030273438,0.0,nan,nan,131.69529724121094,50.635257720947266,97.98052215576172,4223.68701171875,0.0,0.0,0.09945831897212014,0.32489800453186035,0.0,1.0,1.0,1.0,1.0,0.7613000344669116,1.0,0.9985581341911764,1.0,0.9664954928768381,0.033504507123161886,0.9664954928768381,1.0,1.0,0.09015642111892191,0.10262064027785278,0.9999990000010001,klt,n/a,0,nan,n/a,nan,n/a,n/a,n/a,n/a,n/a,n/a,n/a,False,n/a,False,n/a,False,n/a,0,0,0,0,nan,nan,nan,nan,nan,nan,nan,nan,nan,nan,0,nan,0,False,n/a,0.0,klt,healthy,normal,healthy,0.6458951743888859,n/a,340,10,0,0,0,0,0,0,0,0,0,0,0,0,0,0,0,0,0,0,0,0,0,0,0,0.0,0.0,0.0,175.80751096829772
218,/home/ma/AQUA-FE_WS/datasets/prepared_new/tank_short_left/frame_000218.jpg,350,8,8,0.022857142857142857,350,342,1.0,24,24,111.0,119.76856994628906,0.9542857142857143,0.005675605498254299,0.9693477153778076,0.8854494690895081,0.8402487635612488,1.0621187686920166,1.1005501747131348,0.0,nan,nan,131.6322021484375,50.673160552978516,97.943359375,4283.875,3.1913807189542485e-06,6.382761437908497e-06,0.098320390289905,0.32583218812942505,0.0,1.0,1.0,0.9999760646446079,1.0,0.764031063304228,1.0,0.9983513327205882,1.0,0.9668625565831801,0.0331374434168199,0.9668625565831801,0.9941520467836257,1.0,0.10396229995550642,0.09951951761860717,1.0058813411428862,klt,n/a,0,nan,n/a,nan,n/a,n/a,n/a,n/a,n/a,n/a,n/a,False,n/a,False,n/a,False,n/a,0,0,0,0,nan,nan,nan,nan,nan,nan,nan,nan,nan,nan,0,nan,0,False,n/a,0.0,klt,healthy,normal,healthy,0.6460192192952557,n/a,342,8,0,0,0,0,0,0,0,0,0,0,0,0,0,0,0,0,0,0,0,0,0,0,0,0.0,0.0,0.0,178.87343000620604
219,/home/ma/AQUA-FE_WS/datasets/prepared_new/tank_short_left/frame_000219.jpg,350,8,8,0.022857142857142857,350,342,1.0,24,24,111.5,120.36000061035156,0.9657142857142857,0.005671826656907797,0.9708459377288818,0.8886973857879639,0.8445901870727539,1.0601780414581299,1.097851037979126,0.0,nan,nan,131.57769775390625,50.6792106628418,97.9281997680664,4286.51953125,0.0,9.574142156862745e-06,0.09670068179859838,0.3261645436286926,0.0,1.0,1.0,0.9999760646446079,1.0,0.767918363683364,1.0,0.9985409007352941,1.0,0.9674181527171415,0.03258184728285851,0.9674181527171415,1.0,1.0,0.1987428263455318,0.104457596752976,0.9999990000010001,klt,n/a,0,nan,n/a,nan,n/a,n/a,n/a,n/a,n/a,n/a,n/a,False,n/a,False,n/a,False,n/a,0,0,0,0,nan,nan,nan,nan,nan,nan,nan,nan,nan,nan,0,nan,0,False,n/a,0.0,klt,healthy,normal,healthy,0.645821696129881,n/a,342,8,0,0,0,0,0,0,0,0,0,0,0,0,0,0,0,0,0,0,0,0,0,0,0,0.0,0.0,0.0,180.4507840424776
220,/home/ma/AQUA-FE_WS/datasets/prepared_new/tank_short_left/frame_000220.jpg,350,6,6,0.017142857142857144,350,344,1.0,24,24,112.0,120.0914306640625,0.96,0.006063106004148722,0.9647098779678345,0.8826541304588318,0.8302678465843201,1.0637972354888916,1.1092884540557861,0.0,nan,nan,131.5635223388672,50.67166519165039,97.78790283203125,4328.33740234375,0.0,9.574142156862745e-06,0.09694309309417122,0.325721800327301,0.0,1.0,1.0,0.9999760646446079,1.0,0.767336576573989,1.0,0.9983972886029412,1.0,0.9673280857938877,0.03267191420611226,0.9673280857938877,0.9941860465116279,0.9941860465116279,0.07944040676131045,0.11539602351818591,0.9999989941530585,klt,n/a,0,nan,n/a,nan,n/a,n/a,n/a,n/a,n/a,n/a,n/a,False,n/a,False,n/a,False,n/a,0,0,0,0,nan,nan,nan,nan,nan,nan,nan,nan,nan,nan,0,nan,0,False,n/a,0.0,klt,healthy,normal,healthy,0.6453841590592726,n/a,344,6,0,0,0,0,0,0,0,0,0,0,0,0,0,0,0,0,0,0,0,0,0,0,0,0.0,0.0,0.0,180.48719502985477
221,/home/ma/AQUA-FE_WS/datasets/prepared_new/tank_short_left/frame_000221.jpg,350,10,10,0.02857142857142857,350,340,1.0,24,24,110.5,119.3028564453125,0.9571428571428572,0.006383679807186127,0.9629021883010864,0.8672652244567871,0.8302884101867676,1.0731830596923828,1.1075100898742676,0.0,nan,nan,131.620849609375,50.6673698425293,97.2438735961914,3948.339111328125,0.0,6.382761437908497e-06,0.09717876359528183,0.3253129720687866,0.0,1.0,1.0,0.9999840430964052,1.0,0.7667709673713237,1.0,0.998046875,1.0,0.9672288331035539,0.0327711668964461,0.9672288331035539,0.9970588235294118,1.0,0.08591365277543742,0.13312396089577783,1.0029488465999767,klt,n/a,0,nan,n/a,nan,n/a,n/a,n/a,n/a,n/a,n/a,n/a,False,n/a,False,n/a,False,n/a,0,0,0,0,nan,nan,nan,nan,nan,nan,nan,nan,nan,nan,0,nan,0,False,n/a,0.0,klt,healthy,normal,healthy,0.6446750415641689,n/a,340,10,0,0,0,0,0,0,0,0,0,0,0,0,0,0,0,0,0,0,0,0,0,0,0,0.0,0.0,0.0,182.45895579457283
222,/home/ma/AQUA-FE_WS/datasets/prepared_new/tank_short_left/frame_000222.jpg,350,9,9,0.025714285714285714,350,341,1.0,24,24,111.0,119.64571380615234,0.9571428571428572,0.0082083810120821,0.9611069560050964,0.8740186095237732,0.8264406323432922,1.0690336227416992,1.1132522821426392,0.0,nan,nan,131.7190399169922,50.51709747314453,96.64826965332031,3645.27978515625,3.1913807189542485e-06,1.2765522875816994e-05,0.09747286029890471,0.3238303065299988,0.0,1.0,1.0,0.9999601077410131,1.0,0.7660651352826287,1.0,0.9982651654411765,1.0,0.9671402417949602,0.032859758205039835,0.9671402417949602,1.0,1.0,0.1212890657778101,0.11312604659102568,0.9999990000010001,klt,n/a,0,nan,n/a,nan,n/a,n/a,n/a,n/a,n/a,n/a,n/a,False,n/a,False,n/a,False,n/a,0,0,0,0,nan,nan,nan,nan,nan,nan,nan,nan,nan,nan,0,nan,0,False,n/a,0.0,klt,healthy,normal,healthy,0.645474958136359,n/a,341,9,0,0,0,0,0,0,0,0,0,0,0,0,0,0,0,0,0,0,0,0,0,0,0,0.0,0.0,0.0,177.0257498137653
223,/home/ma/AQUA-FE_WS/datasets/prepared_new/tank_short_left/frame_000223.jpg,350,12,12,0.03428571428571429,350,338,1.0,24,24,111.5,118.39714050292969,0.9571428571428572,0.006267146673053503,0.965506911277771,0.8816180229187012,0.8366612195968628,1.0644216537475586,1.1064362525939941,0.0,nan,nan,131.86590576171875,50.443115234375,96.67562103271484,3595.1904296875,0.0,6.382761437908497e-06,0.09467035630170033,0.32411444187164307,0.0,1.0,1.0,0.9999840430964052,1.0,0.7727911448759193,1.0,0.9982881433823529,1.0,0.9680861340571385,0.0319138659428615,0.9680861340571385,0.9970414201183432,1.0,0.074609131774036,0.10626516513050008,1.0029663531079307,klt,n/a,0,nan,n/a,nan,n/a,n/a,n/a,n/a,n/a,n/a,n/a,False,n/a,False,n/a,False,n/a,0,0,0,0,nan,nan,nan,nan,nan,nan,nan,nan,nan,nan,0,nan,0,False,n/a,0.0,klt,healthy,normal,healthy,0.64574939339478,n/a,338,12,0,0,0,0,0,0,0,0,0,0,0,0,0,0,0,0,0,0,0,0,0,0,0,0.0,0.0,0.0,182.04131023958325
224,/home/ma/AQUA-FE_WS/datasets/prepared_new/tank_short_left/frame_000224.jpg,350,14,14,0.04,350,336,1.0,24,24,108.0,116.4800033569336,0.94,0.005956331733614206,0.9655755758285522,0.8844403028488159,0.843226432800293,1.0627238750457764,1.0996731519699097,0.0,nan,nan,132.18417358398438,50.333282470703125,97.27639770507812,3693.118408203125,0.0,9.574142156862745e-06,0.08717446121515013,0.3229658007621765,0.0,1.0,1.0,0.9999760646446079,1.0,0.7907812930836398,1.0,0.9984030330882353,1.0,0.9706106907743566,0.029389309225643423,0.9706106907743566,0.9940476190476191,1.0,0.1273537856061187,0.10712283665671066,1.0059870119412095,klt,n/a,0,nan,n/a,nan,n/a,n/a,n/a,n/a,n/a,n/a,n/a,False,n/a,False,n/a,False,n/a,0,0,0,0,nan,nan,nan,nan,nan,nan,nan,nan,nan,nan,0,nan,0,False,n/a,0.0,klt,healthy,normal,healthy,0.6457150865337317,n/a,336,14,0,0,0,0,0,0,0,0,0,0,0,0,0,0,0,0,0,0,0,0,0,0,0,0.0,0.0,0.0,187.7967519685626
225,/home/ma/AQUA-FE_WS/datasets/prepared_new/tank_short_left/frame_000225.jpg,350,23,23,0.06571428571428571,350,327,1.0,24,24,108.5,115.5857162475586,0.92,0.005737012252211571,0.9685793519020081,0.8902538418769836,0.8474855422973633,1.0592529773712158,1.0952235460281372,0.0,nan,nan,132.2210693359375,50.31026077270508,97.61479949951172,3825.06982421875,0.0,3.1913807189542485e-06,0.08609908459233301,0.3238612115383148,0.0,1.0,1.0,0.9999920215482027,1.0,0.7933621969784008,1.0,0.9987017463235294,1.0,0.9709918549421721,0.029008145057827894,0.9709918549421721,0.9969418960244648,1.0,0.06527363689274275,0.1112439222883405,1.0030664785192072,klt,n/a,0,nan,n/a,nan,n/a,n/a,n/a,n/a,n/a,n/a,n/a,False,n/a,False,n/a,False,n/a,0,0,0,0,nan,nan,nan,nan,nan,nan,nan,nan,nan,nan,0,nan,0,False,n/a,0.0,klt,healthy,normal,healthy,0.6455502431084664,n/a,327,23,0,0,0,0,0,0,0,0,0,0,0,0,0,0,0,0,0,0,0,0,0,0,0,0.0,0.0,0.0,185.22340105846524
226,/home/ma/AQUA-FE_WS/datasets/prepared_new/tank_short_left/frame_000226.jpg,350,22,22,0.06285714285714286,350,328,1.0,24,24,109.5,116.11428833007812,0.9114285714285715,0.005307464860379696,0.9641635417938232,0.8866473436355591,0.8453163504600525,1.061401605606079,1.0967779159545898,0.0,nan,nan,131.94581604003906,50.38801574707031,97.58489990234375,3921.85498046875,0.0,6.382761437908497e-06,0.08948211669921875,0.32634735107421875,0.0,1.0,1.0,0.9999840430964052,1.0,0.785242919921875,1.0,0.9986098345588236,1.0,0.9698486840341605,0.03015131596583953,0.9698486840341605,0.9969512195121951,1.0,0.12315893500918781,0.10374795972856604,1.0030570978509843,klt,n/a,0,nan,n/a,nan,n/a,n/a,n/a,n/a,n/a,n/a,n/a,False,n/a,False,n/a,False,n/a,0,0,0,0,nan,nan,nan,nan,nan,nan,nan,nan,nan,nan,0,nan,0,False,n/a,0.0,klt,healthy,normal,healthy,0.6458500816108574,n/a,328,22,0,0,0,0,0,0,0,0,0,0,0,0,0,0,0,0,0,0,0,0,0,0,0,0.0,0.0,0.0,179.85653597861528
227,/home/ma/AQUA-FE_WS/datasets/prepared_new/tank_short_left/frame_000227.jpg,350,19,19,0.054285714285714284,350,331,1.0,24,24,109.5,116.01142883300781,0.9142857142857143,0.00514629390090704,0.9703554511070251,0.8961718678474426,0.8476389646530151,1.0557527542114258,1.0976065397262573,0.0,nan,nan,131.64979553222656,50.47929382324219,97.62659454345703,4077.801025390625,0.0,0.0,0.09473409016927088,0.32771116495132446,0.0,1.0,1.0,1.0,1.0,0.7726381835937499,1.0,0.9986615349264706,1.0,0.9680890377987132,0.03191096220128675,0.9680890377987132,1.0,1.0,0.10910796248111188,0.09822738257248258,0.9999990000010001,klt,n/a,0,nan,n/a,nan,n/a,n/a,n/a,n/a,n/a,n/a,n/a,False,n/a,False,n/a,False,n/a,0,0,0,0,nan,nan,nan,nan,nan,nan,nan,nan,nan,nan,0,nan,0,False,n/a,0.0,klt,healthy,normal,healthy,0.6460709046971007,n/a,331,19,0,0,0,0,0,0,0,0,0,0,0,0,0,0,0,0,0,0,0,0,0,0,0,0.0,0.0,0.0,176.51102412492037
228,/home/ma/AQUA-FE_WS/datasets/prepared_new/tank_short_left/frame_000228.jpg,350,11,11,0.03142857142857143,350,339,1.0,24,24,110.5,116.54000091552734,0.9085714285714286,0.005083207041025162,0.9648429155349731,0.8787664175033569,0.8262293934822083,1.0661451816558838,1.115476131439209,0.0,nan,nan,131.3432159423828,50.50016784667969,97.85763549804688,4105.015625,0.0,3.1913807189542485e-06,0.09751764035692405,0.3289722800254822,0.0,1.0,1.0,0.9999920215482027,1.0,0.7659576631433823,1.0,0.998828125,1.0,0.9671628029258579,0.03283719707414212,0.9671628029258579,1.0,1.0,0.11259583367832157,0.10490657386186143,0.9999990000010001,klt,n/a,0,nan,n/a,nan,n/a,n/a,n/a,n/a,n/a,n/a,n/a,False,n/a,False,n/a,False,n/a,0,0,0,0,nan,nan,nan,nan,nan,nan,nan,nan,nan,nan,0,nan,0,False,n/a,0.0,klt,healthy,normal,healthy,0.6458037370455256,n/a,339,11,0,0,0,0,0,0,0,0,0,0,0,0,0,0,0,0,0,0,0,0,0,0,0,0.0,0.0,0.0,179.78823464363813
229,/home/ma/AQUA-FE_WS/datasets/prepared_new/tank_short_left/frame_000229.jpg,350,11,11,0.03142857142857143,350,339,1.0,24,24,110.5,116.77428436279297,0.9142857142857143,0.005156899802386761,0.9675725698471069,0.8795628547668457,0.8309378623962402,1.0656629800796509,1.1098120212554932,0.0,nan,nan,131.06605529785156,50.5104866027832,98.11334228515625,4137.50634765625,0.0,6.382761437908497e-06,0.09740167655196841,0.3291904926300049,0.0,1.0,1.0,0.9999840430964052,1.0,0.7662359762752758,1.0,0.9988913143382353,1.0,0.9672046007104014,0.032795399289598626,0.9672046007104014,0.9970501474926253,0.9970501474926253,0.10538304282088881,0.1093961471664469,0.999998997042426,klt,n/a,0,nan,n/a,nan,n/a,n/a,n/a,n/a,n/a,n/a,n/a,False,n/a,False,n/a,False,n/a,0,0,0,0,nan,nan,nan,nan,nan,nan,nan,nan,nan,nan,0,nan,0,False,n/a,0.0,klt,healthy,normal,healthy,0.6456241541133422,n/a,339,11,0,0,0,0,0,0,0,0,0,0,0,0,0,0,0,0,0,0,0,0,0,0,0,0.0,0.0,0.0,173.84377121925354
230,/home/ma/AQUA-FE_WS/datasets/prepared_new/tank_short_left/frame_000230.jpg,350,12,12,0.03428571428571429,350,338,1.0,24,24,111.0,117.0857162475586,0.9285714285714286,0.006068717688322067,0.969185471534729,0.8863873481750488,0.8407014012336731,1.0615570545196533,1.101304531097412,0.0,nan,nan,130.83596801757812,50.532562255859375,98.2110595703125,4192.97021484375,0.0,0.0,0.096847375607958,0.32924431562423706,0.0,1.0,1.0,1.0,1.0,0.7675662985409009,1.0,0.998828125,1.0,0.9673889692957263,0.032611030704273736,0.9673889692957263,1.0,0.9822485207100592,0.22001370762534464,0.11378461184289583,0.9822475384625208,klt,n/a,0,nan,n/a,nan,n/a,n/a,n/a,n/a,n/a,n/a,n/a,False,n/a,False,n/a,False,n/a,0,0,0,0,nan,nan,nan,nan,nan,nan,nan,nan,nan,nan,0,nan,0,False,n/a,0.0,klt,healthy,normal,healthy,0.6454486155262842,n/a,338,12,0,0,0,0,0,0,0,0,0,0,0,0,0,0,0,0,0,0,0,0,0,0,0,0.0,0.0,0.0,188.26866894960403
231,/home/ma/AQUA-FE_WS/datasets/prepared_new/tank_short_left/frame_000231.jpg,350,9,9,0.025714285714285714,350,341,1.0,24,24,112.0,118.05999755859375,0.9571428571428572,0.005630430765450001,0.9670974016189575,0.8871945738792419,0.8349704146385193,1.0610747337341309,1.1058411598205566,0.0,nan,nan,130.6764373779297,50.60928726196289,98.58085632324219,4121.189453125,0.0,6.382761437908497e-06,0.09539761711569389,0.3298608362674713,0.0,1.0,1.0,0.9999840430964052,1.0,0.7710457189223346,1.0,0.9988855698529412,1.0,0.9678776200118719,0.03212237998812806,0.9678776200118719,1.0,0.9794721407624634,0.14380706118620146,0.12289864803785315,0.9794711612913022,klt,n/a,0,nan,n/a,nan,n/a,n/a,n/a,n/a,n/a,n/a,n/a,False,n/a,False,n/a,False,n/a,0,0,0,0,nan,nan,nan,nan,nan,nan,nan,nan,nan,nan,0,nan,0,False,n/a,0.0,klt,healthy,normal,healthy,0.6450840540784859,n/a,341,9,0,0,0,0,0,0,0,0,0,0,0,0,0,0,0,0,0,0,0,0,0,0,0,0.0,0.0,0.0,189.50656801462173
232,/home/ma/AQUA-FE_WS/datasets/prepared_new/tank_short_left/frame_000232.jpg,350,5,5,0.014285714285714285,350,345,1.0,24,24,113.0,118.5971450805664,0.9628571428571429,0.005554164759814739,0.9670509099960327,0.8803203105926514,0.8292211890220642,1.0652048587799072,1.1111133098602295,0.0,nan,nan,130.71067810058594,50.672245025634766,98.93190002441406,4253.154296875,0.0,9.574142156862745e-06,0.09478798361385571,0.3303508162498474,0.0,1.0,1.0,0.9999760646446079,1.0,0.7725088393267463,1.0,0.998684512867647,1.0,0.9680694360351563,0.03193056396484373,0.9680694360351563,1.0,1.0,0.1191009217848922,0.11911202016816574,0.9999990000010001,klt,n/a,0,nan,n/a,nan,n/a,n/a,n/a,n/a,n/a,n/a,n/a,False,n/a,False,n/a,False,n/a,0,0,0,0,nan,nan,nan,nan,nan,nan,nan,nan,nan,nan,0,nan,0,False,n/a,0.0,klt,healthy,normal,healthy,0.6452355191932734,n/a,345,5,0,0,0,0,0,0,0,0,0,0,0,0,0,0,0,0,0,0,0,0,0,0,0,0.0,0.0,0.0,182.72196222096682
233,/home/ma/AQUA-FE_WS/datasets/prepared_new/tank_short_left/frame_000233.jpg,350,5,5,0.014285714285714285,350,345,1.0,24,24,111.5,118.25714111328125,0.9571428571428572,0.005873428657650948,0.9648723602294922,0.8795599341392517,0.828105092048645,1.0656647682189941,1.1120624542236328,0.0,nan,nan,130.7683563232422,50.65533447265625,99.37033081054688,4278.8662109375,0.0,9.574142156862745e-06,0.09300443462297031,0.3317796587944031,0.0,1.0,1.0,0.9999760646446079,1.0,0.7767893569048713,1.0,0.9984432444852941,1.0,0.9686542323931526,0.031345767606847375,0.9686542323931526,0.9971014492753624,0.9971014492753624,0.12918495359272408,0.12649951837893206,0.9999989970940291,klt,n/a,0,nan,n/a,nan,n/a,n/a,n/a,n/a,n/a,n/a,n/a,False,n/a,False,n/a,False,n/a,0,0,0,0,nan,nan,nan,nan,nan,nan,nan,nan,nan,nan,0,nan,0,False,n/a,0.0,klt,healthy,normal,healthy,0.6449400192648428,n/a,345,5,0,0,0,0,0,0,0,0,0,0,0,0,0,0,0,0,0,0,0,0,0,0,0,0.0,0.0,0.0,182.5202088803053
234,/home/ma/AQUA-FE_WS/datasets/prepared_new/tank_short_left/frame_000234.jpg,350,5,5,0.014285714285714285,350,345,1.0,24,24,112.5,119.22571563720703,0.9628571428571429,0.007441082037985325,0.9600018262863159,0.8757643699645996,0.8262679576873779,1.0679688453674316,1.111515760421753,0.0,nan,nan,130.8786163330078,50.61073684692383,99.6570053100586,4345.5009765625,3.1913807189542485e-06,0.0,0.09075035843194695,0.33190780878067017,0.0,1.0,1.0,0.9999920215482027,1.0,0.7821991397633273,1.0,0.9988223805147058,1.0,0.9694362649835324,0.030563735016467586,0.9694362649835324,0.9768115942028985,0.9971014492753624,0.1987226268852231,0.13517276239067924,1.0207704683507075,klt,n/a,0,nan,n/a,nan,n/a,n/a,n/a,n/a,n/a,n/a,n/a,False,n/a,False,n/a,False,n/a,0,0,0,0,nan,nan,nan,nan,nan,nan,nan,nan,nan,nan,0,nan,0,False,n/a,0.0,klt,healthy,normal,healthy,0.6445930895043729,n/a,345,5,0,0,0,0,0,0,0,0,0,0,0,0,0,0,0,0,0,0,0,0,0,0,0,0.0,0.0,0.0,178.81118971854448
235,/home/ma/AQUA-FE_WS/datasets/prepared_new/tank_short_left/frame_000235.jpg,350,5,5,0.014285714285714285,350,345,1.0,24,24,113.5,120.16285705566406,0.9742857142857143,0.00600647646933794,0.9641870260238647,0.8798575401306152,0.8370832800865173,1.0654845237731934,1.1021361351013184,0.0,nan,nan,130.9772491455078,50.47315979003906,99.89530944824219,4365.17919921875,0.0,0.0,0.0881591886632583,0.3313370645046234,0.0,1.0,1.0,1.0,1.0,0.78841794720818,1.0,0.9986902573529411,1.0,0.9702999280503217,0.029700071949678275,0.9702999280503217,1.0,1.0,0.21906349256921218,0.13357394797912026,0.9999990000010001,klt,n/a,0,nan,n/a,nan,n/a,n/a,n/a,n/a,n/a,n/a,n/a,False,n/a,False,n/a,False,n/a,0,0,0,0,nan,nan,nan,nan,nan,nan,nan,nan,nan,nan,0,nan,0,False,n/a,0.0,klt,healthy,normal,healthy,0.6446570420808353,n/a,345,5,0,0,0,0,0,0,0,0,0,0,0,0,0,0,0,0,0,0,0,0,0,0,0,0.0,0.0,0.0,180.13562075793743
236,/home/ma/AQUA-FE_WS/datasets/prepared_new/tank_short_left/frame_000236.jpg,350,6,6,0.017142857142857144,350,344,1.0,24,24,113.5,119.8028564453125,0.9742857142857143,0.005709560588002205,0.9655590057373047,0.8856323957443237,0.8442488312721252,1.0620098114013672,1.097074031829834,0.0,nan,nan,131.05862426757812,50.443084716796875,100.1695556640625,4417.19873046875,0.0,1.914828431372549e-05,0.08673137889188882,0.3305652141571045,0.0,1.0,1.0,0.9999521292892157,1.0,0.7918446906594668,1.0,0.998385799632353,1.0,0.9707556601849725,0.029244339815027498,0.9707556601849725,1.0,1.0,0.09415995887398441,0.12003458553941551,0.9999990000010001,klt,n/a,0,nan,n/a,nan,n/a,n/a,n/a,n/a,n/a,n/a,n/a,False,n/a,False,n/a,False,n/a,0,0,0,0,nan,nan,nan,nan,nan,nan,nan,nan,nan,nan,0,nan,0,False,n/a,0.0,klt,healthy,normal,healthy,0.6451986165784234,n/a,344,6,0,0,0,0,0,0,0,0,0,0,0,0,0,0,0,0,0,0,0,0,0,0,0,0.0,0.0,0.0,181.2162990681827
237,/home/ma/AQUA-FE_WS/datasets/prepared_new/tank_short_left/frame_000237.jpg,350,5,5,0.014285714285714285,350,345,1.0,24,24,114.0,119.44000244140625,0.9714285714285714,0.004983069375157356,0.9703885316848755,0.8956102132797241,0.8538001179695129,1.05608332157135,1.0902683734893799,0.0,nan,nan,131.13865661621094,50.39231872558594,100.13797760009766,4431.92724609375,3.1913807189542485e-06,6.382761437908497e-06,0.08563547770182293,0.328948974609375,0.0,1.0,1.0,0.9999760646446079,1.0,0.794474853515625,1.0,0.9985236672794118,1.0,0.9711350272863051,0.028864972713694925,0.9711350272863051,1.0,1.0,0.11745770579332201,0.09870676333836778,0.9999990000010001,klt,n/a,0,nan,n/a,nan,n/a,n/a,n/a,n/a,n/a,n/a,n/a,False,n/a,False,n/a,False,n/a,0,0,0,0,nan,nan,nan,nan,nan,nan,nan,nan,nan,nan,0,nan,0,False,n/a,0.0,klt,healthy,normal,healthy,0.6460517294664654,n/a,345,5,0,0,0,0,0,0,0,0,0,0,0,0,0,0,0,0,0,0,0,0,0,0,0,0.0,0.0,0.0,177.66919312998652
238,/home/ma/AQUA-FE_WS/datasets/prepared_new/tank_short_left/frame_000238.jpg,350,5,5,0.014285714285714285,350,345,1.0,24,24,114.5,119.07142639160156,0.9685714285714285,0.00514399167150259,0.9675151109695435,0.8905311226844788,0.8472329378128052,1.0590872764587402,1.0944913625717163,0.0,nan,nan,131.15576171875,50.403533935546875,100.36799621582031,4432.67626953125,3.1913807189542485e-06,1.914828431372549e-05,0.08519703584558821,0.32904303073883057,0.0,1.0,1.0,0.9999441508374183,1.0,0.7955271139705883,1.0,0.9985753676470588,1.0,0.971281616115196,0.028718383884803966,0.971281616115196,1.0,1.0,0.06380096866126052,0.0975388563078424,0.9999990000010001,klt,n/a,0,nan,n/a,nan,n/a,n/a,n/a,n/a,n/a,n/a,n/a,False,n/a,False,n/a,False,n/a,0,0,0,0,nan,nan,nan,nan,nan,nan,nan,nan,nan,nan,0,nan,0,False,n/a,0.0,klt,healthy,normal,healthy,0.6460984457476864,n/a,345,5,0,0,0,0,0,0,0,0,0,0,0,0,0,0,0,0,0,0,0,0,0,0,0,0.0,0.0,0.0,180.75306108221412
239,/home/ma/AQUA-FE_WS/datasets/prepared_new/tank_short_left/frame_000239.jpg,350,8,8,0.022857142857142857,350,342,1.0,24,24,114.0,118.00285339355469,0.9628571428571429,0.004591448698192835,0.9668766260147095,0.8887419700622559,0.8475930094718933,1.0601515769958496,1.0943233966827393,0.0,nan,nan,131.07106018066406,50.36079788208008,100.38941955566406,4498.5439453125,0.0,1.2765522875816994e-05,0.0864765511307062,0.32979974150657654,0.0,1.0,1.0,0.9999680861928104,1.0,0.7924562772863051,1.0,0.998684512867647,1.0,0.9708611199352788,0.029138880064721207,0.9708611199352788,1.0,1.0,0.08305888983615153,0.10046217045047018,0.9999990000010001,klt,n/a,0,nan,n/a,nan,n/a,n/a,n/a,n/a,n/a,n/a,n/a,False,n/a,False,n/a,False,n/a,0,0,0,0,nan,nan,nan,nan,nan,nan,nan,nan,nan,nan,0,nan,0,False,n/a,0.0,klt,healthy,normal,healthy,0.6459815131819813,n/a,342,8,0,0,0,0,0,0,0,0,0,0,0,0,0,0,0,0,0,0,0,0,0,0,0,0.0,0.0,0.0,174.7215948998928
240,/home/ma/AQUA-FE_WS/datasets/prepared_new/tank_short_left/frame_000240.jpg,350,7,7,0.02,350,343,1.0,24,24,112.0,117.61714172363281,0.9628571428571429,0.00515466183423996,0.9684593677520752,0.8917245268821716,0.8452446460723877,1.0583791732788086,1.0974210500717163,0.0,nan,nan,130.9138641357422,50.373390197753906,100.54500579833984,4555.958984375,0.0,3.1913807189542485e-06,0.08923248590207573,0.3301013708114624,0.0,1.0,1.0,0.9999920215482027,1.0,0.7858420338350183,1.0,0.9988051470588235,1.0,0.9699452361462162,0.030054763853783806,0.9699452361462162,0.9912536443148688,1.0,0.3161856100677446,0.10793120726340623,1.008822511687878,klt,n/a,0,nan,n/a,nan,n/a,n/a,n/a,n/a,n/a,n/a,n/a,False,n/a,False,n/a,False,n/a,0,0,0,0,nan,nan,nan,nan,nan,nan,nan,nan,nan,nan,0,nan,0,False,n/a,0.0,klt,healthy,normal,healthy,0.6456827517094638,n/a,343,7,0,0,0,0,0,0,0,0,0,0,0,0,0,0,0,0,0,0,0,0,0,0,0,0.0,0.0,0.0,184.39181800931692
241,/home/ma/AQUA-FE_WS/datasets/prepared_new/tank_short_left/frame_000241.jpg,350,8,8,0.022857142857142857,350,342,1.0,24,24,113.0,117.36000061035156,0.96,0.004970239009708166,0.9619810581207275,0.8773874044418335,0.8434544205665588,1.0669816732406616,1.0978528261184692,0.0,nan,nan,130.70811462402344,50.37535858154297,100.62553405761719,4534.94482421875,0.0,3.1913807189542485e-06,0.09245416080250457,0.32966679334640503,0.0,1.0,1.0,0.9999920215482027,1.0,0.778110014073989,1.0,0.9988568474264706,1.0,0.9688658554017311,0.03113414459826891,0.9688658554017311,0.9970760233918129,1.0,0.09463151803858952,0.10445725903665709,1.0029315454469543,klt,n/a,0,nan,n/a,nan,n/a,n/a,n/a,n/a,n/a,n/a,n/a,False,n/a,False,n/a,False,n/a,0,0,0,0,nan,nan,nan,nan,nan,nan,nan,nan,nan,nan,0,nan,0,False,n/a,0.0,klt,healthy,normal,healthy,0.6458217096385338,n/a,342,8,0,0,0,0,0,0,0,0,0,0,0,0,0,0,0,0,0,0,0,0,0,0,0,0.0,0.0,0.0,175.23840442299843
242,/home/ma/AQUA-FE_WS/datasets/prepared_new/tank_short_left/frame_000242.jpg,350,12,12,0.03428571428571429,350,338,1.0,24,24,112.0,116.31143188476562,0.9514285714285714,0.0051301224157214165,0.9590332508087158,0.870636522769928,0.8364698886871338,1.071105718612671,1.101535677909851,0.0,nan,nan,130.50582885742188,50.432559967041016,100.75997924804688,4596.81640625,0.0,1.5956903594771243e-05,0.09572695863013173,0.3301897346973419,0.0,1.0,1.0,0.9999601077410131,1.0,0.7702552992876839,1.0,0.9985926011029411,1.0,0.9677465108953738,0.03225348910462622,0.9677465108953738,1.0,1.0,0.12739684949596602,0.11579513859988128,0.9999990000010001,klt,n/a,0,nan,n/a,nan,n/a,n/a,n/a,n/a,n/a,n/a,n/a,False,n/a,False,n/a,False,n/a,0,0,0,0,nan,nan,nan,nan,nan,nan,nan,nan,nan,nan,0,nan,0,False,n/a,0.0,klt,healthy,normal,healthy,0.6453681944560048,n/a,338,12,0,0,0,0,0,0,0,0,0,0,0,0,0,0,0,0,0,0,0,0,0,0,0,0.0,0.0,0.0,184.57028083503246
243,/home/ma/AQUA-FE_WS/datasets/prepared_new/tank_short_left/frame_000243.jpg,350,10,10,0.02857142857142857,350,340,1.0,24,24,111.5,116.53713989257812,0.9514285714285714,0.005839947611093521,0.9610309600830078,0.8749474287033081,0.8329140543937683,1.0684666633605957,1.1044842004776,0.0,nan,nan,130.4341583251953,50.46390151977539,101.0118179321289,4628.041015625,0.0,3.1913807189542485e-06,0.09593940585267306,0.3300530016422272,0.0,1.0,1.0,0.9999920215482027,1.0,0.7697454259535846,1.0,0.9987764246323529,1.0,0.9676899876972274,0.03231001230277264,0.9676899876972274,1.0,1.0,0.15778280612109763,0.11800146046125773,0.9999990000010001,klt,n/a,0,nan,n/a,nan,n/a,n/a,n/a,n/a,n/a,n/a,n/a,False,n/a,False,n/a,False,n/a,0,0,0,0,nan,nan,nan,nan,nan,nan,nan,nan,nan,nan,0,nan,0,False,n/a,0.0,klt,healthy,normal,healthy,0.6452799415815498,n/a,340,10,0,0,0,0,0,0,0,0,0,0,0,0,0,0,0,0,0,0,0,0,0,0,0,0.0,0.0,0.0,180.9583050198853
244,/home/ma/AQUA-FE_WS/datasets/prepared_new/tank_short_left/frame_000244.jpg,350,9,9,0.025714285714285714,350,341,1.0,24,24,112.5,117.51142883300781,0.9571428571428572,0.0058618756011128426,0.9628719091415405,0.8800454139709473,0.8399757742881775,1.065371036529541,1.1018649339675903,0.0,nan,nan,130.44815063476562,50.46597671508789,100.9595947265625,4637.89599609375,3.1913807189542485e-06,2.2339665032679737e-05,0.09467905979530486,0.33003488183021545,0.0,1.0,1.0,0.9999361723856209,1.0,0.7727702564912684,1.0,0.9987132352941176,1.0,0.9681029707126991,0.03189702928730087,0.9681029707126991,0.9970674486803519,1.0,0.10871978177162733,0.12316982358121374,1.0029401705805936,klt,n/a,0,nan,n/a,nan,n/a,n/a,n/a,n/a,n/a,n/a,n/a,False,n/a,False,n/a,False,n/a,0,0,0,0,nan,nan,nan,nan,nan,nan,nan,nan,nan,nan,0,nan,0,False,n/a,0.0,klt,healthy,normal,healthy,0.6450732070567515,n/a,341,9,0,0,0,0,0,0,0,0,0,0,0,0,0,0,0,0,0,0,0,0,0,0,0,0.0,0.0,0.0,180.72085129097104
245,/home/ma/AQUA-FE_WS/datasets/prepared_new/tank_short_left/frame_000245.jpg,350,9,9,0.025714285714285714,350,341,1.0,24,24,113.0,117.78857421875,0.9571428571428572,0.005426979623734951,0.9679008722305298,0.8942620754241943,0.8485241532325745,1.0568780899047852,1.094534158706665,0.0,nan,nan,130.65855407714844,50.454769134521484,100.97288513183594,4662.0888671875,6.382761437908497e-06,6.382761437908497e-06,0.09337402642941946,0.32958364486694336,0.0,1.0,1.0,0.9999680861928104,1.0,0.7759023365693933,1.0,0.9989028033088235,1.0,0.9685566656613818,0.031443334338618234,0.9685566656613818,1.0,1.0,0.1362907856658228,0.13228096659891828,0.9999990000010001,klt,n/a,0,nan,n/a,nan,n/a,n/a,n/a,n/a,n/a,n/a,n/a,False,n/a,False,n/a,False,n/a,0,0,0,0,nan,nan,nan,nan,nan,nan,nan,nan,nan,nan,0,nan,0,False,n/a,0.0,klt,healthy,normal,healthy,0.6447087613360434,n/a,341,9,0,0,0,0,0,0,0,0,0,0,0,0,0,0,0,0,0,0,0,0,0,0,0,0.0,0.0,0.0,176.55931506305933
246,/home/ma/AQUA-FE_WS/datasets/prepared_new/tank_short_left/frame_000246.jpg,350,6,6,0.017142857142857144,350,344,1.0,24,24,113.5,118.0971450805664,0.9657142857142857,0.006028881296515465,0.9628692865371704,0.8769423961639404,0.8430719971656799,1.0672520399093628,1.0972318649291992,0.0,nan,nan,130.87933349609375,50.35749435424805,100.91545104980469,4571.12646484375,0.0,3.1913807189542485e-06,0.0917700703938802,0.3284050226211548,0.0,1.0,1.0,0.9999920215482027,1.0,0.7797518310546875,1.0,0.9985064338235294,1.0,0.9690746849628524,0.03092531503714757,0.9690746849628524,1.0,1.0,0.08796450117337938,0.12687713377331689,0.9999990000010001,klt,n/a,0,nan,n/a,nan,n/a,n/a,n/a,n/a,n/a,n/a,n/a,False,n/a,False,n/a,False,n/a,0,0,0,0,nan,nan,nan,nan,nan,nan,nan,nan,nan,nan,0,nan,0,False,n/a,0.0,klt,healthy,normal,healthy,0.6449249146490674,n/a,344,6,0,0,0,0,0,0,0,0,0,0,0,0,0,0,0,0,0,0,0,0,0,0,0,0.0,0.0,0.0,181.8666490726173
247,/home/ma/AQUA-FE_WS/datasets/prepared_new/tank_short_left/frame_000247.jpg,350,9,9,0.025714285714285714,350,341,1.0,24,24,112.5,117.66000366210938,0.9628571428571429,0.005699266213923693,0.9611372947692871,0.8803015947341919,0.8411633372306824,1.0652161836624146,1.0991438627243042,0.0,nan,nan,131.1419219970703,50.29372787475586,100.91224670410156,4592.1181640625,0.0,3.1913807189542485e-06,0.09086166082643996,0.32691821455955505,0.0,1.0,1.0,0.9999920215482027,1.0,0.7819320140165441,1.0,0.9986443014705882,1.0,0.9693881826363357,0.03061181736366425,0.9693881826363357,0.9970674486803519,0.9970674486803519,0.1953122744275837,0.12368107961848819,0.9999989970598294,klt,n/a,0,nan,n/a,nan,n/a,n/a,n/a,n/a,n/a,n/a,n/a,False,n/a,False,n/a,False,n/a,0,0,0,0,nan,nan,nan,nan,nan,nan,nan,nan,nan,nan,0,nan,0,False,n/a,0.0,klt,healthy,normal,healthy,0.6450527568152605,n/a,341,9,0,0,0,0,0,0,0,0,0,0,0,0,0,0,0,0,0,0,0,0,0,0,0,0.0,0.0,0.0,174.26601890474558
248,/home/ma/AQUA-FE_WS/datasets/prepared_new/tank_short_left/frame_000248.jpg,350,7,7,0.02,350,343,1.0,24,24,112.0,117.2828598022461,0.9571428571428572,0.006298610474914312,0.9596948623657227,0.8765692710876465,0.8341178894042969,1.067478895187378,1.1048444509506226,0.0,nan,nan,131.4024200439453,50.260589599609375,100.74349212646484,4424.826171875,0.0,1.2765522875816994e-05,0.09003119973575371,0.3264668583869934,0.0,1.0,1.0,0.9999680861928104,1.0,0.7839251206341911,1.0,0.998828125,1.0,0.969675374731924,0.030324625268076,0.969675374731924,1.0,1.0,0.173924375673306,0.12179109319746045,0.9999990000010001,klt,n/a,0,nan,n/a,nan,n/a,n/a,n/a,n/a,n/a,n/a,n/a,False,n/a,False,n/a,False,n/a,0,0,0,0,nan,nan,nan,nan,nan,nan,nan,nan,nan,nan,0,nan,0,False,n/a,0.0,klt,healthy,normal,healthy,0.6451283562721016,n/a,343,7,0,0,0,0,0,0,0,0,0,0,0,0,0,0,0,0,0,0,0,0,0,0,0,0.0,0.0,0.0,182.51215992495418
249,/home/ma/AQUA-FE_WS/datasets/prepared_new/tank_short_left/frame_000249.jpg,350,8,8,0.022857142857142857,350,342,1.0,24,24,112.5,117.44285583496094,0.9542857142857143,0.005838080309331417,0.9577043056488037,0.8728851079940796,0.8348168730735779,1.0697267055511475,1.1050585508346558,0.0,nan,nan,131.60015869140625,50.19527816772461,100.83279418945312,4511.2490234375,0.0,6.382761437908497e-06,0.08887248319738046,0.3266327679157257,0.0,1.0,1.0,0.9999840430964052,1.0,0.7867060403262869,1.0,0.99892578125,1.0,0.9700724776922489,0.029927522307751087,0.9700724776922489,1.0,1.0,0.09980942924273252,0.12882921152763277,0.9999990000010001,klt,n/a,0,nan,n/a,nan,n/a,n/a,n/a,n/a,n/a,n/a,n/a,False,n/a,False,n/a,False,n/a,0,0,0,0,nan,nan,nan,nan,nan,nan,nan,nan,nan,nan,0,nan,0,False,n/a,0.0,klt,healthy,normal,healthy,0.6448468315388948,n/a,342,8,0,0,0,0,0,0,0,0,0,0,0,0,0,0,0,0,0,0,0,0,0,0,0,0.0,0.0,0.0,180.17633259296417
250,/home/ma/AQUA-FE_WS/datasets/prepared_new/tank_short_left/frame_000250.jpg,350,10,10,0.02857142857142857,350,340,1.0,24,24,112.5,117.83428192138672,0.9485714285714286,0.005469886120408773,0.965097188949585,0.8916312456130981,0.849987804889679,1.0584344863891602,1.093397617340088,0.0,nan,nan,131.69215393066406,50.24356460571289,101.05323028564453,4648.75341796875,0.0,2.2339665032679737e-05,0.08797219369925702,0.3262282609939575,0.0,1.0,1.0,0.9999441508374183,1.0,0.7888667351217832,1.0,0.9987074908088235,1.0,0.9703570904660692,0.029642909533930784,0.9703570904660692,1.0,1.0,0.16553944881809757,0.11538664298487003,0.9999990000010001,klt,n/a,0,nan,n/a,nan,n/a,n/a,n/a,n/a,n/a,n/a,n/a,False,n/a,False,n/a,False,n/a,0,0,0,0,nan,nan,nan,nan,nan,nan,nan,nan,nan,nan,0,nan,0,False,n/a,0.0,klt,healthy,normal,healthy,0.6453845342806053,n/a,340,10,0,0,0,0,0,0,0,0,0,0,0,0,0,0,0,0,0,0,0,0,0,0,0,0.0,0.0,0.0,180.00436993315816
251,/home/ma/AQUA-FE_WS/datasets/prepared_new/tank_short_left/frame_000251.jpg,350,9,9,0.025714285714285714,350,341,1.0,24,24,113.0,117.605712890625,0.9571428571428572,0.004810200072824955,0.9648706912994385,0.8863754868507385,0.8441058993339539,1.061564326286316,1.0988667011260986,0.0,nan,nan,131.6412353515625,50.25004196166992,101.12770080566406,4698.9814453125,0.0,3.1913807189542485e-06,0.0877710918351716,0.32685887813568115,0.0,1.0,1.0,0.9999920215482027,1.0,0.7893493795955882,1.0,0.9989315257352941,1.0,0.9704438472732844,0.029556152726715634,0.9704438472732844,0.9970674486803519,1.0,0.0669575671401614,0.10989895872565089,1.0029401705805936,klt,n/a,0,nan,n/a,nan,n/a,n/a,n/a,n/a,n/a,n/a,n/a,False,n/a,False,n/a,False,n/a,0,0,0,0,nan,nan,nan,nan,nan,nan,nan,nan,nan,nan,0,nan,0,False,n/a,0.0,klt,healthy,normal,healthy,0.6456040416509741,n/a,341,9,0,0,0,0,0,0,0,0,0,0,0,0,0,0,0,0,0,0,0,0,0,0,0,0.0,0.0,0.0,178.7199596874416
252,/home/ma/AQUA-FE_WS/datasets/prepared_new/tank_short_left/frame_000252.jpg,350,9,9,0.025714285714285714,350,341,1.0,24,24,112.5,117.15714263916016,0.9571428571428572,0.005018338561058044,0.9642311930656433,0.8882733583450317,0.8446943163871765,1.0604310035705566,1.0985227823257446,0.0,nan,nan,131.56808471679688,50.23088836669922,101.35660552978516,4625.69580078125,0.0,6.382761437908497e-06,0.08750938565123319,0.3265857696533203,0.0,1.0,1.0,0.9999840430964052,1.0,0.7899774744370404,1.0,0.9986500459558824,1.0,0.9705139343501072,0.029486065649892756,0.9705139343501072,1.0,0.9501466275659824,0.11274187048398995,0.12326626161065025,0.9501456774203051,klt,n/a,0,nan,n/a,nan,n/a,n/a,n/a,n/a,n/a,n/a,n/a,False,n/a,False,n/a,False,n/a,0,0,0,0,nan,nan,nan,nan,nan,nan,nan,nan,nan,nan,0,nan,0,False,n/a,0.0,klt,healthy,normal,healthy,0.645069349535574,n/a,341,9,0,0,0,0,0,0,0,0,0,0,0,0,0,0,0,0,0,0,0,0,0,0,0,0.0,0.0,0.0,179.383410140872
253,/home/ma/AQUA-FE_WS/datasets/prepared_new/tank_short_left/frame_000253.jpg,350,9,9,0.025714285714285714,350,341,1.0,24,24,113.0,117.00285339355469,0.9514285714285714,0.004516627639532089,0.9673172235488892,0.8909736275672913,0.8538737893104553,1.0588245391845703,1.0920823812484741,0.0,nan,nan,131.59152221679688,50.26835632324219,101.36700439453125,4641.3037109375,0.0,2.2339665032679737e-05,0.08782698089001222,0.32724905014038086,0.0,1.0,1.0,0.9999441508374183,1.0,0.7892152458639707,1.0,0.9987132352941176,1.0,0.9704062266390932,0.02959377336090685,0.9704062266390932,1.0,0.9794721407624634,0.09748452662510249,0.10453279253420307,0.9794711612913022,klt,n/a,0,nan,n/a,nan,n/a,n/a,n/a,n/a,n/a,n/a,n/a,False,n/a,False,n/a,False,n/a,0,0,0,0,nan,nan,nan,nan,nan,nan,nan,nan,nan,nan,0,nan,0,False,n/a,0.0,klt,healthy,normal,healthy,0.6458186882986319,n/a,341,9,0,0,0,0,0,0,0,0,0,0,0,0,0,0,0,0,0,0,0,0,0,0,0,0.0,0.0,0.0,171.9391429796815
254,/home/ma/AQUA-FE_WS/datasets/prepared_new/tank_short_left/frame_000254.jpg,350,9,9,0.025714285714285714,350,341,1.0,24,24,114.0,117.97428894042969,0.9542857142857143,0.005595128983259201,0.9648212790489197,0.8860855102539062,0.8485928177833557,1.0617377758026123,1.0941839218139648,0.0,nan,nan,131.6875457763672,50.25724411010742,101.44024658203125,4565.97705078125,0.0,9.574142156862745e-06,0.08841406130323218,0.32660406827926636,0.0,1.0,1.0,0.9999760646446079,1.0,0.7878062528722428,1.0,0.998684512867647,1.0,0.9702110739315257,0.029788926068474275,0.9702110739315257,1.0,0.9765395894428153,0.15551690130166193,0.11099611970891615,0.9765386129042024,klt,n/a,0,nan,n/a,nan,n/a,n/a,n/a,n/a,n/a,n/a,n/a,False,n/a,False,n/a,False,n/a,0,0,0,0,nan,nan,nan,nan,nan,nan,nan,nan,nan,nan,0,nan,0,False,n/a,0.0,klt,healthy,normal,healthy,0.6455601552116434,n/a,341,9,0,0,0,0,0,0,0,0,0,0,0,0,0,0,0,0,0,0,0,0,0,0,0,0.0,0.0,0.0,171.17039998993278
255,/home/ma/AQUA-FE_WS/datasets/prepared_new/tank_short_left/frame_000255.jpg,350,7,7,0.02,350,343,1.0,24,24,115.0,118.13999938964844,0.9571428571428572,0.006774268113076687,0.9677312970161438,0.8888159394264221,0.8404788374900818,1.0601075887680054,1.1026103496551514,0.0,nan,nan,131.86512756347656,50.164588928222656,101.10962677001953,4364.30859375,0.0,1.5956903594771243e-05,0.09090738034715844,0.3254144489765167,0.0,1.0,1.0,0.9999601077410131,1.0,0.7818222871668198,1.0,0.9985409007352941,1.0,0.9693627871763939,0.030637212823606097,0.9693627871763939,1.0,1.0,0.1142216162487342,0.12971311969476224,0.9999990000010001,klt,n/a,0,nan,n/a,nan,n/a,n/a,n/a,n/a,n/a,n/a,n/a,False,n/a,False,n/a,False,n/a,0,0,0,0,nan,nan,nan,nan,nan,nan,nan,nan,nan,nan,0,nan,0,False,n/a,0.0,klt,healthy,normal,healthy,0.6448114752122096,n/a,343,7,0,0,0,0,0,0,0,0,0,0,0,0,0,0,0,0,0,0,0,0,0,0,0,0.0,0.0,0.0,174.2590102367103
256,/home/ma/AQUA-FE_WS/datasets/prepared_new/tank_short_left/frame_000256.jpg,350,9,9,0.025714285714285714,350,341,1.0,24,24,113.5,116.90571594238281,0.9514285714285714,0.006660103797912598,0.9644144773483276,0.8854336738586426,0.8340407609939575,1.0621281862258911,1.106781005859375,0.0,nan,nan,132.01339721679688,50.050437927246094,100.88150024414062,4276.96875,0.0,1.2765522875816994e-05,0.09236872654335175,0.32399651408195496,0.0,1.0,1.0,0.9999680861928104,1.0,0.7783150562959558,1.0,0.9985581341911764,1.0,0.9688737662760416,0.031126233723958396,0.9688737662760416,1.0,1.0,0.18969652055785172,0.13468776558720155,0.9999990000010001,klt,n/a,0,nan,n/a,nan,n/a,n/a,n/a,n/a,n/a,n/a,n/a,False,n/a,False,n/a,False,n/a,0,0,0,0,nan,nan,nan,nan,nan,nan,nan,nan,nan,nan,0,nan,0,False,n/a,0.0,klt,healthy,normal,healthy,0.6446124893765119,n/a,341,9,0,0,0,0,0,0,0,0,0,0,0,0,0,0,0,0,0,0,0,0,0,0,0,0.0,0.0,0.0,176.25399120151997
257,/home/ma/AQUA-FE_WS/datasets/prepared_new/tank_short_left/frame_000257.jpg,350,10,10,0.02857142857142857,350,340,1.0,24,24,113.0,115.68285369873047,0.9457142857142857,0.006475651171058416,0.9611142873764038,0.8830078840255737,0.8411237597465515,1.063584327697754,1.0999852418899536,0.0,nan,nan,132.1579132080078,50.012088775634766,100.63418579101562,4263.9638671875,0.0,6.382761437908497e-06,0.09113981957529099,0.3228924870491028,0.0,1.0,1.0,0.9999840430964052,1.0,0.7812644330193016,1.0,0.9985179227941177,1.0,0.969286181161918,0.030713818838081997,0.969286181161918,1.0,1.0,0.12195716779225542,0.12599605891835974,0.9999990000010001,klt,n/a,0,nan,n/a,nan,n/a,n/a,n/a,n/a,n/a,n/a,n/a,False,n/a,False,n/a,False,n/a,0,0,0,0,nan,nan,nan,nan,nan,nan,nan,nan,nan,nan,0,nan,0,False,n/a,0.0,klt,healthy,normal,healthy,0.6449601576432656,n/a,340,10,0,0,0,0,0,0,0,0,0,0,0,0,0,0,0,0,0,0,0,0,0,0,0,0.0,0.0,0.0,184.12919621914625
258,/home/ma/AQUA-FE_WS/datasets/prepared_new/tank_short_left/frame_000258.jpg,350,14,14,0.04,350,336,1.0,24,24,112.5,114.33428192138672,0.9428571428571428,0.006157489027827978,0.961196780204773,0.8844510316848755,0.8419865965843201,1.062717318534851,1.0989488363265991,0.0,nan,nan,132.23342895507812,49.98295974731445,100.56989288330078,4291.7646484375,3.1913807189542485e-06,3.1913807189542485e-06,0.09016772401099114,0.32236436009407043,0.0,1.0,1.0,0.9999840430964052,1.0,0.7835974623736213,1.0,0.9983800551470589,1.0,0.9696045332126992,0.030395466787300762,0.9696045332126992,1.0,1.0,0.09125744192087135,0.1317051030926666,0.9999990000010001,klt,n/a,0,nan,n/a,nan,n/a,n/a,n/a,n/a,n/a,n/a,n/a,False,n/a,False,n/a,False,n/a,0,0,0,0,nan,nan,nan,nan,nan,nan,nan,nan,nan,nan,0,nan,0,False,n/a,0.0,klt,healthy,normal,healthy,0.6447317958762934,n/a,336,14,0,0,0,0,0,0,0,0,0,0,0,0,0,0,0,0,0,0,0,0,0,0,0,0.0,0.0,0.0,187.75718426331878
259,/home/ma/AQUA-FE_WS/datasets/prepared_new/tank_short_left/frame_000259.jpg,350,13,13,0.037142857142857144,350,337,1.0,24,24,112.0,114.30000305175781,0.9428571428571428,0.0056460206396877766,0.9640098810195923,0.8887548446655273,0.8411997556686401,1.0601439476013184,1.1015721559524536,0.0,nan,nan,132.1559295654297,49.96794509887695,100.37346649169922,4407.57373046875,3.1913807189542485e-06,0.0,0.08919951495002298,0.320681095123291,0.0,1.0,1.0,0.9999920215482027,1.0,0.7859211641199448,1.0,0.9985121783088236,1.0,0.969938736261106,0.03006126373889395,0.969938736261106,0.9940652818991098,0.9762611275964391,0.17008990945263736,0.12195440003277887,0.9820885642870263,klt,n/a,0,nan,n/a,nan,n/a,n/a,n/a,n/a,n/a,n/a,n/a,False,n/a,False,n/a,False,n/a,0,0,0,0,nan,nan,nan,nan,nan,nan,nan,nan,nan,nan,0,nan,0,False,n/a,0.0,klt,healthy,normal,healthy,0.6451218239986889,n/a,337,13,0,0,0,0,0,0,0,0,0,0,0,0,0,0,0,0,0,0,0,0,0,0,0,0.0,0.0,0.0,200.95180114731193
260,/home/ma/AQUA-FE_WS/datasets/prepared_new/tank_short_left/frame_000260.jpg,350,11,11,0.03142857142857143,350,339,1.0,24,24,111.0,113.78857421875,0.9428571428571428,0.005732769146561623,0.9660024642944336,0.8862440586090088,0.8360482454299927,1.0616430044174194,1.107826590538025,0.0,nan,nan,132.07659912109375,49.94139862060547,100.26800537109375,4307.9462890625,0.0,6.382761437908497e-06,0.08930100684072455,0.32081836462020874,0.0,1.0,1.0,0.9999840430964052,1.0,0.7856775835822611,1.0,0.9986730238970588,1.0,0.9699133283069088,0.030086671693091205,0.9699133283069088,0.9941002949852508,1.0,0.10576909182259144,0.1325015003059164,1.005933706197251,klt,n/a,0,nan,n/a,nan,n/a,n/a,n/a,n/a,n/a,n/a,n/a,False,n/a,False,n/a,False,n/a,0,0,0,0,nan,nan,nan,nan,nan,nan,nan,nan,nan,nan,0,nan,0,False,n/a,0.0,klt,healthy,normal,healthy,0.6446999399877634,n/a,339,11,0,0,0,0,0,0,0,0,0,0,0,0,0,0,0,0,0,0,0,0,0,0,0,0.0,0.0,0.0,190.12334011495113
261,/home/ma/AQUA-FE_WS/datasets/prepared_new/tank_short_left/frame_000261.jpg,350,10,10,0.02857142857142857,350,340,1.0,24,24,111.0,113.76000213623047,0.9371428571428572,0.006319238804280758,0.9605482816696167,0.8778930306434631,0.829445481300354,1.0666747093200684,1.111421823501587,0.0,nan,nan,132.0074005126953,50.0050163269043,99.55573272705078,4405.46435546875,0.0,1.2765522875816994e-05,0.09081995047774971,0.32172390818595886,0.0,1.0,1.0,0.9999680861928104,1.0,0.7820321188534007,1.0,0.9985753676470588,1.0,0.969395189041437,0.030604810958563045,0.969395189041437,1.0,1.0,0.14735930404096897,0.12946113213517418,0.9999990000010001,klt,n/a,0,nan,n/a,nan,n/a,n/a,n/a,n/a,n/a,n/a,n/a,False,n/a,False,n/a,False,n/a,0,0,0,0,nan,nan,nan,nan,nan,nan,nan,nan,nan,nan,0,nan,0,False,n/a,0.0,klt,healthy,normal,healthy,0.6448215547145931,n/a,340,10,0,0,0,0,0,0,0,0,0,0,0,0,0,0,0,0,0,0,0,0,0,0,0,0.0,0.0,0.0,183.67885937914252
262,/home/ma/AQUA-FE_WS/datasets/prepared_new/tank_short_left/frame_000262.jpg,350,14,14,0.04,350,336,1.0,24,24,106.5,110.94000244140625,0.9314285714285714,0.0064385924488306046,0.9611005187034607,0.8769983053207397,0.832413911819458,1.0672180652618408,1.1078431606292725,0.0,nan,nan,131.8243865966797,49.98838806152344,99.27470397949219,4234.85009765625,0.0,3.1913807189542485e-06,0.09290504904354316,0.3206362724304199,0.0,1.0,1.0,0.9999920215482027,1.0,0.7770278822954965,1.0,0.9986385569852941,1.0,0.9687012595262714,0.0312987404737286,0.9687012595262714,0.9940476190476191,1.0,0.1822822071202799,0.13648382042751445,1.0059870119412095,klt,n/a,0,nan,n/a,nan,n/a,n/a,n/a,n/a,n/a,n/a,n/a,False,n/a,False,n/a,False,n/a,0,0,0,0,nan,nan,nan,nan,nan,nan,nan,nan,nan,nan,0,nan,0,False,n/a,0.0,klt,healthy,normal,healthy,0.6445406471828995,n/a,336,14,0,0,0,0,0,0,0,0,0,0,0,0,0,0,0,0,0,0,0,0,0,0,0,0.0,0.0,0.0,191.25658785924315
263,/home/ma/AQUA-FE_WS/datasets/prepared_new/tank_short_left/frame_000263.jpg,350,12,12,0.03428571428571429,350,338,1.0,24,24,104.5,110.2057113647461,0.9314285714285714,0.006346657872200012,0.962981104850769,0.8765414953231812,0.8275802135467529,1.0674958229064941,1.1138365268707275,0.0,nan,nan,131.69090270996094,49.98843765258789,98.67263793945312,4314.15185546875,0.0,1.5956903594771243e-05,0.09524115768133425,0.32017117738723755,0.0,1.0,1.0,0.9999601077410131,1.0,0.7714212215647978,1.0,0.9981387867647059,1.0,0.9678825111538756,0.03211748884612442,0.9678825111538756,1.0,1.0,0.11665282823097298,0.1475126240328202,0.9999990000010001,klt,n/a,0,nan,n/a,nan,n/a,n/a,n/a,n/a,n/a,n/a,n/a,False,n/a,False,n/a,False,n/a,0,0,0,0,nan,nan,nan,nan,nan,nan,nan,nan,nan,nan,0,nan,0,False,n/a,0.0,klt,healthy,normal,healthy,0.6440994950386872,n/a,338,12,0,0,0,0,0,0,0,0,0,0,0,0,0,0,0,0,0,0,0,0,0,0,0,0.0,0.0,0.0,187.5741807743907
264,/home/ma/AQUA-FE_WS/datasets/prepared_new/tank_short_left/frame_000264.jpg,350,11,11,0.03142857142857143,350,339,1.0,24,24,102.5,109.80571746826172,0.9342857142857143,0.006498870439827442,0.9661393165588379,0.8816964626312256,0.8305138945579529,1.0643742084503174,1.110163688659668,0.0,nan,nan,131.63687133789062,49.96416091918945,98.58306884765625,4309.56298828125,0.0,9.574142156862745e-06,0.09617887908337165,0.31944602727890015,0.0,1.0,1.0,0.9999760646446079,1.0,0.769170690199908,1.0,0.9984145220588235,1.0,0.9675858957088694,0.03241410429113056,0.9675858957088694,0.9970501474926253,0.9970501474926253,0.11043724279129764,0.1361382905153187,0.999998997042426,klt,n/a,0,nan,n/a,nan,n/a,n/a,n/a,n/a,n/a,n/a,n/a,False,n/a,False,n/a,False,n/a,0,0,0,0,nan,nan,nan,nan,nan,nan,nan,nan,nan,nan,0,nan,0,False,n/a,0.0,klt,healthy,normal,healthy,0.6445544683793873,n/a,339,11,0,0,0,0,0,0,0,0,0,0,0,0,0,0,0,0,0,0,0,0,0,0,0,0.0,0.0,0.0,175.53272005170584
265,/home/ma/AQUA-FE_WS/datasets/prepared_new/tank_short_left/frame_000265.jpg,350,8,8,0.022857142857142857,350,342,1.0,24,24,103.5,110.77999877929688,0.94,0.005597177892923355,0.9647597074508667,0.8824940323829651,0.8283361792564392,1.0638935565948486,1.1136863231658936,0.0,nan,nan,131.59132385253906,49.88929748535156,98.40672302246094,4361.208984375,0.0,0.0,0.09687655280618107,0.31859326362609863,0.0,1.0,1.0,1.0,1.0,0.7674962732651655,1.0,0.9982134650735294,1.0,0.9673422861615348,0.03265771383846516,0.9673422861615348,1.0,1.0,0.16129474483952597,0.1214795802083347,0.9999990000010001,klt,n/a,0,nan,n/a,nan,n/a,n/a,n/a,n/a,n/a,n/a,n/a,False,n/a,False,n/a,False,n/a,0,0,0,0,nan,nan,nan,nan,nan,nan,nan,nan,nan,nan,0,nan,0,False,n/a,0.0,klt,healthy,normal,healthy,0.6451408167916667,n/a,342,8,0,0,0,0,0,0,0,0,0,0,0,0,0,0,0,0,0,0,0,0,0,0,0,0.0,0.0,0.0,183.97166393697262
266,/home/ma/AQUA-FE_WS/datasets/prepared_new/tank_short_left/frame_000266.jpg,350,7,7,0.02,350,343,1.0,24,24,102.0,110.5057144165039,0.9514285714285714,0.005580250173807144,0.9641730785369873,0.880218505859375,0.8268035054206848,1.0652663707733154,1.1132420301437378,0.0,nan,nan,131.58786010742188,49.90961456298828,98.2464370727539,4409.74560546875,0.0,9.574142156862745e-06,0.0978008793849571,0.31817081570625305,0.0,1.0,1.0,0.9999760646446079,1.0,0.765277889476103,1.0,0.9979147518382353,1.0,0.9670109173943016,0.03298908260569844,0.9670109173943016,1.0,1.0,0.09942692884403727,0.11944525895909403,0.9999990000010001,klt,n/a,0,nan,n/a,nan,n/a,n/a,n/a,n/a,n/a,n/a,n/a,False,n/a,False,n/a,False,n/a,0,0,0,0,nan,nan,nan,nan,nan,nan,nan,nan,nan,nan,0,nan,0,False,n/a,0.0,klt,healthy,normal,healthy,0.6452221896416362,n/a,343,7,0,0,0,0,0,0,0,0,0,0,0,0,0,0,0,0,0,0,0,0,0,0,0,0.0,0.0,0.0,180.24276522919536
267,/home/ma/AQUA-FE_WS/datasets/prepared_new/tank_short_left/frame_000267.jpg,350,7,7,0.02,350,343,1.0,24,24,100.0,109.2028579711914,0.9514285714285714,0.006172741297632456,0.9660654067993164,0.8853306770324707,0.8320828080177307,1.0621898174285889,1.1092839241027832,0.0,nan,nan,131.50323486328125,49.86205291748047,98.33348083496094,4491.4541015625,0.0,1.2765522875816994e-05,0.0985303572112438,0.31819987297058105,0.0,1.0,1.0,0.9999680861928104,1.0,0.7635271426930149,1.0,0.9982881433823529,1.0,0.9667872589231006,0.03321274107689942,0.9667872589231006,1.0,0.9941690962099126,0.09769597000062248,0.1095466245618944,0.9941681020418106,klt,n/a,0,nan,n/a,nan,n/a,n/a,n/a,n/a,n/a,n/a,n/a,False,n/a,False,n/a,False,n/a,0,0,0,0,nan,nan,nan,nan,nan,nan,nan,nan,nan,nan,0,nan,0,False,n/a,0.0,klt,healthy,normal,healthy,0.6456181350175243,n/a,343,7,0,0,0,0,0,0,0,0,0,0,0,0,0,0,0,0,0,0,0,0,0,0,0,0.0,0.0,0.0,180.09323300793767
268,/home/ma/AQUA-FE_WS/datasets/prepared_new/tank_short_left/frame_000268.jpg,350,8,8,0.022857142857142857,350,342,1.0,24,24,100.5,108.65714263916016,0.9571428571428572,0.0056286160834133625,0.9635076522827148,0.8791263103485107,0.8284381031990051,1.065927267074585,1.1127392053604126,0.0,nan,nan,131.42874145507812,49.797882080078125,98.11589813232422,4586.7314453125,0.0,2.2339665032679737e-05,0.0995076317880668,0.31768107414245605,0.0,1.0,1.0,0.9999441508374183,1.0,0.7611816837086397,1.0,0.9981617647058824,1.0,0.9664484397020527,0.03355156029794726,0.9664484397020527,0.9970760233918129,1.0,0.16307013406791981,0.10975162942321767,1.0029315454469543,klt,n/a,0,nan,n/a,nan,n/a,n/a,n/a,n/a,n/a,n/a,n/a,False,n/a,False,n/a,False,n/a,0,0,0,0,nan,nan,nan,nan,nan,nan,nan,nan,nan,nan,0,nan,0,False,n/a,0.0,klt,healthy,normal,healthy,0.6456099348230714,n/a,342,8,0,0,0,0,0,0,0,0,0,0,0,0,0,0,0,0,0,0,0,0,0,0,0,0.0,0.0,0.0,176.53787834569812
269,/home/ma/AQUA-FE_WS/datasets/prepared_new/tank_short_left/frame_000269.jpg,350,10,10,0.02857142857142857,350,340,1.0,24,24,100.0,108.72571563720703,0.9571428571428572,0.005539496894925833,0.9612963199615479,0.8756941556930542,0.8267247080802917,1.0680115222930908,1.1125917434692383,0.0,nan,nan,131.37237548828125,49.79419708251953,98.30281066894531,4746.0400390625,3.1913807189542485e-06,9.574142156862745e-06,0.09940757901060818,0.31730082631111145,0.0,1.0,1.0,0.9999680861928104,1.0,0.7614218103745404,1.0,0.9979721966911764,1.0,0.9664735555970436,0.03352644440295638,0.9664735555970436,0.9970588235294118,1.0,0.10571408443544028,0.12684360506123968,1.0029488465999767,klt,n/a,0,nan,n/a,nan,n/a,n/a,n/a,n/a,n/a,n/a,n/a,False,n/a,False,n/a,False,n/a,0,0,0,0,nan,nan,nan,nan,nan,nan,nan,nan,nan,nan,0,nan,0,False,n/a,0.0,klt,healthy,normal,healthy,0.6449262557975505,n/a,340,10,0,0,0,0,0,0,0,0,0,0,0,0,0,0,0,0,0,0,0,0,0,0,0,0.0,0.0,0.0,179.4378631748259
270,/home/ma/AQUA-FE_WS/datasets/prepared_new/tank_short_left/frame_000270.jpg,350,7,7,0.02,350,343,1.0,24,24,98.0,109.19428253173828,0.9657142857142857,0.005727595649659634,0.9650737047195435,0.8793269991874695,0.8337743878364563,1.0658056735992432,1.106953501701355,0.0,nan,nan,131.3001708984375,49.72467803955078,98.14203643798828,4807.89892578125,0.0,9.574142156862745e-06,0.09899055929744949,0.3167971968650818,0.0,1.0,1.0,0.9999760646446079,1.0,0.7624226576861213,1.0,0.9980526194852941,1.0,0.9666194570025275,0.033380542997472507,0.9666194570025275,1.0,0.9912536443148688,0.10576211121710367,0.12359901598760432,0.9912526530622159,klt,n/a,0,nan,n/a,nan,n/a,n/a,n/a,n/a,n/a,n/a,n/a,False,n/a,False,n/a,False,n/a,0,0,0,0,nan,nan,nan,nan,nan,nan,nan,nan,nan,nan,0,nan,0,False,n/a,0.0,klt,healthy,normal,healthy,0.6450560393604958,n/a,343,7,0,0,0,0,0,0,0,0,0,0,0,0,0,0,0,0,0,0,0,0,0,0,0,0.0,0.0,0.0,178.66420978680253
271,/home/ma/AQUA-FE_WS/datasets/prepared_new/tank_short_left/frame_000271.jpg,350,8,8,0.022857142857142857,350,342,1.0,24,24,97.0,109.4000015258789,0.9628571428571429,0.006250889040529728,0.9653257131576538,0.8882670402526855,0.8389272689819336,1.0604345798492432,1.102311611175537,0.0,nan,nan,131.3271026611328,49.660186767578125,97.79193115234375,4626.30908203125,3.1913807189542485e-06,1.2765522875816994e-05,0.10021984923119642,0.31541723012924194,0.0,1.0,1.0,0.9999601077410131,1.0,0.7594723618451286,1.0,0.9982249540441176,1.0,0.9662148408298865,0.03378515917011349,0.9662148408298865,1.0,1.0,0.07949190498133274,0.14071867863512616,0.9999990000010001,klt,n/a,0,nan,n/a,nan,n/a,n/a,n/a,n/a,n/a,n/a,n/a,False,n/a,False,n/a,False,n/a,0,0,0,0,nan,nan,nan,nan,nan,nan,nan,nan,nan,nan,0,nan,0,False,n/a,0.0,klt,healthy,normal,healthy,0.6443712528545951,n/a,342,8,0,0,0,0,0,0,0,0,0,0,0,0,0,0,0,0,0,0,0,0,0,0,0,0.0,0.0,0.0,179.60588494315743
272,/home/ma/AQUA-FE_WS/datasets/prepared_new/tank_short_left/frame_000272.jpg,350,10,10,0.02857142857142857,350,340,1.0,24,24,97.0,109.62285614013672,0.9542857142857143,0.006759194191545248,0.9601418972015381,0.8733391761779785,0.8302035927772522,1.0694489479064941,1.1090043783187866,0.0,nan,nan,131.3280792236328,49.57780075073242,97.1141586303711,4581.24658203125,0.0,1.2765522875816994e-05,0.10079580269607845,0.3133634626865387,0.0,1.0,1.0,0.9999680861928104,1.0,0.7580900735294117,1.0,0.9977194393382353,1.0,0.9659919469975491,0.03400805300245091,0.9659919469975491,1.0,1.0,0.09147144565822787,0.14147384020662998,0.9999990000010001,klt,n/a,0,nan,n/a,nan,n/a,n/a,n/a,n/a,n/a,n/a,n/a,False,n/a,False,n/a,False,n/a,0,0,0,0,nan,nan,nan,nan,nan,nan,nan,nan,nan,nan,0,nan,0,False,n/a,0.0,klt,healthy,normal,healthy,0.6443410463917348,n/a,340,10,0,0,0,0,0,0,0,0,0,0,0,0,0,0,0,0,0,0,0,0,0,0,0,0.0,0.0,0.0,177.63391509652138
273,/home/ma/AQUA-FE_WS/datasets/prepared_new/tank_short_left/frame_000273.jpg,350,9,9,0.025714285714285714,350,341,1.0,24,24,94.5,108.9142837524414,0.9571428571428572,0.006033196579664946,0.964673638343811,0.882459282875061,0.8329445123672485,1.0639145374298096,1.1102784872055054,0.0,nan,nan,131.3550262451172,49.40840148925781,96.10200500488281,4244.63623046875,3.1913807189542485e-06,1.914828431372549e-05,0.10258528167126223,0.31036511063575745,0.0,1.0,1.0,0.9999441508374183,1.0,0.7537953239889706,1.0,0.9976677389705882,1.0,0.9653847077971813,0.03461529220281867,0.9653847077971813,1.0,1.0,0.13622873757415424,0.12153379475444784,0.9999990000010001,klt,n/a,0,nan,n/a,nan,n/a,n/a,n/a,n/a,n/a,n/a,n/a,False,n/a,False,n/a,False,n/a,0,0,0,0,nan,nan,nan,nan,nan,nan,nan,nan,nan,nan,0,nan,0,False,n/a,0.0,klt,healthy,normal,healthy,0.6451386482098221,n/a,341,9,0,0,0,0,0,0,0,0,0,0,0,0,0,0,0,0,0,0,0,0,0,0,0,0.0,0.0,0.0,184.49150305241346
274,/home/ma/AQUA-FE_WS/datasets/prepared_new/tank_short_left/frame_000274.jpg,350,17,17,0.04857142857142857,350,333,1.0,24,24,91.0,106.11714172363281,0.9342857142857143,0.006040501408278942,0.9648205041885376,0.8847712278366089,0.8381078839302063,1.0625251531600952,1.1042536497116089,0.0,nan,nan,131.297607421875,49.31096267700195,95.30738067626953,4173.82763671875,0.0,1.914828431372549e-05,0.10354695039636944,0.30745506286621094,0.0,1.0,1.0,0.9999521292892157,1.0,0.7514873190487134,1.0,0.9978343290441176,1.0,0.9650725399241729,0.034927460075827144,0.9650725399241729,1.0,1.0,0.16623493499166517,0.10384432711683976,0.9999990000010001,klt,n/a,0,nan,n/a,nan,n/a,n/a,n/a,n/a,n/a,n/a,n/a,False,n/a,False,n/a,False,n/a,0,0,0,0,nan,nan,nan,nan,nan,nan,nan,nan,nan,nan,0,nan,0,False,n/a,0.0,klt,healthy,normal,healthy,0.6458462269153264,n/a,333,17,0,0,0,0,0,0,0,0,0,0,0,0,0,0,0,0,0,0,0,0,0,0,0,0.0,0.0,0.0,180.24174589663744
275,/home/ma/AQUA-FE_WS/datasets/prepared_new/tank_short_left/frame_000275.jpg,350,18,18,0.05142857142857143,350,332,1.0,24,24,90.0,105.18856811523438,0.9257142857142857,0.005970201455056667,0.9621181488037109,0.8766341209411621,0.8329802751541138,1.0674394369125366,1.1079858541488647,0.0,nan,nan,131.1903076171875,49.169559478759766,94.8144760131836,4073.50927734375,0.0,1.2765522875816994e-05,0.10897930070465688,0.30570030212402344,0.0,1.0,1.0,0.9999680861928104,1.0,0.7384496783088235,1.0,0.9975183823529412,1.0,0.9632302282475491,0.036769771752450886,0.9632302282475491,1.0,1.0,0.12019682255720962,0.10891579111361782,0.9999990000010001,klt,n/a,0,nan,n/a,nan,n/a,n/a,n/a,n/a,n/a,n/a,n/a,False,n/a,False,n/a,False,n/a,0,0,0,0,nan,nan,nan,nan,nan,nan,nan,nan,nan,nan,0,nan,0,False,n/a,0.0,klt,healthy,normal,healthy,0.6456433683554553,n/a,332,18,0,0,0,0,0,0,0,0,0,0,0,0,0,0,0,0,0,0,0,0,0,0,0,0.0,0.0,0.0,179.8534388653934
276,/home/ma/AQUA-FE_WS/datasets/prepared_new/tank_short_left/frame_000276.jpg,350,16,16,0.045714285714285714,350,334,1.0,24,24,91.0,105.69428253173828,0.92,0.006238486617803574,0.9644536972045898,0.8801128268241882,0.8306187391281128,1.0653302669525146,1.111305594444275,0.0,nan,nan,131.04104614257812,49.08229446411133,94.20088195800781,4156.76611328125,0.0,6.382761437908497e-06,0.11351822198606006,0.30359506607055664,0.0,1.0,1.0,0.9999840430964052,1.0,0.7275562672334559,1.0,0.9975241268382353,1.0,0.9617074101945466,0.03829258980545336,0.9617074101945466,0.9970059880239521,1.0,0.08193718801244744,0.10922165302284009,1.0030019969889878,klt,n/a,0,nan,n/a,nan,n/a,n/a,n/a,n/a,n/a,n/a,n/a,False,n/a,False,n/a,False,n/a,0,0,0,0,nan,nan,nan,nan,nan,nan,nan,nan,nan,nan,0,nan,0,False,n/a,0.0,klt,healthy,normal,healthy,0.6456311338790864,n/a,334,16,0,0,0,0,0,0,0,0,0,0,0,0,0,0,0,0,0,0,0,0,0,0,0,0.0,0.0,0.0,177.99302004277706
277,/home/ma/AQUA-FE_WS/datasets/prepared_new/tank_short_left/frame_000277.jpg,350,15,15,0.04285714285714286,350,335,1.0,24,24,81.0,105.2057113647461,0.9142857142857143,0.006696049589663744,0.963485598564148,0.8778558373451233,0.8291593790054321,1.066697359085083,1.1148791313171387,0.0,nan,nan,130.83665466308594,48.990840911865234,93.85147094726562,4171.93603515625,0.0,3.1913807189542485e-05,0.11582080616670497,0.30300629138946533,0.0,1.0,1.0,0.9999202154820261,1.0,0.7220300651999081,1.0,0.997265625,1.0,0.9609105724858302,0.03908942751416977,0.9609105724858302,0.991044776119403,0.9970149253731343,0.2006008665519207,0.11628010056491886,1.0060230812718909,klt,n/a,0,nan,n/a,nan,n/a,n/a,n/a,n/a,n/a,n/a,n/a,False,n/a,False,n/a,False,n/a,0,0,0,0,nan,nan,nan,nan,nan,nan,nan,nan,nan,nan,0,nan,0,False,n/a,0.0,klt,healthy,normal,healthy,0.6453487959774034,n/a,335,15,0,0,0,0,0,0,0,0,0,0,0,0,0,0,0,0,0,0,0,0,0,0,0,0.0,0.0,0.0,178.56499925255775
278,/home/ma/AQUA-FE_WS/datasets/prepared_new/tank_short_left/frame_000278.jpg,350,10,10,0.02857142857142857,350,340,1.0,24,24,81.0,105.56285858154297,0.9257142857142857,0.006234603933990002,0.9643681049346924,0.8758934736251831,0.8216741681098938,1.0678901672363281,1.1215479373931885,0.0,nan,nan,130.54910278320312,48.96818542480469,93.39717102050781,4204.671875,0.0,2.8722426470588235e-05,0.11884723139744181,0.3009181618690491,0.0,1.0,1.0,0.9999281939338235,1.0,0.7147666446461396,1.0,0.9973288143382353,1.0,0.9598984423828125,0.04010155761718748,0.9598984423828125,0.9823529411764705,0.9970588235294118,0.1384385474258255,0.11457745131280188,1.0149690266782363,klt,n/a,0,nan,n/a,nan,n/a,n/a,n/a,n/a,n/a,n/a,n/a,False,n/a,False,n/a,False,n/a,0,0,0,0,nan,nan,nan,nan,nan,nan,nan,nan,nan,nan,0,nan,0,False,n/a,0.0,klt,healthy,normal,healthy,0.645416901947488,n/a,340,10,0,0,0,0,0,0,0,0,0,0,0,0,0,0,0,0,0,0,0,0,0,0,0,0.0,0.0,0.0,185.3495668619871
279,/home/ma/AQUA-FE_WS/datasets/prepared_new/tank_short_left/frame_000279.jpg,350,8,8,0.022857142857142857,350,342,1.0,24,24,81.0,105.34285736083984,0.9314285714285714,0.00643175607547164,0.9650577306747437,0.8720403909683228,0.8151053190231323,1.0702441930770874,1.1304987668991089,0.0,nan,nan,130.28167724609375,48.99248123168945,93.22483825683594,4340.43603515625,0.0,1.2765522875816994e-05,0.12086007810106465,0.30029159784317017,0.0,1.0,1.0,0.9999680861928104,1.0,0.7099358125574449,1.0,0.9975298713235294,1.0,0.9592389763805913,0.0407610236194087,0.9592389763805913,0.9970760233918129,0.9736842105263158,0.12644860502057692,0.11916443224561206,0.9765386100404556,klt,n/a,0,nan,n/a,nan,n/a,n/a,n/a,n/a,n/a,n/a,n/a,False,n/a,False,n/a,False,n/a,0,0,0,0,nan,nan,nan,nan,nan,nan,nan,nan,nan,nan,0,nan,0,False,n/a,0.0,klt,healthy,normal,healthy,0.6452334227101756,n/a,342,8,0,0,0,0,0,0,0,0,0,0,0,0,0,0,0,0,0,0,0,0,0,0,0,0.0,0.0,0.0,182.07457521930337
280,/home/ma/AQUA-FE_WS/datasets/prepared_new/tank_short_left/frame_000280.jpg,350,12,12,0.03428571428571429,350,338,1.0,24,24,80.5,103.12571716308594,0.9257142857142857,0.006303345784544945,0.9645441770553589,0.8766077756881714,0.8164957165718079,1.067455530166626,1.1273525953292847,0.0,nan,nan,130.2057647705078,48.92303466796875,92.95906829833984,4274.33544921875,3.1913807189542485e-06,1.5956903594771243e-05,0.12154896156460634,0.3019884526729584,0.0,1.0,1.0,0.9999521292892157,1.0,0.7082824922449448,1.0,0.9973575367647058,1.0,0.9589952566348805,0.0410047433651195,0.9589952566348805,0.9940828402366864,0.9970414201183432,0.10260572170938373,0.12667959337503057,1.0029751815309185,klt,n/a,0,nan,n/a,nan,n/a,n/a,n/a,n/a,n/a,n/a,n/a,False,n/a,False,n/a,False,n/a,0,0,0,0,nan,nan,nan,nan,nan,nan,nan,nan,nan,nan,0,nan,0,False,n/a,0.0,klt,healthy,normal,healthy,0.6449328162649988,n/a,338,12,0,0,0,0,0,0,0,0,0,0,0,0,0,0,0,0,0,0,0,0,0,0,0,0.0,0.0,0.0,179.82247890904546
281,/home/ma/AQUA-FE_WS/datasets/prepared_new/tank_short_left/frame_000281.jpg,350,17,17,0.04857142857142857,350,333,1.0,24,24,81.0,102.4857177734375,0.9257142857142857,0.006039823871105909,0.9585526585578918,0.8664624691009521,0.8157883286476135,1.0736795663833618,1.1270415782928467,0.0,nan,nan,130.41531372070312,48.86115264892578,92.81167602539062,4205.8984375,0.0,1.914828431372549e-05,0.11861792770086547,0.3018524646759033,0.0,1.0,1.0,0.9999521292892157,1.0,0.7153169735179229,1.0,0.9971105238970588,1.0,0.9599652632410387,0.0400347367589613,0.9599652632410387,0.996996996996997,1.0,0.2540720352238977,0.12133471789115417,1.0030110421606113,klt,n/a,0,nan,n/a,nan,n/a,n/a,n/a,n/a,n/a,n/a,n/a,False,n/a,False,n/a,False,n/a,0,0,0,0,nan,nan,nan,nan,nan,nan,nan,nan,nan,nan,0,nan,0,False,n/a,0.0,klt,healthy,normal,healthy,0.6451466112843539,n/a,333,17,0,0,0,0,0,0,0,0,0,0,0,0,0,0,0,0,0,0,0,0,0,0,0,0.0,0.0,0.0,180.05136214196682
282,/home/ma/AQUA-FE_WS/datasets/prepared_new/tank_short_left/frame_000282.jpg,350,15,15,0.04285714285714286,350,335,1.0,24,24,82.0,102.96286010742188,0.9314285714285714,0.007950576953589916,0.9588392972946167,0.8628405332565308,0.8072234392166138,1.075927972793579,1.1385419368743896,0.0,nan,nan,130.7615203857422,48.83476638793945,92.47019958496094,4112.2236328125,0.0,1.2765522875816994e-05,0.11566549862132346,0.30275195837020874,0.0,1.0,1.0,0.9999680861928104,1.0,0.7224028033088237,1.0,0.9973862591911765,1.0,0.9609757383578432,0.03902426164215678,0.9609757383578432,0.9940298507462687,0.9880597014925373,0.13678881759319506,0.1451725998340422,0.993992994031072,klt,n/a,0,nan,n/a,nan,n/a,n/a,n/a,n/a,n/a,n/a,n/a,False,n/a,False,n/a,False,n/a,0,0,0,0,nan,nan,nan,nan,nan,nan,nan,nan,nan,nan,0,nan,0,False,n/a,0.0,klt,healthy,normal,healthy,0.6441930960066383,n/a,335,15,0,0,0,0,0,0,0,0,0,0,0,0,0,0,0,0,0,0,0,0,0,0,0,0.0,0.0,0.0,180.58444187045097
283,/home/ma/AQUA-FE_WS/datasets/prepared_new/tank_short_left/frame_000283.jpg,350,16,16,0.045714285714285714,350,334,1.0,24,24,81.0,102.64857482910156,0.9228571428571428,0.008028054609894753,0.957510232925415,0.8602557182312012,0.8057737350463867,1.0775415897369385,1.1376986503601074,0.0,nan,nan,130.89862060546875,48.87407302856445,92.24231719970703,4299.9951171875,0.0,4.4679330065359474e-05,0.11573879765529259,0.3024192452430725,0.0,1.0,1.0,0.9998883016748366,1.0,0.7222268856272978,1.0,0.9969152113970589,1.0,0.9609132728726257,0.039086727127374266,0.9609132728726257,0.9940119760479041,1.0,0.1375548406687595,0.15885031013513112,1.0060230843020779,klt,n/a,0,nan,n/a,nan,n/a,n/a,n/a,n/a,n/a,n/a,n/a,False,n/a,False,n/a,False,n/a,0,0,0,0,nan,nan,nan,nan,nan,nan,nan,nan,nan,nan,0,nan,0,False,n/a,0.0,klt,healthy,normal,healthy,0.6436459875945948,n/a,334,16,0,0,0,0,0,0,0,0,0,0,0,0,0,0,0,0,0,0,0,0,0,0,0,0.0,0.0,0.0,179.59958501160145
284,/home/ma/AQUA-FE_WS/datasets/prepared_new/tank_short_left/frame_000284.jpg,350,18,18,0.05142857142857143,350,332,1.0,24,24,81.5,102.30571746826172,0.9142857142857143,0.007316664792597294,0.9601444005966187,0.8677124977111816,0.8108056783676147,1.072906732559204,1.1335875988006592,0.0,nan,nan,130.9480438232422,48.87698745727539,91.87279510498047,4255.076171875,0.0,2.2339665032679737e-05,0.11833248063629742,0.3020201623439789,0.0,1.0,1.0,0.9999441508374183,1.0,0.7160020464728862,1.0,0.9973345588235294,1.0,0.960073658136106,0.03992634186389399,0.960073658136106,0.9939759036144579,0.9969879518072289,0.13687953983789852,0.1684936424272292,1.0030292939220435,klt,n/a,0,nan,n/a,nan,n/a,n/a,n/a,n/a,n/a,n/a,n/a,False,n/a,False,n/a,False,n/a,0,0,0,0,nan,nan,nan,nan,nan,nan,nan,nan,nan,nan,0,nan,0,False,n/a,0.0,klt,healthy,normal,healthy,0.6432602543029109,n/a,332,18,0,0,0,0,0,0,0,0,0,0,0,0,0,0,0,0,0,0,0,0,0,0,0,0.0,0.0,0.0,180.76180387288332
285,/home/ma/AQUA-FE_WS/datasets/prepared_new/tank_short_left/frame_000285.jpg,350,20,20,0.05714285714285714,350,330,1.0,24,24,80.5,100.83428192138672,0.9085714285714286,0.007747482508420944,0.961645245552063,0.8695838451385498,0.8061600923538208,1.0717530250549316,1.1373623609542847,0.0,nan,nan,130.97280883789062,48.88928985595703,91.85936737060547,4181.443359375,0.0,4.7870710784313725e-05,0.12312075446633729,0.3002944886684418,0.0,1.0,1.0,0.9998803232230392,1.0,0.7045101892807906,1.0,0.9967371323529411,1.0,0.9584212932272518,0.04157870677274822,0.9584212932272518,1.0,0.990909090909091,0.07398475859970632,0.1819507483541575,0.990908100000991,klt,n/a,0,nan,n/a,nan,n/a,n/a,n/a,n/a,n/a,n/a,n/a,False,n/a,False,n/a,False,n/a,0,0,0,0,nan,nan,nan,nan,nan,nan,nan,nan,nan,nan,0,nan,0,False,n/a,0.0,klt,healthy,normal,healthy,0.6427219700658338,n/a,330,20,0,0,0,0,0,0,0,0,0,0,0,0,0,0,0,0,0,0,0,0,0,0,0,0.0,0.0,0.0,180.8305261656642
286,/home/ma/AQUA-FE_WS/datasets/prepared_new/tank_short_left/frame_000286.jpg,350,13,13,0.037142857142857144,350,337,0.9583333333333334,23,24,81.5,101.73714447021484,0.9114285714285715,0.0076832459308207035,0.9560176730155945,0.855195939540863,0.7907472252845764,1.0807206630706787,1.153957486152649,0.0,nan,nan,130.8748016357422,48.94172286987305,91.53665924072266,4299.1962890625,0.0,6.063623366013072e-05,0.12578924440870096,0.301205575466156,0.0,1.0,1.0,0.9998484094158496,1.0,0.6981058134191177,1.0,0.996484375,1.0,0.9575056855085784,0.0424943144914216,0.9575056855085784,0.9792284866468842,0.9614243323442137,0.14379638587483595,0.18488419460199532,0.9818171791745777,klt,n/a,0,nan,n/a,nan,n/a,n/a,n/a,n/a,n/a,n/a,n/a,False,n/a,False,n/a,False,n/a,0,0,0,0,nan,nan,nan,nan,nan,nan,nan,nan,nan,nan,0,nan,0,False,n/a,0.0,klt,healthy,normal,healthy,0.6426046322159202,n/a,337,13,0,0,0,0,0,0,0,0,0,0,0,0,0,0,0,0,0,0,0,0,0,0,0,0.0,0.0,0.0,178.94006613641977
287,/home/ma/AQUA-FE_WS/datasets/prepared_new/tank_short_left/frame_000287.jpg,350,14,14,0.04,350,336,0.9583333333333334,23,24,81.5,101.84857177734375,0.9085714285714286,0.008158504962921143,0.9601908922195435,0.8547533750534058,0.7916276454925537,1.0810000896453857,1.149842619895935,0.0,nan,nan,130.70074462890625,48.911495208740234,91.54996490478516,4237.03466796875,0.0,4.148794934640523e-05,0.12756168440276505,0.30103442072868347,0.0,1.0,1.0,0.999896280126634,1.0,0.6938519574333639,1.0,0.9967256433823529,1.0,0.9569303662588082,0.04306963374119177,0.9569303662588082,0.9970238095238095,0.9970238095238095,0.10435999572684157,0.17595825063477846,0.9999989970159313,klt,n/a,0,nan,n/a,nan,n/a,n/a,n/a,n/a,n/a,n/a,n/a,False,n/a,False,n/a,False,n/a,0,0,0,0,nan,nan,nan,nan,nan,nan,nan,nan,nan,nan,0,nan,0,False,n/a,0.0,klt,healthy,normal,healthy,0.6429616699746089,n/a,336,14,0,0,0,0,0,0,0,0,0,0,0,0,0,0,0,0,0,0,0,0,0,0,0,0.0,0.0,0.0,176.90305272117257
288,/home/ma/AQUA-FE_WS/datasets/prepared_new/tank_short_left/frame_000288.jpg,350,15,15,0.04285714285714286,350,335,0.9583333333333334,23,24,81.0,100.94000244140625,0.9085714285714286,0.008620794862508774,0.96128249168396,0.8610061407089233,0.7962356805801392,1.0770721435546875,1.1499947309494019,0.0,nan,nan,130.50564575195312,48.91181564331055,91.54766082763672,4365.54345703125,0.0,3.1913807189542485e-05,0.12926280601351872,0.3020338714122772,0.0,1.0,1.0,0.9999202154820261,1.0,0.6897692655675551,1.0,0.9958869485294117,1.0,0.9563113399490655,0.043688660050934525,0.9563113399490655,0.991044776119403,0.9970149253731343,0.17762925377326064,0.1815837759629274,1.0060230812718909,klt,n/a,0,nan,n/a,nan,n/a,n/a,n/a,n/a,n/a,n/a,n/a,False,n/a,False,n/a,False,n/a,0,0,0,0,nan,nan,nan,nan,nan,nan,nan,nan,nan,nan,0,nan,0,False,n/a,0.0,klt,healthy,normal,healthy,0.642736648961483,n/a,335,15,0,0,0,0,0,0,0,0,0,0,0,0,0,0,0,0,0,0,0,0,0,0,0,0.0,0.0,0.0,180.99169805645943
289,/home/ma/AQUA-FE_WS/datasets/prepared_new/tank_short_left/frame_000289.jpg,350,16,16,0.045714285714285714,350,334,0.9583333333333334,23,24,81.5,99.88571166992188,0.9085714285714286,0.007648644968867302,0.9604357481002808,0.8654106855392456,0.7965747117996216,1.0743310451507568,1.1458985805511475,0.0,nan,nan,130.3487091064453,48.82085418701172,91.30193328857422,4411.25830078125,0.0,7.021037581699346e-05,0.1300114859786688,0.3018345236778259,0.0,1.0,1.0,0.9998244740604575,1.0,0.687972433651195,1.0,0.995754825367647,1.0,0.9560403671204811,0.04395963287951887,0.9560403671204811,0.9880239520958084,1.0,0.18783064786034065,0.19484427590453213,1.012120187732901,klt,n/a,0,nan,n/a,nan,n/a,n/a,n/a,n/a,n/a,n/a,n/a,False,n/a,False,n/a,False,n/a,0,0,0,0,nan,nan,nan,nan,nan,nan,nan,nan,nan,nan,0,nan,0,False,n/a,0.0,klt,healthy,normal,healthy,0.6422062289638187,n/a,334,16,0,0,0,0,0,0,0,0,0,0,0,0,0,0,0,0,0,0,0,0,0,0,0,0.0,0.0,0.0,181.6531689837575
290,/home/ma/AQUA-FE_WS/datasets/prepared_new/tank_short_left/frame_000290.jpg,350,14,14,0.04,350,336,0.9583333333333334,23,24,82.0,100.55999755859375,0.92,0.007889856584370136,0.9540954232215881,0.8487618565559387,0.7869611382484436,1.0848042964935303,1.1566368341445923,0.0,nan,nan,130.20236206054688,48.795772552490234,91.50872802734375,4451.71435546875,0.0,5.744485294117647e-05,0.13162223666321993,0.3015305697917938,0.0,1.0,1.0,0.9998563878676471,1.0,0.6841066320082723,1.0,0.9954446231617647,1.0,0.9554843724149817,0.04451562758501826,0.9554843724149817,0.9851190476190477,0.9970238095238095,0.1904033185785695,0.18823161964140248,1.012083564773179,klt,n/a,0,nan,n/a,nan,n/a,n/a,n/a,n/a,n/a,n/a,n/a,False,n/a,False,n/a,False,n/a,0,0,0,0,nan,nan,nan,nan,nan,nan,nan,nan,nan,nan,0,nan,0,False,n/a,0.0,klt,healthy,normal,healthy,0.642470735214344,n/a,336,14,0,0,0,0,0,0,0,0,0,0,0,0,0,0,0,0,0,0,0,0,0,0,0,0.0,0.0,0.0,180.54624181240797
291,/home/ma/AQUA-FE_WS/datasets/prepared_new/tank_short_left/frame_000291.jpg,350,19,19,0.054285714285714284,350,331,0.9166666666666666,22,24,83.0,100.36285400390625,0.9142857142857143,0.007255393546074629,0.957200288772583,0.8577982187271118,0.7914327383041382,1.0790820121765137,1.153577446937561,0.0,nan,nan,130.00718688964844,48.72554397583008,91.35758972167969,4621.78759765625,0.0,8.297589869281046e-05,0.13179294960171567,0.30096185207366943,0.0,1.0,1.0,0.999792560253268,1.0,0.6836969209558824,1.0,0.9952090992647059,1.0,0.9554052221200982,0.04459477787990185,0.9554052221200982,0.9818731117824774,0.9516616314199395,0.3066568146440319,0.1879835756686974,0.9692297821075141,klt,n/a,0,nan,n/a,nan,n/a,n/a,n/a,n/a,n/a,n/a,n/a,False,n/a,False,n/a,False,n/a,0,0,0,0,nan,nan,nan,nan,nan,nan,nan,nan,nan,nan,0,nan,0,False,n/a,0.0,klt,healthy,normal,healthy,0.6424806569732522,n/a,331,19,0,0,0,0,0,0,0,0,0,0,0,0,0,0,0,0,0,0,0,0,0,0,0,0.0,0.0,0.0,176.10212182626128
292,/home/ma/AQUA-FE_WS/datasets/prepared_new/tank_short_left/frame_000292.jpg,350,19,19,0.054285714285714284,350,331,0.9166666666666666,22,24,84.0,101.07714080810547,0.9114285714285715,0.007667958736419678,0.9675610661506653,0.8701599836349487,0.8077540993690491,1.0713984966278076,1.1390860080718994,0.0,nan,nan,129.89630126953125,48.682125091552734,91.13155364990234,4565.77880859375,0.0,5.1062091503267975e-05,0.13232228297813267,0.3008882999420166,0.0,1.0,1.0,0.9998723447712419,1.0,0.6824265208524816,1.0,0.99541015625,1.0,0.9552490036668966,0.04475099633310342,0.9552490036668966,0.9939577039274925,0.9818731117824774,0.1070687983075463,0.18116569200879123,0.9878409514426901,klt,n/a,0,nan,n/a,nan,n/a,n/a,n/a,n/a,n/a,n/a,n/a,False,n/a,False,n/a,False,n/a,0,0,0,0,nan,nan,nan,nan,nan,nan,nan,nan,nan,nan,0,nan,0,False,n/a,0.0,klt,healthy,normal,healthy,0.6427533723196484,n/a,331,19,0,0,0,0,0,0,0,0,0,0,0,0,0,0,0,0,0,0,0,0,0,0,0,0.0,0.0,0.0,179.319323040545
293,/home/ma/AQUA-FE_WS/datasets/prepared_new/tank_short_left/frame_000293.jpg,350,16,16,0.045714285714285714,350,334,0.9166666666666666,22,24,84.5,101.61714172363281,0.9085714285714286,0.007889553904533386,0.9555842876434326,0.8537632822990417,0.7846596837043762,1.0816259384155273,1.1638811826705933,0.0,nan,nan,129.76361083984375,48.60919189453125,91.03958892822266,4734.72900390625,0.0,0.00011488970588235294,0.1325445077933517,0.3008202612400055,0.0,1.0,1.0,0.9997127757352942,1.0,0.6818931812959559,1.0,0.9946920955882353,1.0,0.9551121042049633,0.044887895795036714,0.9551121042049633,0.9940119760479041,0.9970059880239521,0.23055875965493522,0.2141427994076901,1.0030110391394969,klt,n/a,0,nan,n/a,nan,n/a,n/a,n/a,n/a,n/a,n/a,n/a,False,n/a,False,n/a,False,n/a,0,0,0,0,nan,nan,nan,nan,nan,nan,nan,nan,nan,nan,0,nan,0,False,n/a,0.0,klt,healthy,normal,healthy,0.6414342880236925,n/a,334,16,0,0,0,0,0,0,0,0,0,0,0,0,0,0,0,0,0,0,0,0,0,0,0,0.0,0.0,0.0,180.87240681052208
294,/home/ma/AQUA-FE_WS/datasets/prepared_new/tank_short_left/frame_000294.jpg,350,12,12,0.03428571428571429,350,338,0.9166666666666666,22,24,84.5,101.5142822265625,0.9057142857142857,0.008313953876495361,0.9547176361083984,0.849547803401947,0.7829319834709167,1.0843029022216797,1.1648526191711426,0.0,nan,nan,129.76165771484375,48.61723709106445,90.91020965576172,4690.57275390625,0.0,5.1062091503267975e-05,0.1326924911199832,0.30052900314331055,0.0,1.0,1.0,0.9998723447712419,1.0,0.6815380213120403,1.0,0.9951861213235295,1.0,0.9551111716356464,0.044888828364353595,0.9551111716356464,0.985207100591716,0.9940828402366864,0.20728113004226573,0.23087227544902966,1.009007984850754,klt,n/a,0,nan,n/a,nan,n/a,n/a,n/a,n/a,n/a,n/a,n/a,False,n/a,False,n/a,False,n/a,0,0,0,0,nan,nan,nan,nan,nan,nan,nan,nan,nan,nan,0,nan,0,False,n/a,0.0,klt,healthy,normal,healthy,0.6407651089820389,n/a,338,12,0,0,0,0,0,0,0,0,0,0,0,0,0,0,0,0,0,0,0,0,0,0,0,0.0,0.0,0.0,176.97454616427422
295,/home/ma/AQUA-FE_WS/datasets/prepared_new/tank_short_left/frame_000295.jpg,350,17,17,0.04857142857142857,350,333,0.9166666666666666,22,24,85.0,101.894287109375,0.9085714285714286,0.009427450597286224,0.9567981958389282,0.8517783880233765,0.7878220081329346,1.0828838348388672,1.160132884979248,0.0,nan,nan,129.71986389160156,48.540016174316406,91.08786010742188,4902.86962890625,0.0,5.744485294117647e-05,0.13325974109126074,0.299780011177063,0.0,1.0,1.0,0.9998563878676471,1.0,0.6801766213809742,1.0,0.9954273897058824,1.0,0.9549331369198071,0.04506686308019292,0.9549331369198071,0.993993993993994,1.0,0.19786182900002036,0.2261076668433599,1.0060412839524242,klt,n/a,0,nan,n/a,nan,n/a,n/a,n/a,n/a,n/a,n/a,n/a,False,n/a,False,n/a,False,n/a,0,0,0,0,nan,nan,nan,nan,nan,nan,nan,nan,nan,nan,0,nan,0,False,n/a,0.0,klt,healthy,normal,healthy,0.6409556933262657,n/a,333,17,0,0,0,0,0,0,0,0,0,0,0,0,0,0,0,0,0,0,0,0,0,0,0,0.0,0.0,0.0,178.44002787023783
296,/home/ma/AQUA-FE_WS/datasets/prepared_new/tank_short_left/frame_000296.jpg,350,12,12,0.03428571428571429,350,338,0.9166666666666666,22,24,86.0,102.82857513427734,0.9171428571428571,0.009576141834259033,0.9552935361862183,0.8492563962936401,0.7753493189811707,1.084488868713379,1.1732302904129028,0.0,nan,nan,129.68408203125,48.53217697143555,90.92814636230469,4768.87158203125,0.0,7.340175653594771e-05,0.13287281709558824,0.2998814582824707,0.0,1.0,1.0,0.9998164956086601,1.0,0.6811052389705883,1.0,0.9947954963235294,1.0,0.9550204427083333,0.044979557291666694,0.9550204427083333,0.9763313609467456,0.9970414201183432,0.2168229781065017,0.23677900785083256,1.021211075244414,klt,n/a,0,nan,n/a,nan,n/a,n/a,n/a,n/a,n/a,n/a,n/a,False,n/a,False,n/a,False,n/a,0,0,0,0,nan,nan,nan,nan,nan,nan,nan,nan,nan,nan,0,nan,0,False,n/a,0.0,klt,healthy,normal,healthy,0.6405288396859667,n/a,338,12,0,0,0,0,0,0,0,0,0,0,0,0,0,0,0,0,0,0,0,0,0,0,0,0.0,0.0,0.0,176.79257318377495
297,/home/ma/AQUA-FE_WS/datasets/prepared_new/tank_short_left/frame_000297.jpg,350,16,16,0.045714285714285714,350,334,0.9166666666666666,22,24,87.0,103.67142486572266,0.9228571428571428,0.0075949616730213165,0.9594351053237915,0.8603776097297668,0.7952218055725098,1.077465295791626,1.153335690498352,0.0,nan,nan,129.67019653320312,48.55645751953125,90.75749969482422,4930.888671875,0.0,0.00010212418300653595,0.1338992758358226,0.2999797463417053,0.0,1.0,1.0,0.9997446895424836,1.0,0.6786417379940257,1.0,0.9948529411764706,1.0,0.9546703825348499,0.045329617465150074,0.9546703825348499,0.9970059880239521,1.0,0.18275481827299433,0.19697422716583324,1.0030019969889878,klt,n/a,0,nan,n/a,nan,n/a,n/a,n/a,n/a,n/a,n/a,n/a,False,n/a,False,n/a,False,n/a,0,0,0,0,nan,nan,nan,nan,nan,nan,nan,nan,nan,nan,0,nan,0,False,n/a,0.0,klt,healthy,normal,healthy,0.6421210309133667,n/a,334,16,0,0,0,0,0,0,0,0,0,0,0,0,0,0,0,0,0,0,0,0,0,0,0,0.0,0.0,0.0,174.64773915708065
298,/home/ma/AQUA-FE_WS/datasets/prepared_new/tank_short_left/frame_000298.jpg,350,13,13,0.037142857142857144,350,337,0.9166666666666666,22,24,88.0,104.60857391357422,0.9257142857142857,0.008775467053055763,0.9587807655334473,0.8561500310897827,0.7901142239570618,1.080119013786316,1.1563299894332886,0.0,nan,nan,129.6619415283203,48.53474426269531,90.92205047607422,4857.0439453125,0.0,4.148794934640523e-05,0.13382399914311424,0.3008759021759033,0.0,1.0,1.0,0.999896280126634,1.0,0.6788224020565259,1.0,0.994967830882353,1.0,0.9547207597560508,0.04527924024394925,0.9547207597560508,0.9910979228486647,0.9970326409495549,0.21718876748768373,0.18665383648742487,1.0059870089292753,klt,n/a,0,nan,n/a,nan,n/a,n/a,n/a,n/a,n/a,n/a,n/a,False,n/a,False,n/a,False,n/a,0,0,0,0,nan,nan,nan,nan,nan,nan,nan,nan,nan,nan,0,nan,0,False,n/a,0.0,klt,healthy,normal,healthy,0.642533846540503,n/a,337,13,0,0,0,0,0,0,0,0,0,0,0,0,0,0,0,0,0,0,0,0,0,0,0,0.0,0.0,0.0,176.9866649992764
299,/home/ma/AQUA-FE_WS/datasets/prepared_new/tank_short_left/frame_000299.jpg,350,16,16,0.045714285714285714,350,334,0.9166666666666666,22,24,88.5,104.66857147216797,0.9257142857142857,0.007572018075734377,0.9560925960540771,0.8554934859275818,0.7957057356834412,1.0805329084396362,1.1461023092269897,0.0,nan,nan,129.64642333984375,48.553348541259766,90.66947174072266,4857.62353515625,0.0,0.00011488970588235294,0.1336221253638174,0.3005380630493164,0.0,1.0,1.0,0.9997127757352942,1.0,0.6793068991268383,1.0,0.9947437959558824,1.0,0.9547531267233456,0.04524687327665444,0.9547531267233456,0.9970059880239521,1.0,0.12042738424115451,0.1952254547655374,1.0030019969889878,klt,n/a,0,nan,n/a,nan,n/a,n/a,n/a,n/a,n/a,n/a,n/a,False,n/a,False,n/a,False,n/a,0,0,0,0,nan,nan,nan,nan,nan,nan,nan,nan,nan,nan,0,nan,0,False,n/a,0.0,klt,healthy,normal,healthy,0.6421909818093785,n/a,334,16,0,0,0,0,0,0,0,0,0,0,0,0,0,0,0,0,0,0,0,0,0,0,0,0.0,0.0,0.0,175.0185051932931
