dataset_family,sequence,start,end,window_unit,prior_artifact_count,prior_learned_seen,prior_vins_seen,prior_parameter_use,allowed_role,evidence_paths,decision_reason
afrl,bus_outside,320,340,second,26,true,true,true,DEVELOPMENT_ONLY,logs/afrl_cave_v31/external_hybrid_xfeat_every2_jul18_causal_more_afrl_bus_s320_d20_oldcontract_microburst/afrl_cave_cam0_pinhole.yaml;logs/afrl_cave_v31/external_hybrid_xfeat_every2_jul18_causal_more_afrl_bus_s320_d20_oldcontract_microburst/cave_gennie_short.bag;logs/afrl_cave_v31/external_hybrid_xfeat_every2_jul18_causal_more_afrl_bus_s320_d20_oldcontract_microburst/features.bag;logs/afrl_cave_v31/external_hybrid_xfeat_every2_jul18_causal_more_afrl_bus_s320_d20_oldcontract_microburst/frontend_metrics.csv;logs/afrl_cave_v31/external_hybrid_xfeat_every2_jul18_causal_more_afrl_bus_s320_d20_oldcontract_microburst/vins_afrl_cave_external.yaml;logs/afrl_cave_v31/external_hybrid_xfeat_every2_jul18_causal_more_afrl_bus_s320_d20_probe_oldcontract_densecap/afrl_cave_cam0_pinhole.yaml;logs/afrl_cave_v31/external_hybrid_xfeat_every2_jul18_causal_more_afrl_bus_s320_d20_probe_oldcontract_densecap/cave_gennie_short.bag;logs/afrl_cave_v31/external_hybrid_xfeat_every2_jul18_causal_more_afrl_bus_s320_d20_probe_oldcontract_densecap/features.bag;logs/afrl_cave_v31/external_hybrid_xfeat_every2_jul18_causal_more_afrl_bus_s320_d20_probe_oldcontract_densecap/frontend_metrics.csv;logs/afrl_cave_v31/external_hybrid_xfeat_every2_jul18_causal_more_afrl_bus_s320_d20_probe_oldcontract_densecap/replay_manifest.txt;logs/afrl_cave_v31/external_hybrid_xfeat_every2_jul18_causal_more_afrl_bus_s320_d20_probe_oldcontract_densecap/replay_manifest.txt:1;logs/afrl_cave_v31/external_hybrid_xfeat_every2_jul18_causal_more_afrl_bus_s320_d20_probe_oldcontract_densecap/replay_manifest.txt:2;...(+14),Prior artifact or parameter/search reference found before P02 freeze; exclude exact window from confirmatory denominator.
afrl,bus_outside,320,660,second,120,true,true,true,DEVELOPMENT_ONLY,logs/afrl_cave_v31/external_hybrid_xfeat_every2_may28_counterfix_bus320_340_xfeat_export/afrl_cave_cam0_pinhole.yaml;logs/afrl_cave_v31/external_hybrid_xfeat_every2_may28_counterfix_bus320_340_xfeat_export/features.bag;logs/afrl_cave_v31/external_hybrid_xfeat_every2_may28_counterfix_bus320_340_xfeat_export/frontend_metrics.csv;logs/afrl_cave_v31/external_hybrid_xfeat_every2_may28_counterfix_bus320_340_xfeat_export/replay_manifest.txt;logs/afrl_cave_v31/external_hybrid_xfeat_every2_may28_counterfix_bus320_340_xfeat_export/replay_manifest.txt:1;logs/afrl_cave_v31/external_hybrid_xfeat_every2_may28_counterfix_bus320_340_xfeat_export/replay_manifest.txt:2;logs/afrl_cave_v31/external_hybrid_xfeat_every2_may28_counterfix_bus320_340_xfeat_export/replay_manifest.txt:3;logs/afrl_cave_v31/external_hybrid_xfeat_every2_may28_counterfix_bus320_340_xfeat_export/replay_manifest.txt:4;logs/afrl_cave_v31/external_hybrid_xfeat_every2_may28_counterfix_bus320_340_xfeat_export/replay_manifest.txt:5;logs/afrl_cave_v31/external_hybrid_xfeat_every2_may28_counterfix_bus320_340_xfeat_export/replay_manifest.txt:6;logs/afrl_cave_v31/external_hybrid_xfeat_every2_may28_counterfix_bus320_340_xfeat_export/vins_afrl_cave_external.yaml;logs/agent_seven_point_summary.md:1017;...(+108),Prior artifact or parameter/search reference found before P02 freeze; exclude exact window from confirmatory denominator.
afrl,bus_outside,320,670,second,2,false,false,true,DEVELOPMENT_ONLY,logs/agent_seven_point_summary.md:578;logs/may26_afrl_bus_320_350_export_probe_summary.csv,Prior artifact or parameter/search reference found before P02 freeze; exclude exact window from confirmatory denominator.
afrl,cave_gennie,150,170,second,28,true,true,true,DEVELOPMENT_ONLY,logs/afrl_cave_v31/external_hybrid_xfeat_every2_jul18_causal_more_afrl_cave_s150_d20_oldcontract_microburst/afrl_cave_cam0_pinhole.yaml;logs/afrl_cave_v31/external_hybrid_xfeat_every2_jul18_causal_more_afrl_cave_s150_d20_oldcontract_microburst/cave_gennie_short.bag;logs/afrl_cave_v31/external_hybrid_xfeat_every2_jul18_causal_more_afrl_cave_s150_d20_oldcontract_microburst/features.bag;logs/afrl_cave_v31/external_hybrid_xfeat_every2_jul18_causal_more_afrl_cave_s150_d20_oldcontract_microburst/frontend_metrics.csv;logs/afrl_cave_v31/external_hybrid_xfeat_every2_jul18_causal_more_afrl_cave_s150_d20_oldcontract_microburst/vins_afrl_cave_external.yaml;logs/afrl_cave_v31/external_hybrid_xfeat_every2_jul18_causal_more_afrl_cave_s150_d20_probe_oldcontract_densecap/afrl_cave_cam0_pinhole.yaml;logs/afrl_cave_v31/external_hybrid_xfeat_every2_jul18_causal_more_afrl_cave_s150_d20_probe_oldcontract_densecap/cave_gennie_short.bag;logs/afrl_cave_v31/external_hybrid_xfeat_every2_jul18_causal_more_afrl_cave_s150_d20_probe_oldcontract_densecap/features.bag;logs/afrl_cave_v31/external_hybrid_xfeat_every2_jul18_causal_more_afrl_cave_s150_d20_probe_oldcontract_densecap/frontend_metrics.csv;logs/afrl_cave_v31/external_hybrid_xfeat_every2_jul18_causal_more_afrl_cave_s150_d20_probe_oldcontract_densecap/replay_manifest.txt;logs/afrl_cave_v31/external_hybrid_xfeat_every2_jul18_causal_more_afrl_cave_s150_d20_probe_oldcontract_densecap/replay_manifest.txt:1;logs/afrl_cave_v31/external_hybrid_xfeat_every2_jul18_causal_more_afrl_cave_s150_d20_probe_oldcontract_densecap/replay_manifest.txt:2;...(+16),Prior artifact or parameter/search reference found before P02 freeze; exclude exact window from confirmatory denominator.
afrl,cave_gennie,40,100,second,4,false,true,true,DEVELOPMENT_ONLY,logs/afrl_cave_v31/external_klt_every2_may24_cave_40_60_klt_probe/afrl_cave_cam0_pinhole.yaml;logs/afrl_cave_v31/external_klt_every2_may24_cave_40_60_klt_probe/features.bag;logs/afrl_cave_v31/external_klt_every2_may24_cave_40_60_klt_probe/frontend_metrics.csv;logs/afrl_cave_v31/external_klt_every2_may24_cave_40_60_klt_probe/vins_afrl_cave_external.yaml,Prior artifact or parameter/search reference found before P02 freeze; exclude exact window from confirmatory denominator.
afrl,cave_gennie,40,60,second,19,true,true,true,DEVELOPMENT_ONLY,logs/afrl_cave_v31/external_hybrid_xfeat_every2_jul18_causal_more_afrl_cave_s40_d20_oldcontract_microburst/afrl_cave_cam0_pinhole.yaml;logs/afrl_cave_v31/external_hybrid_xfeat_every2_jul18_causal_more_afrl_cave_s40_d20_oldcontract_microburst/cave_gennie_short.bag;logs/afrl_cave_v31/external_hybrid_xfeat_every2_jul18_causal_more_afrl_cave_s40_d20_oldcontract_microburst/features.bag;logs/afrl_cave_v31/external_hybrid_xfeat_every2_jul18_causal_more_afrl_cave_s40_d20_oldcontract_microburst/frontend_metrics.csv;logs/afrl_cave_v31/external_hybrid_xfeat_every2_jul18_causal_more_afrl_cave_s40_d20_oldcontract_microburst/vins_afrl_cave_external.yaml;logs/afrl_cave_v31/external_hybrid_xfeat_every2_jul18_causal_more_afrl_cave_s40_d20_probe_oldcontract_densecap/afrl_cave_cam0_pinhole.yaml;logs/afrl_cave_v31/external_hybrid_xfeat_every2_jul18_causal_more_afrl_cave_s40_d20_probe_oldcontract_densecap/cave_gennie_short.bag;logs/afrl_cave_v31/external_hybrid_xfeat_every2_jul18_causal_more_afrl_cave_s40_d20_probe_oldcontract_densecap/features.bag;logs/afrl_cave_v31/external_hybrid_xfeat_every2_jul18_causal_more_afrl_cave_s40_d20_probe_oldcontract_densecap/frontend_metrics.csv;logs/afrl_cave_v31/external_hybrid_xfeat_every2_jul18_causal_more_afrl_cave_s40_d20_probe_oldcontract_densecap/replay_manifest.txt;logs/afrl_cave_v31/external_hybrid_xfeat_every2_jul18_causal_more_afrl_cave_s40_d20_probe_oldcontract_densecap/replay_manifest.txt:1;logs/afrl_cave_v31/external_hybrid_xfeat_every2_jul18_causal_more_afrl_cave_s40_d20_probe_oldcontract_densecap/replay_manifest.txt:2;...(+7),Prior artifact or parameter/search reference found before P02 freeze; exclude exact window from confirmatory denominator.
afrl,cemetery,0,10,second,114,true,true,true,DEVELOPMENT_ONLY,logs/afrl_cave_v31/external_hybrid_superpoint_lightglue_every2_jun07_v33_afrl_cemetery_s0_d10_scale05_export_loftr_mirror/afrl_cave_cam0_pinhole.yaml;logs/afrl_cave_v31/external_hybrid_superpoint_lightglue_every2_jun07_v33_afrl_cemetery_s0_d10_scale05_export_loftr_mirror/features.bag;logs/afrl_cave_v31/external_hybrid_superpoint_lightglue_every2_jun07_v33_afrl_cemetery_s0_d10_scale05_export_loftr_mirror/frontend_metrics.csv;logs/afrl_cave_v31/external_hybrid_superpoint_lightglue_every2_jun07_v33_afrl_cemetery_s0_d10_scale05_export_loftr_mirror/replay_manifest.txt;logs/afrl_cave_v31/external_hybrid_superpoint_lightglue_every2_jun07_v33_afrl_cemetery_s0_d10_scale05_export_loftr_mirror/replay_manifest.txt:1;logs/afrl_cave_v31/external_hybrid_superpoint_lightglue_every2_jun07_v33_afrl_cemetery_s0_d10_scale05_export_loftr_mirror/replay_manifest.txt:2;logs/afrl_cave_v31/external_hybrid_superpoint_lightglue_every2_jun07_v33_afrl_cemetery_s0_d10_scale05_export_loftr_mirror/replay_manifest.txt:3;logs/afrl_cave_v31/external_hybrid_superpoint_lightglue_every2_jun07_v33_afrl_cemetery_s0_d10_scale05_export_loftr_mirror/replay_manifest.txt:4;logs/afrl_cave_v31/external_hybrid_superpoint_lightglue_every2_jun07_v33_afrl_cemetery_s0_d10_scale05_export_loftr_mirror/replay_manifest.txt:5;logs/afrl_cave_v31/external_hybrid_superpoint_lightglue_every2_jun07_v33_afrl_cemetery_s0_d10_scale05_export_loftr_mirror/replay_manifest.txt:6;logs/afrl_cave_v31/external_hybrid_superpoint_lightglue_every2_jun07_v33_afrl_cemetery_s0_d10_scale05_export_loftr_mirror/vins_afrl_cave_external.yaml;logs/afrl_cave_v31/external_hybrid_superpoint_lightglue_every2_jun07_v33_afrl_cemetery_s0_d10_scale05_export_noloftr_mirror/afrl_cave_cam0_pinhole.yaml;...(+102),Prior artifact or parameter/search reference found before P02 freeze; exclude exact window from confirmatory denominator.
afrl,cemetery,0,20,second,4,true,true,false,DEVELOPMENT_ONLY,logs/afrl_cave_v31/external_hybrid_superpoint_lightglue_every2_jun07_v33_afrl_cemetery_s0_d20_export_loftr_fix/afrl_cave_cam0_pinhole.yaml;logs/afrl_cave_v31/external_hybrid_superpoint_lightglue_every2_jun07_v33_afrl_cemetery_s0_d20_export_loftr_fix/features.bag;logs/afrl_cave_v31/external_hybrid_superpoint_lightglue_every2_jun07_v33_afrl_cemetery_s0_d20_export_loftr_fix/frontend_metrics.csv;logs/afrl_cave_v31/external_hybrid_superpoint_lightglue_every2_jun07_v33_afrl_cemetery_s0_d20_export_loftr_fix/vins_afrl_cave_external.yaml,Prior artifact or parameter/search reference found before P02 freeze; exclude exact window from confirmatory denominator.
afrl,cemetery_fl,080,163,second,2,false,false,true,DEVELOPMENT_ONLY,logs/opt_eval/classical_rescue/smoke_afrl_fl_080_083.csv;logs/opt_eval/final_relax_v4/smoke_continuity_config_afrl_fl_080_083.csv,Prior artifact or parameter/search reference found before P02 freeze; exclude exact window from confirmatory denominator.
afrl,cemetery_fl,080,210,second,12,true,false,true,DEVELOPMENT_ONLY,logs/afrl_v31_frontend/afrl_fl_080_130_full_sp_lg_loftr.csv;logs/afrl_v31_frontend/afrl_fl_080_130_hybrid_sp_lg_loftr.csv;logs/afrl_v31_frontend/afrl_fl_080_130_klt.csv;logs/afrl_v31_frontend/afrl_fl_080_130_klt_adaptive_clahe.csv;logs/afrl_v31_frontend/summary.md:23;logs/afrl_v31_frontend/summary.md:24;logs/agent_qi_reliability/qi_reliability_report.md:17;logs/agent_qi_reliability/qi_reliability_report.md:56;logs/learned_positive_search_multidl/afrl_fl_080_130_loftr_semidense.csv;logs/learned_positive_search_multidl/afrl_fl_080_130_sp_lg_sidecar.csv;logs/learned_positive_search_multidl/afrl_fl_080_130_xfeat_sidecar.csv;logs/learned_positive_search_multidl/afrl_fl_080_130_xfeat_star_semidense.csv,Prior artifact or parameter/search reference found before P02 freeze; exclude exact window from confirmatory denominator.
afrl,cemetery_fl,080,399,second,9,true,false,true,DEVELOPMENT_ONLY,logs/low_texture_window_search_20260522.md:14;logs/multidataset/afrl_cemetery_fl_080_319_hybrid.csv;logs/multidataset/afrl_cemetery_fl_080_319_hybrid_xfeat_continuity_first_v2.csv;logs/multidataset/afrl_cemetery_fl_080_319_hybrid_xfeat_final.csv;logs/multidataset/afrl_cemetery_fl_080_319_hybrid_xfeat_gridquota.csv;logs/multidataset/afrl_cemetery_fl_080_319_klt.csv;logs/qgeo_eval/afrl_cemetery_fl_080_319_qgeo_calib.csv;scripts/build_p02_audit.py:583;scripts/run_p02_development_screening.sh:72,Prior artifact or parameter/search reference found before P02 freeze; exclude exact window from confirmatory denominator.
afrl,cemetery_fl,089,181,second,1,false,false,false,DEVELOPMENT_ONLY,logs/opt_eval/underwater_classical_rescue/smoke_afrl_fl_089_092.csv,Prior artifact or parameter/search reference found before P02 freeze; exclude exact window from confirmatory denominator.
afrl,cemetery_fl,10,80,second,13,true,false,false,DEVELOPMENT_ONLY,logs/agent_non_a06_frontend_20260518/raw/afrl_fl_10_70_10_70_full_xfeat_loftr.csv;logs/agent_non_a06_frontend_20260518/raw/afrl_fl_10_70_10_70_full_xfeat_loftr.log;logs/agent_non_a06_frontend_20260518/raw/afrl_fl_10_70_10_70_klt_adaptive_clahe.csv;logs/agent_non_a06_frontend_20260518/raw/afrl_fl_10_70_10_70_klt_adaptive_clahe.log;logs/agent_non_a06_frontend_20260518/raw/afrl_fl_10_70_10_70_loftr_extreme_sp_lg.csv;logs/agent_non_a06_frontend_20260518/raw/afrl_fl_10_70_10_70_loftr_extreme_sp_lg.log;logs/agent_non_a06_frontend_20260518/raw/afrl_fl_10_70_10_70_normal_safe_sp_lg.csv;logs/agent_non_a06_frontend_20260518/raw/afrl_fl_10_70_10_70_normal_safe_sp_lg.log;logs/agent_non_a06_frontend_20260518/report.md:26;logs/agent_non_a06_frontend_20260518/report.md:48;logs/agent_non_a06_frontend_20260518/report.md:49;logs/agent_non_a06_frontend_20260518/report.md:50;...(+1),Prior artifact or parameter/search reference found before P02 freeze; exclude exact window from confirmatory denominator.
afrl,cemetery_fl,100,230,second,98,true,true,false,DEVELOPMENT_ONLY,logs/afrl_cave_v31/external_hybrid_xfeat_every2_may26_fullraw_afrl_bus_fl_100_130_xfeat_safe/afrl_cave_cam0_pinhole.yaml;logs/afrl_cave_v31/external_hybrid_xfeat_every2_may26_fullraw_afrl_bus_fl_100_130_xfeat_safe/ape.txt;logs/afrl_cave_v31/external_hybrid_xfeat_every2_may26_fullraw_afrl_bus_fl_100_130_xfeat_safe/ape.txt:1;logs/afrl_cave_v31/external_hybrid_xfeat_every2_may26_fullraw_afrl_bus_fl_100_130_xfeat_safe/ape.txt:10;logs/afrl_cave_v31/external_hybrid_xfeat_every2_may26_fullraw_afrl_bus_fl_100_130_xfeat_safe/ape.txt:11;logs/afrl_cave_v31/external_hybrid_xfeat_every2_may26_fullraw_afrl_bus_fl_100_130_xfeat_safe/ape.txt:12;logs/afrl_cave_v31/external_hybrid_xfeat_every2_may26_fullraw_afrl_bus_fl_100_130_xfeat_safe/ape.txt:13;logs/afrl_cave_v31/external_hybrid_xfeat_every2_may26_fullraw_afrl_bus_fl_100_130_xfeat_safe/ape.txt:14;logs/afrl_cave_v31/external_hybrid_xfeat_every2_may26_fullraw_afrl_bus_fl_100_130_xfeat_safe/ape.txt:15;logs/afrl_cave_v31/external_hybrid_xfeat_every2_may26_fullraw_afrl_bus_fl_100_130_xfeat_safe/ape.txt:16;logs/afrl_cave_v31/external_hybrid_xfeat_every2_may26_fullraw_afrl_bus_fl_100_130_xfeat_safe/ape.txt:17;logs/afrl_cave_v31/external_hybrid_xfeat_every2_may26_fullraw_afrl_bus_fl_100_130_xfeat_safe/ape.txt:18;...(+86),Prior artifact or parameter/search reference found before P02 freeze; exclude exact window from confirmatory denominator.
afrl,cemetery_fl,110,140,second,11,true,true,true,DEVELOPMENT_ONLY,logs/afrl_cave_v31_may28_source_audit/external_hybrid_xfeat_every2_may28_srcaudit_fl_110_30/afrl_cave_cam0_pinhole.yaml;logs/afrl_cave_v31_may28_source_audit/external_hybrid_xfeat_every2_may28_srcaudit_fl_110_30/features.bag;logs/afrl_cave_v31_may28_source_audit/external_hybrid_xfeat_every2_may28_srcaudit_fl_110_30/frontend_metrics.csv;logs/afrl_cave_v31_may28_source_audit/external_hybrid_xfeat_every2_may28_srcaudit_fl_110_30/replay_manifest.txt;logs/afrl_cave_v31_may28_source_audit/external_hybrid_xfeat_every2_may28_srcaudit_fl_110_30/replay_manifest.txt:1;logs/afrl_cave_v31_may28_source_audit/external_hybrid_xfeat_every2_may28_srcaudit_fl_110_30/replay_manifest.txt:2;logs/afrl_cave_v31_may28_source_audit/external_hybrid_xfeat_every2_may28_srcaudit_fl_110_30/replay_manifest.txt:3;logs/afrl_cave_v31_may28_source_audit/external_hybrid_xfeat_every2_may28_srcaudit_fl_110_30/replay_manifest.txt:4;logs/afrl_cave_v31_may28_source_audit/external_hybrid_xfeat_every2_may28_srcaudit_fl_110_30/replay_manifest.txt:5;logs/afrl_cave_v31_may28_source_audit/external_hybrid_xfeat_every2_may28_srcaudit_fl_110_30/replay_manifest.txt:6;logs/afrl_cave_v31_may28_source_audit/external_hybrid_xfeat_every2_may28_srcaudit_fl_110_30/vins_afrl_cave_external.yaml,Prior artifact or parameter/search reference found before P02 freeze; exclude exact window from confirmatory denominator.
afrl,cemetery_fl,110,240,second,17,true,true,false,DEVELOPMENT_ONLY,logs/afrl_cave_v31/external_hybrid_superpoint_lightglue_every2_may26_cont_bus_fl_110_130_loftr_export/afrl_cave_cam0_pinhole.yaml;logs/afrl_cave_v31/external_hybrid_superpoint_lightglue_every2_may26_cont_bus_fl_110_130_loftr_export/features.bag;logs/afrl_cave_v31/external_hybrid_superpoint_lightglue_every2_may26_cont_bus_fl_110_130_loftr_export/frontend_metrics.csv;logs/afrl_cave_v31/external_hybrid_superpoint_lightglue_every2_may26_cont_bus_fl_110_130_loftr_export/vins_afrl_cave_external.yaml;logs/afrl_cave_v31/external_hybrid_xfeat_every2_may26_cont_bus_fl_110_130_xfeat_export/afrl_cave_cam0_pinhole.yaml;logs/afrl_cave_v31/external_hybrid_xfeat_every2_may26_cont_bus_fl_110_130_xfeat_export/features.bag;logs/afrl_cave_v31/external_hybrid_xfeat_every2_may26_cont_bus_fl_110_130_xfeat_export/frontend_metrics.csv;logs/afrl_cave_v31/external_hybrid_xfeat_every2_may26_cont_bus_fl_110_130_xfeat_export/vins_afrl_cave_external.yaml;logs/afrl_cave_v31/external_hybrid_xfeat_every2_may26_scan_bus_fl_110_130_xfeat_safe_w20/afrl_cave_cam0_pinhole.yaml;logs/afrl_cave_v31/external_hybrid_xfeat_every2_may26_scan_bus_fl_110_130_xfeat_safe_w20/features.bag;logs/afrl_cave_v31/external_hybrid_xfeat_every2_may26_scan_bus_fl_110_130_xfeat_safe_w20/frontend_metrics.csv;logs/afrl_cave_v31/external_hybrid_xfeat_every2_may26_scan_bus_fl_110_130_xfeat_safe_w20/vins_afrl_cave_external.yaml;...(+5),Prior artifact or parameter/search reference found before P02 freeze; exclude exact window from confirmatory denominator.
afrl,cemetery_fl,110,250,second,460,true,true,true,DEVELOPMENT_ONLY,logs/afrl_cave_v31/external_hybrid_xfeat_every2_may28_srcdiag_cem_fl_110_140/afrl_cave_cam0_pinhole.yaml;logs/afrl_cave_v31/external_hybrid_xfeat_every2_may28_srcdiag_cem_fl_110_140/features.bag;logs/afrl_cave_v31/external_hybrid_xfeat_every2_may28_srcdiag_cem_fl_110_140/frontend_metrics.csv;logs/afrl_cave_v31/external_hybrid_xfeat_every2_may28_srcdiag_cem_fl_110_140/replay_manifest.txt;logs/afrl_cave_v31/external_hybrid_xfeat_every2_may28_srcdiag_cem_fl_110_140/replay_manifest.txt:1;logs/afrl_cave_v31/external_hybrid_xfeat_every2_may28_srcdiag_cem_fl_110_140/replay_manifest.txt:2;logs/afrl_cave_v31/external_hybrid_xfeat_every2_may28_srcdiag_cem_fl_110_140/replay_manifest.txt:3;logs/afrl_cave_v31/external_hybrid_xfeat_every2_may28_srcdiag_cem_fl_110_140/replay_manifest.txt:4;logs/afrl_cave_v31/external_hybrid_xfeat_every2_may28_srcdiag_cem_fl_110_140/replay_manifest.txt:5;logs/afrl_cave_v31/external_hybrid_xfeat_every2_may28_srcdiag_cem_fl_110_140/replay_manifest.txt:6;logs/afrl_cave_v31/external_hybrid_xfeat_every2_may28_srcdiag_cem_fl_110_140/vins_afrl_cave_external.yaml;logs/afrl_cave_v31/external_hybrid_xfeat_every2_may28_srcscan_cem_fl_110_140/afrl_cave_cam0_pinhole.yaml;...(+448),Prior artifact or parameter/search reference found before P02 freeze; exclude exact window from confirmatory denominator.
afrl,cemetery_fl,140,170,second,11,true,true,true,DEVELOPMENT_ONLY,logs/afrl_cave_v31_may28_source_audit/external_hybrid_xfeat_every2_may28_srcaudit_fl_140_30/afrl_cave_cam0_pinhole.yaml;logs/afrl_cave_v31_may28_source_audit/external_hybrid_xfeat_every2_may28_srcaudit_fl_140_30/features.bag;logs/afrl_cave_v31_may28_source_audit/external_hybrid_xfeat_every2_may28_srcaudit_fl_140_30/frontend_metrics.csv;logs/afrl_cave_v31_may28_source_audit/external_hybrid_xfeat_every2_may28_srcaudit_fl_140_30/replay_manifest.txt;logs/afrl_cave_v31_may28_source_audit/external_hybrid_xfeat_every2_may28_srcaudit_fl_140_30/replay_manifest.txt:1;logs/afrl_cave_v31_may28_source_audit/external_hybrid_xfeat_every2_may28_srcaudit_fl_140_30/replay_manifest.txt:2;logs/afrl_cave_v31_may28_source_audit/external_hybrid_xfeat_every2_may28_srcaudit_fl_140_30/replay_manifest.txt:3;logs/afrl_cave_v31_may28_source_audit/external_hybrid_xfeat_every2_may28_srcaudit_fl_140_30/replay_manifest.txt:4;logs/afrl_cave_v31_may28_source_audit/external_hybrid_xfeat_every2_may28_srcaudit_fl_140_30/replay_manifest.txt:5;logs/afrl_cave_v31_may28_source_audit/external_hybrid_xfeat_every2_may28_srcaudit_fl_140_30/replay_manifest.txt:6;logs/afrl_cave_v31_may28_source_audit/external_hybrid_xfeat_every2_may28_srcaudit_fl_140_30/vins_afrl_cave_external.yaml,Prior artifact or parameter/search reference found before P02 freeze; exclude exact window from confirmatory denominator.
afrl,cemetery_fl,140,300,second,181,true,true,false,DEVELOPMENT_ONLY,logs/afrl_cemetery_v31/afrl_fl_140_160_evidence_summary.csv;logs/afrl_cemetery_v31/external_klt_every1_formal150_fl_140_160/afrl_cave_cam0_pinhole.yaml;logs/afrl_cemetery_v31/external_klt_every1_formal150_fl_140_160/ape.txt;logs/afrl_cemetery_v31/external_klt_every1_formal150_fl_140_160/ape.txt:1;logs/afrl_cemetery_v31/external_klt_every1_formal150_fl_140_160/ape.txt:10;logs/afrl_cemetery_v31/external_klt_every1_formal150_fl_140_160/ape.txt:11;logs/afrl_cemetery_v31/external_klt_every1_formal150_fl_140_160/ape.txt:12;logs/afrl_cemetery_v31/external_klt_every1_formal150_fl_140_160/ape.txt:13;logs/afrl_cemetery_v31/external_klt_every1_formal150_fl_140_160/ape.txt:14;logs/afrl_cemetery_v31/external_klt_every1_formal150_fl_140_160/ape.txt:15;logs/afrl_cemetery_v31/external_klt_every1_formal150_fl_140_160/ape.txt:16;logs/afrl_cemetery_v31/external_klt_every1_formal150_fl_140_160/ape.txt:17;...(+169),Prior artifact or parameter/search reference found before P02 freeze; exclude exact window from confirmatory denominator.
afrl,cemetery_fl,140,310,second,18,true,true,true,DEVELOPMENT_ONLY,logs/afrl_cave_v31/external_hybrid_xfeat_every2_may28_srcdiag_cem_fl_140_170/afrl_cave_cam0_pinhole.yaml;logs/afrl_cave_v31/external_hybrid_xfeat_every2_may28_srcdiag_cem_fl_140_170/features.bag;logs/afrl_cave_v31/external_hybrid_xfeat_every2_may28_srcdiag_cem_fl_140_170/frontend_metrics.csv;logs/afrl_cave_v31/external_hybrid_xfeat_every2_may28_srcdiag_cem_fl_140_170/replay_manifest.txt;logs/afrl_cave_v31/external_hybrid_xfeat_every2_may28_srcdiag_cem_fl_140_170/replay_manifest.txt:1;logs/afrl_cave_v31/external_hybrid_xfeat_every2_may28_srcdiag_cem_fl_140_170/replay_manifest.txt:2;logs/afrl_cave_v31/external_hybrid_xfeat_every2_may28_srcdiag_cem_fl_140_170/replay_manifest.txt:3;logs/afrl_cave_v31/external_hybrid_xfeat_every2_may28_srcdiag_cem_fl_140_170/replay_manifest.txt:4;logs/afrl_cave_v31/external_hybrid_xfeat_every2_may28_srcdiag_cem_fl_140_170/replay_manifest.txt:5;logs/afrl_cave_v31/external_hybrid_xfeat_every2_may28_srcdiag_cem_fl_140_170/replay_manifest.txt:6;logs/afrl_cave_v31/external_hybrid_xfeat_every2_may28_srcdiag_cem_fl_140_170/vins_afrl_cave_external.yaml;logs/afrl_cave_v31/external_hybrid_xfeat_every3_may19_screen_afrl_fl_140_170_xfeat_strictgrid076/afrl_cave_cam0_pinhole.yaml;...(+6),Prior artifact or parameter/search reference found before P02 freeze; exclude exact window from confirmatory denominator.
afrl,cemetery_fl,170,200,second,16,true,true,true,DEVELOPMENT_ONLY,logs/afrl_cave_v31_may28_source_audit/external_hybrid_xfeat_every2_may28_srcaudit_fl_170_30/afrl_cave_cam0_pinhole.yaml;logs/afrl_cave_v31_may28_source_audit/external_hybrid_xfeat_every2_may28_srcaudit_fl_170_30/features.bag;logs/afrl_cave_v31_may28_source_audit/external_hybrid_xfeat_every2_may28_srcaudit_fl_170_30/frontend_metrics.csv;logs/afrl_cave_v31_may28_source_audit/external_hybrid_xfeat_every2_may28_srcaudit_fl_170_30/replay_manifest.txt;logs/afrl_cave_v31_may28_source_audit/external_hybrid_xfeat_every2_may28_srcaudit_fl_170_30/replay_manifest.txt:1;logs/afrl_cave_v31_may28_source_audit/external_hybrid_xfeat_every2_may28_srcaudit_fl_170_30/replay_manifest.txt:2;logs/afrl_cave_v31_may28_source_audit/external_hybrid_xfeat_every2_may28_srcaudit_fl_170_30/replay_manifest.txt:3;logs/afrl_cave_v31_may28_source_audit/external_hybrid_xfeat_every2_may28_srcaudit_fl_170_30/replay_manifest.txt:4;logs/afrl_cave_v31_may28_source_audit/external_hybrid_xfeat_every2_may28_srcaudit_fl_170_30/replay_manifest.txt:5;logs/afrl_cave_v31_may28_source_audit/external_hybrid_xfeat_every2_may28_srcaudit_fl_170_30/replay_manifest.txt:6;logs/afrl_cave_v31_may28_source_audit/external_hybrid_xfeat_every2_may28_srcaudit_fl_170_30/vins_afrl_cave_external.yaml;正反例窗口整理/反例窗口说明.md:272;...(+4),Prior artifact or parameter/search reference found before P02 freeze; exclude exact window from confirmatory denominator.
afrl,cemetery_fl,170,370,second,498,true,true,true,DEVELOPMENT_ONLY,logs/afrl_cave_v31/existing_replay_jun28_seedchain_afrl_fl170_200_drop_lineage/afrl_cave_cam0_pinhole.yaml;logs/afrl_cave_v31/existing_replay_jun28_seedchain_afrl_fl170_200_drop_lineage/ape.txt;logs/afrl_cave_v31/existing_replay_jun28_seedchain_afrl_fl170_200_drop_lineage/ape.txt:1;logs/afrl_cave_v31/existing_replay_jun28_seedchain_afrl_fl170_200_drop_lineage/ape.txt:10;logs/afrl_cave_v31/existing_replay_jun28_seedchain_afrl_fl170_200_drop_lineage/ape.txt:11;logs/afrl_cave_v31/existing_replay_jun28_seedchain_afrl_fl170_200_drop_lineage/ape.txt:12;logs/afrl_cave_v31/existing_replay_jun28_seedchain_afrl_fl170_200_drop_lineage/ape.txt:13;logs/afrl_cave_v31/existing_replay_jun28_seedchain_afrl_fl170_200_drop_lineage/ape.txt:14;logs/afrl_cave_v31/existing_replay_jun28_seedchain_afrl_fl170_200_drop_lineage/ape.txt:15;logs/afrl_cave_v31/existing_replay_jun28_seedchain_afrl_fl170_200_drop_lineage/ape.txt:16;logs/afrl_cave_v31/existing_replay_jun28_seedchain_afrl_fl170_200_drop_lineage/ape.txt:17;logs/afrl_cave_v31/existing_replay_jun28_seedchain_afrl_fl170_200_drop_lineage/ape.txt:18;...(+486),Prior artifact or parameter/search reference found before P02 freeze; exclude exact window from confirmatory denominator.
afrl,cemetery_fl,190,400,second,263,true,true,false,DEVELOPMENT_ONLY,logs/afrl_cave_v31/external_hybrid_superpoint_lightglue_every1_crossdataset_afrl_fl_190_210_sp_lg_sidecar/afrl_cave_cam0_pinhole.yaml;logs/afrl_cave_v31/external_hybrid_superpoint_lightglue_every1_crossdataset_afrl_fl_190_210_sp_lg_sidecar/ape.txt;logs/afrl_cave_v31/external_hybrid_superpoint_lightglue_every1_crossdataset_afrl_fl_190_210_sp_lg_sidecar/features.bag;logs/afrl_cave_v31/external_hybrid_superpoint_lightglue_every1_crossdataset_afrl_fl_190_210_sp_lg_sidecar/frontend_metrics.csv;logs/afrl_cave_v31/external_hybrid_superpoint_lightglue_every1_crossdataset_afrl_fl_190_210_sp_lg_sidecar/roscore.log;logs/afrl_cave_v31/external_hybrid_superpoint_lightglue_every1_crossdataset_afrl_fl_190_210_sp_lg_sidecar/vins.log;logs/afrl_cave_v31/external_hybrid_superpoint_lightglue_every1_crossdataset_afrl_fl_190_210_sp_lg_sidecar/vins_afrl_cave_external.yaml;logs/afrl_cave_v31/external_hybrid_superpoint_lightglue_every1_crossdataset_afrl_fl_190_210_sp_lg_sidecar/vins_output/vio.csv;logs/afrl_cemetery_v31/external_klt_every1_formal150_fl_190_210/afrl_cave_cam0_pinhole.yaml;logs/afrl_cemetery_v31/external_klt_every1_formal150_fl_190_210/ape.txt;logs/afrl_cemetery_v31/external_klt_every1_formal150_fl_190_210/ape.txt:1;logs/afrl_cemetery_v31/external_klt_every1_formal150_fl_190_210/ape.txt:10;...(+251),Prior artifact or parameter/search reference found before P02 freeze; exclude exact window from confirmatory denominator.
afrl,cemetery_fl,20,80,second,121,true,true,true,DEVELOPMENT_ONLY,logs/afrl_cemetery_v40/fl_20_60_evidence.csv;logs/afrl_cemetery_v40/fl_20_60_evidence_v2.csv;logs/afrl_cemetery_v40/fl_20_60_klt_formal/afrl_cave_cam0_pinhole.yaml;logs/afrl_cemetery_v40/fl_20_60_klt_formal/ape.txt;logs/afrl_cemetery_v40/fl_20_60_klt_formal/ape.txt:1;logs/afrl_cemetery_v40/fl_20_60_klt_formal/ape.txt:10;logs/afrl_cemetery_v40/fl_20_60_klt_formal/ape.txt:11;logs/afrl_cemetery_v40/fl_20_60_klt_formal/ape.txt:12;logs/afrl_cemetery_v40/fl_20_60_klt_formal/ape.txt:13;logs/afrl_cemetery_v40/fl_20_60_klt_formal/ape.txt:14;logs/afrl_cemetery_v40/fl_20_60_klt_formal/ape.txt:15;logs/afrl_cemetery_v40/fl_20_60_klt_formal/ape.txt:16;...(+109),Prior artifact or parameter/search reference found before P02 freeze; exclude exact window from confirmatory denominator.
afrl,cemetery_fl,200,230,second,11,true,true,true,DEVELOPMENT_ONLY,logs/afrl_cave_v31_may28_source_audit/external_hybrid_xfeat_every2_may28_srcaudit_fl_200_30/afrl_cave_cam0_pinhole.yaml;logs/afrl_cave_v31_may28_source_audit/external_hybrid_xfeat_every2_may28_srcaudit_fl_200_30/features.bag;logs/afrl_cave_v31_may28_source_audit/external_hybrid_xfeat_every2_may28_srcaudit_fl_200_30/frontend_metrics.csv;logs/afrl_cave_v31_may28_source_audit/external_hybrid_xfeat_every2_may28_srcaudit_fl_200_30/replay_manifest.txt;logs/afrl_cave_v31_may28_source_audit/external_hybrid_xfeat_every2_may28_srcaudit_fl_200_30/replay_manifest.txt:1;logs/afrl_cave_v31_may28_source_audit/external_hybrid_xfeat_every2_may28_srcaudit_fl_200_30/replay_manifest.txt:2;logs/afrl_cave_v31_may28_source_audit/external_hybrid_xfeat_every2_may28_srcaudit_fl_200_30/replay_manifest.txt:3;logs/afrl_cave_v31_may28_source_audit/external_hybrid_xfeat_every2_may28_srcaudit_fl_200_30/replay_manifest.txt:4;logs/afrl_cave_v31_may28_source_audit/external_hybrid_xfeat_every2_may28_srcaudit_fl_200_30/replay_manifest.txt:5;logs/afrl_cave_v31_may28_source_audit/external_hybrid_xfeat_every2_may28_srcaudit_fl_200_30/replay_manifest.txt:6;logs/afrl_cave_v31_may28_source_audit/external_hybrid_xfeat_every2_may28_srcaudit_fl_200_30/vins_afrl_cave_external.yaml,Prior artifact or parameter/search reference found before P02 freeze; exclude exact window from confirmatory denominator.
afrl,cemetery_fl,200,430,second,18,true,true,true,DEVELOPMENT_ONLY,logs/afrl_cave_v31/external_hybrid_xfeat_every2_may28_srcdiag_cem_fl_200_230/afrl_cave_cam0_pinhole.yaml;logs/afrl_cave_v31/external_hybrid_xfeat_every2_may28_srcdiag_cem_fl_200_230/features.bag;logs/afrl_cave_v31/external_hybrid_xfeat_every2_may28_srcdiag_cem_fl_200_230/frontend_metrics.csv;logs/afrl_cave_v31/external_hybrid_xfeat_every2_may28_srcdiag_cem_fl_200_230/replay_manifest.txt;logs/afrl_cave_v31/external_hybrid_xfeat_every2_may28_srcdiag_cem_fl_200_230/replay_manifest.txt:1;logs/afrl_cave_v31/external_hybrid_xfeat_every2_may28_srcdiag_cem_fl_200_230/replay_manifest.txt:2;logs/afrl_cave_v31/external_hybrid_xfeat_every2_may28_srcdiag_cem_fl_200_230/replay_manifest.txt:3;logs/afrl_cave_v31/external_hybrid_xfeat_every2_may28_srcdiag_cem_fl_200_230/replay_manifest.txt:4;logs/afrl_cave_v31/external_hybrid_xfeat_every2_may28_srcdiag_cem_fl_200_230/replay_manifest.txt:5;logs/afrl_cave_v31/external_hybrid_xfeat_every2_may28_srcdiag_cem_fl_200_230/replay_manifest.txt:6;logs/afrl_cave_v31/external_hybrid_xfeat_every2_may28_srcdiag_cem_fl_200_230/vins_afrl_cave_external.yaml;logs/afrl_cave_v31/external_hybrid_xfeat_every3_may19_screen_afrl_fl_200_230_xfeat_strictgrid076/afrl_cave_cam0_pinhole.yaml;...(+6),Prior artifact or parameter/search reference found before P02 freeze; exclude exact window from confirmatory denominator.
afrl,cemetery_fl,230,260,second,7,true,true,true,DEVELOPMENT_ONLY,logs/may20c_paper_sidecar_evidence_matrix_raw.md:12;logs/paper_sidecar_evidence_matrix.md:12;logs/paper_sidecar_evidence_matrix_final.md:12;logs/paper_sidecar_evidence_matrix_with_new.md:12;logs/paper_sidecar_experiment_status.md:27;logs/subagent_noharm_recheck.md:87;scripts/make_paper_sidecar_evidence_matrix.py:177,Prior artifact or parameter/search reference found before P02 freeze; exclude exact window from confirmatory denominator.
afrl,cemetery_fl,230,490,second,472,true,true,true,DEVELOPMENT_ONLY,logs/afrl_cave_v31/existing_replay_may21_afrl_fl_230_260_klt_envlocked_delay3_rep1/afrl_cave_cam0_pinhole.yaml;logs/afrl_cave_v31/existing_replay_may21_afrl_fl_230_260_klt_envlocked_delay3_rep1/ape.txt;logs/afrl_cave_v31/existing_replay_may21_afrl_fl_230_260_klt_envlocked_delay3_rep1/ape.txt:1;logs/afrl_cave_v31/existing_replay_may21_afrl_fl_230_260_klt_envlocked_delay3_rep1/ape.txt:10;logs/afrl_cave_v31/existing_replay_may21_afrl_fl_230_260_klt_envlocked_delay3_rep1/ape.txt:11;logs/afrl_cave_v31/existing_replay_may21_afrl_fl_230_260_klt_envlocked_delay3_rep1/ape.txt:12;logs/afrl_cave_v31/existing_replay_may21_afrl_fl_230_260_klt_envlocked_delay3_rep1/ape.txt:13;logs/afrl_cave_v31/existing_replay_may21_afrl_fl_230_260_klt_envlocked_delay3_rep1/ape.txt:14;logs/afrl_cave_v31/existing_replay_may21_afrl_fl_230_260_klt_envlocked_delay3_rep1/ape.txt:15;logs/afrl_cave_v31/existing_replay_may21_afrl_fl_230_260_klt_envlocked_delay3_rep1/ape.txt:16;logs/afrl_cave_v31/existing_replay_may21_afrl_fl_230_260_klt_envlocked_delay3_rep1/ape.txt:17;logs/afrl_cave_v31/existing_replay_may21_afrl_fl_230_260_klt_envlocked_delay3_rep1/ape.txt:18;...(+460),Prior artifact or parameter/search reference found before P02 freeze; exclude exact window from confirmatory denominator.
afrl,cemetery_fl,240,560,second,10,true,true,true,DEVELOPMENT_ONLY,logs/agent_loftr_extreme_only/afrl_fl_240_320_extreme_only.csv;logs/agent_loftr_extreme_only/afrl_fl_240_320_extreme_only_nofallback.csv;logs/agent_loftr_extreme_only_incremental/report.md:36;logs/agent_non_a06_frontend_20260518/raw/afrl_fl_240_320_240_320_klt_adaptive_clahe.csv;logs/agent_non_a06_frontend_20260518/raw/afrl_fl_240_320_240_320_klt_adaptive_clahe.log;logs/agent_non_a06_frontend_20260518/raw/afrl_fl_240_320_240_320_loftr_extreme_sp_lg.csv;logs/agent_non_a06_frontend_20260518/raw/afrl_fl_240_320_240_320_loftr_extreme_sp_lg.log;logs/agent_non_a06_frontend_20260518/raw/afrl_fl_240_320_240_320_normal_safe_sp_lg.csv;logs/agent_non_a06_frontend_20260518/raw/afrl_fl_240_320_240_320_normal_safe_sp_lg.log;logs/supervision_patch2_candidate_supervise.md:5,Prior artifact or parameter/search reference found before P02 freeze; exclude exact window from confirmatory denominator.
afrl,cemetery_fl,260,290,second,11,true,true,true,DEVELOPMENT_ONLY,logs/afrl_cave_v31_may28_source_audit/external_hybrid_xfeat_every2_may28_srcaudit_fl_260_30/afrl_cave_cam0_pinhole.yaml;logs/afrl_cave_v31_may28_source_audit/external_hybrid_xfeat_every2_may28_srcaudit_fl_260_30/features.bag;logs/afrl_cave_v31_may28_source_audit/external_hybrid_xfeat_every2_may28_srcaudit_fl_260_30/frontend_metrics.csv;logs/afrl_cave_v31_may28_source_audit/external_hybrid_xfeat_every2_may28_srcaudit_fl_260_30/replay_manifest.txt;logs/afrl_cave_v31_may28_source_audit/external_hybrid_xfeat_every2_may28_srcaudit_fl_260_30/replay_manifest.txt:1;logs/afrl_cave_v31_may28_source_audit/external_hybrid_xfeat_every2_may28_srcaudit_fl_260_30/replay_manifest.txt:2;logs/afrl_cave_v31_may28_source_audit/external_hybrid_xfeat_every2_may28_srcaudit_fl_260_30/replay_manifest.txt:3;logs/afrl_cave_v31_may28_source_audit/external_hybrid_xfeat_every2_may28_srcaudit_fl_260_30/replay_manifest.txt:4;logs/afrl_cave_v31_may28_source_audit/external_hybrid_xfeat_every2_may28_srcaudit_fl_260_30/replay_manifest.txt:5;logs/afrl_cave_v31_may28_source_audit/external_hybrid_xfeat_every2_may28_srcaudit_fl_260_30/replay_manifest.txt:6;logs/afrl_cave_v31_may28_source_audit/external_hybrid_xfeat_every2_may28_srcaudit_fl_260_30/vins_afrl_cave_external.yaml,Prior artifact or parameter/search reference found before P02 freeze; exclude exact window from confirmatory denominator.
afrl,cemetery_fl,260,550,second,116,true,true,true,DEVELOPMENT_ONLY,logs/afrl_cave_v31/external_hybrid_xfeat_every2_may28_srcdiag_cem_fl_260_290/afrl_cave_cam0_pinhole.yaml;logs/afrl_cave_v31/external_hybrid_xfeat_every2_may28_srcdiag_cem_fl_260_290/features.bag;logs/afrl_cave_v31/external_hybrid_xfeat_every2_may28_srcdiag_cem_fl_260_290/frontend_metrics.csv;logs/afrl_cave_v31/external_hybrid_xfeat_every2_may28_srcdiag_cem_fl_260_290/replay_manifest.txt;logs/afrl_cave_v31/external_hybrid_xfeat_every2_may28_srcdiag_cem_fl_260_290/replay_manifest.txt:1;logs/afrl_cave_v31/external_hybrid_xfeat_every2_may28_srcdiag_cem_fl_260_290/replay_manifest.txt:2;logs/afrl_cave_v31/external_hybrid_xfeat_every2_may28_srcdiag_cem_fl_260_290/replay_manifest.txt:3;logs/afrl_cave_v31/external_hybrid_xfeat_every2_may28_srcdiag_cem_fl_260_290/replay_manifest.txt:4;logs/afrl_cave_v31/external_hybrid_xfeat_every2_may28_srcdiag_cem_fl_260_290/replay_manifest.txt:5;logs/afrl_cave_v31/external_hybrid_xfeat_every2_may28_srcdiag_cem_fl_260_290/replay_manifest.txt:6;logs/afrl_cave_v31/external_hybrid_xfeat_every2_may28_srcdiag_cem_fl_260_290/vins_afrl_cave_external.yaml;logs/afrl_cave_v31/external_hybrid_xfeat_every3_may19_countgate220_afrl_fl_260_290_xfeat/afrl_cave_cam0_pinhole.yaml;...(+104),Prior artifact or parameter/search reference found before P02 freeze; exclude exact window from confirmatory denominator.
afrl,cemetery_fl,290,610,second,119,true,true,true,DEVELOPMENT_ONLY,logs/afrl_cave_v31/external_hybrid_xfeat_every2_may28_srcdiag_cem_fl_290_320/afrl_cave_cam0_pinhole.yaml;logs/afrl_cave_v31/external_hybrid_xfeat_every2_may28_srcdiag_cem_fl_290_320/drop_learned_lineage_stats.csv;logs/afrl_cave_v31/external_hybrid_xfeat_every2_may28_srcdiag_cem_fl_290_320/features.bag;logs/afrl_cave_v31/external_hybrid_xfeat_every2_may28_srcdiag_cem_fl_290_320/features_drop_learned_lineage.bag;logs/afrl_cave_v31/external_hybrid_xfeat_every2_may28_srcdiag_cem_fl_290_320/frontend_metrics.csv;logs/afrl_cave_v31/external_hybrid_xfeat_every2_may28_srcdiag_cem_fl_290_320/replay_manifest.txt;logs/afrl_cave_v31/external_hybrid_xfeat_every2_may28_srcdiag_cem_fl_290_320/replay_manifest.txt:1;logs/afrl_cave_v31/external_hybrid_xfeat_every2_may28_srcdiag_cem_fl_290_320/replay_manifest.txt:2;logs/afrl_cave_v31/external_hybrid_xfeat_every2_may28_srcdiag_cem_fl_290_320/replay_manifest.txt:3;logs/afrl_cave_v31/external_hybrid_xfeat_every2_may28_srcdiag_cem_fl_290_320/replay_manifest.txt:4;logs/afrl_cave_v31/external_hybrid_xfeat_every2_may28_srcdiag_cem_fl_290_320/replay_manifest.txt:5;logs/afrl_cave_v31/external_hybrid_xfeat_every2_may28_srcdiag_cem_fl_290_320/replay_manifest.txt:6;...(+107),Prior artifact or parameter/search reference found before P02 freeze; exclude exact window from confirmatory denominator.
afrl,cemetery_fl,300,620,second,48,true,true,false,DEVELOPMENT_ONLY,logs/afrl_cemetery_v31/external_klt_every1_formal150_fl_300_320/afrl_cave_cam0_pinhole.yaml;logs/afrl_cemetery_v31/external_klt_every1_formal150_fl_300_320/ape.txt;logs/afrl_cemetery_v31/external_klt_every1_formal150_fl_300_320/ape.txt:1;logs/afrl_cemetery_v31/external_klt_every1_formal150_fl_300_320/ape.txt:10;logs/afrl_cemetery_v31/external_klt_every1_formal150_fl_300_320/ape.txt:11;logs/afrl_cemetery_v31/external_klt_every1_formal150_fl_300_320/ape.txt:12;logs/afrl_cemetery_v31/external_klt_every1_formal150_fl_300_320/ape.txt:13;logs/afrl_cemetery_v31/external_klt_every1_formal150_fl_300_320/ape.txt:14;logs/afrl_cemetery_v31/external_klt_every1_formal150_fl_300_320/ape.txt:15;logs/afrl_cemetery_v31/external_klt_every1_formal150_fl_300_320/ape.txt:16;logs/afrl_cemetery_v31/external_klt_every1_formal150_fl_300_320/ape.txt:17;logs/afrl_cemetery_v31/external_klt_every1_formal150_fl_300_320/ape.txt:18;...(+36),Prior artifact or parameter/search reference found before P02 freeze; exclude exact window from confirmatory denominator.
afrl,cemetery_fl,300,659,second,3,true,false,true,DEVELOPMENT_ONLY,logs/low_texture_window_search_20260522_continued/continued_frontend_matrix_may23_extra/afrl_cemetery_fl_300_359_full_xfeat_loftr.csv;logs/low_texture_window_search_20260522_continued/continued_frontend_matrix_may23_extra/afrl_cemetery_fl_300_359_klt_adaptive_clahe.csv;logs/low_texture_window_search_20260522_continued/continued_frontend_matrix_may23_extra/afrl_cemetery_fl_300_359_loftr_sparse_probe.csv,Prior artifact or parameter/search reference found before P02 freeze; exclude exact window from confirmatory denominator.
afrl,cemetery_fl,310,669,second,6,true,true,true,DEVELOPMENT_ONLY,logs/may24_continue_afrl_fl_310_359_quality_coverage_loftr_v3.csv;logs/prepared_new_frontend_probe/afrl_cemetery_fl_310_359_hybrid_xfeat_loftr.csv;logs/subagent_low_texture_candidates_jason.md:16;logs/subagent_may24_lowtexture_export_scan/afrl_fl_310_359_klt.csv;logs/subagent_may24_lowtexture_export_scan/run_logs/afrl_fl_310_359_klt.log;logs/subagent_may24_lowtexture_export_scan/summary.md:65,Prior artifact or parameter/search reference found before P02 freeze; exclude exact window from confirmatory denominator.
afrl,cemetery_fl,320,350,second,11,true,true,true,DEVELOPMENT_ONLY,logs/afrl_cave_v31_may28_source_audit/external_hybrid_xfeat_every2_may28_srcaudit_fl_320_30/afrl_cave_cam0_pinhole.yaml;logs/afrl_cave_v31_may28_source_audit/external_hybrid_xfeat_every2_may28_srcaudit_fl_320_30/features.bag;logs/afrl_cave_v31_may28_source_audit/external_hybrid_xfeat_every2_may28_srcaudit_fl_320_30/frontend_metrics.csv;logs/afrl_cave_v31_may28_source_audit/external_hybrid_xfeat_every2_may28_srcaudit_fl_320_30/replay_manifest.txt;logs/afrl_cave_v31_may28_source_audit/external_hybrid_xfeat_every2_may28_srcaudit_fl_320_30/replay_manifest.txt:1;logs/afrl_cave_v31_may28_source_audit/external_hybrid_xfeat_every2_may28_srcaudit_fl_320_30/replay_manifest.txt:2;logs/afrl_cave_v31_may28_source_audit/external_hybrid_xfeat_every2_may28_srcaudit_fl_320_30/replay_manifest.txt:3;logs/afrl_cave_v31_may28_source_audit/external_hybrid_xfeat_every2_may28_srcaudit_fl_320_30/replay_manifest.txt:4;logs/afrl_cave_v31_may28_source_audit/external_hybrid_xfeat_every2_may28_srcaudit_fl_320_30/replay_manifest.txt:5;logs/afrl_cave_v31_may28_source_audit/external_hybrid_xfeat_every2_may28_srcaudit_fl_320_30/replay_manifest.txt:6;logs/afrl_cave_v31_may28_source_audit/external_hybrid_xfeat_every2_may28_srcaudit_fl_320_30/vins_afrl_cave_external.yaml,Prior artifact or parameter/search reference found before P02 freeze; exclude exact window from confirmatory denominator.
afrl,cemetery_fl,320,660,second,117,true,true,false,DEVELOPMENT_ONLY,logs/afrl_cave_v31/external_hybrid_superpoint_lightglue_every2_may26_export_afrl_bus_fl_320_340_splg_loftr/afrl_cave_cam0_pinhole.yaml;logs/afrl_cave_v31/external_hybrid_superpoint_lightglue_every2_may26_export_afrl_bus_fl_320_340_splg_loftr/features.bag;logs/afrl_cave_v31/external_hybrid_superpoint_lightglue_every2_may26_export_afrl_bus_fl_320_340_splg_loftr/frontend_metrics.csv;logs/afrl_cave_v31/external_hybrid_superpoint_lightglue_every2_may26_export_afrl_bus_fl_320_340_splg_loftr/vins_afrl_cave_external.yaml;logs/afrl_cave_v31/external_hybrid_xfeat_every2_may26_export_afrl_bus_fl_320_340_xfeat_safe/afrl_cave_cam0_pinhole.yaml;logs/afrl_cave_v31/external_hybrid_xfeat_every2_may26_export_afrl_bus_fl_320_340_xfeat_safe/features.bag;logs/afrl_cave_v31/external_hybrid_xfeat_every2_may26_export_afrl_bus_fl_320_340_xfeat_safe/frontend_metrics.csv;logs/afrl_cave_v31/external_hybrid_xfeat_every2_may26_export_afrl_bus_fl_320_340_xfeat_safe/vins_afrl_cave_external.yaml;logs/afrl_cave_v31/external_hybrid_xfeat_every2_may26_scan_bus_fl_320_340_xfeat_safe_w20/afrl_cave_cam0_pinhole.yaml;logs/afrl_cave_v31/external_hybrid_xfeat_every2_may26_scan_bus_fl_320_340_xfeat_safe_w20/drop_learned_lineage_stats.csv;logs/afrl_cave_v31/external_hybrid_xfeat_every2_may26_scan_bus_fl_320_340_xfeat_safe_w20/features.bag;logs/afrl_cave_v31/external_hybrid_xfeat_every2_may26_scan_bus_fl_320_340_xfeat_safe_w20/features_drop_learned_lineage.bag;...(+105),Prior artifact or parameter/search reference found before P02 freeze; exclude exact window from confirmatory denominator.
afrl,cemetery_fl,3290,6825,second,1,true,true,true,DEVELOPMENT_ONLY,logs/agent_low_texture_candidates.md:114,Prior artifact or parameter/search reference found before P02 freeze; exclude exact window from confirmatory denominator.
afrl,cemetery_fl,330,680,second,10,true,true,false,DEVELOPMENT_ONLY,logs/afrl_cave_v31/external_hybrid_superpoint_lightglue_every2_may26_export_afrl_bus_fl_330_350_splg_loftr/afrl_cave_cam0_pinhole.yaml;logs/afrl_cave_v31/external_hybrid_superpoint_lightglue_every2_may26_export_afrl_bus_fl_330_350_splg_loftr/features.bag;logs/afrl_cave_v31/external_hybrid_superpoint_lightglue_every2_may26_export_afrl_bus_fl_330_350_splg_loftr/frontend_metrics.csv;logs/afrl_cave_v31/external_hybrid_superpoint_lightglue_every2_may26_export_afrl_bus_fl_330_350_splg_loftr/vins_afrl_cave_external.yaml;logs/afrl_cave_v31/external_hybrid_xfeat_every2_may26_export_afrl_bus_fl_330_350_xfeat_safe/afrl_cave_cam0_pinhole.yaml;logs/afrl_cave_v31/external_hybrid_xfeat_every2_may26_export_afrl_bus_fl_330_350_xfeat_safe/features.bag;logs/afrl_cave_v31/external_hybrid_xfeat_every2_may26_export_afrl_bus_fl_330_350_xfeat_safe/frontend_metrics.csv;logs/afrl_cave_v31/external_hybrid_xfeat_every2_may26_export_afrl_bus_fl_330_350_xfeat_safe/vins_afrl_cave_external.yaml;logs/jun01_deleted_afrl_short_bags.txt:107;logs/jun01_deleted_afrl_short_bags.txt:173,Prior artifact or parameter/search reference found before P02 freeze; exclude exact window from confirmatory denominator.
afrl,cemetery_fl,350,380,second,5,true,true,true,DEVELOPMENT_ONLY,logs/afrl_cave_v31_may28_source_audit/external_hybrid_xfeat_every2_may28_srcaudit_fl_350_30/afrl_cave_cam0_pinhole.yaml;logs/afrl_cave_v31_may28_source_audit/external_hybrid_xfeat_every2_may28_srcaudit_fl_350_30/features.bag;logs/afrl_cave_v31_may28_source_audit/external_hybrid_xfeat_every2_may28_srcaudit_fl_350_30/frontend_metrics.csv;logs/afrl_cave_v31_may28_source_audit/external_hybrid_xfeat_every2_may28_srcaudit_fl_350_30/vins_afrl_cave_external.yaml;logs/jun23_xfeat_search_aqualoc_afrl_subagent.md:37,Prior artifact or parameter/search reference found before P02 freeze; exclude exact window from confirmatory denominator.
afrl,cemetery_fl,380,390,second,13,true,true,true,DEVELOPMENT_ONLY,logs/formal_three_layer_source_audit_may28/may28_formal_short_hybrid_xfeat_fl_380_10.export.log;logs/formal_three_layer_source_audit_may28/may28_formal_short_hybrid_xfeat_fl_380_10/afrl_cave_cam0_pinhole.yaml;logs/formal_three_layer_source_audit_may28/may28_formal_short_hybrid_xfeat_fl_380_10/features.bag;logs/formal_three_layer_source_audit_may28/may28_formal_short_hybrid_xfeat_fl_380_10/frontend_metrics.csv;logs/formal_three_layer_source_audit_may28/may28_formal_short_hybrid_xfeat_fl_380_10/replay_manifest.txt;logs/formal_three_layer_source_audit_may28/may28_formal_short_hybrid_xfeat_fl_380_10/replay_manifest.txt:1;logs/formal_three_layer_source_audit_may28/may28_formal_short_hybrid_xfeat_fl_380_10/replay_manifest.txt:2;logs/formal_three_layer_source_audit_may28/may28_formal_short_hybrid_xfeat_fl_380_10/replay_manifest.txt:3;logs/formal_three_layer_source_audit_may28/may28_formal_short_hybrid_xfeat_fl_380_10/replay_manifest.txt:4;logs/formal_three_layer_source_audit_may28/may28_formal_short_hybrid_xfeat_fl_380_10/replay_manifest.txt:5;logs/formal_three_layer_source_audit_may28/may28_formal_short_hybrid_xfeat_fl_380_10/replay_manifest.txt:6;logs/formal_three_layer_source_audit_may28/may28_formal_short_hybrid_xfeat_fl_380_10/vins_afrl_cave_external.yaml;...(+1),Prior artifact or parameter/search reference found before P02 freeze; exclude exact window from confirmatory denominator.
afrl,cemetery_fl,380,770,second,1,true,false,true,DEVELOPMENT_ONLY,logs/may28_afrl_continued_source_audit.md:50,Prior artifact or parameter/search reference found before P02 freeze; exclude exact window from confirmatory denominator.
afrl,cemetery_fl,380,780,second,590,true,true,true,DEVELOPMENT_ONLY,logs/afrl_cave_v31/external_hybrid_xfeat_every2_may24_afrl_fl_380_400_xfeat_export/afrl_cave_cam0_pinhole.yaml;logs/afrl_cave_v31/external_hybrid_xfeat_every2_may24_afrl_fl_380_400_xfeat_export/ape.txt;logs/afrl_cave_v31/external_hybrid_xfeat_every2_may24_afrl_fl_380_400_xfeat_export/ape.txt:1;logs/afrl_cave_v31/external_hybrid_xfeat_every2_may24_afrl_fl_380_400_xfeat_export/ape.txt:10;logs/afrl_cave_v31/external_hybrid_xfeat_every2_may24_afrl_fl_380_400_xfeat_export/ape.txt:11;logs/afrl_cave_v31/external_hybrid_xfeat_every2_may24_afrl_fl_380_400_xfeat_export/ape.txt:12;logs/afrl_cave_v31/external_hybrid_xfeat_every2_may24_afrl_fl_380_400_xfeat_export/ape.txt:13;logs/afrl_cave_v31/external_hybrid_xfeat_every2_may24_afrl_fl_380_400_xfeat_export/ape.txt:14;logs/afrl_cave_v31/external_hybrid_xfeat_every2_may24_afrl_fl_380_400_xfeat_export/ape.txt:15;logs/afrl_cave_v31/external_hybrid_xfeat_every2_may24_afrl_fl_380_400_xfeat_export/ape.txt:16;logs/afrl_cave_v31/external_hybrid_xfeat_every2_may24_afrl_fl_380_400_xfeat_export/ape.txt:17;logs/afrl_cave_v31/external_hybrid_xfeat_every2_may24_afrl_fl_380_400_xfeat_export/ape.txt:18;...(+578),Prior artifact or parameter/search reference found before P02 freeze; exclude exact window from confirmatory denominator.
afrl,cemetery_fl,40,140,second,8,true,false,false,DEVELOPMENT_ONLY,logs/agent_non_a06_frontend_20260518/raw/afrl_fl_40_100_40_100_full_xfeat_loftr.csv;logs/agent_non_a06_frontend_20260518/raw/afrl_fl_40_100_40_100_full_xfeat_loftr.log;logs/agent_non_a06_frontend_20260518/raw/afrl_fl_40_100_40_100_klt_adaptive_clahe.csv;logs/agent_non_a06_frontend_20260518/raw/afrl_fl_40_100_40_100_klt_adaptive_clahe.log;logs/agent_non_a06_frontend_20260518/raw/afrl_fl_40_100_40_100_loftr_extreme_sp_lg.csv;logs/agent_non_a06_frontend_20260518/raw/afrl_fl_40_100_40_100_loftr_extreme_sp_lg.log;logs/agent_non_a06_frontend_20260518/raw/afrl_fl_40_100_40_100_normal_safe_sp_lg.csv;logs/agent_non_a06_frontend_20260518/raw/afrl_fl_40_100_40_100_normal_safe_sp_lg.log,Prior artifact or parameter/search reference found before P02 freeze; exclude exact window from confirmatory denominator.
afrl,cemetery_fl,620,1340,second,1,true,false,true,DEVELOPMENT_ONLY,logs/agent_loftr_trigger_search_20260514/afrl_fl_620_720_loftr_extreme_only.csv,Prior artifact or parameter/search reference found before P02 freeze; exclude exact window from confirmatory denominator.
afrl,cemetery_fl,640,1360,second,3,true,false,true,DEVELOPMENT_ONLY,logs/low_texture_window_search_20260522_probe/afrl_fl_640_720_klt.csv;logs/low_texture_window_search_20260522_probe_learned/afrl_fl_640_720_three_layer_sp_lg_loftr.csv;logs/low_texture_window_search_20260522_probe_learned/pair_summary.md:7,Prior artifact or parameter/search reference found before P02 freeze; exclude exact window from confirmatory denominator.
afrl,cemetery_fl,80,190,second,1508,true,true,true,DEVELOPMENT_ONLY,logs/afrl_cave_v31/external_hybrid_superpoint_lightglue_every3_may19_probe_afrl_fl_80_110_kltdeg_loftr_splg/afrl_cave_cam0_pinhole.yaml;logs/afrl_cave_v31/external_hybrid_superpoint_lightglue_every3_may19_probe_afrl_fl_80_110_kltdeg_loftr_splg/features.bag;logs/afrl_cave_v31/external_hybrid_superpoint_lightglue_every3_may19_probe_afrl_fl_80_110_kltdeg_loftr_splg/frontend_metrics.csv;logs/afrl_cave_v31/external_hybrid_superpoint_lightglue_every3_may19_probe_afrl_fl_80_110_kltdeg_loftr_splg/vins_afrl_cave_external.yaml;logs/afrl_cave_v31/external_hybrid_superpoint_lightglue_every3_may19_probe_afrl_fl_80_110_mature_splg_loftr/afrl_cave_cam0_pinhole.yaml;logs/afrl_cave_v31/external_hybrid_superpoint_lightglue_every3_may19_probe_afrl_fl_80_110_mature_splg_loftr/features.bag;logs/afrl_cave_v31/external_hybrid_superpoint_lightglue_every3_may19_probe_afrl_fl_80_110_mature_splg_loftr/frontend_metrics.csv;logs/afrl_cave_v31/external_hybrid_superpoint_lightglue_every3_may19_probe_afrl_fl_80_110_mature_splg_loftr/vins_afrl_cave_external.yaml;logs/afrl_cave_v31/external_hybrid_superpoint_lightglue_every3_may20c_afrl_scan_fl_80_110_loftr_formal/afrl_cave_cam0_pinhole.yaml;logs/afrl_cave_v31/external_hybrid_superpoint_lightglue_every3_may20c_afrl_scan_fl_80_110_loftr_formal/features.bag;logs/afrl_cave_v31/external_hybrid_superpoint_lightglue_every3_may20c_afrl_scan_fl_80_110_loftr_formal/frontend_metrics.csv;logs/afrl_cave_v31/external_hybrid_superpoint_lightglue_every3_may20c_afrl_scan_fl_80_110_loftr_formal/vins_afrl_cave_external.yaml;...(+1496),Prior artifact or parameter/search reference found before P02 freeze; exclude exact window from confirmatory denominator.
afrl,cemetery_fl,80,200,second,6,true,true,false,DEVELOPMENT_ONLY,logs/agent_new_dataset_eval/afrl_fl_80_120_klt_adaptive_clahe.csv;logs/agent_new_dataset_eval/afrl_fl_80_120_loftr_extreme_only.csv;logs/agent_new_dataset_eval/afrl_fl_80_120_paper_normal_safe.csv;logs/agent_new_dataset_eval/new_dataset_eval_summary.md:5;logs/agent_new_dataset_eval/new_dataset_eval_summary.md:6;logs/agent_new_dataset_eval/new_dataset_eval_summary.md:7,Prior artifact or parameter/search reference found before P02 freeze; exclude exact window from confirmatory denominator.
afrl,cemetery_fl,80,210,second,48,true,false,true,DEVELOPMENT_ONLY,logs/agent_afrl_learned_sidecar_diagnostics/report.md:14;logs/agent_afrl_learned_sidecar_diagnostics/report.md:15;logs/agent_afrl_learned_sidecar_diagnostics/report.md:38;logs/agent_afrl_learned_sidecar_diagnostics/report.md:39;logs/supervision_diagnostics/afrl_fl_80_130_patch2_sp_lg_loftr_diag.csv;logs/supervision_diagnostics/afrl_fl_80_130_patch2_supervise.csv;logs/supervision_diagnostics/afrl_fl_80_130_patch2_supervise.md;logs/supervision_diagnostics/afrl_fl_80_130_patch2_supervise.md:1;logs/supervision_diagnostics/afrl_fl_80_130_patch2_supervise.md:2;logs/supervision_diagnostics/afrl_fl_80_130_patch2_supervise.md:3;logs/supervision_patch3/afrl_fl_80_130_patch3_sp_lg_loftr.csv;logs/supervision_patch3/afrl_fl_80_130_patch3_supervise.csv;...(+36),Prior artifact or parameter/search reference found before P02 freeze; exclude exact window from confirmatory denominator.
afrl,cemetery_fl,80,240,second,6,true,true,false,DEVELOPMENT_ONLY,logs/agent_new_dataset_eval/afrl_fl_80_160_klt_adaptive_clahe.csv;logs/agent_new_dataset_eval/afrl_fl_80_160_loftr_extreme_only.csv;logs/agent_new_dataset_eval/afrl_fl_80_160_paper_normal_safe.csv;logs/agent_new_dataset_eval/new_dataset_eval_summary.md:10;logs/agent_new_dataset_eval/new_dataset_eval_summary.md:8;logs/agent_new_dataset_eval/new_dataset_eval_summary.md:9,Prior artifact or parameter/search reference found before P02 freeze; exclude exact window from confirmatory denominator.
afrl,cemetery_fl,80,399,second,6,true,false,true,DEVELOPMENT_ONLY,logs/supervision_patch6_long/afrl_fl_80_319_klt_adaptive_clahe.csv;logs/supervision_patch6_long/afrl_fl_80_319_patch6_sp_lg_loftr.csv;logs/supervision_patch6_long/afrl_fl_80_319_patch6_xfeat_loftr.csv;logs/supervision_patch6_long/patch6_long_supervise.md:3;logs/supervision_patch6_long/patch6_multidataset_long_supervise.md:3;logs/supervision_patch6_long/patch6_xfeat_long_supervise.md:3,Prior artifact or parameter/search reference found before P02 freeze; exclude exact window from confirmatory denominator.
afrl,cemetery_fr,0,20,second,23,true,true,true,DEVELOPMENT_ONLY,logs/afrl_continued_source_audit_may28/may28_cont_splg_cem_fr_0_20/afrl_cave_cam0_pinhole.yaml;logs/afrl_continued_source_audit_may28/may28_cont_splg_cem_fr_0_20/features.bag;logs/afrl_continued_source_audit_may28/may28_cont_splg_cem_fr_0_20/frontend_metrics.csv;logs/afrl_continued_source_audit_may28/may28_cont_splg_cem_fr_0_20/replay_manifest.txt;logs/afrl_continued_source_audit_may28/may28_cont_splg_cem_fr_0_20/replay_manifest.txt:1;logs/afrl_continued_source_audit_may28/may28_cont_splg_cem_fr_0_20/replay_manifest.txt:2;logs/afrl_continued_source_audit_may28/may28_cont_splg_cem_fr_0_20/replay_manifest.txt:3;logs/afrl_continued_source_audit_may28/may28_cont_splg_cem_fr_0_20/replay_manifest.txt:4;logs/afrl_continued_source_audit_may28/may28_cont_splg_cem_fr_0_20/replay_manifest.txt:5;logs/afrl_continued_source_audit_may28/may28_cont_splg_cem_fr_0_20/replay_manifest.txt:6;logs/afrl_continued_source_audit_may28/may28_cont_splg_cem_fr_0_20/vins_afrl_cave_external.yaml;logs/afrl_continued_source_audit_may28/may28_cont_xfeat_cem_fr_0_20/afrl_cave_cam0_pinhole.yaml;...(+11),Prior artifact or parameter/search reference found before P02 freeze; exclude exact window from confirmatory denominator.
afrl,cemetery_fr,005,125,second,8,true,false,true,DEVELOPMENT_ONLY,logs/gated_eval/gated_semidense_aligned_table.md:3;logs/gated_eval/gated_semidense_aligned_table.md:4;logs/gated_eval/gated_semidense_aligned_table.md:5;logs/semidense_eval/stress_loftr_table_unaligned.md:3;logs/semidense_eval/stress_loftr_table_unaligned.md:4;logs/semidense_eval/stress_semidense_fallback_aligned_table.md:3;logs/semidense_eval/stress_semidense_fallback_aligned_table.md:4;logs/semidense_eval/stress_semidense_fallback_aligned_table.md:5,Prior artifact or parameter/search reference found before P02 freeze; exclude exact window from confirmatory denominator.
afrl,cemetery_fr,005,160,second,5,true,false,true,DEVELOPMENT_ONLY,logs/learned_positive_search/afrl_fr_005_155_hybrid_loftr.csv;logs/learned_positive_search/afrl_fr_005_155_hybrid_superpoint_lightglue.csv;logs/learned_positive_search/afrl_fr_005_155_hybrid_xfeat.csv;logs/learned_positive_search/afrl_fr_005_155_klt.csv;logs/low_texture_window_search_20260522.md:16,Prior artifact or parameter/search reference found before P02 freeze; exclude exact window from confirmatory denominator.
afrl,cemetery_fr,005,40,second,9,true,false,true,DEVELOPMENT_ONLY,logs/learned_positive_search_smoke/afrl_fr_005_035_klt_v2.csv;logs/learned_positive_search_smoke/afrl_fr_005_035_loftr_fallback_v2.csv;logs/learned_positive_search_smoke/afrl_fr_005_035_loftr_sidecar_v3.csv;logs/learned_positive_search_smoke/afrl_fr_005_035_sp_lg_sidecar_v2.csv;logs/learned_positive_search_smoke/afrl_fr_005_035_sp_lg_sidecar_v3.csv;logs/learned_positive_search_smoke/afrl_fr_005_035_xfeat_sidecar_v2.csv;logs/learned_positive_search_smoke/afrl_fr_005_035_xfeat_sidecar_v3.csv;logs/learned_positive_search_smoke/afrl_fr_005_035_xfeat_star_fallback_v2.csv;logs/learned_positive_search_smoke/afrl_fr_005_035_xfeat_star_fallback_v3.csv,Prior artifact or parameter/search reference found before P02 freeze; exclude exact window from confirmatory denominator.
afrl,cemetery_fr,005,415,second,13,true,true,true,DEVELOPMENT_ONLY,logs/agent_loftr_noharm/loftr_noharm_report.md:58;logs/agent_low_texture_candidates.md:113;logs/low_texture_window_search_20260522.md:11;logs/multidataset/afrl_cemetery_fr_005_410_hybrid.csv;logs/multidataset/afrl_cemetery_fr_005_410_hybrid_xfeat_gridquota.csv;logs/multidataset/afrl_cemetery_fr_005_410_klt.csv;logs/qgeo_eval/afrl_cemetery_fr_005_410_qgeo_calib.csv;scripts/agent_loftr_noharm_summary.py:54;scripts/agent_loftr_noharm_summary.py:55;scripts/build_p02_audit.py:582;scripts/run_p02_development_screening.sh:69;scripts/validate_p02_bundle.py:189;...(+1),Prior artifact or parameter/search reference found before P02 freeze; exclude exact window from confirmatory denominator.
afrl,cemetery_fr,005,60,second,12,true,false,true,DEVELOPMENT_ONLY,logs/afrl_v31_frontend/afrl_fr_005_055_full_sp_lg_loftr.csv;logs/afrl_v31_frontend/afrl_fr_005_055_hybrid_sp_lg_loftr.csv;logs/afrl_v31_frontend/afrl_fr_005_055_klt.csv;logs/afrl_v31_frontend/afrl_fr_005_055_klt_adaptive_clahe.csv;logs/afrl_v31_frontend/summary.md:25;logs/afrl_v31_frontend/summary.md:26;logs/agent_qi_reliability/qi_reliability_report.md:18;logs/agent_qi_reliability/qi_reliability_report.md:57;logs/learned_positive_search_multidl/afrl_fr_005_055_loftr_semidense.csv;logs/learned_positive_search_multidl/afrl_fr_005_055_sp_lg_sidecar.csv;logs/learned_positive_search_multidl/afrl_fr_005_055_xfeat_sidecar.csv;logs/learned_positive_search_multidl/afrl_fr_005_055_xfeat_star_semidense.csv,Prior artifact or parameter/search reference found before P02 freeze; exclude exact window from confirmatory denominator.
afrl,cemetery_fr,10,30,second,247,true,true,true,DEVELOPMENT_ONLY,logs/may24_init_rescue_probe/fr_10_20_klt_baseline/afrl_cave_cam0_pinhole.yaml;logs/may24_init_rescue_probe/fr_10_20_klt_baseline/ape.txt;logs/may24_init_rescue_probe/fr_10_20_klt_baseline/features.bag;logs/may24_init_rescue_probe/fr_10_20_klt_baseline/frontend_metrics.csv;logs/may24_init_rescue_probe/fr_10_20_klt_baseline/roscore.log;logs/may24_init_rescue_probe/fr_10_20_klt_baseline/vins.log;logs/may24_init_rescue_probe/fr_10_20_klt_baseline/vins_afrl_cave_external.yaml;logs/may24_init_rescue_probe/fr_10_20_klt_baseline/vins_env_manifest.txt;logs/may24_init_rescue_probe/fr_10_20_klt_baseline/vins_env_manifest.txt:1;logs/may24_init_rescue_probe/fr_10_20_klt_baseline/vins_env_manifest.txt:10;logs/may24_init_rescue_probe/fr_10_20_klt_baseline/vins_env_manifest.txt:11;logs/may24_init_rescue_probe/fr_10_20_klt_baseline/vins_env_manifest.txt:12;...(+235),Prior artifact or parameter/search reference found before P02 freeze; exclude exact window from confirmatory denominator.
afrl,cemetery_fr,10,40,second,44,true,true,false,DEVELOPMENT_ONLY,logs/afrl_cave_v31/external_hybrid_xfeat_every2_may24_afrl_fr_10_30_xfeat_export/afrl_cave_cam0_pinhole.yaml;logs/afrl_cave_v31/external_hybrid_xfeat_every2_may24_afrl_fr_10_30_xfeat_export/ape.txt;logs/afrl_cave_v31/external_hybrid_xfeat_every2_may24_afrl_fr_10_30_xfeat_export/features.bag;logs/afrl_cave_v31/external_hybrid_xfeat_every2_may24_afrl_fr_10_30_xfeat_export/frontend_metrics.csv;logs/afrl_cave_v31/external_hybrid_xfeat_every2_may24_afrl_fr_10_30_xfeat_export/roscore.log;logs/afrl_cave_v31/external_hybrid_xfeat_every2_may24_afrl_fr_10_30_xfeat_export/vins.log;logs/afrl_cave_v31/external_hybrid_xfeat_every2_may24_afrl_fr_10_30_xfeat_export/vins_afrl_cave_external.yaml;logs/afrl_cave_v31/external_hybrid_xfeat_every2_may24_afrl_fr_10_30_xfeat_export/vins_env_manifest.txt;logs/afrl_cave_v31/external_hybrid_xfeat_every2_may24_afrl_fr_10_30_xfeat_export/vins_env_manifest.txt:1;logs/afrl_cave_v31/external_hybrid_xfeat_every2_may24_afrl_fr_10_30_xfeat_export/vins_env_manifest.txt:10;logs/afrl_cave_v31/external_hybrid_xfeat_every2_may24_afrl_fr_10_30_xfeat_export/vins_env_manifest.txt:11;logs/afrl_cave_v31/external_hybrid_xfeat_every2_may24_afrl_fr_10_30_xfeat_export/vins_env_manifest.txt:12;...(+32),Prior artifact or parameter/search reference found before P02 freeze; exclude exact window from confirmatory denominator.
afrl,cemetery_fr,10,80,second,8,true,false,false,DEVELOPMENT_ONLY,logs/agent_non_a06_frontend_20260518/raw/afrl_fr_10_70_10_70_full_xfeat_loftr.csv;logs/agent_non_a06_frontend_20260518/raw/afrl_fr_10_70_10_70_full_xfeat_loftr.log;logs/agent_non_a06_frontend_20260518/raw/afrl_fr_10_70_10_70_klt_adaptive_clahe.csv;logs/agent_non_a06_frontend_20260518/raw/afrl_fr_10_70_10_70_klt_adaptive_clahe.log;logs/agent_non_a06_frontend_20260518/raw/afrl_fr_10_70_10_70_loftr_extreme_sp_lg.csv;logs/agent_non_a06_frontend_20260518/raw/afrl_fr_10_70_10_70_loftr_extreme_sp_lg.log;logs/agent_non_a06_frontend_20260518/raw/afrl_fr_10_70_10_70_normal_safe_sp_lg.csv;logs/agent_non_a06_frontend_20260518/raw/afrl_fr_10_70_10_70_normal_safe_sp_lg.log,Prior artifact or parameter/search reference found before P02 freeze; exclude exact window from confirmatory denominator.
afrl,cemetery_fr,100,130,second,2,true,false,false,DEVELOPMENT_ONLY,scripts/run_afrl_lowtexture_support_xfeat_validation.sh:224;scripts/run_afrl_lowtexture_support_xfeat_validation.sh:225,Prior artifact or parameter/search reference found before P02 freeze; exclude exact window from confirmatory denominator.
afrl,cemetery_fr,100,220,second,119,true,true,true,DEVELOPMENT_ONLY,logs/afrl_cave_v31/external_hybrid_xfeat_every2_jun07_more_fr_late_v1_fr100_120_export/afrl_cave_cam0_pinhole.yaml;logs/afrl_cave_v31/external_hybrid_xfeat_every2_jun07_more_fr_late_v1_fr100_120_export/features.bag;logs/afrl_cave_v31/external_hybrid_xfeat_every2_jun07_more_fr_late_v1_fr100_120_export/frontend_metrics.csv;logs/afrl_cave_v31/external_hybrid_xfeat_every2_jun07_more_fr_late_v1_fr100_120_export/replay_manifest.txt;logs/afrl_cave_v31/external_hybrid_xfeat_every2_jun07_more_fr_late_v1_fr100_120_export/replay_manifest.txt:1;logs/afrl_cave_v31/external_hybrid_xfeat_every2_jun07_more_fr_late_v1_fr100_120_export/replay_manifest.txt:2;logs/afrl_cave_v31/external_hybrid_xfeat_every2_jun07_more_fr_late_v1_fr100_120_export/replay_manifest.txt:3;logs/afrl_cave_v31/external_hybrid_xfeat_every2_jun07_more_fr_late_v1_fr100_120_export/replay_manifest.txt:4;logs/afrl_cave_v31/external_hybrid_xfeat_every2_jun07_more_fr_late_v1_fr100_120_export/replay_manifest.txt:5;logs/afrl_cave_v31/external_hybrid_xfeat_every2_jun07_more_fr_late_v1_fr100_120_export/replay_manifest.txt:6;logs/afrl_cave_v31/external_hybrid_xfeat_every2_jun07_more_fr_late_v1_fr100_120_export/vins_afrl_cave_external.yaml;logs/afrl_cave_v31/external_hybrid_xfeat_every2_jun08_more_fr_fr100_120_xfeat_export/afrl_cave_cam0_pinhole.yaml;...(+107),Prior artifact or parameter/search reference found before P02 freeze; exclude exact window from confirmatory denominator.
afrl,cemetery_fr,100,230,second,790,true,true,true,DEVELOPMENT_ONLY,logs/afrl_cave_v31/external_hybrid_xfeat_every2_jun01_current_xfeat_boundary_v1_fr100_130_export/afrl_cave_cam0_pinhole.yaml;logs/afrl_cave_v31/external_hybrid_xfeat_every2_jun01_current_xfeat_boundary_v1_fr100_130_export/ape.txt;logs/afrl_cave_v31/external_hybrid_xfeat_every2_jun01_current_xfeat_boundary_v1_fr100_130_export/ape.txt:1;logs/afrl_cave_v31/external_hybrid_xfeat_every2_jun01_current_xfeat_boundary_v1_fr100_130_export/ape.txt:10;logs/afrl_cave_v31/external_hybrid_xfeat_every2_jun01_current_xfeat_boundary_v1_fr100_130_export/ape.txt:11;logs/afrl_cave_v31/external_hybrid_xfeat_every2_jun01_current_xfeat_boundary_v1_fr100_130_export/ape.txt:12;logs/afrl_cave_v31/external_hybrid_xfeat_every2_jun01_current_xfeat_boundary_v1_fr100_130_export/ape.txt:13;logs/afrl_cave_v31/external_hybrid_xfeat_every2_jun01_current_xfeat_boundary_v1_fr100_130_export/ape.txt:14;logs/afrl_cave_v31/external_hybrid_xfeat_every2_jun01_current_xfeat_boundary_v1_fr100_130_export/ape.txt:15;logs/afrl_cave_v31/external_hybrid_xfeat_every2_jun01_current_xfeat_boundary_v1_fr100_130_export/ape.txt:16;logs/afrl_cave_v31/external_hybrid_xfeat_every2_jun01_current_xfeat_boundary_v1_fr100_130_export/ape.txt:17;logs/afrl_cave_v31/external_hybrid_xfeat_every2_jun01_current_xfeat_boundary_v1_fr100_130_export/ape.txt:18;...(+778),Prior artifact or parameter/search reference found before P02 freeze; exclude exact window from confirmatory denominator.
afrl,cemetery_fr,105,230,second,14,true,true,true,DEVELOPMENT_ONLY,logs/afrl_cave_v31/external_hybrid_xfeat_every2_jun07_more_fr_late_v1_fr105_125_export/afrl_cave_cam0_pinhole.yaml;logs/afrl_cave_v31/external_hybrid_xfeat_every2_jun07_more_fr_late_v1_fr105_125_export/features.bag;logs/afrl_cave_v31/external_hybrid_xfeat_every2_jun07_more_fr_late_v1_fr105_125_export/frontend_metrics.csv;logs/afrl_cave_v31/external_hybrid_xfeat_every2_jun07_more_fr_late_v1_fr105_125_export/replay_manifest.txt;logs/afrl_cave_v31/external_hybrid_xfeat_every2_jun07_more_fr_late_v1_fr105_125_export/replay_manifest.txt:1;logs/afrl_cave_v31/external_hybrid_xfeat_every2_jun07_more_fr_late_v1_fr105_125_export/replay_manifest.txt:2;logs/afrl_cave_v31/external_hybrid_xfeat_every2_jun07_more_fr_late_v1_fr105_125_export/replay_manifest.txt:3;logs/afrl_cave_v31/external_hybrid_xfeat_every2_jun07_more_fr_late_v1_fr105_125_export/replay_manifest.txt:4;logs/afrl_cave_v31/external_hybrid_xfeat_every2_jun07_more_fr_late_v1_fr105_125_export/replay_manifest.txt:5;logs/afrl_cave_v31/external_hybrid_xfeat_every2_jun07_more_fr_late_v1_fr105_125_export/replay_manifest.txt:6;logs/afrl_cave_v31/external_hybrid_xfeat_every2_jun07_more_fr_late_v1_fr105_125_export/vins_afrl_cave_external.yaml;papers/causal_crossdataset_search_20260718/extended_probe_lineage_rescan.csv:420;...(+2),Prior artifact or parameter/search reference found before P02 freeze; exclude exact window from confirmatory denominator.
afrl,cemetery_fr,105,240,second,1,true,false,true,DEVELOPMENT_ONLY,logs/jun01_deleted_afrl_short_bags.txt:369,Prior artifact or parameter/search reference found before P02 freeze; exclude exact window from confirmatory denominator.
afrl,cemetery_fr,110,130,second,39,true,true,true,DEVELOPMENT_ONLY,正反例窗口整理/AFRL_fr110_130_seedchain_cap实验_20260627.md:1;正反例窗口整理/AFRL_fr110_130_seedchain_cap实验_20260627.md:35;正反例窗口整理/AFRL_fr110_130_seedchain_cap实验_20260627.md:5;正反例窗口整理/AFRL_fr110_130_seedchain_cap实验_20260627.md:77;正反例窗口整理/AFRL_fr110_130_seedchain_cap实验_20260627.md:87;正反例窗口整理/AFRL_fr110_130_seedchain_cap实验_20260627.md:89;正反例窗口整理/AFRL_fr110_130_seedchain_cap实验_20260627.md:9;正反例窗口整理/全数据集扫描状态_20260706.md:102;正反例窗口整理/其他数据集正例推进计划_20260627.md:102;正反例窗口整理/其他数据集正例推进计划_20260627.md:111;正反例窗口整理/其他数据集正例推进计划_20260627.md:116;正反例窗口整理/其他数据集正例推进计划_20260627.md:121;...(+27),Prior artifact or parameter/search reference found before P02 freeze; exclude exact window from confirmatory denominator.
afrl,cemetery_fr,110,140,second,18,true,true,true,DEVELOPMENT_ONLY,logs/agent_seven_point_summary.md:1978;logs/conformal_calibration/jun15_cross_dataset_learned_sidecar_status.md:19;logs/conformal_calibration/jun15_non_a06_learned_sidecar_recheck.md:24;logs/jun01_partialseedfix_v1_vins_group_summary.md:28;logs/jun01_partialseedfix_v1_vins_group_summary.md:29;logs/jun01_partialseedfix_v1_vins_group_summary.md:7;logs/jun01_partialseedfix_v1_vins_group_summary.md:8;logs/jun01_reasonfix_v1_vins_group_summary.md:26;logs/jun01_reasonfix_v1_vins_group_summary.md:27;logs/jun01_reasonfix_v1_vins_group_summary.md:7;logs/jun01_reasonfix_v1_vins_group_summary.md:8;logs/jun01_submission_evidence_ledger.md:16;...(+6),Prior artifact or parameter/search reference found before P02 freeze; exclude exact window from confirmatory denominator.
afrl,cemetery_fr,110,240,second,2522,true,true,true,DEVELOPMENT_ONLY,logs/afrl_cave_v31/external_hybrid_xfeat_every2_jun07_adaptivewarmup_v2b_fr110_130_export/afrl_cave_cam0_pinhole.yaml;logs/afrl_cave_v31/external_hybrid_xfeat_every2_jun07_adaptivewarmup_v2b_fr110_130_export/drop_learned_lineage_stats.csv;logs/afrl_cave_v31/external_hybrid_xfeat_every2_jun07_adaptivewarmup_v2b_fr110_130_export/features.bag;logs/afrl_cave_v31/external_hybrid_xfeat_every2_jun07_adaptivewarmup_v2b_fr110_130_export/features_drop_learned_lineage.bag;logs/afrl_cave_v31/external_hybrid_xfeat_every2_jun07_adaptivewarmup_v2b_fr110_130_export/frontend_metrics.csv;logs/afrl_cave_v31/external_hybrid_xfeat_every2_jun07_adaptivewarmup_v2b_fr110_130_export/replay_manifest.txt;logs/afrl_cave_v31/external_hybrid_xfeat_every2_jun07_adaptivewarmup_v2b_fr110_130_export/replay_manifest.txt:1;logs/afrl_cave_v31/external_hybrid_xfeat_every2_jun07_adaptivewarmup_v2b_fr110_130_export/replay_manifest.txt:2;logs/afrl_cave_v31/external_hybrid_xfeat_every2_jun07_adaptivewarmup_v2b_fr110_130_export/replay_manifest.txt:3;logs/afrl_cave_v31/external_hybrid_xfeat_every2_jun07_adaptivewarmup_v2b_fr110_130_export/replay_manifest.txt:4;logs/afrl_cave_v31/external_hybrid_xfeat_every2_jun07_adaptivewarmup_v2b_fr110_130_export/replay_manifest.txt:5;logs/afrl_cave_v31/external_hybrid_xfeat_every2_jun07_adaptivewarmup_v2b_fr110_130_export/replay_manifest.txt:6;...(+2510),Prior artifact or parameter/search reference found before P02 freeze; exclude exact window from confirmatory denominator.
afrl,cemetery_fr,110,250,second,4473,true,true,true,DEVELOPMENT_ONLY,logs/afrl_cave_v31/external_hybrid_xfeat_every2_jun01_current_xfeat_boundary_v1_on_positive_fr110_140_export/afrl_cave_cam0_pinhole.yaml;logs/afrl_cave_v31/external_hybrid_xfeat_every2_jun01_current_xfeat_boundary_v1_on_positive_fr110_140_export/ape.txt;logs/afrl_cave_v31/external_hybrid_xfeat_every2_jun01_current_xfeat_boundary_v1_on_positive_fr110_140_export/ape.txt:1;logs/afrl_cave_v31/external_hybrid_xfeat_every2_jun01_current_xfeat_boundary_v1_on_positive_fr110_140_export/ape.txt:10;logs/afrl_cave_v31/external_hybrid_xfeat_every2_jun01_current_xfeat_boundary_v1_on_positive_fr110_140_export/ape.txt:11;logs/afrl_cave_v31/external_hybrid_xfeat_every2_jun01_current_xfeat_boundary_v1_on_positive_fr110_140_export/ape.txt:12;logs/afrl_cave_v31/external_hybrid_xfeat_every2_jun01_current_xfeat_boundary_v1_on_positive_fr110_140_export/ape.txt:13;logs/afrl_cave_v31/external_hybrid_xfeat_every2_jun01_current_xfeat_boundary_v1_on_positive_fr110_140_export/ape.txt:14;logs/afrl_cave_v31/external_hybrid_xfeat_every2_jun01_current_xfeat_boundary_v1_on_positive_fr110_140_export/ape.txt:15;logs/afrl_cave_v31/external_hybrid_xfeat_every2_jun01_current_xfeat_boundary_v1_on_positive_fr110_140_export/ape.txt:16;logs/afrl_cave_v31/external_hybrid_xfeat_every2_jun01_current_xfeat_boundary_v1_on_positive_fr110_140_export/ape.txt:17;logs/afrl_cave_v31/external_hybrid_xfeat_every2_jun01_current_xfeat_boundary_v1_on_positive_fr110_140_export/ape.txt:18;...(+4461),Prior artifact or parameter/search reference found before P02 freeze; exclude exact window from confirmatory denominator.
afrl,cemetery_fr,115,250,second,142,true,true,true,DEVELOPMENT_ONLY,logs/afrl_cave_v31/external_hybrid_xfeat_every2_jun07_more_fr_late_v1_fr115_135_export/afrl_cave_cam0_pinhole.yaml;logs/afrl_cave_v31/external_hybrid_xfeat_every2_jun07_more_fr_late_v1_fr115_135_export/features.bag;logs/afrl_cave_v31/external_hybrid_xfeat_every2_jun07_more_fr_late_v1_fr115_135_export/frontend_metrics.csv;logs/afrl_cave_v31/external_hybrid_xfeat_every2_jun07_more_fr_late_v1_fr115_135_export/replay_manifest.txt;logs/afrl_cave_v31/external_hybrid_xfeat_every2_jun07_more_fr_late_v1_fr115_135_export/replay_manifest.txt:1;logs/afrl_cave_v31/external_hybrid_xfeat_every2_jun07_more_fr_late_v1_fr115_135_export/replay_manifest.txt:2;logs/afrl_cave_v31/external_hybrid_xfeat_every2_jun07_more_fr_late_v1_fr115_135_export/replay_manifest.txt:3;logs/afrl_cave_v31/external_hybrid_xfeat_every2_jun07_more_fr_late_v1_fr115_135_export/replay_manifest.txt:4;logs/afrl_cave_v31/external_hybrid_xfeat_every2_jun07_more_fr_late_v1_fr115_135_export/replay_manifest.txt:5;logs/afrl_cave_v31/external_hybrid_xfeat_every2_jun07_more_fr_late_v1_fr115_135_export/replay_manifest.txt:6;logs/afrl_cave_v31/external_hybrid_xfeat_every2_jun07_more_fr_late_v1_fr115_135_export/vins_afrl_cave_external.yaml;logs/afrl_cave_v31/external_hybrid_xfeat_every2_jun08_more_fr_fr115_135_xfeat_export/afrl_cave_cam0_pinhole.yaml;...(+130),Prior artifact or parameter/search reference found before P02 freeze; exclude exact window from confirmatory denominator.
afrl,cemetery_fr,120,140,second,15,true,true,true,DEVELOPMENT_ONLY,正反例窗口整理/其他数据集正例推进计划_20260627.md:103;正反例窗口整理/其他数据集正例推进计划_20260627.md:112;正反例窗口整理/其他数据集正例推进计划_20260627.md:14;正反例窗口整理/其他数据集正例推进计划_20260627.md:178;正反例窗口整理/其他数据集正例推进计划_20260627.md:232;正反例窗口整理/已跑窗口与未跑候选整理.md:261;正反例窗口整理/已跑窗口与未跑候选整理.md:973;正反例窗口整理/正例失效原因分析_20260626.md:59;正反例窗口整理/正例窗口说明.md:1043;正反例窗口整理/正例窗口说明.md:1050;正反例窗口整理/正例窗口说明.md:456;正反例窗口整理/正例窗口说明.md:526;...(+3),Prior artifact or parameter/search reference found before P02 freeze; exclude exact window from confirmatory denominator.
afrl,cemetery_fr,120,150,second,21,true,true,true,DEVELOPMENT_ONLY,logs/agent_seven_point_summary.md:1920;logs/agent_seven_point_summary.md:1943;logs/agent_seven_point_summary.md:1979;logs/conformal_calibration/jun15_cross_dataset_learned_sidecar_status.md:23;logs/conformal_calibration/jun15_non_a06_learned_sidecar_recheck.md:51;logs/jun01_partialseedfix_v1_vins_group_summary.md:10;logs/jun01_partialseedfix_v1_vins_group_summary.md:30;logs/jun01_partialseedfix_v1_vins_group_summary.md:31;logs/jun01_partialseedfix_v1_vins_group_summary.md:9;logs/jun01_submission_evidence_ledger.md:17;logs/jun03_counterexample_window_resolution.md:84;papers/contribution_replan_20260612.md:324;...(+9),Prior artifact or parameter/search reference found before P02 freeze; exclude exact window from confirmatory denominator.
afrl,cemetery_fr,120,260,second,669,true,true,true,DEVELOPMENT_ONLY,logs/afrl_cave_v31/external_hybrid_xfeat_every2_jun07_adaptivewarmup_v2b_fr120_140_export/afrl_cave_cam0_pinhole.yaml;logs/afrl_cave_v31/external_hybrid_xfeat_every2_jun07_adaptivewarmup_v2b_fr120_140_export/drop_learned_lineage_stats.csv;logs/afrl_cave_v31/external_hybrid_xfeat_every2_jun07_adaptivewarmup_v2b_fr120_140_export/features.bag;logs/afrl_cave_v31/external_hybrid_xfeat_every2_jun07_adaptivewarmup_v2b_fr120_140_export/features_drop_learned_lineage.bag;logs/afrl_cave_v31/external_hybrid_xfeat_every2_jun07_adaptivewarmup_v2b_fr120_140_export/frontend_metrics.csv;logs/afrl_cave_v31/external_hybrid_xfeat_every2_jun07_adaptivewarmup_v2b_fr120_140_export/replay_manifest.txt;logs/afrl_cave_v31/external_hybrid_xfeat_every2_jun07_adaptivewarmup_v2b_fr120_140_export/replay_manifest.txt:1;logs/afrl_cave_v31/external_hybrid_xfeat_every2_jun07_adaptivewarmup_v2b_fr120_140_export/replay_manifest.txt:2;logs/afrl_cave_v31/external_hybrid_xfeat_every2_jun07_adaptivewarmup_v2b_fr120_140_export/replay_manifest.txt:3;logs/afrl_cave_v31/external_hybrid_xfeat_every2_jun07_adaptivewarmup_v2b_fr120_140_export/replay_manifest.txt:4;logs/afrl_cave_v31/external_hybrid_xfeat_every2_jun07_adaptivewarmup_v2b_fr120_140_export/replay_manifest.txt:5;logs/afrl_cave_v31/external_hybrid_xfeat_every2_jun07_adaptivewarmup_v2b_fr120_140_export/replay_manifest.txt:6;...(+657),Prior artifact or parameter/search reference found before P02 freeze; exclude exact window from confirmatory denominator.
afrl,cemetery_fr,120,270,second,2686,true,true,true,DEVELOPMENT_ONLY,logs/afrl_cave_v31/external_hybrid_xfeat_every2_jun01_current_xfeat_boundary_v1_on_positive_fr120_150_export/afrl_cave_cam0_pinhole.yaml;logs/afrl_cave_v31/external_hybrid_xfeat_every2_jun01_current_xfeat_boundary_v1_on_positive_fr120_150_export/ape.txt;logs/afrl_cave_v31/external_hybrid_xfeat_every2_jun01_current_xfeat_boundary_v1_on_positive_fr120_150_export/ape.txt:1;logs/afrl_cave_v31/external_hybrid_xfeat_every2_jun01_current_xfeat_boundary_v1_on_positive_fr120_150_export/ape.txt:10;logs/afrl_cave_v31/external_hybrid_xfeat_every2_jun01_current_xfeat_boundary_v1_on_positive_fr120_150_export/ape.txt:11;logs/afrl_cave_v31/external_hybrid_xfeat_every2_jun01_current_xfeat_boundary_v1_on_positive_fr120_150_export/ape.txt:12;logs/afrl_cave_v31/external_hybrid_xfeat_every2_jun01_current_xfeat_boundary_v1_on_positive_fr120_150_export/ape.txt:13;logs/afrl_cave_v31/external_hybrid_xfeat_every2_jun01_current_xfeat_boundary_v1_on_positive_fr120_150_export/ape.txt:14;logs/afrl_cave_v31/external_hybrid_xfeat_every2_jun01_current_xfeat_boundary_v1_on_positive_fr120_150_export/ape.txt:15;logs/afrl_cave_v31/external_hybrid_xfeat_every2_jun01_current_xfeat_boundary_v1_on_positive_fr120_150_export/ape.txt:16;logs/afrl_cave_v31/external_hybrid_xfeat_every2_jun01_current_xfeat_boundary_v1_on_positive_fr120_150_export/ape.txt:17;logs/afrl_cave_v31/external_hybrid_xfeat_every2_jun01_current_xfeat_boundary_v1_on_positive_fr120_150_export/ape.txt:18;...(+2674),Prior artifact or parameter/search reference found before P02 freeze; exclude exact window from confirmatory denominator.
afrl,cemetery_fr,125,145,second,7,true,true,false,DEVELOPMENT_ONLY,正反例窗口整理/已跑窗口与未跑候选整理.md:263;正反例窗口整理/已跑窗口与未跑候选整理.md:975;正反例窗口整理/正例窗口说明.md:1043;正反例窗口整理/正例窗口说明.md:1051;正反例窗口整理/正例窗口说明.md:1059;正反例窗口整理/正例窗口说明.md:457;正反例窗口整理/正例窗口说明.md:679,Prior artifact or parameter/search reference found before P02 freeze; exclude exact window from confirmatory denominator.
afrl,cemetery_fr,125,270,second,332,true,true,true,DEVELOPMENT_ONLY,logs/afrl_cave_v31/external_hybrid_xfeat_every2_jun08_more_fr_fr125_145_xfeat_export/afrl_cave_cam0_pinhole.yaml;logs/afrl_cave_v31/external_hybrid_xfeat_every2_jun08_more_fr_fr125_145_xfeat_export/ape.txt;logs/afrl_cave_v31/external_hybrid_xfeat_every2_jun08_more_fr_fr125_145_xfeat_export/ape.txt:1;logs/afrl_cave_v31/external_hybrid_xfeat_every2_jun08_more_fr_fr125_145_xfeat_export/ape.txt:10;logs/afrl_cave_v31/external_hybrid_xfeat_every2_jun08_more_fr_fr125_145_xfeat_export/ape.txt:11;logs/afrl_cave_v31/external_hybrid_xfeat_every2_jun08_more_fr_fr125_145_xfeat_export/ape.txt:12;logs/afrl_cave_v31/external_hybrid_xfeat_every2_jun08_more_fr_fr125_145_xfeat_export/ape.txt:13;logs/afrl_cave_v31/external_hybrid_xfeat_every2_jun08_more_fr_fr125_145_xfeat_export/ape.txt:14;logs/afrl_cave_v31/external_hybrid_xfeat_every2_jun08_more_fr_fr125_145_xfeat_export/ape.txt:15;logs/afrl_cave_v31/external_hybrid_xfeat_every2_jun08_more_fr_fr125_145_xfeat_export/ape.txt:16;logs/afrl_cave_v31/external_hybrid_xfeat_every2_jun08_more_fr_fr125_145_xfeat_export/ape.txt:17;logs/afrl_cave_v31/external_hybrid_xfeat_every2_jun08_more_fr_fr125_145_xfeat_export/ape.txt:18;...(+320),Prior artifact or parameter/search reference found before P02 freeze; exclude exact window from confirmatory denominator.
afrl,cemetery_fr,130,160,second,3,true,false,false,DEVELOPMENT_ONLY,logs/agent_seven_point_summary.md:1980;logs/agent_seven_point_summary.md:1996;正反例窗口整理/已跑窗口与未跑候选整理.md:120,Prior artifact or parameter/search reference found before P02 freeze; exclude exact window from confirmatory denominator.
afrl,cemetery_fr,130,290,second,129,true,true,true,DEVELOPMENT_ONLY,logs/afrl_cave_v31/external_hybrid_xfeat_every2_jun01_xfeat_covseed_formal_v2_more_fr130_160_export/afrl_cave_cam0_pinhole.yaml;logs/afrl_cave_v31/external_hybrid_xfeat_every2_jun01_xfeat_covseed_formal_v2_more_fr130_160_export/ape.txt;logs/afrl_cave_v31/external_hybrid_xfeat_every2_jun01_xfeat_covseed_formal_v2_more_fr130_160_export/ape.txt:1;logs/afrl_cave_v31/external_hybrid_xfeat_every2_jun01_xfeat_covseed_formal_v2_more_fr130_160_export/ape.txt:10;logs/afrl_cave_v31/external_hybrid_xfeat_every2_jun01_xfeat_covseed_formal_v2_more_fr130_160_export/ape.txt:11;logs/afrl_cave_v31/external_hybrid_xfeat_every2_jun01_xfeat_covseed_formal_v2_more_fr130_160_export/ape.txt:12;logs/afrl_cave_v31/external_hybrid_xfeat_every2_jun01_xfeat_covseed_formal_v2_more_fr130_160_export/ape.txt:13;logs/afrl_cave_v31/external_hybrid_xfeat_every2_jun01_xfeat_covseed_formal_v2_more_fr130_160_export/ape.txt:14;logs/afrl_cave_v31/external_hybrid_xfeat_every2_jun01_xfeat_covseed_formal_v2_more_fr130_160_export/ape.txt:15;logs/afrl_cave_v31/external_hybrid_xfeat_every2_jun01_xfeat_covseed_formal_v2_more_fr130_160_export/ape.txt:16;logs/afrl_cave_v31/external_hybrid_xfeat_every2_jun01_xfeat_covseed_formal_v2_more_fr130_160_export/ape.txt:17;logs/afrl_cave_v31/external_hybrid_xfeat_every2_jun01_xfeat_covseed_formal_v2_more_fr130_160_export/ape.txt:18;...(+117),Prior artifact or parameter/search reference found before P02 freeze; exclude exact window from confirmatory denominator.
afrl,cemetery_fr,140,160,second,3,true,true,false,DEVELOPMENT_ONLY,logs/jun23_afrl_fr_candidate_availability_report.md:60;正反例窗口整理/正例窗口说明.md:511;正反例窗口整理/正例窗口说明.md:513,Prior artifact or parameter/search reference found before P02 freeze; exclude exact window from confirmatory denominator.
afrl,cemetery_fr,140,170,second,11,true,true,true,DEVELOPMENT_ONLY,logs/afrl_cave_v31_may28_source_audit/external_hybrid_xfeat_every2_may28_srcaudit_fr_140_30/afrl_cave_cam0_pinhole.yaml;logs/afrl_cave_v31_may28_source_audit/external_hybrid_xfeat_every2_may28_srcaudit_fr_140_30/features.bag;logs/afrl_cave_v31_may28_source_audit/external_hybrid_xfeat_every2_may28_srcaudit_fr_140_30/frontend_metrics.csv;logs/afrl_cave_v31_may28_source_audit/external_hybrid_xfeat_every2_may28_srcaudit_fr_140_30/replay_manifest.txt;logs/afrl_cave_v31_may28_source_audit/external_hybrid_xfeat_every2_may28_srcaudit_fr_140_30/replay_manifest.txt:1;logs/afrl_cave_v31_may28_source_audit/external_hybrid_xfeat_every2_may28_srcaudit_fr_140_30/replay_manifest.txt:2;logs/afrl_cave_v31_may28_source_audit/external_hybrid_xfeat_every2_may28_srcaudit_fr_140_30/replay_manifest.txt:3;logs/afrl_cave_v31_may28_source_audit/external_hybrid_xfeat_every2_may28_srcaudit_fr_140_30/replay_manifest.txt:4;logs/afrl_cave_v31_may28_source_audit/external_hybrid_xfeat_every2_may28_srcaudit_fr_140_30/replay_manifest.txt:5;logs/afrl_cave_v31_may28_source_audit/external_hybrid_xfeat_every2_may28_srcaudit_fr_140_30/replay_manifest.txt:6;logs/afrl_cave_v31_may28_source_audit/external_hybrid_xfeat_every2_may28_srcaudit_fr_140_30/vins_afrl_cave_external.yaml,Prior artifact or parameter/search reference found before P02 freeze; exclude exact window from confirmatory denominator.
afrl,cemetery_fr,140,300,second,121,true,true,true,DEVELOPMENT_ONLY,logs/afrl_cave_v31/external_hybrid_xfeat_every3_jun22_crop_fr140_160_drop_from140_170/afrl_cave_cam0_pinhole.yaml;logs/afrl_cave_v31/external_hybrid_xfeat_every3_jun22_crop_fr140_160_drop_from140_170/drop_high_id_stats.csv;logs/afrl_cave_v31/external_hybrid_xfeat_every3_jun22_crop_fr140_160_drop_from140_170/features.bag;logs/afrl_cave_v31/external_hybrid_xfeat_every3_jun22_crop_fr140_160_drop_from140_170/frontend_metrics.csv;logs/afrl_cave_v31/external_hybrid_xfeat_every3_jun22_crop_fr140_160_drop_from140_170/vins_afrl_cave_external.yaml;logs/afrl_cave_v31/external_hybrid_xfeat_every3_jun22_crop_fr140_160_xfeat_from140_170/afrl_cave_cam0_pinhole.yaml;logs/afrl_cave_v31/external_hybrid_xfeat_every3_jun22_crop_fr140_160_xfeat_from140_170/features.bag;logs/afrl_cave_v31/external_hybrid_xfeat_every3_jun22_crop_fr140_160_xfeat_from140_170/frontend_metrics.csv;logs/afrl_cave_v31/external_hybrid_xfeat_every3_jun22_crop_fr140_160_xfeat_from140_170/vins_afrl_cave_external.yaml;logs/existing_featurebag_vins/jun22_afrl_fr140_160_drop_crop/afrl_cave_cam0_pinhole.yaml;logs/existing_featurebag_vins/jun22_afrl_fr140_160_drop_crop/ape.txt;logs/existing_featurebag_vins/jun22_afrl_fr140_160_drop_crop/ape.txt:1;...(+109),Prior artifact or parameter/search reference found before P02 freeze; exclude exact window from confirmatory denominator.
afrl,cemetery_fr,140,310,second,19,true,true,true,DEVELOPMENT_ONLY,logs/afrl_cave_v31/external_hybrid_xfeat_every2_may28_srcdiag_cem_fr_140_170/afrl_cave_cam0_pinhole.yaml;logs/afrl_cave_v31/external_hybrid_xfeat_every2_may28_srcdiag_cem_fr_140_170/features.bag;logs/afrl_cave_v31/external_hybrid_xfeat_every2_may28_srcdiag_cem_fr_140_170/frontend_metrics.csv;logs/afrl_cave_v31/external_hybrid_xfeat_every2_may28_srcdiag_cem_fr_140_170/replay_manifest.txt;logs/afrl_cave_v31/external_hybrid_xfeat_every2_may28_srcdiag_cem_fr_140_170/replay_manifest.txt:1;logs/afrl_cave_v31/external_hybrid_xfeat_every2_may28_srcdiag_cem_fr_140_170/replay_manifest.txt:2;logs/afrl_cave_v31/external_hybrid_xfeat_every2_may28_srcdiag_cem_fr_140_170/replay_manifest.txt:3;logs/afrl_cave_v31/external_hybrid_xfeat_every2_may28_srcdiag_cem_fr_140_170/replay_manifest.txt:4;logs/afrl_cave_v31/external_hybrid_xfeat_every2_may28_srcdiag_cem_fr_140_170/replay_manifest.txt:5;logs/afrl_cave_v31/external_hybrid_xfeat_every2_may28_srcdiag_cem_fr_140_170/replay_manifest.txt:6;logs/afrl_cave_v31/external_hybrid_xfeat_every2_may28_srcdiag_cem_fr_140_170/vins_afrl_cave_external.yaml;logs/afrl_cave_v31/external_hybrid_xfeat_every3_may19_screen_afrl_fr_140_170_xfeat_strictgrid076/afrl_cave_cam0_pinhole.yaml;...(+7),Prior artifact or parameter/search reference found before P02 freeze; exclude exact window from confirmatory denominator.
afrl,cemetery_fr,15,50,second,11,true,true,true,DEVELOPMENT_ONLY,logs/afrl_cave_v31/external_hybrid_xfeat_every2_jun07_more_fr_neighborhood_v1_fr15_35_export/afrl_cave_cam0_pinhole.yaml;logs/afrl_cave_v31/external_hybrid_xfeat_every2_jun07_more_fr_neighborhood_v1_fr15_35_export/features.bag;logs/afrl_cave_v31/external_hybrid_xfeat_every2_jun07_more_fr_neighborhood_v1_fr15_35_export/frontend_metrics.csv;logs/afrl_cave_v31/external_hybrid_xfeat_every2_jun07_more_fr_neighborhood_v1_fr15_35_export/replay_manifest.txt;logs/afrl_cave_v31/external_hybrid_xfeat_every2_jun07_more_fr_neighborhood_v1_fr15_35_export/replay_manifest.txt:1;logs/afrl_cave_v31/external_hybrid_xfeat_every2_jun07_more_fr_neighborhood_v1_fr15_35_export/replay_manifest.txt:2;logs/afrl_cave_v31/external_hybrid_xfeat_every2_jun07_more_fr_neighborhood_v1_fr15_35_export/replay_manifest.txt:3;logs/afrl_cave_v31/external_hybrid_xfeat_every2_jun07_more_fr_neighborhood_v1_fr15_35_export/replay_manifest.txt:4;logs/afrl_cave_v31/external_hybrid_xfeat_every2_jun07_more_fr_neighborhood_v1_fr15_35_export/replay_manifest.txt:5;logs/afrl_cave_v31/external_hybrid_xfeat_every2_jun07_more_fr_neighborhood_v1_fr15_35_export/replay_manifest.txt:6;logs/afrl_cave_v31/external_hybrid_xfeat_every2_jun07_more_fr_neighborhood_v1_fr15_35_export/vins_afrl_cave_external.yaml,Prior artifact or parameter/search reference found before P02 freeze; exclude exact window from confirmatory denominator.
afrl,cemetery_fr,150,170,second,248,true,true,true,DEVELOPMENT_ONLY,logs/may24_init_rescue_probe/fr_150_20_klt_baseline/afrl_cave_cam0_pinhole.yaml;logs/may24_init_rescue_probe/fr_150_20_klt_baseline/ape.txt;logs/may24_init_rescue_probe/fr_150_20_klt_baseline/features.bag;logs/may24_init_rescue_probe/fr_150_20_klt_baseline/frontend_metrics.csv;logs/may24_init_rescue_probe/fr_150_20_klt_baseline/roscore.log;logs/may24_init_rescue_probe/fr_150_20_klt_baseline/vins.log;logs/may24_init_rescue_probe/fr_150_20_klt_baseline/vins_afrl_cave_external.yaml;logs/may24_init_rescue_probe/fr_150_20_klt_baseline/vins_env_manifest.txt;logs/may24_init_rescue_probe/fr_150_20_klt_baseline/vins_env_manifest.txt:1;logs/may24_init_rescue_probe/fr_150_20_klt_baseline/vins_env_manifest.txt:10;logs/may24_init_rescue_probe/fr_150_20_klt_baseline/vins_env_manifest.txt:11;logs/may24_init_rescue_probe/fr_150_20_klt_baseline/vins_env_manifest.txt:12;...(+236),Prior artifact or parameter/search reference found before P02 freeze; exclude exact window from confirmatory denominator.
afrl,cemetery_fr,150,320,second,45,true,true,false,DEVELOPMENT_ONLY,logs/afrl_cave_v31/external_hybrid_xfeat_every2_may24_afrl_fr_150_170_xfeat_export/afrl_cave_cam0_pinhole.yaml;logs/afrl_cave_v31/external_hybrid_xfeat_every2_may24_afrl_fr_150_170_xfeat_export/ape.txt;logs/afrl_cave_v31/external_hybrid_xfeat_every2_may24_afrl_fr_150_170_xfeat_export/features.bag;logs/afrl_cave_v31/external_hybrid_xfeat_every2_may24_afrl_fr_150_170_xfeat_export/frontend_metrics.csv;logs/afrl_cave_v31/external_hybrid_xfeat_every2_may24_afrl_fr_150_170_xfeat_export/roscore.log;logs/afrl_cave_v31/external_hybrid_xfeat_every2_may24_afrl_fr_150_170_xfeat_export/vins.log;logs/afrl_cave_v31/external_hybrid_xfeat_every2_may24_afrl_fr_150_170_xfeat_export/vins_afrl_cave_external.yaml;logs/afrl_cave_v31/external_hybrid_xfeat_every2_may24_afrl_fr_150_170_xfeat_export/vins_env_manifest.txt;logs/afrl_cave_v31/external_hybrid_xfeat_every2_may24_afrl_fr_150_170_xfeat_export/vins_env_manifest.txt:1;logs/afrl_cave_v31/external_hybrid_xfeat_every2_may24_afrl_fr_150_170_xfeat_export/vins_env_manifest.txt:10;logs/afrl_cave_v31/external_hybrid_xfeat_every2_may24_afrl_fr_150_170_xfeat_export/vins_env_manifest.txt:11;logs/afrl_cave_v31/external_hybrid_xfeat_every2_may24_afrl_fr_150_170_xfeat_export/vins_env_manifest.txt:12;...(+33),Prior artifact or parameter/search reference found before P02 freeze; exclude exact window from confirmatory denominator.
afrl,cemetery_fr,170,190,second,3,true,true,false,DEVELOPMENT_ONLY,logs/jun23_afrl_fr_candidate_availability_report.md:61;正反例窗口整理/正例窗口说明.md:511;正反例窗口整理/正例窗口说明.md:512,Prior artifact or parameter/search reference found before P02 freeze; exclude exact window from confirmatory denominator.
afrl,cemetery_fr,170,200,second,12,true,true,true,DEVELOPMENT_ONLY,logs/afrl_cave_v31_may28_source_audit/external_hybrid_xfeat_every2_may28_srcaudit_fr_170_30/afrl_cave_cam0_pinhole.yaml;logs/afrl_cave_v31_may28_source_audit/external_hybrid_xfeat_every2_may28_srcaudit_fr_170_30/features.bag;logs/afrl_cave_v31_may28_source_audit/external_hybrid_xfeat_every2_may28_srcaudit_fr_170_30/frontend_metrics.csv;logs/afrl_cave_v31_may28_source_audit/external_hybrid_xfeat_every2_may28_srcaudit_fr_170_30/replay_manifest.txt;logs/afrl_cave_v31_may28_source_audit/external_hybrid_xfeat_every2_may28_srcaudit_fr_170_30/replay_manifest.txt:1;logs/afrl_cave_v31_may28_source_audit/external_hybrid_xfeat_every2_may28_srcaudit_fr_170_30/replay_manifest.txt:2;logs/afrl_cave_v31_may28_source_audit/external_hybrid_xfeat_every2_may28_srcaudit_fr_170_30/replay_manifest.txt:3;logs/afrl_cave_v31_may28_source_audit/external_hybrid_xfeat_every2_may28_srcaudit_fr_170_30/replay_manifest.txt:4;logs/afrl_cave_v31_may28_source_audit/external_hybrid_xfeat_every2_may28_srcaudit_fr_170_30/replay_manifest.txt:5;logs/afrl_cave_v31_may28_source_audit/external_hybrid_xfeat_every2_may28_srcaudit_fr_170_30/replay_manifest.txt:6;logs/afrl_cave_v31_may28_source_audit/external_hybrid_xfeat_every2_may28_srcaudit_fr_170_30/vins_afrl_cave_external.yaml;正反例窗口整理/已跑窗口与未跑候选整理.md:1208,Prior artifact or parameter/search reference found before P02 freeze; exclude exact window from confirmatory denominator.
afrl,cemetery_fr,170,360,second,121,true,true,true,DEVELOPMENT_ONLY,logs/afrl_cave_v31/external_hybrid_xfeat_every3_jun22_crop_fr170_190_xfeat_from170_200/afrl_cave_cam0_pinhole.yaml;logs/afrl_cave_v31/external_hybrid_xfeat_every3_jun22_crop_fr170_190_xfeat_from170_200/features.bag;logs/afrl_cave_v31/external_hybrid_xfeat_every3_jun22_crop_fr170_190_xfeat_from170_200/frontend_metrics.csv;logs/afrl_cave_v31/external_hybrid_xfeat_every3_jun22_crop_fr170_190_xfeat_from170_200/vins_afrl_cave_external.yaml;logs/afrl_cave_v31/external_klt_every3_jun22_crop_fr170_190_klt_from170_200/afrl_cave_cam0_pinhole.yaml;logs/afrl_cave_v31/external_klt_every3_jun22_crop_fr170_190_klt_from170_200/features.bag;logs/afrl_cave_v31/external_klt_every3_jun22_crop_fr170_190_klt_from170_200/frontend_metrics.csv;logs/afrl_cave_v31/external_klt_every3_jun22_crop_fr170_190_klt_from170_200/vins_afrl_cave_external.yaml;logs/existing_featurebag_vins/jun22_afrl_fr170_190_klt_crop/afrl_cave_cam0_pinhole.yaml;logs/existing_featurebag_vins/jun22_afrl_fr170_190_klt_crop/ape.txt;logs/existing_featurebag_vins/jun22_afrl_fr170_190_klt_crop/ape.txt:1;logs/existing_featurebag_vins/jun22_afrl_fr170_190_klt_crop/ape.txt:10;...(+109),Prior artifact or parameter/search reference found before P02 freeze; exclude exact window from confirmatory denominator.
afrl,cemetery_fr,170,370,second,168,true,true,true,DEVELOPMENT_ONLY,logs/afrl_cave_v31/external_hybrid_xfeat_every2_may28_srcdiag_cem_fr_170_200/afrl_cave_cam0_pinhole.yaml;logs/afrl_cave_v31/external_hybrid_xfeat_every2_may28_srcdiag_cem_fr_170_200/features.bag;logs/afrl_cave_v31/external_hybrid_xfeat_every2_may28_srcdiag_cem_fr_170_200/frontend_metrics.csv;logs/afrl_cave_v31/external_hybrid_xfeat_every2_may28_srcdiag_cem_fr_170_200/replay_manifest.txt;logs/afrl_cave_v31/external_hybrid_xfeat_every2_may28_srcdiag_cem_fr_170_200/replay_manifest.txt:1;logs/afrl_cave_v31/external_hybrid_xfeat_every2_may28_srcdiag_cem_fr_170_200/replay_manifest.txt:2;logs/afrl_cave_v31/external_hybrid_xfeat_every2_may28_srcdiag_cem_fr_170_200/replay_manifest.txt:3;logs/afrl_cave_v31/external_hybrid_xfeat_every2_may28_srcdiag_cem_fr_170_200/replay_manifest.txt:4;logs/afrl_cave_v31/external_hybrid_xfeat_every2_may28_srcdiag_cem_fr_170_200/replay_manifest.txt:5;logs/afrl_cave_v31/external_hybrid_xfeat_every2_may28_srcdiag_cem_fr_170_200/replay_manifest.txt:6;logs/afrl_cave_v31/external_hybrid_xfeat_every2_may28_srcdiag_cem_fr_170_200/vins_afrl_cave_external.yaml;logs/afrl_cave_v31/external_hybrid_xfeat_every3_may19_countgate220_afrl_fr_170_200_xfeat/afrl_cave_cam0_pinhole.yaml;...(+156),Prior artifact or parameter/search reference found before P02 freeze; exclude exact window from confirmatory denominator.
afrl,cemetery_fr,180,200,second,3,true,true,false,DEVELOPMENT_ONLY,logs/jun23_afrl_fr_candidate_availability_report.md:62;正反例窗口整理/正例窗口说明.md:511;正反例窗口整理/正例窗口说明.md:512,Prior artifact or parameter/search reference found before P02 freeze; exclude exact window from confirmatory denominator.
afrl,cemetery_fr,180,380,second,120,true,true,true,DEVELOPMENT_ONLY,logs/afrl_cave_v31/external_hybrid_xfeat_every3_jun22_crop_fr180_200_xfeat_from170_200/afrl_cave_cam0_pinhole.yaml;logs/afrl_cave_v31/external_hybrid_xfeat_every3_jun22_crop_fr180_200_xfeat_from170_200/features.bag;logs/afrl_cave_v31/external_hybrid_xfeat_every3_jun22_crop_fr180_200_xfeat_from170_200/frontend_metrics.csv;logs/afrl_cave_v31/external_hybrid_xfeat_every3_jun22_crop_fr180_200_xfeat_from170_200/vins_afrl_cave_external.yaml;logs/afrl_cave_v31/external_klt_every3_jun22_crop_fr180_200_klt_from170_200/afrl_cave_cam0_pinhole.yaml;logs/afrl_cave_v31/external_klt_every3_jun22_crop_fr180_200_klt_from170_200/features.bag;logs/afrl_cave_v31/external_klt_every3_jun22_crop_fr180_200_klt_from170_200/frontend_metrics.csv;logs/afrl_cave_v31/external_klt_every3_jun22_crop_fr180_200_klt_from170_200/vins_afrl_cave_external.yaml;logs/existing_featurebag_vins/jun22_afrl_fr180_200_klt_crop/afrl_cave_cam0_pinhole.yaml;logs/existing_featurebag_vins/jun22_afrl_fr180_200_klt_crop/ape.txt;logs/existing_featurebag_vins/jun22_afrl_fr180_200_klt_crop/ape.txt:1;logs/existing_featurebag_vins/jun22_afrl_fr180_200_klt_crop/ape.txt:10;...(+108),Prior artifact or parameter/search reference found before P02 freeze; exclude exact window from confirmatory denominator.
afrl,cemetery_fr,190,210,second,252,true,true,true,DEVELOPMENT_ONLY,logs/afrl_cave_v31/external_hybrid_xfeat_every2_jul18_causal_more_afrl_cemfr_s190_d20_oldcontract_microburst/afrl_cave_cam0_pinhole.yaml;logs/afrl_cave_v31/external_hybrid_xfeat_every2_jul18_causal_more_afrl_cemfr_s190_d20_oldcontract_microburst/arbitration_summary.txt;logs/afrl_cave_v31/external_hybrid_xfeat_every2_jul18_causal_more_afrl_cemfr_s190_d20_oldcontract_microburst/arbitration_summary.txt:1;logs/afrl_cave_v31/external_hybrid_xfeat_every2_jul18_causal_more_afrl_cemfr_s190_d20_oldcontract_microburst/arbitration_summary.txt:10;logs/afrl_cave_v31/external_hybrid_xfeat_every2_jul18_causal_more_afrl_cemfr_s190_d20_oldcontract_microburst/arbitration_summary.txt:100;logs/afrl_cave_v31/external_hybrid_xfeat_every2_jul18_causal_more_afrl_cemfr_s190_d20_oldcontract_microburst/arbitration_summary.txt:101;logs/afrl_cave_v31/external_hybrid_xfeat_every2_jul18_causal_more_afrl_cemfr_s190_d20_oldcontract_microburst/arbitration_summary.txt:102;logs/afrl_cave_v31/external_hybrid_xfeat_every2_jul18_causal_more_afrl_cemfr_s190_d20_oldcontract_microburst/arbitration_summary.txt:103;logs/afrl_cave_v31/external_hybrid_xfeat_every2_jul18_causal_more_afrl_cemfr_s190_d20_oldcontract_microburst/arbitration_summary.txt:104;logs/afrl_cave_v31/external_hybrid_xfeat_every2_jul18_causal_more_afrl_cemfr_s190_d20_oldcontract_microburst/arbitration_summary.txt:105;logs/afrl_cave_v31/external_hybrid_xfeat_every2_jul18_causal_more_afrl_cemfr_s190_d20_oldcontract_microburst/arbitration_summary.txt:106;logs/afrl_cave_v31/external_hybrid_xfeat_every2_jul18_causal_more_afrl_cemfr_s190_d20_oldcontract_microburst/arbitration_summary.txt:107;...(+240),Prior artifact or parameter/search reference found before P02 freeze; exclude exact window from confirmatory denominator.
afrl,cemetery_fr,20,40,second,33,true,true,true,DEVELOPMENT_ONLY,logs/afrl_continued_source_audit_may28/may28_cont_splg_cem_fr_20_20/afrl_cave_cam0_pinhole.yaml;logs/afrl_continued_source_audit_may28/may28_cont_splg_cem_fr_20_20/features.bag;logs/afrl_continued_source_audit_may28/may28_cont_splg_cem_fr_20_20/frontend_metrics.csv;logs/afrl_continued_source_audit_may28/may28_cont_splg_cem_fr_20_20/vins_afrl_cave_external.yaml;logs/afrl_continued_source_audit_may28/may28_cont_xfeat_cem_fr_20_20/afrl_cave_cam0_pinhole.yaml;logs/afrl_continued_source_audit_may28/may28_cont_xfeat_cem_fr_20_20/features.bag;logs/afrl_continued_source_audit_may28/may28_cont_xfeat_cem_fr_20_20/frontend_metrics.csv;logs/afrl_continued_source_audit_may28/may28_cont_xfeat_cem_fr_20_20/replay_manifest.txt;logs/afrl_continued_source_audit_may28/may28_cont_xfeat_cem_fr_20_20/replay_manifest.txt:1;logs/afrl_continued_source_audit_may28/may28_cont_xfeat_cem_fr_20_20/replay_manifest.txt:2;logs/afrl_continued_source_audit_may28/may28_cont_xfeat_cem_fr_20_20/replay_manifest.txt:3;logs/afrl_continued_source_audit_may28/may28_cont_xfeat_cem_fr_20_20/replay_manifest.txt:4;...(+21),Prior artifact or parameter/search reference found before P02 freeze; exclude exact window from confirmatory denominator.
afrl,cemetery_fr,20,60,second,1097,true,true,true,DEVELOPMENT_ONLY,logs/afrl_cave_v31/external_hybrid_xfeat_every2_jun07_adaptivewarmup_v2a_fr20_40_export/afrl_cave_cam0_pinhole.yaml;logs/afrl_cave_v31/external_hybrid_xfeat_every2_jun07_adaptivewarmup_v2a_fr20_40_export/drop_learned_lineage_stats.csv;logs/afrl_cave_v31/external_hybrid_xfeat_every2_jun07_adaptivewarmup_v2a_fr20_40_export/features.bag;logs/afrl_cave_v31/external_hybrid_xfeat_every2_jun07_adaptivewarmup_v2a_fr20_40_export/features_drop_learned_lineage.bag;logs/afrl_cave_v31/external_hybrid_xfeat_every2_jun07_adaptivewarmup_v2a_fr20_40_export/frontend_metrics.csv;logs/afrl_cave_v31/external_hybrid_xfeat_every2_jun07_adaptivewarmup_v2a_fr20_40_export/replay_manifest.txt;logs/afrl_cave_v31/external_hybrid_xfeat_every2_jun07_adaptivewarmup_v2a_fr20_40_export/replay_manifest.txt:1;logs/afrl_cave_v31/external_hybrid_xfeat_every2_jun07_adaptivewarmup_v2a_fr20_40_export/replay_manifest.txt:2;logs/afrl_cave_v31/external_hybrid_xfeat_every2_jun07_adaptivewarmup_v2a_fr20_40_export/replay_manifest.txt:3;logs/afrl_cave_v31/external_hybrid_xfeat_every2_jun07_adaptivewarmup_v2a_fr20_40_export/replay_manifest.txt:4;logs/afrl_cave_v31/external_hybrid_xfeat_every2_jun07_adaptivewarmup_v2a_fr20_40_export/replay_manifest.txt:5;logs/afrl_cave_v31/external_hybrid_xfeat_every2_jun07_adaptivewarmup_v2a_fr20_40_export/replay_manifest.txt:6;...(+1085),Prior artifact or parameter/search reference found before P02 freeze; exclude exact window from confirmatory denominator.
afrl,cemetery_fr,20,65,second,10,true,true,true,DEVELOPMENT_ONLY,logs/afrl_cave_v31/external_hybrid_xfeat_every2_may26_recheck_afrl_fr_20_45_xfeat_allbenefit/afrl_cave_cam0_pinhole.yaml;logs/afrl_cave_v31/external_hybrid_xfeat_every2_may26_recheck_afrl_fr_20_45_xfeat_allbenefit/features.bag;logs/afrl_cave_v31/external_hybrid_xfeat_every2_may26_recheck_afrl_fr_20_45_xfeat_allbenefit/frontend_metrics.csv;logs/afrl_cave_v31/external_hybrid_xfeat_every2_may26_recheck_afrl_fr_20_45_xfeat_allbenefit/vins_afrl_cave_external.yaml;logs/afrl_cave_v31/external_hybrid_xfeat_every2_may26_recheck_afrl_fr_20_45_xfeat_safe/afrl_cave_cam0_pinhole.yaml;logs/afrl_cave_v31/external_hybrid_xfeat_every2_may26_recheck_afrl_fr_20_45_xfeat_safe/features.bag;logs/afrl_cave_v31/external_hybrid_xfeat_every2_may26_recheck_afrl_fr_20_45_xfeat_safe/frontend_metrics.csv;logs/afrl_cave_v31/external_hybrid_xfeat_every2_may26_recheck_afrl_fr_20_45_xfeat_safe/vins_afrl_cave_external.yaml;papers/causal_crossdataset_search_20260718/extended_probe_lineage_rescan.csv:825;papers/causal_crossdataset_search_20260718/extended_probe_lineage_rescan.csv:911,Prior artifact or parameter/search reference found before P02 freeze; exclude exact window from confirmatory denominator.
afrl,cemetery_fr,200,430,second,149,true,true,true,DEVELOPMENT_ONLY,logs/afrl_cave_v31/external_hybrid_xfeat_every2_may28_formaldefault_fr200_230/afrl_cave_cam0_pinhole.yaml;logs/afrl_cave_v31/external_hybrid_xfeat_every2_may28_formaldefault_fr200_230/features.bag;logs/afrl_cave_v31/external_hybrid_xfeat_every2_may28_formaldefault_fr200_230/frontend_metrics.csv;logs/afrl_cave_v31/external_hybrid_xfeat_every2_may28_formaldefault_fr200_230/replay_manifest.txt;logs/afrl_cave_v31/external_hybrid_xfeat_every2_may28_formaldefault_fr200_230/replay_manifest.txt:1;logs/afrl_cave_v31/external_hybrid_xfeat_every2_may28_formaldefault_fr200_230/replay_manifest.txt:2;logs/afrl_cave_v31/external_hybrid_xfeat_every2_may28_formaldefault_fr200_230/replay_manifest.txt:3;logs/afrl_cave_v31/external_hybrid_xfeat_every2_may28_formaldefault_fr200_230/replay_manifest.txt:4;logs/afrl_cave_v31/external_hybrid_xfeat_every2_may28_formaldefault_fr200_230/replay_manifest.txt:5;logs/afrl_cave_v31/external_hybrid_xfeat_every2_may28_formaldefault_fr200_230/replay_manifest.txt:6;logs/afrl_cave_v31/external_hybrid_xfeat_every2_may28_formaldefault_fr200_230/vins_afrl_cave_external.yaml;logs/afrl_cave_v31/external_hybrid_xfeat_every2_may28_freshgate_fr200_230/afrl_cave_cam0_pinhole.yaml;...(+137),Prior artifact or parameter/search reference found before P02 freeze; exclude exact window from confirmatory denominator.
afrl,cemetery_fr,200,460,second,1,false,false,false,DEVELOPMENT_ONLY,logs/may28_tmp_fr200_260_partial.csv,Prior artifact or parameter/search reference found before P02 freeze; exclude exact window from confirmatory denominator.
afrl,cemetery_fr,230,490,second,357,true,true,true,DEVELOPMENT_ONLY,logs/afrl_cave_v31/external_hybrid_xfeat_every2_may28_freshgate_fr230_260/afrl_cave_cam0_pinhole.yaml;logs/afrl_cave_v31/external_hybrid_xfeat_every2_may28_freshgate_fr230_260/drop_learned_lineage_stats.csv;logs/afrl_cave_v31/external_hybrid_xfeat_every2_may28_freshgate_fr230_260/features.bag;logs/afrl_cave_v31/external_hybrid_xfeat_every2_may28_freshgate_fr230_260/features_drop_learned_lineage.bag;logs/afrl_cave_v31/external_hybrid_xfeat_every2_may28_freshgate_fr230_260/frontend_metrics.csv;logs/afrl_cave_v31/external_hybrid_xfeat_every2_may28_freshgate_fr230_260/replay_manifest.txt;logs/afrl_cave_v31/external_hybrid_xfeat_every2_may28_freshgate_fr230_260/replay_manifest.txt:1;logs/afrl_cave_v31/external_hybrid_xfeat_every2_may28_freshgate_fr230_260/replay_manifest.txt:2;logs/afrl_cave_v31/external_hybrid_xfeat_every2_may28_freshgate_fr230_260/replay_manifest.txt:3;logs/afrl_cave_v31/external_hybrid_xfeat_every2_may28_freshgate_fr230_260/replay_manifest.txt:4;logs/afrl_cave_v31/external_hybrid_xfeat_every2_may28_freshgate_fr230_260/replay_manifest.txt:5;logs/afrl_cave_v31/external_hybrid_xfeat_every2_may28_freshgate_fr230_260/replay_manifest.txt:6;...(+345),Prior artifact or parameter/search reference found before P02 freeze; exclude exact window from confirmatory denominator.
afrl,cemetery_fr,25,45,second,16,true,true,true,DEVELOPMENT_ONLY,logs/formal_three_layer_source_audit_may28/may28_formal_hybrid_superpoint_lightglue_fr_25_20.export.log;logs/formal_three_layer_source_audit_may28/may28_formal_hybrid_superpoint_lightglue_fr_25_20/afrl_cave_cam0_pinhole.yaml;logs/formal_three_layer_source_audit_may28/may28_formal_hybrid_superpoint_lightglue_fr_25_20/features.bag;logs/formal_three_layer_source_audit_may28/may28_formal_hybrid_superpoint_lightglue_fr_25_20/frontend_metrics.csv;logs/formal_three_layer_source_audit_may28/may28_formal_hybrid_superpoint_lightglue_fr_25_20/vins_afrl_cave_external.yaml;logs/jun04_cross_dataset_closure_notes.md:21;logs/jun04_cross_dataset_closure_notes.md:32;logs/may28_afrl_continued_source_audit.md:18;logs/may28_afrl_continued_source_audit.md:20;logs/may28_afrl_continued_source_audit.md:48;scripts/run_afrl_active_xfeat_sidecar_validation.sh:83;scripts/run_afrl_lowtexture_support_xfeat_validation.sh:13;...(+4),Prior artifact or parameter/search reference found before P02 freeze; exclude exact window from confirmatory denominator.
afrl,cemetery_fr,25,62,second,145,true,true,true,DEVELOPMENT_ONLY,logs/afrl_cave_v31/external_hybrid_superpoint_lightglue_every2_may28_patch_confirmed_age_splg_cem_fr25_37_formal_mirror/afrl_cave_cam0_pinhole.yaml;logs/afrl_cave_v31/external_hybrid_superpoint_lightglue_every2_may28_patch_confirmed_age_splg_cem_fr25_37_formal_mirror/features.bag;logs/afrl_cave_v31/external_hybrid_superpoint_lightglue_every2_may28_patch_confirmed_age_splg_cem_fr25_37_formal_mirror/frontend_metrics.csv;logs/afrl_cave_v31/external_hybrid_superpoint_lightglue_every2_may28_patch_confirmed_age_splg_cem_fr25_37_formal_mirror/replay_manifest.txt;logs/afrl_cave_v31/external_hybrid_superpoint_lightglue_every2_may28_patch_confirmed_age_splg_cem_fr25_37_formal_mirror/replay_manifest.txt:1;logs/afrl_cave_v31/external_hybrid_superpoint_lightglue_every2_may28_patch_confirmed_age_splg_cem_fr25_37_formal_mirror/replay_manifest.txt:2;logs/afrl_cave_v31/external_hybrid_superpoint_lightglue_every2_may28_patch_confirmed_age_splg_cem_fr25_37_formal_mirror/replay_manifest.txt:3;logs/afrl_cave_v31/external_hybrid_superpoint_lightglue_every2_may28_patch_confirmed_age_splg_cem_fr25_37_formal_mirror/replay_manifest.txt:4;logs/afrl_cave_v31/external_hybrid_superpoint_lightglue_every2_may28_patch_confirmed_age_splg_cem_fr25_37_formal_mirror/replay_manifest.txt:5;logs/afrl_cave_v31/external_hybrid_superpoint_lightglue_every2_may28_patch_confirmed_age_splg_cem_fr25_37_formal_mirror/replay_manifest.txt:6;logs/afrl_cave_v31/external_hybrid_superpoint_lightglue_every2_may28_patch_confirmed_age_splg_cem_fr25_37_formal_mirror/vins_afrl_cave_external.yaml;logs/afrl_cave_v31/external_hybrid_superpoint_lightglue_every2_may28_splg_mature_rescue_no_benefit_all_cem_fr25_37_export/afrl_cave_cam0_pinhole.yaml;...(+133),Prior artifact or parameter/search reference found before P02 freeze; exclude exact window from confirmatory denominator.
afrl,cemetery_fr,25,70,second,4142,true,true,true,DEVELOPMENT_ONLY,logs/afrl_cave_v31/external_hybrid_superpoint_lightglue_every2_may28_splg_probe_fr25_45_mirror_preserve_age1/afrl_cave_cam0_pinhole.yaml;logs/afrl_cave_v31/external_hybrid_superpoint_lightglue_every2_may28_splg_probe_fr25_45_mirror_preserve_age1/features.bag;logs/afrl_cave_v31/external_hybrid_superpoint_lightglue_every2_may28_splg_probe_fr25_45_mirror_preserve_age1/frontend_metrics.csv;logs/afrl_cave_v31/external_hybrid_superpoint_lightglue_every2_may28_splg_probe_fr25_45_mirror_preserve_age1/vins_afrl_cave_external.yaml;logs/afrl_cave_v31/external_hybrid_superpoint_lightglue_every2_may28_splg_probe_fr25_45_mirror_preserve_age3/afrl_cave_cam0_pinhole.yaml;logs/afrl_cave_v31/external_hybrid_superpoint_lightglue_every2_may28_splg_probe_fr25_45_mirror_preserve_age3/features.bag;logs/afrl_cave_v31/external_hybrid_superpoint_lightglue_every2_may28_splg_probe_fr25_45_mirror_preserve_age3/frontend_metrics.csv;logs/afrl_cave_v31/external_hybrid_superpoint_lightglue_every2_may28_splg_probe_fr25_45_mirror_preserve_age3/vins_afrl_cave_external.yaml;logs/afrl_cave_v31/external_hybrid_superpoint_lightglue_every2_may28_splg_source_fr_25_45_mature_sourcechan/afrl_cave_cam0_pinhole.yaml;logs/afrl_cave_v31/external_hybrid_superpoint_lightglue_every2_may28_splg_source_fr_25_45_mature_sourcechan/drop_learned_lineage_stats.csv;logs/afrl_cave_v31/external_hybrid_superpoint_lightglue_every2_may28_splg_source_fr_25_45_mature_sourcechan/features.bag;logs/afrl_cave_v31/external_hybrid_superpoint_lightglue_every2_may28_splg_source_fr_25_45_mature_sourcechan/features_drop_learned_lineage.bag;...(+4130),Prior artifact or parameter/search reference found before P02 freeze; exclude exact window from confirmatory denominator.
afrl,cemetery_fr,260,550,second,118,true,true,true,DEVELOPMENT_ONLY,logs/afrl_cave_v31/external_hybrid_xfeat_every2_may28_srcdiag_cem_fr_260_290/afrl_cave_cam0_pinhole.yaml;logs/afrl_cave_v31/external_hybrid_xfeat_every2_may28_srcdiag_cem_fr_260_290/drop_learned_lineage_stats.csv;logs/afrl_cave_v31/external_hybrid_xfeat_every2_may28_srcdiag_cem_fr_260_290/features.bag;logs/afrl_cave_v31/external_hybrid_xfeat_every2_may28_srcdiag_cem_fr_260_290/features_drop_learned_lineage.bag;logs/afrl_cave_v31/external_hybrid_xfeat_every2_may28_srcdiag_cem_fr_260_290/frontend_metrics.csv;logs/afrl_cave_v31/external_hybrid_xfeat_every2_may28_srcdiag_cem_fr_260_290/replay_manifest.txt;logs/afrl_cave_v31/external_hybrid_xfeat_every2_may28_srcdiag_cem_fr_260_290/replay_manifest.txt:1;logs/afrl_cave_v31/external_hybrid_xfeat_every2_may28_srcdiag_cem_fr_260_290/replay_manifest.txt:2;logs/afrl_cave_v31/external_hybrid_xfeat_every2_may28_srcdiag_cem_fr_260_290/replay_manifest.txt:3;logs/afrl_cave_v31/external_hybrid_xfeat_every2_may28_srcdiag_cem_fr_260_290/replay_manifest.txt:4;logs/afrl_cave_v31/external_hybrid_xfeat_every2_may28_srcdiag_cem_fr_260_290/replay_manifest.txt:5;logs/afrl_cave_v31/external_hybrid_xfeat_every2_may28_srcdiag_cem_fr_260_290/replay_manifest.txt:6;...(+106),Prior artifact or parameter/search reference found before P02 freeze; exclude exact window from confirmatory denominator.
afrl,cemetery_fr,290,610,second,118,true,true,true,DEVELOPMENT_ONLY,logs/afrl_cave_v31/external_hybrid_xfeat_every2_may28_srcdiag_cem_fr_290_320/afrl_cave_cam0_pinhole.yaml;logs/afrl_cave_v31/external_hybrid_xfeat_every2_may28_srcdiag_cem_fr_290_320/drop_learned_lineage_stats.csv;logs/afrl_cave_v31/external_hybrid_xfeat_every2_may28_srcdiag_cem_fr_290_320/features.bag;logs/afrl_cave_v31/external_hybrid_xfeat_every2_may28_srcdiag_cem_fr_290_320/features_drop_learned_lineage.bag;logs/afrl_cave_v31/external_hybrid_xfeat_every2_may28_srcdiag_cem_fr_290_320/frontend_metrics.csv;logs/afrl_cave_v31/external_hybrid_xfeat_every2_may28_srcdiag_cem_fr_290_320/replay_manifest.txt;logs/afrl_cave_v31/external_hybrid_xfeat_every2_may28_srcdiag_cem_fr_290_320/replay_manifest.txt:1;logs/afrl_cave_v31/external_hybrid_xfeat_every2_may28_srcdiag_cem_fr_290_320/replay_manifest.txt:2;logs/afrl_cave_v31/external_hybrid_xfeat_every2_may28_srcdiag_cem_fr_290_320/replay_manifest.txt:3;logs/afrl_cave_v31/external_hybrid_xfeat_every2_may28_srcdiag_cem_fr_290_320/replay_manifest.txt:4;logs/afrl_cave_v31/external_hybrid_xfeat_every2_may28_srcdiag_cem_fr_290_320/replay_manifest.txt:5;logs/afrl_cave_v31/external_hybrid_xfeat_every2_may28_srcdiag_cem_fr_290_320/replay_manifest.txt:6;...(+106),Prior artifact or parameter/search reference found before P02 freeze; exclude exact window from confirmatory denominator.
afrl,cemetery_fr,30,50,second,27,true,true,true,DEVELOPMENT_ONLY,logs/afrl_continued_source_audit_may28/may28_cont_xfeat_cem_fr_30_20/afrl_cave_cam0_pinhole.yaml;logs/afrl_continued_source_audit_may28/may28_cont_xfeat_cem_fr_30_20/features.bag;logs/afrl_continued_source_audit_may28/may28_cont_xfeat_cem_fr_30_20/frontend_metrics.csv;logs/afrl_continued_source_audit_may28/may28_cont_xfeat_cem_fr_30_20/replay_manifest.txt;logs/afrl_continued_source_audit_may28/may28_cont_xfeat_cem_fr_30_20/replay_manifest.txt:1;logs/afrl_continued_source_audit_may28/may28_cont_xfeat_cem_fr_30_20/replay_manifest.txt:2;logs/afrl_continued_source_audit_may28/may28_cont_xfeat_cem_fr_30_20/replay_manifest.txt:3;logs/afrl_continued_source_audit_may28/may28_cont_xfeat_cem_fr_30_20/replay_manifest.txt:4;logs/afrl_continued_source_audit_may28/may28_cont_xfeat_cem_fr_30_20/replay_manifest.txt:5;logs/afrl_continued_source_audit_may28/may28_cont_xfeat_cem_fr_30_20/replay_manifest.txt:6;logs/afrl_continued_source_audit_may28/may28_cont_xfeat_cem_fr_30_20/vins_afrl_cave_external.yaml;papers/information_aware_continuous_mode_posterior_plan.md:203;...(+15),Prior artifact or parameter/search reference found before P02 freeze; exclude exact window from confirmatory denominator.
afrl,cemetery_fr,30,80,second,980,true,true,true,DEVELOPMENT_ONLY,logs/afrl_cave_v31/external_hybrid_xfeat_every2_jun07_more_fr_neighborhood_v1_fr30_50_export/afrl_cave_cam0_pinhole.yaml;logs/afrl_cave_v31/external_hybrid_xfeat_every2_jun07_more_fr_neighborhood_v1_fr30_50_export/ape.txt;logs/afrl_cave_v31/external_hybrid_xfeat_every2_jun07_more_fr_neighborhood_v1_fr30_50_export/ape.txt:1;logs/afrl_cave_v31/external_hybrid_xfeat_every2_jun07_more_fr_neighborhood_v1_fr30_50_export/ape.txt:10;logs/afrl_cave_v31/external_hybrid_xfeat_every2_jun07_more_fr_neighborhood_v1_fr30_50_export/ape.txt:11;logs/afrl_cave_v31/external_hybrid_xfeat_every2_jun07_more_fr_neighborhood_v1_fr30_50_export/ape.txt:12;logs/afrl_cave_v31/external_hybrid_xfeat_every2_jun07_more_fr_neighborhood_v1_fr30_50_export/ape.txt:13;logs/afrl_cave_v31/external_hybrid_xfeat_every2_jun07_more_fr_neighborhood_v1_fr30_50_export/ape.txt:14;logs/afrl_cave_v31/external_hybrid_xfeat_every2_jun07_more_fr_neighborhood_v1_fr30_50_export/ape.txt:15;logs/afrl_cave_v31/external_hybrid_xfeat_every2_jun07_more_fr_neighborhood_v1_fr30_50_export/ape.txt:16;logs/afrl_cave_v31/external_hybrid_xfeat_every2_jun07_more_fr_neighborhood_v1_fr30_50_export/ape.txt:17;logs/afrl_cave_v31/external_hybrid_xfeat_every2_jun07_more_fr_neighborhood_v1_fr30_50_export/ape.txt:18;...(+968),Prior artifact or parameter/search reference found before P02 freeze; exclude exact window from confirmatory denominator.
afrl,cemetery_fr,300,320,second,785,true,true,true,DEVELOPMENT_ONLY,logs/afrl_cave_v31/external_hybrid_xfeat_every2_jul18_causal_afrl_cemfr_s300_d20_drop_r1/afrl_cave_cam0_pinhole.yaml;logs/afrl_cave_v31/external_hybrid_xfeat_every2_jul18_causal_afrl_cemfr_s300_d20_drop_r1/ape.txt;logs/afrl_cave_v31/external_hybrid_xfeat_every2_jul18_causal_afrl_cemfr_s300_d20_drop_r1/ape.txt:1;logs/afrl_cave_v31/external_hybrid_xfeat_every2_jul18_causal_afrl_cemfr_s300_d20_drop_r1/ape.txt:10;logs/afrl_cave_v31/external_hybrid_xfeat_every2_jul18_causal_afrl_cemfr_s300_d20_drop_r1/ape.txt:11;logs/afrl_cave_v31/external_hybrid_xfeat_every2_jul18_causal_afrl_cemfr_s300_d20_drop_r1/ape.txt:12;logs/afrl_cave_v31/external_hybrid_xfeat_every2_jul18_causal_afrl_cemfr_s300_d20_drop_r1/ape.txt:13;logs/afrl_cave_v31/external_hybrid_xfeat_every2_jul18_causal_afrl_cemfr_s300_d20_drop_r1/ape.txt:14;logs/afrl_cave_v31/external_hybrid_xfeat_every2_jul18_causal_afrl_cemfr_s300_d20_drop_r1/ape.txt:15;logs/afrl_cave_v31/external_hybrid_xfeat_every2_jul18_causal_afrl_cemfr_s300_d20_drop_r1/ape.txt:16;logs/afrl_cave_v31/external_hybrid_xfeat_every2_jul18_causal_afrl_cemfr_s300_d20_drop_r1/ape.txt:17;logs/afrl_cave_v31/external_hybrid_xfeat_every2_jul18_causal_afrl_cemfr_s300_d20_drop_r1/ape.txt:18;...(+773),Prior artifact or parameter/search reference found before P02 freeze; exclude exact window from confirmatory denominator.
afrl,cemetery_fr,320,350,second,11,true,true,true,DEVELOPMENT_ONLY,logs/afrl_cave_v31_may28_source_audit/external_hybrid_xfeat_every2_may28_srcaudit_fr_320_30/afrl_cave_cam0_pinhole.yaml;logs/afrl_cave_v31_may28_source_audit/external_hybrid_xfeat_every2_may28_srcaudit_fr_320_30/features.bag;logs/afrl_cave_v31_may28_source_audit/external_hybrid_xfeat_every2_may28_srcaudit_fr_320_30/frontend_metrics.csv;logs/afrl_cave_v31_may28_source_audit/external_hybrid_xfeat_every2_may28_srcaudit_fr_320_30/replay_manifest.txt;logs/afrl_cave_v31_may28_source_audit/external_hybrid_xfeat_every2_may28_srcaudit_fr_320_30/replay_manifest.txt:1;logs/afrl_cave_v31_may28_source_audit/external_hybrid_xfeat_every2_may28_srcaudit_fr_320_30/replay_manifest.txt:2;logs/afrl_cave_v31_may28_source_audit/external_hybrid_xfeat_every2_may28_srcaudit_fr_320_30/replay_manifest.txt:3;logs/afrl_cave_v31_may28_source_audit/external_hybrid_xfeat_every2_may28_srcaudit_fr_320_30/replay_manifest.txt:4;logs/afrl_cave_v31_may28_source_audit/external_hybrid_xfeat_every2_may28_srcaudit_fr_320_30/replay_manifest.txt:5;logs/afrl_cave_v31_may28_source_audit/external_hybrid_xfeat_every2_may28_srcaudit_fr_320_30/replay_manifest.txt:6;logs/afrl_cave_v31_may28_source_audit/external_hybrid_xfeat_every2_may28_srcaudit_fr_320_30/vins_afrl_cave_external.yaml,Prior artifact or parameter/search reference found before P02 freeze; exclude exact window from confirmatory denominator.
afrl,cemetery_fr,35,90,second,967,true,true,true,DEVELOPMENT_ONLY,logs/afrl_cave_v31/external_hybrid_xfeat_every2_jun07_adaptivewarmup_v1_fr35_55_export/afrl_cave_cam0_pinhole.yaml;logs/afrl_cave_v31/external_hybrid_xfeat_every2_jun07_adaptivewarmup_v1_fr35_55_export/features.bag;logs/afrl_cave_v31/external_hybrid_xfeat_every2_jun07_adaptivewarmup_v1_fr35_55_export/frontend_metrics.csv;logs/afrl_cave_v31/external_hybrid_xfeat_every2_jun07_adaptivewarmup_v1_fr35_55_export/replay_manifest.txt;logs/afrl_cave_v31/external_hybrid_xfeat_every2_jun07_adaptivewarmup_v1_fr35_55_export/replay_manifest.txt:1;logs/afrl_cave_v31/external_hybrid_xfeat_every2_jun07_adaptivewarmup_v1_fr35_55_export/replay_manifest.txt:2;logs/afrl_cave_v31/external_hybrid_xfeat_every2_jun07_adaptivewarmup_v1_fr35_55_export/replay_manifest.txt:3;logs/afrl_cave_v31/external_hybrid_xfeat_every2_jun07_adaptivewarmup_v1_fr35_55_export/replay_manifest.txt:4;logs/afrl_cave_v31/external_hybrid_xfeat_every2_jun07_adaptivewarmup_v1_fr35_55_export/replay_manifest.txt:5;logs/afrl_cave_v31/external_hybrid_xfeat_every2_jun07_adaptivewarmup_v1_fr35_55_export/replay_manifest.txt:6;logs/afrl_cave_v31/external_hybrid_xfeat_every2_jun07_adaptivewarmup_v1_fr35_55_export/vins_afrl_cave_external.yaml;logs/afrl_cave_v31/external_hybrid_xfeat_every2_jun07_counter_recheck_v1_fr35_55_export/afrl_cave_cam0_pinhole.yaml;...(+955),Prior artifact or parameter/search reference found before P02 freeze; exclude exact window from confirmatory denominator.
afrl,cemetery_fr,350,370,second,12,true,true,true,DEVELOPMENT_ONLY,logs/afrl_cave_v31/external_hybrid_xfeat_every2_jul18_causal_more_afrl_cemfr_s350_d20_probe_oldcontract_densecap/afrl_cave_cam0_pinhole.yaml;logs/afrl_cave_v31/external_hybrid_xfeat_every2_jul18_causal_more_afrl_cemfr_s350_d20_probe_oldcontract_densecap/cave_gennie_short.bag;logs/afrl_cave_v31/external_hybrid_xfeat_every2_jul18_causal_more_afrl_cemfr_s350_d20_probe_oldcontract_densecap/features.bag;logs/afrl_cave_v31/external_hybrid_xfeat_every2_jul18_causal_more_afrl_cemfr_s350_d20_probe_oldcontract_densecap/frontend_metrics.csv;logs/afrl_cave_v31/external_hybrid_xfeat_every2_jul18_causal_more_afrl_cemfr_s350_d20_probe_oldcontract_densecap/replay_manifest.txt;logs/afrl_cave_v31/external_hybrid_xfeat_every2_jul18_causal_more_afrl_cemfr_s350_d20_probe_oldcontract_densecap/replay_manifest.txt:1;logs/afrl_cave_v31/external_hybrid_xfeat_every2_jul18_causal_more_afrl_cemfr_s350_d20_probe_oldcontract_densecap/replay_manifest.txt:2;logs/afrl_cave_v31/external_hybrid_xfeat_every2_jul18_causal_more_afrl_cemfr_s350_d20_probe_oldcontract_densecap/replay_manifest.txt:3;logs/afrl_cave_v31/external_hybrid_xfeat_every2_jul18_causal_more_afrl_cemfr_s350_d20_probe_oldcontract_densecap/replay_manifest.txt:4;logs/afrl_cave_v31/external_hybrid_xfeat_every2_jul18_causal_more_afrl_cemfr_s350_d20_probe_oldcontract_densecap/replay_manifest.txt:5;logs/afrl_cave_v31/external_hybrid_xfeat_every2_jul18_causal_more_afrl_cemfr_s350_d20_probe_oldcontract_densecap/replay_manifest.txt:6;logs/afrl_cave_v31/external_hybrid_xfeat_every2_jul18_causal_more_afrl_cemfr_s350_d20_probe_oldcontract_densecap/vins_afrl_cave_external.yaml,Prior artifact or parameter/search reference found before P02 freeze; exclude exact window from confirmatory denominator.
afrl,cemetery_fr,350,380,second,12,true,true,true,DEVELOPMENT_ONLY,logs/afrl_cave_v31_may28_source_audit/external_hybrid_xfeat_every2_may28_srcaudit_fr_350_30/afrl_cave_cam0_pinhole.yaml;logs/afrl_cave_v31_may28_source_audit/external_hybrid_xfeat_every2_may28_srcaudit_fr_350_30/features.bag;logs/afrl_cave_v31_may28_source_audit/external_hybrid_xfeat_every2_may28_srcaudit_fr_350_30/frontend_metrics.csv;logs/afrl_cave_v31_may28_source_audit/external_hybrid_xfeat_every2_may28_srcaudit_fr_350_30/replay_manifest.txt;logs/afrl_cave_v31_may28_source_audit/external_hybrid_xfeat_every2_may28_srcaudit_fr_350_30/replay_manifest.txt:1;logs/afrl_cave_v31_may28_source_audit/external_hybrid_xfeat_every2_may28_srcaudit_fr_350_30/replay_manifest.txt:2;logs/afrl_cave_v31_may28_source_audit/external_hybrid_xfeat_every2_may28_srcaudit_fr_350_30/replay_manifest.txt:3;logs/afrl_cave_v31_may28_source_audit/external_hybrid_xfeat_every2_may28_srcaudit_fr_350_30/replay_manifest.txt:4;logs/afrl_cave_v31_may28_source_audit/external_hybrid_xfeat_every2_may28_srcaudit_fr_350_30/replay_manifest.txt:5;logs/afrl_cave_v31_may28_source_audit/external_hybrid_xfeat_every2_may28_srcaudit_fr_350_30/replay_manifest.txt:6;logs/afrl_cave_v31_may28_source_audit/external_hybrid_xfeat_every2_may28_srcaudit_fr_350_30/vins_afrl_cave_external.yaml;logs/jun23_xfeat_search_aqualoc_afrl_subagent.md:32,Prior artifact or parameter/search reference found before P02 freeze; exclude exact window from confirmatory denominator.
afrl,cemetery_fr,380,390,second,26,true,true,true,DEVELOPMENT_ONLY,logs/formal_three_layer_source_audit_may28/may28_formal_short_hybrid_superpoint_lightglue_fr_380_10.export.log;logs/formal_three_layer_source_audit_may28/may28_formal_short_hybrid_superpoint_lightglue_fr_380_10/afrl_cave_cam0_pinhole.yaml;logs/formal_three_layer_source_audit_may28/may28_formal_short_hybrid_superpoint_lightglue_fr_380_10/features.bag;logs/formal_three_layer_source_audit_may28/may28_formal_short_hybrid_superpoint_lightglue_fr_380_10/frontend_metrics.csv;logs/formal_three_layer_source_audit_may28/may28_formal_short_hybrid_superpoint_lightglue_fr_380_10/replay_manifest.txt;logs/formal_three_layer_source_audit_may28/may28_formal_short_hybrid_superpoint_lightglue_fr_380_10/replay_manifest.txt:1;logs/formal_three_layer_source_audit_may28/may28_formal_short_hybrid_superpoint_lightglue_fr_380_10/replay_manifest.txt:2;logs/formal_three_layer_source_audit_may28/may28_formal_short_hybrid_superpoint_lightglue_fr_380_10/replay_manifest.txt:3;logs/formal_three_layer_source_audit_may28/may28_formal_short_hybrid_superpoint_lightglue_fr_380_10/replay_manifest.txt:4;logs/formal_three_layer_source_audit_may28/may28_formal_short_hybrid_superpoint_lightglue_fr_380_10/replay_manifest.txt:5;logs/formal_three_layer_source_audit_may28/may28_formal_short_hybrid_superpoint_lightglue_fr_380_10/replay_manifest.txt:6;logs/formal_three_layer_source_audit_may28/may28_formal_short_hybrid_superpoint_lightglue_fr_380_10/vins_afrl_cave_external.yaml;...(+14),Prior artifact or parameter/search reference found before P02 freeze; exclude exact window from confirmatory denominator.
afrl,cemetery_fr,380,410,second,11,true,true,true,DEVELOPMENT_ONLY,logs/afrl_cave_v31_may28_source_audit/external_hybrid_xfeat_every2_may28_srcaudit_fr_380_30/afrl_cave_cam0_pinhole.yaml;logs/afrl_cave_v31_may28_source_audit/external_hybrid_xfeat_every2_may28_srcaudit_fr_380_30/features.bag;logs/afrl_cave_v31_may28_source_audit/external_hybrid_xfeat_every2_may28_srcaudit_fr_380_30/frontend_metrics.csv;logs/afrl_cave_v31_may28_source_audit/external_hybrid_xfeat_every2_may28_srcaudit_fr_380_30/replay_manifest.txt;logs/afrl_cave_v31_may28_source_audit/external_hybrid_xfeat_every2_may28_srcaudit_fr_380_30/replay_manifest.txt:1;logs/afrl_cave_v31_may28_source_audit/external_hybrid_xfeat_every2_may28_srcaudit_fr_380_30/replay_manifest.txt:2;logs/afrl_cave_v31_may28_source_audit/external_hybrid_xfeat_every2_may28_srcaudit_fr_380_30/replay_manifest.txt:3;logs/afrl_cave_v31_may28_source_audit/external_hybrid_xfeat_every2_may28_srcaudit_fr_380_30/replay_manifest.txt:4;logs/afrl_cave_v31_may28_source_audit/external_hybrid_xfeat_every2_may28_srcaudit_fr_380_30/replay_manifest.txt:5;logs/afrl_cave_v31_may28_source_audit/external_hybrid_xfeat_every2_may28_srcaudit_fr_380_30/replay_manifest.txt:6;logs/afrl_cave_v31_may28_source_audit/external_hybrid_xfeat_every2_may28_srcaudit_fr_380_30/vins_afrl_cave_external.yaml,Prior artifact or parameter/search reference found before P02 freeze; exclude exact window from confirmatory denominator.
afrl,cemetery_fr,380,770,second,2,true,false,true,DEVELOPMENT_ONLY,logs/may28_afrl_continued_source_audit.md:49;logs/may28_afrl_continued_source_audit.md:51,Prior artifact or parameter/search reference found before P02 freeze; exclude exact window from confirmatory denominator.
afrl,cemetery_fr,390,400,second,12,true,true,true,DEVELOPMENT_ONLY,logs/formal_three_layer_source_audit_may28/may28_formal_short_hybrid_xfeat_fr_390_10.export.log;logs/formal_three_layer_source_audit_may28/may28_formal_short_hybrid_xfeat_fr_390_10/afrl_cave_cam0_pinhole.yaml;logs/formal_three_layer_source_audit_may28/may28_formal_short_hybrid_xfeat_fr_390_10/features.bag;logs/formal_three_layer_source_audit_may28/may28_formal_short_hybrid_xfeat_fr_390_10/frontend_metrics.csv;logs/formal_three_layer_source_audit_may28/may28_formal_short_hybrid_xfeat_fr_390_10/replay_manifest.txt;logs/formal_three_layer_source_audit_may28/may28_formal_short_hybrid_xfeat_fr_390_10/replay_manifest.txt:1;logs/formal_three_layer_source_audit_may28/may28_formal_short_hybrid_xfeat_fr_390_10/replay_manifest.txt:2;logs/formal_three_layer_source_audit_may28/may28_formal_short_hybrid_xfeat_fr_390_10/replay_manifest.txt:3;logs/formal_three_layer_source_audit_may28/may28_formal_short_hybrid_xfeat_fr_390_10/replay_manifest.txt:4;logs/formal_three_layer_source_audit_may28/may28_formal_short_hybrid_xfeat_fr_390_10/replay_manifest.txt:5;logs/formal_three_layer_source_audit_may28/may28_formal_short_hybrid_xfeat_fr_390_10/replay_manifest.txt:6;logs/formal_three_layer_source_audit_may28/may28_formal_short_hybrid_xfeat_fr_390_10/vins_afrl_cave_external.yaml,Prior artifact or parameter/search reference found before P02 freeze; exclude exact window from confirmatory denominator.
afrl,cemetery_fr,390,800,second,439,true,true,true,DEVELOPMENT_ONLY,logs/afrl_cave_v31/external_hybrid_superpoint_lightglue_every2_may24_afrl_fr_390_410_splg_export/afrl_cave_cam0_pinhole.yaml;logs/afrl_cave_v31/external_hybrid_superpoint_lightglue_every2_may24_afrl_fr_390_410_splg_export/ape.txt;logs/afrl_cave_v31/external_hybrid_superpoint_lightglue_every2_may24_afrl_fr_390_410_splg_export/ape.txt:1;logs/afrl_cave_v31/external_hybrid_superpoint_lightglue_every2_may24_afrl_fr_390_410_splg_export/ape.txt:10;logs/afrl_cave_v31/external_hybrid_superpoint_lightglue_every2_may24_afrl_fr_390_410_splg_export/ape.txt:11;logs/afrl_cave_v31/external_hybrid_superpoint_lightglue_every2_may24_afrl_fr_390_410_splg_export/ape.txt:12;logs/afrl_cave_v31/external_hybrid_superpoint_lightglue_every2_may24_afrl_fr_390_410_splg_export/ape.txt:13;logs/afrl_cave_v31/external_hybrid_superpoint_lightglue_every2_may24_afrl_fr_390_410_splg_export/ape.txt:14;logs/afrl_cave_v31/external_hybrid_superpoint_lightglue_every2_may24_afrl_fr_390_410_splg_export/ape.txt:15;logs/afrl_cave_v31/external_hybrid_superpoint_lightglue_every2_may24_afrl_fr_390_410_splg_export/ape.txt:16;logs/afrl_cave_v31/external_hybrid_superpoint_lightglue_every2_may24_afrl_fr_390_410_splg_export/ape.txt:17;logs/afrl_cave_v31/external_hybrid_superpoint_lightglue_every2_may24_afrl_fr_390_410_splg_export/ape.txt:18;...(+427),Prior artifact or parameter/search reference found before P02 freeze; exclude exact window from confirmatory denominator.
afrl,cemetery_fr,40,100,second,329,true,true,true,DEVELOPMENT_ONLY,logs/afrl_cave_v31/external_hybrid_xfeat_every2_jun07_more_fr_neighborhood_v1_fr40_60_export/afrl_cave_cam0_pinhole.yaml;logs/afrl_cave_v31/external_hybrid_xfeat_every2_jun07_more_fr_neighborhood_v1_fr40_60_export/ape.txt;logs/afrl_cave_v31/external_hybrid_xfeat_every2_jun07_more_fr_neighborhood_v1_fr40_60_export/ape.txt:1;logs/afrl_cave_v31/external_hybrid_xfeat_every2_jun07_more_fr_neighborhood_v1_fr40_60_export/ape.txt:10;logs/afrl_cave_v31/external_hybrid_xfeat_every2_jun07_more_fr_neighborhood_v1_fr40_60_export/ape.txt:11;logs/afrl_cave_v31/external_hybrid_xfeat_every2_jun07_more_fr_neighborhood_v1_fr40_60_export/ape.txt:12;logs/afrl_cave_v31/external_hybrid_xfeat_every2_jun07_more_fr_neighborhood_v1_fr40_60_export/ape.txt:13;logs/afrl_cave_v31/external_hybrid_xfeat_every2_jun07_more_fr_neighborhood_v1_fr40_60_export/ape.txt:14;logs/afrl_cave_v31/external_hybrid_xfeat_every2_jun07_more_fr_neighborhood_v1_fr40_60_export/ape.txt:15;logs/afrl_cave_v31/external_hybrid_xfeat_every2_jun07_more_fr_neighborhood_v1_fr40_60_export/ape.txt:16;logs/afrl_cave_v31/external_hybrid_xfeat_every2_jun07_more_fr_neighborhood_v1_fr40_60_export/ape.txt:17;logs/afrl_cave_v31/external_hybrid_xfeat_every2_jun07_more_fr_neighborhood_v1_fr40_60_export/ape.txt:18;...(+317),Prior artifact or parameter/search reference found before P02 freeze; exclude exact window from confirmatory denominator.
afrl,cemetery_fr,40,110,second,231,true,true,true,DEVELOPMENT_ONLY,logs/afrl_cave_v31/external_hybrid_xfeat_every2_jun01_xfeat_covseed_formal_v2_more_fr40_70_export/afrl_cave_cam0_pinhole.yaml;logs/afrl_cave_v31/external_hybrid_xfeat_every2_jun01_xfeat_covseed_formal_v2_more_fr40_70_export/ape.txt;logs/afrl_cave_v31/external_hybrid_xfeat_every2_jun01_xfeat_covseed_formal_v2_more_fr40_70_export/ape.txt:1;logs/afrl_cave_v31/external_hybrid_xfeat_every2_jun01_xfeat_covseed_formal_v2_more_fr40_70_export/ape.txt:10;logs/afrl_cave_v31/external_hybrid_xfeat_every2_jun01_xfeat_covseed_formal_v2_more_fr40_70_export/ape.txt:11;logs/afrl_cave_v31/external_hybrid_xfeat_every2_jun01_xfeat_covseed_formal_v2_more_fr40_70_export/ape.txt:12;logs/afrl_cave_v31/external_hybrid_xfeat_every2_jun01_xfeat_covseed_formal_v2_more_fr40_70_export/ape.txt:13;logs/afrl_cave_v31/external_hybrid_xfeat_every2_jun01_xfeat_covseed_formal_v2_more_fr40_70_export/ape.txt:14;logs/afrl_cave_v31/external_hybrid_xfeat_every2_jun01_xfeat_covseed_formal_v2_more_fr40_70_export/ape.txt:15;logs/afrl_cave_v31/external_hybrid_xfeat_every2_jun01_xfeat_covseed_formal_v2_more_fr40_70_export/ape.txt:16;logs/afrl_cave_v31/external_hybrid_xfeat_every2_jun01_xfeat_covseed_formal_v2_more_fr40_70_export/ape.txt:17;logs/afrl_cave_v31/external_hybrid_xfeat_every2_jun01_xfeat_covseed_formal_v2_more_fr40_70_export/ape.txt:18;...(+219),Prior artifact or parameter/search reference found before P02 freeze; exclude exact window from confirmatory denominator.
afrl,cemetery_fr,40,140,second,8,true,false,false,DEVELOPMENT_ONLY,logs/agent_non_a06_frontend_20260518/raw/afrl_fr_40_100_40_100_full_xfeat_loftr.csv;logs/agent_non_a06_frontend_20260518/raw/afrl_fr_40_100_40_100_full_xfeat_loftr.log;logs/agent_non_a06_frontend_20260518/raw/afrl_fr_40_100_40_100_klt_adaptive_clahe.csv;logs/agent_non_a06_frontend_20260518/raw/afrl_fr_40_100_40_100_klt_adaptive_clahe.log;logs/agent_non_a06_frontend_20260518/raw/afrl_fr_40_100_40_100_loftr_extreme_sp_lg.csv;logs/agent_non_a06_frontend_20260518/raw/afrl_fr_40_100_40_100_loftr_extreme_sp_lg.log;logs/agent_non_a06_frontend_20260518/raw/afrl_fr_40_100_40_100_normal_safe_sp_lg.csv;logs/agent_non_a06_frontend_20260518/raw/afrl_fr_40_100_40_100_normal_safe_sp_lg.log,Prior artifact or parameter/search reference found before P02 freeze; exclude exact window from confirmatory denominator.
afrl,cemetery_fr,40,60,second,11,true,true,true,DEVELOPMENT_ONLY,logs/afrl_continued_source_audit_may28/may28_cont_xfeat_cem_fr_40_20/afrl_cave_cam0_pinhole.yaml;logs/afrl_continued_source_audit_may28/may28_cont_xfeat_cem_fr_40_20/features.bag;logs/afrl_continued_source_audit_may28/may28_cont_xfeat_cem_fr_40_20/frontend_metrics.csv;logs/afrl_continued_source_audit_may28/may28_cont_xfeat_cem_fr_40_20/replay_manifest.txt;logs/afrl_continued_source_audit_may28/may28_cont_xfeat_cem_fr_40_20/replay_manifest.txt:1;logs/afrl_continued_source_audit_may28/may28_cont_xfeat_cem_fr_40_20/replay_manifest.txt:2;logs/afrl_continued_source_audit_may28/may28_cont_xfeat_cem_fr_40_20/replay_manifest.txt:3;logs/afrl_continued_source_audit_may28/may28_cont_xfeat_cem_fr_40_20/replay_manifest.txt:4;logs/afrl_continued_source_audit_may28/may28_cont_xfeat_cem_fr_40_20/replay_manifest.txt:5;logs/afrl_continued_source_audit_may28/may28_cont_xfeat_cem_fr_40_20/replay_manifest.txt:6;logs/afrl_continued_source_audit_may28/may28_cont_xfeat_cem_fr_40_20/vins_afrl_cave_external.yaml,Prior artifact or parameter/search reference found before P02 freeze; exclude exact window from confirmatory denominator.
afrl,cemetery_fr,40,70,second,1,false,false,false,DEVELOPMENT_ONLY,logs/agent_seven_point_summary.md:1974,Prior artifact or parameter/search reference found before P02 freeze; exclude exact window from confirmatory denominator.
afrl,cemetery_fr,400,420,second,11,true,true,true,DEVELOPMENT_ONLY,logs/afrl_cave_v31_may28_source_audit/external_hybrid_xfeat_every2_may28_srcaudit_fr_400_20/afrl_cave_cam0_pinhole.yaml;logs/afrl_cave_v31_may28_source_audit/external_hybrid_xfeat_every2_may28_srcaudit_fr_400_20/features.bag;logs/afrl_cave_v31_may28_source_audit/external_hybrid_xfeat_every2_may28_srcaudit_fr_400_20/frontend_metrics.csv;logs/afrl_cave_v31_may28_source_audit/external_hybrid_xfeat_every2_may28_srcaudit_fr_400_20/replay_manifest.txt;logs/afrl_cave_v31_may28_source_audit/external_hybrid_xfeat_every2_may28_srcaudit_fr_400_20/replay_manifest.txt:1;logs/afrl_cave_v31_may28_source_audit/external_hybrid_xfeat_every2_may28_srcaudit_fr_400_20/replay_manifest.txt:2;logs/afrl_cave_v31_may28_source_audit/external_hybrid_xfeat_every2_may28_srcaudit_fr_400_20/replay_manifest.txt:3;logs/afrl_cave_v31_may28_source_audit/external_hybrid_xfeat_every2_may28_srcaudit_fr_400_20/replay_manifest.txt:4;logs/afrl_cave_v31_may28_source_audit/external_hybrid_xfeat_every2_may28_srcaudit_fr_400_20/replay_manifest.txt:5;logs/afrl_cave_v31_may28_source_audit/external_hybrid_xfeat_every2_may28_srcaudit_fr_400_20/replay_manifest.txt:6;logs/afrl_cave_v31_may28_source_audit/external_hybrid_xfeat_every2_may28_srcaudit_fr_400_20/vins_afrl_cave_external.yaml,Prior artifact or parameter/search reference found before P02 freeze; exclude exact window from confirmatory denominator.
afrl,cemetery_fr,400,820,second,96,true,true,false,DEVELOPMENT_ONLY,logs/afrl_cave_v31/external_hybrid_xfeat_every2_may24_afrl_fr_400_420_xfeat_export/afrl_cave_cam0_pinhole.yaml;logs/afrl_cave_v31/external_hybrid_xfeat_every2_may24_afrl_fr_400_420_xfeat_export/ape.txt;logs/afrl_cave_v31/external_hybrid_xfeat_every2_may24_afrl_fr_400_420_xfeat_export/ape.txt:1;logs/afrl_cave_v31/external_hybrid_xfeat_every2_may24_afrl_fr_400_420_xfeat_export/ape.txt:10;logs/afrl_cave_v31/external_hybrid_xfeat_every2_may24_afrl_fr_400_420_xfeat_export/ape.txt:11;logs/afrl_cave_v31/external_hybrid_xfeat_every2_may24_afrl_fr_400_420_xfeat_export/ape.txt:12;logs/afrl_cave_v31/external_hybrid_xfeat_every2_may24_afrl_fr_400_420_xfeat_export/ape.txt:13;logs/afrl_cave_v31/external_hybrid_xfeat_every2_may24_afrl_fr_400_420_xfeat_export/ape.txt:14;logs/afrl_cave_v31/external_hybrid_xfeat_every2_may24_afrl_fr_400_420_xfeat_export/ape.txt:15;logs/afrl_cave_v31/external_hybrid_xfeat_every2_may24_afrl_fr_400_420_xfeat_export/ape.txt:16;logs/afrl_cave_v31/external_hybrid_xfeat_every2_may24_afrl_fr_400_420_xfeat_export/ape.txt:17;logs/afrl_cave_v31/external_hybrid_xfeat_every2_may24_afrl_fr_400_420_xfeat_export/ape.txt:18;...(+84),Prior artifact or parameter/search reference found before P02 freeze; exclude exact window from confirmatory denominator.
afrl,cemetery_fr,410,430,second,3,true,true,true,DEVELOPMENT_ONLY,logs/afrl_cave_v31/external_klt_every2_jul22_finalonline_fr410_drop_r1/replay_manifest.txt:2;logs/afrl_cave_v31/external_klt_every2_jul22_finalonline_fr410_full_r1/replay_manifest.txt:2;papers/causal_crossdataset_search_20260718/report.md:376,Prior artifact or parameter/search reference found before P02 freeze; exclude exact window from confirmatory denominator.
afrl,cemetery_fr,410,840,second,13,false,true,true,DEVELOPMENT_ONLY,logs/afrl_cave_v31/external_klt_every2_jul22_finalonline_fr410_klt_r1/replay_manifest.txt:2;logs/afrl_cave_v31/external_klt_every2_jul22_scan_fr410_430_klt/afrl_cave_cam0_pinhole.yaml;logs/afrl_cave_v31/external_klt_every2_jul22_scan_fr410_430_klt/cave_gennie_short.bag;logs/afrl_cave_v31/external_klt_every2_jul22_scan_fr410_430_klt/features.bag;logs/afrl_cave_v31/external_klt_every2_jul22_scan_fr410_430_klt/frontend_metrics.csv;logs/afrl_cave_v31/external_klt_every2_jul22_scan_fr410_430_klt/replay_manifest.txt;logs/afrl_cave_v31/external_klt_every2_jul22_scan_fr410_430_klt/replay_manifest.txt:1;logs/afrl_cave_v31/external_klt_every2_jul22_scan_fr410_430_klt/replay_manifest.txt:2;logs/afrl_cave_v31/external_klt_every2_jul22_scan_fr410_430_klt/replay_manifest.txt:3;logs/afrl_cave_v31/external_klt_every2_jul22_scan_fr410_430_klt/replay_manifest.txt:4;logs/afrl_cave_v31/external_klt_every2_jul22_scan_fr410_430_klt/replay_manifest.txt:5;logs/afrl_cave_v31/external_klt_every2_jul22_scan_fr410_430_klt/replay_manifest.txt:6;...(+1),Prior artifact or parameter/search reference found before P02 freeze; exclude exact window from confirmatory denominator.
afrl,cemetery_fr,45,110,second,131,true,true,true,DEVELOPMENT_ONLY,logs/afrl_cave_v31/external_hybrid_xfeat_every2_jun07_more_fr_neighborhood_v1_fr45_65_export/afrl_cave_cam0_pinhole.yaml;logs/afrl_cave_v31/external_hybrid_xfeat_every2_jun07_more_fr_neighborhood_v1_fr45_65_export/features.bag;logs/afrl_cave_v31/external_hybrid_xfeat_every2_jun07_more_fr_neighborhood_v1_fr45_65_export/frontend_metrics.csv;logs/afrl_cave_v31/external_hybrid_xfeat_every2_jun07_more_fr_neighborhood_v1_fr45_65_export/replay_manifest.txt;logs/afrl_cave_v31/external_hybrid_xfeat_every2_jun07_more_fr_neighborhood_v1_fr45_65_export/replay_manifest.txt:1;logs/afrl_cave_v31/external_hybrid_xfeat_every2_jun07_more_fr_neighborhood_v1_fr45_65_export/replay_manifest.txt:2;logs/afrl_cave_v31/external_hybrid_xfeat_every2_jun07_more_fr_neighborhood_v1_fr45_65_export/replay_manifest.txt:3;logs/afrl_cave_v31/external_hybrid_xfeat_every2_jun07_more_fr_neighborhood_v1_fr45_65_export/replay_manifest.txt:4;logs/afrl_cave_v31/external_hybrid_xfeat_every2_jun07_more_fr_neighborhood_v1_fr45_65_export/replay_manifest.txt:5;logs/afrl_cave_v31/external_hybrid_xfeat_every2_jun07_more_fr_neighborhood_v1_fr45_65_export/replay_manifest.txt:6;logs/afrl_cave_v31/external_hybrid_xfeat_every2_jun07_more_fr_neighborhood_v1_fr45_65_export/vins_afrl_cave_external.yaml;logs/afrl_cave_v31/external_hybrid_xfeat_every2_may26_fullraw_afrl_fr_45_65_xfeat_safe/afrl_cave_cam0_pinhole.yaml;...(+119),Prior artifact or parameter/search reference found before P02 freeze; exclude exact window from confirmatory denominator.
afrl,cemetery_fr,5,25,second,16,true,true,true,DEVELOPMENT_ONLY,logs/afrl_cave_v31/external_hybrid_superpoint_lightglue_every2_may23_diag2_afrl_fr_5_20_formal_loftr/afrl_cave_cam0_pinhole.yaml;logs/afrl_cave_v31/external_hybrid_superpoint_lightglue_every2_may23_diag2_afrl_fr_5_20_formal_loftr/features.bag;logs/afrl_cave_v31/external_hybrid_superpoint_lightglue_every2_may23_diag2_afrl_fr_5_20_formal_loftr/frontend_metrics.csv;logs/afrl_cave_v31/external_hybrid_superpoint_lightglue_every2_may23_diag2_afrl_fr_5_20_formal_loftr/vins_afrl_cave_external.yaml;logs/afrl_cave_v31/external_hybrid_superpoint_lightglue_every2_may23_diag3_afrl_fr_5_20_mature_sidecar/afrl_cave_cam0_pinhole.yaml;logs/afrl_cave_v31/external_hybrid_superpoint_lightglue_every2_may23_diag3_afrl_fr_5_20_mature_sidecar/features.bag;logs/afrl_cave_v31/external_hybrid_superpoint_lightglue_every2_may23_diag3_afrl_fr_5_20_mature_sidecar/frontend_metrics.csv;logs/afrl_cave_v31/external_hybrid_superpoint_lightglue_every2_may23_diag3_afrl_fr_5_20_mature_sidecar/vins_afrl_cave_external.yaml;logs/afrl_cave_v31/external_hybrid_superpoint_lightglue_every2_may23_diag_afrl_fr_5_20_formal_loftr/afrl_cave_cam0_pinhole.yaml;logs/afrl_cave_v31/external_hybrid_superpoint_lightglue_every2_may23_diag_afrl_fr_5_20_formal_loftr/features.bag;logs/afrl_cave_v31/external_hybrid_superpoint_lightglue_every2_may23_diag_afrl_fr_5_20_formal_loftr/frontend_metrics.csv;logs/afrl_cave_v31/external_hybrid_superpoint_lightglue_every2_may23_diag_afrl_fr_5_20_formal_loftr/vins_afrl_cave_external.yaml;...(+4),Prior artifact or parameter/search reference found before P02 freeze; exclude exact window from confirmatory denominator.
afrl,cemetery_fr,5,30,second,573,true,true,true,DEVELOPMENT_ONLY,logs/afrl_cave_v31/external_hybrid_xfeat_every2_may26_afrl_fr_5_25_xfeat_constq/afrl_cave_cam0_pinhole.yaml;logs/afrl_cave_v31/external_hybrid_xfeat_every2_may26_afrl_fr_5_25_xfeat_constq/ape.txt;logs/afrl_cave_v31/external_hybrid_xfeat_every2_may26_afrl_fr_5_25_xfeat_constq/ape.txt:1;logs/afrl_cave_v31/external_hybrid_xfeat_every2_may26_afrl_fr_5_25_xfeat_constq/ape.txt:10;logs/afrl_cave_v31/external_hybrid_xfeat_every2_may26_afrl_fr_5_25_xfeat_constq/ape.txt:11;logs/afrl_cave_v31/external_hybrid_xfeat_every2_may26_afrl_fr_5_25_xfeat_constq/ape.txt:12;logs/afrl_cave_v31/external_hybrid_xfeat_every2_may26_afrl_fr_5_25_xfeat_constq/ape.txt:13;logs/afrl_cave_v31/external_hybrid_xfeat_every2_may26_afrl_fr_5_25_xfeat_constq/ape.txt:14;logs/afrl_cave_v31/external_hybrid_xfeat_every2_may26_afrl_fr_5_25_xfeat_constq/ape.txt:15;logs/afrl_cave_v31/external_hybrid_xfeat_every2_may26_afrl_fr_5_25_xfeat_constq/ape.txt:16;logs/afrl_cave_v31/external_hybrid_xfeat_every2_may26_afrl_fr_5_25_xfeat_constq/ape.txt:17;logs/afrl_cave_v31/external_hybrid_xfeat_every2_may26_afrl_fr_5_25_xfeat_constq/ape.txt:18;...(+561),Prior artifact or parameter/search reference found before P02 freeze; exclude exact window from confirmatory denominator.
afrl,cemetery_fr,5,415,second,8,true,false,true,DEVELOPMENT_ONLY,logs/low_texture_window_search_20260522.md:56;logs/low_texture_window_search_20260522.md:59;logs/supervision_patch6_long/afrl_fr_5_410_klt_adaptive_clahe.csv;logs/supervision_patch6_long/afrl_fr_5_410_patch6_sp_lg_loftr.csv;logs/supervision_patch6_long/afrl_fr_5_410_patch6_xfeat_loftr.csv;logs/supervision_patch6_long/patch6_long_supervise.md:4;logs/supervision_patch6_long/patch6_multidataset_long_supervise.md:4;logs/supervision_patch6_long/patch6_xfeat_long_supervise.md:4,Prior artifact or parameter/search reference found before P02 freeze; exclude exact window from confirmatory denominator.
afrl,cemetery_fr,5,55,second,3,false,true,true,DEVELOPMENT_ONLY,logs/conformal_calibration/jun16_low_texture_collapse_rescue_screen.md:10;logs/conformal_calibration/jun16_low_texture_collapse_rescue_screen.md:27;logs/may28_afrl_continued_source_audit.md:19,Prior artifact or parameter/search reference found before P02 freeze; exclude exact window from confirmatory denominator.
afrl,cemetery_fr,5,60,second,1305,true,true,true,DEVELOPMENT_ONLY,logs/afrl_cave_v31/external_hybrid_superpoint_lightglue_every2_afrl_fr_5_55_loftr_export_probe_20260523/afrl_cave_cam0_pinhole.yaml;logs/afrl_cave_v31/external_hybrid_superpoint_lightglue_every2_afrl_fr_5_55_loftr_export_probe_20260523/features.bag;logs/afrl_cave_v31/external_hybrid_superpoint_lightglue_every2_afrl_fr_5_55_loftr_export_probe_20260523/frontend_metrics.csv;logs/afrl_cave_v31/external_hybrid_superpoint_lightglue_every2_afrl_fr_5_55_loftr_export_probe_20260523/vins_afrl_cave_external.yaml;logs/afrl_cave_v31/external_hybrid_superpoint_lightglue_every2_may23_diag3_afrl_fr_5_55_mature_sidecar/afrl_cave_cam0_pinhole.yaml;logs/afrl_cave_v31/external_hybrid_superpoint_lightglue_every2_may23_diag3_afrl_fr_5_55_mature_sidecar/features.bag;logs/afrl_cave_v31/external_hybrid_superpoint_lightglue_every2_may23_diag3_afrl_fr_5_55_mature_sidecar/frontend_metrics.csv;logs/afrl_cave_v31/external_hybrid_superpoint_lightglue_every2_may23_diag3_afrl_fr_5_55_mature_sidecar/vins_afrl_cave_external.yaml;logs/afrl_cave_v31/external_hybrid_superpoint_lightglue_every2_may23_export_afrl_fr_5_55_formal_loftr_lowpar_allowed/afrl_cave_cam0_pinhole.yaml;logs/afrl_cave_v31/external_hybrid_superpoint_lightglue_every2_may23_export_afrl_fr_5_55_formal_loftr_lowpar_allowed/features.bag;logs/afrl_cave_v31/external_hybrid_superpoint_lightglue_every2_may23_export_afrl_fr_5_55_formal_loftr_lowpar_allowed/frontend_metrics.csv;logs/afrl_cave_v31/external_hybrid_superpoint_lightglue_every2_may23_export_afrl_fr_5_55_formal_loftr_lowpar_allowed/vins_afrl_cave_external.yaml;...(+1293),Prior artifact or parameter/search reference found before P02 freeze; exclude exact window from confirmatory denominator.
afrl,cemetery_fr,5,70,second,1,true,false,false,DEVELOPMENT_ONLY,logs/may26_afrl_fr_5_65_safe_xfeat_summary.csv,Prior artifact or parameter/search reference found before P02 freeze; exclude exact window from confirmatory denominator.
afrl,cemetery_fr,50,120,second,11,true,true,true,DEVELOPMENT_ONLY,logs/afrl_cave_v31/external_hybrid_xfeat_every2_jun07_more_fr_neighborhood_v1_fr50_70_export/afrl_cave_cam0_pinhole.yaml;logs/afrl_cave_v31/external_hybrid_xfeat_every2_jun07_more_fr_neighborhood_v1_fr50_70_export/features.bag;logs/afrl_cave_v31/external_hybrid_xfeat_every2_jun07_more_fr_neighborhood_v1_fr50_70_export/frontend_metrics.csv;logs/afrl_cave_v31/external_hybrid_xfeat_every2_jun07_more_fr_neighborhood_v1_fr50_70_export/replay_manifest.txt;logs/afrl_cave_v31/external_hybrid_xfeat_every2_jun07_more_fr_neighborhood_v1_fr50_70_export/replay_manifest.txt:1;logs/afrl_cave_v31/external_hybrid_xfeat_every2_jun07_more_fr_neighborhood_v1_fr50_70_export/replay_manifest.txt:2;logs/afrl_cave_v31/external_hybrid_xfeat_every2_jun07_more_fr_neighborhood_v1_fr50_70_export/replay_manifest.txt:3;logs/afrl_cave_v31/external_hybrid_xfeat_every2_jun07_more_fr_neighborhood_v1_fr50_70_export/replay_manifest.txt:4;logs/afrl_cave_v31/external_hybrid_xfeat_every2_jun07_more_fr_neighborhood_v1_fr50_70_export/replay_manifest.txt:5;logs/afrl_cave_v31/external_hybrid_xfeat_every2_jun07_more_fr_neighborhood_v1_fr50_70_export/replay_manifest.txt:6;logs/afrl_cave_v31/external_hybrid_xfeat_every2_jun07_more_fr_neighborhood_v1_fr50_70_export/vins_afrl_cave_external.yaml,Prior artifact or parameter/search reference found before P02 freeze; exclude exact window from confirmatory denominator.
afrl,cemetery_fr,50,130,second,431,true,true,true,DEVELOPMENT_ONLY,logs/afrl_cave_v31/external_hybrid_xfeat_every2_jun01_xfeat_expand_v1_fr50_80_export/afrl_cave_cam0_pinhole.yaml;logs/afrl_cave_v31/external_hybrid_xfeat_every2_jun01_xfeat_expand_v1_fr50_80_export/features.bag;logs/afrl_cave_v31/external_hybrid_xfeat_every2_jun01_xfeat_expand_v1_fr50_80_export/frontend_metrics.csv;logs/afrl_cave_v31/external_hybrid_xfeat_every2_jun01_xfeat_expand_v1_fr50_80_export/replay_manifest.txt;logs/afrl_cave_v31/external_hybrid_xfeat_every2_jun01_xfeat_expand_v1_fr50_80_export/replay_manifest.txt:1;logs/afrl_cave_v31/external_hybrid_xfeat_every2_jun01_xfeat_expand_v1_fr50_80_export/replay_manifest.txt:2;logs/afrl_cave_v31/external_hybrid_xfeat_every2_jun01_xfeat_expand_v1_fr50_80_export/replay_manifest.txt:3;logs/afrl_cave_v31/external_hybrid_xfeat_every2_jun01_xfeat_expand_v1_fr50_80_export/replay_manifest.txt:4;logs/afrl_cave_v31/external_hybrid_xfeat_every2_jun01_xfeat_expand_v1_fr50_80_export/replay_manifest.txt:5;logs/afrl_cave_v31/external_hybrid_xfeat_every2_jun01_xfeat_expand_v1_fr50_80_export/replay_manifest.txt:6;logs/afrl_cave_v31/external_hybrid_xfeat_every2_jun01_xfeat_expand_v1_fr50_80_export/vins_afrl_cave_external.yaml;logs/afrl_cave_v31/external_hybrid_xfeat_every2_jun07_xfeat_broad_sweep_v1_fr50_80_export/afrl_cave_cam0_pinhole.yaml;...(+419),Prior artifact or parameter/search reference found before P02 freeze; exclude exact window from confirmatory denominator.
afrl,cemetery_fr,50,70,second,11,true,true,true,DEVELOPMENT_ONLY,logs/afrl_continued_source_audit_may28/may28_cont_xfeat_cem_fr_50_20/afrl_cave_cam0_pinhole.yaml;logs/afrl_continued_source_audit_may28/may28_cont_xfeat_cem_fr_50_20/features.bag;logs/afrl_continued_source_audit_may28/may28_cont_xfeat_cem_fr_50_20/frontend_metrics.csv;logs/afrl_continued_source_audit_may28/may28_cont_xfeat_cem_fr_50_20/replay_manifest.txt;logs/afrl_continued_source_audit_may28/may28_cont_xfeat_cem_fr_50_20/replay_manifest.txt:1;logs/afrl_continued_source_audit_may28/may28_cont_xfeat_cem_fr_50_20/replay_manifest.txt:2;logs/afrl_continued_source_audit_may28/may28_cont_xfeat_cem_fr_50_20/replay_manifest.txt:3;logs/afrl_continued_source_audit_may28/may28_cont_xfeat_cem_fr_50_20/replay_manifest.txt:4;logs/afrl_continued_source_audit_may28/may28_cont_xfeat_cem_fr_50_20/replay_manifest.txt:5;logs/afrl_continued_source_audit_may28/may28_cont_xfeat_cem_fr_50_20/replay_manifest.txt:6;logs/afrl_continued_source_audit_may28/may28_cont_xfeat_cem_fr_50_20/vins_afrl_cave_external.yaml,Prior artifact or parameter/search reference found before P02 freeze; exclude exact window from confirmatory denominator.
afrl,cemetery_fr,50,80,second,9,true,true,false,DEVELOPMENT_ONLY,scripts/run_afrl_lowtexture_support_xfeat_validation.sh:215;scripts/run_afrl_lowtexture_support_xfeat_validation.sh:216;正反例窗口整理/反例窗口说明.md:157;正反例窗口整理/反例窗口说明.md:167;正反例窗口整理/反例窗口说明.md:783;正反例窗口整理/反例窗口说明.md:789;正反例窗口整理/已跑窗口与未跑候选整理.md:266;正反例窗口整理/已跑窗口与未跑候选整理.md:982;正反例窗口整理/正例窗口说明.md:462,Prior artifact or parameter/search reference found before P02 freeze; exclude exact window from confirmatory denominator.
afrl,cemetery_fr,540,1180,second,1,true,false,true,DEVELOPMENT_ONLY,logs/agent_loftr_trigger_search_20260514/afrl_fr_540_640_loftr_extreme_only.csv,Prior artifact or parameter/search reference found before P02 freeze; exclude exact window from confirmatory denominator.
afrl,cemetery_fr,55,130,second,15,true,true,true,DEVELOPMENT_ONLY,logs/afrl_cave_v31/external_hybrid_xfeat_every2_jun07_more_fr_neighborhood_v1_fr55_75_export/afrl_cave_cam0_pinhole.yaml;logs/afrl_cave_v31/external_hybrid_xfeat_every2_jun07_more_fr_neighborhood_v1_fr55_75_export/features.bag;logs/afrl_cave_v31/external_hybrid_xfeat_every2_jun07_more_fr_neighborhood_v1_fr55_75_export/frontend_metrics.csv;logs/afrl_cave_v31/external_hybrid_xfeat_every2_jun07_more_fr_neighborhood_v1_fr55_75_export/replay_manifest.txt;logs/afrl_cave_v31/external_hybrid_xfeat_every2_jun07_more_fr_neighborhood_v1_fr55_75_export/replay_manifest.txt:1;logs/afrl_cave_v31/external_hybrid_xfeat_every2_jun07_more_fr_neighborhood_v1_fr55_75_export/replay_manifest.txt:2;logs/afrl_cave_v31/external_hybrid_xfeat_every2_jun07_more_fr_neighborhood_v1_fr55_75_export/replay_manifest.txt:3;logs/afrl_cave_v31/external_hybrid_xfeat_every2_jun07_more_fr_neighborhood_v1_fr55_75_export/replay_manifest.txt:4;logs/afrl_cave_v31/external_hybrid_xfeat_every2_jun07_more_fr_neighborhood_v1_fr55_75_export/replay_manifest.txt:5;logs/afrl_cave_v31/external_hybrid_xfeat_every2_jun07_more_fr_neighborhood_v1_fr55_75_export/replay_manifest.txt:6;logs/afrl_cave_v31/external_hybrid_xfeat_every2_jun07_more_fr_neighborhood_v1_fr55_75_export/vins_afrl_cave_external.yaml;papers/causal_crossdataset_search_20260718/extended_probe_lineage_rescan.csv:1057;...(+3),Prior artifact or parameter/search reference found before P02 freeze; exclude exact window from confirmatory denominator.
afrl,cemetery_fr,560,1200,second,3,true,false,true,DEVELOPMENT_ONLY,logs/low_texture_window_search_20260522_probe/afrl_fr_560_640_klt.csv;logs/low_texture_window_search_20260522_probe_learned/afrl_fr_560_640_three_layer_sp_lg_loftr.csv;logs/low_texture_window_search_20260522_probe_learned/pair_summary.md:6,Prior artifact or parameter/search reference found before P02 freeze; exclude exact window from confirmatory denominator.
afrl,cemetery_fr,60,140,second,23,true,true,true,DEVELOPMENT_ONLY,logs/afrl_cave_v31/external_hybrid_xfeat_every2_jun07_more_fr_neighborhood_v1_fr60_80_export/afrl_cave_cam0_pinhole.yaml;logs/afrl_cave_v31/external_hybrid_xfeat_every2_jun07_more_fr_neighborhood_v1_fr60_80_export/features.bag;logs/afrl_cave_v31/external_hybrid_xfeat_every2_jun07_more_fr_neighborhood_v1_fr60_80_export/frontend_metrics.csv;logs/afrl_cave_v31/external_hybrid_xfeat_every2_jun07_more_fr_neighborhood_v1_fr60_80_export/replay_manifest.txt;logs/afrl_cave_v31/external_hybrid_xfeat_every2_jun07_more_fr_neighborhood_v1_fr60_80_export/replay_manifest.txt:1;logs/afrl_cave_v31/external_hybrid_xfeat_every2_jun07_more_fr_neighborhood_v1_fr60_80_export/replay_manifest.txt:2;logs/afrl_cave_v31/external_hybrid_xfeat_every2_jun07_more_fr_neighborhood_v1_fr60_80_export/replay_manifest.txt:3;logs/afrl_cave_v31/external_hybrid_xfeat_every2_jun07_more_fr_neighborhood_v1_fr60_80_export/replay_manifest.txt:4;logs/afrl_cave_v31/external_hybrid_xfeat_every2_jun07_more_fr_neighborhood_v1_fr60_80_export/replay_manifest.txt:5;logs/afrl_cave_v31/external_hybrid_xfeat_every2_jun07_more_fr_neighborhood_v1_fr60_80_export/replay_manifest.txt:6;logs/afrl_cave_v31/external_hybrid_xfeat_every2_jun07_more_fr_neighborhood_v1_fr60_80_export/vins_afrl_cave_external.yaml;logs/afrl_cave_v31/external_hybrid_xfeat_every2_may28_local_srcdiag_cem_fr_60_80/afrl_cave_cam0_pinhole.yaml;...(+11),Prior artifact or parameter/search reference found before P02 freeze; exclude exact window from confirmatory denominator.
afrl,cemetery_fr,60,150,second,987,true,true,true,DEVELOPMENT_ONLY,logs/afrl_cave_v31/external_hybrid_xfeat_every2_jun07_xfeat_broad_sweep_v1_fr60_90_export/afrl_cave_cam0_pinhole.yaml;logs/afrl_cave_v31/external_hybrid_xfeat_every2_jun07_xfeat_broad_sweep_v1_fr60_90_export/ape.txt;logs/afrl_cave_v31/external_hybrid_xfeat_every2_jun07_xfeat_broad_sweep_v1_fr60_90_export/ape.txt:1;logs/afrl_cave_v31/external_hybrid_xfeat_every2_jun07_xfeat_broad_sweep_v1_fr60_90_export/ape.txt:10;logs/afrl_cave_v31/external_hybrid_xfeat_every2_jun07_xfeat_broad_sweep_v1_fr60_90_export/ape.txt:11;logs/afrl_cave_v31/external_hybrid_xfeat_every2_jun07_xfeat_broad_sweep_v1_fr60_90_export/ape.txt:12;logs/afrl_cave_v31/external_hybrid_xfeat_every2_jun07_xfeat_broad_sweep_v1_fr60_90_export/ape.txt:13;logs/afrl_cave_v31/external_hybrid_xfeat_every2_jun07_xfeat_broad_sweep_v1_fr60_90_export/ape.txt:14;logs/afrl_cave_v31/external_hybrid_xfeat_every2_jun07_xfeat_broad_sweep_v1_fr60_90_export/ape.txt:15;logs/afrl_cave_v31/external_hybrid_xfeat_every2_jun07_xfeat_broad_sweep_v1_fr60_90_export/ape.txt:16;logs/afrl_cave_v31/external_hybrid_xfeat_every2_jun07_xfeat_broad_sweep_v1_fr60_90_export/ape.txt:17;logs/afrl_cave_v31/external_hybrid_xfeat_every2_jun07_xfeat_broad_sweep_v1_fr60_90_export/ape.txt:18;...(+975),Prior artifact or parameter/search reference found before P02 freeze; exclude exact window from confirmatory denominator.
afrl,cemetery_fr,60,80,second,11,true,true,true,DEVELOPMENT_ONLY,logs/afrl_continued_source_audit_may28/may28_cont_xfeat_cem_fr_60_20/afrl_cave_cam0_pinhole.yaml;logs/afrl_continued_source_audit_may28/may28_cont_xfeat_cem_fr_60_20/features.bag;logs/afrl_continued_source_audit_may28/may28_cont_xfeat_cem_fr_60_20/frontend_metrics.csv;logs/afrl_continued_source_audit_may28/may28_cont_xfeat_cem_fr_60_20/replay_manifest.txt;logs/afrl_continued_source_audit_may28/may28_cont_xfeat_cem_fr_60_20/replay_manifest.txt:1;logs/afrl_continued_source_audit_may28/may28_cont_xfeat_cem_fr_60_20/replay_manifest.txt:2;logs/afrl_continued_source_audit_may28/may28_cont_xfeat_cem_fr_60_20/replay_manifest.txt:3;logs/afrl_continued_source_audit_may28/may28_cont_xfeat_cem_fr_60_20/replay_manifest.txt:4;logs/afrl_continued_source_audit_may28/may28_cont_xfeat_cem_fr_60_20/replay_manifest.txt:5;logs/afrl_continued_source_audit_may28/may28_cont_xfeat_cem_fr_60_20/replay_manifest.txt:6;logs/afrl_continued_source_audit_may28/may28_cont_xfeat_cem_fr_60_20/vins_afrl_cave_external.yaml,Prior artifact or parameter/search reference found before P02 freeze; exclude exact window from confirmatory denominator.
afrl,cemetery_fr,60,90,second,3,true,false,false,DEVELOPMENT_ONLY,scripts/run_afrl_lowtexture_support_xfeat_validation.sh:218;scripts/run_afrl_lowtexture_support_xfeat_validation.sh:219;正反例窗口整理/XFeat点足够窗口筛选_20260630.md:57,Prior artifact or parameter/search reference found before P02 freeze; exclude exact window from confirmatory denominator.
afrl,cemetery_fr,65,150,second,661,true,true,true,DEVELOPMENT_ONLY,logs/afrl_cave_v31/external_hybrid_xfeat_every2_jun07_adaptivewarmup_v2a_fr65_85_export/afrl_cave_cam0_pinhole.yaml;logs/afrl_cave_v31/external_hybrid_xfeat_every2_jun07_adaptivewarmup_v2a_fr65_85_export/drop_learned_lineage_stats.csv;logs/afrl_cave_v31/external_hybrid_xfeat_every2_jun07_adaptivewarmup_v2a_fr65_85_export/features.bag;logs/afrl_cave_v31/external_hybrid_xfeat_every2_jun07_adaptivewarmup_v2a_fr65_85_export/features_drop_learned_lineage.bag;logs/afrl_cave_v31/external_hybrid_xfeat_every2_jun07_adaptivewarmup_v2a_fr65_85_export/frontend_metrics.csv;logs/afrl_cave_v31/external_hybrid_xfeat_every2_jun07_adaptivewarmup_v2a_fr65_85_export/replay_manifest.txt;logs/afrl_cave_v31/external_hybrid_xfeat_every2_jun07_adaptivewarmup_v2a_fr65_85_export/replay_manifest.txt:1;logs/afrl_cave_v31/external_hybrid_xfeat_every2_jun07_adaptivewarmup_v2a_fr65_85_export/replay_manifest.txt:2;logs/afrl_cave_v31/external_hybrid_xfeat_every2_jun07_adaptivewarmup_v2a_fr65_85_export/replay_manifest.txt:3;logs/afrl_cave_v31/external_hybrid_xfeat_every2_jun07_adaptivewarmup_v2a_fr65_85_export/replay_manifest.txt:4;logs/afrl_cave_v31/external_hybrid_xfeat_every2_jun07_adaptivewarmup_v2a_fr65_85_export/replay_manifest.txt:5;logs/afrl_cave_v31/external_hybrid_xfeat_every2_jun07_adaptivewarmup_v2a_fr65_85_export/replay_manifest.txt:6;...(+649),Prior artifact or parameter/search reference found before P02 freeze; exclude exact window from confirmatory denominator.
afrl,cemetery_fr,65,160,second,230,true,true,true,DEVELOPMENT_ONLY,logs/afrl_cave_v31/external_hybrid_xfeat_every2_jun01_xfeat_covseed_formal_v2_more_fr65_95_export/afrl_cave_cam0_pinhole.yaml;logs/afrl_cave_v31/external_hybrid_xfeat_every2_jun01_xfeat_covseed_formal_v2_more_fr65_95_export/ape.txt;logs/afrl_cave_v31/external_hybrid_xfeat_every2_jun01_xfeat_covseed_formal_v2_more_fr65_95_export/ape.txt:1;logs/afrl_cave_v31/external_hybrid_xfeat_every2_jun01_xfeat_covseed_formal_v2_more_fr65_95_export/ape.txt:10;logs/afrl_cave_v31/external_hybrid_xfeat_every2_jun01_xfeat_covseed_formal_v2_more_fr65_95_export/ape.txt:11;logs/afrl_cave_v31/external_hybrid_xfeat_every2_jun01_xfeat_covseed_formal_v2_more_fr65_95_export/ape.txt:12;logs/afrl_cave_v31/external_hybrid_xfeat_every2_jun01_xfeat_covseed_formal_v2_more_fr65_95_export/ape.txt:13;logs/afrl_cave_v31/external_hybrid_xfeat_every2_jun01_xfeat_covseed_formal_v2_more_fr65_95_export/ape.txt:14;logs/afrl_cave_v31/external_hybrid_xfeat_every2_jun01_xfeat_covseed_formal_v2_more_fr65_95_export/ape.txt:15;logs/afrl_cave_v31/external_hybrid_xfeat_every2_jun01_xfeat_covseed_formal_v2_more_fr65_95_export/ape.txt:16;logs/afrl_cave_v31/external_hybrid_xfeat_every2_jun01_xfeat_covseed_formal_v2_more_fr65_95_export/ape.txt:17;logs/afrl_cave_v31/external_hybrid_xfeat_every2_jun01_xfeat_covseed_formal_v2_more_fr65_95_export/ape.txt:18;...(+218),Prior artifact or parameter/search reference found before P02 freeze; exclude exact window from confirmatory denominator.
afrl,cemetery_fr,65,85,second,5,true,false,false,DEVELOPMENT_ONLY,正反例窗口整理/已跑窗口与未跑候选整理.md:255;正反例窗口整理/已跑窗口与未跑候选整理.md:968;正反例窗口整理/正例窗口说明.md:1042;正反例窗口整理/正例窗口说明.md:1048;正反例窗口整理/正例窗口说明.md:453,Prior artifact or parameter/search reference found before P02 freeze; exclude exact window from confirmatory denominator.
afrl,cemetery_fr,65,95,second,1,false,false,false,DEVELOPMENT_ONLY,logs/agent_seven_point_summary.md:1975,Prior artifact or parameter/search reference found before P02 freeze; exclude exact window from confirmatory denominator.
afrl,cemetery_fr,70,100,second,63,true,true,true,DEVELOPMENT_ONLY,logs/agent_seven_point_summary.md:1918;logs/agent_seven_point_summary.md:1942;logs/agent_seven_point_summary.md:1976;logs/conformal_calibration/jun15_cross_dataset_learned_sidecar_status.md:17;logs/conformal_calibration/jun15_cross_dataset_learned_sidecar_status.md:57;logs/conformal_calibration/jun15_non_a06_learned_sidecar_recheck.md:22;logs/conformal_calibration/jun16_low_texture_collapse_rescue_screen.md:18;logs/conformal_calibration/jun16_low_texture_collapse_rescue_screen.md:48;logs/conformal_calibration/jun16_low_texture_collapse_rescue_screen.md:9;logs/jun01_partialseedfix_v1_vins_group_summary.md:11;logs/jun01_partialseedfix_v1_vins_group_summary.md:12;logs/jun01_partialseedfix_v1_vins_group_summary.md:22;...(+51),Prior artifact or parameter/search reference found before P02 freeze; exclude exact window from confirmatory denominator.
afrl,cemetery_fr,70,160,second,624,true,true,true,DEVELOPMENT_ONLY,logs/afrl_cave_v31/external_hybrid_xfeat_every2_jun07_adaptivewarmup_v2a_fr70_90_export/afrl_cave_cam0_pinhole.yaml;logs/afrl_cave_v31/external_hybrid_xfeat_every2_jun07_adaptivewarmup_v2a_fr70_90_export/drop_learned_lineage_stats.csv;logs/afrl_cave_v31/external_hybrid_xfeat_every2_jun07_adaptivewarmup_v2a_fr70_90_export/features.bag;logs/afrl_cave_v31/external_hybrid_xfeat_every2_jun07_adaptivewarmup_v2a_fr70_90_export/features_drop_learned_lineage.bag;logs/afrl_cave_v31/external_hybrid_xfeat_every2_jun07_adaptivewarmup_v2a_fr70_90_export/frontend_metrics.csv;logs/afrl_cave_v31/external_hybrid_xfeat_every2_jun07_adaptivewarmup_v2a_fr70_90_export/replay_manifest.txt;logs/afrl_cave_v31/external_hybrid_xfeat_every2_jun07_adaptivewarmup_v2a_fr70_90_export/replay_manifest.txt:1;logs/afrl_cave_v31/external_hybrid_xfeat_every2_jun07_adaptivewarmup_v2a_fr70_90_export/replay_manifest.txt:2;logs/afrl_cave_v31/external_hybrid_xfeat_every2_jun07_adaptivewarmup_v2a_fr70_90_export/replay_manifest.txt:3;logs/afrl_cave_v31/external_hybrid_xfeat_every2_jun07_adaptivewarmup_v2a_fr70_90_export/replay_manifest.txt:4;logs/afrl_cave_v31/external_hybrid_xfeat_every2_jun07_adaptivewarmup_v2a_fr70_90_export/replay_manifest.txt:5;logs/afrl_cave_v31/external_hybrid_xfeat_every2_jun07_adaptivewarmup_v2a_fr70_90_export/replay_manifest.txt:6;...(+612),Prior artifact or parameter/search reference found before P02 freeze; exclude exact window from confirmatory denominator.
afrl,cemetery_fr,70,170,second,6599,true,true,true,DEVELOPMENT_ONLY,logs/afrl_cave_v31/existing_replay_jul14frozen3way_afrl_fr70_100_drop/afrl_cave_cam0_pinhole.yaml;logs/afrl_cave_v31/existing_replay_jul14frozen3way_afrl_fr70_100_drop/ape.txt;logs/afrl_cave_v31/existing_replay_jul14frozen3way_afrl_fr70_100_drop/ape.txt:1;logs/afrl_cave_v31/existing_replay_jul14frozen3way_afrl_fr70_100_drop/ape.txt:10;logs/afrl_cave_v31/existing_replay_jul14frozen3way_afrl_fr70_100_drop/ape.txt:11;logs/afrl_cave_v31/existing_replay_jul14frozen3way_afrl_fr70_100_drop/ape.txt:12;logs/afrl_cave_v31/existing_replay_jul14frozen3way_afrl_fr70_100_drop/ape.txt:13;logs/afrl_cave_v31/existing_replay_jul14frozen3way_afrl_fr70_100_drop/ape.txt:14;logs/afrl_cave_v31/existing_replay_jul14frozen3way_afrl_fr70_100_drop/ape.txt:15;logs/afrl_cave_v31/existing_replay_jul14frozen3way_afrl_fr70_100_drop/ape.txt:16;logs/afrl_cave_v31/existing_replay_jul14frozen3way_afrl_fr70_100_drop/ape.txt:17;logs/afrl_cave_v31/existing_replay_jul14frozen3way_afrl_fr70_100_drop/ape.txt:18;...(+6587),Prior artifact or parameter/search reference found before P02 freeze; exclude exact window from confirmatory denominator.
afrl,cemetery_fr,70,90,second,2,false,false,false,DEVELOPMENT_ONLY,正反例窗口整理/已跑窗口与未跑候选整理.md:257;正反例窗口整理/正例窗口说明.md:454,Prior artifact or parameter/search reference found before P02 freeze; exclude exact window from confirmatory denominator.
afrl,cemetery_fr,75,170,second,1557,true,true,true,DEVELOPMENT_ONLY,logs/afrl_cave_v31/external_hybrid_xfeat_every2_jun07_counter_recheck_v1_fr75_95_export/afrl_cave_cam0_pinhole.yaml;logs/afrl_cave_v31/external_hybrid_xfeat_every2_jun07_counter_recheck_v1_fr75_95_export/ape.txt;logs/afrl_cave_v31/external_hybrid_xfeat_every2_jun07_counter_recheck_v1_fr75_95_export/ape.txt:1;logs/afrl_cave_v31/external_hybrid_xfeat_every2_jun07_counter_recheck_v1_fr75_95_export/ape.txt:10;logs/afrl_cave_v31/external_hybrid_xfeat_every2_jun07_counter_recheck_v1_fr75_95_export/ape.txt:11;logs/afrl_cave_v31/external_hybrid_xfeat_every2_jun07_counter_recheck_v1_fr75_95_export/ape.txt:12;logs/afrl_cave_v31/external_hybrid_xfeat_every2_jun07_counter_recheck_v1_fr75_95_export/ape.txt:13;logs/afrl_cave_v31/external_hybrid_xfeat_every2_jun07_counter_recheck_v1_fr75_95_export/ape.txt:14;logs/afrl_cave_v31/external_hybrid_xfeat_every2_jun07_counter_recheck_v1_fr75_95_export/ape.txt:15;logs/afrl_cave_v31/external_hybrid_xfeat_every2_jun07_counter_recheck_v1_fr75_95_export/ape.txt:16;logs/afrl_cave_v31/external_hybrid_xfeat_every2_jun07_counter_recheck_v1_fr75_95_export/ape.txt:17;logs/afrl_cave_v31/external_hybrid_xfeat_every2_jun07_counter_recheck_v1_fr75_95_export/ape.txt:18;...(+1545),Prior artifact or parameter/search reference found before P02 freeze; exclude exact window from confirmatory denominator.
afrl,cemetery_fr,75,180,second,557,true,true,true,DEVELOPMENT_ONLY,logs/afrl_cave_v31/drop_may30_fr90like_budget80_probe_v1_fr75_105.bag;logs/afrl_cave_v31/drop_may30_fr90like_budget80_probe_v1_fr75_105_stats.csv;logs/afrl_cave_v31/external_hybrid_xfeat_every2_jun01_current_xfeat_boundary_v1_fr75_105_export/afrl_cave_cam0_pinhole.yaml;logs/afrl_cave_v31/external_hybrid_xfeat_every2_jun01_current_xfeat_boundary_v1_fr75_105_export/ape.txt;logs/afrl_cave_v31/external_hybrid_xfeat_every2_jun01_current_xfeat_boundary_v1_fr75_105_export/ape.txt:1;logs/afrl_cave_v31/external_hybrid_xfeat_every2_jun01_current_xfeat_boundary_v1_fr75_105_export/ape.txt:10;logs/afrl_cave_v31/external_hybrid_xfeat_every2_jun01_current_xfeat_boundary_v1_fr75_105_export/ape.txt:11;logs/afrl_cave_v31/external_hybrid_xfeat_every2_jun01_current_xfeat_boundary_v1_fr75_105_export/ape.txt:12;logs/afrl_cave_v31/external_hybrid_xfeat_every2_jun01_current_xfeat_boundary_v1_fr75_105_export/ape.txt:13;logs/afrl_cave_v31/external_hybrid_xfeat_every2_jun01_current_xfeat_boundary_v1_fr75_105_export/ape.txt:14;logs/afrl_cave_v31/external_hybrid_xfeat_every2_jun01_current_xfeat_boundary_v1_fr75_105_export/ape.txt:15;logs/afrl_cave_v31/external_hybrid_xfeat_every2_jun01_current_xfeat_boundary_v1_fr75_105_export/ape.txt:16;...(+545),Prior artifact or parameter/search reference found before P02 freeze; exclude exact window from confirmatory denominator.
afrl,cemetery_fr,75,95,second,5,true,true,false,DEVELOPMENT_ONLY,papers/information_aware_continuous_mode_posterior_plan.md:203;正反例窗口整理/反例窗口说明.md:148;正反例窗口整理/反例窗口说明.md:270;正反例窗口整理/已跑窗口与未跑候选整理.md:259;正反例窗口整理/正例窗口说明.md:455,Prior artifact or parameter/search reference found before P02 freeze; exclude exact window from confirmatory denominator.
afrl,cemetery_fr,80,110,second,50,true,true,true,DEVELOPMENT_ONLY,logs/agent_seven_point_summary.md:1977;logs/conformal_calibration/jun15_cross_dataset_learned_sidecar_status.md:18;logs/conformal_calibration/jun15_cross_dataset_learned_sidecar_status.md:57;logs/conformal_calibration/jun15_non_a06_learned_sidecar_recheck.md:23;logs/conformal_calibration/jun16_low_texture_collapse_rescue_screen.md:19;logs/conformal_calibration/jun16_low_texture_collapse_rescue_screen.md:48;logs/conformal_calibration/jun16_low_texture_collapse_rescue_screen.md:9;logs/jul21_final_online_candidate_inventory.md:119;logs/jul21_final_online_candidate_inventory.md:144;logs/jun01_partialseedfix_v1_vins_group_summary.md:13;logs/jun01_partialseedfix_v1_vins_group_summary.md:14;logs/jun01_partialseedfix_v1_vins_group_summary.md:24;...(+38),Prior artifact or parameter/search reference found before P02 freeze; exclude exact window from confirmatory denominator.
afrl,cemetery_fr,80,145,second,2,false,false,false,DEVELOPMENT_ONLY,正反例窗口整理/已跑窗口与未跑候选整理.md:967;正反例窗口整理/正例窗口说明.md:1042,Prior artifact or parameter/search reference found before P02 freeze; exclude exact window from confirmatory denominator.
afrl,cemetery_fr,80,180,second,11,true,true,true,DEVELOPMENT_ONLY,logs/afrl_cave_v31/external_hybrid_xfeat_every2_jun07_more_fr_late_v1_fr80_100_export/afrl_cave_cam0_pinhole.yaml;logs/afrl_cave_v31/external_hybrid_xfeat_every2_jun07_more_fr_late_v1_fr80_100_export/features.bag;logs/afrl_cave_v31/external_hybrid_xfeat_every2_jun07_more_fr_late_v1_fr80_100_export/frontend_metrics.csv;logs/afrl_cave_v31/external_hybrid_xfeat_every2_jun07_more_fr_late_v1_fr80_100_export/replay_manifest.txt;logs/afrl_cave_v31/external_hybrid_xfeat_every2_jun07_more_fr_late_v1_fr80_100_export/replay_manifest.txt:1;logs/afrl_cave_v31/external_hybrid_xfeat_every2_jun07_more_fr_late_v1_fr80_100_export/replay_manifest.txt:2;logs/afrl_cave_v31/external_hybrid_xfeat_every2_jun07_more_fr_late_v1_fr80_100_export/replay_manifest.txt:3;logs/afrl_cave_v31/external_hybrid_xfeat_every2_jun07_more_fr_late_v1_fr80_100_export/replay_manifest.txt:4;logs/afrl_cave_v31/external_hybrid_xfeat_every2_jun07_more_fr_late_v1_fr80_100_export/replay_manifest.txt:5;logs/afrl_cave_v31/external_hybrid_xfeat_every2_jun07_more_fr_late_v1_fr80_100_export/replay_manifest.txt:6;logs/afrl_cave_v31/external_hybrid_xfeat_every2_jun07_more_fr_late_v1_fr80_100_export/vins_afrl_cave_external.yaml,Prior artifact or parameter/search reference found before P02 freeze; exclude exact window from confirmatory denominator.
afrl,cemetery_fr,80,190,second,7334,true,true,true,DEVELOPMENT_ONLY,logs/afrl_cave_v31/existing_replay_may21_afrl_fr_80_110_klt_envlocked_delay3_rep1/afrl_cave_cam0_pinhole.yaml;logs/afrl_cave_v31/existing_replay_may21_afrl_fr_80_110_klt_envlocked_delay3_rep1/ape.txt;logs/afrl_cave_v31/existing_replay_may21_afrl_fr_80_110_klt_envlocked_delay3_rep1/ape.txt:1;logs/afrl_cave_v31/existing_replay_may21_afrl_fr_80_110_klt_envlocked_delay3_rep1/ape.txt:10;logs/afrl_cave_v31/existing_replay_may21_afrl_fr_80_110_klt_envlocked_delay3_rep1/ape.txt:11;logs/afrl_cave_v31/existing_replay_may21_afrl_fr_80_110_klt_envlocked_delay3_rep1/ape.txt:12;logs/afrl_cave_v31/existing_replay_may21_afrl_fr_80_110_klt_envlocked_delay3_rep1/ape.txt:13;logs/afrl_cave_v31/existing_replay_may21_afrl_fr_80_110_klt_envlocked_delay3_rep1/ape.txt:14;logs/afrl_cave_v31/existing_replay_may21_afrl_fr_80_110_klt_envlocked_delay3_rep1/ape.txt:15;logs/afrl_cave_v31/existing_replay_may21_afrl_fr_80_110_klt_envlocked_delay3_rep1/ape.txt:16;logs/afrl_cave_v31/existing_replay_may21_afrl_fr_80_110_klt_envlocked_delay3_rep1/ape.txt:17;logs/afrl_cave_v31/existing_replay_may21_afrl_fr_80_110_klt_envlocked_delay3_rep1/ape.txt:18;...(+7322),Prior artifact or parameter/search reference found before P02 freeze; exclude exact window from confirmatory denominator.
afrl,cemetery_fr,80,225,second,2,false,false,false,DEVELOPMENT_ONLY,正反例窗口整理/已跑窗口与未跑候选整理.md:967;正反例窗口整理/正例窗口说明.md:1042,Prior artifact or parameter/search reference found before P02 freeze; exclude exact window from confirmatory denominator.
afrl,cemetery_fr,85,105,second,5,true,true,true,DEVELOPMENT_ONLY,logs/agent_counterexample_gate_audit_20260608.md:25;正反例窗口整理/反例窗口说明.md:151;正反例窗口整理/反例窗口说明.md:270;正反例窗口整理/已跑窗口与未跑候选整理.md:265;正反例窗口整理/正例窗口说明.md:461,Prior artifact or parameter/search reference found before P02 freeze; exclude exact window from confirmatory denominator.
afrl,cemetery_fr,85,190,second,1789,true,true,true,DEVELOPMENT_ONLY,logs/afrl_cave_v31/external_hybrid_xfeat_every2_jun07_adaptivewarmup_v1_fr85_105_export/afrl_cave_cam0_pinhole.yaml;logs/afrl_cave_v31/external_hybrid_xfeat_every2_jun07_adaptivewarmup_v1_fr85_105_export/drop_learned_lineage_stats.csv;logs/afrl_cave_v31/external_hybrid_xfeat_every2_jun07_adaptivewarmup_v1_fr85_105_export/features.bag;logs/afrl_cave_v31/external_hybrid_xfeat_every2_jun07_adaptivewarmup_v1_fr85_105_export/features_drop_learned_lineage.bag;logs/afrl_cave_v31/external_hybrid_xfeat_every2_jun07_adaptivewarmup_v1_fr85_105_export/frontend_metrics.csv;logs/afrl_cave_v31/external_hybrid_xfeat_every2_jun07_adaptivewarmup_v1_fr85_105_export/replay_manifest.txt;logs/afrl_cave_v31/external_hybrid_xfeat_every2_jun07_adaptivewarmup_v1_fr85_105_export/replay_manifest.txt:1;logs/afrl_cave_v31/external_hybrid_xfeat_every2_jun07_adaptivewarmup_v1_fr85_105_export/replay_manifest.txt:2;logs/afrl_cave_v31/external_hybrid_xfeat_every2_jun07_adaptivewarmup_v1_fr85_105_export/replay_manifest.txt:3;logs/afrl_cave_v31/external_hybrid_xfeat_every2_jun07_adaptivewarmup_v1_fr85_105_export/replay_manifest.txt:4;logs/afrl_cave_v31/external_hybrid_xfeat_every2_jun07_adaptivewarmup_v1_fr85_105_export/replay_manifest.txt:5;logs/afrl_cave_v31/external_hybrid_xfeat_every2_jun07_adaptivewarmup_v1_fr85_105_export/replay_manifest.txt:6;...(+1777),Prior artifact or parameter/search reference found before P02 freeze; exclude exact window from confirmatory denominator.
afrl,cemetery_fr,85,200,second,2674,true,true,true,DEVELOPMENT_ONLY,logs/afrl_cave_v31/drop_may30_fr90like_budget80_probe_v1_fr85_115.bag;logs/afrl_cave_v31/drop_may30_fr90like_budget80_probe_v1_fr85_115_stats.csv;logs/afrl_cave_v31/external_hybrid_xfeat_every2_jun01_current_xfeat_boundary_v1_fr85_115_export/afrl_cave_cam0_pinhole.yaml;logs/afrl_cave_v31/external_hybrid_xfeat_every2_jun01_current_xfeat_boundary_v1_fr85_115_export/ape.txt;logs/afrl_cave_v31/external_hybrid_xfeat_every2_jun01_current_xfeat_boundary_v1_fr85_115_export/ape.txt:1;logs/afrl_cave_v31/external_hybrid_xfeat_every2_jun01_current_xfeat_boundary_v1_fr85_115_export/ape.txt:10;logs/afrl_cave_v31/external_hybrid_xfeat_every2_jun01_current_xfeat_boundary_v1_fr85_115_export/ape.txt:11;logs/afrl_cave_v31/external_hybrid_xfeat_every2_jun01_current_xfeat_boundary_v1_fr85_115_export/ape.txt:12;logs/afrl_cave_v31/external_hybrid_xfeat_every2_jun01_current_xfeat_boundary_v1_fr85_115_export/ape.txt:13;logs/afrl_cave_v31/external_hybrid_xfeat_every2_jun01_current_xfeat_boundary_v1_fr85_115_export/ape.txt:14;logs/afrl_cave_v31/external_hybrid_xfeat_every2_jun01_current_xfeat_boundary_v1_fr85_115_export/ape.txt:15;logs/afrl_cave_v31/external_hybrid_xfeat_every2_jun01_current_xfeat_boundary_v1_fr85_115_export/ape.txt:16;...(+2662),Prior artifact or parameter/search reference found before P02 freeze; exclude exact window from confirmatory denominator.
afrl,cemetery_fr,90,120,second,14,true,true,true,DEVELOPMENT_ONLY,logs/agent_counterexample_gate_audit_20260608.md:25;logs/conformal_calibration/jun15_non_a06_learned_sidecar_recheck.md:45;logs/jun01_partialseedfix_v1_vins_group_summary.md:15;logs/jun01_partialseedfix_v1_vins_group_summary.md:16;logs/jun01_partialseedfix_v1_vins_group_summary.md:26;logs/jun01_partialseedfix_v1_vins_group_summary.md:27;logs/jun01_reasonfix_v1_vins_group_summary.md:13;logs/jun01_reasonfix_v1_vins_group_summary.md:14;logs/jun01_reasonfix_v1_vins_group_summary.md:24;logs/jun01_reasonfix_v1_vins_group_summary.md:25;logs/jun03_counterexample_window_resolution.md:82;scripts/run_afrl_lowtexture_support_xfeat_validation.sh:221;...(+2),Prior artifact or parameter/search reference found before P02 freeze; exclude exact window from confirmatory denominator.
afrl,cemetery_fr,90,200,second,11,true,true,true,DEVELOPMENT_ONLY,logs/afrl_cave_v31/external_hybrid_xfeat_every2_jun07_more_fr_late_v1_fr90_110_export/afrl_cave_cam0_pinhole.yaml;logs/afrl_cave_v31/external_hybrid_xfeat_every2_jun07_more_fr_late_v1_fr90_110_export/features.bag;logs/afrl_cave_v31/external_hybrid_xfeat_every2_jun07_more_fr_late_v1_fr90_110_export/frontend_metrics.csv;logs/afrl_cave_v31/external_hybrid_xfeat_every2_jun07_more_fr_late_v1_fr90_110_export/replay_manifest.txt;logs/afrl_cave_v31/external_hybrid_xfeat_every2_jun07_more_fr_late_v1_fr90_110_export/replay_manifest.txt:1;logs/afrl_cave_v31/external_hybrid_xfeat_every2_jun07_more_fr_late_v1_fr90_110_export/replay_manifest.txt:2;logs/afrl_cave_v31/external_hybrid_xfeat_every2_jun07_more_fr_late_v1_fr90_110_export/replay_manifest.txt:3;logs/afrl_cave_v31/external_hybrid_xfeat_every2_jun07_more_fr_late_v1_fr90_110_export/replay_manifest.txt:4;logs/afrl_cave_v31/external_hybrid_xfeat_every2_jun07_more_fr_late_v1_fr90_110_export/replay_manifest.txt:5;logs/afrl_cave_v31/external_hybrid_xfeat_every2_jun07_more_fr_late_v1_fr90_110_export/replay_manifest.txt:6;logs/afrl_cave_v31/external_hybrid_xfeat_every2_jun07_more_fr_late_v1_fr90_110_export/vins_afrl_cave_external.yaml,Prior artifact or parameter/search reference found before P02 freeze; exclude exact window from confirmatory denominator.
afrl,cemetery_fr,90,210,second,4517,true,true,true,DEVELOPMENT_ONLY,logs/afrl_cave_v31/external_hybrid_xfeat_every2_fix_fr90_default_xfeat_fr90_120_export/afrl_cave_cam0_pinhole.yaml;logs/afrl_cave_v31/external_hybrid_xfeat_every2_fix_fr90_default_xfeat_fr90_120_export/ape.txt;logs/afrl_cave_v31/external_hybrid_xfeat_every2_fix_fr90_default_xfeat_fr90_120_export/ape.txt:1;logs/afrl_cave_v31/external_hybrid_xfeat_every2_fix_fr90_default_xfeat_fr90_120_export/ape.txt:10;logs/afrl_cave_v31/external_hybrid_xfeat_every2_fix_fr90_default_xfeat_fr90_120_export/ape.txt:11;logs/afrl_cave_v31/external_hybrid_xfeat_every2_fix_fr90_default_xfeat_fr90_120_export/ape.txt:12;logs/afrl_cave_v31/external_hybrid_xfeat_every2_fix_fr90_default_xfeat_fr90_120_export/ape.txt:13;logs/afrl_cave_v31/external_hybrid_xfeat_every2_fix_fr90_default_xfeat_fr90_120_export/ape.txt:14;logs/afrl_cave_v31/external_hybrid_xfeat_every2_fix_fr90_default_xfeat_fr90_120_export/ape.txt:15;logs/afrl_cave_v31/external_hybrid_xfeat_every2_fix_fr90_default_xfeat_fr90_120_export/ape.txt:16;logs/afrl_cave_v31/external_hybrid_xfeat_every2_fix_fr90_default_xfeat_fr90_120_export/ape.txt:17;logs/afrl_cave_v31/external_hybrid_xfeat_every2_fix_fr90_default_xfeat_fr90_120_export/ape.txt:18;...(+4505),Prior artifact or parameter/search reference found before P02 freeze; exclude exact window from confirmatory denominator.
afrl,cemetery_fr,95,210,second,14,true,true,true,DEVELOPMENT_ONLY,logs/afrl_cave_v31/external_hybrid_xfeat_every2_jun07_more_fr_late_v1_fr95_115_export/afrl_cave_cam0_pinhole.yaml;logs/afrl_cave_v31/external_hybrid_xfeat_every2_jun07_more_fr_late_v1_fr95_115_export/features.bag;logs/afrl_cave_v31/external_hybrid_xfeat_every2_jun07_more_fr_late_v1_fr95_115_export/frontend_metrics.csv;logs/afrl_cave_v31/external_hybrid_xfeat_every2_jun07_more_fr_late_v1_fr95_115_export/replay_manifest.txt;logs/afrl_cave_v31/external_hybrid_xfeat_every2_jun07_more_fr_late_v1_fr95_115_export/replay_manifest.txt:1;logs/afrl_cave_v31/external_hybrid_xfeat_every2_jun07_more_fr_late_v1_fr95_115_export/replay_manifest.txt:2;logs/afrl_cave_v31/external_hybrid_xfeat_every2_jun07_more_fr_late_v1_fr95_115_export/replay_manifest.txt:3;logs/afrl_cave_v31/external_hybrid_xfeat_every2_jun07_more_fr_late_v1_fr95_115_export/replay_manifest.txt:4;logs/afrl_cave_v31/external_hybrid_xfeat_every2_jun07_more_fr_late_v1_fr95_115_export/replay_manifest.txt:5;logs/afrl_cave_v31/external_hybrid_xfeat_every2_jun07_more_fr_late_v1_fr95_115_export/replay_manifest.txt:6;logs/afrl_cave_v31/external_hybrid_xfeat_every2_jun07_more_fr_late_v1_fr95_115_export/vins_afrl_cave_external.yaml;papers/causal_crossdataset_search_20260718/extended_probe_lineage_rescan.csv:1054;...(+2),Prior artifact or parameter/search reference found before P02 freeze; exclude exact window from confirmatory denominator.
afrl,cemetery_fr,95,220,second,224,true,true,true,DEVELOPMENT_ONLY,logs/afrl_cave_v31/drop_may30_fr90like_budget80_probe_v1_fr95_125.bag;logs/afrl_cave_v31/drop_may30_fr90like_budget80_probe_v1_fr95_125_stats.csv;logs/afrl_cave_v31/external_hybrid_xfeat_every2_may30_fr90like_budget80_probe_v1_fr95_125_export/afrl_cave_cam0_pinhole.yaml;logs/afrl_cave_v31/external_hybrid_xfeat_every2_may30_fr90like_budget80_probe_v1_fr95_125_export/ape.txt;logs/afrl_cave_v31/external_hybrid_xfeat_every2_may30_fr90like_budget80_probe_v1_fr95_125_export/ape.txt:1;logs/afrl_cave_v31/external_hybrid_xfeat_every2_may30_fr90like_budget80_probe_v1_fr95_125_export/ape.txt:10;logs/afrl_cave_v31/external_hybrid_xfeat_every2_may30_fr90like_budget80_probe_v1_fr95_125_export/ape.txt:11;logs/afrl_cave_v31/external_hybrid_xfeat_every2_may30_fr90like_budget80_probe_v1_fr95_125_export/ape.txt:12;logs/afrl_cave_v31/external_hybrid_xfeat_every2_may30_fr90like_budget80_probe_v1_fr95_125_export/ape.txt:13;logs/afrl_cave_v31/external_hybrid_xfeat_every2_may30_fr90like_budget80_probe_v1_fr95_125_export/ape.txt:14;logs/afrl_cave_v31/external_hybrid_xfeat_every2_may30_fr90like_budget80_probe_v1_fr95_125_export/ape.txt:15;logs/afrl_cave_v31/external_hybrid_xfeat_every2_may30_fr90like_budget80_probe_v1_fr95_125_export/ape.txt:16;...(+212),Prior artifact or parameter/search reference found before P02 freeze; exclude exact window from confirmatory denominator.
aqualoc_archaeology,A01,12800,13200,frame,5,true,true,true,DEVELOPMENT_ONLY,logs/aqualoc_archaeo_vins/external_hybrid_xfeat_every2_jul16screen46_a01_12800_13200_probe/aqualoc_archaeo01_pinhole.yaml;logs/aqualoc_archaeo_vins/external_hybrid_xfeat_every2_jul16screen46_a01_12800_13200_probe/features.bag;logs/aqualoc_archaeo_vins/external_hybrid_xfeat_every2_jul16screen46_a01_12800_13200_probe/frontend_metrics.csv;papers/frozen_frontend_exploration_20260715/run_evidence_jul15_late_and_jul16.csv:63;papers/frozen_frontend_exploration_20260715/screening_summary_jul15_late_and_jul16.csv:63,Prior artifact or parameter/search reference found before P02 freeze; exclude exact window from confirmatory denominator.
aqualoc_archaeology,A01,13200,13600,frame,15,true,true,true,DEVELOPMENT_ONLY,logs/aqualoc_archaeo_vins/external_hybrid_xfeat_every2_jul16screen49_a01_13200_13600_probe/aqualoc_archaeo01_pinhole.yaml;logs/aqualoc_archaeo_vins/external_hybrid_xfeat_every2_jul16screen49_a01_13200_13600_probe/features.bag;logs/aqualoc_archaeo_vins/external_hybrid_xfeat_every2_jul16screen49_a01_13200_13600_probe/frontend_metrics.csv;papers/frozen_frontend_exploration_20260715/run_evidence_jul15_late_and_jul16.csv:66;papers/frozen_frontend_exploration_20260715/screening_summary_jul15_late_and_jul16.csv:66;papers/learned_lineage_novelty_dev_20260716/lineage_motion_ratio_screening_20260717.csv:34;papers/learned_lineage_novelty_dev_20260716/lineage_motion_ratio_screening_20260717.csv:35;papers/learned_lineage_novelty_dev_20260716/lineage_motion_ratio_screening_20260717.csv:36;papers/learned_lineage_novelty_dev_20260716/lineage_novelty_screening.csv:138;papers/learned_lineage_novelty_dev_20260716/lineage_novelty_screening.csv:164;papers/learned_lineage_novelty_dev_20260716/lineage_novelty_screening.csv:23;papers/learned_lineage_novelty_dev_20260716/lineage_novelty_screening.csv:33;...(+3),Prior artifact or parameter/search reference found before P02 freeze; exclude exact window from confirmatory denominator.
aqualoc_archaeology,A01,14200,14600,frame,87,true,true,true,DEVELOPMENT_ONLY,logs/aqualoc_archaeo_vins/external_hybrid_xfeat_every2_jul11_unscanned2_a01_14200_14600_probe_oldcontract_densecap/aqualoc_archaeo01_pinhole.yaml;logs/aqualoc_archaeo_vins/external_hybrid_xfeat_every2_jul11_unscanned2_a01_14200_14600_probe_oldcontract_densecap/arbitration_summary.txt;logs/aqualoc_archaeo_vins/external_hybrid_xfeat_every2_jul11_unscanned2_a01_14200_14600_probe_oldcontract_densecap/arbitration_summary.txt:1;logs/aqualoc_archaeo_vins/external_hybrid_xfeat_every2_jul11_unscanned2_a01_14200_14600_probe_oldcontract_densecap/arbitration_summary.txt:10;logs/aqualoc_archaeo_vins/external_hybrid_xfeat_every2_jul11_unscanned2_a01_14200_14600_probe_oldcontract_densecap/arbitration_summary.txt:11;logs/aqualoc_archaeo_vins/external_hybrid_xfeat_every2_jul11_unscanned2_a01_14200_14600_probe_oldcontract_densecap/arbitration_summary.txt:12;logs/aqualoc_archaeo_vins/external_hybrid_xfeat_every2_jul11_unscanned2_a01_14200_14600_probe_oldcontract_densecap/arbitration_summary.txt:13;logs/aqualoc_archaeo_vins/external_hybrid_xfeat_every2_jul11_unscanned2_a01_14200_14600_probe_oldcontract_densecap/arbitration_summary.txt:14;logs/aqualoc_archaeo_vins/external_hybrid_xfeat_every2_jul11_unscanned2_a01_14200_14600_probe_oldcontract_densecap/arbitration_summary.txt:15;logs/aqualoc_archaeo_vins/external_hybrid_xfeat_every2_jul11_unscanned2_a01_14200_14600_probe_oldcontract_densecap/arbitration_summary.txt:16;logs/aqualoc_archaeo_vins/external_hybrid_xfeat_every2_jul11_unscanned2_a01_14200_14600_probe_oldcontract_densecap/arbitration_summary.txt:17;logs/aqualoc_archaeo_vins/external_hybrid_xfeat_every2_jul11_unscanned2_a01_14200_14600_probe_oldcontract_densecap/arbitration_summary.txt:18;...(+75),Prior artifact or parameter/search reference found before P02 freeze; exclude exact window from confirmatory denominator.
aqualoc_archaeology,A01,4400,4800,frame,12,true,true,true,DEVELOPMENT_ONLY,logs/aqualoc_archaeo_vins/external_hybrid_xfeat_every2_jul16screen47_a01_4400_4800_probe/aqualoc_archaeo01_pinhole.yaml;logs/aqualoc_archaeo_vins/external_hybrid_xfeat_every2_jul16screen47_a01_4400_4800_probe/features.bag;logs/aqualoc_archaeo_vins/external_hybrid_xfeat_every2_jul16screen47_a01_4400_4800_probe/frontend_metrics.csv;papers/frozen_frontend_exploration_20260715/run_evidence_jul15_late_and_jul16.csv:64;papers/frozen_frontend_exploration_20260715/screening_summary_jul15_late_and_jul16.csv:64;papers/learned_lineage_novelty_dev_20260716/lineage_novelty_screening.csv:126;papers/learned_lineage_novelty_dev_20260716/lineage_novelty_screening.csv:191;papers/learned_lineage_novelty_dev_20260716/lineage_novelty_screening.csv:203;papers/learned_lineage_novelty_dev_20260716/lineage_novelty_screening.csv:221;papers/learned_lineage_novelty_dev_20260716/lineage_novelty_screening.csv:241;papers/learned_lineage_novelty_dev_20260716/lineage_novelty_screening.csv:248;papers/learned_lineage_novelty_dev_20260716/lineage_novelty_screening.csv:257,Prior artifact or parameter/search reference found before P02 freeze; exclude exact window from confirmatory denominator.
aqualoc_archaeology,A01,4800,5200,frame,5,true,true,true,DEVELOPMENT_ONLY,logs/aqualoc_archaeo_vins/external_hybrid_xfeat_every2_jul16screen48_a01_4800_5200_probe/aqualoc_archaeo01_pinhole.yaml;logs/aqualoc_archaeo_vins/external_hybrid_xfeat_every2_jul16screen48_a01_4800_5200_probe/features.bag;logs/aqualoc_archaeo_vins/external_hybrid_xfeat_every2_jul16screen48_a01_4800_5200_probe/frontend_metrics.csv;papers/frozen_frontend_exploration_20260715/run_evidence_jul15_late_and_jul16.csv:65;papers/frozen_frontend_exploration_20260715/screening_summary_jul15_late_and_jul16.csv:65,Prior artifact or parameter/search reference found before P02 freeze; exclude exact window from confirmatory denominator.
aqualoc_archaeology,A01,5400,5800,frame,89,true,true,true,DEVELOPMENT_ONLY,logs/aqualoc_archaeo_vins/external_hybrid_xfeat_every2_jul11_unscanned_a01_5400_5800_probe_oldcontract_densecap/aqualoc_archaeo01_pinhole.yaml;logs/aqualoc_archaeo_vins/external_hybrid_xfeat_every2_jul11_unscanned_a01_5400_5800_probe_oldcontract_densecap/features.bag;logs/aqualoc_archaeo_vins/external_hybrid_xfeat_every2_jul11_unscanned_a01_5400_5800_probe_oldcontract_densecap/frontend_metrics.csv;logs/aqualoc_archaeo_vins/external_klt_every2_jul11_unscanned_a01_5400_5800_klt_safe_fallback/aqualoc_archaeo01_pinhole.yaml;logs/aqualoc_archaeo_vins/external_klt_every2_jul11_unscanned_a01_5400_5800_klt_safe_fallback/arbitration_summary.txt;logs/aqualoc_archaeo_vins/external_klt_every2_jul11_unscanned_a01_5400_5800_klt_safe_fallback/arbitration_summary.txt:1;logs/aqualoc_archaeo_vins/external_klt_every2_jul11_unscanned_a01_5400_5800_klt_safe_fallback/arbitration_summary.txt:10;logs/aqualoc_archaeo_vins/external_klt_every2_jul11_unscanned_a01_5400_5800_klt_safe_fallback/arbitration_summary.txt:11;logs/aqualoc_archaeo_vins/external_klt_every2_jul11_unscanned_a01_5400_5800_klt_safe_fallback/arbitration_summary.txt:12;logs/aqualoc_archaeo_vins/external_klt_every2_jul11_unscanned_a01_5400_5800_klt_safe_fallback/arbitration_summary.txt:13;logs/aqualoc_archaeo_vins/external_klt_every2_jul11_unscanned_a01_5400_5800_klt_safe_fallback/arbitration_summary.txt:14;logs/aqualoc_archaeo_vins/external_klt_every2_jul11_unscanned_a01_5400_5800_klt_safe_fallback/arbitration_summary.txt:15;...(+77),Prior artifact or parameter/search reference found before P02 freeze; exclude exact window from confirmatory denominator.
aqualoc_archaeology,A01,5540,5620,frame,5,true,false,true,DEVELOPMENT_ONLY,logs/low_texture_window_search_20260522_continued/frontend_matrix/A01_5540_5620_classical_hybrid.csv;logs/low_texture_window_search_20260522_continued/frontend_matrix/A01_5540_5620_full_sp_lg_loftr.csv;logs/low_texture_window_search_20260522_continued/frontend_matrix/A01_5540_5620_klt_adaptive_clahe.csv;logs/low_texture_window_search_20260522_continued/frontend_matrix/A01_5540_5620_sp_lg.csv;logs/low_texture_window_search_20260522_continued/frontend_matrix/A01_5540_5620_xfeat.csv,Prior artifact or parameter/search reference found before P02 freeze; exclude exact window from confirmatory denominator.
aqualoc_archaeology,A01,5600,6000,frame,5,true,true,true,DEVELOPMENT_ONLY,logs/aqualoc_archaeo_vins/external_hybrid_xfeat_every2_jul16screen23_a01_5600_6000_probe/aqualoc_archaeo01_pinhole.yaml;logs/aqualoc_archaeo_vins/external_hybrid_xfeat_every2_jul16screen23_a01_5600_6000_probe/features.bag;logs/aqualoc_archaeo_vins/external_hybrid_xfeat_every2_jul16screen23_a01_5600_6000_probe/frontend_metrics.csv;papers/frozen_frontend_exploration_20260715/run_evidence_jul15_late_and_jul16.csv:53;papers/frozen_frontend_exploration_20260715/screening_summary_jul15_late_and_jul16.csv:53,Prior artifact or parameter/search reference found before P02 freeze; exclude exact window from confirmatory denominator.
aqualoc_archaeology,A01,5600,6380,frame,1,false,false,true,DEVELOPMENT_ONLY,logs/low_texture_window_search_20260522_continued/new_frontend_scan/A01_5600_6380_klt_adaptive.csv,Prior artifact or parameter/search reference found before P02 freeze; exclude exact window from confirmatory denominator.
aqualoc_archaeology,A01,6000,6400,frame,89,true,true,true,DEVELOPMENT_ONLY,logs/aqualoc_archaeo_vins/external_hybrid_xfeat_every2_jul11_unscanned2_a01_6000_6400_probe_oldcontract_densecap/aqualoc_archaeo01_pinhole.yaml;logs/aqualoc_archaeo_vins/external_hybrid_xfeat_every2_jul11_unscanned2_a01_6000_6400_probe_oldcontract_densecap/arbitration_summary.txt;logs/aqualoc_archaeo_vins/external_hybrid_xfeat_every2_jul11_unscanned2_a01_6000_6400_probe_oldcontract_densecap/arbitration_summary.txt:1;logs/aqualoc_archaeo_vins/external_hybrid_xfeat_every2_jul11_unscanned2_a01_6000_6400_probe_oldcontract_densecap/arbitration_summary.txt:10;logs/aqualoc_archaeo_vins/external_hybrid_xfeat_every2_jul11_unscanned2_a01_6000_6400_probe_oldcontract_densecap/arbitration_summary.txt:11;logs/aqualoc_archaeo_vins/external_hybrid_xfeat_every2_jul11_unscanned2_a01_6000_6400_probe_oldcontract_densecap/arbitration_summary.txt:12;logs/aqualoc_archaeo_vins/external_hybrid_xfeat_every2_jul11_unscanned2_a01_6000_6400_probe_oldcontract_densecap/arbitration_summary.txt:13;logs/aqualoc_archaeo_vins/external_hybrid_xfeat_every2_jul11_unscanned2_a01_6000_6400_probe_oldcontract_densecap/arbitration_summary.txt:14;logs/aqualoc_archaeo_vins/external_hybrid_xfeat_every2_jul11_unscanned2_a01_6000_6400_probe_oldcontract_densecap/arbitration_summary.txt:15;logs/aqualoc_archaeo_vins/external_hybrid_xfeat_every2_jul11_unscanned2_a01_6000_6400_probe_oldcontract_densecap/arbitration_summary.txt:16;logs/aqualoc_archaeo_vins/external_hybrid_xfeat_every2_jul11_unscanned2_a01_6000_6400_probe_oldcontract_densecap/arbitration_summary.txt:17;logs/aqualoc_archaeo_vins/external_hybrid_xfeat_every2_jul11_unscanned2_a01_6000_6400_probe_oldcontract_densecap/arbitration_summary.txt:18;...(+77),Prior artifact or parameter/search reference found before P02 freeze; exclude exact window from confirmatory denominator.
aqualoc_archaeology,A01,6400,6800,frame,8,true,true,true,DEVELOPMENT_ONLY,logs/aqualoc_archaeo_vins/external_hybrid_xfeat_every2_jul16screen10_a01_6400_6800_probe/aqualoc_archaeo01_pinhole.yaml;logs/aqualoc_archaeo_vins/external_hybrid_xfeat_every2_jul16screen10_a01_6400_6800_probe/features.bag;logs/aqualoc_archaeo_vins/external_hybrid_xfeat_every2_jul16screen10_a01_6400_6800_probe/frontend_metrics.csv;papers/frozen_frontend_exploration_20260715/run_evidence_jul15_late_and_jul16.csv:41;papers/frozen_frontend_exploration_20260715/screening_summary_jul15_late_and_jul16.csv:41;papers/learned_lineage_novelty_dev_20260716/lineage_novelty_screening.csv:174;papers/learned_lineage_novelty_dev_20260716/lineage_novelty_screening.csv:226;papers/learned_lineage_novelty_dev_20260716/lineage_novelty_screening.csv:238,Prior artifact or parameter/search reference found before P02 freeze; exclude exact window from confirmatory denominator.
aqualoc_archaeology,A01,6800,7200,frame,15,true,true,true,DEVELOPMENT_ONLY,logs/aqualoc_archaeo_vins/external_hybrid_xfeat_every2_jul16screen10_a01_6800_7200_probe/aqualoc_archaeo01_pinhole.yaml;logs/aqualoc_archaeo_vins/external_hybrid_xfeat_every2_jul16screen10_a01_6800_7200_probe/features.bag;logs/aqualoc_archaeo_vins/external_hybrid_xfeat_every2_jul16screen10_a01_6800_7200_probe/frontend_metrics.csv;papers/frozen_frontend_exploration_20260715/run_evidence_jul15_late_and_jul16.csv:42;papers/frozen_frontend_exploration_20260715/screening_summary_jul15_late_and_jul16.csv:42;papers/learned_lineage_novelty_dev_20260716/lineage_motion_ratio_screening_20260717.csv:22;papers/learned_lineage_novelty_dev_20260716/lineage_novelty_screening.csv:142;papers/learned_lineage_novelty_dev_20260716/lineage_novelty_screening.csv:186;papers/learned_lineage_novelty_dev_20260716/lineage_novelty_screening.csv:192;papers/learned_lineage_novelty_dev_20260716/lineage_novelty_screening.csv:206;papers/learned_lineage_novelty_dev_20260716/lineage_novelty_screening.csv:214;papers/learned_lineage_novelty_dev_20260716/lineage_novelty_screening.csv:255;...(+3),Prior artifact or parameter/search reference found before P02 freeze; exclude exact window from confirmatory denominator.
aqualoc_archaeology,A01,7200,7600,frame,16,true,true,true,DEVELOPMENT_ONLY,logs/aqualoc_archaeo_vins/external_hybrid_xfeat_every2_jul16screen10_a01_7200_7600_probe/aqualoc_archaeo01_pinhole.yaml;logs/aqualoc_archaeo_vins/external_hybrid_xfeat_every2_jul16screen10_a01_7200_7600_probe/features.bag;logs/aqualoc_archaeo_vins/external_hybrid_xfeat_every2_jul16screen10_a01_7200_7600_probe/frontend_metrics.csv;papers/frozen_frontend_exploration_20260715/run_evidence_jul15_late_and_jul16.csv:43;papers/frozen_frontend_exploration_20260715/screening_summary_jul15_late_and_jul16.csv:43;papers/learned_lineage_novelty_dev_20260716/lineage_motion_ratio_screening_20260717.csv:23;papers/learned_lineage_novelty_dev_20260716/lineage_novelty_screening.csv:111;papers/learned_lineage_novelty_dev_20260716/lineage_novelty_screening.csv:149;papers/learned_lineage_novelty_dev_20260716/lineage_novelty_screening.csv:161;papers/learned_lineage_novelty_dev_20260716/lineage_novelty_screening.csv:209;papers/learned_lineage_novelty_dev_20260716/lineage_novelty_screening.csv:232;papers/learned_lineage_novelty_dev_20260716/lineage_novelty_screening.csv:246;...(+4),Prior artifact or parameter/search reference found before P02 freeze; exclude exact window from confirmatory denominator.
aqualoc_archaeology,A01,7800,8200,frame,86,true,true,true,DEVELOPMENT_ONLY,logs/aqualoc_archaeo_vins/external_hybrid_xfeat_every2_jul11_unscanned_a01_7800_8200_probe_oldcontract_densecap/aqualoc_archaeo01_pinhole.yaml;logs/aqualoc_archaeo_vins/external_hybrid_xfeat_every2_jul11_unscanned_a01_7800_8200_probe_oldcontract_densecap/arbitration_summary.txt;logs/aqualoc_archaeo_vins/external_hybrid_xfeat_every2_jul11_unscanned_a01_7800_8200_probe_oldcontract_densecap/arbitration_summary.txt:1;logs/aqualoc_archaeo_vins/external_hybrid_xfeat_every2_jul11_unscanned_a01_7800_8200_probe_oldcontract_densecap/arbitration_summary.txt:10;logs/aqualoc_archaeo_vins/external_hybrid_xfeat_every2_jul11_unscanned_a01_7800_8200_probe_oldcontract_densecap/arbitration_summary.txt:11;logs/aqualoc_archaeo_vins/external_hybrid_xfeat_every2_jul11_unscanned_a01_7800_8200_probe_oldcontract_densecap/arbitration_summary.txt:12;logs/aqualoc_archaeo_vins/external_hybrid_xfeat_every2_jul11_unscanned_a01_7800_8200_probe_oldcontract_densecap/arbitration_summary.txt:13;logs/aqualoc_archaeo_vins/external_hybrid_xfeat_every2_jul11_unscanned_a01_7800_8200_probe_oldcontract_densecap/arbitration_summary.txt:14;logs/aqualoc_archaeo_vins/external_hybrid_xfeat_every2_jul11_unscanned_a01_7800_8200_probe_oldcontract_densecap/arbitration_summary.txt:15;logs/aqualoc_archaeo_vins/external_hybrid_xfeat_every2_jul11_unscanned_a01_7800_8200_probe_oldcontract_densecap/arbitration_summary.txt:16;logs/aqualoc_archaeo_vins/external_hybrid_xfeat_every2_jul11_unscanned_a01_7800_8200_probe_oldcontract_densecap/arbitration_summary.txt:17;logs/aqualoc_archaeo_vins/external_hybrid_xfeat_every2_jul11_unscanned_a01_7800_8200_probe_oldcontract_densecap/arbitration_summary.txt:18;...(+74),Prior artifact or parameter/search reference found before P02 freeze; exclude exact window from confirmatory denominator.
aqualoc_archaeology,A01,8800,9200,frame,8,true,true,true,DEVELOPMENT_ONLY,logs/aqualoc_archaeo_vins/external_hybrid_xfeat_every2_jul16screen10_a01_8800_9200_probe/aqualoc_archaeo01_pinhole.yaml;logs/aqualoc_archaeo_vins/external_hybrid_xfeat_every2_jul16screen10_a01_8800_9200_probe/features.bag;logs/aqualoc_archaeo_vins/external_hybrid_xfeat_every2_jul16screen10_a01_8800_9200_probe/frontend_metrics.csv;papers/frozen_frontend_exploration_20260715/run_evidence_jul15_late_and_jul16.csv:44;papers/frozen_frontend_exploration_20260715/screening_summary_jul15_late_and_jul16.csv:44;papers/learned_lineage_novelty_dev_20260716/lineage_novelty_screening.csv:179;papers/learned_lineage_novelty_dev_20260716/lineage_novelty_screening.csv:225;papers/learned_lineage_novelty_dev_20260716/lineage_novelty_screening.csv:86,Prior artifact or parameter/search reference found before P02 freeze; exclude exact window from confirmatory denominator.
aqualoc_archaeology,A01,9200,9600,frame,117,true,true,true,DEVELOPMENT_ONLY,logs/aqualoc_archaeo_vins/external_hybrid_xfeat_every2_jul12_morepos_a01_9200_9600_visible5/aqualoc_archaeo01_pinhole.yaml;logs/aqualoc_archaeo_vins/external_hybrid_xfeat_every2_jul12_morepos_a01_9200_9600_visible5/features.bag;logs/aqualoc_archaeo_vins/external_hybrid_xfeat_every2_jul12_morepos_a01_9200_9600_visible5/frontend_metrics.csv;logs/aqualoc_archaeo_vins/external_hybrid_xfeat_every2_jul15screen_a01_9200_9600_probe/aqualoc_archaeo01_pinhole.yaml;logs/aqualoc_archaeo_vins/external_hybrid_xfeat_every2_jul15screen_a01_9200_9600_probe/features.bag;logs/aqualoc_archaeo_vins/external_hybrid_xfeat_every2_jul15screen_a01_9200_9600_probe/frontend_metrics.csv;logs/aqualoc_archaeo_vins/jul12_a01_9200_9600_visible5_drop_whole_lineage.bag;logs/aqualoc_archaeo_vins/jul12_a01_9200_9600_visible5_drop_whole_lineage.csv;logs/existing_featurebag_vins/jul12_a01_9200_9600_visible5_drop/ape.txt;logs/existing_featurebag_vins/jul12_a01_9200_9600_visible5_drop/ape.txt:1;logs/existing_featurebag_vins/jul12_a01_9200_9600_visible5_drop/ape.txt:10;logs/existing_featurebag_vins/jul12_a01_9200_9600_visible5_drop/ape.txt:11;...(+105),Prior artifact or parameter/search reference found before P02 freeze; exclude exact window from confirmatory denominator.
aqualoc_archaeology,A02,1600,2000,frame,7,true,true,true,DEVELOPMENT_ONLY,logs/aqualoc_archaeo_vins/external_hybrid_xfeat_every2_jul15screen5_a02_1600_2000_probe/aqualoc_archaeo02_pinhole.yaml;logs/aqualoc_archaeo_vins/external_hybrid_xfeat_every2_jul15screen5_a02_1600_2000_probe/features.bag;logs/aqualoc_archaeo_vins/external_hybrid_xfeat_every2_jul15screen5_a02_1600_2000_probe/frontend_metrics.csv;papers/frozen_frontend_exploration_20260715/run_evidence_jul15_late_and_jul16.csv:16;papers/frozen_frontend_exploration_20260715/screening_summary_jul15_late_and_jul16.csv:16;papers/learned_lineage_novelty_dev_20260716/lineage_novelty_screening.csv:165;papers/learned_lineage_novelty_dev_20260716/lineage_novelty_screening.csv:184,Prior artifact or parameter/search reference found before P02 freeze; exclude exact window from confirmatory denominator.
aqualoc_archaeology,A02,2000,2400,frame,7,true,true,true,DEVELOPMENT_ONLY,logs/aqualoc_archaeo_vins/external_hybrid_xfeat_every2_jul15screen2_a02_2000_2400_probe/aqualoc_archaeo02_pinhole.yaml;logs/aqualoc_archaeo_vins/external_hybrid_xfeat_every2_jul15screen2_a02_2000_2400_probe/features.bag;logs/aqualoc_archaeo_vins/external_hybrid_xfeat_every2_jul15screen2_a02_2000_2400_probe/frontend_metrics.csv;papers/frozen_frontend_exploration_20260715/run_evidence.csv:49;papers/frozen_frontend_exploration_20260715/run_evidence_jul15_late_and_jul16.csv:2;papers/frozen_frontend_exploration_20260715/screening_summary.csv:49;papers/frozen_frontend_exploration_20260715/screening_summary_jul15_late_and_jul16.csv:2,Prior artifact or parameter/search reference found before P02 freeze; exclude exact window from confirmatory denominator.
aqualoc_archaeology,A02,2800,3200,frame,3049,true,true,true,DEVELOPMENT_ONLY,logs/aqualoc_archaeo_vins/external_hybrid_xfeat_every2_existing_jul13_arbvg_a02_2800_3200_full/ape.txt;logs/aqualoc_archaeo_vins/external_hybrid_xfeat_every2_existing_jul13_arbvg_a02_2800_3200_full/ape.txt:1;logs/aqualoc_archaeo_vins/external_hybrid_xfeat_every2_existing_jul13_arbvg_a02_2800_3200_full/ape.txt:10;logs/aqualoc_archaeo_vins/external_hybrid_xfeat_every2_existing_jul13_arbvg_a02_2800_3200_full/ape.txt:11;logs/aqualoc_archaeo_vins/external_hybrid_xfeat_every2_existing_jul13_arbvg_a02_2800_3200_full/ape.txt:12;logs/aqualoc_archaeo_vins/external_hybrid_xfeat_every2_existing_jul13_arbvg_a02_2800_3200_full/ape.txt:13;logs/aqualoc_archaeo_vins/external_hybrid_xfeat_every2_existing_jul13_arbvg_a02_2800_3200_full/ape.txt:14;logs/aqualoc_archaeo_vins/external_hybrid_xfeat_every2_existing_jul13_arbvg_a02_2800_3200_full/ape.txt:15;logs/aqualoc_archaeo_vins/external_hybrid_xfeat_every2_existing_jul13_arbvg_a02_2800_3200_full/ape.txt:16;logs/aqualoc_archaeo_vins/external_hybrid_xfeat_every2_existing_jul13_arbvg_a02_2800_3200_full/ape.txt:17;logs/aqualoc_archaeo_vins/external_hybrid_xfeat_every2_existing_jul13_arbvg_a02_2800_3200_full/ape.txt:18;logs/aqualoc_archaeo_vins/external_hybrid_xfeat_every2_existing_jul13_arbvg_a02_2800_3200_full/ape.txt:19;...(+3037),Prior artifact or parameter/search reference found before P02 freeze; exclude exact window from confirmatory denominator.
aqualoc_archaeology,A02,3200,3600,frame,9,true,true,true,DEVELOPMENT_ONLY,logs/aqualoc_archaeo_vins/external_hybrid_xfeat_every2_jul15screen5_a02_3200_3600_probe/aqualoc_archaeo02_pinhole.yaml;logs/aqualoc_archaeo_vins/external_hybrid_xfeat_every2_jul15screen5_a02_3200_3600_probe/features.bag;logs/aqualoc_archaeo_vins/external_hybrid_xfeat_every2_jul15screen5_a02_3200_3600_probe/frontend_metrics.csv;papers/frozen_frontend_exploration_20260715/run_evidence_jul15_late_and_jul16.csv:17;papers/frozen_frontend_exploration_20260715/screening_summary_jul15_late_and_jul16.csv:17;papers/learned_lineage_novelty_dev_20260716/lineage_novelty_screening.csv:181;papers/learned_lineage_novelty_dev_20260716/lineage_novelty_screening.csv:259;papers/learned_lineage_novelty_dev_20260716/lineage_novelty_screening.csv:262;papers/learned_lineage_novelty_dev_20260716/lineage_novelty_screening.csv:75,Prior artifact or parameter/search reference found before P02 freeze; exclude exact window from confirmatory denominator.
aqualoc_archaeology,A02,3600,3880,frame,156,true,true,true,DEVELOPMENT_ONLY,logs/aqualoc_archaeo_vins/external_hybrid_xfeat_every2_jul07_nonoverlap_onlineprobe2_a02_3600_3880/ape.txt;logs/aqualoc_archaeo_vins/external_hybrid_xfeat_every2_jul07_nonoverlap_onlineprobe2_a02_3600_3880/ape.txt:1;logs/aqualoc_archaeo_vins/external_hybrid_xfeat_every2_jul07_nonoverlap_onlineprobe2_a02_3600_3880/ape.txt:10;logs/aqualoc_archaeo_vins/external_hybrid_xfeat_every2_jul07_nonoverlap_onlineprobe2_a02_3600_3880/ape.txt:11;logs/aqualoc_archaeo_vins/external_hybrid_xfeat_every2_jul07_nonoverlap_onlineprobe2_a02_3600_3880/ape.txt:12;logs/aqualoc_archaeo_vins/external_hybrid_xfeat_every2_jul07_nonoverlap_onlineprobe2_a02_3600_3880/ape.txt:13;logs/aqualoc_archaeo_vins/external_hybrid_xfeat_every2_jul07_nonoverlap_onlineprobe2_a02_3600_3880/ape.txt:14;logs/aqualoc_archaeo_vins/external_hybrid_xfeat_every2_jul07_nonoverlap_onlineprobe2_a02_3600_3880/ape.txt:15;logs/aqualoc_archaeo_vins/external_hybrid_xfeat_every2_jul07_nonoverlap_onlineprobe2_a02_3600_3880/ape.txt:16;logs/aqualoc_archaeo_vins/external_hybrid_xfeat_every2_jul07_nonoverlap_onlineprobe2_a02_3600_3880/ape.txt:17;logs/aqualoc_archaeo_vins/external_hybrid_xfeat_every2_jul07_nonoverlap_onlineprobe2_a02_3600_3880/ape.txt:18;logs/aqualoc_archaeo_vins/external_hybrid_xfeat_every2_jul07_nonoverlap_onlineprobe2_a02_3600_3880/ape.txt:19;...(+144),Prior artifact or parameter/search reference found before P02 freeze; exclude exact window from confirmatory denominator.
aqualoc_archaeology,A02,3600,4000,frame,7,true,true,true,DEVELOPMENT_ONLY,logs/aqualoc_archaeo_vins/external_hybrid_xfeat_every2_jul15screen_a02_3600_4000_probe/aqualoc_archaeo02_pinhole.yaml;logs/aqualoc_archaeo_vins/external_hybrid_xfeat_every2_jul15screen_a02_3600_4000_probe/features.bag;logs/aqualoc_archaeo_vins/external_hybrid_xfeat_every2_jul15screen_a02_3600_4000_probe/frontend_metrics.csv;papers/frozen_frontend_exploration_20260715/run_evidence.csv:3;papers/frozen_frontend_exploration_20260715/run_evidence_jul15_late_and_jul16.csv:32;papers/frozen_frontend_exploration_20260715/screening_summary.csv:3;papers/frozen_frontend_exploration_20260715/screening_summary_jul15_late_and_jul16.csv:32,Prior artifact or parameter/search reference found before P02 freeze; exclude exact window from confirmatory denominator.
aqualoc_archaeology,A02,3920,4200,frame,531,true,true,true,DEVELOPMENT_ONLY,logs/aqualoc_archaeo_vins/external_hybrid_xfeat_every2_jul07_nonoverlap_a2_3920_4200_drop20_vins/ape.txt;logs/aqualoc_archaeo_vins/external_hybrid_xfeat_every2_jul07_nonoverlap_a2_3920_4200_drop20_vins/ape.txt:1;logs/aqualoc_archaeo_vins/external_hybrid_xfeat_every2_jul07_nonoverlap_a2_3920_4200_drop20_vins/ape.txt:10;logs/aqualoc_archaeo_vins/external_hybrid_xfeat_every2_jul07_nonoverlap_a2_3920_4200_drop20_vins/ape.txt:11;logs/aqualoc_archaeo_vins/external_hybrid_xfeat_every2_jul07_nonoverlap_a2_3920_4200_drop20_vins/ape.txt:12;logs/aqualoc_archaeo_vins/external_hybrid_xfeat_every2_jul07_nonoverlap_a2_3920_4200_drop20_vins/ape.txt:13;logs/aqualoc_archaeo_vins/external_hybrid_xfeat_every2_jul07_nonoverlap_a2_3920_4200_drop20_vins/ape.txt:14;logs/aqualoc_archaeo_vins/external_hybrid_xfeat_every2_jul07_nonoverlap_a2_3920_4200_drop20_vins/ape.txt:15;logs/aqualoc_archaeo_vins/external_hybrid_xfeat_every2_jul07_nonoverlap_a2_3920_4200_drop20_vins/ape.txt:16;logs/aqualoc_archaeo_vins/external_hybrid_xfeat_every2_jul07_nonoverlap_a2_3920_4200_drop20_vins/ape.txt:17;logs/aqualoc_archaeo_vins/external_hybrid_xfeat_every2_jul07_nonoverlap_a2_3920_4200_drop20_vins/ape.txt:18;logs/aqualoc_archaeo_vins/external_hybrid_xfeat_every2_jul07_nonoverlap_a2_3920_4200_drop20_vins/ape.txt:19;...(+519),Prior artifact or parameter/search reference found before P02 freeze; exclude exact window from confirmatory denominator.
aqualoc_archaeology,A02,4000,4300,frame,658,true,true,true,DEVELOPMENT_ONLY,logs/aqualoc_archaeo_vins/external_hybrid_loftr_every2_may24_a02_4000_4300_initrescue_loftr_rescue/aqualoc_archaeo02_pinhole.yaml;logs/aqualoc_archaeo_vins/external_hybrid_loftr_every2_may24_a02_4000_4300_initrescue_loftr_rescue/features.bag;logs/aqualoc_archaeo_vins/external_hybrid_loftr_every2_may24_a02_4000_4300_initrescue_loftr_rescue/frontend_metrics.csv;logs/aqualoc_archaeo_vins/external_hybrid_superpoint_lightglue_every2_may24_a02_4000_4300_initrescue_sp_lg/ape.txt;logs/aqualoc_archaeo_vins/external_hybrid_superpoint_lightglue_every2_may24_a02_4000_4300_initrescue_sp_lg/ape.txt:1;logs/aqualoc_archaeo_vins/external_hybrid_superpoint_lightglue_every2_may24_a02_4000_4300_initrescue_sp_lg/ape.txt:10;logs/aqualoc_archaeo_vins/external_hybrid_superpoint_lightglue_every2_may24_a02_4000_4300_initrescue_sp_lg/ape.txt:11;logs/aqualoc_archaeo_vins/external_hybrid_superpoint_lightglue_every2_may24_a02_4000_4300_initrescue_sp_lg/ape.txt:12;logs/aqualoc_archaeo_vins/external_hybrid_superpoint_lightglue_every2_may24_a02_4000_4300_initrescue_sp_lg/ape.txt:13;logs/aqualoc_archaeo_vins/external_hybrid_superpoint_lightglue_every2_may24_a02_4000_4300_initrescue_sp_lg/ape.txt:14;logs/aqualoc_archaeo_vins/external_hybrid_superpoint_lightglue_every2_may24_a02_4000_4300_initrescue_sp_lg/ape.txt:15;logs/aqualoc_archaeo_vins/external_hybrid_superpoint_lightglue_every2_may24_a02_4000_4300_initrescue_sp_lg/ape.txt:16;...(+646),Prior artifact or parameter/search reference found before P02 freeze; exclude exact window from confirmatory denominator.
aqualoc_archaeology,A02,4038,4300,frame,4,true,true,false,DEVELOPMENT_ONLY,logs/aqualoc_archaeo_vins/external_hybrid_xfeat_every2_existing_jul05_a02_shift4038_4300_relaxed1_oldcontract_microburst/replay_manifest.txt:2;logs/aqualoc_archaeo_vins/external_hybrid_xfeat_every2_jul05_a02_shift4038_4300_relaxed1_drop_source20/replay_manifest.txt:2;logs/aqualoc_archaeo_vins/external_hybrid_xfeat_every2_jul05_a02_shift4038_4300_relaxed1_drop_source20/replay_manifest.txt:3;logs/aqualoc_archaeo_vins/external_klt_every2_existing_jul05_a02_shift4038_4300_klt_safe_fallback/replay_manifest.txt:2,Prior artifact or parameter/search reference found before P02 freeze; exclude exact window from confirmatory denominator.
aqualoc_archaeology,A02,4040,4160,frame,1,true,false,true,DEVELOPMENT_ONLY,logs/agent_loftr_trigger_search_20260514/aqualoc_archaeo2_4040_4160_loftr_extreme_only.csv,Prior artifact or parameter/search reference found before P02 freeze; exclude exact window from confirmatory denominator.
aqualoc_archaeology,A02,4080,4160,frame,54,true,true,true,DEVELOPMENT_ONLY,logs/aqualoc_archaeo_vins/external_hybrid_superpoint_lightglue_every2_may26_probe_a02_4080_4160_loftr/aqualoc_archaeo02_pinhole.yaml;logs/aqualoc_archaeo_vins/external_hybrid_superpoint_lightglue_every2_may26_probe_a02_4080_4160_loftr/features.bag;logs/aqualoc_archaeo_vins/external_hybrid_superpoint_lightglue_every2_may26_probe_a02_4080_4160_loftr/frontend_metrics.csv;logs/aqualoc_archaeo_vins/external_hybrid_superpoint_lightglue_every2_may26_probe_a02_4080_4160_noloftr/aqualoc_archaeo02_pinhole.yaml;logs/aqualoc_archaeo_vins/external_hybrid_superpoint_lightglue_every2_may26_probe_a02_4080_4160_noloftr/features.bag;logs/aqualoc_archaeo_vins/external_hybrid_superpoint_lightglue_every2_may26_probe_a02_4080_4160_noloftr/frontend_metrics.csv;logs/aqualoc_archaeo_vins/external_hybrid_xfeat_every2_jun26_noncirs_seedchain_a02_4080_4160_probe/ape.txt;logs/aqualoc_archaeo_vins/external_hybrid_xfeat_every2_jun26_noncirs_seedchain_a02_4080_4160_probe/aqualoc_archaeo02_pinhole.yaml;logs/aqualoc_archaeo_vins/external_hybrid_xfeat_every2_jun26_noncirs_seedchain_a02_4080_4160_probe/features.bag;logs/aqualoc_archaeo_vins/external_hybrid_xfeat_every2_jun26_noncirs_seedchain_a02_4080_4160_probe/frontend_metrics.csv;logs/aqualoc_archaeo_vins/external_hybrid_xfeat_every2_jun26_noncirs_seedchain_a02_4080_4160_probe/roscore.log;logs/aqualoc_archaeo_vins/external_hybrid_xfeat_every2_jun26_noncirs_seedchain_a02_4080_4160_probe/vins.log;...(+42),Prior artifact or parameter/search reference found before P02 freeze; exclude exact window from confirmatory denominator.
aqualoc_archaeology,A02,4080,4360,frame,74,true,true,true,DEVELOPMENT_ONLY,logs/aqualoc_archaeo_vins/external_hybrid_xfeat_every2_jul07_nonoverlap_scan_a2_4080_4360_probe_oldcontract_densecap/aqualoc_archaeo02_pinhole.yaml;logs/aqualoc_archaeo_vins/external_hybrid_xfeat_every2_jul07_nonoverlap_scan_a2_4080_4360_probe_oldcontract_densecap/features.bag;logs/aqualoc_archaeo_vins/external_hybrid_xfeat_every2_jul07_nonoverlap_scan_a2_4080_4360_probe_oldcontract_densecap/frontend_metrics.csv;logs/aqualoc_archaeo_vins/external_klt_every2_jul07_nonoverlap_scan_a2_4080_4360_klt_safe_fallback/aqualoc_archaeo02_pinhole.yaml;logs/aqualoc_archaeo_vins/external_klt_every2_jul07_nonoverlap_scan_a2_4080_4360_klt_safe_fallback/arbitration_summary.txt;logs/aqualoc_archaeo_vins/external_klt_every2_jul07_nonoverlap_scan_a2_4080_4360_klt_safe_fallback/arbitration_summary.txt:1;logs/aqualoc_archaeo_vins/external_klt_every2_jul07_nonoverlap_scan_a2_4080_4360_klt_safe_fallback/arbitration_summary.txt:10;logs/aqualoc_archaeo_vins/external_klt_every2_jul07_nonoverlap_scan_a2_4080_4360_klt_safe_fallback/arbitration_summary.txt:11;logs/aqualoc_archaeo_vins/external_klt_every2_jul07_nonoverlap_scan_a2_4080_4360_klt_safe_fallback/arbitration_summary.txt:12;logs/aqualoc_archaeo_vins/external_klt_every2_jul07_nonoverlap_scan_a2_4080_4360_klt_safe_fallback/arbitration_summary.txt:13;logs/aqualoc_archaeo_vins/external_klt_every2_jul07_nonoverlap_scan_a2_4080_4360_klt_safe_fallback/arbitration_summary.txt:14;logs/aqualoc_archaeo_vins/external_klt_every2_jul07_nonoverlap_scan_a2_4080_4360_klt_safe_fallback/arbitration_summary.txt:15;...(+62),Prior artifact or parameter/search reference found before P02 freeze; exclude exact window from confirmatory denominator.
aqualoc_archaeology,A02,5600,6000,frame,25,true,true,true,DEVELOPMENT_ONLY,logs/aqualoc_archaeo_vins/external_hybrid_xfeat_every2_jul15screen5_a02_5600_6000_probe/aqualoc_archaeo02_pinhole.yaml;logs/aqualoc_archaeo_vins/external_hybrid_xfeat_every2_jul15screen5_a02_5600_6000_probe/features.bag;logs/aqualoc_archaeo_vins/external_hybrid_xfeat_every2_jul15screen5_a02_5600_6000_probe/frontend_metrics.csv;papers/frozen_frontend_exploration_20260715/run_evidence_jul15_late_and_jul16.csv:18;papers/frozen_frontend_exploration_20260715/screening_summary_jul15_late_and_jul16.csv:18;papers/learned_lineage_novelty_dev_20260716/lineage_motion_ratio_screening_20260717.csv:2;papers/learned_lineage_novelty_dev_20260716/lineage_motion_ratio_screening_20260717.csv:3;papers/learned_lineage_novelty_dev_20260716/lineage_motion_ratio_screening_20260717.csv:4;papers/learned_lineage_novelty_dev_20260716/lineage_motion_ratio_screening_20260717.csv:5;papers/learned_lineage_novelty_dev_20260716/lineage_novelty_screening.csv:104;papers/learned_lineage_novelty_dev_20260716/lineage_novelty_screening.csv:114;papers/learned_lineage_novelty_dev_20260716/lineage_novelty_screening.csv:120;...(+13),Prior artifact or parameter/search reference found before P02 freeze; exclude exact window from confirmatory denominator.
aqualoc_archaeology,A02,7600,8000,frame,1570,true,true,true,DEVELOPMENT_ONLY,logs/aqualoc_archaeo_vins/external_hybrid_xfeat_every2_jul12_morepos_a02_7600_8000_visible5/aqualoc_archaeo02_pinhole.yaml;logs/aqualoc_archaeo_vins/external_hybrid_xfeat_every2_jul12_morepos_a02_7600_8000_visible5/features.bag;logs/aqualoc_archaeo_vins/external_hybrid_xfeat_every2_jul12_morepos_a02_7600_8000_visible5/frontend_metrics.csv;logs/aqualoc_archaeo_vins/external_hybrid_xfeat_every2_jul12_morepos_a02_7600_8000_visible5_drop_whole_lineage_vins/ape.txt;logs/aqualoc_archaeo_vins/external_hybrid_xfeat_every2_jul12_morepos_a02_7600_8000_visible5_drop_whole_lineage_vins/ape.txt:1;logs/aqualoc_archaeo_vins/external_hybrid_xfeat_every2_jul12_morepos_a02_7600_8000_visible5_drop_whole_lineage_vins/ape.txt:10;logs/aqualoc_archaeo_vins/external_hybrid_xfeat_every2_jul12_morepos_a02_7600_8000_visible5_drop_whole_lineage_vins/ape.txt:11;logs/aqualoc_archaeo_vins/external_hybrid_xfeat_every2_jul12_morepos_a02_7600_8000_visible5_drop_whole_lineage_vins/ape.txt:12;logs/aqualoc_archaeo_vins/external_hybrid_xfeat_every2_jul12_morepos_a02_7600_8000_visible5_drop_whole_lineage_vins/ape.txt:13;logs/aqualoc_archaeo_vins/external_hybrid_xfeat_every2_jul12_morepos_a02_7600_8000_visible5_drop_whole_lineage_vins/ape.txt:14;logs/aqualoc_archaeo_vins/external_hybrid_xfeat_every2_jul12_morepos_a02_7600_8000_visible5_drop_whole_lineage_vins/ape.txt:15;logs/aqualoc_archaeo_vins/external_hybrid_xfeat_every2_jul12_morepos_a02_7600_8000_visible5_drop_whole_lineage_vins/ape.txt:16;...(+1558),Prior artifact or parameter/search reference found before P02 freeze; exclude exact window from confirmatory denominator.
aqualoc_archaeology,A02,8000,8400,frame,15,true,true,true,DEVELOPMENT_ONLY,logs/aqualoc_archaeo_vins/external_hybrid_xfeat_every2_jul15screen5_a02_8000_8400_probe/aqualoc_archaeo02_pinhole.yaml;logs/aqualoc_archaeo_vins/external_hybrid_xfeat_every2_jul15screen5_a02_8000_8400_probe/features.bag;logs/aqualoc_archaeo_vins/external_hybrid_xfeat_every2_jul15screen5_a02_8000_8400_probe/frontend_metrics.csv;papers/frozen_frontend_exploration_20260715/run_evidence_jul15_late_and_jul16.csv:19;papers/frozen_frontend_exploration_20260715/screening_summary_jul15_late_and_jul16.csv:19;papers/learned_lineage_novelty_dev_20260716/lineage_motion_ratio_screening_20260717.csv:6;papers/learned_lineage_novelty_dev_20260716/lineage_motion_ratio_screening_20260717.csv:7;papers/learned_lineage_novelty_dev_20260716/lineage_motion_ratio_screening_20260717.csv:8;papers/learned_lineage_novelty_dev_20260716/lineage_novelty_screening.csv:101;papers/learned_lineage_novelty_dev_20260716/lineage_novelty_screening.csv:144;papers/learned_lineage_novelty_dev_20260716/lineage_novelty_screening.csv:202;papers/learned_lineage_novelty_dev_20260716/lineage_novelty_screening.csv:21;...(+3),Prior artifact or parameter/search reference found before P02 freeze; exclude exact window from confirmatory denominator.
aqualoc_archaeology,A02,8600,9000,frame,1343,true,true,true,DEVELOPMENT_ONLY,logs/aqualoc_archaeo_vins/external_hybrid_xfeat_every2_existing_jul14_a02_8600_9000_visible5_keep_long6_diag/ape.txt;logs/aqualoc_archaeo_vins/external_hybrid_xfeat_every2_existing_jul14_a02_8600_9000_visible5_keep_long6_diag/ape.txt:1;logs/aqualoc_archaeo_vins/external_hybrid_xfeat_every2_existing_jul14_a02_8600_9000_visible5_keep_long6_diag/ape.txt:10;logs/aqualoc_archaeo_vins/external_hybrid_xfeat_every2_existing_jul14_a02_8600_9000_visible5_keep_long6_diag/ape.txt:11;logs/aqualoc_archaeo_vins/external_hybrid_xfeat_every2_existing_jul14_a02_8600_9000_visible5_keep_long6_diag/ape.txt:12;logs/aqualoc_archaeo_vins/external_hybrid_xfeat_every2_existing_jul14_a02_8600_9000_visible5_keep_long6_diag/ape.txt:13;logs/aqualoc_archaeo_vins/external_hybrid_xfeat_every2_existing_jul14_a02_8600_9000_visible5_keep_long6_diag/ape.txt:14;logs/aqualoc_archaeo_vins/external_hybrid_xfeat_every2_existing_jul14_a02_8600_9000_visible5_keep_long6_diag/ape.txt:15;logs/aqualoc_archaeo_vins/external_hybrid_xfeat_every2_existing_jul14_a02_8600_9000_visible5_keep_long6_diag/ape.txt:16;logs/aqualoc_archaeo_vins/external_hybrid_xfeat_every2_existing_jul14_a02_8600_9000_visible5_keep_long6_diag/ape.txt:17;logs/aqualoc_archaeo_vins/external_hybrid_xfeat_every2_existing_jul14_a02_8600_9000_visible5_keep_long6_diag/ape.txt:18;logs/aqualoc_archaeo_vins/external_hybrid_xfeat_every2_existing_jul14_a02_8600_9000_visible5_keep_long6_diag/ape.txt:19;...(+1331),Prior artifact or parameter/search reference found before P02 freeze; exclude exact window from confirmatory denominator.
aqualoc_archaeology,A03,2000,2400,frame,10,true,true,true,DEVELOPMENT_ONLY,logs/aqualoc_archaeo_vins/external_hybrid_xfeat_every2_jul16screen9_a03_2000_2400_probe/aqualoc_archaeo03_pinhole.yaml;logs/aqualoc_archaeo_vins/external_hybrid_xfeat_every2_jul16screen9_a03_2000_2400_probe/features.bag;logs/aqualoc_archaeo_vins/external_hybrid_xfeat_every2_jul16screen9_a03_2000_2400_probe/frontend_metrics.csv;papers/frozen_frontend_exploration_20260715/run_evidence_jul15_late_and_jul16.csv:67;papers/frozen_frontend_exploration_20260715/screening_summary_jul15_late_and_jul16.csv:67;papers/learned_lineage_novelty_dev_20260716/lineage_motion_ratio_screening_20260717.csv:37;papers/learned_lineage_novelty_dev_20260716/lineage_novelty_screening.csv:10;papers/learned_lineage_novelty_dev_20260716/lineage_novelty_screening.csv:112;papers/learned_lineage_novelty_dev_20260716/lineage_novelty_screening.csv:118;papers/learned_lineage_novelty_dev_20260716/lineage_novelty_screening.csv:254,Prior artifact or parameter/search reference found before P02 freeze; exclude exact window from confirmatory denominator.
aqualoc_archaeology,A03,2400,2800,frame,16,true,true,true,DEVELOPMENT_ONLY,logs/aqualoc_archaeo_vins/external_hybrid_xfeat_every2_jul16screen9_a03_2400_2800_probe/aqualoc_archaeo03_pinhole.yaml;logs/aqualoc_archaeo_vins/external_hybrid_xfeat_every2_jul16screen9_a03_2400_2800_probe/features.bag;logs/aqualoc_archaeo_vins/external_hybrid_xfeat_every2_jul16screen9_a03_2400_2800_probe/frontend_metrics.csv;papers/frozen_frontend_exploration_20260715/run_evidence_jul15_late_and_jul16.csv:68;papers/frozen_frontend_exploration_20260715/screening_summary_jul15_late_and_jul16.csv:68;papers/learned_lineage_novelty_dev_20260716/lineage_motion_ratio_screening_20260717.csv:38;papers/learned_lineage_novelty_dev_20260716/lineage_novelty_screening.csv:18;papers/learned_lineage_novelty_dev_20260716/lineage_novelty_screening.csv:182;papers/learned_lineage_novelty_dev_20260716/lineage_novelty_screening.csv:249;papers/learned_lineage_novelty_dev_20260716/lineage_novelty_screening.csv:50;papers/learned_lineage_novelty_dev_20260716/lineage_novelty_screening.csv:51;papers/learned_lineage_novelty_dev_20260716/lineage_novelty_screening.csv:55;...(+4),Prior artifact or parameter/search reference found before P02 freeze; exclude exact window from confirmatory denominator.
aqualoc_archaeology,A03,2800,3200,frame,9,true,true,true,DEVELOPMENT_ONLY,logs/aqualoc_archaeo_vins/external_hybrid_xfeat_every2_jul15screen_a03_2800_3200_probe/aqualoc_archaeo03_pinhole.yaml;logs/aqualoc_archaeo_vins/external_hybrid_xfeat_every2_jul15screen_a03_2800_3200_probe/features.bag;logs/aqualoc_archaeo_vins/external_hybrid_xfeat_every2_jul15screen_a03_2800_3200_probe/frontend_metrics.csv;papers/frozen_frontend_exploration_20260715/run_evidence.csv:5;papers/frozen_frontend_exploration_20260715/run_evidence_jul15_late_and_jul16.csv:33;papers/frozen_frontend_exploration_20260715/screening_summary.csv:5;papers/frozen_frontend_exploration_20260715/screening_summary_jul15_late_and_jul16.csv:33;papers/learned_lineage_novelty_dev_20260716/lineage_novelty_screening.csv:196;papers/learned_lineage_novelty_dev_20260716/lineage_novelty_screening.csv:79,Prior artifact or parameter/search reference found before P02 freeze; exclude exact window from confirmatory denominator.
aqualoc_archaeology,A03,3200,3600,frame,125,true,true,true,DEVELOPMENT_ONLY,logs/aqualoc_archaeo_vins/external_hybrid_xfeat_every2_jul12_morepos_a03_3200_3600_visible5/aqualoc_archaeo03_pinhole.yaml;logs/aqualoc_archaeo_vins/external_hybrid_xfeat_every2_jul12_morepos_a03_3200_3600_visible5/features.bag;logs/aqualoc_archaeo_vins/external_hybrid_xfeat_every2_jul12_morepos_a03_3200_3600_visible5/frontend_metrics.csv;logs/aqualoc_archaeo_vins/external_hybrid_xfeat_every2_jul15screen_a03_3200_3600_probe/aqualoc_archaeo03_pinhole.yaml;logs/aqualoc_archaeo_vins/external_hybrid_xfeat_every2_jul15screen_a03_3200_3600_probe/features.bag;logs/aqualoc_archaeo_vins/external_hybrid_xfeat_every2_jul15screen_a03_3200_3600_probe/frontend_metrics.csv;logs/aqualoc_archaeo_vins/jul12_a03_3200_3600_visible5_drop_whole_lineage.bag;logs/aqualoc_archaeo_vins/jul12_a03_3200_3600_visible5_drop_whole_lineage.csv;logs/existing_featurebag_vins/jul12_a03_3200_3600_visible5_drop/ape.txt;logs/existing_featurebag_vins/jul12_a03_3200_3600_visible5_drop/ape.txt:1;logs/existing_featurebag_vins/jul12_a03_3200_3600_visible5_drop/ape.txt:10;logs/existing_featurebag_vins/jul12_a03_3200_3600_visible5_drop/ape.txt:11;...(+113),Prior artifact or parameter/search reference found before P02 freeze; exclude exact window from confirmatory denominator.
aqualoc_archaeology,A03,3600,4000,frame,8,true,true,true,DEVELOPMENT_ONLY,logs/aqualoc_archaeo_vins/external_hybrid_xfeat_every2_jul15screen2_a03_3600_4000_probe/aqualoc_archaeo03_pinhole.yaml;logs/aqualoc_archaeo_vins/external_hybrid_xfeat_every2_jul15screen2_a03_3600_4000_probe/features.bag;logs/aqualoc_archaeo_vins/external_hybrid_xfeat_every2_jul15screen2_a03_3600_4000_probe/frontend_metrics.csv;papers/frozen_frontend_exploration_20260715/run_evidence.csv:50;papers/frozen_frontend_exploration_20260715/run_evidence_jul15_late_and_jul16.csv:3;papers/frozen_frontend_exploration_20260715/screening_summary.csv:50;papers/frozen_frontend_exploration_20260715/screening_summary_jul15_late_and_jul16.csv:3;papers/learned_lineage_novelty_dev_20260716/lineage_novelty_screening.csv:233,Prior artifact or parameter/search reference found before P02 freeze; exclude exact window from confirmatory denominator.
aqualoc_archaeology,A03,4000,4400,frame,1153,true,true,true,DEVELOPMENT_ONLY,logs/aqualoc_archaeo_vins/external_hybrid_xfeat_every2_jul16dev_novelty_a03_4000_4400_full/ape.txt;logs/aqualoc_archaeo_vins/external_hybrid_xfeat_every2_jul16dev_novelty_a03_4000_4400_full/ape.txt:1;logs/aqualoc_archaeo_vins/external_hybrid_xfeat_every2_jul16dev_novelty_a03_4000_4400_full/ape.txt:10;logs/aqualoc_archaeo_vins/external_hybrid_xfeat_every2_jul16dev_novelty_a03_4000_4400_full/ape.txt:11;logs/aqualoc_archaeo_vins/external_hybrid_xfeat_every2_jul16dev_novelty_a03_4000_4400_full/ape.txt:12;logs/aqualoc_archaeo_vins/external_hybrid_xfeat_every2_jul16dev_novelty_a03_4000_4400_full/ape.txt:13;logs/aqualoc_archaeo_vins/external_hybrid_xfeat_every2_jul16dev_novelty_a03_4000_4400_full/ape.txt:14;logs/aqualoc_archaeo_vins/external_hybrid_xfeat_every2_jul16dev_novelty_a03_4000_4400_full/ape.txt:15;logs/aqualoc_archaeo_vins/external_hybrid_xfeat_every2_jul16dev_novelty_a03_4000_4400_full/ape.txt:16;logs/aqualoc_archaeo_vins/external_hybrid_xfeat_every2_jul16dev_novelty_a03_4000_4400_full/ape.txt:17;logs/aqualoc_archaeo_vins/external_hybrid_xfeat_every2_jul16dev_novelty_a03_4000_4400_full/ape.txt:18;logs/aqualoc_archaeo_vins/external_hybrid_xfeat_every2_jul16dev_novelty_a03_4000_4400_full/ape.txt:19;...(+1141),Prior artifact or parameter/search reference found before P02 freeze; exclude exact window from confirmatory denominator.
aqualoc_archaeology,A03,5000,5400,frame,375,true,true,true,DEVELOPMENT_ONLY,logs/aqualoc_archaeo_vins/external_hybrid_xfeat_every2_jul12_morepos_a03_5000_5400_visible5/aqualoc_archaeo03_pinhole.yaml;logs/aqualoc_archaeo_vins/external_hybrid_xfeat_every2_jul12_morepos_a03_5000_5400_visible5/features.bag;logs/aqualoc_archaeo_vins/external_hybrid_xfeat_every2_jul12_morepos_a03_5000_5400_visible5/frontend_metrics.csv;logs/aqualoc_archaeo_vins/external_hybrid_xfeat_every2_jul12_morepos_a03_5000_5400_visible5_drop_whole_lineage_vins/ape.txt;logs/aqualoc_archaeo_vins/external_hybrid_xfeat_every2_jul12_morepos_a03_5000_5400_visible5_drop_whole_lineage_vins/ape.txt:1;logs/aqualoc_archaeo_vins/external_hybrid_xfeat_every2_jul12_morepos_a03_5000_5400_visible5_drop_whole_lineage_vins/ape.txt:10;logs/aqualoc_archaeo_vins/external_hybrid_xfeat_every2_jul12_morepos_a03_5000_5400_visible5_drop_whole_lineage_vins/ape.txt:11;logs/aqualoc_archaeo_vins/external_hybrid_xfeat_every2_jul12_morepos_a03_5000_5400_visible5_drop_whole_lineage_vins/ape.txt:12;logs/aqualoc_archaeo_vins/external_hybrid_xfeat_every2_jul12_morepos_a03_5000_5400_visible5_drop_whole_lineage_vins/ape.txt:13;logs/aqualoc_archaeo_vins/external_hybrid_xfeat_every2_jul12_morepos_a03_5000_5400_visible5_drop_whole_lineage_vins/ape.txt:14;logs/aqualoc_archaeo_vins/external_hybrid_xfeat_every2_jul12_morepos_a03_5000_5400_visible5_drop_whole_lineage_vins/ape.txt:15;logs/aqualoc_archaeo_vins/external_hybrid_xfeat_every2_jul12_morepos_a03_5000_5400_visible5_drop_whole_lineage_vins/ape.txt:16;...(+363),Prior artifact or parameter/search reference found before P02 freeze; exclude exact window from confirmatory denominator.
aqualoc_archaeology,A03,5120,5240,frame,1,true,false,true,DEVELOPMENT_ONLY,logs/agent_loftr_trigger_search_20260514/aqualoc_archaeo3_5120_5240_loftr_extreme_only.csv,Prior artifact or parameter/search reference found before P02 freeze; exclude exact window from confirmatory denominator.
aqualoc_archaeology,A03,5200,5600,frame,7,true,true,true,DEVELOPMENT_ONLY,logs/aqualoc_archaeo_vins/external_hybrid_xfeat_every2_jul15screen2_a03_5200_5600_probe/aqualoc_archaeo03_pinhole.yaml;logs/aqualoc_archaeo_vins/external_hybrid_xfeat_every2_jul15screen2_a03_5200_5600_probe/features.bag;logs/aqualoc_archaeo_vins/external_hybrid_xfeat_every2_jul15screen2_a03_5200_5600_probe/frontend_metrics.csv;papers/frozen_frontend_exploration_20260715/run_evidence.csv:51;papers/frozen_frontend_exploration_20260715/run_evidence_jul15_late_and_jul16.csv:4;papers/frozen_frontend_exploration_20260715/screening_summary.csv:51;papers/frozen_frontend_exploration_20260715/screening_summary_jul15_late_and_jul16.csv:4,Prior artifact or parameter/search reference found before P02 freeze; exclude exact window from confirmatory denominator.
aqualoc_archaeology,A03,5600,6000,frame,123,true,true,true,DEVELOPMENT_ONLY,logs/aqualoc_archaeo_vins/external_hybrid_xfeat_every2_jul12_morepos_a03_5600_6000_visible5/aqualoc_archaeo03_pinhole.yaml;logs/aqualoc_archaeo_vins/external_hybrid_xfeat_every2_jul12_morepos_a03_5600_6000_visible5/features.bag;logs/aqualoc_archaeo_vins/external_hybrid_xfeat_every2_jul12_morepos_a03_5600_6000_visible5/frontend_metrics.csv;logs/aqualoc_archaeo_vins/external_hybrid_xfeat_every2_jul15screen_a03_5600_6000_probe/aqualoc_archaeo03_pinhole.yaml;logs/aqualoc_archaeo_vins/external_hybrid_xfeat_every2_jul15screen_a03_5600_6000_probe/features.bag;logs/aqualoc_archaeo_vins/external_hybrid_xfeat_every2_jul15screen_a03_5600_6000_probe/frontend_metrics.csv;logs/aqualoc_archaeo_vins/jul12_a03_5600_6000_visible5_drop_whole_lineage.bag;logs/aqualoc_archaeo_vins/jul12_a03_5600_6000_visible5_drop_whole_lineage.csv;logs/existing_featurebag_vins/jul12_a03_5600_6000_visible5_drop/ape.txt;logs/existing_featurebag_vins/jul12_a03_5600_6000_visible5_drop/ape.txt:1;logs/existing_featurebag_vins/jul12_a03_5600_6000_visible5_drop/ape.txt:10;logs/existing_featurebag_vins/jul12_a03_5600_6000_visible5_drop/ape.txt:11;...(+111),Prior artifact or parameter/search reference found before P02 freeze; exclude exact window from confirmatory denominator.
aqualoc_archaeology,A03,6000,6400,frame,10,true,true,true,DEVELOPMENT_ONLY,logs/aqualoc_archaeo_vins/external_hybrid_xfeat_every2_jul16screen9_a03_6000_6400_probe/aqualoc_archaeo03_pinhole.yaml;logs/aqualoc_archaeo_vins/external_hybrid_xfeat_every2_jul16screen9_a03_6000_6400_probe/features.bag;logs/aqualoc_archaeo_vins/external_hybrid_xfeat_every2_jul16screen9_a03_6000_6400_probe/frontend_metrics.csv;papers/frozen_frontend_exploration_20260715/run_evidence_jul15_late_and_jul16.csv:70;papers/frozen_frontend_exploration_20260715/screening_summary_jul15_late_and_jul16.csv:70;papers/learned_lineage_novelty_dev_20260716/lineage_motion_ratio_screening_20260717.csv:40;papers/learned_lineage_novelty_dev_20260716/lineage_motion_ratio_screening_20260717.csv:41;papers/learned_lineage_novelty_dev_20260716/lineage_novelty_screening.csv:20;papers/learned_lineage_novelty_dev_20260716/lineage_novelty_screening.csv:5;papers/learned_lineage_novelty_dev_20260716/lineage_novelty_screening.csv:56,Prior artifact or parameter/search reference found before P02 freeze; exclude exact window from confirmatory denominator.
aqualoc_archaeology,A03,6160,6240,frame,1,false,false,true,DEVELOPMENT_ONLY,logs/low_texture_window_search_20260522_probe/aqualoc_a03_6160_6240_klt.csv,Prior artifact or parameter/search reference found before P02 freeze; exclude exact window from confirmatory denominator.
aqualoc_archaeology,A04,11200,11600,frame,6,true,true,true,DEVELOPMENT_ONLY,logs/aqualoc_archaeo_vins/external_hybrid_xfeat_every2_jul16screen11_a04_11200_11600_probe/aqualoc_archaeo04_pinhole.yaml;logs/aqualoc_archaeo_vins/external_hybrid_xfeat_every2_jul16screen11_a04_11200_11600_probe/features.bag;logs/aqualoc_archaeo_vins/external_hybrid_xfeat_every2_jul16screen11_a04_11200_11600_probe/frontend_metrics.csv;papers/frozen_frontend_exploration_20260715/run_evidence_jul15_late_and_jul16.csv:45;papers/frozen_frontend_exploration_20260715/screening_summary_jul15_late_and_jul16.csv:45;papers/learned_lineage_novelty_dev_20260716/lineage_novelty_screening.csv:57,Prior artifact or parameter/search reference found before P02 freeze; exclude exact window from confirmatory denominator.
aqualoc_archaeology,A04,11540,11740,frame,1,true,false,true,DEVELOPMENT_ONLY,logs/low_texture_window_search_20260522_continued/a04_export_scan/A04_11540_11740_formal_positive_loftr.csv,Prior artifact or parameter/search reference found before P02 freeze; exclude exact window from confirmatory denominator.
aqualoc_archaeology,A04,11600,12000,frame,161,true,true,true,DEVELOPMENT_ONLY,logs/aqualoc_archaeo_vins/external_hybrid_superpoint_lightglue_every2_may22_cont_a04_11600_12000_sparse_loftr_vins/ape.txt;logs/aqualoc_archaeo_vins/external_hybrid_superpoint_lightglue_every2_may22_cont_a04_11600_12000_sparse_loftr_vins/aqualoc_archaeo04_pinhole.yaml;logs/aqualoc_archaeo_vins/external_hybrid_superpoint_lightglue_every2_may22_cont_a04_11600_12000_sparse_loftr_vins/features.bag;logs/aqualoc_archaeo_vins/external_hybrid_superpoint_lightglue_every2_may22_cont_a04_11600_12000_sparse_loftr_vins/frontend_metrics.csv;logs/aqualoc_archaeo_vins/external_hybrid_superpoint_lightglue_every2_may22_cont_a04_11600_12000_sparse_loftr_vins/roscore.log;logs/aqualoc_archaeo_vins/external_hybrid_superpoint_lightglue_every2_may22_cont_a04_11600_12000_sparse_loftr_vins/vins.log;logs/aqualoc_archaeo_vins/external_hybrid_superpoint_lightglue_every2_may22_cont_a04_11600_12000_sparse_loftr_vins/vins_aqualoc_archaeo_external.yaml;logs/aqualoc_archaeo_vins/external_hybrid_superpoint_lightglue_every2_may22_cont_a04_11600_12000_sparse_loftr_vins/vins_env_manifest.txt;logs/aqualoc_archaeo_vins/external_hybrid_superpoint_lightglue_every2_may22_cont_a04_11600_12000_sparse_loftr_vins/vins_env_manifest.txt:1;logs/aqualoc_archaeo_vins/external_hybrid_superpoint_lightglue_every2_may22_cont_a04_11600_12000_sparse_loftr_vins/vins_env_manifest.txt:10;logs/aqualoc_archaeo_vins/external_hybrid_superpoint_lightglue_every2_may22_cont_a04_11600_12000_sparse_loftr_vins/vins_env_manifest.txt:11;logs/aqualoc_archaeo_vins/external_hybrid_superpoint_lightglue_every2_may22_cont_a04_11600_12000_sparse_loftr_vins/vins_env_manifest.txt:12;...(+149),Prior artifact or parameter/search reference found before P02 freeze; exclude exact window from confirmatory denominator.
aqualoc_archaeology,A04,11600,12380,frame,1,false,false,true,DEVELOPMENT_ONLY,logs/low_texture_window_search_20260522_continued/new_frontend_scan/A04_11600_12380_klt_adaptive.csv,Prior artifact or parameter/search reference found before P02 freeze; exclude exact window from confirmatory denominator.
aqualoc_archaeology,A04,11600,12420,frame,3,false,false,false,DEVELOPMENT_ONLY,logs/may25_quality_scan/a04_11600_12420_every5.csv;logs/may26_quality_a04_11600_12420.csv;logs/may26_windows_a04_11600_12420.csv,Prior artifact or parameter/search reference found before P02 freeze; exclude exact window from confirmatory denominator.
aqualoc_archaeology,A04,11800,12000,frame,617,true,true,true,DEVELOPMENT_ONLY,logs/agent_seven_point_summary.md:369;logs/agent_seven_point_summary.md:384;logs/aqualoc_archaeo_vins/external_hybrid_superpoint_lightglue_every2_may25_scan_a04_11800_12000_v31_loftr/aqualoc_archaeo04_pinhole.yaml;logs/aqualoc_archaeo_vins/external_hybrid_superpoint_lightglue_every2_may25_scan_a04_11800_12000_v31_loftr/features.bag;logs/aqualoc_archaeo_vins/external_hybrid_superpoint_lightglue_every2_may25_scan_a04_11800_12000_v31_loftr/frontend_metrics.csv;logs/aqualoc_archaeo_vins/external_hybrid_superpoint_lightglue_every2_may25_scan_a04_11800_12000_v31_noloftr/aqualoc_archaeo04_pinhole.yaml;logs/aqualoc_archaeo_vins/external_hybrid_superpoint_lightglue_every2_may25_scan_a04_11800_12000_v31_noloftr/features.bag;logs/aqualoc_archaeo_vins/external_hybrid_superpoint_lightglue_every2_may25_scan_a04_11800_12000_v31_noloftr/frontend_metrics.csv;logs/aqualoc_archaeo_vins/external_hybrid_superpoint_lightglue_every2_may26_probe_a04_11800_12000_loftr/aqualoc_archaeo04_pinhole.yaml;logs/aqualoc_archaeo_vins/external_hybrid_superpoint_lightglue_every2_may26_probe_a04_11800_12000_loftr/features.bag;logs/aqualoc_archaeo_vins/external_hybrid_superpoint_lightglue_every2_may26_probe_a04_11800_12000_loftr/frontend_metrics.csv;logs/aqualoc_archaeo_vins/external_hybrid_superpoint_lightglue_every2_may26_probe_a04_11800_12000_noloftr/aqualoc_archaeo04_pinhole.yaml;...(+605),Prior artifact or parameter/search reference found before P02 freeze; exclude exact window from confirmatory denominator.
aqualoc_archaeology,A04,11800,12420,frame,130,true,true,true,DEVELOPMENT_ONLY,logs/aqualoc_archaeo_vins/external_hybrid_superpoint_lightglue_every2_may22_cont_a04_11800_12420_lowparallax_allow_export_probe/aqualoc_archaeo04_pinhole.yaml;logs/aqualoc_archaeo_vins/external_hybrid_superpoint_lightglue_every2_may22_cont_a04_11800_12420_lowparallax_allow_export_probe/features.bag;logs/aqualoc_archaeo_vins/external_hybrid_superpoint_lightglue_every2_may22_cont_a04_11800_12420_lowparallax_allow_export_probe/frontend_metrics.csv;logs/aqualoc_archaeo_vins/external_hybrid_superpoint_lightglue_every2_may22_cont_a04_11800_12420_noloftr_control_export/aqualoc_archaeo04_pinhole.yaml;logs/aqualoc_archaeo_vins/external_hybrid_superpoint_lightglue_every2_may22_cont_a04_11800_12420_noloftr_control_export/features.bag;logs/aqualoc_archaeo_vins/external_hybrid_superpoint_lightglue_every2_may22_cont_a04_11800_12420_noloftr_control_export/frontend_metrics.csv;logs/aqualoc_archaeo_vins/external_hybrid_superpoint_lightglue_every2_may24_resume_a04_11800_12420_probe_loftr/aqualoc_archaeo04_pinhole.yaml;logs/aqualoc_archaeo_vins/external_hybrid_superpoint_lightglue_every2_may24_resume_a04_11800_12420_probe_loftr/features.bag;logs/aqualoc_archaeo_vins/external_hybrid_superpoint_lightglue_every2_may24_resume_a04_11800_12420_probe_loftr/frontend_metrics.csv;logs/aqualoc_archaeo_vins/external_hybrid_superpoint_lightglue_every2_may24_resume_a04_11800_12420_probe_noloftr/aqualoc_archaeo04_pinhole.yaml;logs/aqualoc_archaeo_vins/external_hybrid_superpoint_lightglue_every2_may24_resume_a04_11800_12420_probe_noloftr/features.bag;logs/aqualoc_archaeo_vins/external_hybrid_superpoint_lightglue_every2_may24_resume_a04_11800_12420_probe_noloftr/frontend_metrics.csv;...(+118),Prior artifact or parameter/search reference found before P02 freeze; exclude exact window from confirmatory denominator.
aqualoc_archaeology,A04,12000,12420,frame,1,true,false,true,DEVELOPMENT_ONLY,logs/low_texture_window_search_20260522_continued/a04_export_scan/A04_12000_12420_formal_positive_loftr.csv,Prior artifact or parameter/search reference found before P02 freeze; exclude exact window from confirmatory denominator.
aqualoc_archaeology,A04,12140,12340,frame,1,true,false,true,DEVELOPMENT_ONLY,logs/low_texture_window_search_20260522_continued/a04_export_scan/A04_12140_12340_formal_positive_loftr.csv,Prior artifact or parameter/search reference found before P02 freeze; exclude exact window from confirmatory denominator.
aqualoc_archaeology,A04,12140,12420,frame,1,true,false,true,DEVELOPMENT_ONLY,logs/low_texture_window_search_20260522_continued/a04_export_scan/A04_12140_12420_formal_positive_loftr.csv,Prior artifact or parameter/search reference found before P02 freeze; exclude exact window from confirmatory denominator.
aqualoc_archaeology,A04,12220,12300,frame,5,true,false,true,DEVELOPMENT_ONLY,logs/low_texture_window_search_20260522_continued/frontend_matrix/A04_12220_12300_classical_hybrid.csv;logs/low_texture_window_search_20260522_continued/frontend_matrix/A04_12220_12300_full_sp_lg_loftr.csv;logs/low_texture_window_search_20260522_continued/frontend_matrix/A04_12220_12300_klt_adaptive_clahe.csv;logs/low_texture_window_search_20260522_continued/frontend_matrix/A04_12220_12300_sp_lg.csv;logs/low_texture_window_search_20260522_continued/frontend_matrix/A04_12220_12300_xfeat.csv,Prior artifact or parameter/search reference found before P02 freeze; exclude exact window from confirmatory denominator.
aqualoc_archaeology,A04,12220,12420,frame,300,true,true,true,DEVELOPMENT_ONLY,logs/aqualoc_archaeo_vins/external_hybrid_superpoint_lightglue_every2_may22_cont_a04_12220_12420_lowparallax_allow_export_probe/aqualoc_archaeo04_pinhole.yaml;logs/aqualoc_archaeo_vins/external_hybrid_superpoint_lightglue_every2_may22_cont_a04_12220_12420_lowparallax_allow_export_probe/features.bag;logs/aqualoc_archaeo_vins/external_hybrid_superpoint_lightglue_every2_may22_cont_a04_12220_12420_lowparallax_allow_export_probe/frontend_metrics.csv;logs/aqualoc_archaeo_vins/external_hybrid_superpoint_lightglue_every2_may22_cont_a04_12220_12420_noloftr_control_export/aqualoc_archaeo04_pinhole.yaml;logs/aqualoc_archaeo_vins/external_hybrid_superpoint_lightglue_every2_may22_cont_a04_12220_12420_noloftr_control_export/features.bag;logs/aqualoc_archaeo_vins/external_hybrid_superpoint_lightglue_every2_may22_cont_a04_12220_12420_noloftr_control_export/frontend_metrics.csv;logs/aqualoc_archaeo_vins/external_hybrid_superpoint_lightglue_every2_may24_resume_a04_12220_12420_v31_loftr/ape.txt;logs/aqualoc_archaeo_vins/external_hybrid_superpoint_lightglue_every2_may24_resume_a04_12220_12420_v31_loftr/ape.txt:1;logs/aqualoc_archaeo_vins/external_hybrid_superpoint_lightglue_every2_may24_resume_a04_12220_12420_v31_loftr/ape.txt:10;logs/aqualoc_archaeo_vins/external_hybrid_superpoint_lightglue_every2_may24_resume_a04_12220_12420_v31_loftr/ape.txt:11;logs/aqualoc_archaeo_vins/external_hybrid_superpoint_lightglue_every2_may24_resume_a04_12220_12420_v31_loftr/ape.txt:12;logs/aqualoc_archaeo_vins/external_hybrid_superpoint_lightglue_every2_may24_resume_a04_12220_12420_v31_loftr/ape.txt:13;...(+288),Prior artifact or parameter/search reference found before P02 freeze; exclude exact window from confirmatory denominator.
aqualoc_archaeology,A04,3200,3600,frame,8,true,true,true,DEVELOPMENT_ONLY,logs/aqualoc_archaeo_vins/external_hybrid_xfeat_every2_jul16screen11_a04_3200_3600_probe/aqualoc_archaeo04_pinhole.yaml;logs/aqualoc_archaeo_vins/external_hybrid_xfeat_every2_jul16screen11_a04_3200_3600_probe/features.bag;logs/aqualoc_archaeo_vins/external_hybrid_xfeat_every2_jul16screen11_a04_3200_3600_probe/frontend_metrics.csv;papers/frozen_frontend_exploration_20260715/run_evidence_jul15_late_and_jul16.csv:46;papers/frozen_frontend_exploration_20260715/screening_summary_jul15_late_and_jul16.csv:46;papers/learned_lineage_novelty_dev_20260716/lineage_novelty_screening.csv:106;papers/learned_lineage_novelty_dev_20260716/lineage_novelty_screening.csv:236;papers/learned_lineage_novelty_dev_20260716/lineage_novelty_screening.csv:63,Prior artifact or parameter/search reference found before P02 freeze; exclude exact window from confirmatory denominator.
aqualoc_archaeology,A04,3600,3880,frame,4,true,true,true,DEVELOPMENT_ONLY,logs/aqualoc_archaeo_vins/external_hybrid_xfeat_every2_jul10_a04_3600_3880_earlyseed_probe/aqualoc_archaeo04_pinhole.yaml;logs/aqualoc_archaeo_vins/external_hybrid_xfeat_every2_jul10_a04_3600_3880_earlyseed_probe/features.bag;logs/aqualoc_archaeo_vins/external_hybrid_xfeat_every2_jul10_a04_3600_3880_earlyseed_probe/frontend_metrics.csv;正反例窗口整理/已跑窗口与未跑候选整理.md:114,Prior artifact or parameter/search reference found before P02 freeze; exclude exact window from confirmatory denominator.
aqualoc_archaeology,A04,7200,7600,frame,86,true,true,true,DEVELOPMENT_ONLY,logs/aqualoc_archaeo_vins/external_hybrid_xfeat_every2_jul11_unscanned3_a04_7200_7600_probe_oldcontract_densecap/aqualoc_archaeo04_pinhole.yaml;logs/aqualoc_archaeo_vins/external_hybrid_xfeat_every2_jul11_unscanned3_a04_7200_7600_probe_oldcontract_densecap/arbitration_summary.txt;logs/aqualoc_archaeo_vins/external_hybrid_xfeat_every2_jul11_unscanned3_a04_7200_7600_probe_oldcontract_densecap/arbitration_summary.txt:1;logs/aqualoc_archaeo_vins/external_hybrid_xfeat_every2_jul11_unscanned3_a04_7200_7600_probe_oldcontract_densecap/arbitration_summary.txt:10;logs/aqualoc_archaeo_vins/external_hybrid_xfeat_every2_jul11_unscanned3_a04_7200_7600_probe_oldcontract_densecap/arbitration_summary.txt:11;logs/aqualoc_archaeo_vins/external_hybrid_xfeat_every2_jul11_unscanned3_a04_7200_7600_probe_oldcontract_densecap/arbitration_summary.txt:12;logs/aqualoc_archaeo_vins/external_hybrid_xfeat_every2_jul11_unscanned3_a04_7200_7600_probe_oldcontract_densecap/arbitration_summary.txt:13;logs/aqualoc_archaeo_vins/external_hybrid_xfeat_every2_jul11_unscanned3_a04_7200_7600_probe_oldcontract_densecap/arbitration_summary.txt:14;logs/aqualoc_archaeo_vins/external_hybrid_xfeat_every2_jul11_unscanned3_a04_7200_7600_probe_oldcontract_densecap/arbitration_summary.txt:15;logs/aqualoc_archaeo_vins/external_hybrid_xfeat_every2_jul11_unscanned3_a04_7200_7600_probe_oldcontract_densecap/arbitration_summary.txt:16;logs/aqualoc_archaeo_vins/external_hybrid_xfeat_every2_jul11_unscanned3_a04_7200_7600_probe_oldcontract_densecap/arbitration_summary.txt:17;logs/aqualoc_archaeo_vins/external_hybrid_xfeat_every2_jul11_unscanned3_a04_7200_7600_probe_oldcontract_densecap/arbitration_summary.txt:18;...(+74),Prior artifact or parameter/search reference found before P02 freeze; exclude exact window from confirmatory denominator.
aqualoc_archaeology,A04,7600,8000,frame,5,true,true,true,DEVELOPMENT_ONLY,logs/aqualoc_archaeo_vins/external_hybrid_xfeat_every2_jul16screen11_a04_7600_8000_probe/aqualoc_archaeo04_pinhole.yaml;logs/aqualoc_archaeo_vins/external_hybrid_xfeat_every2_jul16screen11_a04_7600_8000_probe/features.bag;logs/aqualoc_archaeo_vins/external_hybrid_xfeat_every2_jul16screen11_a04_7600_8000_probe/frontend_metrics.csv;papers/frozen_frontend_exploration_20260715/run_evidence_jul15_late_and_jul16.csv:47;papers/frozen_frontend_exploration_20260715/screening_summary_jul15_late_and_jul16.csv:47,Prior artifact or parameter/search reference found before P02 freeze; exclude exact window from confirmatory denominator.
aqualoc_archaeology,A04,8000,8400,frame,9,true,true,true,DEVELOPMENT_ONLY,logs/aqualoc_archaeo_vins/external_hybrid_xfeat_every2_jul16screen11_a04_8000_8400_probe/aqualoc_archaeo04_pinhole.yaml;logs/aqualoc_archaeo_vins/external_hybrid_xfeat_every2_jul16screen11_a04_8000_8400_probe/features.bag;logs/aqualoc_archaeo_vins/external_hybrid_xfeat_every2_jul16screen11_a04_8000_8400_probe/frontend_metrics.csv;papers/frozen_frontend_exploration_20260715/run_evidence_jul15_late_and_jul16.csv:48;papers/frozen_frontend_exploration_20260715/screening_summary_jul15_late_and_jul16.csv:48;papers/learned_lineage_novelty_dev_20260716/lineage_motion_ratio_screening_20260717.csv:24;papers/learned_lineage_novelty_dev_20260716/lineage_novelty_screening.csv:129;papers/learned_lineage_novelty_dev_20260716/lineage_novelty_screening.csv:3;papers/learned_lineage_novelty_dev_20260716/lineage_novelty_screening.csv:48,Prior artifact or parameter/search reference found before P02 freeze; exclude exact window from confirmatory denominator.
aqualoc_archaeology,A05,0,400,frame,13,true,true,true,DEVELOPMENT_ONLY,logs/aqualoc_archaeo_vins/external_hybrid_xfeat_every2_jul15screen6_a05_0_400_probe/aqualoc_archaeo05_pinhole.yaml;logs/aqualoc_archaeo_vins/external_hybrid_xfeat_every2_jul15screen6_a05_0_400_probe/features.bag;logs/aqualoc_archaeo_vins/external_hybrid_xfeat_every2_jul15screen6_a05_0_400_probe/frontend_metrics.csv;papers/frozen_frontend_exploration_20260715/run_evidence_jul15_late_and_jul16.csv:20;papers/frozen_frontend_exploration_20260715/screening_summary_jul15_late_and_jul16.csv:20;papers/learned_lineage_novelty_dev_20260716/lineage_motion_ratio_screening_20260717.csv:9;papers/learned_lineage_novelty_dev_20260716/lineage_novelty_screening.csv:201;papers/learned_lineage_novelty_dev_20260716/lineage_novelty_screening.csv:210;papers/learned_lineage_novelty_dev_20260716/lineage_novelty_screening.csv:222;papers/learned_lineage_novelty_dev_20260716/lineage_novelty_screening.csv:58;papers/learned_lineage_novelty_dev_20260716/lineage_novelty_screening.csv:6;papers/learned_lineage_novelty_dev_20260716/lineage_novelty_screening.csv:65;...(+1),Prior artifact or parameter/search reference found before P02 freeze; exclude exact window from confirmatory denominator.
aqualoc_archaeology,A05,1200,1600,frame,7,true,true,true,DEVELOPMENT_ONLY,logs/aqualoc_archaeo_vins/external_hybrid_xfeat_every2_jul15screen2_a05_1200_1600_probe/aqualoc_archaeo05_pinhole.yaml;logs/aqualoc_archaeo_vins/external_hybrid_xfeat_every2_jul15screen2_a05_1200_1600_probe/features.bag;logs/aqualoc_archaeo_vins/external_hybrid_xfeat_every2_jul15screen2_a05_1200_1600_probe/frontend_metrics.csv;papers/frozen_frontend_exploration_20260715/run_evidence.csv:52;papers/frozen_frontend_exploration_20260715/run_evidence_jul15_late_and_jul16.csv:5;papers/frozen_frontend_exploration_20260715/screening_summary.csv:52;papers/frozen_frontend_exploration_20260715/screening_summary_jul15_late_and_jul16.csv:5,Prior artifact or parameter/search reference found before P02 freeze; exclude exact window from confirmatory denominator.
aqualoc_archaeology,A05,1600,2000,frame,233,true,true,true,DEVELOPMENT_ONLY,logs/aqualoc_archaeo_vins/external_hybrid_xfeat_every2_jul15screen6_a05_1600_2000_probe/aqualoc_archaeo05_pinhole.yaml;logs/aqualoc_archaeo_vins/external_hybrid_xfeat_every2_jul15screen6_a05_1600_2000_probe/features.bag;logs/aqualoc_archaeo_vins/external_hybrid_xfeat_every2_jul15screen6_a05_1600_2000_probe/frontend_metrics.csv;logs/aqualoc_archaeo_vins/external_hybrid_xfeat_every2_jul16screen26arb_a05_1600_2000_probe_oldcontract_densecap/aqualoc_archaeo05_pinhole.yaml;logs/aqualoc_archaeo_vins/external_hybrid_xfeat_every2_jul16screen26arb_a05_1600_2000_probe_oldcontract_densecap/features.bag;logs/aqualoc_archaeo_vins/external_hybrid_xfeat_every2_jul16screen26arb_a05_1600_2000_probe_oldcontract_densecap/frontend_metrics.csv;logs/aqualoc_archaeo_vins/external_klt_every2_jul16screen26arb_a05_1600_2000_klt_safe_fallback/aqualoc_archaeo05_pinhole.yaml;logs/aqualoc_archaeo_vins/external_klt_every2_jul16screen26arb_a05_1600_2000_klt_safe_fallback/arbitration_summary.txt;logs/aqualoc_archaeo_vins/external_klt_every2_jul16screen26arb_a05_1600_2000_klt_safe_fallback/arbitration_summary.txt:1;logs/aqualoc_archaeo_vins/external_klt_every2_jul16screen26arb_a05_1600_2000_klt_safe_fallback/arbitration_summary.txt:10;logs/aqualoc_archaeo_vins/external_klt_every2_jul16screen26arb_a05_1600_2000_klt_safe_fallback/arbitration_summary.txt:100;logs/aqualoc_archaeo_vins/external_klt_every2_jul16screen26arb_a05_1600_2000_klt_safe_fallback/arbitration_summary.txt:101;...(+221),Prior artifact or parameter/search reference found before P02 freeze; exclude exact window from confirmatory denominator.
aqualoc_archaeology,A05,2000,2400,frame,337,true,true,true,DEVELOPMENT_ONLY,logs/aqualoc_archaeo_vins/external_hybrid_xfeat_every2_jul15screen_a05_2000_2400_probe/aqualoc_archaeo05_pinhole.yaml;logs/aqualoc_archaeo_vins/external_hybrid_xfeat_every2_jul15screen_a05_2000_2400_probe/features.bag;logs/aqualoc_archaeo_vins/external_hybrid_xfeat_every2_jul15screen_a05_2000_2400_probe/frontend_metrics.csv;logs/aqualoc_archaeo_vins/external_hybrid_xfeat_every2_jul16dev_cap2_a05_2000_2400_probe_oldcontract_densecap/aqualoc_archaeo05_pinhole.yaml;logs/aqualoc_archaeo_vins/external_hybrid_xfeat_every2_jul16dev_cap2_a05_2000_2400_probe_oldcontract_densecap/features.bag;logs/aqualoc_archaeo_vins/external_hybrid_xfeat_every2_jul16dev_cap2_a05_2000_2400_probe_oldcontract_densecap/frontend_metrics.csv;logs/aqualoc_archaeo_vins/external_hybrid_xfeat_every2_jul16dev_lineage_a05_2000_2400_full/ape.txt;logs/aqualoc_archaeo_vins/external_hybrid_xfeat_every2_jul16dev_lineage_a05_2000_2400_full/ape.txt:1;logs/aqualoc_archaeo_vins/external_hybrid_xfeat_every2_jul16dev_lineage_a05_2000_2400_full/ape.txt:10;logs/aqualoc_archaeo_vins/external_hybrid_xfeat_every2_jul16dev_lineage_a05_2000_2400_full/ape.txt:11;logs/aqualoc_archaeo_vins/external_hybrid_xfeat_every2_jul16dev_lineage_a05_2000_2400_full/ape.txt:12;logs/aqualoc_archaeo_vins/external_hybrid_xfeat_every2_jul16dev_lineage_a05_2000_2400_full/ape.txt:13;...(+325),Prior artifact or parameter/search reference found before P02 freeze; exclude exact window from confirmatory denominator.
aqualoc_archaeology,A05,2400,2800,frame,7,true,true,true,DEVELOPMENT_ONLY,logs/aqualoc_archaeo_vins/external_hybrid_xfeat_every2_jul15screen2_a05_2400_2800_probe/aqualoc_archaeo05_pinhole.yaml;logs/aqualoc_archaeo_vins/external_hybrid_xfeat_every2_jul15screen2_a05_2400_2800_probe/features.bag;logs/aqualoc_archaeo_vins/external_hybrid_xfeat_every2_jul15screen2_a05_2400_2800_probe/frontend_metrics.csv;papers/frozen_frontend_exploration_20260715/run_evidence.csv:53;papers/frozen_frontend_exploration_20260715/run_evidence_jul15_late_and_jul16.csv:6;papers/frozen_frontend_exploration_20260715/screening_summary.csv:53;papers/frozen_frontend_exploration_20260715/screening_summary_jul15_late_and_jul16.csv:6,Prior artifact or parameter/search reference found before P02 freeze; exclude exact window from confirmatory denominator.
aqualoc_archaeology,A05,2800,3200,frame,5,true,true,true,DEVELOPMENT_ONLY,logs/aqualoc_archaeo_vins/external_hybrid_xfeat_every2_jul15screen6_a05_2800_3200_probe/aqualoc_archaeo05_pinhole.yaml;logs/aqualoc_archaeo_vins/external_hybrid_xfeat_every2_jul15screen6_a05_2800_3200_probe/features.bag;logs/aqualoc_archaeo_vins/external_hybrid_xfeat_every2_jul15screen6_a05_2800_3200_probe/frontend_metrics.csv;papers/frozen_frontend_exploration_20260715/run_evidence_jul15_late_and_jul16.csv:22;papers/frozen_frontend_exploration_20260715/screening_summary_jul15_late_and_jul16.csv:22,Prior artifact or parameter/search reference found before P02 freeze; exclude exact window from confirmatory denominator.
aqualoc_archaeology,A05,2800,3300,frame,1273,true,true,true,DEVELOPMENT_ONLY,logs/agent_aqualoc_lowtexture_candidates.md:15;logs/agent_aqualoc_lowtexture_candidates.md:31;logs/agent_aqualoc_reproducible_pairs.md:127;logs/agent_aqualoc_reproducible_pairs.md:145;logs/agent_counterexample_gate_audit_20260608.md:12;logs/agent_counterexample_gate_audit_20260608.md:22;logs/agent_counterexample_gate_audit_20260608.md:35;logs/agent_evidence_table_20260518.md:34;logs/aqualoc_archaeo_vins/external_hybrid_superpoint_lightglue_every2_a05_2800_3300_adaptive_identity/ape.txt;logs/aqualoc_archaeo_vins/external_hybrid_superpoint_lightglue_every2_a05_2800_3300_adaptive_identity/ape.txt:1;logs/aqualoc_archaeo_vins/external_hybrid_superpoint_lightglue_every2_a05_2800_3300_adaptive_identity/ape.txt:10;logs/aqualoc_archaeo_vins/external_hybrid_superpoint_lightglue_every2_a05_2800_3300_adaptive_identity/ape.txt:11;...(+1261),Prior artifact or parameter/search reference found before P02 freeze; exclude exact window from confirmatory denominator.
aqualoc_archaeology,A05,2840,2930,frame,184,true,false,true,DEVELOPMENT_ONLY,logs/agent_loftr_trigger_search_20260514/visual_context/a05_2840_2930_klt.csv;logs/agent_loftr_trigger_search_20260514/visual_context/a05_2840_2930_klt_viz/frame_002840.jpg;logs/agent_loftr_trigger_search_20260514/visual_context/a05_2840_2930_klt_viz/frame_002841.jpg;logs/agent_loftr_trigger_search_20260514/visual_context/a05_2840_2930_klt_viz/frame_002842.jpg;logs/agent_loftr_trigger_search_20260514/visual_context/a05_2840_2930_klt_viz/frame_002843.jpg;logs/agent_loftr_trigger_search_20260514/visual_context/a05_2840_2930_klt_viz/frame_002844.jpg;logs/agent_loftr_trigger_search_20260514/visual_context/a05_2840_2930_klt_viz/frame_002845.jpg;logs/agent_loftr_trigger_search_20260514/visual_context/a05_2840_2930_klt_viz/frame_002846.jpg;logs/agent_loftr_trigger_search_20260514/visual_context/a05_2840_2930_klt_viz/frame_002847.jpg;logs/agent_loftr_trigger_search_20260514/visual_context/a05_2840_2930_klt_viz/frame_002848.jpg;logs/agent_loftr_trigger_search_20260514/visual_context/a05_2840_2930_klt_viz/frame_002849.jpg;logs/agent_loftr_trigger_search_20260514/visual_context/a05_2840_2930_klt_viz/frame_002850.jpg;...(+172),Prior artifact or parameter/search reference found before P02 freeze; exclude exact window from confirmatory denominator.
aqualoc_archaeology,A05,2840,3200,frame,913,true,true,true,DEVELOPMENT_ONLY,logs/agent_aqualoc_lowtexture_candidates.md:16;logs/agent_aqualoc_lowtexture_candidates.md:31;logs/agent_aqualoc_lowtexture_candidates.md:44;logs/agent_aqualoc_reproducible_pairs.md:114;logs/agent_aqualoc_reproducible_pairs.md:145;logs/agent_loftr_trigger_search_20260514/aqualoc_archaeo5_2840_3200_klt_adaptive_clahe.csv;logs/agent_loftr_trigger_search_20260514/aqualoc_archaeo5_2840_3200_loftr_extreme_only.csv;logs/agent_seven_point_summary.md:370;logs/agent_seven_point_summary.md:385;logs/agent_sidecar_trigger_evidence.md:132;logs/aqualoc_archaeo_vins/external_hybrid_superpoint_lightglue_every2_formal3_strict_a05_2840_3200_sp_lg_loftr/ape.txt;logs/aqualoc_archaeo_vins/external_hybrid_superpoint_lightglue_every2_formal3_strict_a05_2840_3200_sp_lg_loftr/ape.txt:1;...(+901),Prior artifact or parameter/search reference found before P02 freeze; exclude exact window from confirmatory denominator.
aqualoc_archaeology,A05,2918,2930,frame,28,true,false,true,DEVELOPMENT_ONLY,logs/agent_loftr_trigger_search_20260514/visual/a05_2918_2930_klt.csv;logs/agent_loftr_trigger_search_20260514/visual/a05_2918_2930_klt_viz/frame_002918.jpg;logs/agent_loftr_trigger_search_20260514/visual/a05_2918_2930_klt_viz/frame_002919.jpg;logs/agent_loftr_trigger_search_20260514/visual/a05_2918_2930_klt_viz/frame_002920.jpg;logs/agent_loftr_trigger_search_20260514/visual/a05_2918_2930_klt_viz/frame_002921.jpg;logs/agent_loftr_trigger_search_20260514/visual/a05_2918_2930_klt_viz/frame_002922.jpg;logs/agent_loftr_trigger_search_20260514/visual/a05_2918_2930_klt_viz/frame_002923.jpg;logs/agent_loftr_trigger_search_20260514/visual/a05_2918_2930_klt_viz/frame_002924.jpg;logs/agent_loftr_trigger_search_20260514/visual/a05_2918_2930_klt_viz/frame_002925.jpg;logs/agent_loftr_trigger_search_20260514/visual/a05_2918_2930_klt_viz/frame_002926.jpg;logs/agent_loftr_trigger_search_20260514/visual/a05_2918_2930_klt_viz/frame_002927.jpg;logs/agent_loftr_trigger_search_20260514/visual/a05_2918_2930_klt_viz/frame_002928.jpg;...(+16),Prior artifact or parameter/search reference found before P02 freeze; exclude exact window from confirmatory denominator.
aqualoc_archaeology,A05,3300,3700,frame,1549,true,true,true,DEVELOPMENT_ONLY,logs/aqualoc_archaeo_vins/external_hybrid_xfeat_every2_existing_jul13_arbvg_a05_3300_3700_full/ape.txt;logs/aqualoc_archaeo_vins/external_hybrid_xfeat_every2_existing_jul13_arbvg_a05_3300_3700_full/ape.txt:1;logs/aqualoc_archaeo_vins/external_hybrid_xfeat_every2_existing_jul13_arbvg_a05_3300_3700_full/ape.txt:10;logs/aqualoc_archaeo_vins/external_hybrid_xfeat_every2_existing_jul13_arbvg_a05_3300_3700_full/ape.txt:11;logs/aqualoc_archaeo_vins/external_hybrid_xfeat_every2_existing_jul13_arbvg_a05_3300_3700_full/ape.txt:12;logs/aqualoc_archaeo_vins/external_hybrid_xfeat_every2_existing_jul13_arbvg_a05_3300_3700_full/ape.txt:13;logs/aqualoc_archaeo_vins/external_hybrid_xfeat_every2_existing_jul13_arbvg_a05_3300_3700_full/ape.txt:14;logs/aqualoc_archaeo_vins/external_hybrid_xfeat_every2_existing_jul13_arbvg_a05_3300_3700_full/ape.txt:15;logs/aqualoc_archaeo_vins/external_hybrid_xfeat_every2_existing_jul13_arbvg_a05_3300_3700_full/ape.txt:16;logs/aqualoc_archaeo_vins/external_hybrid_xfeat_every2_existing_jul13_arbvg_a05_3300_3700_full/ape.txt:17;logs/aqualoc_archaeo_vins/external_hybrid_xfeat_every2_existing_jul13_arbvg_a05_3300_3700_full/ape.txt:18;logs/aqualoc_archaeo_vins/external_hybrid_xfeat_every2_existing_jul13_arbvg_a05_3300_3700_full/ape.txt:19;...(+1537),Prior artifact or parameter/search reference found before P02 freeze; exclude exact window from confirmatory denominator.
aqualoc_archaeology,A05,550,900,frame,170,true,true,true,DEVELOPMENT_ONLY,logs/aqualoc_archaeo_vins/external_hybrid_xfeat_every2_jul12_morepos_a05_550_900_visible5/aqualoc_archaeo05_pinhole.yaml;logs/aqualoc_archaeo_vins/external_hybrid_xfeat_every2_jul12_morepos_a05_550_900_visible5/features.bag;logs/aqualoc_archaeo_vins/external_hybrid_xfeat_every2_jul12_morepos_a05_550_900_visible5/frontend_metrics.csv;logs/aqualoc_archaeo_vins/external_hybrid_xfeat_every2_jul15screen_a05_550_900_probe/aqualoc_archaeo05_pinhole.yaml;logs/aqualoc_archaeo_vins/external_hybrid_xfeat_every2_jul15screen_a05_550_900_probe/features.bag;logs/aqualoc_archaeo_vins/external_hybrid_xfeat_every2_jul15screen_a05_550_900_probe/frontend_metrics.csv;logs/aqualoc_archaeo_vins/jul12_a05_550_900_keep_lineages_2342_2102.bag;logs/aqualoc_archaeo_vins/jul12_a05_550_900_keep_lineages_2342_2102.csv;logs/aqualoc_archaeo_vins/jul12_a05_550_900_visible5_drop_whole_lineage.bag;logs/aqualoc_archaeo_vins/jul12_a05_550_900_visible5_drop_whole_lineage.csv;logs/existing_featurebag_vins/jul12_a05_550_900_keep2342_2102/ape.txt;logs/existing_featurebag_vins/jul12_a05_550_900_keep2342_2102/ape.txt:1;...(+158),Prior artifact or parameter/search reference found before P02 freeze; exclude exact window from confirmatory denominator.
aqualoc_archaeology,A06,0,400,frame,8,true,true,true,DEVELOPMENT_ONLY,logs/aqualoc_archaeo_vins/external_hybrid_xfeat_every2_jul16screen44_a06_0_400_probe/aqualoc_archaeo06_pinhole.yaml;logs/aqualoc_archaeo_vins/external_hybrid_xfeat_every2_jul16screen44_a06_0_400_probe/features.bag;logs/aqualoc_archaeo_vins/external_hybrid_xfeat_every2_jul16screen44_a06_0_400_probe/frontend_metrics.csv;logs/jul21_final_online_candidate_inventory.md:182;logs/jul21_final_online_candidate_inventory.md:186;logs/jul21_final_online_candidate_inventory.md:191;papers/frozen_frontend_exploration_20260715/run_evidence_jul15_late_and_jul16.csv:61;papers/frozen_frontend_exploration_20260715/screening_summary_jul15_late_and_jul16.csv:61,Prior artifact or parameter/search reference found before P02 freeze; exclude exact window from confirmatory denominator.
aqualoc_archaeology,A06,1200,1600,frame,5,true,true,true,DEVELOPMENT_ONLY,logs/aqualoc_archaeo_vins/external_hybrid_xfeat_every2_jul15screen3_a06_1200_1600_probe/aqualoc_archaeo06_pinhole.yaml;logs/aqualoc_archaeo_vins/external_hybrid_xfeat_every2_jul15screen3_a06_1200_1600_probe/features.bag;logs/aqualoc_archaeo_vins/external_hybrid_xfeat_every2_jul15screen3_a06_1200_1600_probe/frontend_metrics.csv;papers/frozen_frontend_exploration_20260715/run_evidence_jul15_late_and_jul16.csv:8;papers/frozen_frontend_exploration_20260715/screening_summary_jul15_late_and_jul16.csv:8,Prior artifact or parameter/search reference found before P02 freeze; exclude exact window from confirmatory denominator.
aqualoc_archaeology,A06,160,520,frame,15,true,false,true,DEVELOPMENT_ONLY,logs/learned_positive_search/a06_160_520_frontend_summary.csv;logs/learned_positive_search/a06_160_520_hybrid_loftr.csv;logs/learned_positive_search/a06_160_520_hybrid_superpoint_lightglue.csv;logs/learned_positive_search/a06_160_520_hybrid_xfeat.csv;logs/learned_positive_search/a06_160_520_klt.csv;logs/learned_positive_search/a06_160_520_loftr_planar_fallback.csv;logs/learned_positive_search/a06_160_520_pairwise_loftr.csv;logs/learned_positive_search/a06_160_520_pairwise_superpoint_lightglue.csv;logs/learned_positive_search/a06_160_520_pairwise_xfeat.csv;logs/low_texture_window_search_20260522.md:10;logs/low_texture_window_search_20260522.md:30;logs/low_texture_window_search_20260522.md:38;...(+3),Prior artifact or parameter/search reference found before P02 freeze; exclude exact window from confirmatory denominator.
aqualoc_archaeology,A06,160,900,frame,3,true,false,true,DEVELOPMENT_ONLY,logs/learned_positive_search/a06_160_900_every4_klt.csv;logs/learned_positive_search/a06_160_900_every4_loftr_planar.csv;logs/low_texture_window_search_20260522.md:8,Prior artifact or parameter/search reference found before P02 freeze; exclude exact window from confirmatory denominator.
aqualoc_archaeology,A06,1600,2000,frame,5,true,true,true,DEVELOPMENT_ONLY,logs/aqualoc_archaeo_vins/external_hybrid_xfeat_every2_jul15screen3_a06_1600_2000_probe/aqualoc_archaeo06_pinhole.yaml;logs/aqualoc_archaeo_vins/external_hybrid_xfeat_every2_jul15screen3_a06_1600_2000_probe/features.bag;logs/aqualoc_archaeo_vins/external_hybrid_xfeat_every2_jul15screen3_a06_1600_2000_probe/frontend_metrics.csv;papers/frozen_frontend_exploration_20260715/run_evidence_jul15_late_and_jul16.csv:9;papers/frozen_frontend_exploration_20260715/screening_summary_jul15_late_and_jul16.csv:9,Prior artifact or parameter/search reference found before P02 freeze; exclude exact window from confirmatory denominator.
aqualoc_archaeology,A06,2100,2550,frame,1417,true,true,true,DEVELOPMENT_ONLY,logs/agent_aqualoc_lowtexture_candidates.md:17;logs/agent_low_texture_candidates.md:37;logs/aqualoc_archaeo_vins/external_hybrid_superpoint_lightglue_every2_a06_2100_2550_ours_sp_lg_loftr_extreme_noselect/ape.txt;logs/aqualoc_archaeo_vins/external_hybrid_superpoint_lightglue_every2_a06_2100_2550_ours_sp_lg_loftr_extreme_noselect/ape.txt:1;logs/aqualoc_archaeo_vins/external_hybrid_superpoint_lightglue_every2_a06_2100_2550_ours_sp_lg_loftr_extreme_noselect/ape.txt:10;logs/aqualoc_archaeo_vins/external_hybrid_superpoint_lightglue_every2_a06_2100_2550_ours_sp_lg_loftr_extreme_noselect/ape.txt:11;logs/aqualoc_archaeo_vins/external_hybrid_superpoint_lightglue_every2_a06_2100_2550_ours_sp_lg_loftr_extreme_noselect/ape.txt:12;logs/aqualoc_archaeo_vins/external_hybrid_superpoint_lightglue_every2_a06_2100_2550_ours_sp_lg_loftr_extreme_noselect/ape.txt:13;logs/aqualoc_archaeo_vins/external_hybrid_superpoint_lightglue_every2_a06_2100_2550_ours_sp_lg_loftr_extreme_noselect/ape.txt:14;logs/aqualoc_archaeo_vins/external_hybrid_superpoint_lightglue_every2_a06_2100_2550_ours_sp_lg_loftr_extreme_noselect/ape.txt:15;logs/aqualoc_archaeo_vins/external_hybrid_superpoint_lightglue_every2_a06_2100_2550_ours_sp_lg_loftr_extreme_noselect/ape.txt:16;logs/aqualoc_archaeo_vins/external_hybrid_superpoint_lightglue_every2_a06_2100_2550_ours_sp_lg_loftr_extreme_noselect/ape.txt:17;...(+1405),Prior artifact or parameter/search reference found before P02 freeze; exclude exact window from confirmatory denominator.
aqualoc_archaeology,A06,2100,2900,frame,10,false,true,true,DEVELOPMENT_ONLY,logs/aqualoc_archaeo_vins/external_klt_every2_slamgate_v27_a06_2100_2900_klt_sorted/ape.txt;logs/aqualoc_archaeo_vins/external_klt_every2_slamgate_v27_a06_2100_2900_klt_sorted/aqualoc_archaeo06_pinhole.yaml;logs/aqualoc_archaeo_vins/external_klt_every2_slamgate_v27_a06_2100_2900_klt_sorted/features.bag;logs/aqualoc_archaeo_vins/external_klt_every2_slamgate_v27_a06_2100_2900_klt_sorted/frontend_metrics.csv;logs/aqualoc_archaeo_vins/external_klt_every2_slamgate_v27_a06_2100_2900_klt_sorted/roscore.log;logs/aqualoc_archaeo_vins/external_klt_every2_slamgate_v27_a06_2100_2900_klt_sorted/vins.log;logs/aqualoc_archaeo_vins/external_klt_every2_slamgate_v27_a06_2100_2900_klt_sorted/vins_aqualoc_archaeo_external.yaml;logs/aqualoc_archaeo_vins/external_klt_every2_slamgate_v27_a06_2100_2900_klt_sorted/vins_output/vio.csv;logs/may20c_all_run_dirs.txt:598;logs/may24_all_complete_runs.txt:513,Prior artifact or parameter/search reference found before P02 freeze; exclude exact window from confirmatory denominator.
aqualoc_archaeology,A06,2210,2230,frame,4,true,true,false,DEVELOPMENT_ONLY,logs/aqualoc_archaeo_vins/external_hybrid_superpoint_lightglue_every2_jun22_unrun_a06_2210_2230_loftr/aqualoc_archaeo06_pinhole.yaml;logs/aqualoc_archaeo_vins/external_hybrid_superpoint_lightglue_every2_jun22_unrun_a06_2210_2230_loftr/features.bag;logs/aqualoc_archaeo_vins/external_hybrid_superpoint_lightglue_every2_jun22_unrun_a06_2210_2230_loftr/frontend_metrics.csv;正反例窗口整理/已跑窗口与未跑候选整理.md:188,Prior artifact or parameter/search reference found before P02 freeze; exclude exact window from confirmatory denominator.
aqualoc_archaeology,A06,2210,2250,frame,3,true,true,true,DEVELOPMENT_ONLY,logs/aqualoc_archaeo_vins/external_hybrid_superpoint_lightglue_every2_probe_a06_2210_2250_motion38_export/aqualoc_archaeo06_pinhole.yaml;logs/aqualoc_archaeo_vins/external_hybrid_superpoint_lightglue_every2_probe_a06_2210_2250_motion38_export/features.bag;logs/aqualoc_archaeo_vins/external_hybrid_superpoint_lightglue_every2_probe_a06_2210_2250_motion38_export/frontend_metrics.csv,Prior artifact or parameter/search reference found before P02 freeze; exclude exact window from confirmatory denominator.
aqualoc_archaeology,A06,2210,2260,frame,20,true,false,true,DEVELOPMENT_ONLY,logs/agent_qi_reliability/qi_reliability_report.md:16;logs/agent_qi_reliability/qi_reliability_report.md:55;logs/extreme_lowtex_search_20260516_042635/extreme_low_texture_klt_win_analysis.md:23;logs/klt_degeneracy_loftr_gate_20260516_130810/a06_2210_2260_klt_adaptive.csv;logs/klt_degeneracy_loftr_gate_20260516_130810/a06_2210_2260_kltdeg_loftr.csv;logs/klt_degeneracy_loftr_gate_20260516_130810/a06_2210_2260_kltdeg_loftr_v2.csv;logs/kltdeg_loftr_gate_after_patch/a06_2210_2260_klt_adaptive.csv;logs/kltdeg_loftr_gate_after_patch/a06_2210_2260_kltdeg_loftr.csv;logs/kltdeg_loftr_gate_after_patch/a06_2210_2260_kltdeg_loftr_v2.csv;logs/kltdeg_loftr_gate_after_patch/summary.md:3;logs/learned_positive_search_smoke/a06_2210_2260_loftr_semidense_only_v1.csv;logs/learned_positive_search_smoke/a06_2210_2260_sp_lg_sidecar_v1.csv;...(+8),Prior artifact or parameter/search reference found before P02 freeze; exclude exact window from confirmatory denominator.
aqualoc_archaeology,A06,2210,2280,frame,27,true,true,true,DEVELOPMENT_ONLY,logs/aqualoc_archaeo_vins/external_hybrid_superpoint_lightglue_every2_may22_defaultprofile_probe_a06_2210_2280/aqualoc_archaeo06_pinhole.yaml;logs/aqualoc_archaeo_vins/external_hybrid_superpoint_lightglue_every2_may22_defaultprofile_probe_a06_2210_2280/features.bag;logs/aqualoc_archaeo_vins/external_hybrid_superpoint_lightglue_every2_may22_defaultprofile_probe_a06_2210_2280/frontend_metrics.csv;logs/aqualoc_archaeo_vins/external_hybrid_superpoint_lightglue_every2_may22_fixweak_motion12_probe_a06_2210_2280/aqualoc_archaeo06_pinhole.yaml;logs/aqualoc_archaeo_vins/external_hybrid_superpoint_lightglue_every2_may22_fixweak_motion12_probe_a06_2210_2280/features.bag;logs/aqualoc_archaeo_vins/external_hybrid_superpoint_lightglue_every2_may22_fixweak_motion12_probe_a06_2210_2280/frontend_metrics.csv;logs/aqualoc_archaeo_vins/external_hybrid_superpoint_lightglue_every2_may22_fixweak_probe_a06_2210_2280/aqualoc_archaeo06_pinhole.yaml;logs/aqualoc_archaeo_vins/external_hybrid_superpoint_lightglue_every2_may22_fixweak_probe_a06_2210_2280/features.bag;logs/aqualoc_archaeo_vins/external_hybrid_superpoint_lightglue_every2_may22_fixweak_probe_a06_2210_2280/frontend_metrics.csv;logs/aqualoc_archaeo_vins/external_hybrid_superpoint_lightglue_every2_may22_gap20_probe_a06_2210_2280/aqualoc_archaeo06_pinhole.yaml;logs/aqualoc_archaeo_vins/external_hybrid_superpoint_lightglue_every2_may22_gap20_probe_a06_2210_2280/features.bag;logs/aqualoc_archaeo_vins/external_hybrid_superpoint_lightglue_every2_may22_gap20_probe_a06_2210_2280/frontend_metrics.csv;...(+15),Prior artifact or parameter/search reference found before P02 freeze; exclude exact window from confirmatory denominator.
aqualoc_archaeology,A06,2210,2310,frame,16,true,false,true,DEVELOPMENT_ONLY,logs/agent_explainability_qualitative/loftr_gate_scope.md:10;logs/gated_eval/gated_semidense_aligned_table.md:6;logs/gated_eval/gated_semidense_aligned_table.md:7;logs/gated_eval/gated_semidense_aligned_table.md:8;logs/semidense_eval/aqualoc_archaeo06_2210_2310_loftr_fallback.csv;logs/semidense_eval/aqualoc_archaeo06_2210_2310_qgeo.csv;logs/semidense_eval/aqualoc_archaeo06_2210_2310_xfeat_star_fallback.csv;logs/semidense_eval/archaeo06_short_semidense_table.md:3;logs/semidense_eval/archaeo06_short_semidense_table.md:4;logs/semidense_eval/archaeo06_short_semidense_table.md:5;logs/semidense_eval/stress_loftr_table_unaligned.md:5;logs/semidense_eval/stress_loftr_table_unaligned.md:6;...(+4),Prior artifact or parameter/search reference found before P02 freeze; exclude exact window from confirmatory denominator.
aqualoc_archaeology,A06,2210,2460,frame,6803,true,true,true,DEVELOPMENT_ONLY,logs/a06_2210_2460_replay_v32_evidence.csv;logs/agent_a06_loftr_noharm/report.md:42;logs/agent_a06_long_loftr_supervision/a06_2210_2460_klt_adaptive_clahe.csv;logs/agent_a06_long_loftr_supervision/a06_2210_2460_three_layer_patch2_sp_lg_loftr.csv;logs/agent_a06_long_loftr_supervision/a06_long_loftr_patch2_report.md:10;logs/agent_a06_long_loftr_supervision/a06_long_loftr_patch2_report.md:9;logs/agent_a06_repro_package.md:11;logs/agent_a06_repro_package.md:117;logs/agent_a06_repro_package.md:12;logs/agent_a06_repro_package.md:13;logs/agent_a06_repro_package.md:130;logs/agent_a06_repro_package.md:143;...(+6791),Prior artifact or parameter/search reference found before P02 freeze; exclude exact window from confirmatory denominator.
aqualoc_archaeology,A06,2210,2700,frame,2487,true,true,true,DEVELOPMENT_ONLY,logs/a06_2210_2700_replay_v32_evidence.csv;logs/agent_a06_long_loftr_supervision/a06_2210_2700_klt_adaptive_clahe.csv;logs/agent_a06_long_loftr_supervision/a06_2210_2700_three_layer_patch2_sp_lg_loftr.csv;logs/agent_a06_long_loftr_supervision/a06_long_loftr_patch2_report.md:11;logs/agent_a06_long_loftr_supervision/a06_long_loftr_patch2_report.md:12;logs/agent_a06_repro_package.md:120;logs/agent_a06_repro_package.md:133;logs/agent_a06_repro_package.md:14;logs/agent_a06_repro_package.md:146;logs/agent_a06_repro_package.md:15;logs/agent_a06_repro_package.md:16;logs/agent_a06_repro_package.md:32;...(+2475),Prior artifact or parameter/search reference found before P02 freeze; exclude exact window from confirmatory denominator.
aqualoc_archaeology,A06,2210,2900,frame,1834,true,true,true,DEVELOPMENT_ONLY,logs/a06_2210_2900_replay_v32_evidence.csv;logs/agent_a06_repro_package.md:123;logs/agent_a06_repro_package.md:136;logs/agent_a06_repro_package.md:153;logs/agent_a06_repro_package.md:156;logs/agent_a06_repro_package.md:164;logs/agent_a06_repro_package.md:165;logs/agent_a06_repro_package.md:168;logs/agent_a06_repro_package.md:169;logs/agent_a06_repro_package.md:17;logs/agent_a06_repro_package.md:18;logs/agent_a06_repro_package.md:19;...(+1822),Prior artifact or parameter/search reference found before P02 freeze; exclude exact window from confirmatory denominator.
aqualoc_archaeology,A06,2218,2232,frame,2,false,false,false,DEVELOPMENT_ONLY,logs/supervision_diagnostics/a06_2218_2232_diag_smoke_v2.csv;logs/supervision_diagnostics/a06_2218_2232_diag_smoke_v3.csv,Prior artifact or parameter/search reference found before P02 freeze; exclude exact window from confirmatory denominator.
aqualoc_archaeology,A06,2228,2232,frame,1,false,false,false,DEVELOPMENT_ONLY,logs/supervision_diagnostics/a06_2228_2232_diag_smoke_v3.csv,Prior artifact or parameter/search reference found before P02 freeze; exclude exact window from confirmatory denominator.
aqualoc_archaeology,A06,2280,2319,frame,2,true,false,true,DEVELOPMENT_ONLY,logs/agent_loftr_trigger_search_20260514/aqualoc_a06_2280_2319_loftr_extreme_only.csv;logs/agent_loftr_trigger_search_20260514/aqualoc_a06_2280_2319_loftr_extreme_only.log,Prior artifact or parameter/search reference found before P02 freeze; exclude exact window from confirmatory denominator.
aqualoc_archaeology,A06,2280,2360,frame,275,true,true,true,DEVELOPMENT_ONLY,logs/agent_a06_loftr_noharm/report.md:36;logs/agent_evidence_table_20260518.md:37;logs/agent_loftr_trigger_search_20260514/a06_2280_2360_summary.csv;logs/agent_loftr_trigger_search_20260514/aqualoc_a06_2280_2360_loftr_extreme_only.csv;logs/agent_loftr_trigger_search_20260514/report.md:28;logs/agent_loftr_trigger_search_20260514/report.md:33;logs/agent_loftr_trigger_search_20260514/report.md:34;logs/agent_low_texture_candidates.md:37;logs/agent_low_texture_candidates.md:43;logs/aqualoc_archaeo_vins/external_hybrid_superpoint_lightglue_every2_formal_loftr_positive_a06_2280_2360/ape.txt;logs/aqualoc_archaeo_vins/external_hybrid_superpoint_lightglue_every2_formal_loftr_positive_a06_2280_2360/ape.txt:1;logs/aqualoc_archaeo_vins/external_hybrid_superpoint_lightglue_every2_formal_loftr_positive_a06_2280_2360/ape.txt:10;...(+263),Prior artifact or parameter/search reference found before P02 freeze; exclude exact window from confirmatory denominator.
aqualoc_archaeology,A06,2290,2310,frame,5,true,false,true,DEVELOPMENT_ONLY,logs/learned_positive_search_smoke/a06_2290_2310_klt.csv;logs/learned_positive_search_smoke/a06_2290_2310_loftr_fallback.csv;logs/learned_positive_search_smoke/a06_2290_2310_sp_lg.csv;logs/learned_positive_search_smoke/a06_2290_2310_xfeat.csv;logs/learned_positive_search_smoke/a06_2290_2310_xfeat_star_fallback.csv,Prior artifact or parameter/search reference found before P02 freeze; exclude exact window from confirmatory denominator.
aqualoc_archaeology,A06,2800,3200,frame,18,true,true,true,DEVELOPMENT_ONLY,logs/aqualoc_archaeo_vins/external_hybrid_xfeat_every2_jul16screen45_a06_2800_3200_probe/aqualoc_archaeo06_pinhole.yaml;logs/aqualoc_archaeo_vins/external_hybrid_xfeat_every2_jul16screen45_a06_2800_3200_probe/features.bag;logs/aqualoc_archaeo_vins/external_hybrid_xfeat_every2_jul16screen45_a06_2800_3200_probe/frontend_metrics.csv;papers/frozen_frontend_exploration_20260715/run_evidence_jul15_late_and_jul16.csv:62;papers/frozen_frontend_exploration_20260715/screening_summary_jul15_late_and_jul16.csv:62;papers/learned_lineage_novelty_dev_20260716/lineage_motion_ratio_screening_20260717.csv:30;papers/learned_lineage_novelty_dev_20260716/lineage_motion_ratio_screening_20260717.csv:31;papers/learned_lineage_novelty_dev_20260716/lineage_motion_ratio_screening_20260717.csv:32;papers/learned_lineage_novelty_dev_20260716/lineage_motion_ratio_screening_20260717.csv:33;papers/learned_lineage_novelty_dev_20260716/lineage_novelty_screening.csv:11;papers/learned_lineage_novelty_dev_20260716/lineage_novelty_screening.csv:12;papers/learned_lineage_novelty_dev_20260716/lineage_novelty_screening.csv:13;...(+6),Prior artifact or parameter/search reference found before P02 freeze; exclude exact window from confirmatory denominator.
aqualoc_archaeology,A06,400,800,frame,5,true,true,true,DEVELOPMENT_ONLY,logs/aqualoc_archaeo_vins/external_hybrid_xfeat_every2_jul15screen3_a06_400_800_probe/aqualoc_archaeo06_pinhole.yaml;logs/aqualoc_archaeo_vins/external_hybrid_xfeat_every2_jul15screen3_a06_400_800_probe/features.bag;logs/aqualoc_archaeo_vins/external_hybrid_xfeat_every2_jul15screen3_a06_400_800_probe/frontend_metrics.csv;papers/frozen_frontend_exploration_20260715/run_evidence_jul15_late_and_jul16.csv:10;papers/frozen_frontend_exploration_20260715/screening_summary_jul15_late_and_jul16.csv:10,Prior artifact or parameter/search reference found before P02 freeze; exclude exact window from confirmatory denominator.
aqualoc_archaeology,A06,800,1200,frame,382,true,true,true,DEVELOPMENT_ONLY,logs/aqualoc_archaeo_vins/external_hybrid_xfeat_every2_jul15screen3_a06_800_1200_probe/aqualoc_archaeo06_pinhole.yaml;logs/aqualoc_archaeo_vins/external_hybrid_xfeat_every2_jul15screen3_a06_800_1200_probe/features.bag;logs/aqualoc_archaeo_vins/external_hybrid_xfeat_every2_jul15screen3_a06_800_1200_probe/frontend_metrics.csv;logs/aqualoc_archaeo_vins/external_hybrid_xfeat_every2_jul15screen3arb_a06_800_1200_oldcontract_microburst/aqualoc_archaeo06_pinhole.yaml;logs/aqualoc_archaeo_vins/external_hybrid_xfeat_every2_jul15screen3arb_a06_800_1200_oldcontract_microburst/arbitration_summary.txt;logs/aqualoc_archaeo_vins/external_hybrid_xfeat_every2_jul15screen3arb_a06_800_1200_oldcontract_microburst/arbitration_summary.txt:1;logs/aqualoc_archaeo_vins/external_hybrid_xfeat_every2_jul15screen3arb_a06_800_1200_oldcontract_microburst/arbitration_summary.txt:10;logs/aqualoc_archaeo_vins/external_hybrid_xfeat_every2_jul15screen3arb_a06_800_1200_oldcontract_microburst/arbitration_summary.txt:100;logs/aqualoc_archaeo_vins/external_hybrid_xfeat_every2_jul15screen3arb_a06_800_1200_oldcontract_microburst/arbitration_summary.txt:101;logs/aqualoc_archaeo_vins/external_hybrid_xfeat_every2_jul15screen3arb_a06_800_1200_oldcontract_microburst/arbitration_summary.txt:102;logs/aqualoc_archaeo_vins/external_hybrid_xfeat_every2_jul15screen3arb_a06_800_1200_oldcontract_microburst/arbitration_summary.txt:103;logs/aqualoc_archaeo_vins/external_hybrid_xfeat_every2_jul15screen3arb_a06_800_1200_oldcontract_microburst/arbitration_summary.txt:104;...(+370),Prior artifact or parameter/search reference found before P02 freeze; exclude exact window from confirmatory denominator.
aqualoc_archaeology,A07,10400,10800,frame,186,true,true,true,DEVELOPMENT_ONLY,logs/aqualoc_archaeo_vins/external_hybrid_xfeat_every2_jul11_neighbor_vins_a07_10400_10800_drop_source20/ape.txt;logs/aqualoc_archaeo_vins/external_hybrid_xfeat_every2_jul11_neighbor_vins_a07_10400_10800_drop_source20/ape.txt:1;logs/aqualoc_archaeo_vins/external_hybrid_xfeat_every2_jul11_neighbor_vins_a07_10400_10800_drop_source20/ape.txt:10;logs/aqualoc_archaeo_vins/external_hybrid_xfeat_every2_jul11_neighbor_vins_a07_10400_10800_drop_source20/ape.txt:11;logs/aqualoc_archaeo_vins/external_hybrid_xfeat_every2_jul11_neighbor_vins_a07_10400_10800_drop_source20/ape.txt:12;logs/aqualoc_archaeo_vins/external_hybrid_xfeat_every2_jul11_neighbor_vins_a07_10400_10800_drop_source20/ape.txt:13;logs/aqualoc_archaeo_vins/external_hybrid_xfeat_every2_jul11_neighbor_vins_a07_10400_10800_drop_source20/ape.txt:14;logs/aqualoc_archaeo_vins/external_hybrid_xfeat_every2_jul11_neighbor_vins_a07_10400_10800_drop_source20/ape.txt:15;logs/aqualoc_archaeo_vins/external_hybrid_xfeat_every2_jul11_neighbor_vins_a07_10400_10800_drop_source20/ape.txt:16;logs/aqualoc_archaeo_vins/external_hybrid_xfeat_every2_jul11_neighbor_vins_a07_10400_10800_drop_source20/ape.txt:17;logs/aqualoc_archaeo_vins/external_hybrid_xfeat_every2_jul11_neighbor_vins_a07_10400_10800_drop_source20/ape.txt:18;logs/aqualoc_archaeo_vins/external_hybrid_xfeat_every2_jul11_neighbor_vins_a07_10400_10800_drop_source20/ape.txt:19;...(+174),Prior artifact or parameter/search reference found before P02 freeze; exclude exact window from confirmatory denominator.
aqualoc_archaeology,A07,10800,11200,frame,3138,true,true,true,DEVELOPMENT_ONLY,logs/aqualoc_archaeo_vins/external_drop_source20_every2_jul11_a07_10800_11200_fresh_exactdrop_r1_cx/aqualoc_archaeo07_pinhole.yaml;logs/aqualoc_archaeo_vins/external_drop_source20_every2_jul11_a07_10800_11200_fresh_exactdrop_r1_cx/roscore.log;logs/aqualoc_archaeo_vins/external_drop_source20_every2_jul11_a07_10800_11200_fresh_exactdrop_r1_cx/vins_aqualoc_archaeo_external.yaml;logs/aqualoc_archaeo_vins/external_drop_source20_every2_jul11_a07_10800_11200_fresh_exactdrop_r1b_cx/ape.txt;logs/aqualoc_archaeo_vins/external_drop_source20_every2_jul11_a07_10800_11200_fresh_exactdrop_r1b_cx/ape.txt:1;logs/aqualoc_archaeo_vins/external_drop_source20_every2_jul11_a07_10800_11200_fresh_exactdrop_r1b_cx/ape.txt:10;logs/aqualoc_archaeo_vins/external_drop_source20_every2_jul11_a07_10800_11200_fresh_exactdrop_r1b_cx/ape.txt:11;logs/aqualoc_archaeo_vins/external_drop_source20_every2_jul11_a07_10800_11200_fresh_exactdrop_r1b_cx/ape.txt:12;logs/aqualoc_archaeo_vins/external_drop_source20_every2_jul11_a07_10800_11200_fresh_exactdrop_r1b_cx/ape.txt:13;logs/aqualoc_archaeo_vins/external_drop_source20_every2_jul11_a07_10800_11200_fresh_exactdrop_r1b_cx/ape.txt:14;logs/aqualoc_archaeo_vins/external_drop_source20_every2_jul11_a07_10800_11200_fresh_exactdrop_r1b_cx/ape.txt:15;logs/aqualoc_archaeo_vins/external_drop_source20_every2_jul11_a07_10800_11200_fresh_exactdrop_r1b_cx/ape.txt:16;...(+3126),Prior artifact or parameter/search reference found before P02 freeze; exclude exact window from confirmatory denominator.
aqualoc_archaeology,A07,11200,11600,frame,185,true,true,true,DEVELOPMENT_ONLY,logs/aqualoc_archaeo_vins/external_hybrid_xfeat_every2_jul11_neighbor_vins_a07_11200_11600_drop_source20/ape.txt;logs/aqualoc_archaeo_vins/external_hybrid_xfeat_every2_jul11_neighbor_vins_a07_11200_11600_drop_source20/ape.txt:1;logs/aqualoc_archaeo_vins/external_hybrid_xfeat_every2_jul11_neighbor_vins_a07_11200_11600_drop_source20/ape.txt:10;logs/aqualoc_archaeo_vins/external_hybrid_xfeat_every2_jul11_neighbor_vins_a07_11200_11600_drop_source20/ape.txt:11;logs/aqualoc_archaeo_vins/external_hybrid_xfeat_every2_jul11_neighbor_vins_a07_11200_11600_drop_source20/ape.txt:12;logs/aqualoc_archaeo_vins/external_hybrid_xfeat_every2_jul11_neighbor_vins_a07_11200_11600_drop_source20/ape.txt:13;logs/aqualoc_archaeo_vins/external_hybrid_xfeat_every2_jul11_neighbor_vins_a07_11200_11600_drop_source20/ape.txt:14;logs/aqualoc_archaeo_vins/external_hybrid_xfeat_every2_jul11_neighbor_vins_a07_11200_11600_drop_source20/ape.txt:15;logs/aqualoc_archaeo_vins/external_hybrid_xfeat_every2_jul11_neighbor_vins_a07_11200_11600_drop_source20/ape.txt:16;logs/aqualoc_archaeo_vins/external_hybrid_xfeat_every2_jul11_neighbor_vins_a07_11200_11600_drop_source20/ape.txt:17;logs/aqualoc_archaeo_vins/external_hybrid_xfeat_every2_jul11_neighbor_vins_a07_11200_11600_drop_source20/ape.txt:18;logs/aqualoc_archaeo_vins/external_hybrid_xfeat_every2_jul11_neighbor_vins_a07_11200_11600_drop_source20/ape.txt:19;...(+173),Prior artifact or parameter/search reference found before P02 freeze; exclude exact window from confirmatory denominator.
aqualoc_archaeology,A07,2800,3200,frame,86,true,true,true,DEVELOPMENT_ONLY,logs/aqualoc_archaeo_vins/external_hybrid_xfeat_every2_jul11_unscanned_a07_2800_3200_probe_oldcontract_densecap/aqualoc_archaeo07_pinhole.yaml;logs/aqualoc_archaeo_vins/external_hybrid_xfeat_every2_jul11_unscanned_a07_2800_3200_probe_oldcontract_densecap/arbitration_summary.txt;logs/aqualoc_archaeo_vins/external_hybrid_xfeat_every2_jul11_unscanned_a07_2800_3200_probe_oldcontract_densecap/arbitration_summary.txt:1;logs/aqualoc_archaeo_vins/external_hybrid_xfeat_every2_jul11_unscanned_a07_2800_3200_probe_oldcontract_densecap/arbitration_summary.txt:10;logs/aqualoc_archaeo_vins/external_hybrid_xfeat_every2_jul11_unscanned_a07_2800_3200_probe_oldcontract_densecap/arbitration_summary.txt:11;logs/aqualoc_archaeo_vins/external_hybrid_xfeat_every2_jul11_unscanned_a07_2800_3200_probe_oldcontract_densecap/arbitration_summary.txt:12;logs/aqualoc_archaeo_vins/external_hybrid_xfeat_every2_jul11_unscanned_a07_2800_3200_probe_oldcontract_densecap/arbitration_summary.txt:13;logs/aqualoc_archaeo_vins/external_hybrid_xfeat_every2_jul11_unscanned_a07_2800_3200_probe_oldcontract_densecap/arbitration_summary.txt:14;logs/aqualoc_archaeo_vins/external_hybrid_xfeat_every2_jul11_unscanned_a07_2800_3200_probe_oldcontract_densecap/arbitration_summary.txt:15;logs/aqualoc_archaeo_vins/external_hybrid_xfeat_every2_jul11_unscanned_a07_2800_3200_probe_oldcontract_densecap/arbitration_summary.txt:16;logs/aqualoc_archaeo_vins/external_hybrid_xfeat_every2_jul11_unscanned_a07_2800_3200_probe_oldcontract_densecap/arbitration_summary.txt:17;logs/aqualoc_archaeo_vins/external_hybrid_xfeat_every2_jul11_unscanned_a07_2800_3200_probe_oldcontract_densecap/arbitration_summary.txt:18;...(+74),Prior artifact or parameter/search reference found before P02 freeze; exclude exact window from confirmatory denominator.
aqualoc_archaeology,A07,3800,4200,frame,766,true,true,true,DEVELOPMENT_ONLY,logs/aqualoc_archaeo_vins/external_hybrid_xfeat_every2_jul12_morepos_a07_3800_4200_visible5/aqualoc_archaeo07_pinhole.yaml;logs/aqualoc_archaeo_vins/external_hybrid_xfeat_every2_jul12_morepos_a07_3800_4200_visible5/features.bag;logs/aqualoc_archaeo_vins/external_hybrid_xfeat_every2_jul12_morepos_a07_3800_4200_visible5/frontend_metrics.csv;logs/aqualoc_archaeo_vins/external_hybrid_xfeat_every2_jul14_continue_a07_3800_4200_normale18_oldcontract_microburst/aqualoc_archaeo07_pinhole.yaml;logs/aqualoc_archaeo_vins/external_hybrid_xfeat_every2_jul14_continue_a07_3800_4200_normale18_oldcontract_microburst/arbitration_summary.txt;logs/aqualoc_archaeo_vins/external_hybrid_xfeat_every2_jul14_continue_a07_3800_4200_normale18_oldcontract_microburst/arbitration_summary.txt:1;logs/aqualoc_archaeo_vins/external_hybrid_xfeat_every2_jul14_continue_a07_3800_4200_normale18_oldcontract_microburst/arbitration_summary.txt:10;logs/aqualoc_archaeo_vins/external_hybrid_xfeat_every2_jul14_continue_a07_3800_4200_normale18_oldcontract_microburst/arbitration_summary.txt:100;logs/aqualoc_archaeo_vins/external_hybrid_xfeat_every2_jul14_continue_a07_3800_4200_normale18_oldcontract_microburst/arbitration_summary.txt:101;logs/aqualoc_archaeo_vins/external_hybrid_xfeat_every2_jul14_continue_a07_3800_4200_normale18_oldcontract_microburst/arbitration_summary.txt:102;logs/aqualoc_archaeo_vins/external_hybrid_xfeat_every2_jul14_continue_a07_3800_4200_normale18_oldcontract_microburst/arbitration_summary.txt:103;logs/aqualoc_archaeo_vins/external_hybrid_xfeat_every2_jul14_continue_a07_3800_4200_normale18_oldcontract_microburst/arbitration_summary.txt:104;...(+754),Prior artifact or parameter/search reference found before P02 freeze; exclude exact window from confirmatory denominator.
aqualoc_archaeology,A07,400,800,frame,5,true,true,true,DEVELOPMENT_ONLY,logs/aqualoc_archaeo_vins/external_hybrid_xfeat_every2_jul15screen8_a07_400_800_probe/aqualoc_archaeo07_pinhole.yaml;logs/aqualoc_archaeo_vins/external_hybrid_xfeat_every2_jul15screen8_a07_400_800_probe/features.bag;logs/aqualoc_archaeo_vins/external_hybrid_xfeat_every2_jul15screen8_a07_400_800_probe/frontend_metrics.csv;papers/frozen_frontend_exploration_20260715/run_evidence_jul15_late_and_jul16.csv:27;papers/frozen_frontend_exploration_20260715/screening_summary_jul15_late_and_jul16.csv:27,Prior artifact or parameter/search reference found before P02 freeze; exclude exact window from confirmatory denominator.
aqualoc_archaeology,A07,4600,5000,frame,88,true,true,true,DEVELOPMENT_ONLY,logs/aqualoc_archaeo_vins/external_hybrid_xfeat_every2_jul11_unscanned3_a07_4600_5000_probe_oldcontract_densecap/aqualoc_archaeo07_pinhole.yaml;logs/aqualoc_archaeo_vins/external_hybrid_xfeat_every2_jul11_unscanned3_a07_4600_5000_probe_oldcontract_densecap/arbitration_summary.txt;logs/aqualoc_archaeo_vins/external_hybrid_xfeat_every2_jul11_unscanned3_a07_4600_5000_probe_oldcontract_densecap/arbitration_summary.txt:1;logs/aqualoc_archaeo_vins/external_hybrid_xfeat_every2_jul11_unscanned3_a07_4600_5000_probe_oldcontract_densecap/arbitration_summary.txt:10;logs/aqualoc_archaeo_vins/external_hybrid_xfeat_every2_jul11_unscanned3_a07_4600_5000_probe_oldcontract_densecap/arbitration_summary.txt:11;logs/aqualoc_archaeo_vins/external_hybrid_xfeat_every2_jul11_unscanned3_a07_4600_5000_probe_oldcontract_densecap/arbitration_summary.txt:12;logs/aqualoc_archaeo_vins/external_hybrid_xfeat_every2_jul11_unscanned3_a07_4600_5000_probe_oldcontract_densecap/arbitration_summary.txt:13;logs/aqualoc_archaeo_vins/external_hybrid_xfeat_every2_jul11_unscanned3_a07_4600_5000_probe_oldcontract_densecap/arbitration_summary.txt:14;logs/aqualoc_archaeo_vins/external_hybrid_xfeat_every2_jul11_unscanned3_a07_4600_5000_probe_oldcontract_densecap/arbitration_summary.txt:15;logs/aqualoc_archaeo_vins/external_hybrid_xfeat_every2_jul11_unscanned3_a07_4600_5000_probe_oldcontract_densecap/arbitration_summary.txt:16;logs/aqualoc_archaeo_vins/external_hybrid_xfeat_every2_jul11_unscanned3_a07_4600_5000_probe_oldcontract_densecap/arbitration_summary.txt:17;logs/aqualoc_archaeo_vins/external_hybrid_xfeat_every2_jul11_unscanned3_a07_4600_5000_probe_oldcontract_densecap/arbitration_summary.txt:18;...(+76),Prior artifact or parameter/search reference found before P02 freeze; exclude exact window from confirmatory denominator.
aqualoc_archaeology,A07,4620,4700,frame,5,true,false,true,DEVELOPMENT_ONLY,logs/low_texture_window_search_20260522_continued/frontend_matrix/A07_4620_4700_classical_hybrid.csv;logs/low_texture_window_search_20260522_continued/frontend_matrix/A07_4620_4700_full_sp_lg_loftr.csv;logs/low_texture_window_search_20260522_continued/frontend_matrix/A07_4620_4700_klt_adaptive_clahe.csv;logs/low_texture_window_search_20260522_continued/frontend_matrix/A07_4620_4700_sp_lg.csv;logs/low_texture_window_search_20260522_continued/frontend_matrix/A07_4620_4700_xfeat.csv,Prior artifact or parameter/search reference found before P02 freeze; exclude exact window from confirmatory denominator.
aqualoc_archaeology,A07,5200,5600,frame,16,true,true,true,DEVELOPMENT_ONLY,logs/aqualoc_archaeo_vins/external_hybrid_xfeat_every2_jul15screen8_a07_5200_5600_probe/aqualoc_archaeo07_pinhole.yaml;logs/aqualoc_archaeo_vins/external_hybrid_xfeat_every2_jul15screen8_a07_5200_5600_probe/features.bag;logs/aqualoc_archaeo_vins/external_hybrid_xfeat_every2_jul15screen8_a07_5200_5600_probe/frontend_metrics.csv;papers/frozen_frontend_exploration_20260715/run_evidence_jul15_late_and_jul16.csv:28;papers/frozen_frontend_exploration_20260715/screening_summary_jul15_late_and_jul16.csv:28;papers/learned_lineage_novelty_dev_20260716/lineage_motion_ratio_screening_20260717.csv:15;papers/learned_lineage_novelty_dev_20260716/lineage_motion_ratio_screening_20260717.csv:16;papers/learned_lineage_novelty_dev_20260716/lineage_motion_ratio_screening_20260717.csv:17;papers/learned_lineage_novelty_dev_20260716/lineage_novelty_screening.csv:127;papers/learned_lineage_novelty_dev_20260716/lineage_novelty_screening.csv:154;papers/learned_lineage_novelty_dev_20260716/lineage_novelty_screening.csv:229;papers/learned_lineage_novelty_dev_20260716/lineage_novelty_screening.csv:27;...(+4),Prior artifact or parameter/search reference found before P02 freeze; exclude exact window from confirmatory denominator.
aqualoc_archaeology,A07,5600,6000,frame,5,true,true,true,DEVELOPMENT_ONLY,logs/aqualoc_archaeo_vins/external_hybrid_xfeat_every2_jul15screen8_a07_5600_6000_probe/aqualoc_archaeo07_pinhole.yaml;logs/aqualoc_archaeo_vins/external_hybrid_xfeat_every2_jul15screen8_a07_5600_6000_probe/features.bag;logs/aqualoc_archaeo_vins/external_hybrid_xfeat_every2_jul15screen8_a07_5600_6000_probe/frontend_metrics.csv;papers/frozen_frontend_exploration_20260715/run_evidence_jul15_late_and_jul16.csv:29;papers/frozen_frontend_exploration_20260715/screening_summary_jul15_late_and_jul16.csv:29,Prior artifact or parameter/search reference found before P02 freeze; exclude exact window from confirmatory denominator.
aqualoc_archaeology,A07,8000,8400,frame,449,true,true,true,DEVELOPMENT_ONLY,logs/aqualoc_archaeo_vins/external_hybrid_xfeat_every2_jul11_unscanned2_a07_8000_8400_probe_oldcontract_densecap/aqualoc_archaeo07_pinhole.yaml;logs/aqualoc_archaeo_vins/external_hybrid_xfeat_every2_jul11_unscanned2_a07_8000_8400_probe_oldcontract_densecap/arbitration_summary.txt;logs/aqualoc_archaeo_vins/external_hybrid_xfeat_every2_jul11_unscanned2_a07_8000_8400_probe_oldcontract_densecap/arbitration_summary.txt:1;logs/aqualoc_archaeo_vins/external_hybrid_xfeat_every2_jul11_unscanned2_a07_8000_8400_probe_oldcontract_densecap/arbitration_summary.txt:10;logs/aqualoc_archaeo_vins/external_hybrid_xfeat_every2_jul11_unscanned2_a07_8000_8400_probe_oldcontract_densecap/arbitration_summary.txt:100;logs/aqualoc_archaeo_vins/external_hybrid_xfeat_every2_jul11_unscanned2_a07_8000_8400_probe_oldcontract_densecap/arbitration_summary.txt:101;logs/aqualoc_archaeo_vins/external_hybrid_xfeat_every2_jul11_unscanned2_a07_8000_8400_probe_oldcontract_densecap/arbitration_summary.txt:11;logs/aqualoc_archaeo_vins/external_hybrid_xfeat_every2_jul11_unscanned2_a07_8000_8400_probe_oldcontract_densecap/arbitration_summary.txt:12;logs/aqualoc_archaeo_vins/external_hybrid_xfeat_every2_jul11_unscanned2_a07_8000_8400_probe_oldcontract_densecap/arbitration_summary.txt:13;logs/aqualoc_archaeo_vins/external_hybrid_xfeat_every2_jul11_unscanned2_a07_8000_8400_probe_oldcontract_densecap/arbitration_summary.txt:14;logs/aqualoc_archaeo_vins/external_hybrid_xfeat_every2_jul11_unscanned2_a07_8000_8400_probe_oldcontract_densecap/arbitration_summary.txt:15;logs/aqualoc_archaeo_vins/external_hybrid_xfeat_every2_jul11_unscanned2_a07_8000_8400_probe_oldcontract_densecap/arbitration_summary.txt:16;...(+437),Prior artifact or parameter/search reference found before P02 freeze; exclude exact window from confirmatory denominator.
aqualoc_archaeology,A07,8400,8800,frame,11,true,true,true,DEVELOPMENT_ONLY,logs/aqualoc_archaeo_vins/external_hybrid_xfeat_every2_jul15screen8_a07_8400_8800_probe/aqualoc_archaeo07_pinhole.yaml;logs/aqualoc_archaeo_vins/external_hybrid_xfeat_every2_jul15screen8_a07_8400_8800_probe/features.bag;logs/aqualoc_archaeo_vins/external_hybrid_xfeat_every2_jul15screen8_a07_8400_8800_probe/frontend_metrics.csv;papers/frozen_frontend_exploration_20260715/run_evidence_jul15_late_and_jul16.csv:30;papers/frozen_frontend_exploration_20260715/screening_summary_jul15_late_and_jul16.csv:30;papers/learned_lineage_novelty_dev_20260716/lineage_motion_ratio_screening_20260717.csv:18;papers/learned_lineage_novelty_dev_20260716/lineage_motion_ratio_screening_20260717.csv:19;papers/learned_lineage_novelty_dev_20260716/lineage_novelty_screening.csv:183;papers/learned_lineage_novelty_dev_20260716/lineage_novelty_screening.csv:24;papers/learned_lineage_novelty_dev_20260716/lineage_novelty_screening.csv:25;papers/learned_lineage_novelty_dev_20260716/lineage_novelty_screening.csv:87,Prior artifact or parameter/search reference found before P02 freeze; exclude exact window from confirmatory denominator.
aqualoc_archaeology,A07,9400,9800,frame,292,true,true,true,DEVELOPMENT_ONLY,logs/aqualoc_archaeo_vins/external_hybrid_xfeat_every2_jul11_unscanned4_a07_9400_9800_probe_oldcontract_densecap/aqualoc_archaeo07_pinhole.yaml;logs/aqualoc_archaeo_vins/external_hybrid_xfeat_every2_jul11_unscanned4_a07_9400_9800_probe_oldcontract_densecap/arbitration_summary.txt;logs/aqualoc_archaeo_vins/external_hybrid_xfeat_every2_jul11_unscanned4_a07_9400_9800_probe_oldcontract_densecap/arbitration_summary.txt:1;logs/aqualoc_archaeo_vins/external_hybrid_xfeat_every2_jul11_unscanned4_a07_9400_9800_probe_oldcontract_densecap/arbitration_summary.txt:10;logs/aqualoc_archaeo_vins/external_hybrid_xfeat_every2_jul11_unscanned4_a07_9400_9800_probe_oldcontract_densecap/arbitration_summary.txt:100;logs/aqualoc_archaeo_vins/external_hybrid_xfeat_every2_jul11_unscanned4_a07_9400_9800_probe_oldcontract_densecap/arbitration_summary.txt:101;logs/aqualoc_archaeo_vins/external_hybrid_xfeat_every2_jul11_unscanned4_a07_9400_9800_probe_oldcontract_densecap/arbitration_summary.txt:11;logs/aqualoc_archaeo_vins/external_hybrid_xfeat_every2_jul11_unscanned4_a07_9400_9800_probe_oldcontract_densecap/arbitration_summary.txt:12;logs/aqualoc_archaeo_vins/external_hybrid_xfeat_every2_jul11_unscanned4_a07_9400_9800_probe_oldcontract_densecap/arbitration_summary.txt:13;logs/aqualoc_archaeo_vins/external_hybrid_xfeat_every2_jul11_unscanned4_a07_9400_9800_probe_oldcontract_densecap/arbitration_summary.txt:14;logs/aqualoc_archaeo_vins/external_hybrid_xfeat_every2_jul11_unscanned4_a07_9400_9800_probe_oldcontract_densecap/arbitration_summary.txt:15;logs/aqualoc_archaeo_vins/external_hybrid_xfeat_every2_jul11_unscanned4_a07_9400_9800_probe_oldcontract_densecap/arbitration_summary.txt:16;...(+280),Prior artifact or parameter/search reference found before P02 freeze; exclude exact window from confirmatory denominator.
aqualoc_archaeology,A08,0,400,frame,23,true,true,true,DEVELOPMENT_ONLY,logs/aqualoc_archaeo_vins/external_hybrid_xfeat_every2_jul15screen7_a08_0_400_probe/aqualoc_archaeo08_pinhole.yaml;logs/aqualoc_archaeo_vins/external_hybrid_xfeat_every2_jul15screen7_a08_0_400_probe/features.bag;logs/aqualoc_archaeo_vins/external_hybrid_xfeat_every2_jul15screen7_a08_0_400_probe/frontend_metrics.csv;papers/frozen_frontend_exploration_20260715/run_evidence_jul15_late_and_jul16.csv:23;papers/frozen_frontend_exploration_20260715/screening_summary_jul15_late_and_jul16.csv:23;papers/learned_lineage_novelty_dev_20260716/lineage_novelty_screening.csv:109;papers/learned_lineage_novelty_dev_20260716/lineage_novelty_screening.csv:130;papers/learned_lineage_novelty_dev_20260716/lineage_novelty_screening.csv:139;papers/learned_lineage_novelty_dev_20260716/lineage_novelty_screening.csv:156;papers/learned_lineage_novelty_dev_20260716/lineage_novelty_screening.csv:169;papers/learned_lineage_novelty_dev_20260716/lineage_novelty_screening.csv:176;papers/learned_lineage_novelty_dev_20260716/lineage_novelty_screening.csv:194;...(+11),Prior artifact or parameter/search reference found before P02 freeze; exclude exact window from confirmatory denominator.
aqualoc_archaeology,A08,400,800,frame,16,true,true,true,DEVELOPMENT_ONLY,logs/aqualoc_archaeo_vins/external_hybrid_xfeat_every2_jul15screen7_a08_400_800_probe/aqualoc_archaeo08_pinhole.yaml;logs/aqualoc_archaeo_vins/external_hybrid_xfeat_every2_jul15screen7_a08_400_800_probe/features.bag;logs/aqualoc_archaeo_vins/external_hybrid_xfeat_every2_jul15screen7_a08_400_800_probe/frontend_metrics.csv;papers/frozen_frontend_exploration_20260715/run_evidence_jul15_late_and_jul16.csv:24;papers/frozen_frontend_exploration_20260715/screening_summary_jul15_late_and_jul16.csv:24;papers/learned_lineage_novelty_dev_20260716/lineage_motion_ratio_screening_20260717.csv:11;papers/learned_lineage_novelty_dev_20260716/lineage_motion_ratio_screening_20260717.csv:12;papers/learned_lineage_novelty_dev_20260716/lineage_motion_ratio_screening_20260717.csv:13;papers/learned_lineage_novelty_dev_20260716/lineage_motion_ratio_screening_20260717.csv:14;papers/learned_lineage_novelty_dev_20260716/lineage_novelty_screening.csv:200;papers/learned_lineage_novelty_dev_20260716/lineage_novelty_screening.csv:245;papers/learned_lineage_novelty_dev_20260716/lineage_novelty_screening.csv:28;...(+4),Prior artifact or parameter/search reference found before P02 freeze; exclude exact window from confirmatory denominator.
aqualoc_archaeology,A08,4200,4380,frame,457,true,true,true,DEVELOPMENT_ONLY,logs/aqualoc_archaeo_vins/external_hybrid_xfeat_every2_jul07_nonoverlap_a8_4200_4380_cap2_vins/ape.txt;logs/aqualoc_archaeo_vins/external_hybrid_xfeat_every2_jul07_nonoverlap_a8_4200_4380_cap2_vins/ape.txt:1;logs/aqualoc_archaeo_vins/external_hybrid_xfeat_every2_jul07_nonoverlap_a8_4200_4380_cap2_vins/ape.txt:10;logs/aqualoc_archaeo_vins/external_hybrid_xfeat_every2_jul07_nonoverlap_a8_4200_4380_cap2_vins/ape.txt:11;logs/aqualoc_archaeo_vins/external_hybrid_xfeat_every2_jul07_nonoverlap_a8_4200_4380_cap2_vins/ape.txt:12;logs/aqualoc_archaeo_vins/external_hybrid_xfeat_every2_jul07_nonoverlap_a8_4200_4380_cap2_vins/ape.txt:13;logs/aqualoc_archaeo_vins/external_hybrid_xfeat_every2_jul07_nonoverlap_a8_4200_4380_cap2_vins/ape.txt:14;logs/aqualoc_archaeo_vins/external_hybrid_xfeat_every2_jul07_nonoverlap_a8_4200_4380_cap2_vins/ape.txt:15;logs/aqualoc_archaeo_vins/external_hybrid_xfeat_every2_jul07_nonoverlap_a8_4200_4380_cap2_vins/ape.txt:16;logs/aqualoc_archaeo_vins/external_hybrid_xfeat_every2_jul07_nonoverlap_a8_4200_4380_cap2_vins/ape.txt:17;logs/aqualoc_archaeo_vins/external_hybrid_xfeat_every2_jul07_nonoverlap_a8_4200_4380_cap2_vins/ape.txt:18;logs/aqualoc_archaeo_vins/external_hybrid_xfeat_every2_jul07_nonoverlap_a8_4200_4380_cap2_vins/ape.txt:19;...(+445),Prior artifact or parameter/search reference found before P02 freeze; exclude exact window from confirmatory denominator.
aqualoc_archaeology,A08,4300,4460,frame,304,true,true,true,DEVELOPMENT_ONLY,logs/aqualoc_archaeo_vins/external_hybrid_xfeat_every2_jul07_nonoverlap_a8_4300_4460_cap2_vins/ape.txt;logs/aqualoc_archaeo_vins/external_hybrid_xfeat_every2_jul07_nonoverlap_a8_4300_4460_cap2_vins/ape.txt:1;logs/aqualoc_archaeo_vins/external_hybrid_xfeat_every2_jul07_nonoverlap_a8_4300_4460_cap2_vins/ape.txt:10;logs/aqualoc_archaeo_vins/external_hybrid_xfeat_every2_jul07_nonoverlap_a8_4300_4460_cap2_vins/ape.txt:11;logs/aqualoc_archaeo_vins/external_hybrid_xfeat_every2_jul07_nonoverlap_a8_4300_4460_cap2_vins/ape.txt:12;logs/aqualoc_archaeo_vins/external_hybrid_xfeat_every2_jul07_nonoverlap_a8_4300_4460_cap2_vins/ape.txt:13;logs/aqualoc_archaeo_vins/external_hybrid_xfeat_every2_jul07_nonoverlap_a8_4300_4460_cap2_vins/ape.txt:14;logs/aqualoc_archaeo_vins/external_hybrid_xfeat_every2_jul07_nonoverlap_a8_4300_4460_cap2_vins/ape.txt:15;logs/aqualoc_archaeo_vins/external_hybrid_xfeat_every2_jul07_nonoverlap_a8_4300_4460_cap2_vins/ape.txt:16;logs/aqualoc_archaeo_vins/external_hybrid_xfeat_every2_jul07_nonoverlap_a8_4300_4460_cap2_vins/ape.txt:17;logs/aqualoc_archaeo_vins/external_hybrid_xfeat_every2_jul07_nonoverlap_a8_4300_4460_cap2_vins/ape.txt:18;logs/aqualoc_archaeo_vins/external_hybrid_xfeat_every2_jul07_nonoverlap_a8_4300_4460_cap2_vins/ape.txt:19;...(+292),Prior artifact or parameter/search reference found before P02 freeze; exclude exact window from confirmatory denominator.
aqualoc_archaeology,A08,4480,4640,frame,161,true,true,false,DEVELOPMENT_ONLY,logs/aqualoc_archaeo_vins/external_hybrid_xfeat_every2_jul04_a08_4480_4640_cap14_pf6_replay/ape.txt;logs/aqualoc_archaeo_vins/external_hybrid_xfeat_every2_jul04_a08_4480_4640_cap14_pf6_replay/ape.txt:1;logs/aqualoc_archaeo_vins/external_hybrid_xfeat_every2_jul04_a08_4480_4640_cap14_pf6_replay/ape.txt:10;logs/aqualoc_archaeo_vins/external_hybrid_xfeat_every2_jul04_a08_4480_4640_cap14_pf6_replay/ape.txt:11;logs/aqualoc_archaeo_vins/external_hybrid_xfeat_every2_jul04_a08_4480_4640_cap14_pf6_replay/ape.txt:12;logs/aqualoc_archaeo_vins/external_hybrid_xfeat_every2_jul04_a08_4480_4640_cap14_pf6_replay/ape.txt:13;logs/aqualoc_archaeo_vins/external_hybrid_xfeat_every2_jul04_a08_4480_4640_cap14_pf6_replay/ape.txt:14;logs/aqualoc_archaeo_vins/external_hybrid_xfeat_every2_jul04_a08_4480_4640_cap14_pf6_replay/ape.txt:15;logs/aqualoc_archaeo_vins/external_hybrid_xfeat_every2_jul04_a08_4480_4640_cap14_pf6_replay/ape.txt:16;logs/aqualoc_archaeo_vins/external_hybrid_xfeat_every2_jul04_a08_4480_4640_cap14_pf6_replay/ape.txt:17;logs/aqualoc_archaeo_vins/external_hybrid_xfeat_every2_jul04_a08_4480_4640_cap14_pf6_replay/ape.txt:18;logs/aqualoc_archaeo_vins/external_hybrid_xfeat_every2_jul04_a08_4480_4640_cap14_pf6_replay/ape.txt:19;...(+149),Prior artifact or parameter/search reference found before P02 freeze; exclude exact window from confirmatory denominator.
aqualoc_archaeology,A08,4480,4680,frame,5522,true,true,true,DEVELOPMENT_ONLY,logs/agent_aqualoc_lowtexture_candidates.md:20;logs/agent_aqualoc_lowtexture_candidates.md:27;logs/agent_aqualoc_lowtexture_candidates.md:41;logs/agent_aqualoc_lowtexture_candidates.md:48;logs/agent_aqualoc_reproducible_pairs.md:143;logs/agent_aqualoc_reproducible_pairs.md:62;logs/agent_evidence_table_20260518.md:25;logs/agent_low_texture_candidates.md:52;logs/agent_seven_point_summary.md:1897;logs/agent_seven_point_summary.md:197;logs/agent_sidecar_trigger_evidence.md:131;logs/agent_sidecar_trigger_evidence.md:79;...(+5510),Prior artifact or parameter/search reference found before P02 freeze; exclude exact window from confirmatory denominator.
aqualoc_archaeology,A08,4490,4650,frame,155,true,true,false,DEVELOPMENT_ONLY,logs/aqualoc_archaeo_vins/external_hybrid_xfeat_every2_jul07_a08_4490_4650_cap2_replay/ape.txt;logs/aqualoc_archaeo_vins/external_hybrid_xfeat_every2_jul07_a08_4490_4650_cap2_replay/ape.txt:1;logs/aqualoc_archaeo_vins/external_hybrid_xfeat_every2_jul07_a08_4490_4650_cap2_replay/ape.txt:10;logs/aqualoc_archaeo_vins/external_hybrid_xfeat_every2_jul07_a08_4490_4650_cap2_replay/ape.txt:11;logs/aqualoc_archaeo_vins/external_hybrid_xfeat_every2_jul07_a08_4490_4650_cap2_replay/ape.txt:12;logs/aqualoc_archaeo_vins/external_hybrid_xfeat_every2_jul07_a08_4490_4650_cap2_replay/ape.txt:13;logs/aqualoc_archaeo_vins/external_hybrid_xfeat_every2_jul07_a08_4490_4650_cap2_replay/ape.txt:14;logs/aqualoc_archaeo_vins/external_hybrid_xfeat_every2_jul07_a08_4490_4650_cap2_replay/ape.txt:15;logs/aqualoc_archaeo_vins/external_hybrid_xfeat_every2_jul07_a08_4490_4650_cap2_replay/ape.txt:16;logs/aqualoc_archaeo_vins/external_hybrid_xfeat_every2_jul07_a08_4490_4650_cap2_replay/ape.txt:17;logs/aqualoc_archaeo_vins/external_hybrid_xfeat_every2_jul07_a08_4490_4650_cap2_replay/ape.txt:18;logs/aqualoc_archaeo_vins/external_hybrid_xfeat_every2_jul07_a08_4490_4650_cap2_replay/ape.txt:19;...(+143),Prior artifact or parameter/search reference found before P02 freeze; exclude exact window from confirmatory denominator.
aqualoc_archaeology,A08,4500,4650,frame,279,true,true,true,DEVELOPMENT_ONLY,logs/aqualoc_archaeo_vins/external_hybrid_xfeat_every2_existing_jul10_postqcap_a08_4500_4650_oldcontract_microburst/ape.txt;logs/aqualoc_archaeo_vins/external_hybrid_xfeat_every2_existing_jul10_postqcap_a08_4500_4650_oldcontract_microburst/ape.txt:1;logs/aqualoc_archaeo_vins/external_hybrid_xfeat_every2_existing_jul10_postqcap_a08_4500_4650_oldcontract_microburst/ape.txt:10;logs/aqualoc_archaeo_vins/external_hybrid_xfeat_every2_existing_jul10_postqcap_a08_4500_4650_oldcontract_microburst/ape.txt:11;logs/aqualoc_archaeo_vins/external_hybrid_xfeat_every2_existing_jul10_postqcap_a08_4500_4650_oldcontract_microburst/ape.txt:12;logs/aqualoc_archaeo_vins/external_hybrid_xfeat_every2_existing_jul10_postqcap_a08_4500_4650_oldcontract_microburst/ape.txt:13;logs/aqualoc_archaeo_vins/external_hybrid_xfeat_every2_existing_jul10_postqcap_a08_4500_4650_oldcontract_microburst/ape.txt:14;logs/aqualoc_archaeo_vins/external_hybrid_xfeat_every2_existing_jul10_postqcap_a08_4500_4650_oldcontract_microburst/ape.txt:15;logs/aqualoc_archaeo_vins/external_hybrid_xfeat_every2_existing_jul10_postqcap_a08_4500_4650_oldcontract_microburst/ape.txt:16;logs/aqualoc_archaeo_vins/external_hybrid_xfeat_every2_existing_jul10_postqcap_a08_4500_4650_oldcontract_microburst/ape.txt:17;logs/aqualoc_archaeo_vins/external_hybrid_xfeat_every2_existing_jul10_postqcap_a08_4500_4650_oldcontract_microburst/ape.txt:18;logs/aqualoc_archaeo_vins/external_hybrid_xfeat_every2_existing_jul10_postqcap_a08_4500_4650_oldcontract_microburst/ape.txt:19;...(+267),Prior artifact or parameter/search reference found before P02 freeze; exclude exact window from confirmatory denominator.
aqualoc_archaeology,A08,4500,4660,frame,5328,true,true,true,DEVELOPMENT_ONLY,logs/aqualoc_archaeo_vins/external_hybrid_xfeat_every2_existing_jul10_postqcap6_a08_4500_4660_oldcontract_microburst/ape.txt;logs/aqualoc_archaeo_vins/external_hybrid_xfeat_every2_existing_jul10_postqcap6_a08_4500_4660_oldcontract_microburst/ape.txt:1;logs/aqualoc_archaeo_vins/external_hybrid_xfeat_every2_existing_jul10_postqcap6_a08_4500_4660_oldcontract_microburst/ape.txt:10;logs/aqualoc_archaeo_vins/external_hybrid_xfeat_every2_existing_jul10_postqcap6_a08_4500_4660_oldcontract_microburst/ape.txt:11;logs/aqualoc_archaeo_vins/external_hybrid_xfeat_every2_existing_jul10_postqcap6_a08_4500_4660_oldcontract_microburst/ape.txt:12;logs/aqualoc_archaeo_vins/external_hybrid_xfeat_every2_existing_jul10_postqcap6_a08_4500_4660_oldcontract_microburst/ape.txt:13;logs/aqualoc_archaeo_vins/external_hybrid_xfeat_every2_existing_jul10_postqcap6_a08_4500_4660_oldcontract_microburst/ape.txt:14;logs/aqualoc_archaeo_vins/external_hybrid_xfeat_every2_existing_jul10_postqcap6_a08_4500_4660_oldcontract_microburst/ape.txt:15;logs/aqualoc_archaeo_vins/external_hybrid_xfeat_every2_existing_jul10_postqcap6_a08_4500_4660_oldcontract_microburst/ape.txt:16;logs/aqualoc_archaeo_vins/external_hybrid_xfeat_every2_existing_jul10_postqcap6_a08_4500_4660_oldcontract_microburst/ape.txt:17;logs/aqualoc_archaeo_vins/external_hybrid_xfeat_every2_existing_jul10_postqcap6_a08_4500_4660_oldcontract_microburst/ape.txt:18;logs/aqualoc_archaeo_vins/external_hybrid_xfeat_every2_existing_jul10_postqcap6_a08_4500_4660_oldcontract_microburst/ape.txt:19;...(+5316),Prior artifact or parameter/search reference found before P02 freeze; exclude exact window from confirmatory denominator.
aqualoc_archaeology,A08,4500,4670,frame,279,true,true,true,DEVELOPMENT_ONLY,logs/aqualoc_archaeo_vins/external_hybrid_xfeat_every2_existing_jul10_postqcap_a08_4500_4670_oldcontract_microburst/ape.txt;logs/aqualoc_archaeo_vins/external_hybrid_xfeat_every2_existing_jul10_postqcap_a08_4500_4670_oldcontract_microburst/ape.txt:1;logs/aqualoc_archaeo_vins/external_hybrid_xfeat_every2_existing_jul10_postqcap_a08_4500_4670_oldcontract_microburst/ape.txt:10;logs/aqualoc_archaeo_vins/external_hybrid_xfeat_every2_existing_jul10_postqcap_a08_4500_4670_oldcontract_microburst/ape.txt:11;logs/aqualoc_archaeo_vins/external_hybrid_xfeat_every2_existing_jul10_postqcap_a08_4500_4670_oldcontract_microburst/ape.txt:12;logs/aqualoc_archaeo_vins/external_hybrid_xfeat_every2_existing_jul10_postqcap_a08_4500_4670_oldcontract_microburst/ape.txt:13;logs/aqualoc_archaeo_vins/external_hybrid_xfeat_every2_existing_jul10_postqcap_a08_4500_4670_oldcontract_microburst/ape.txt:14;logs/aqualoc_archaeo_vins/external_hybrid_xfeat_every2_existing_jul10_postqcap_a08_4500_4670_oldcontract_microburst/ape.txt:15;logs/aqualoc_archaeo_vins/external_hybrid_xfeat_every2_existing_jul10_postqcap_a08_4500_4670_oldcontract_microburst/ape.txt:16;logs/aqualoc_archaeo_vins/external_hybrid_xfeat_every2_existing_jul10_postqcap_a08_4500_4670_oldcontract_microburst/ape.txt:17;logs/aqualoc_archaeo_vins/external_hybrid_xfeat_every2_existing_jul10_postqcap_a08_4500_4670_oldcontract_microburst/ape.txt:18;logs/aqualoc_archaeo_vins/external_hybrid_xfeat_every2_existing_jul10_postqcap_a08_4500_4670_oldcontract_microburst/ape.txt:19;...(+267),Prior artifact or parameter/search reference found before P02 freeze; exclude exact window from confirmatory denominator.
aqualoc_archaeology,A08,4500,4680,frame,279,true,true,true,DEVELOPMENT_ONLY,logs/aqualoc_archaeo_vins/external_hybrid_xfeat_every2_existing_jul10_postqcap_a08_4500_4680_oldcontract_microburst/ape.txt;logs/aqualoc_archaeo_vins/external_hybrid_xfeat_every2_existing_jul10_postqcap_a08_4500_4680_oldcontract_microburst/ape.txt:1;logs/aqualoc_archaeo_vins/external_hybrid_xfeat_every2_existing_jul10_postqcap_a08_4500_4680_oldcontract_microburst/ape.txt:10;logs/aqualoc_archaeo_vins/external_hybrid_xfeat_every2_existing_jul10_postqcap_a08_4500_4680_oldcontract_microburst/ape.txt:11;logs/aqualoc_archaeo_vins/external_hybrid_xfeat_every2_existing_jul10_postqcap_a08_4500_4680_oldcontract_microburst/ape.txt:12;logs/aqualoc_archaeo_vins/external_hybrid_xfeat_every2_existing_jul10_postqcap_a08_4500_4680_oldcontract_microburst/ape.txt:13;logs/aqualoc_archaeo_vins/external_hybrid_xfeat_every2_existing_jul10_postqcap_a08_4500_4680_oldcontract_microburst/ape.txt:14;logs/aqualoc_archaeo_vins/external_hybrid_xfeat_every2_existing_jul10_postqcap_a08_4500_4680_oldcontract_microburst/ape.txt:15;logs/aqualoc_archaeo_vins/external_hybrid_xfeat_every2_existing_jul10_postqcap_a08_4500_4680_oldcontract_microburst/ape.txt:16;logs/aqualoc_archaeo_vins/external_hybrid_xfeat_every2_existing_jul10_postqcap_a08_4500_4680_oldcontract_microburst/ape.txt:17;logs/aqualoc_archaeo_vins/external_hybrid_xfeat_every2_existing_jul10_postqcap_a08_4500_4680_oldcontract_microburst/ape.txt:18;logs/aqualoc_archaeo_vins/external_hybrid_xfeat_every2_existing_jul10_postqcap_a08_4500_4680_oldcontract_microburst/ape.txt:19;...(+267),Prior artifact or parameter/search reference found before P02 freeze; exclude exact window from confirmatory denominator.
aqualoc_archaeology,A08,4510,4670,frame,155,true,true,false,DEVELOPMENT_ONLY,logs/aqualoc_archaeo_vins/external_hybrid_xfeat_every2_jul07_a08_4510_4670_cap2_replay/ape.txt;logs/aqualoc_archaeo_vins/external_hybrid_xfeat_every2_jul07_a08_4510_4670_cap2_replay/ape.txt:1;logs/aqualoc_archaeo_vins/external_hybrid_xfeat_every2_jul07_a08_4510_4670_cap2_replay/ape.txt:10;logs/aqualoc_archaeo_vins/external_hybrid_xfeat_every2_jul07_a08_4510_4670_cap2_replay/ape.txt:11;logs/aqualoc_archaeo_vins/external_hybrid_xfeat_every2_jul07_a08_4510_4670_cap2_replay/ape.txt:12;logs/aqualoc_archaeo_vins/external_hybrid_xfeat_every2_jul07_a08_4510_4670_cap2_replay/ape.txt:13;logs/aqualoc_archaeo_vins/external_hybrid_xfeat_every2_jul07_a08_4510_4670_cap2_replay/ape.txt:14;logs/aqualoc_archaeo_vins/external_hybrid_xfeat_every2_jul07_a08_4510_4670_cap2_replay/ape.txt:15;logs/aqualoc_archaeo_vins/external_hybrid_xfeat_every2_jul07_a08_4510_4670_cap2_replay/ape.txt:16;logs/aqualoc_archaeo_vins/external_hybrid_xfeat_every2_jul07_a08_4510_4670_cap2_replay/ape.txt:17;logs/aqualoc_archaeo_vins/external_hybrid_xfeat_every2_jul07_a08_4510_4670_cap2_replay/ape.txt:18;logs/aqualoc_archaeo_vins/external_hybrid_xfeat_every2_jul07_a08_4510_4670_cap2_replay/ape.txt:19;...(+143),Prior artifact or parameter/search reference found before P02 freeze; exclude exact window from confirmatory denominator.
aqualoc_archaeology,A08,4520,4546,frame,56,true,false,true,DEVELOPMENT_ONLY,logs/agent_loftr_trigger_search_20260514/visual_context/a08_4520_4546_klt.csv;logs/agent_loftr_trigger_search_20260514/visual_context/a08_4520_4546_klt_viz/frame_004520.jpg;logs/agent_loftr_trigger_search_20260514/visual_context/a08_4520_4546_klt_viz/frame_004521.jpg;logs/agent_loftr_trigger_search_20260514/visual_context/a08_4520_4546_klt_viz/frame_004522.jpg;logs/agent_loftr_trigger_search_20260514/visual_context/a08_4520_4546_klt_viz/frame_004523.jpg;logs/agent_loftr_trigger_search_20260514/visual_context/a08_4520_4546_klt_viz/frame_004524.jpg;logs/agent_loftr_trigger_search_20260514/visual_context/a08_4520_4546_klt_viz/frame_004525.jpg;logs/agent_loftr_trigger_search_20260514/visual_context/a08_4520_4546_klt_viz/frame_004526.jpg;logs/agent_loftr_trigger_search_20260514/visual_context/a08_4520_4546_klt_viz/frame_004527.jpg;logs/agent_loftr_trigger_search_20260514/visual_context/a08_4520_4546_klt_viz/frame_004528.jpg;logs/agent_loftr_trigger_search_20260514/visual_context/a08_4520_4546_klt_viz/frame_004529.jpg;logs/agent_loftr_trigger_search_20260514/visual_context/a08_4520_4546_klt_viz/frame_004530.jpg;...(+44),Prior artifact or parameter/search reference found before P02 freeze; exclude exact window from confirmatory denominator.
aqualoc_archaeology,A08,4520,4680,frame,3266,true,true,true,DEVELOPMENT_ONLY,logs/a08_4520_4680_existing_evidence.csv;logs/agent_aqualoc_lowtexture_candidates.md:21;logs/agent_aqualoc_lowtexture_candidates.md:29;logs/agent_aqualoc_lowtexture_candidates.md:42;logs/agent_aqualoc_lowtexture_candidates.md:48;logs/agent_aqualoc_reproducible_pairs.md:144;logs/agent_aqualoc_reproducible_pairs.md:75;logs/agent_evidence_table_20260518.md:36;logs/agent_loftr_trigger_search_20260514/aqualoc_archaeo8_4520_4680_klt_adaptive_clahe.csv;logs/agent_loftr_trigger_search_20260514/aqualoc_archaeo8_4520_4680_loftr_extreme_only.csv;logs/agent_low_texture_candidates.md:52;logs/agent_low_texture_candidates.md:58;...(+3254),Prior artifact or parameter/search reference found before P02 freeze; exclude exact window from confirmatory denominator.
aqualoc_archaeology,A08,4534,4546,frame,28,true,false,true,DEVELOPMENT_ONLY,logs/agent_loftr_trigger_search_20260514/visual/a08_4534_4546_klt.csv;logs/agent_loftr_trigger_search_20260514/visual/a08_4534_4546_klt_viz/frame_004534.jpg;logs/agent_loftr_trigger_search_20260514/visual/a08_4534_4546_klt_viz/frame_004535.jpg;logs/agent_loftr_trigger_search_20260514/visual/a08_4534_4546_klt_viz/frame_004536.jpg;logs/agent_loftr_trigger_search_20260514/visual/a08_4534_4546_klt_viz/frame_004537.jpg;logs/agent_loftr_trigger_search_20260514/visual/a08_4534_4546_klt_viz/frame_004538.jpg;logs/agent_loftr_trigger_search_20260514/visual/a08_4534_4546_klt_viz/frame_004539.jpg;logs/agent_loftr_trigger_search_20260514/visual/a08_4534_4546_klt_viz/frame_004540.jpg;logs/agent_loftr_trigger_search_20260514/visual/a08_4534_4546_klt_viz/frame_004541.jpg;logs/agent_loftr_trigger_search_20260514/visual/a08_4534_4546_klt_viz/frame_004542.jpg;logs/agent_loftr_trigger_search_20260514/visual/a08_4534_4546_klt_viz/frame_004543.jpg;logs/agent_loftr_trigger_search_20260514/visual/a08_4534_4546_klt_viz/frame_004544.jpg;...(+16),Prior artifact or parameter/search reference found before P02 freeze; exclude exact window from confirmatory denominator.
aqualoc_archaeology,A08,4700,4860,frame,409,true,true,true,DEVELOPMENT_ONLY,logs/aqualoc_archaeo_vins/external_hybrid_xfeat_every2_jul07_nonoverlap_a8_4700_4860_cap2_vins/ape.txt;logs/aqualoc_archaeo_vins/external_hybrid_xfeat_every2_jul07_nonoverlap_a8_4700_4860_cap2_vins/ape.txt:1;logs/aqualoc_archaeo_vins/external_hybrid_xfeat_every2_jul07_nonoverlap_a8_4700_4860_cap2_vins/ape.txt:10;logs/aqualoc_archaeo_vins/external_hybrid_xfeat_every2_jul07_nonoverlap_a8_4700_4860_cap2_vins/ape.txt:11;logs/aqualoc_archaeo_vins/external_hybrid_xfeat_every2_jul07_nonoverlap_a8_4700_4860_cap2_vins/ape.txt:12;logs/aqualoc_archaeo_vins/external_hybrid_xfeat_every2_jul07_nonoverlap_a8_4700_4860_cap2_vins/ape.txt:13;logs/aqualoc_archaeo_vins/external_hybrid_xfeat_every2_jul07_nonoverlap_a8_4700_4860_cap2_vins/ape.txt:14;logs/aqualoc_archaeo_vins/external_hybrid_xfeat_every2_jul07_nonoverlap_a8_4700_4860_cap2_vins/ape.txt:15;logs/aqualoc_archaeo_vins/external_hybrid_xfeat_every2_jul07_nonoverlap_a8_4700_4860_cap2_vins/ape.txt:16;logs/aqualoc_archaeo_vins/external_hybrid_xfeat_every2_jul07_nonoverlap_a8_4700_4860_cap2_vins/ape.txt:17;logs/aqualoc_archaeo_vins/external_hybrid_xfeat_every2_jul07_nonoverlap_a8_4700_4860_cap2_vins/ape.txt:18;logs/aqualoc_archaeo_vins/external_hybrid_xfeat_every2_jul07_nonoverlap_a8_4700_4860_cap2_vins/ape.txt:19;...(+397),Prior artifact or parameter/search reference found before P02 freeze; exclude exact window from confirmatory denominator.
aqualoc_archaeology,A08,4800,4960,frame,381,true,true,true,DEVELOPMENT_ONLY,logs/aqualoc_archaeo_vins/external_hybrid_xfeat_every2_jul07_nonoverlap_a8_4800_4960_cap2/ape.txt;logs/aqualoc_archaeo_vins/external_hybrid_xfeat_every2_jul07_nonoverlap_a8_4800_4960_cap2/ape.txt:1;logs/aqualoc_archaeo_vins/external_hybrid_xfeat_every2_jul07_nonoverlap_a8_4800_4960_cap2/ape.txt:10;logs/aqualoc_archaeo_vins/external_hybrid_xfeat_every2_jul07_nonoverlap_a8_4800_4960_cap2/ape.txt:11;logs/aqualoc_archaeo_vins/external_hybrid_xfeat_every2_jul07_nonoverlap_a8_4800_4960_cap2/ape.txt:12;logs/aqualoc_archaeo_vins/external_hybrid_xfeat_every2_jul07_nonoverlap_a8_4800_4960_cap2/ape.txt:13;logs/aqualoc_archaeo_vins/external_hybrid_xfeat_every2_jul07_nonoverlap_a8_4800_4960_cap2/ape.txt:14;logs/aqualoc_archaeo_vins/external_hybrid_xfeat_every2_jul07_nonoverlap_a8_4800_4960_cap2/ape.txt:15;logs/aqualoc_archaeo_vins/external_hybrid_xfeat_every2_jul07_nonoverlap_a8_4800_4960_cap2/ape.txt:16;logs/aqualoc_archaeo_vins/external_hybrid_xfeat_every2_jul07_nonoverlap_a8_4800_4960_cap2/ape.txt:17;logs/aqualoc_archaeo_vins/external_hybrid_xfeat_every2_jul07_nonoverlap_a8_4800_4960_cap2/ape.txt:18;logs/aqualoc_archaeo_vins/external_hybrid_xfeat_every2_jul07_nonoverlap_a8_4800_4960_cap2/ape.txt:19;...(+369),Prior artifact or parameter/search reference found before P02 freeze; exclude exact window from confirmatory denominator.
aqualoc_archaeology,A08,5600,6000,frame,5,true,true,true,DEVELOPMENT_ONLY,logs/aqualoc_archaeo_vins/external_hybrid_xfeat_every2_jul15screen7_a08_5600_6000_probe/aqualoc_archaeo08_pinhole.yaml;logs/aqualoc_archaeo_vins/external_hybrid_xfeat_every2_jul15screen7_a08_5600_6000_probe/features.bag;logs/aqualoc_archaeo_vins/external_hybrid_xfeat_every2_jul15screen7_a08_5600_6000_probe/frontend_metrics.csv;papers/frozen_frontend_exploration_20260715/run_evidence_jul15_late_and_jul16.csv:25;papers/frozen_frontend_exploration_20260715/screening_summary_jul15_late_and_jul16.csv:25,Prior artifact or parameter/search reference found before P02 freeze; exclude exact window from confirmatory denominator.
aqualoc_archaeology,A08,6200,6600,frame,3,true,true,false,DEVELOPMENT_ONLY,logs/aqualoc_archaeo_vins/external_hybrid_xfeat_every2_jul12_morepos_a08_6200_6600_visible5/aqualoc_archaeo08_pinhole.yaml;logs/aqualoc_archaeo_vins/external_hybrid_xfeat_every2_jul12_morepos_a08_6200_6600_visible5/features.bag;logs/aqualoc_archaeo_vins/external_hybrid_xfeat_every2_jul12_morepos_a08_6200_6600_visible5/frontend_metrics.csv,Prior artifact or parameter/search reference found before P02 freeze; exclude exact window from confirmatory denominator.
aqualoc_archaeology,A08,6800,7200,frame,1564,true,true,true,DEVELOPMENT_ONLY,logs/aqualoc_archaeo_vins/external_hybrid_xfeat_every2_jul15screen_a08_6800_7200_probe/aqualoc_archaeo08_pinhole.yaml;logs/aqualoc_archaeo_vins/external_hybrid_xfeat_every2_jul15screen_a08_6800_7200_probe/features.bag;logs/aqualoc_archaeo_vins/external_hybrid_xfeat_every2_jul15screen_a08_6800_7200_probe/frontend_metrics.csv;logs/aqualoc_archaeo_vins/external_hybrid_xfeat_every2_jul16dev_a08_6800_7200_lineage_id10000000/ape.txt;logs/aqualoc_archaeo_vins/external_hybrid_xfeat_every2_jul16dev_a08_6800_7200_lineage_id10000000/ape.txt:1;logs/aqualoc_archaeo_vins/external_hybrid_xfeat_every2_jul16dev_a08_6800_7200_lineage_id10000000/ape.txt:10;logs/aqualoc_archaeo_vins/external_hybrid_xfeat_every2_jul16dev_a08_6800_7200_lineage_id10000000/ape.txt:11;logs/aqualoc_archaeo_vins/external_hybrid_xfeat_every2_jul16dev_a08_6800_7200_lineage_id10000000/ape.txt:12;logs/aqualoc_archaeo_vins/external_hybrid_xfeat_every2_jul16dev_a08_6800_7200_lineage_id10000000/ape.txt:13;logs/aqualoc_archaeo_vins/external_hybrid_xfeat_every2_jul16dev_a08_6800_7200_lineage_id10000000/ape.txt:14;logs/aqualoc_archaeo_vins/external_hybrid_xfeat_every2_jul16dev_a08_6800_7200_lineage_id10000000/ape.txt:15;logs/aqualoc_archaeo_vins/external_hybrid_xfeat_every2_jul16dev_a08_6800_7200_lineage_id10000000/ape.txt:16;...(+1552),Prior artifact or parameter/search reference found before P02 freeze; exclude exact window from confirmatory denominator.
aqualoc_archaeology,A08,7200,7600,frame,502,true,true,true,DEVELOPMENT_ONLY,logs/aqualoc_archaeo_vins/external_hybrid_xfeat_every2_jul12_morepos_a08_7200_7600_visible5/aqualoc_archaeo08_pinhole.yaml;logs/aqualoc_archaeo_vins/external_hybrid_xfeat_every2_jul12_morepos_a08_7200_7600_visible5/features.bag;logs/aqualoc_archaeo_vins/external_hybrid_xfeat_every2_jul12_morepos_a08_7200_7600_visible5/frontend_metrics.csv;logs/aqualoc_archaeo_vins/external_hybrid_xfeat_every2_jul15explore_a08_7200_7600_probe_oldcontract_densecap/aqualoc_archaeo08_pinhole.yaml;logs/aqualoc_archaeo_vins/external_hybrid_xfeat_every2_jul15explore_a08_7200_7600_probe_oldcontract_densecap/features.bag;logs/aqualoc_archaeo_vins/external_hybrid_xfeat_every2_jul15explore_a08_7200_7600_probe_oldcontract_densecap/frontend_metrics.csv;logs/aqualoc_archaeo_vins/external_klt_every2_jul12_morepos_a08_7200_7600_klt/aqualoc_archaeo08_pinhole.yaml;logs/aqualoc_archaeo_vins/external_klt_every2_jul12_morepos_a08_7200_7600_klt/features.bag;logs/aqualoc_archaeo_vins/external_klt_every2_jul12_morepos_a08_7200_7600_klt/frontend_metrics.csv;logs/aqualoc_archaeo_vins/external_klt_every2_jul15explore_a08_7200_7600_klt_safe_fallback/aqualoc_archaeo08_pinhole.yaml;logs/aqualoc_archaeo_vins/external_klt_every2_jul15explore_a08_7200_7600_klt_safe_fallback/arbitration_summary.txt;logs/aqualoc_archaeo_vins/external_klt_every2_jul15explore_a08_7200_7600_klt_safe_fallback/arbitration_summary.txt:1;...(+490),Prior artifact or parameter/search reference found before P02 freeze; exclude exact window from confirmatory denominator.
aqualoc_archaeology,A08,7600,8000,frame,6,true,true,false,DEVELOPMENT_ONLY,logs/aqualoc_archaeo_vins/external_hybrid_xfeat_every2_jul12_morepos_a08_7600_8000_visible5/aqualoc_archaeo08_pinhole.yaml;logs/aqualoc_archaeo_vins/external_hybrid_xfeat_every2_jul12_morepos_a08_7600_8000_visible5/features.bag;logs/aqualoc_archaeo_vins/external_hybrid_xfeat_every2_jul12_morepos_a08_7600_8000_visible5/frontend_metrics.csv;logs/tmp_jul12_a08_7600_8000_visible5_export_summary.csv;正反例窗口整理/已跑窗口与未跑候选整理.md:1143;正反例窗口整理/连续可见门控新增正例_20260712.md:166,Prior artifact or parameter/search reference found before P02 freeze; exclude exact window from confirmatory denominator.
aqualoc_archaeology,A08,800,1200,frame,5,true,true,true,DEVELOPMENT_ONLY,logs/aqualoc_archaeo_vins/external_hybrid_xfeat_every2_jul15screen7_a08_800_1200_probe/aqualoc_archaeo08_pinhole.yaml;logs/aqualoc_archaeo_vins/external_hybrid_xfeat_every2_jul15screen7_a08_800_1200_probe/features.bag;logs/aqualoc_archaeo_vins/external_hybrid_xfeat_every2_jul15screen7_a08_800_1200_probe/frontend_metrics.csv;papers/frozen_frontend_exploration_20260715/run_evidence_jul15_late_and_jul16.csv:26;papers/frozen_frontend_exploration_20260715/screening_summary_jul15_late_and_jul16.csv:26,Prior artifact or parameter/search reference found before P02 freeze; exclude exact window from confirmatory denominator.
aqualoc_archaeology,A08,8000,8400,frame,7,true,true,true,DEVELOPMENT_ONLY,logs/aqualoc_archaeo_vins/external_hybrid_xfeat_every2_jul15screen2_a08_8000_8400_probe/aqualoc_archaeo08_pinhole.yaml;logs/aqualoc_archaeo_vins/external_hybrid_xfeat_every2_jul15screen2_a08_8000_8400_probe/features.bag;logs/aqualoc_archaeo_vins/external_hybrid_xfeat_every2_jul15screen2_a08_8000_8400_probe/frontend_metrics.csv;papers/frozen_frontend_exploration_20260715/run_evidence.csv:54;papers/frozen_frontend_exploration_20260715/run_evidence_jul15_late_and_jul16.csv:7;papers/frozen_frontend_exploration_20260715/screening_summary.csv:54;papers/frozen_frontend_exploration_20260715/screening_summary_jul15_late_and_jul16.csv:7,Prior artifact or parameter/search reference found before P02 freeze; exclude exact window from confirmatory denominator.
aqualoc_archaeology,A09,3600,4000,frame,5,true,true,true,DEVELOPMENT_ONLY,logs/aqualoc_archaeo_vins/external_hybrid_xfeat_every2_jul15screen4_a09_3600_4000_probe/aqualoc_archaeo09_pinhole.yaml;logs/aqualoc_archaeo_vins/external_hybrid_xfeat_every2_jul15screen4_a09_3600_4000_probe/features.bag;logs/aqualoc_archaeo_vins/external_hybrid_xfeat_every2_jul15screen4_a09_3600_4000_probe/frontend_metrics.csv;papers/frozen_frontend_exploration_20260715/run_evidence_jul15_late_and_jul16.csv:12;papers/frozen_frontend_exploration_20260715/screening_summary_jul15_late_and_jul16.csv:12,Prior artifact or parameter/search reference found before P02 freeze; exclude exact window from confirmatory denominator.
aqualoc_archaeology,A09,4000,4120,frame,72,true,false,true,DEVELOPMENT_ONLY,logs/orbslam3_seeded_validation/a09_4000_4120_lineage_bridge_v9_gated_fullbarrier_singlecpu2_noaslr_fourarm_h100_q09_20260729_probe1_3repeat_joint_survival/mappoint-survival-diagnostic.md;logs/orbslam3_seeded_validation/a09_4000_4120_lineage_bridge_v9_gated_fullbarrier_singlecpu2_noaslr_fourarm_h100_q09_20260729_probe1_3repeat_joint_survival/mappoint-survival-diagnostic.md:1;logs/orbslam3_seeded_validation/a09_4000_4120_lineage_bridge_v9_gated_fullbarrier_singlecpu2_noaslr_fourarm_h100_q09_20260729_probe1_3repeat_joint_survival/mappoint-survival-diagnostic.md:10;logs/orbslam3_seeded_validation/a09_4000_4120_lineage_bridge_v9_gated_fullbarrier_singlecpu2_noaslr_fourarm_h100_q09_20260729_probe1_3repeat_joint_survival/mappoint-survival-diagnostic.md:11;logs/orbslam3_seeded_validation/a09_4000_4120_lineage_bridge_v9_gated_fullbarrier_singlecpu2_noaslr_fourarm_h100_q09_20260729_probe1_3repeat_joint_survival/mappoint-survival-diagnostic.md:12;logs/orbslam3_seeded_validation/a09_4000_4120_lineage_bridge_v9_gated_fullbarrier_singlecpu2_noaslr_fourarm_h100_q09_20260729_probe1_3repeat_joint_survival/mappoint-survival-diagnostic.md:13;logs/orbslam3_seeded_validation/a09_4000_4120_lineage_bridge_v9_gated_fullbarrier_singlecpu2_noaslr_fourarm_h100_q09_20260729_probe1_3repeat_joint_survival/mappoint-survival-diagnostic.md:14;logs/orbslam3_seeded_validation/a09_4000_4120_lineage_bridge_v9_gated_fullbarrier_singlecpu2_noaslr_fourarm_h100_q09_20260729_probe1_3repeat_joint_survival/mappoint-survival-diagnostic.md:2;logs/orbslam3_seeded_validation/a09_4000_4120_lineage_bridge_v9_gated_fullbarrier_singlecpu2_noaslr_fourarm_h100_q09_20260729_probe1_3repeat_joint_survival/mappoint-survival-diagnostic.md:3;logs/orbslam3_seeded_validation/a09_4000_4120_lineage_bridge_v9_gated_fullbarrier_singlecpu2_noaslr_fourarm_h100_q09_20260729_probe1_3repeat_joint_survival/mappoint-survival-diagnostic.md:4;logs/orbslam3_seeded_validation/a09_4000_4120_lineage_bridge_v9_gated_fullbarrier_singlecpu2_noaslr_fourarm_h100_q09_20260729_probe1_3repeat_joint_survival/mappoint-survival-diagnostic.md:5;logs/orbslam3_seeded_validation/a09_4000_4120_lineage_bridge_v9_gated_fullbarrier_singlecpu2_noaslr_fourarm_h100_q09_20260729_probe1_3repeat_joint_survival/mappoint-survival-diagnostic.md:6;...(+60),Prior artifact or parameter/search reference found before P02 freeze; exclude exact window from confirmatory denominator.
aqualoc_archaeology,A09,4000,4400,frame,1128,true,true,true,DEVELOPMENT_ONLY,logs/aqualoc_archaeo_vins/external_hybrid_xfeat_every2_jul12_morepos_a09_4000_4400_visible5/aqualoc_archaeo09_pinhole.yaml;logs/aqualoc_archaeo_vins/external_hybrid_xfeat_every2_jul12_morepos_a09_4000_4400_visible5/features.bag;logs/aqualoc_archaeo_vins/external_hybrid_xfeat_every2_jul12_morepos_a09_4000_4400_visible5/frontend_metrics.csv;logs/aqualoc_archaeo_vins/external_hybrid_xfeat_every2_jul14frozen3way_a09_4000_4400_drop_lineage/ape.txt;logs/aqualoc_archaeo_vins/external_hybrid_xfeat_every2_jul14frozen3way_a09_4000_4400_drop_lineage/ape.txt:1;logs/aqualoc_archaeo_vins/external_hybrid_xfeat_every2_jul14frozen3way_a09_4000_4400_drop_lineage/ape.txt:10;logs/aqualoc_archaeo_vins/external_hybrid_xfeat_every2_jul14frozen3way_a09_4000_4400_drop_lineage/ape.txt:11;logs/aqualoc_archaeo_vins/external_hybrid_xfeat_every2_jul14frozen3way_a09_4000_4400_drop_lineage/ape.txt:12;logs/aqualoc_archaeo_vins/external_hybrid_xfeat_every2_jul14frozen3way_a09_4000_4400_drop_lineage/ape.txt:13;logs/aqualoc_archaeo_vins/external_hybrid_xfeat_every2_jul14frozen3way_a09_4000_4400_drop_lineage/ape.txt:14;logs/aqualoc_archaeo_vins/external_hybrid_xfeat_every2_jul14frozen3way_a09_4000_4400_drop_lineage/ape.txt:15;logs/aqualoc_archaeo_vins/external_hybrid_xfeat_every2_jul14frozen3way_a09_4000_4400_drop_lineage/ape.txt:16;...(+1116),Prior artifact or parameter/search reference found before P02 freeze; exclude exact window from confirmatory denominator.
aqualoc_archaeology,A09,4400,4800,frame,5,true,true,true,DEVELOPMENT_ONLY,logs/aqualoc_archaeo_vins/external_hybrid_xfeat_every2_jul15screen4_a09_4400_4800_probe/aqualoc_archaeo09_pinhole.yaml;logs/aqualoc_archaeo_vins/external_hybrid_xfeat_every2_jul15screen4_a09_4400_4800_probe/features.bag;logs/aqualoc_archaeo_vins/external_hybrid_xfeat_every2_jul15screen4_a09_4400_4800_probe/frontend_metrics.csv;papers/frozen_frontend_exploration_20260715/run_evidence_jul15_late_and_jul16.csv:13;papers/frozen_frontend_exploration_20260715/screening_summary_jul15_late_and_jul16.csv:13,Prior artifact or parameter/search reference found before P02 freeze; exclude exact window from confirmatory denominator.
aqualoc_archaeology,A09,5000,5400,frame,1565,true,true,true,DEVELOPMENT_ONLY,logs/aqualoc_archaeo_vins/external_hybrid_xfeat_every2_existing_jul13_arbvg_a09_5000_5400_full/ape.txt;logs/aqualoc_archaeo_vins/external_hybrid_xfeat_every2_existing_jul13_arbvg_a09_5000_5400_full/ape.txt:1;logs/aqualoc_archaeo_vins/external_hybrid_xfeat_every2_existing_jul13_arbvg_a09_5000_5400_full/ape.txt:10;logs/aqualoc_archaeo_vins/external_hybrid_xfeat_every2_existing_jul13_arbvg_a09_5000_5400_full/ape.txt:11;logs/aqualoc_archaeo_vins/external_hybrid_xfeat_every2_existing_jul13_arbvg_a09_5000_5400_full/ape.txt:12;logs/aqualoc_archaeo_vins/external_hybrid_xfeat_every2_existing_jul13_arbvg_a09_5000_5400_full/ape.txt:13;logs/aqualoc_archaeo_vins/external_hybrid_xfeat_every2_existing_jul13_arbvg_a09_5000_5400_full/ape.txt:14;logs/aqualoc_archaeo_vins/external_hybrid_xfeat_every2_existing_jul13_arbvg_a09_5000_5400_full/ape.txt:15;logs/aqualoc_archaeo_vins/external_hybrid_xfeat_every2_existing_jul13_arbvg_a09_5000_5400_full/ape.txt:16;logs/aqualoc_archaeo_vins/external_hybrid_xfeat_every2_existing_jul13_arbvg_a09_5000_5400_full/ape.txt:17;logs/aqualoc_archaeo_vins/external_hybrid_xfeat_every2_existing_jul13_arbvg_a09_5000_5400_full/ape.txt:18;logs/aqualoc_archaeo_vins/external_hybrid_xfeat_every2_existing_jul13_arbvg_a09_5000_5400_full/ape.txt:19;...(+1553),Prior artifact or parameter/search reference found before P02 freeze; exclude exact window from confirmatory denominator.
aqualoc_archaeology,A09,5600,5800,frame,75,true,true,true,DEVELOPMENT_ONLY,logs/aqualoc_archaeo_vins/external_hybrid_xfeat_every2_jul07_nonoverlap_scan_a9_5600_5800_probe_oldcontract_densecap/aqualoc_archaeo09_pinhole.yaml;logs/aqualoc_archaeo_vins/external_hybrid_xfeat_every2_jul07_nonoverlap_scan_a9_5600_5800_probe_oldcontract_densecap/features.bag;logs/aqualoc_archaeo_vins/external_hybrid_xfeat_every2_jul07_nonoverlap_scan_a9_5600_5800_probe_oldcontract_densecap/frontend_metrics.csv;logs/aqualoc_archaeo_vins/external_klt_every2_jul07_nonoverlap_scan_a9_5600_5800_klt_safe_fallback/aqualoc_archaeo09_pinhole.yaml;logs/aqualoc_archaeo_vins/external_klt_every2_jul07_nonoverlap_scan_a9_5600_5800_klt_safe_fallback/arbitration_summary.txt;logs/aqualoc_archaeo_vins/external_klt_every2_jul07_nonoverlap_scan_a9_5600_5800_klt_safe_fallback/arbitration_summary.txt:1;logs/aqualoc_archaeo_vins/external_klt_every2_jul07_nonoverlap_scan_a9_5600_5800_klt_safe_fallback/arbitration_summary.txt:10;logs/aqualoc_archaeo_vins/external_klt_every2_jul07_nonoverlap_scan_a9_5600_5800_klt_safe_fallback/arbitration_summary.txt:11;logs/aqualoc_archaeo_vins/external_klt_every2_jul07_nonoverlap_scan_a9_5600_5800_klt_safe_fallback/arbitration_summary.txt:12;logs/aqualoc_archaeo_vins/external_klt_every2_jul07_nonoverlap_scan_a9_5600_5800_klt_safe_fallback/arbitration_summary.txt:13;logs/aqualoc_archaeo_vins/external_klt_every2_jul07_nonoverlap_scan_a9_5600_5800_klt_safe_fallback/arbitration_summary.txt:14;logs/aqualoc_archaeo_vins/external_klt_every2_jul07_nonoverlap_scan_a9_5600_5800_klt_safe_fallback/arbitration_summary.txt:15;...(+63),Prior artifact or parameter/search reference found before P02 freeze; exclude exact window from confirmatory denominator.
aqualoc_archaeology,A09,5600,6000,frame,5,true,true,true,DEVELOPMENT_ONLY,logs/aqualoc_archaeo_vins/external_hybrid_xfeat_every2_jul15screen4_a09_5600_6000_probe/aqualoc_archaeo09_pinhole.yaml;logs/aqualoc_archaeo_vins/external_hybrid_xfeat_every2_jul15screen4_a09_5600_6000_probe/features.bag;logs/aqualoc_archaeo_vins/external_hybrid_xfeat_every2_jul15screen4_a09_5600_6000_probe/frontend_metrics.csv;papers/frozen_frontend_exploration_20260715/run_evidence_jul15_late_and_jul16.csv:14;papers/frozen_frontend_exploration_20260715/screening_summary_jul15_late_and_jul16.csv:14,Prior artifact or parameter/search reference found before P02 freeze; exclude exact window from confirmatory denominator.
aqualoc_archaeology,A09,5800,5900,frame,66,true,true,true,DEVELOPMENT_ONLY,logs/aqualoc_archaeo_vins/external_hybrid_superpoint_lightglue_every2_jun07_v34_a09_5800_5900_export_pair_loftr_mirror/aqualoc_archaeo09_pinhole.yaml;logs/aqualoc_archaeo_vins/external_hybrid_superpoint_lightglue_every2_jun07_v34_a09_5800_5900_export_pair_loftr_mirror/features.bag;logs/aqualoc_archaeo_vins/external_hybrid_superpoint_lightglue_every2_jun07_v34_a09_5800_5900_export_pair_loftr_mirror/frontend_metrics.csv;logs/aqualoc_archaeo_vins/external_hybrid_superpoint_lightglue_every2_jun07_v34_a09_5800_5900_export_pair_noloftr_mirror/aqualoc_archaeo09_pinhole.yaml;logs/aqualoc_archaeo_vins/external_hybrid_superpoint_lightglue_every2_jun07_v34_a09_5800_5900_export_pair_noloftr_mirror/features.bag;logs/aqualoc_archaeo_vins/external_hybrid_superpoint_lightglue_every2_jun07_v34_a09_5800_5900_export_pair_noloftr_mirror/frontend_metrics.csv;logs/aqualoc_archaeo_vins/external_hybrid_xfeat_every2_jul03_guarded_scan_a09_5800_5900_probe_oldcontract_densecap/aqualoc_archaeo09_pinhole.yaml;logs/aqualoc_archaeo_vins/external_hybrid_xfeat_every2_jul03_guarded_scan_a09_5800_5900_probe_oldcontract_densecap/features.bag;logs/aqualoc_archaeo_vins/external_hybrid_xfeat_every2_jul03_guarded_scan_a09_5800_5900_probe_oldcontract_densecap/frontend_metrics.csv;logs/aqualoc_archaeo_vins/external_klt_every2_jul03_guarded_scan_a09_5800_5900_klt_safe_fallback/aqualoc_archaeo09_pinhole.yaml;logs/aqualoc_archaeo_vins/external_klt_every2_jul03_guarded_scan_a09_5800_5900_klt_safe_fallback/arbitration_summary.txt;logs/aqualoc_archaeo_vins/external_klt_every2_jul03_guarded_scan_a09_5800_5900_klt_safe_fallback/arbitration_summary.txt:1;...(+54),Prior artifact or parameter/search reference found before P02 freeze; exclude exact window from confirmatory denominator.
aqualoc_archaeology,A09,5800,5930,frame,319,true,true,true,DEVELOPMENT_ONLY,logs/aqualoc_archaeo_vins/external_hybrid_superpoint_lightglue_every2_may21_replay_a09_5800_5930_loftr_lowpar_envlocked_delay3_rep1/ape.txt;logs/aqualoc_archaeo_vins/external_hybrid_superpoint_lightglue_every2_may21_replay_a09_5800_5930_loftr_lowpar_envlocked_delay3_rep1/ape.txt:1;logs/aqualoc_archaeo_vins/external_hybrid_superpoint_lightglue_every2_may21_replay_a09_5800_5930_loftr_lowpar_envlocked_delay3_rep1/ape.txt:10;logs/aqualoc_archaeo_vins/external_hybrid_superpoint_lightglue_every2_may21_replay_a09_5800_5930_loftr_lowpar_envlocked_delay3_rep1/ape.txt:11;logs/aqualoc_archaeo_vins/external_hybrid_superpoint_lightglue_every2_may21_replay_a09_5800_5930_loftr_lowpar_envlocked_delay3_rep1/ape.txt:12;logs/aqualoc_archaeo_vins/external_hybrid_superpoint_lightglue_every2_may21_replay_a09_5800_5930_loftr_lowpar_envlocked_delay3_rep1/ape.txt:13;logs/aqualoc_archaeo_vins/external_hybrid_superpoint_lightglue_every2_may21_replay_a09_5800_5930_loftr_lowpar_envlocked_delay3_rep1/ape.txt:14;logs/aqualoc_archaeo_vins/external_hybrid_superpoint_lightglue_every2_may21_replay_a09_5800_5930_loftr_lowpar_envlocked_delay3_rep1/ape.txt:15;logs/aqualoc_archaeo_vins/external_hybrid_superpoint_lightglue_every2_may21_replay_a09_5800_5930_loftr_lowpar_envlocked_delay3_rep1/ape.txt:16;logs/aqualoc_archaeo_vins/external_hybrid_superpoint_lightglue_every2_may21_replay_a09_5800_5930_loftr_lowpar_envlocked_delay3_rep1/ape.txt:17;logs/aqualoc_archaeo_vins/external_hybrid_superpoint_lightglue_every2_may21_replay_a09_5800_5930_loftr_lowpar_envlocked_delay3_rep1/ape.txt:18;logs/aqualoc_archaeo_vins/external_hybrid_superpoint_lightglue_every2_may21_replay_a09_5800_5930_loftr_lowpar_envlocked_delay3_rep1/ape.txt:19;...(+307),Prior artifact or parameter/search reference found before P02 freeze; exclude exact window from confirmatory denominator.
aqualoc_archaeology,A09,5800,6000,frame,248,true,true,true,DEVELOPMENT_ONLY,logs/aqualoc_archaeo_vins/external_hybrid_xfeat_every2_jul07_nonoverlap_scan_a9_5800_6000_probe_oldcontract_densecap/aqualoc_archaeo09_pinhole.yaml;logs/aqualoc_archaeo_vins/external_hybrid_xfeat_every2_jul07_nonoverlap_scan_a9_5800_6000_probe_oldcontract_densecap/features.bag;logs/aqualoc_archaeo_vins/external_hybrid_xfeat_every2_jul07_nonoverlap_scan_a9_5800_6000_probe_oldcontract_densecap/frontend_metrics.csv;logs/aqualoc_archaeo_vins/external_hybrid_xfeat_every2_jul10_scan_a09_5800_6000_probe_oldcontract_densecap/aqualoc_archaeo09_pinhole.yaml;logs/aqualoc_archaeo_vins/external_hybrid_xfeat_every2_jul10_scan_a09_5800_6000_probe_oldcontract_densecap/features.bag;logs/aqualoc_archaeo_vins/external_hybrid_xfeat_every2_jul10_scan_a09_5800_6000_probe_oldcontract_densecap/frontend_metrics.csv;logs/aqualoc_archaeo_vins/external_hybrid_xfeat_every2_jul10_vins_a09_5800_6000_drop_source20/ape.txt;logs/aqualoc_archaeo_vins/external_hybrid_xfeat_every2_jul10_vins_a09_5800_6000_drop_source20/ape.txt:1;logs/aqualoc_archaeo_vins/external_hybrid_xfeat_every2_jul10_vins_a09_5800_6000_drop_source20/ape.txt:10;logs/aqualoc_archaeo_vins/external_hybrid_xfeat_every2_jul10_vins_a09_5800_6000_drop_source20/ape.txt:11;logs/aqualoc_archaeo_vins/external_hybrid_xfeat_every2_jul10_vins_a09_5800_6000_drop_source20/ape.txt:12;logs/aqualoc_archaeo_vins/external_hybrid_xfeat_every2_jul10_vins_a09_5800_6000_drop_source20/ape.txt:13;...(+236),Prior artifact or parameter/search reference found before P02 freeze; exclude exact window from confirmatory denominator.
aqualoc_archaeology,A09,5800,6200,frame,2221,true,true,true,DEVELOPMENT_ONLY,logs/agent_aqualoc_lowtexture_candidates.md:22;logs/agent_aqualoc_lowtexture_candidates.md:28;logs/agent_aqualoc_lowtexture_candidates.md:40;logs/agent_aqualoc_lowtexture_candidates.md:48;logs/agent_aqualoc_reproducible_pairs.md:144;logs/agent_aqualoc_reproducible_pairs.md:88;logs/aqualoc_archaeo_vins/external_hybrid_superpoint_lightglue_every2_a09_5800_6200_adaptive_identity/ape.txt;logs/aqualoc_archaeo_vins/external_hybrid_superpoint_lightglue_every2_a09_5800_6200_adaptive_identity/ape.txt:1;logs/aqualoc_archaeo_vins/external_hybrid_superpoint_lightglue_every2_a09_5800_6200_adaptive_identity/ape.txt:10;logs/aqualoc_archaeo_vins/external_hybrid_superpoint_lightglue_every2_a09_5800_6200_adaptive_identity/ape.txt:11;logs/aqualoc_archaeo_vins/external_hybrid_superpoint_lightglue_every2_a09_5800_6200_adaptive_identity/ape.txt:12;logs/aqualoc_archaeo_vins/external_hybrid_superpoint_lightglue_every2_a09_5800_6200_adaptive_identity/ape.txt:13;...(+2209),Prior artifact or parameter/search reference found before P02 freeze; exclude exact window from confirmatory denominator.
aqualoc_archaeology,A09,5880,6040,frame,441,true,true,true,DEVELOPMENT_ONLY,logs/aqualoc_archaeo_vins/external_hybrid_superpoint_lightglue_every2_jun22_unrun_a09_5880_6040_loftr/aqualoc_archaeo09_pinhole.yaml;logs/aqualoc_archaeo_vins/external_hybrid_superpoint_lightglue_every2_jun22_unrun_a09_5880_6040_loftr/features.bag;logs/aqualoc_archaeo_vins/external_hybrid_superpoint_lightglue_every2_jun22_unrun_a09_5880_6040_loftr/frontend_metrics.csv;logs/aqualoc_archaeo_vins/external_hybrid_superpoint_lightglue_every2_jun22_unrun_lowpar_vins_a09_5880_6040_loftr/ape.txt;logs/aqualoc_archaeo_vins/external_hybrid_superpoint_lightglue_every2_jun22_unrun_lowpar_vins_a09_5880_6040_loftr/ape.txt:1;logs/aqualoc_archaeo_vins/external_hybrid_superpoint_lightglue_every2_jun22_unrun_lowpar_vins_a09_5880_6040_loftr/ape.txt:10;logs/aqualoc_archaeo_vins/external_hybrid_superpoint_lightglue_every2_jun22_unrun_lowpar_vins_a09_5880_6040_loftr/ape.txt:11;logs/aqualoc_archaeo_vins/external_hybrid_superpoint_lightglue_every2_jun22_unrun_lowpar_vins_a09_5880_6040_loftr/ape.txt:12;logs/aqualoc_archaeo_vins/external_hybrid_superpoint_lightglue_every2_jun22_unrun_lowpar_vins_a09_5880_6040_loftr/ape.txt:13;logs/aqualoc_archaeo_vins/external_hybrid_superpoint_lightglue_every2_jun22_unrun_lowpar_vins_a09_5880_6040_loftr/ape.txt:14;logs/aqualoc_archaeo_vins/external_hybrid_superpoint_lightglue_every2_jun22_unrun_lowpar_vins_a09_5880_6040_loftr/ape.txt:15;logs/aqualoc_archaeo_vins/external_hybrid_superpoint_lightglue_every2_jun22_unrun_lowpar_vins_a09_5880_6040_loftr/ape.txt:16;...(+429),Prior artifact or parameter/search reference found before P02 freeze; exclude exact window from confirmatory denominator.
aqualoc_archaeology,A09,5920,6060,frame,2613,true,true,true,DEVELOPMENT_ONLY,logs/agent_aqualoc_lowtexture_candidates.md:23;logs/agent_aqualoc_lowtexture_candidates.md:30;logs/agent_aqualoc_lowtexture_candidates.md:43;logs/agent_aqualoc_lowtexture_candidates.md:48;logs/agent_aqualoc_reproducible_pairs.md:101;logs/agent_aqualoc_reproducible_pairs.md:145;logs/agent_counterexample_gate_audit_20260608.md:11;logs/agent_counterexample_gate_audit_20260608.md:21;logs/agent_counterexample_gate_audit_20260608.md:29;logs/agent_may19_aqualoc_multiwindow/a09_5920_6060_formal_sp_lg_loftr.csv;logs/agent_may19_aqualoc_multiwindow/a09_5920_6060_formal_xfeat_loftr.csv;logs/agent_may19_aqualoc_multiwindow/a09_5920_6060_klt_adaptive_clahe.csv;...(+2601),Prior artifact or parameter/search reference found before P02 freeze; exclude exact window from confirmatory denominator.
aqualoc_archaeology,A09,5960,6004,frame,92,true,false,true,DEVELOPMENT_ONLY,logs/agent_loftr_trigger_search_20260514/visual_context/a09_5960_6004_klt.csv;logs/agent_loftr_trigger_search_20260514/visual_context/a09_5960_6004_klt_viz/frame_005960.jpg;logs/agent_loftr_trigger_search_20260514/visual_context/a09_5960_6004_klt_viz/frame_005961.jpg;logs/agent_loftr_trigger_search_20260514/visual_context/a09_5960_6004_klt_viz/frame_005962.jpg;logs/agent_loftr_trigger_search_20260514/visual_context/a09_5960_6004_klt_viz/frame_005963.jpg;logs/agent_loftr_trigger_search_20260514/visual_context/a09_5960_6004_klt_viz/frame_005964.jpg;logs/agent_loftr_trigger_search_20260514/visual_context/a09_5960_6004_klt_viz/frame_005965.jpg;logs/agent_loftr_trigger_search_20260514/visual_context/a09_5960_6004_klt_viz/frame_005966.jpg;logs/agent_loftr_trigger_search_20260514/visual_context/a09_5960_6004_klt_viz/frame_005967.jpg;logs/agent_loftr_trigger_search_20260514/visual_context/a09_5960_6004_klt_viz/frame_005968.jpg;logs/agent_loftr_trigger_search_20260514/visual_context/a09_5960_6004_klt_viz/frame_005969.jpg;logs/agent_loftr_trigger_search_20260514/visual_context/a09_5960_6004_klt_viz/frame_005970.jpg;...(+80),Prior artifact or parameter/search reference found before P02 freeze; exclude exact window from confirmatory denominator.
aqualoc_archaeology,A09,5960,6039,frame,2,true,false,true,DEVELOPMENT_ONLY,logs/agent_loftr_trigger_search_20260514/aqualoc_archaeo9_5960_6039_klt_adaptive_clahe.csv;logs/agent_loftr_trigger_search_20260514/aqualoc_archaeo9_5960_6039_loftr_extreme_only.csv,Prior artifact or parameter/search reference found before P02 freeze; exclude exact window from confirmatory denominator.
aqualoc_archaeology,A09,5960,6160,frame,57,true,true,true,DEVELOPMENT_ONLY,logs/aqualoc_archaeo_vins/external_hybrid_xfeat_every2_jul03_earlyseed_export_a09_5960_6160/aqualoc_archaeo09_pinhole.yaml;logs/aqualoc_archaeo_vins/external_hybrid_xfeat_every2_jul03_earlyseed_export_a09_5960_6160/features.bag;logs/aqualoc_archaeo_vins/external_hybrid_xfeat_every2_jul03_earlyseed_export_a09_5960_6160/frontend_metrics.csv;logs/aqualoc_archaeo_vins/external_hybrid_xfeat_every2_jul03_guarded_scan_a09_5960_6160_probe_oldcontract_densecap/aqualoc_archaeo09_pinhole.yaml;logs/aqualoc_archaeo_vins/external_hybrid_xfeat_every2_jul03_guarded_scan_a09_5960_6160_probe_oldcontract_densecap/features.bag;logs/aqualoc_archaeo_vins/external_hybrid_xfeat_every2_jul03_guarded_scan_a09_5960_6160_probe_oldcontract_densecap/frontend_metrics.csv;logs/aqualoc_archaeo_vins/external_klt_every2_jul03_guarded_scan_a09_5960_6160_klt_safe_fallback/aqualoc_archaeo09_pinhole.yaml;logs/aqualoc_archaeo_vins/external_klt_every2_jul03_guarded_scan_a09_5960_6160_klt_safe_fallback/arbitration_summary.txt;logs/aqualoc_archaeo_vins/external_klt_every2_jul03_guarded_scan_a09_5960_6160_klt_safe_fallback/arbitration_summary.txt:1;logs/aqualoc_archaeo_vins/external_klt_every2_jul03_guarded_scan_a09_5960_6160_klt_safe_fallback/arbitration_summary.txt:10;logs/aqualoc_archaeo_vins/external_klt_every2_jul03_guarded_scan_a09_5960_6160_klt_safe_fallback/arbitration_summary.txt:11;logs/aqualoc_archaeo_vins/external_klt_every2_jul03_guarded_scan_a09_5960_6160_klt_safe_fallback/arbitration_summary.txt:12;...(+45),Prior artifact or parameter/search reference found before P02 freeze; exclude exact window from confirmatory denominator.
aqualoc_archaeology,A09,5980,6180,frame,57,true,true,true,DEVELOPMENT_ONLY,logs/aqualoc_archaeo_vins/external_hybrid_xfeat_every2_jul03_earlyseed_export_a09_5980_6180/aqualoc_archaeo09_pinhole.yaml;logs/aqualoc_archaeo_vins/external_hybrid_xfeat_every2_jul03_earlyseed_export_a09_5980_6180/features.bag;logs/aqualoc_archaeo_vins/external_hybrid_xfeat_every2_jul03_earlyseed_export_a09_5980_6180/frontend_metrics.csv;logs/aqualoc_archaeo_vins/external_hybrid_xfeat_every2_jul03_guarded_scan_a09_5980_6180_probe_oldcontract_densecap/aqualoc_archaeo09_pinhole.yaml;logs/aqualoc_archaeo_vins/external_hybrid_xfeat_every2_jul03_guarded_scan_a09_5980_6180_probe_oldcontract_densecap/features.bag;logs/aqualoc_archaeo_vins/external_hybrid_xfeat_every2_jul03_guarded_scan_a09_5980_6180_probe_oldcontract_densecap/frontend_metrics.csv;logs/aqualoc_archaeo_vins/external_klt_every2_jul03_guarded_scan_a09_5980_6180_klt_safe_fallback/aqualoc_archaeo09_pinhole.yaml;logs/aqualoc_archaeo_vins/external_klt_every2_jul03_guarded_scan_a09_5980_6180_klt_safe_fallback/arbitration_summary.txt;logs/aqualoc_archaeo_vins/external_klt_every2_jul03_guarded_scan_a09_5980_6180_klt_safe_fallback/arbitration_summary.txt:1;logs/aqualoc_archaeo_vins/external_klt_every2_jul03_guarded_scan_a09_5980_6180_klt_safe_fallback/arbitration_summary.txt:10;logs/aqualoc_archaeo_vins/external_klt_every2_jul03_guarded_scan_a09_5980_6180_klt_safe_fallback/arbitration_summary.txt:11;logs/aqualoc_archaeo_vins/external_klt_every2_jul03_guarded_scan_a09_5980_6180_klt_safe_fallback/arbitration_summary.txt:12;...(+45),Prior artifact or parameter/search reference found before P02 freeze; exclude exact window from confirmatory denominator.
aqualoc_archaeology,A09,5990,6190,frame,152,true,true,true,DEVELOPMENT_ONLY,logs/aqualoc_archaeo_vins/external_hybrid_xfeat_every2_jul03_guarded_scan_a09_5990_6190_probe_oldcontract_densecap/aqualoc_archaeo09_pinhole.yaml;logs/aqualoc_archaeo_vins/external_hybrid_xfeat_every2_jul03_guarded_scan_a09_5990_6190_probe_oldcontract_densecap/features.bag;logs/aqualoc_archaeo_vins/external_hybrid_xfeat_every2_jul03_guarded_scan_a09_5990_6190_probe_oldcontract_densecap/frontend_metrics.csv;logs/aqualoc_archaeo_vins/external_hybrid_xfeat_every2_jul03_guarded_v2_scan_a09_5990_6190_probe_oldcontract_densecap/aqualoc_archaeo09_pinhole.yaml;logs/aqualoc_archaeo_vins/external_hybrid_xfeat_every2_jul03_guarded_v2_scan_a09_5990_6190_probe_oldcontract_densecap/features.bag;logs/aqualoc_archaeo_vins/external_hybrid_xfeat_every2_jul03_guarded_v2_scan_a09_5990_6190_probe_oldcontract_densecap/frontend_metrics.csv;logs/aqualoc_archaeo_vins/external_hybrid_xfeat_every2_jul04_more_a09_5990_6190_probe_oldcontract_densecap/aqualoc_archaeo09_pinhole.yaml;logs/aqualoc_archaeo_vins/external_hybrid_xfeat_every2_jul04_more_a09_5990_6190_probe_oldcontract_densecap/features.bag;logs/aqualoc_archaeo_vins/external_hybrid_xfeat_every2_jul04_more_a09_5990_6190_probe_oldcontract_densecap/frontend_metrics.csv;logs/aqualoc_archaeo_vins/external_klt_every2_jul03_guarded_scan_a09_5990_6190_klt_safe_fallback/aqualoc_archaeo09_pinhole.yaml;logs/aqualoc_archaeo_vins/external_klt_every2_jul03_guarded_scan_a09_5990_6190_klt_safe_fallback/arbitration_summary.txt;logs/aqualoc_archaeo_vins/external_klt_every2_jul03_guarded_scan_a09_5990_6190_klt_safe_fallback/arbitration_summary.txt:1;...(+140),Prior artifact or parameter/search reference found before P02 freeze; exclude exact window from confirmatory denominator.
aqualoc_archaeology,A09,5992,6004,frame,28,true,false,true,DEVELOPMENT_ONLY,logs/agent_loftr_trigger_search_20260514/visual/a09_5992_6004_klt.csv;logs/agent_loftr_trigger_search_20260514/visual/a09_5992_6004_klt_viz/frame_005992.jpg;logs/agent_loftr_trigger_search_20260514/visual/a09_5992_6004_klt_viz/frame_005993.jpg;logs/agent_loftr_trigger_search_20260514/visual/a09_5992_6004_klt_viz/frame_005994.jpg;logs/agent_loftr_trigger_search_20260514/visual/a09_5992_6004_klt_viz/frame_005995.jpg;logs/agent_loftr_trigger_search_20260514/visual/a09_5992_6004_klt_viz/frame_005996.jpg;logs/agent_loftr_trigger_search_20260514/visual/a09_5992_6004_klt_viz/frame_005997.jpg;logs/agent_loftr_trigger_search_20260514/visual/a09_5992_6004_klt_viz/frame_005998.jpg;logs/agent_loftr_trigger_search_20260514/visual/a09_5992_6004_klt_viz/frame_005999.jpg;logs/agent_loftr_trigger_search_20260514/visual/a09_5992_6004_klt_viz/frame_006000.jpg;logs/agent_loftr_trigger_search_20260514/visual/a09_5992_6004_klt_viz/frame_006001.jpg;logs/agent_loftr_trigger_search_20260514/visual/a09_5992_6004_klt_viz/frame_006002.jpg;...(+16),Prior artifact or parameter/search reference found before P02 freeze; exclude exact window from confirmatory denominator.
aqualoc_archaeology,A09,5995,6195,frame,315,true,true,true,DEVELOPMENT_ONLY,logs/aqualoc_archaeo_vins/external_hybrid_xfeat_every2_jul06_more_a09_5995_6195_probe_oldcontract_densecap/aqualoc_archaeo09_pinhole.yaml;logs/aqualoc_archaeo_vins/external_hybrid_xfeat_every2_jul06_more_a09_5995_6195_probe_oldcontract_densecap/features.bag;logs/aqualoc_archaeo_vins/external_hybrid_xfeat_every2_jul06_more_a09_5995_6195_probe_oldcontract_densecap/frontend_metrics.csv;logs/aqualoc_archaeo_vins/external_hybrid_xfeat_every2_jul10_scan_a09_5995_6195_probe_oldcontract_densecap/aqualoc_archaeo09_pinhole.yaml;logs/aqualoc_archaeo_vins/external_hybrid_xfeat_every2_jul10_scan_a09_5995_6195_probe_oldcontract_densecap/features.bag;logs/aqualoc_archaeo_vins/external_hybrid_xfeat_every2_jul10_scan_a09_5995_6195_probe_oldcontract_densecap/frontend_metrics.csv;logs/aqualoc_archaeo_vins/external_hybrid_xfeat_every2_jul10_vins_a09_5995_6195_drop_source20/ape.txt;logs/aqualoc_archaeo_vins/external_hybrid_xfeat_every2_jul10_vins_a09_5995_6195_drop_source20/ape.txt:1;logs/aqualoc_archaeo_vins/external_hybrid_xfeat_every2_jul10_vins_a09_5995_6195_drop_source20/ape.txt:10;logs/aqualoc_archaeo_vins/external_hybrid_xfeat_every2_jul10_vins_a09_5995_6195_drop_source20/ape.txt:11;logs/aqualoc_archaeo_vins/external_hybrid_xfeat_every2_jul10_vins_a09_5995_6195_drop_source20/ape.txt:12;logs/aqualoc_archaeo_vins/external_hybrid_xfeat_every2_jul10_vins_a09_5995_6195_drop_source20/ape.txt:13;...(+303),Prior artifact or parameter/search reference found before P02 freeze; exclude exact window from confirmatory denominator.
aqualoc_archaeology,A09,5998,6198,frame,244,true,true,true,DEVELOPMENT_ONLY,logs/aqualoc_archaeo_vins/external_hybrid_xfeat_every2_jul04_more_a09_5998_6198_late2_drop20_replay/ape.txt;logs/aqualoc_archaeo_vins/external_hybrid_xfeat_every2_jul04_more_a09_5998_6198_late2_drop20_replay/ape.txt:1;logs/aqualoc_archaeo_vins/external_hybrid_xfeat_every2_jul04_more_a09_5998_6198_late2_drop20_replay/ape.txt:10;logs/aqualoc_archaeo_vins/external_hybrid_xfeat_every2_jul04_more_a09_5998_6198_late2_drop20_replay/ape.txt:11;logs/aqualoc_archaeo_vins/external_hybrid_xfeat_every2_jul04_more_a09_5998_6198_late2_drop20_replay/ape.txt:12;logs/aqualoc_archaeo_vins/external_hybrid_xfeat_every2_jul04_more_a09_5998_6198_late2_drop20_replay/ape.txt:13;logs/aqualoc_archaeo_vins/external_hybrid_xfeat_every2_jul04_more_a09_5998_6198_late2_drop20_replay/ape.txt:14;logs/aqualoc_archaeo_vins/external_hybrid_xfeat_every2_jul04_more_a09_5998_6198_late2_drop20_replay/ape.txt:15;logs/aqualoc_archaeo_vins/external_hybrid_xfeat_every2_jul04_more_a09_5998_6198_late2_drop20_replay/ape.txt:16;logs/aqualoc_archaeo_vins/external_hybrid_xfeat_every2_jul04_more_a09_5998_6198_late2_drop20_replay/ape.txt:17;logs/aqualoc_archaeo_vins/external_hybrid_xfeat_every2_jul04_more_a09_5998_6198_late2_drop20_replay/ape.txt:18;logs/aqualoc_archaeo_vins/external_hybrid_xfeat_every2_jul04_more_a09_5998_6198_late2_drop20_replay/ape.txt:19;...(+232),Prior artifact or parameter/search reference found before P02 freeze; exclude exact window from confirmatory denominator.
aqualoc_archaeology,A09,6000,6200,frame,3205,true,true,true,DEVELOPMENT_ONLY,logs/aqualoc_archaeo_vins/external_hybrid_superpoint_lightglue_every2_jun22_unrun_a09_6000_6200_loftr/aqualoc_archaeo09_pinhole.yaml;logs/aqualoc_archaeo_vins/external_hybrid_superpoint_lightglue_every2_jun22_unrun_a09_6000_6200_loftr/features.bag;logs/aqualoc_archaeo_vins/external_hybrid_superpoint_lightglue_every2_jun22_unrun_a09_6000_6200_loftr/frontend_metrics.csv;logs/aqualoc_archaeo_vins/external_hybrid_superpoint_lightglue_every2_jun22_unrun_lowpar_vins_a09_6000_6200_loftr/ape.txt;logs/aqualoc_archaeo_vins/external_hybrid_superpoint_lightglue_every2_jun22_unrun_lowpar_vins_a09_6000_6200_loftr/ape.txt:1;logs/aqualoc_archaeo_vins/external_hybrid_superpoint_lightglue_every2_jun22_unrun_lowpar_vins_a09_6000_6200_loftr/ape.txt:10;logs/aqualoc_archaeo_vins/external_hybrid_superpoint_lightglue_every2_jun22_unrun_lowpar_vins_a09_6000_6200_loftr/ape.txt:11;logs/aqualoc_archaeo_vins/external_hybrid_superpoint_lightglue_every2_jun22_unrun_lowpar_vins_a09_6000_6200_loftr/ape.txt:12;logs/aqualoc_archaeo_vins/external_hybrid_superpoint_lightglue_every2_jun22_unrun_lowpar_vins_a09_6000_6200_loftr/ape.txt:13;logs/aqualoc_archaeo_vins/external_hybrid_superpoint_lightglue_every2_jun22_unrun_lowpar_vins_a09_6000_6200_loftr/ape.txt:14;logs/aqualoc_archaeo_vins/external_hybrid_superpoint_lightglue_every2_jun22_unrun_lowpar_vins_a09_6000_6200_loftr/ape.txt:15;logs/aqualoc_archaeo_vins/external_hybrid_superpoint_lightglue_every2_jun22_unrun_lowpar_vins_a09_6000_6200_loftr/ape.txt:16;...(+3193),Prior artifact or parameter/search reference found before P02 freeze; exclude exact window from confirmatory denominator.
aqualoc_archaeology,A09,6000,6250,frame,186,true,true,true,DEVELOPMENT_ONLY,logs/aqualoc_archaeo_vins/external_hybrid_xfeat_every2_jul04_more_a09_6000_6250_drop20_replay/ape.txt;logs/aqualoc_archaeo_vins/external_hybrid_xfeat_every2_jul04_more_a09_6000_6250_drop20_replay/ape.txt:1;logs/aqualoc_archaeo_vins/external_hybrid_xfeat_every2_jul04_more_a09_6000_6250_drop20_replay/ape.txt:10;logs/aqualoc_archaeo_vins/external_hybrid_xfeat_every2_jul04_more_a09_6000_6250_drop20_replay/ape.txt:11;logs/aqualoc_archaeo_vins/external_hybrid_xfeat_every2_jul04_more_a09_6000_6250_drop20_replay/ape.txt:12;logs/aqualoc_archaeo_vins/external_hybrid_xfeat_every2_jul04_more_a09_6000_6250_drop20_replay/ape.txt:13;logs/aqualoc_archaeo_vins/external_hybrid_xfeat_every2_jul04_more_a09_6000_6250_drop20_replay/ape.txt:14;logs/aqualoc_archaeo_vins/external_hybrid_xfeat_every2_jul04_more_a09_6000_6250_drop20_replay/ape.txt:15;logs/aqualoc_archaeo_vins/external_hybrid_xfeat_every2_jul04_more_a09_6000_6250_drop20_replay/ape.txt:16;logs/aqualoc_archaeo_vins/external_hybrid_xfeat_every2_jul04_more_a09_6000_6250_drop20_replay/ape.txt:17;logs/aqualoc_archaeo_vins/external_hybrid_xfeat_every2_jul04_more_a09_6000_6250_drop20_replay/ape.txt:18;logs/aqualoc_archaeo_vins/external_hybrid_xfeat_every2_jul04_more_a09_6000_6250_drop20_replay/ape.txt:19;...(+174),Prior artifact or parameter/search reference found before P02 freeze; exclude exact window from confirmatory denominator.
aqualoc_archaeology,A09,6000,6300,frame,269,true,true,true,DEVELOPMENT_ONLY,logs/aqualoc_archaeo_vins/external_hybrid_xfeat_every2_jul03_earlyseed_a09_6000_6300_drop20/ape.txt;logs/aqualoc_archaeo_vins/external_hybrid_xfeat_every2_jul03_earlyseed_a09_6000_6300_drop20/ape.txt:1;logs/aqualoc_archaeo_vins/external_hybrid_xfeat_every2_jul03_earlyseed_a09_6000_6300_drop20/ape.txt:10;logs/aqualoc_archaeo_vins/external_hybrid_xfeat_every2_jul03_earlyseed_a09_6000_6300_drop20/ape.txt:11;logs/aqualoc_archaeo_vins/external_hybrid_xfeat_every2_jul03_earlyseed_a09_6000_6300_drop20/ape.txt:12;logs/aqualoc_archaeo_vins/external_hybrid_xfeat_every2_jul03_earlyseed_a09_6000_6300_drop20/ape.txt:13;logs/aqualoc_archaeo_vins/external_hybrid_xfeat_every2_jul03_earlyseed_a09_6000_6300_drop20/ape.txt:14;logs/aqualoc_archaeo_vins/external_hybrid_xfeat_every2_jul03_earlyseed_a09_6000_6300_drop20/ape.txt:15;logs/aqualoc_archaeo_vins/external_hybrid_xfeat_every2_jul03_earlyseed_a09_6000_6300_drop20/ape.txt:16;logs/aqualoc_archaeo_vins/external_hybrid_xfeat_every2_jul03_earlyseed_a09_6000_6300_drop20/ape.txt:17;logs/aqualoc_archaeo_vins/external_hybrid_xfeat_every2_jul03_earlyseed_a09_6000_6300_drop20/ape.txt:18;logs/aqualoc_archaeo_vins/external_hybrid_xfeat_every2_jul03_earlyseed_a09_6000_6300_drop20/ape.txt:19;...(+257),Prior artifact or parameter/search reference found before P02 freeze; exclude exact window from confirmatory denominator.
aqualoc_archaeology,A09,6000,6400,frame,186,true,true,true,DEVELOPMENT_ONLY,logs/aqualoc_archaeo_vins/external_hybrid_xfeat_every2_jul04_morelong_a09_6000_6400_drop20_replay/ape.txt;logs/aqualoc_archaeo_vins/external_hybrid_xfeat_every2_jul04_morelong_a09_6000_6400_drop20_replay/ape.txt:1;logs/aqualoc_archaeo_vins/external_hybrid_xfeat_every2_jul04_morelong_a09_6000_6400_drop20_replay/ape.txt:10;logs/aqualoc_archaeo_vins/external_hybrid_xfeat_every2_jul04_morelong_a09_6000_6400_drop20_replay/ape.txt:11;logs/aqualoc_archaeo_vins/external_hybrid_xfeat_every2_jul04_morelong_a09_6000_6400_drop20_replay/ape.txt:12;logs/aqualoc_archaeo_vins/external_hybrid_xfeat_every2_jul04_morelong_a09_6000_6400_drop20_replay/ape.txt:13;logs/aqualoc_archaeo_vins/external_hybrid_xfeat_every2_jul04_morelong_a09_6000_6400_drop20_replay/ape.txt:14;logs/aqualoc_archaeo_vins/external_hybrid_xfeat_every2_jul04_morelong_a09_6000_6400_drop20_replay/ape.txt:15;logs/aqualoc_archaeo_vins/external_hybrid_xfeat_every2_jul04_morelong_a09_6000_6400_drop20_replay/ape.txt:16;logs/aqualoc_archaeo_vins/external_hybrid_xfeat_every2_jul04_morelong_a09_6000_6400_drop20_replay/ape.txt:17;logs/aqualoc_archaeo_vins/external_hybrid_xfeat_every2_jul04_morelong_a09_6000_6400_drop20_replay/ape.txt:18;logs/aqualoc_archaeo_vins/external_hybrid_xfeat_every2_jul04_morelong_a09_6000_6400_drop20_replay/ape.txt:19;...(+174),Prior artifact or parameter/search reference found before P02 freeze; exclude exact window from confirmatory denominator.
aqualoc_archaeology,A09,6000,6500,frame,199,true,true,true,DEVELOPMENT_ONLY,logs/aqualoc_archaeo_vins/external_hybrid_xfeat_every2_jul06_morelong_a09_6000_6500_drop_source20/ape.txt;logs/aqualoc_archaeo_vins/external_hybrid_xfeat_every2_jul06_morelong_a09_6000_6500_drop_source20/ape.txt:1;logs/aqualoc_archaeo_vins/external_hybrid_xfeat_every2_jul06_morelong_a09_6000_6500_drop_source20/ape.txt:10;logs/aqualoc_archaeo_vins/external_hybrid_xfeat_every2_jul06_morelong_a09_6000_6500_drop_source20/ape.txt:11;logs/aqualoc_archaeo_vins/external_hybrid_xfeat_every2_jul06_morelong_a09_6000_6500_drop_source20/ape.txt:12;logs/aqualoc_archaeo_vins/external_hybrid_xfeat_every2_jul06_morelong_a09_6000_6500_drop_source20/ape.txt:13;logs/aqualoc_archaeo_vins/external_hybrid_xfeat_every2_jul06_morelong_a09_6000_6500_drop_source20/ape.txt:14;logs/aqualoc_archaeo_vins/external_hybrid_xfeat_every2_jul06_morelong_a09_6000_6500_drop_source20/ape.txt:15;logs/aqualoc_archaeo_vins/external_hybrid_xfeat_every2_jul06_morelong_a09_6000_6500_drop_source20/ape.txt:16;logs/aqualoc_archaeo_vins/external_hybrid_xfeat_every2_jul06_morelong_a09_6000_6500_drop_source20/ape.txt:17;logs/aqualoc_archaeo_vins/external_hybrid_xfeat_every2_jul06_morelong_a09_6000_6500_drop_source20/ape.txt:18;logs/aqualoc_archaeo_vins/external_hybrid_xfeat_every2_jul06_morelong_a09_6000_6500_drop_source20/ape.txt:19;...(+187),Prior artifact or parameter/search reference found before P02 freeze; exclude exact window from confirmatory denominator.
aqualoc_archaeology,A09,6000,6600,frame,199,true,true,true,DEVELOPMENT_ONLY,logs/aqualoc_archaeo_vins/external_hybrid_xfeat_every2_jul06_morelong_a09_6000_6600_drop_source20/ape.txt;logs/aqualoc_archaeo_vins/external_hybrid_xfeat_every2_jul06_morelong_a09_6000_6600_drop_source20/ape.txt:1;logs/aqualoc_archaeo_vins/external_hybrid_xfeat_every2_jul06_morelong_a09_6000_6600_drop_source20/ape.txt:10;logs/aqualoc_archaeo_vins/external_hybrid_xfeat_every2_jul06_morelong_a09_6000_6600_drop_source20/ape.txt:11;logs/aqualoc_archaeo_vins/external_hybrid_xfeat_every2_jul06_morelong_a09_6000_6600_drop_source20/ape.txt:12;logs/aqualoc_archaeo_vins/external_hybrid_xfeat_every2_jul06_morelong_a09_6000_6600_drop_source20/ape.txt:13;logs/aqualoc_archaeo_vins/external_hybrid_xfeat_every2_jul06_morelong_a09_6000_6600_drop_source20/ape.txt:14;logs/aqualoc_archaeo_vins/external_hybrid_xfeat_every2_jul06_morelong_a09_6000_6600_drop_source20/ape.txt:15;logs/aqualoc_archaeo_vins/external_hybrid_xfeat_every2_jul06_morelong_a09_6000_6600_drop_source20/ape.txt:16;logs/aqualoc_archaeo_vins/external_hybrid_xfeat_every2_jul06_morelong_a09_6000_6600_drop_source20/ape.txt:17;logs/aqualoc_archaeo_vins/external_hybrid_xfeat_every2_jul06_morelong_a09_6000_6600_drop_source20/ape.txt:18;logs/aqualoc_archaeo_vins/external_hybrid_xfeat_every2_jul06_morelong_a09_6000_6600_drop_source20/ape.txt:19;...(+187),Prior artifact or parameter/search reference found before P02 freeze; exclude exact window from confirmatory denominator.
aqualoc_archaeology,A09,6000,6700,frame,202,true,true,true,DEVELOPMENT_ONLY,logs/aqualoc_archaeo_vins/external_hybrid_xfeat_every2_jul07_morelong_a09_6000_6700_drop_source20/ape.txt;logs/aqualoc_archaeo_vins/external_hybrid_xfeat_every2_jul07_morelong_a09_6000_6700_drop_source20/ape.txt:1;logs/aqualoc_archaeo_vins/external_hybrid_xfeat_every2_jul07_morelong_a09_6000_6700_drop_source20/ape.txt:10;logs/aqualoc_archaeo_vins/external_hybrid_xfeat_every2_jul07_morelong_a09_6000_6700_drop_source20/ape.txt:11;logs/aqualoc_archaeo_vins/external_hybrid_xfeat_every2_jul07_morelong_a09_6000_6700_drop_source20/ape.txt:12;logs/aqualoc_archaeo_vins/external_hybrid_xfeat_every2_jul07_morelong_a09_6000_6700_drop_source20/ape.txt:13;logs/aqualoc_archaeo_vins/external_hybrid_xfeat_every2_jul07_morelong_a09_6000_6700_drop_source20/ape.txt:14;logs/aqualoc_archaeo_vins/external_hybrid_xfeat_every2_jul07_morelong_a09_6000_6700_drop_source20/ape.txt:15;logs/aqualoc_archaeo_vins/external_hybrid_xfeat_every2_jul07_morelong_a09_6000_6700_drop_source20/ape.txt:16;logs/aqualoc_archaeo_vins/external_hybrid_xfeat_every2_jul07_morelong_a09_6000_6700_drop_source20/ape.txt:17;logs/aqualoc_archaeo_vins/external_hybrid_xfeat_every2_jul07_morelong_a09_6000_6700_drop_source20/ape.txt:18;logs/aqualoc_archaeo_vins/external_hybrid_xfeat_every2_jul07_morelong_a09_6000_6700_drop_source20/ape.txt:19;...(+190),Prior artifact or parameter/search reference found before P02 freeze; exclude exact window from confirmatory denominator.
aqualoc_archaeology,A09,6000,6800,frame,199,true,true,true,DEVELOPMENT_ONLY,logs/aqualoc_archaeo_vins/external_hybrid_xfeat_every2_jul07_morelong_a09_6000_6800_drop_source20/ape.txt;logs/aqualoc_archaeo_vins/external_hybrid_xfeat_every2_jul07_morelong_a09_6000_6800_drop_source20/ape.txt:1;logs/aqualoc_archaeo_vins/external_hybrid_xfeat_every2_jul07_morelong_a09_6000_6800_drop_source20/ape.txt:10;logs/aqualoc_archaeo_vins/external_hybrid_xfeat_every2_jul07_morelong_a09_6000_6800_drop_source20/ape.txt:11;logs/aqualoc_archaeo_vins/external_hybrid_xfeat_every2_jul07_morelong_a09_6000_6800_drop_source20/ape.txt:12;logs/aqualoc_archaeo_vins/external_hybrid_xfeat_every2_jul07_morelong_a09_6000_6800_drop_source20/ape.txt:13;logs/aqualoc_archaeo_vins/external_hybrid_xfeat_every2_jul07_morelong_a09_6000_6800_drop_source20/ape.txt:14;logs/aqualoc_archaeo_vins/external_hybrid_xfeat_every2_jul07_morelong_a09_6000_6800_drop_source20/ape.txt:15;logs/aqualoc_archaeo_vins/external_hybrid_xfeat_every2_jul07_morelong_a09_6000_6800_drop_source20/ape.txt:16;logs/aqualoc_archaeo_vins/external_hybrid_xfeat_every2_jul07_morelong_a09_6000_6800_drop_source20/ape.txt:17;logs/aqualoc_archaeo_vins/external_hybrid_xfeat_every2_jul07_morelong_a09_6000_6800_drop_source20/ape.txt:18;logs/aqualoc_archaeo_vins/external_hybrid_xfeat_every2_jul07_morelong_a09_6000_6800_drop_source20/ape.txt:19;...(+187),Prior artifact or parameter/search reference found before P02 freeze; exclude exact window from confirmatory denominator.
aqualoc_archaeology,A09,6002,6202,frame,129,true,true,true,DEVELOPMENT_ONLY,logs/aqualoc_archaeo_vins/external_hybrid_xfeat_every2_jul04_more_a09_6002_6202_probe_oldcontract_densecap/aqualoc_archaeo09_pinhole.yaml;logs/aqualoc_archaeo_vins/external_hybrid_xfeat_every2_jul04_more_a09_6002_6202_probe_oldcontract_densecap/features.bag;logs/aqualoc_archaeo_vins/external_hybrid_xfeat_every2_jul04_more_a09_6002_6202_probe_oldcontract_densecap/frontend_metrics.csv;logs/aqualoc_archaeo_vins/external_hybrid_xfeat_every2_jul06_scan_a9_6002_6202_probe_oldcontract_densecap/aqualoc_archaeo09_pinhole.yaml;logs/aqualoc_archaeo_vins/external_hybrid_xfeat_every2_jul06_scan_a9_6002_6202_probe_oldcontract_densecap/features.bag;logs/aqualoc_archaeo_vins/external_hybrid_xfeat_every2_jul06_scan_a9_6002_6202_probe_oldcontract_densecap/frontend_metrics.csv;logs/aqualoc_archaeo_vins/external_klt_every2_jul04_more_a09_6002_6202_klt_safe_fallback/aqualoc_archaeo09_pinhole.yaml;logs/aqualoc_archaeo_vins/external_klt_every2_jul04_more_a09_6002_6202_klt_safe_fallback/arbitration_summary.txt;logs/aqualoc_archaeo_vins/external_klt_every2_jul04_more_a09_6002_6202_klt_safe_fallback/arbitration_summary.txt:1;logs/aqualoc_archaeo_vins/external_klt_every2_jul04_more_a09_6002_6202_klt_safe_fallback/arbitration_summary.txt:10;logs/aqualoc_archaeo_vins/external_klt_every2_jul04_more_a09_6002_6202_klt_safe_fallback/arbitration_summary.txt:11;logs/aqualoc_archaeo_vins/external_klt_every2_jul04_more_a09_6002_6202_klt_safe_fallback/arbitration_summary.txt:12;...(+117),Prior artifact or parameter/search reference found before P02 freeze; exclude exact window from confirmatory denominator.
aqualoc_archaeology,A09,6005,6205,frame,392,true,true,true,DEVELOPMENT_ONLY,logs/aqualoc_archaeo_vins/external_hybrid_xfeat_every2_jul06_more_a09_6005_6205_probe_oldcontract_densecap/aqualoc_archaeo09_pinhole.yaml;logs/aqualoc_archaeo_vins/external_hybrid_xfeat_every2_jul06_more_a09_6005_6205_probe_oldcontract_densecap/features.bag;logs/aqualoc_archaeo_vins/external_hybrid_xfeat_every2_jul06_more_a09_6005_6205_probe_oldcontract_densecap/frontend_metrics.csv;logs/aqualoc_archaeo_vins/external_hybrid_xfeat_every2_jul06_scan_a9_6005_6205_probe_oldcontract_densecap/aqualoc_archaeo09_pinhole.yaml;logs/aqualoc_archaeo_vins/external_hybrid_xfeat_every2_jul06_scan_a9_6005_6205_probe_oldcontract_densecap/features.bag;logs/aqualoc_archaeo_vins/external_hybrid_xfeat_every2_jul06_scan_a9_6005_6205_probe_oldcontract_densecap/frontend_metrics.csv;logs/aqualoc_archaeo_vins/external_hybrid_xfeat_every2_jul10_scan_a09_6005_6205_probe_oldcontract_densecap/aqualoc_archaeo09_pinhole.yaml;logs/aqualoc_archaeo_vins/external_hybrid_xfeat_every2_jul10_scan_a09_6005_6205_probe_oldcontract_densecap/features.bag;logs/aqualoc_archaeo_vins/external_hybrid_xfeat_every2_jul10_scan_a09_6005_6205_probe_oldcontract_densecap/frontend_metrics.csv;logs/aqualoc_archaeo_vins/external_hybrid_xfeat_every2_jul10_vins_a09_6005_6205_drop_source20/ape.txt;logs/aqualoc_archaeo_vins/external_hybrid_xfeat_every2_jul10_vins_a09_6005_6205_drop_source20/ape.txt:1;logs/aqualoc_archaeo_vins/external_hybrid_xfeat_every2_jul10_vins_a09_6005_6205_drop_source20/ape.txt:10;...(+380),Prior artifact or parameter/search reference found before P02 freeze; exclude exact window from confirmatory denominator.
aqualoc_archaeology,A09,6008,6208,frame,189,true,true,true,DEVELOPMENT_ONLY,logs/aqualoc_archaeo_vins/external_hybrid_xfeat_every2_jul04_more_a09_6008_6208_probe_oldcontract_densecap/aqualoc_archaeo09_pinhole.yaml;logs/aqualoc_archaeo_vins/external_hybrid_xfeat_every2_jul04_more_a09_6008_6208_probe_oldcontract_densecap/features.bag;logs/aqualoc_archaeo_vins/external_hybrid_xfeat_every2_jul04_more_a09_6008_6208_probe_oldcontract_densecap/frontend_metrics.csv;logs/aqualoc_archaeo_vins/external_hybrid_xfeat_every2_jul05_adaptiveguard_a09_6008_6208_probe_oldcontract_densecap/aqualoc_archaeo09_pinhole.yaml;logs/aqualoc_archaeo_vins/external_hybrid_xfeat_every2_jul05_adaptiveguard_a09_6008_6208_probe_oldcontract_densecap/features.bag;logs/aqualoc_archaeo_vins/external_hybrid_xfeat_every2_jul05_adaptiveguard_a09_6008_6208_probe_oldcontract_densecap/frontend_metrics.csv;logs/aqualoc_archaeo_vins/external_hybrid_xfeat_every2_jul06_scan_a9_6008_6208_probe_oldcontract_densecap/aqualoc_archaeo09_pinhole.yaml;logs/aqualoc_archaeo_vins/external_hybrid_xfeat_every2_jul06_scan_a9_6008_6208_probe_oldcontract_densecap/features.bag;logs/aqualoc_archaeo_vins/external_hybrid_xfeat_every2_jul06_scan_a9_6008_6208_probe_oldcontract_densecap/frontend_metrics.csv;logs/aqualoc_archaeo_vins/external_klt_every2_jul04_more_a09_6008_6208_klt_safe_fallback/aqualoc_archaeo09_pinhole.yaml;logs/aqualoc_archaeo_vins/external_klt_every2_jul04_more_a09_6008_6208_klt_safe_fallback/arbitration_summary.txt;logs/aqualoc_archaeo_vins/external_klt_every2_jul04_more_a09_6008_6208_klt_safe_fallback/arbitration_summary.txt:1;...(+177),Prior artifact or parameter/search reference found before P02 freeze; exclude exact window from confirmatory denominator.
aqualoc_archaeology,A09,6010,6210,frame,97,true,true,true,DEVELOPMENT_ONLY,logs/aqualoc_archaeo_vins/external_hybrid_xfeat_every2_jul03_guarded_scan_a09_6010_6210_probe_oldcontract_densecap/aqualoc_archaeo09_pinhole.yaml;logs/aqualoc_archaeo_vins/external_hybrid_xfeat_every2_jul03_guarded_scan_a09_6010_6210_probe_oldcontract_densecap/features.bag;logs/aqualoc_archaeo_vins/external_hybrid_xfeat_every2_jul03_guarded_scan_a09_6010_6210_probe_oldcontract_densecap/frontend_metrics.csv;logs/aqualoc_archaeo_vins/external_hybrid_xfeat_every2_jul03_guarded_v2_scan_a09_6010_6210_probe_oldcontract_densecap/aqualoc_archaeo09_pinhole.yaml;logs/aqualoc_archaeo_vins/external_hybrid_xfeat_every2_jul03_guarded_v2_scan_a09_6010_6210_probe_oldcontract_densecap/features.bag;logs/aqualoc_archaeo_vins/external_hybrid_xfeat_every2_jul03_guarded_v2_scan_a09_6010_6210_probe_oldcontract_densecap/frontend_metrics.csv;logs/aqualoc_archaeo_vins/external_klt_every2_jul03_guarded_scan_a09_6010_6210_klt_safe_fallback/aqualoc_archaeo09_pinhole.yaml;logs/aqualoc_archaeo_vins/external_klt_every2_jul03_guarded_scan_a09_6010_6210_klt_safe_fallback/arbitration_summary.txt;logs/aqualoc_archaeo_vins/external_klt_every2_jul03_guarded_scan_a09_6010_6210_klt_safe_fallback/arbitration_summary.txt:1;logs/aqualoc_archaeo_vins/external_klt_every2_jul03_guarded_scan_a09_6010_6210_klt_safe_fallback/arbitration_summary.txt:10;logs/aqualoc_archaeo_vins/external_klt_every2_jul03_guarded_scan_a09_6010_6210_klt_safe_fallback/arbitration_summary.txt:11;logs/aqualoc_archaeo_vins/external_klt_every2_jul03_guarded_scan_a09_6010_6210_klt_safe_fallback/arbitration_summary.txt:12;...(+85),Prior artifact or parameter/search reference found before P02 freeze; exclude exact window from confirmatory denominator.
aqualoc_archaeology,A09,6015,6215,frame,475,true,true,true,DEVELOPMENT_ONLY,logs/aqualoc_archaeo_vins/external_hybrid_xfeat_every2_jul04_a09_6015_6215_drop20_replay/ape.txt;logs/aqualoc_archaeo_vins/external_hybrid_xfeat_every2_jul04_a09_6015_6215_drop20_replay/ape.txt:1;logs/aqualoc_archaeo_vins/external_hybrid_xfeat_every2_jul04_a09_6015_6215_drop20_replay/ape.txt:10;logs/aqualoc_archaeo_vins/external_hybrid_xfeat_every2_jul04_a09_6015_6215_drop20_replay/ape.txt:11;logs/aqualoc_archaeo_vins/external_hybrid_xfeat_every2_jul04_a09_6015_6215_drop20_replay/ape.txt:12;logs/aqualoc_archaeo_vins/external_hybrid_xfeat_every2_jul04_a09_6015_6215_drop20_replay/ape.txt:13;logs/aqualoc_archaeo_vins/external_hybrid_xfeat_every2_jul04_a09_6015_6215_drop20_replay/ape.txt:14;logs/aqualoc_archaeo_vins/external_hybrid_xfeat_every2_jul04_a09_6015_6215_drop20_replay/ape.txt:15;logs/aqualoc_archaeo_vins/external_hybrid_xfeat_every2_jul04_a09_6015_6215_drop20_replay/ape.txt:16;logs/aqualoc_archaeo_vins/external_hybrid_xfeat_every2_jul04_a09_6015_6215_drop20_replay/ape.txt:17;logs/aqualoc_archaeo_vins/external_hybrid_xfeat_every2_jul04_a09_6015_6215_drop20_replay/ape.txt:18;logs/aqualoc_archaeo_vins/external_hybrid_xfeat_every2_jul04_a09_6015_6215_drop20_replay/ape.txt:19;...(+463),Prior artifact or parameter/search reference found before P02 freeze; exclude exact window from confirmatory denominator.
aqualoc_archaeology,A09,6020,6220,frame,256,true,true,true,DEVELOPMENT_ONLY,logs/aqualoc_archaeo_vins/external_hybrid_xfeat_every2_jul03_earlyseed_a09_6020_6220_drop20/ape.txt;logs/aqualoc_archaeo_vins/external_hybrid_xfeat_every2_jul03_earlyseed_a09_6020_6220_drop20/ape.txt:1;logs/aqualoc_archaeo_vins/external_hybrid_xfeat_every2_jul03_earlyseed_a09_6020_6220_drop20/ape.txt:10;logs/aqualoc_archaeo_vins/external_hybrid_xfeat_every2_jul03_earlyseed_a09_6020_6220_drop20/ape.txt:11;logs/aqualoc_archaeo_vins/external_hybrid_xfeat_every2_jul03_earlyseed_a09_6020_6220_drop20/ape.txt:12;logs/aqualoc_archaeo_vins/external_hybrid_xfeat_every2_jul03_earlyseed_a09_6020_6220_drop20/ape.txt:13;logs/aqualoc_archaeo_vins/external_hybrid_xfeat_every2_jul03_earlyseed_a09_6020_6220_drop20/ape.txt:14;logs/aqualoc_archaeo_vins/external_hybrid_xfeat_every2_jul03_earlyseed_a09_6020_6220_drop20/ape.txt:15;logs/aqualoc_archaeo_vins/external_hybrid_xfeat_every2_jul03_earlyseed_a09_6020_6220_drop20/ape.txt:16;logs/aqualoc_archaeo_vins/external_hybrid_xfeat_every2_jul03_earlyseed_a09_6020_6220_drop20/ape.txt:17;logs/aqualoc_archaeo_vins/external_hybrid_xfeat_every2_jul03_earlyseed_a09_6020_6220_drop20/ape.txt:18;logs/aqualoc_archaeo_vins/external_hybrid_xfeat_every2_jul03_earlyseed_a09_6020_6220_drop20/ape.txt:19;...(+244),Prior artifact or parameter/search reference found before P02 freeze; exclude exact window from confirmatory denominator.
aqualoc_archaeology,A09,6040,6240,frame,205,true,true,true,DEVELOPMENT_ONLY,logs/aqualoc_archaeo_vins/external_hybrid_xfeat_every2_jul03_earlyseed_a09_6040_6240_drop20/ape.txt;logs/aqualoc_archaeo_vins/external_hybrid_xfeat_every2_jul03_earlyseed_a09_6040_6240_drop20/ape.txt:1;logs/aqualoc_archaeo_vins/external_hybrid_xfeat_every2_jul03_earlyseed_a09_6040_6240_drop20/ape.txt:10;logs/aqualoc_archaeo_vins/external_hybrid_xfeat_every2_jul03_earlyseed_a09_6040_6240_drop20/ape.txt:11;logs/aqualoc_archaeo_vins/external_hybrid_xfeat_every2_jul03_earlyseed_a09_6040_6240_drop20/ape.txt:12;logs/aqualoc_archaeo_vins/external_hybrid_xfeat_every2_jul03_earlyseed_a09_6040_6240_drop20/ape.txt:13;logs/aqualoc_archaeo_vins/external_hybrid_xfeat_every2_jul03_earlyseed_a09_6040_6240_drop20/ape.txt:14;logs/aqualoc_archaeo_vins/external_hybrid_xfeat_every2_jul03_earlyseed_a09_6040_6240_drop20/ape.txt:15;logs/aqualoc_archaeo_vins/external_hybrid_xfeat_every2_jul03_earlyseed_a09_6040_6240_drop20/ape.txt:16;logs/aqualoc_archaeo_vins/external_hybrid_xfeat_every2_jul03_earlyseed_a09_6040_6240_drop20/ape.txt:17;logs/aqualoc_archaeo_vins/external_hybrid_xfeat_every2_jul03_earlyseed_a09_6040_6240_drop20/ape.txt:18;logs/aqualoc_archaeo_vins/external_hybrid_xfeat_every2_jul03_earlyseed_a09_6040_6240_drop20/ape.txt:19;...(+193),Prior artifact or parameter/search reference found before P02 freeze; exclude exact window from confirmatory denominator.
aqualoc_archaeology,A09,6800,7000,frame,200,true,true,true,DEVELOPMENT_ONLY,logs/aqualoc_archaeo_vins/external_hybrid_xfeat_every2_jul07_nonoverlap_a09_6800_7000_drop_source20/ape.txt;logs/aqualoc_archaeo_vins/external_hybrid_xfeat_every2_jul07_nonoverlap_a09_6800_7000_drop_source20/ape.txt:1;logs/aqualoc_archaeo_vins/external_hybrid_xfeat_every2_jul07_nonoverlap_a09_6800_7000_drop_source20/ape.txt:10;logs/aqualoc_archaeo_vins/external_hybrid_xfeat_every2_jul07_nonoverlap_a09_6800_7000_drop_source20/ape.txt:11;logs/aqualoc_archaeo_vins/external_hybrid_xfeat_every2_jul07_nonoverlap_a09_6800_7000_drop_source20/ape.txt:12;logs/aqualoc_archaeo_vins/external_hybrid_xfeat_every2_jul07_nonoverlap_a09_6800_7000_drop_source20/ape.txt:13;logs/aqualoc_archaeo_vins/external_hybrid_xfeat_every2_jul07_nonoverlap_a09_6800_7000_drop_source20/ape.txt:14;logs/aqualoc_archaeo_vins/external_hybrid_xfeat_every2_jul07_nonoverlap_a09_6800_7000_drop_source20/ape.txt:15;logs/aqualoc_archaeo_vins/external_hybrid_xfeat_every2_jul07_nonoverlap_a09_6800_7000_drop_source20/ape.txt:16;logs/aqualoc_archaeo_vins/external_hybrid_xfeat_every2_jul07_nonoverlap_a09_6800_7000_drop_source20/ape.txt:17;logs/aqualoc_archaeo_vins/external_hybrid_xfeat_every2_jul07_nonoverlap_a09_6800_7000_drop_source20/ape.txt:18;logs/aqualoc_archaeo_vins/external_hybrid_xfeat_every2_jul07_nonoverlap_a09_6800_7000_drop_source20/ape.txt:19;...(+188),Prior artifact or parameter/search reference found before P02 freeze; exclude exact window from confirmatory denominator.
aqualoc_archaeology,A09,800,1200,frame,5,true,true,true,DEVELOPMENT_ONLY,logs/aqualoc_archaeo_vins/external_hybrid_xfeat_every2_jul15screen4_a09_800_1200_probe/aqualoc_archaeo09_pinhole.yaml;logs/aqualoc_archaeo_vins/external_hybrid_xfeat_every2_jul15screen4_a09_800_1200_probe/features.bag;logs/aqualoc_archaeo_vins/external_hybrid_xfeat_every2_jul15screen4_a09_800_1200_probe/frontend_metrics.csv;papers/frozen_frontend_exploration_20260715/run_evidence_jul15_late_and_jul16.csv:15;papers/frozen_frontend_exploration_20260715/screening_summary_jul15_late_and_jul16.csv:15,Prior artifact or parameter/search reference found before P02 freeze; exclude exact window from confirmatory denominator.
aqualoc_archaeology,A10,0,400,frame,234,true,true,true,DEVELOPMENT_ONLY,logs/aqualoc_archaeo_vins/external_hybrid_xfeat_every2_jul16dev_cap2_a10_0_400_probe_oldcontract_densecap/aqualoc_archaeo10_pinhole.yaml;logs/aqualoc_archaeo_vins/external_hybrid_xfeat_every2_jul16dev_cap2_a10_0_400_probe_oldcontract_densecap/features.bag;logs/aqualoc_archaeo_vins/external_hybrid_xfeat_every2_jul16dev_cap2_a10_0_400_probe_oldcontract_densecap/frontend_metrics.csv;logs/aqualoc_archaeo_vins/external_hybrid_xfeat_every2_jul16screen40_a10_0_400_probe/aqualoc_archaeo10_pinhole.yaml;logs/aqualoc_archaeo_vins/external_hybrid_xfeat_every2_jul16screen40_a10_0_400_probe/features.bag;logs/aqualoc_archaeo_vins/external_hybrid_xfeat_every2_jul16screen40_a10_0_400_probe/frontend_metrics.csv;logs/aqualoc_archaeo_vins/external_klt_every2_jul16dev_cap2_a10_0_400_klt_safe_fallback/aqualoc_archaeo10_pinhole.yaml;logs/aqualoc_archaeo_vins/external_klt_every2_jul16dev_cap2_a10_0_400_klt_safe_fallback/arbitration_summary.txt;logs/aqualoc_archaeo_vins/external_klt_every2_jul16dev_cap2_a10_0_400_klt_safe_fallback/arbitration_summary.txt:1;logs/aqualoc_archaeo_vins/external_klt_every2_jul16dev_cap2_a10_0_400_klt_safe_fallback/arbitration_summary.txt:10;logs/aqualoc_archaeo_vins/external_klt_every2_jul16dev_cap2_a10_0_400_klt_safe_fallback/arbitration_summary.txt:100;logs/aqualoc_archaeo_vins/external_klt_every2_jul16dev_cap2_a10_0_400_klt_safe_fallback/arbitration_summary.txt:101;...(+222),Prior artifact or parameter/search reference found before P02 freeze; exclude exact window from confirmatory denominator.
aqualoc_archaeology,A10,1200,1600,frame,5,true,true,true,DEVELOPMENT_ONLY,logs/aqualoc_archaeo_vins/external_hybrid_xfeat_every2_jul16screen41_a10_1200_1600_probe/aqualoc_archaeo10_pinhole.yaml;logs/aqualoc_archaeo_vins/external_hybrid_xfeat_every2_jul16screen41_a10_1200_1600_probe/features.bag;logs/aqualoc_archaeo_vins/external_hybrid_xfeat_every2_jul16screen41_a10_1200_1600_probe/frontend_metrics.csv;papers/frozen_frontend_exploration_20260715/run_evidence_jul15_late_and_jul16.csv:59;papers/frozen_frontend_exploration_20260715/screening_summary_jul15_late_and_jul16.csv:59,Prior artifact or parameter/search reference found before P02 freeze; exclude exact window from confirmatory denominator.
aqualoc_archaeology,A10,2400,2440,frame,1,false,false,true,DEVELOPMENT_ONLY,logs/orbslam3_seeded_validation/a10_2400_2800_lineage_pre_kf_outlier_purge_v23_20260730.md:72,Prior artifact or parameter/search reference found before P02 freeze; exclude exact window from confirmatory denominator.
aqualoc_archaeology,A10,2400,2480,frame,58,true,false,true,DEVELOPMENT_ONLY,logs/orbslam3_seeded_validation/a10_2400_2480_lineage_bridge_v6_barrier_singlecpu2_fourarm_h100_q09_20260729_smoke1_runs.csv;logs/orbslam3_seeded_validation/a10_2400_2480_lineage_bridge_v6_barrier_singlecpu2_fourarm_h100_q09_20260729_smoke1_survival/mappoint-survival-diagnostic.md;logs/orbslam3_seeded_validation/a10_2400_2480_lineage_bridge_v6_barrier_singlecpu2_fourarm_h100_q09_20260729_smoke1_survival/mappoint-survival-diagnostic.md:1;logs/orbslam3_seeded_validation/a10_2400_2480_lineage_bridge_v6_barrier_singlecpu2_fourarm_h100_q09_20260729_smoke1_survival/mappoint-survival-diagnostic.md:10;logs/orbslam3_seeded_validation/a10_2400_2480_lineage_bridge_v6_barrier_singlecpu2_fourarm_h100_q09_20260729_smoke1_survival/mappoint-survival-diagnostic.md:11;logs/orbslam3_seeded_validation/a10_2400_2480_lineage_bridge_v6_barrier_singlecpu2_fourarm_h100_q09_20260729_smoke1_survival/mappoint-survival-diagnostic.md:12;logs/orbslam3_seeded_validation/a10_2400_2480_lineage_bridge_v6_barrier_singlecpu2_fourarm_h100_q09_20260729_smoke1_survival/mappoint-survival-diagnostic.md:13;logs/orbslam3_seeded_validation/a10_2400_2480_lineage_bridge_v6_barrier_singlecpu2_fourarm_h100_q09_20260729_smoke1_survival/mappoint-survival-diagnostic.md:14;logs/orbslam3_seeded_validation/a10_2400_2480_lineage_bridge_v6_barrier_singlecpu2_fourarm_h100_q09_20260729_smoke1_survival/mappoint-survival-diagnostic.md:2;logs/orbslam3_seeded_validation/a10_2400_2480_lineage_bridge_v6_barrier_singlecpu2_fourarm_h100_q09_20260729_smoke1_survival/mappoint-survival-diagnostic.md:3;logs/orbslam3_seeded_validation/a10_2400_2480_lineage_bridge_v6_barrier_singlecpu2_fourarm_h100_q09_20260729_smoke1_survival/mappoint-survival-diagnostic.md:4;logs/orbslam3_seeded_validation/a10_2400_2480_lineage_bridge_v6_barrier_singlecpu2_fourarm_h100_q09_20260729_smoke1_survival/mappoint-survival-diagnostic.md:5;...(+46),Prior artifact or parameter/search reference found before P02 freeze; exclude exact window from confirmatory denominator.
aqualoc_archaeology,A10,2400,2520,frame,583,true,false,true,DEVELOPMENT_ONLY,logs/orbslam3_seeded_validation/a10_2400_2520_lineage_assisted_budget8_v11_online_20260729_probe1_runs.csv;logs/orbslam3_seeded_validation/a10_2400_2520_lineage_assisted_budget8_v11_reconstructed_20260729_probe1_runs.csv;logs/orbslam3_seeded_validation/a10_2400_2520_lineage_bridge_v6_barrier_singlecpu2_fourarm_h100_q09_20260729_3repeat_runs.csv;logs/orbslam3_seeded_validation/a10_2400_2520_lineage_bridge_v6_barrier_singlecpu2_fourarm_h100_q09_20260729_3repeat_survival/mappoint-survival-diagnostic.md;logs/orbslam3_seeded_validation/a10_2400_2520_lineage_bridge_v6_barrier_singlecpu2_fourarm_h100_q09_20260729_3repeat_survival/mappoint-survival-diagnostic.md:1;logs/orbslam3_seeded_validation/a10_2400_2520_lineage_bridge_v6_barrier_singlecpu2_fourarm_h100_q09_20260729_3repeat_survival/mappoint-survival-diagnostic.md:10;logs/orbslam3_seeded_validation/a10_2400_2520_lineage_bridge_v6_barrier_singlecpu2_fourarm_h100_q09_20260729_3repeat_survival/mappoint-survival-diagnostic.md:11;logs/orbslam3_seeded_validation/a10_2400_2520_lineage_bridge_v6_barrier_singlecpu2_fourarm_h100_q09_20260729_3repeat_survival/mappoint-survival-diagnostic.md:12;logs/orbslam3_seeded_validation/a10_2400_2520_lineage_bridge_v6_barrier_singlecpu2_fourarm_h100_q09_20260729_3repeat_survival/mappoint-survival-diagnostic.md:13;logs/orbslam3_seeded_validation/a10_2400_2520_lineage_bridge_v6_barrier_singlecpu2_fourarm_h100_q09_20260729_3repeat_survival/mappoint-survival-diagnostic.md:14;logs/orbslam3_seeded_validation/a10_2400_2520_lineage_bridge_v6_barrier_singlecpu2_fourarm_h100_q09_20260729_3repeat_survival/mappoint-survival-diagnostic.md:2;logs/orbslam3_seeded_validation/a10_2400_2520_lineage_bridge_v6_barrier_singlecpu2_fourarm_h100_q09_20260729_3repeat_survival/mappoint-survival-diagnostic.md:3;...(+571),Prior artifact or parameter/search reference found before P02 freeze; exclude exact window from confirmatory denominator.
aqualoc_archaeology,A10,2400,2800,frame,1370,true,true,true,DEVELOPMENT_ONLY,logs/aqualoc_archaeo_vins/external_hybrid_xfeat_every2_jul16screen42_a10_2400_2800_probe/aqualoc_archaeo10_pinhole.yaml;logs/aqualoc_archaeo_vins/external_hybrid_xfeat_every2_jul16screen42_a10_2400_2800_probe/features.bag;logs/aqualoc_archaeo_vins/external_hybrid_xfeat_every2_jul16screen42_a10_2400_2800_probe/frontend_metrics.csv;logs/aqualoc_archaeo_vins/external_klt_every2_jul21_online_positive_a10_2400_2800_drop_r1/ape.txt;logs/aqualoc_archaeo_vins/external_klt_every2_jul21_online_positive_a10_2400_2800_drop_r1/ape.txt:1;logs/aqualoc_archaeo_vins/external_klt_every2_jul21_online_positive_a10_2400_2800_drop_r1/ape.txt:10;logs/aqualoc_archaeo_vins/external_klt_every2_jul21_online_positive_a10_2400_2800_drop_r1/ape.txt:11;logs/aqualoc_archaeo_vins/external_klt_every2_jul21_online_positive_a10_2400_2800_drop_r1/ape.txt:12;logs/aqualoc_archaeo_vins/external_klt_every2_jul21_online_positive_a10_2400_2800_drop_r1/ape.txt:13;logs/aqualoc_archaeo_vins/external_klt_every2_jul21_online_positive_a10_2400_2800_drop_r1/ape.txt:14;logs/aqualoc_archaeo_vins/external_klt_every2_jul21_online_positive_a10_2400_2800_drop_r1/ape.txt:15;logs/aqualoc_archaeo_vins/external_klt_every2_jul21_online_positive_a10_2400_2800_drop_r1/ape.txt:16;...(+1358),Prior artifact or parameter/search reference found before P02 freeze; exclude exact window from confirmatory denominator.
aqualoc_archaeology,A10,2800,3200,frame,9,true,true,true,DEVELOPMENT_ONLY,logs/aqualoc_archaeo_vins/external_hybrid_xfeat_every2_jul16screen21_a10_2800_3200_probe/aqualoc_archaeo10_pinhole.yaml;logs/aqualoc_archaeo_vins/external_hybrid_xfeat_every2_jul16screen21_a10_2800_3200_probe/features.bag;logs/aqualoc_archaeo_vins/external_hybrid_xfeat_every2_jul16screen21_a10_2800_3200_probe/frontend_metrics.csv;papers/frozen_frontend_exploration_20260715/run_evidence_jul15_late_and_jul16.csv:52;papers/frozen_frontend_exploration_20260715/screening_summary_jul15_late_and_jul16.csv:52;papers/learned_lineage_novelty_dev_20260716/lineage_motion_ratio_screening_20260717.csv:25;papers/learned_lineage_novelty_dev_20260716/lineage_novelty_screening.csv:235;papers/learned_lineage_novelty_dev_20260716/lineage_novelty_screening.csv:41;papers/learned_lineage_novelty_dev_20260716/lineage_novelty_screening.csv:76,Prior artifact or parameter/search reference found before P02 freeze; exclude exact window from confirmatory denominator.
aqualoc_archaeology,A10,3200,3600,frame,5,true,true,true,DEVELOPMENT_ONLY,logs/aqualoc_archaeo_vins/external_hybrid_xfeat_every2_jul16screen12_a10_3200_3600_probe/aqualoc_archaeo10_pinhole.yaml;logs/aqualoc_archaeo_vins/external_hybrid_xfeat_every2_jul16screen12_a10_3200_3600_probe/features.bag;logs/aqualoc_archaeo_vins/external_hybrid_xfeat_every2_jul16screen12_a10_3200_3600_probe/frontend_metrics.csv;papers/frozen_frontend_exploration_20260715/run_evidence_jul15_late_and_jul16.csv:49;papers/frozen_frontend_exploration_20260715/screening_summary_jul15_late_and_jul16.csv:49,Prior artifact or parameter/search reference found before P02 freeze; exclude exact window from confirmatory denominator.
aqualoc_archaeology,A10,3600,4000,frame,7,true,true,true,DEVELOPMENT_ONLY,logs/aqualoc_archaeo_vins/external_hybrid_xfeat_every2_jul16screen12_a10_3600_4000_probe/aqualoc_archaeo10_pinhole.yaml;logs/aqualoc_archaeo_vins/external_hybrid_xfeat_every2_jul16screen12_a10_3600_4000_probe/features.bag;logs/aqualoc_archaeo_vins/external_hybrid_xfeat_every2_jul16screen12_a10_3600_4000_probe/frontend_metrics.csv;papers/frozen_frontend_exploration_20260715/run_evidence_jul15_late_and_jul16.csv:50;papers/frozen_frontend_exploration_20260715/screening_summary_jul15_late_and_jul16.csv:50;papers/learned_lineage_novelty_dev_20260716/lineage_novelty_screening.csv:159;papers/learned_lineage_novelty_dev_20260716/lineage_novelty_screening.csv:71,Prior artifact or parameter/search reference found before P02 freeze; exclude exact window from confirmatory denominator.
aqualoc_archaeology,A10,400,800,frame,2802,true,true,true,DEVELOPMENT_ONLY,logs/aqualoc_archaeo_vins/external_hybrid_xfeat_every2_jul16dev_a10_400_800_drop_lineage_vins/ape.txt;logs/aqualoc_archaeo_vins/external_hybrid_xfeat_every2_jul16dev_a10_400_800_drop_lineage_vins/ape.txt:1;logs/aqualoc_archaeo_vins/external_hybrid_xfeat_every2_jul16dev_a10_400_800_drop_lineage_vins/ape.txt:10;logs/aqualoc_archaeo_vins/external_hybrid_xfeat_every2_jul16dev_a10_400_800_drop_lineage_vins/ape.txt:11;logs/aqualoc_archaeo_vins/external_hybrid_xfeat_every2_jul16dev_a10_400_800_drop_lineage_vins/ape.txt:12;logs/aqualoc_archaeo_vins/external_hybrid_xfeat_every2_jul16dev_a10_400_800_drop_lineage_vins/ape.txt:13;logs/aqualoc_archaeo_vins/external_hybrid_xfeat_every2_jul16dev_a10_400_800_drop_lineage_vins/ape.txt:14;logs/aqualoc_archaeo_vins/external_hybrid_xfeat_every2_jul16dev_a10_400_800_drop_lineage_vins/ape.txt:15;logs/aqualoc_archaeo_vins/external_hybrid_xfeat_every2_jul16dev_a10_400_800_drop_lineage_vins/ape.txt:16;logs/aqualoc_archaeo_vins/external_hybrid_xfeat_every2_jul16dev_a10_400_800_drop_lineage_vins/ape.txt:17;logs/aqualoc_archaeo_vins/external_hybrid_xfeat_every2_jul16dev_a10_400_800_drop_lineage_vins/ape.txt:18;logs/aqualoc_archaeo_vins/external_hybrid_xfeat_every2_jul16dev_a10_400_800_drop_lineage_vins/ape.txt:19;...(+2790),Prior artifact or parameter/search reference found before P02 freeze; exclude exact window from confirmatory denominator.
aqualoc_archaeology,A10,4000,4400,frame,7,true,true,true,DEVELOPMENT_ONLY,logs/aqualoc_archaeo_vins/external_hybrid_xfeat_every2_jul16screen12_a10_4000_4400_probe/aqualoc_archaeo10_pinhole.yaml;logs/aqualoc_archaeo_vins/external_hybrid_xfeat_every2_jul16screen12_a10_4000_4400_probe/features.bag;logs/aqualoc_archaeo_vins/external_hybrid_xfeat_every2_jul16screen12_a10_4000_4400_probe/frontend_metrics.csv;papers/frozen_frontend_exploration_20260715/run_evidence_jul15_late_and_jul16.csv:51;papers/frozen_frontend_exploration_20260715/screening_summary_jul15_late_and_jul16.csv:51;papers/learned_lineage_novelty_dev_20260716/lineage_novelty_screening.csv:217;papers/learned_lineage_novelty_dev_20260716/lineage_novelty_screening.csv:218,Prior artifact or parameter/search reference found before P02 freeze; exclude exact window from confirmatory denominator.
aqualoc_archaeology,A10,4400,4800,frame,7,true,true,true,DEVELOPMENT_ONLY,logs/aqualoc_archaeo_vins/external_hybrid_xfeat_every2_jul16screen37_a10_4400_4800_probe/aqualoc_archaeo10_pinhole.yaml;logs/aqualoc_archaeo_vins/external_hybrid_xfeat_every2_jul16screen37_a10_4400_4800_probe/features.bag;logs/aqualoc_archaeo_vins/external_hybrid_xfeat_every2_jul16screen37_a10_4400_4800_probe/frontend_metrics.csv;logs/low_texture_window_search_20260522_continued/new_frontend_scan/A10_4400_4800_loftr_sparse_probe.csv;logs/low_texture_window_search_20260522_continued/new_frontend_scan/A10_4400_4800_sp_lg_loftr_probe.csv;papers/frozen_frontend_exploration_20260715/run_evidence_jul15_late_and_jul16.csv:54;papers/frozen_frontend_exploration_20260715/screening_summary_jul15_late_and_jul16.csv:54,Prior artifact or parameter/search reference found before P02 freeze; exclude exact window from confirmatory denominator.
aqualoc_archaeology,A10,4400,5180,frame,1,false,false,true,DEVELOPMENT_ONLY,logs/low_texture_window_search_20260522_continued/new_frontend_scan/A10_4400_5180_klt_adaptive.csv,Prior artifact or parameter/search reference found before P02 freeze; exclude exact window from confirmatory denominator.
aqualoc_archaeology,A10,4600,4920,frame,2,true,true,true,DEVELOPMENT_ONLY,logs/aqualoc_archaeo_vins/external_hybrid_xfeat_every2_jul07_nonoverlap_scan2_a10_4600_4920_probe_oldcontract_densecap/aqualoc_archaeo10_pinhole.yaml;logs/aqualoc_archaeo_vins/external_hybrid_xfeat_every2_jul07_nonoverlap_scan2_a10_4600_4920_probe_oldcontract_densecap/frontend_metrics.csv,Prior artifact or parameter/search reference found before P02 freeze; exclude exact window from confirmatory denominator.
aqualoc_archaeology,A10,4800,5200,frame,512,true,true,true,DEVELOPMENT_ONLY,logs/aqualoc_archaeo_vins/external_hybrid_superpoint_lightglue_every2_may22_cont_a10_4800_5200_sparse_loftr_export_probe/aqualoc_archaeo10_pinhole.yaml;logs/aqualoc_archaeo_vins/external_hybrid_superpoint_lightglue_every2_may22_cont_a10_4800_5200_sparse_loftr_export_probe/features.bag;logs/aqualoc_archaeo_vins/external_hybrid_superpoint_lightglue_every2_may22_cont_a10_4800_5200_sparse_loftr_export_probe/frontend_metrics.csv;logs/aqualoc_archaeo_vins/external_hybrid_superpoint_lightglue_every2_may22_cont_a10_4800_5200_v31_gtpos_loftr/ape.txt;logs/aqualoc_archaeo_vins/external_hybrid_superpoint_lightglue_every2_may22_cont_a10_4800_5200_v31_gtpos_loftr/ape.txt:1;logs/aqualoc_archaeo_vins/external_hybrid_superpoint_lightglue_every2_may22_cont_a10_4800_5200_v31_gtpos_loftr/ape.txt:10;logs/aqualoc_archaeo_vins/external_hybrid_superpoint_lightglue_every2_may22_cont_a10_4800_5200_v31_gtpos_loftr/ape.txt:11;logs/aqualoc_archaeo_vins/external_hybrid_superpoint_lightglue_every2_may22_cont_a10_4800_5200_v31_gtpos_loftr/ape.txt:12;logs/aqualoc_archaeo_vins/external_hybrid_superpoint_lightglue_every2_may22_cont_a10_4800_5200_v31_gtpos_loftr/ape.txt:13;logs/aqualoc_archaeo_vins/external_hybrid_superpoint_lightglue_every2_may22_cont_a10_4800_5200_v31_gtpos_loftr/ape.txt:14;logs/aqualoc_archaeo_vins/external_hybrid_superpoint_lightglue_every2_may22_cont_a10_4800_5200_v31_gtpos_loftr/ape.txt:15;logs/aqualoc_archaeo_vins/external_hybrid_superpoint_lightglue_every2_may22_cont_a10_4800_5200_v31_gtpos_loftr/ape.txt:16;...(+500),Prior artifact or parameter/search reference found before P02 freeze; exclude exact window from confirmatory denominator.
aqualoc_archaeology,A10,4800,5280,frame,3,false,false,false,DEVELOPMENT_ONLY,logs/may25_quality_scan/a10_4800_5280_every5.csv;logs/may26_quality_a10_4800_5280.csv;logs/may26_windows_a10_4800_5280.csv,Prior artifact or parameter/search reference found before P02 freeze; exclude exact window from confirmatory denominator.
aqualoc_archaeology,A10,4960,5040,frame,6,true,true,true,DEVELOPMENT_ONLY,logs/low_texture_window_search_20260522_continued/frontend_matrix/A10_4960_5040_classical_hybrid.csv;logs/low_texture_window_search_20260522_continued/frontend_matrix/A10_4960_5040_full_sp_lg_loftr.csv;logs/low_texture_window_search_20260522_continued/frontend_matrix/A10_4960_5040_klt_adaptive_clahe.csv;logs/low_texture_window_search_20260522_continued/frontend_matrix/A10_4960_5040_sp_lg.csv;logs/low_texture_window_search_20260522_continued/frontend_matrix/A10_4960_5040_xfeat.csv;logs/may23_non_a06_true_learned_candidates.md:31,Prior artifact or parameter/search reference found before P02 freeze; exclude exact window from confirmatory denominator.
aqualoc_archaeology,A10,4960,5280,frame,1210,true,true,true,DEVELOPMENT_ONLY,logs/agent_seven_point_summary.md:376;logs/agent_seven_point_summary.md:384;logs/aqualoc_archaeo_vins/external_hybrid_superpoint_lightglue_every2_may22_cont_a10_4960_5280_formal_export_probe/aqualoc_archaeo10_pinhole.yaml;logs/aqualoc_archaeo_vins/external_hybrid_superpoint_lightglue_every2_may22_cont_a10_4960_5280_formal_export_probe/features.bag;logs/aqualoc_archaeo_vins/external_hybrid_superpoint_lightglue_every2_may22_cont_a10_4960_5280_formal_export_probe/frontend_metrics.csv;logs/aqualoc_archaeo_vins/external_hybrid_superpoint_lightglue_every2_may22_cont_a10_4960_5280_lowparallax_allow_export_probe/aqualoc_archaeo10_pinhole.yaml;logs/aqualoc_archaeo_vins/external_hybrid_superpoint_lightglue_every2_may22_cont_a10_4960_5280_lowparallax_allow_export_probe/features.bag;logs/aqualoc_archaeo_vins/external_hybrid_superpoint_lightglue_every2_may22_cont_a10_4960_5280_lowparallax_allow_export_probe/frontend_metrics.csv;logs/aqualoc_archaeo_vins/external_hybrid_superpoint_lightglue_every2_may22_cont_a10_4960_5280_noloftr_control_export/aqualoc_archaeo10_pinhole.yaml;logs/aqualoc_archaeo_vins/external_hybrid_superpoint_lightglue_every2_may22_cont_a10_4960_5280_noloftr_control_export/features.bag;logs/aqualoc_archaeo_vins/external_hybrid_superpoint_lightglue_every2_may22_cont_a10_4960_5280_noloftr_control_export/frontend_metrics.csv;logs/aqualoc_archaeo_vins/external_hybrid_superpoint_lightglue_every2_may22_cont_a10_4960_5280_vins_loftr_rep1/ape.txt;...(+1198),Prior artifact or parameter/search reference found before P02 freeze; exclude exact window from confirmatory denominator.
aqualoc_archaeology,A10,5200,5600,frame,5,true,true,true,DEVELOPMENT_ONLY,logs/aqualoc_archaeo_vins/external_hybrid_xfeat_every2_jul16screen38_a10_5200_5600_probe/aqualoc_archaeo10_pinhole.yaml;logs/aqualoc_archaeo_vins/external_hybrid_xfeat_every2_jul16screen38_a10_5200_5600_probe/features.bag;logs/aqualoc_archaeo_vins/external_hybrid_xfeat_every2_jul16screen38_a10_5200_5600_probe/frontend_metrics.csv;papers/frozen_frontend_exploration_20260715/run_evidence_jul15_late_and_jul16.csv:55;papers/frozen_frontend_exploration_20260715/screening_summary_jul15_late_and_jul16.csv:55,Prior artifact or parameter/search reference found before P02 freeze; exclude exact window from confirmatory denominator.
aqualoc_archaeology,A10,5280,5600,frame,77,true,true,true,DEVELOPMENT_ONLY,logs/aqualoc_archaeo_vins/external_hybrid_xfeat_every2_jul07_nonoverlap_onlineprobe4_a10_5280_5600/aqualoc_archaeo10_pinhole.yaml;logs/aqualoc_archaeo_vins/external_hybrid_xfeat_every2_jul07_nonoverlap_onlineprobe4_a10_5280_5600/features.bag;logs/aqualoc_archaeo_vins/external_hybrid_xfeat_every2_jul07_nonoverlap_onlineprobe4_a10_5280_5600/frontend_metrics.csv;logs/aqualoc_archaeo_vins/external_hybrid_xfeat_every2_jul07_nonoverlap_scan2_a10_5280_5600_probe_oldcontract_densecap/aqualoc_archaeo10_pinhole.yaml;logs/aqualoc_archaeo_vins/external_hybrid_xfeat_every2_jul07_nonoverlap_scan2_a10_5280_5600_probe_oldcontract_densecap/features.bag;logs/aqualoc_archaeo_vins/external_hybrid_xfeat_every2_jul07_nonoverlap_scan2_a10_5280_5600_probe_oldcontract_densecap/frontend_metrics.csv;logs/aqualoc_archaeo_vins/external_klt_every2_jul07_nonoverlap_scan2_a10_5280_5600_klt_safe_fallback/aqualoc_archaeo10_pinhole.yaml;logs/aqualoc_archaeo_vins/external_klt_every2_jul07_nonoverlap_scan2_a10_5280_5600_klt_safe_fallback/arbitration_summary.txt;logs/aqualoc_archaeo_vins/external_klt_every2_jul07_nonoverlap_scan2_a10_5280_5600_klt_safe_fallback/arbitration_summary.txt:1;logs/aqualoc_archaeo_vins/external_klt_every2_jul07_nonoverlap_scan2_a10_5280_5600_klt_safe_fallback/arbitration_summary.txt:10;logs/aqualoc_archaeo_vins/external_klt_every2_jul07_nonoverlap_scan2_a10_5280_5600_klt_safe_fallback/arbitration_summary.txt:11;logs/aqualoc_archaeo_vins/external_klt_every2_jul07_nonoverlap_scan2_a10_5280_5600_klt_safe_fallback/arbitration_summary.txt:12;...(+65),Prior artifact or parameter/search reference found before P02 freeze; exclude exact window from confirmatory denominator.
aqualoc_archaeology,A10,5600,5920,frame,77,true,true,true,DEVELOPMENT_ONLY,logs/aqualoc_archaeo_vins/external_hybrid_xfeat_every2_jul07_nonoverlap_onlineprobe4_a10_5600_5920/aqualoc_archaeo10_pinhole.yaml;logs/aqualoc_archaeo_vins/external_hybrid_xfeat_every2_jul07_nonoverlap_onlineprobe4_a10_5600_5920/features.bag;logs/aqualoc_archaeo_vins/external_hybrid_xfeat_every2_jul07_nonoverlap_onlineprobe4_a10_5600_5920/frontend_metrics.csv;logs/aqualoc_archaeo_vins/external_hybrid_xfeat_every2_jul07_nonoverlap_scan2_a10_5600_5920_probe_oldcontract_densecap/aqualoc_archaeo10_pinhole.yaml;logs/aqualoc_archaeo_vins/external_hybrid_xfeat_every2_jul07_nonoverlap_scan2_a10_5600_5920_probe_oldcontract_densecap/features.bag;logs/aqualoc_archaeo_vins/external_hybrid_xfeat_every2_jul07_nonoverlap_scan2_a10_5600_5920_probe_oldcontract_densecap/frontend_metrics.csv;logs/aqualoc_archaeo_vins/external_klt_every2_jul07_nonoverlap_scan2_a10_5600_5920_klt_safe_fallback/aqualoc_archaeo10_pinhole.yaml;logs/aqualoc_archaeo_vins/external_klt_every2_jul07_nonoverlap_scan2_a10_5600_5920_klt_safe_fallback/arbitration_summary.txt;logs/aqualoc_archaeo_vins/external_klt_every2_jul07_nonoverlap_scan2_a10_5600_5920_klt_safe_fallback/arbitration_summary.txt:1;logs/aqualoc_archaeo_vins/external_klt_every2_jul07_nonoverlap_scan2_a10_5600_5920_klt_safe_fallback/arbitration_summary.txt:10;logs/aqualoc_archaeo_vins/external_klt_every2_jul07_nonoverlap_scan2_a10_5600_5920_klt_safe_fallback/arbitration_summary.txt:11;logs/aqualoc_archaeo_vins/external_klt_every2_jul07_nonoverlap_scan2_a10_5600_5920_klt_safe_fallback/arbitration_summary.txt:12;...(+65),Prior artifact or parameter/search reference found before P02 freeze; exclude exact window from confirmatory denominator.
aqualoc_archaeology,A10,9600,10000,frame,10,true,true,true,DEVELOPMENT_ONLY,logs/aqualoc_archaeo_vins/external_hybrid_xfeat_every2_jul16screen39_a10_9600_10000_probe/aqualoc_archaeo10_pinhole.yaml;logs/aqualoc_archaeo_vins/external_hybrid_xfeat_every2_jul16screen39_a10_9600_10000_probe/features.bag;logs/aqualoc_archaeo_vins/external_hybrid_xfeat_every2_jul16screen39_a10_9600_10000_probe/frontend_metrics.csv;papers/frozen_frontend_exploration_20260715/run_evidence_jul15_late_and_jul16.csv:56;papers/frozen_frontend_exploration_20260715/screening_summary_jul15_late_and_jul16.csv:56;papers/learned_lineage_novelty_dev_20260716/lineage_motion_ratio_screening_20260717.csv:26;papers/learned_lineage_novelty_dev_20260716/lineage_motion_ratio_screening_20260717.csv:27;papers/learned_lineage_novelty_dev_20260716/lineage_novelty_screening.csv:15;papers/learned_lineage_novelty_dev_20260716/lineage_novelty_screening.csv:17;papers/learned_lineage_novelty_dev_20260716/lineage_novelty_screening.csv:60,Prior artifact or parameter/search reference found before P02 freeze; exclude exact window from confirmatory denominator.
aqualoc_harbor,H01,1200,1600,frame,5,true,true,true,DEVELOPMENT_ONLY,logs/aqualoc_real_vins/external_hybrid_xfeat_every2_jul16screen13_h01_1200_1600_probe/aqualoc_harbor07_kannala.yaml;logs/aqualoc_real_vins/external_hybrid_xfeat_every2_jul16screen13_h01_1200_1600_probe/features.bag;logs/aqualoc_real_vins/external_hybrid_xfeat_every2_jul16screen13_h01_1200_1600_probe/frontend_metrics.csv;papers/frozen_frontend_exploration_20260715/run_evidence_jul15_late_and_jul16.csv:71;papers/frozen_frontend_exploration_20260715/screening_summary_jul15_late_and_jul16.csv:71,Prior artifact or parameter/search reference found before P02 freeze; exclude exact window from confirmatory denominator.
aqualoc_harbor,H01,2400,2800,frame,5,true,true,true,DEVELOPMENT_ONLY,logs/aqualoc_real_vins/external_hybrid_xfeat_every2_jul16screen13_h01_2400_2800_probe/aqualoc_harbor07_kannala.yaml;logs/aqualoc_real_vins/external_hybrid_xfeat_every2_jul16screen13_h01_2400_2800_probe/features.bag;logs/aqualoc_real_vins/external_hybrid_xfeat_every2_jul16screen13_h01_2400_2800_probe/frontend_metrics.csv;papers/frozen_frontend_exploration_20260715/run_evidence_jul15_late_and_jul16.csv:72;papers/frozen_frontend_exploration_20260715/screening_summary_jul15_late_and_jul16.csv:72,Prior artifact or parameter/search reference found before P02 freeze; exclude exact window from confirmatory denominator.
aqualoc_harbor,H01,2800,3000,frame,2,true,false,true,DEVELOPMENT_ONLY,logs/may19_harbor_lowtex_probe/h01_2800_3000_klt.csv;logs/may19_harbor_lowtex_probe/h01_2800_3000_sp_lg.csv,Prior artifact or parameter/search reference found before P02 freeze; exclude exact window from confirmatory denominator.
aqualoc_harbor,H01,2800,3200,frame,6,true,true,false,DEVELOPMENT_ONLY,logs/aqualoc_real_vins/external_hybrid_xfeat_every2_jul12_morepos_h01_2800_3200_visible5/aqualoc_harbor07_kannala.yaml;logs/aqualoc_real_vins/external_hybrid_xfeat_every2_jul12_morepos_h01_2800_3200_visible5/features.bag;logs/aqualoc_real_vins/external_hybrid_xfeat_every2_jul12_morepos_h01_2800_3200_visible5/frontend_metrics.csv;logs/tmp_jul12_h01_2800_3200_visible5_export_summary.csv;正反例窗口整理/已跑窗口与未跑候选整理.md:1130;正反例窗口整理/连续可见门控新增正例_20260712.md:138,Prior artifact or parameter/search reference found before P02 freeze; exclude exact window from confirmatory denominator.
aqualoc_harbor,H01,3200,3600,frame,10,true,true,true,DEVELOPMENT_ONLY,logs/aqualoc_real_vins/external_hybrid_xfeat_every2_jul16screen13_h01_3200_3600_probe/aqualoc_harbor07_kannala.yaml;logs/aqualoc_real_vins/external_hybrid_xfeat_every2_jul16screen13_h01_3200_3600_probe/features.bag;logs/aqualoc_real_vins/external_hybrid_xfeat_every2_jul16screen13_h01_3200_3600_probe/frontend_metrics.csv;papers/causal_crossdataset_search_20260718/probe_lineage_rescan.csv:43;papers/causal_crossdataset_search_20260718/probe_lineage_rescan.csv:48;papers/causal_crossdataset_search_20260718/probe_metrics_candidates.csv:89;papers/frozen_frontend_exploration_20260715/run_evidence_jul15_late_and_jul16.csv:73;papers/frozen_frontend_exploration_20260715/screening_summary_jul15_late_and_jul16.csv:73;papers/learned_lineage_novelty_dev_20260716/lineage_novelty_screening.csv:110;papers/learned_lineage_novelty_dev_20260716/lineage_novelty_screening.csv:167,Prior artifact or parameter/search reference found before P02 freeze; exclude exact window from confirmatory denominator.
aqualoc_harbor,H01,4200,4580,frame,168,true,true,true,DEVELOPMENT_ONLY,logs/aqualoc_real_vins/external_hybrid_xfeat_every2_jul13_finalgate65_h01_4200_4580/aqualoc_harbor07_kannala.yaml;logs/aqualoc_real_vins/external_hybrid_xfeat_every2_jul13_finalgate65_h01_4200_4580/features.bag;logs/aqualoc_real_vins/external_hybrid_xfeat_every2_jul13_finalgate65_h01_4200_4580/frontend_metrics.csv;logs/aqualoc_real_vins/external_hybrid_xfeat_every2_jul13_morepos_h01_4200_4580_visible5/aqualoc_harbor07_kannala.yaml;logs/aqualoc_real_vins/external_hybrid_xfeat_every2_jul13_morepos_h01_4200_4580_visible5/features.bag;logs/aqualoc_real_vins/external_hybrid_xfeat_every2_jul13_morepos_h01_4200_4580_visible5/frontend_metrics.csv;logs/aqualoc_real_vins/external_hybrid_xfeat_every2_jul13_morepos_h01_4200_4580_visible5_drop_whole_lineage_vins/ape.txt;logs/aqualoc_real_vins/external_hybrid_xfeat_every2_jul13_morepos_h01_4200_4580_visible5_drop_whole_lineage_vins/ape.txt:1;logs/aqualoc_real_vins/external_hybrid_xfeat_every2_jul13_morepos_h01_4200_4580_visible5_drop_whole_lineage_vins/ape.txt:10;logs/aqualoc_real_vins/external_hybrid_xfeat_every2_jul13_morepos_h01_4200_4580_visible5_drop_whole_lineage_vins/ape.txt:11;logs/aqualoc_real_vins/external_hybrid_xfeat_every2_jul13_morepos_h01_4200_4580_visible5_drop_whole_lineage_vins/ape.txt:12;logs/aqualoc_real_vins/external_hybrid_xfeat_every2_jul13_morepos_h01_4200_4580_visible5_drop_whole_lineage_vins/ape.txt:13;...(+156),Prior artifact or parameter/search reference found before P02 freeze; exclude exact window from confirmatory denominator.
aqualoc_harbor,H02,1020,1100,frame,1,true,false,true,DEVELOPMENT_ONLY,logs/agent_loftr_trigger_search_20260514/aqualoc_harbor02_1020_1100_loftr_extreme_only.csv,Prior artifact or parameter/search reference found before P02 freeze; exclude exact window from confirmatory denominator.
aqualoc_harbor,H02,1200,1600,frame,5,true,true,true,DEVELOPMENT_ONLY,logs/aqualoc_real_vins/external_hybrid_xfeat_every2_jul16screen22_h02_1200_1600_probe/aqualoc_harbor07_kannala.yaml;logs/aqualoc_real_vins/external_hybrid_xfeat_every2_jul16screen22_h02_1200_1600_probe/features.bag;logs/aqualoc_real_vins/external_hybrid_xfeat_every2_jul16screen22_h02_1200_1600_probe/frontend_metrics.csv;papers/frozen_frontend_exploration_20260715/run_evidence_jul15_late_and_jul16.csv:77;papers/frozen_frontend_exploration_20260715/screening_summary_jul15_late_and_jul16.csv:77,Prior artifact or parameter/search reference found before P02 freeze; exclude exact window from confirmatory denominator.
aqualoc_harbor,H02,2000,2400,frame,5,true,true,true,DEVELOPMENT_ONLY,logs/aqualoc_real_vins/external_hybrid_xfeat_every2_jul16screen15_h02_2000_2400_probe/aqualoc_harbor07_kannala.yaml;logs/aqualoc_real_vins/external_hybrid_xfeat_every2_jul16screen15_h02_2000_2400_probe/features.bag;logs/aqualoc_real_vins/external_hybrid_xfeat_every2_jul16screen15_h02_2000_2400_probe/frontend_metrics.csv;papers/frozen_frontend_exploration_20260715/run_evidence_jul15_late_and_jul16.csv:76;papers/frozen_frontend_exploration_20260715/screening_summary_jul15_late_and_jul16.csv:76,Prior artifact or parameter/search reference found before P02 freeze; exclude exact window from confirmatory denominator.
aqualoc_harbor,H02,2400,2800,frame,634,true,true,true,DEVELOPMENT_ONLY,logs/aqualoc_real_vins/external_hybrid_xfeat_every2_jul12_h02_2400_2800_visible5/aqualoc_harbor07_kannala.yaml;logs/aqualoc_real_vins/external_hybrid_xfeat_every2_jul12_h02_2400_2800_visible5/features.bag;logs/aqualoc_real_vins/external_hybrid_xfeat_every2_jul12_h02_2400_2800_visible5/frontend_metrics.csv;logs/aqualoc_real_vins/external_hybrid_xfeat_every2_jul12_h02_2400_2800_visible5/seedchain_command.log;logs/aqualoc_real_vins/external_hybrid_xfeat_every2_jul14frozen3way_h02_2400_2800_drop_lineage/ape.txt;logs/aqualoc_real_vins/external_hybrid_xfeat_every2_jul14frozen3way_h02_2400_2800_drop_lineage/ape.txt:1;logs/aqualoc_real_vins/external_hybrid_xfeat_every2_jul14frozen3way_h02_2400_2800_drop_lineage/ape.txt:10;logs/aqualoc_real_vins/external_hybrid_xfeat_every2_jul14frozen3way_h02_2400_2800_drop_lineage/ape.txt:11;logs/aqualoc_real_vins/external_hybrid_xfeat_every2_jul14frozen3way_h02_2400_2800_drop_lineage/ape.txt:12;logs/aqualoc_real_vins/external_hybrid_xfeat_every2_jul14frozen3way_h02_2400_2800_drop_lineage/ape.txt:13;logs/aqualoc_real_vins/external_hybrid_xfeat_every2_jul14frozen3way_h02_2400_2800_drop_lineage/ape.txt:14;logs/aqualoc_real_vins/external_hybrid_xfeat_every2_jul14frozen3way_h02_2400_2800_drop_lineage/ape.txt:15;...(+622),Prior artifact or parameter/search reference found before P02 freeze; exclude exact window from confirmatory denominator.
aqualoc_harbor,H02,2600,2730,frame,2,true,false,true,DEVELOPMENT_ONLY,logs/may19_harbor_lowtex_probe/h02_2600_2730_klt.csv;logs/may19_harbor_lowtex_probe/h02_2600_2730_sp_lg.csv,Prior artifact or parameter/search reference found before P02 freeze; exclude exact window from confirmatory denominator.
aqualoc_harbor,H02,3000,3400,frame,4,true,true,false,DEVELOPMENT_ONLY,logs/aqualoc_real_vins/external_hybrid_xfeat_every2_jul13_morepos_h02_3000_3400_visible5/aqualoc_harbor07_kannala.yaml;logs/aqualoc_real_vins/external_hybrid_xfeat_every2_jul13_morepos_h02_3000_3400_visible5/features.bag;logs/aqualoc_real_vins/external_hybrid_xfeat_every2_jul13_morepos_h02_3000_3400_visible5/frontend_metrics.csv;logs/tmp_jul13_h02_3000_3400_visible5_export_summary.csv,Prior artifact or parameter/search reference found before P02 freeze; exclude exact window from confirmatory denominator.
aqualoc_harbor,H02,800,1200,frame,5,true,true,true,DEVELOPMENT_ONLY,logs/aqualoc_real_vins/external_hybrid_xfeat_every2_jul16screen22_h02_800_1200_probe/aqualoc_harbor07_kannala.yaml;logs/aqualoc_real_vins/external_hybrid_xfeat_every2_jul16screen22_h02_800_1200_probe/features.bag;logs/aqualoc_real_vins/external_hybrid_xfeat_every2_jul16screen22_h02_800_1200_probe/frontend_metrics.csv;papers/frozen_frontend_exploration_20260715/run_evidence_jul15_late_and_jul16.csv:78;papers/frozen_frontend_exploration_20260715/screening_summary_jul15_late_and_jul16.csv:78,Prior artifact or parameter/search reference found before P02 freeze; exclude exact window from confirmatory denominator.
aqualoc_harbor,H04,1600,2000,frame,8,true,true,true,DEVELOPMENT_ONLY,logs/aqualoc_real_vins/external_hybrid_xfeat_every2_jul16screen14_h04_1600_2000_probe/aqualoc_harbor07_kannala.yaml;logs/aqualoc_real_vins/external_hybrid_xfeat_every2_jul16screen14_h04_1600_2000_probe/features.bag;logs/aqualoc_real_vins/external_hybrid_xfeat_every2_jul16screen14_h04_1600_2000_probe/frontend_metrics.csv;papers/causal_crossdataset_search_20260718/probe_lineage_rescan.csv:375;papers/causal_crossdataset_search_20260718/probe_metrics_candidates.csv:103;papers/frozen_frontend_exploration_20260715/run_evidence_jul15_late_and_jul16.csv:74;papers/frozen_frontend_exploration_20260715/screening_summary_jul15_late_and_jul16.csv:74;papers/learned_lineage_novelty_dev_20260716/lineage_novelty_screening.csv:99,Prior artifact or parameter/search reference found before P02 freeze; exclude exact window from confirmatory denominator.
aqualoc_harbor,H04,1960,2240,frame,1,true,false,true,DEVELOPMENT_ONLY,logs/agent_loftr_trigger_search_20260514/aqualoc_harbor04_1960_2240_loftr_extreme_only.csv,Prior artifact or parameter/search reference found before P02 freeze; exclude exact window from confirmatory denominator.
aqualoc_harbor,H04,2000,2360,frame,438,true,true,true,DEVELOPMENT_ONLY,logs/agent_seven_point_summary.md:2020;logs/agent_seven_point_summary.md:2021;logs/agent_seven_point_summary.md:2022;logs/agent_seven_point_summary.md:2023;logs/agent_seven_point_summary.md:2024;logs/agent_seven_point_summary.md:2562;logs/agent_seven_point_summary.md:2565;logs/agent_seven_point_summary.md:2569;logs/aqualoc_real_vins/direct_h04_2000_2360_loftr_strict40_lowactive_export/features.bag;logs/aqualoc_real_vins/direct_h04_2000_2360_loftr_strict40_lowactive_export/frontend_metrics.csv;logs/aqualoc_real_vins/direct_h04_2000_2360_loftr_strict80_export/features.bag;logs/aqualoc_real_vins/direct_h04_2000_2360_loftr_strict80_export/frontend_metrics.csv;...(+426),Prior artifact or parameter/search reference found before P02 freeze; exclude exact window from confirmatory denominator.
aqualoc_harbor,H04,2120,2180,frame,27,true,true,true,DEVELOPMENT_ONLY,logs/aqualoc_real_vins/external_hybrid_superpoint_lightglue_every2_jun01_h04_2120_2180_strict_lowtex_active_export_probe/aqualoc_harbor07_kannala.yaml;logs/aqualoc_real_vins/external_hybrid_superpoint_lightglue_every2_jun01_h04_2120_2180_strict_lowtex_active_export_probe/features.bag;logs/aqualoc_real_vins/external_hybrid_superpoint_lightglue_every2_jun01_h04_2120_2180_strict_lowtex_active_export_probe/frontend_metrics.csv;logs/aqualoc_real_vins/external_klt_every2_jun29_screen_h04_2120_2180_klt/ape.txt;logs/aqualoc_real_vins/external_klt_every2_jun29_screen_h04_2120_2180_klt/aqualoc_harbor07_kannala.yaml;logs/aqualoc_real_vins/external_klt_every2_jun29_screen_h04_2120_2180_klt/features.bag;logs/aqualoc_real_vins/external_klt_every2_jun29_screen_h04_2120_2180_klt/frontend_metrics.csv;logs/aqualoc_real_vins/external_klt_every2_jun29_screen_h04_2120_2180_klt/roscore.log;logs/aqualoc_real_vins/external_klt_every2_jun29_screen_h04_2120_2180_klt/run_cmd.log;logs/aqualoc_real_vins/external_klt_every2_jun29_screen_h04_2120_2180_klt/vins.log;logs/aqualoc_real_vins/external_klt_every2_jun29_screen_h04_2120_2180_klt/vins_aqualoc_external.yaml;logs/aqualoc_real_vins/external_klt_every2_jun29_screen_h04_2120_2180_klt/vins_env_manifest.txt;...(+15),Prior artifact or parameter/search reference found before P02 freeze; exclude exact window from confirmatory denominator.
aqualoc_harbor,H04,800,1200,frame,791,true,true,true,DEVELOPMENT_ONLY,logs/aqualoc_real_vins/external_hybrid_xfeat_every2_jul16screen14_h04_800_1200_probe/aqualoc_harbor07_kannala.yaml;logs/aqualoc_real_vins/external_hybrid_xfeat_every2_jul16screen14_h04_800_1200_probe/features.bag;logs/aqualoc_real_vins/external_hybrid_xfeat_every2_jul16screen14_h04_800_1200_probe/frontend_metrics.csv;logs/aqualoc_real_vins/external_hybrid_xfeat_every2_jul18causal_h04_800_1200_full_r1/ape.txt;logs/aqualoc_real_vins/external_hybrid_xfeat_every2_jul18causal_h04_800_1200_full_r1/ape.txt:1;logs/aqualoc_real_vins/external_hybrid_xfeat_every2_jul18causal_h04_800_1200_full_r1/ape.txt:10;logs/aqualoc_real_vins/external_hybrid_xfeat_every2_jul18causal_h04_800_1200_full_r1/ape.txt:11;logs/aqualoc_real_vins/external_hybrid_xfeat_every2_jul18causal_h04_800_1200_full_r1/ape.txt:12;logs/aqualoc_real_vins/external_hybrid_xfeat_every2_jul18causal_h04_800_1200_full_r1/ape.txt:13;logs/aqualoc_real_vins/external_hybrid_xfeat_every2_jul18causal_h04_800_1200_full_r1/ape.txt:14;logs/aqualoc_real_vins/external_hybrid_xfeat_every2_jul18causal_h04_800_1200_full_r1/ape.txt:15;logs/aqualoc_real_vins/external_hybrid_xfeat_every2_jul18causal_h04_800_1200_full_r1/ape.txt:16;...(+779),Prior artifact or parameter/search reference found before P02 freeze; exclude exact window from confirmatory denominator.
aqualoc_harbor,H05,0,50,frame,9,true,false,false,DEVELOPMENT_ONLY,logs/agent_new_dataset_eval/harbor05_0_50_klt_adaptive_clahe.csv;logs/agent_new_dataset_eval/harbor05_0_50_loftr_extreme_only_sp_lg_loftr.csv;logs/agent_new_dataset_eval/harbor05_0_50_normal_safe_sp_lg.csv;logs/agent_new_dataset_eval/new_dataset_eval_summary.md:20;logs/agent_new_dataset_eval/new_dataset_eval_summary.md:21;logs/agent_new_dataset_eval/new_dataset_eval_summary.md:22;logs/agent_new_dataset_eval/report.md:5;logs/agent_new_dataset_eval/report.md:6;logs/agent_new_dataset_eval/report.md:7,Prior artifact or parameter/search reference found before P02 freeze; exclude exact window from confirmatory denominator.
aqualoc_harbor,H05,50,100,frame,9,true,false,false,DEVELOPMENT_ONLY,logs/agent_new_dataset_eval/harbor05_50_100_klt_adaptive_clahe.csv;logs/agent_new_dataset_eval/harbor05_50_100_loftr_extreme_only_sp_lg_loftr.csv;logs/agent_new_dataset_eval/harbor05_50_100_normal_safe_sp_lg.csv;logs/agent_new_dataset_eval/new_dataset_eval_summary.md:23;logs/agent_new_dataset_eval/new_dataset_eval_summary.md:24;logs/agent_new_dataset_eval/new_dataset_eval_summary.md:25;logs/agent_new_dataset_eval/report.md:10;logs/agent_new_dataset_eval/report.md:8;logs/agent_new_dataset_eval/report.md:9,Prior artifact or parameter/search reference found before P02 freeze; exclude exact window from confirmatory denominator.
aqualoc_harbor,H05,900,1240,frame,718,true,true,true,DEVELOPMENT_ONLY,logs/agent_seven_point_summary.md:2014;logs/agent_seven_point_summary.md:2073;logs/agent_seven_point_summary.md:2679;logs/aqualoc_extrinsic_probe/jun29_extmode_h05_900_1240_klt180_plus_xfeat16_camimu.cmd.log;logs/aqualoc_extrinsic_probe/jun29_extmode_h05_900_1240_xfeat_drop20_camimu.cmd.log;logs/aqualoc_extrinsic_probe/jun29_extmode_h05_900_1240_xfeat_full_camimu.cmd.log;logs/aqualoc_extrinsic_probe/jun29_extmode_h05_900_1240_xfeat_lineage_drop_camimu.cmd.log;logs/aqualoc_extrinsic_probe/jun29_extprobe_h05_estimate1/replay_manifest.txt:2;logs/aqualoc_extrinsic_probe/jun29_extprobe_h05_estimate1/replay_manifest.txt:3;logs/aqualoc_extrinsic_probe/jun29_extprobe_h05_inv_ext/replay_manifest.txt:2;logs/aqualoc_extrinsic_probe/jun29_extprobe_h05_inv_ext/replay_manifest.txt:3;logs/aqualoc_extrinsic_probe/jun29_extprobe_h05_td0/replay_manifest.txt:2;...(+706),Prior artifact or parameter/search reference found before P02 freeze; exclude exact window from confirmatory denominator.
aqualoc_harbor,H05,960,1120,frame,1,true,false,true,DEVELOPMENT_ONLY,logs/agent_loftr_trigger_search_20260514/aqualoc_harbor05_960_1120_loftr_extreme_only.csv,Prior artifact or parameter/search reference found before P02 freeze; exclude exact window from confirmatory denominator.
aqualoc_harbor,H06,2280,2330,frame,11,true,true,true,DEVELOPMENT_ONLY,logs/agent_may19_aqualoc_multiwindow/h06_2280_2330_formal_sp_lg_loftr.csv;logs/agent_may19_aqualoc_multiwindow/h06_2280_2330_formal_xfeat_loftr.csv;logs/agent_may19_aqualoc_multiwindow/h06_2280_2330_klt_adaptive_clahe.csv;logs/agent_may19_aqualoc_multiwindow/report.md:12;logs/agent_may19_aqualoc_multiwindow/report.md:13;logs/agent_may19_aqualoc_multiwindow/report.md:14;logs/agent_may19_aqualoc_multiwindow/report.md:36;logs/agent_qi_reliability/qi_reliability_report.md:19;logs/agent_qi_reliability/qi_reliability_report.md:58;logs/may25_non_a06_window_scan.md:31;logs/subagent_evidence_matrix.md:30,Prior artifact or parameter/search reference found before P02 freeze; exclude exact window from confirmatory denominator.
aqualoc_harbor,H06,2280,2490,frame,111,true,true,true,DEVELOPMENT_ONLY,logs/agent_may19_aqualoc_multiwindow/report.md:27;logs/agent_may19_aqualoc_multiwindow/report.md:28;logs/agent_three_layer_paper/three_layer_method_plan.md:159;logs/aqualoc_real_vins/external_hybrid_xfeat_every2_jul07_nonoverlap_onlineprobe4_h06_2280_2490/aqualoc_harbor07_kannala.yaml;logs/aqualoc_real_vins/external_hybrid_xfeat_every2_jul07_nonoverlap_onlineprobe4_h06_2280_2490/features.bag;logs/aqualoc_real_vins/external_hybrid_xfeat_every2_jul07_nonoverlap_onlineprobe4_h06_2280_2490/frontend_metrics.csv;logs/aqualoc_real_vins/external_hybrid_xfeat_every2_jun27e_lowtex_contrib_aqualoc_h06_2280_2490_seedchain/aqualoc_harbor07_kannala.yaml;logs/aqualoc_real_vins/external_hybrid_xfeat_every2_jun27e_lowtex_contrib_aqualoc_h06_2280_2490_seedchain/features.bag;logs/aqualoc_real_vins/external_hybrid_xfeat_every2_jun27e_lowtex_contrib_aqualoc_h06_2280_2490_seedchain/frontend_metrics.csv;logs/aqualoc_real_vins/external_klt_every2_jun29_screen_h06_2280_2490_klt/ape.txt;logs/aqualoc_real_vins/external_klt_every2_jun29_screen_h06_2280_2490_klt/ape.txt:1;logs/aqualoc_real_vins/external_klt_every2_jun29_screen_h06_2280_2490_klt/ape.txt:10;...(+99),Prior artifact or parameter/search reference found before P02 freeze; exclude exact window from confirmatory denominator.
aqualoc_harbor,H06,2280,2800,frame,113,true,true,true,DEVELOPMENT_ONLY,logs/aqualoc_extrinsic_probe/jun29_extprobe_h06_inv_ext/replay_manifest.txt:2;logs/aqualoc_extrinsic_probe/jun29_extprobe_h06_inv_ext/replay_manifest.txt:3;logs/aqualoc_real_vins/export_probe_h06_2280_2800_full_xfeat/features.bag;logs/aqualoc_real_vins/export_probe_h06_2280_2800_full_xfeat/frontend_metrics.csv;logs/aqualoc_real_vins/external_hybrid_xfeat_every2_jun29_seedchain_h06_2280_2800_xfeat/aqualoc_harbor07_kannala.yaml;logs/aqualoc_real_vins/external_hybrid_xfeat_every2_jun29_seedchain_h06_2280_2800_xfeat/features.bag;logs/aqualoc_real_vins/external_hybrid_xfeat_every2_jun29_seedchain_h06_2280_2800_xfeat/frontend_metrics.csv;logs/aqualoc_real_vins/external_hybrid_xfeat_every2_motion2_h06_2280_2800_hybrid_xfeat/ape.txt;logs/aqualoc_real_vins/external_hybrid_xfeat_every2_motion2_h06_2280_2800_hybrid_xfeat/aqualoc_harbor07_kannala.yaml;logs/aqualoc_real_vins/external_hybrid_xfeat_every2_motion2_h06_2280_2800_hybrid_xfeat/features.bag;logs/aqualoc_real_vins/external_hybrid_xfeat_every2_motion2_h06_2280_2800_hybrid_xfeat/frontend_metrics.csv;logs/aqualoc_real_vins/external_hybrid_xfeat_every2_motion2_h06_2280_2800_hybrid_xfeat/roscore.log;...(+101),Prior artifact or parameter/search reference found before P02 freeze; exclude exact window from confirmatory denominator.
aqualoc_harbor,H07,0,10,frame,6,true,true,false,DEVELOPMENT_ONLY,logs/agent_new_dataset_eval/harbor07_0_10_klt_adaptive_clahe.csv;logs/agent_new_dataset_eval/harbor07_0_10_loftr_extreme_only.csv;logs/agent_new_dataset_eval/harbor07_0_10_paper_normal_safe.csv;logs/agent_new_dataset_eval/new_dataset_eval_summary.md:26;logs/agent_new_dataset_eval/new_dataset_eval_summary.md:27;logs/agent_new_dataset_eval/new_dataset_eval_summary.md:28,Prior artifact or parameter/search reference found before P02 freeze; exclude exact window from confirmatory denominator.
aqualoc_harbor,H07,0,100,frame,2,true,true,true,DEVELOPMENT_ONLY,logs/agent_low_texture_candidates.md:73;logs/fourpoint_improvement_summary.md:75,Prior artifact or parameter/search reference found before P02 freeze; exclude exact window from confirmatory denominator.
aqualoc_harbor,H07,0,1000,frame,451,true,true,true,DEVELOPMENT_ONLY,logs/agent_low_texture_candidates.md:67;logs/aqualoc_real_vins/external_hybrid_superpoint_lightglue_every2_dir2_init_klt_only_h07_0_1000/ape.txt;logs/aqualoc_real_vins/external_hybrid_superpoint_lightglue_every2_dir2_init_klt_only_h07_0_1000/ape.txt:1;logs/aqualoc_real_vins/external_hybrid_superpoint_lightglue_every2_dir2_init_klt_only_h07_0_1000/ape.txt:10;logs/aqualoc_real_vins/external_hybrid_superpoint_lightglue_every2_dir2_init_klt_only_h07_0_1000/ape.txt:11;logs/aqualoc_real_vins/external_hybrid_superpoint_lightglue_every2_dir2_init_klt_only_h07_0_1000/ape.txt:12;logs/aqualoc_real_vins/external_hybrid_superpoint_lightglue_every2_dir2_init_klt_only_h07_0_1000/ape.txt:13;logs/aqualoc_real_vins/external_hybrid_superpoint_lightglue_every2_dir2_init_klt_only_h07_0_1000/ape.txt:14;logs/aqualoc_real_vins/external_hybrid_superpoint_lightglue_every2_dir2_init_klt_only_h07_0_1000/ape.txt:15;logs/aqualoc_real_vins/external_hybrid_superpoint_lightglue_every2_dir2_init_klt_only_h07_0_1000/ape.txt:16;logs/aqualoc_real_vins/external_hybrid_superpoint_lightglue_every2_dir2_init_klt_only_h07_0_1000/ape.txt:17;logs/aqualoc_real_vins/external_hybrid_superpoint_lightglue_every2_dir2_init_klt_only_h07_0_1000/ape.txt:18;...(+439),Prior artifact or parameter/search reference found before P02 freeze; exclude exact window from confirmatory denominator.
aqualoc_harbor,H07,0,50,frame,8,true,true,true,DEVELOPMENT_ONLY,logs/agent_may19_aqualoc_multiwindow/h07_0_50_formal_sp_lg_loftr.csv;logs/agent_may19_aqualoc_multiwindow/h07_0_50_formal_xfeat_loftr.csv;logs/agent_may19_aqualoc_multiwindow/h07_0_50_klt_adaptive_clahe.csv;logs/agent_may19_aqualoc_multiwindow/report.md:15;logs/agent_may19_aqualoc_multiwindow/report.md:16;logs/agent_may19_aqualoc_multiwindow/report.md:17;logs/agent_may19_aqualoc_multiwindow/report.md:34;logs/may25_non_a06_window_scan.md:32,Prior artifact or parameter/search reference found before P02 freeze; exclude exact window from confirmatory denominator.
aqualoc_harbor,H07,1000,1160,frame,93,true,true,true,DEVELOPMENT_ONLY,logs/aqualoc_real_vins/external_hybrid_xfeat_every2_jul03_guarded_scan_h07_1000_1160_probe_oldcontract_densecap/aqualoc_harbor07_kannala.yaml;logs/aqualoc_real_vins/external_hybrid_xfeat_every2_jul03_guarded_scan_h07_1000_1160_probe_oldcontract_densecap/features.bag;logs/aqualoc_real_vins/external_hybrid_xfeat_every2_jul03_guarded_scan_h07_1000_1160_probe_oldcontract_densecap/frontend_metrics.csv;logs/aqualoc_real_vins/external_hybrid_xfeat_every2_jun27g_threewayprobe_aqualoc_h07_1000_1160/aqualoc_harbor07_kannala.yaml;logs/aqualoc_real_vins/external_hybrid_xfeat_every2_jun27g_threewayprobe_aqualoc_h07_1000_1160/features.bag;logs/aqualoc_real_vins/external_hybrid_xfeat_every2_jun27g_threewayprobe_aqualoc_h07_1000_1160/frontend_metrics.csv;logs/aqualoc_real_vins/external_klt_every2_jul03_guarded_scan_h07_1000_1160_klt_safe_fallback/aqualoc_harbor07_kannala.yaml;logs/aqualoc_real_vins/external_klt_every2_jul03_guarded_scan_h07_1000_1160_klt_safe_fallback/arbitration_summary.txt;logs/aqualoc_real_vins/external_klt_every2_jul03_guarded_scan_h07_1000_1160_klt_safe_fallback/arbitration_summary.txt:1;logs/aqualoc_real_vins/external_klt_every2_jul03_guarded_scan_h07_1000_1160_klt_safe_fallback/arbitration_summary.txt:10;logs/aqualoc_real_vins/external_klt_every2_jul03_guarded_scan_h07_1000_1160_klt_safe_fallback/arbitration_summary.txt:11;logs/aqualoc_real_vins/external_klt_every2_jul03_guarded_scan_h07_1000_1160_klt_safe_fallback/arbitration_summary.txt:12;...(+81),Prior artifact or parameter/search reference found before P02 freeze; exclude exact window from confirmatory denominator.
aqualoc_harbor,H07,1160,1240,frame,3,true,true,false,DEVELOPMENT_ONLY,logs/aqualoc_real_vins/external_hybrid_superpoint_lightglue_every2_jun22_h07relax_vins_1160_1240_loftr/replay_manifest.txt:2;logs/aqualoc_real_vins/external_hybrid_superpoint_lightglue_every2_jun22_h07relax_vins_1160_1240_noloftr/replay_manifest.txt:2;logs/aqualoc_real_vins/external_klt_every2_jun22_h07relax_vins_1160_1240_klt/replay_manifest.txt:2,Prior artifact or parameter/search reference found before P02 freeze; exclude exact window from confirmatory denominator.
aqualoc_harbor,H07,1160,1320,frame,1916,true,true,true,DEVELOPMENT_ONLY,logs/aqualoc_real_vins/external_hybrid_superpoint_lightglue_every2_jun22_h07relax_vins_1160_1320_loftr/replay_manifest.txt:2;logs/aqualoc_real_vins/external_hybrid_superpoint_lightglue_every2_jun22_h07relax_vins_1160_1320_noloftr/replay_manifest.txt:2;logs/aqualoc_real_vins/external_hybrid_xfeat_every2_jul03_earlyseed_h07_1160_1320_drop20/ape.txt;logs/aqualoc_real_vins/external_hybrid_xfeat_every2_jul03_earlyseed_h07_1160_1320_drop20/ape.txt:1;logs/aqualoc_real_vins/external_hybrid_xfeat_every2_jul03_earlyseed_h07_1160_1320_drop20/ape.txt:10;logs/aqualoc_real_vins/external_hybrid_xfeat_every2_jul03_earlyseed_h07_1160_1320_drop20/ape.txt:11;logs/aqualoc_real_vins/external_hybrid_xfeat_every2_jul03_earlyseed_h07_1160_1320_drop20/ape.txt:12;logs/aqualoc_real_vins/external_hybrid_xfeat_every2_jul03_earlyseed_h07_1160_1320_drop20/ape.txt:13;logs/aqualoc_real_vins/external_hybrid_xfeat_every2_jul03_earlyseed_h07_1160_1320_drop20/ape.txt:14;logs/aqualoc_real_vins/external_hybrid_xfeat_every2_jul03_earlyseed_h07_1160_1320_drop20/ape.txt:15;logs/aqualoc_real_vins/external_hybrid_xfeat_every2_jul03_earlyseed_h07_1160_1320_drop20/ape.txt:16;logs/aqualoc_real_vins/external_hybrid_xfeat_every2_jul03_earlyseed_h07_1160_1320_drop20/ape.txt:17;...(+1904),Prior artifact or parameter/search reference found before P02 freeze; exclude exact window from confirmatory denominator.
aqualoc_harbor,H07,1320,1480,frame,2190,true,true,true,DEVELOPMENT_ONLY,logs/aqualoc_real_vins/external_hybrid_xfeat_every2_jul18_causal_h07_1320_1480_drop_r1/ape.txt;logs/aqualoc_real_vins/external_hybrid_xfeat_every2_jul18_causal_h07_1320_1480_drop_r1/ape.txt:1;logs/aqualoc_real_vins/external_hybrid_xfeat_every2_jul18_causal_h07_1320_1480_drop_r1/ape.txt:10;logs/aqualoc_real_vins/external_hybrid_xfeat_every2_jul18_causal_h07_1320_1480_drop_r1/ape.txt:11;logs/aqualoc_real_vins/external_hybrid_xfeat_every2_jul18_causal_h07_1320_1480_drop_r1/ape.txt:12;logs/aqualoc_real_vins/external_hybrid_xfeat_every2_jul18_causal_h07_1320_1480_drop_r1/ape.txt:13;logs/aqualoc_real_vins/external_hybrid_xfeat_every2_jul18_causal_h07_1320_1480_drop_r1/ape.txt:14;logs/aqualoc_real_vins/external_hybrid_xfeat_every2_jul18_causal_h07_1320_1480_drop_r1/ape.txt:15;logs/aqualoc_real_vins/external_hybrid_xfeat_every2_jul18_causal_h07_1320_1480_drop_r1/ape.txt:16;logs/aqualoc_real_vins/external_hybrid_xfeat_every2_jul18_causal_h07_1320_1480_drop_r1/ape.txt:17;logs/aqualoc_real_vins/external_hybrid_xfeat_every2_jul18_causal_h07_1320_1480_drop_r1/ape.txt:18;logs/aqualoc_real_vins/external_hybrid_xfeat_every2_jul18_causal_h07_1320_1480_drop_r1/ape.txt:19;...(+2178),Prior artifact or parameter/search reference found before P02 freeze; exclude exact window from confirmatory denominator.
aqualoc_harbor,H07,1480,1640,frame,945,true,true,true,DEVELOPMENT_ONLY,logs/aqualoc_real_vins/external_hybrid_xfeat_every2_jul09_bandmotion_drop_h07_1480_1640/ape.txt;logs/aqualoc_real_vins/external_hybrid_xfeat_every2_jul09_bandmotion_drop_h07_1480_1640/ape.txt:1;logs/aqualoc_real_vins/external_hybrid_xfeat_every2_jul09_bandmotion_drop_h07_1480_1640/ape.txt:10;logs/aqualoc_real_vins/external_hybrid_xfeat_every2_jul09_bandmotion_drop_h07_1480_1640/ape.txt:11;logs/aqualoc_real_vins/external_hybrid_xfeat_every2_jul09_bandmotion_drop_h07_1480_1640/ape.txt:12;logs/aqualoc_real_vins/external_hybrid_xfeat_every2_jul09_bandmotion_drop_h07_1480_1640/ape.txt:13;logs/aqualoc_real_vins/external_hybrid_xfeat_every2_jul09_bandmotion_drop_h07_1480_1640/ape.txt:14;logs/aqualoc_real_vins/external_hybrid_xfeat_every2_jul09_bandmotion_drop_h07_1480_1640/ape.txt:15;logs/aqualoc_real_vins/external_hybrid_xfeat_every2_jul09_bandmotion_drop_h07_1480_1640/ape.txt:16;logs/aqualoc_real_vins/external_hybrid_xfeat_every2_jul09_bandmotion_drop_h07_1480_1640/ape.txt:17;logs/aqualoc_real_vins/external_hybrid_xfeat_every2_jul09_bandmotion_drop_h07_1480_1640/ape.txt:18;logs/aqualoc_real_vins/external_hybrid_xfeat_every2_jul09_bandmotion_drop_h07_1480_1640/ape.txt:19;...(+933),Prior artifact or parameter/search reference found before P02 freeze; exclude exact window from confirmatory denominator.
aqualoc_harbor,H07,1660,1662,frame,1,false,false,false,DEVELOPMENT_ONLY,logs/opt_eval/homography_maturity/smoke_h07_1660_1662.csv,Prior artifact or parameter/search reference found before P02 freeze; exclude exact window from confirmatory denominator.
aqualoc_harbor,H07,1660,1670,frame,5,true,false,true,DEVELOPMENT_ONLY,logs/ablations/aqualoc_harbor07_1660_1670_hybrid_xfeat_geo_cov_smoke.csv;logs/ablations/aqualoc_harbor07_1660_1670_hybrid_xfeat_learned_init_budget_smoke.csv;logs/ablations/aqualoc_harbor07_1660_1670_hybrid_xfeat_learned_init_smoke.csv;logs/aqualoc_harbor07_1660_1670_hybrid_xfeat_qaware_smoke.csv;logs/opt_eval/unified_state_gate/smoke_h07_1660_1670.csv,Prior artifact or parameter/search reference found before P02 freeze; exclude exact window from confirmatory denominator.
aqualoc_harbor,H07,1660,1680,frame,2,false,false,true,DEVELOPMENT_ONLY,logs/ablations/aqualoc_harbor07_1660_1680_gridquota_smoke.csv;logs/opt_eval/temporal_adaptive_quality/smoke_h07_1660_1680.csv,Prior artifact or parameter/search reference found before P02 freeze; exclude exact window from confirmatory denominator.
aqualoc_harbor,H07,1660,1700,frame,2,false,false,false,DEVELOPMENT_ONLY,logs/aqualoc_harbor07_1660_1700_quality_qaware_scan.csv;logs/aqualoc_harbor07_1660_1700_quality_qaware_windows.csv,Prior artifact or parameter/search reference found before P02 freeze; exclude exact window from confirmatory denominator.
aqualoc_harbor,H07,1660,1710,frame,2,false,false,false,DEVELOPMENT_ONLY,logs/agent_qi_reliability/qi_reliability_report.md:20;logs/agent_qi_reliability/qi_reliability_report.md:59,Prior artifact or parameter/search reference found before P02 freeze; exclude exact window from confirmatory denominator.
aqualoc_harbor,H07,1660,1720,frame,562,true,true,true,DEVELOPMENT_ONLY,logs/aqualoc_extrinsic_probe/jun29_extprobe_h07_good_inv_ext/replay_manifest.txt:2;logs/aqualoc_extrinsic_probe/jun29_extprobe_h07_good_inv_ext/replay_manifest.txt:3;logs/aqualoc_real_vins/external_hybrid_superpoint_lightglue_every2_jun03_h07_1660_1720_formal_preserve_r45c50_loftr_vins/ape.txt;logs/aqualoc_real_vins/external_hybrid_superpoint_lightglue_every2_jun03_h07_1660_1720_formal_preserve_r45c50_loftr_vins/ape.txt:1;logs/aqualoc_real_vins/external_hybrid_superpoint_lightglue_every2_jun03_h07_1660_1720_formal_preserve_r45c50_loftr_vins/ape.txt:10;logs/aqualoc_real_vins/external_hybrid_superpoint_lightglue_every2_jun03_h07_1660_1720_formal_preserve_r45c50_loftr_vins/ape.txt:11;logs/aqualoc_real_vins/external_hybrid_superpoint_lightglue_every2_jun03_h07_1660_1720_formal_preserve_r45c50_loftr_vins/ape.txt:12;logs/aqualoc_real_vins/external_hybrid_superpoint_lightglue_every2_jun03_h07_1660_1720_formal_preserve_r45c50_loftr_vins/ape.txt:13;logs/aqualoc_real_vins/external_hybrid_superpoint_lightglue_every2_jun03_h07_1660_1720_formal_preserve_r45c50_loftr_vins/ape.txt:14;logs/aqualoc_real_vins/external_hybrid_superpoint_lightglue_every2_jun03_h07_1660_1720_formal_preserve_r45c50_loftr_vins/ape.txt:15;logs/aqualoc_real_vins/external_hybrid_superpoint_lightglue_every2_jun03_h07_1660_1720_formal_preserve_r45c50_loftr_vins/ape.txt:16;logs/aqualoc_real_vins/external_hybrid_superpoint_lightglue_every2_jun03_h07_1660_1720_formal_preserve_r45c50_loftr_vins/ape.txt:17;...(+550),Prior artifact or parameter/search reference found before P02 freeze; exclude exact window from confirmatory denominator.
aqualoc_harbor,H07,1660,1740,frame,1133,true,true,true,DEVELOPMENT_ONLY,logs/aqualoc_real_vins/external_hybrid_superpoint_lightglue_every2_fix_default37_h07_1660_1740_loftr_mirror/aqualoc_harbor07_kannala.yaml;logs/aqualoc_real_vins/external_hybrid_superpoint_lightglue_every2_fix_default37_h07_1660_1740_loftr_mirror/features.bag;logs/aqualoc_real_vins/external_hybrid_superpoint_lightglue_every2_fix_default37_h07_1660_1740_loftr_mirror/frontend_metrics.csv;logs/aqualoc_real_vins/external_hybrid_superpoint_lightglue_every2_fix_default37_h07_1660_1740_noloftr_mirror/aqualoc_harbor07_kannala.yaml;logs/aqualoc_real_vins/external_hybrid_superpoint_lightglue_every2_fix_default37_h07_1660_1740_noloftr_mirror/features.bag;logs/aqualoc_real_vins/external_hybrid_superpoint_lightglue_every2_fix_default37_h07_1660_1740_noloftr_mirror/frontend_metrics.csv;logs/aqualoc_real_vins/external_hybrid_xfeat_every2_jul01_h07_1660_1740_klt_plus_xfeat_cap80_pf2_remap1m/ape.txt;logs/aqualoc_real_vins/external_hybrid_xfeat_every2_jul01_h07_1660_1740_klt_plus_xfeat_cap80_pf2_remap1m/ape.txt:1;logs/aqualoc_real_vins/external_hybrid_xfeat_every2_jul01_h07_1660_1740_klt_plus_xfeat_cap80_pf2_remap1m/ape.txt:10;logs/aqualoc_real_vins/external_hybrid_xfeat_every2_jul01_h07_1660_1740_klt_plus_xfeat_cap80_pf2_remap1m/ape.txt:11;logs/aqualoc_real_vins/external_hybrid_xfeat_every2_jul01_h07_1660_1740_klt_plus_xfeat_cap80_pf2_remap1m/ape.txt:12;logs/aqualoc_real_vins/external_hybrid_xfeat_every2_jul01_h07_1660_1740_klt_plus_xfeat_cap80_pf2_remap1m/ape.txt:13;...(+1121),Prior artifact or parameter/search reference found before P02 freeze; exclude exact window from confirmatory denominator.
aqualoc_harbor,H07,1660,1820,frame,346,true,true,true,DEVELOPMENT_ONLY,logs/aqualoc_real_vins/external_hybrid_xfeat_every2_jul01_h07_1660_1820_klt_plus_xfeat_cap80_pf2_remap1m/ape.txt;logs/aqualoc_real_vins/external_hybrid_xfeat_every2_jul01_h07_1660_1820_klt_plus_xfeat_cap80_pf2_remap1m/ape.txt:1;logs/aqualoc_real_vins/external_hybrid_xfeat_every2_jul01_h07_1660_1820_klt_plus_xfeat_cap80_pf2_remap1m/ape.txt:10;logs/aqualoc_real_vins/external_hybrid_xfeat_every2_jul01_h07_1660_1820_klt_plus_xfeat_cap80_pf2_remap1m/ape.txt:11;logs/aqualoc_real_vins/external_hybrid_xfeat_every2_jul01_h07_1660_1820_klt_plus_xfeat_cap80_pf2_remap1m/ape.txt:12;logs/aqualoc_real_vins/external_hybrid_xfeat_every2_jul01_h07_1660_1820_klt_plus_xfeat_cap80_pf2_remap1m/ape.txt:13;logs/aqualoc_real_vins/external_hybrid_xfeat_every2_jul01_h07_1660_1820_klt_plus_xfeat_cap80_pf2_remap1m/ape.txt:14;logs/aqualoc_real_vins/external_hybrid_xfeat_every2_jul01_h07_1660_1820_klt_plus_xfeat_cap80_pf2_remap1m/ape.txt:15;logs/aqualoc_real_vins/external_hybrid_xfeat_every2_jul01_h07_1660_1820_klt_plus_xfeat_cap80_pf2_remap1m/ape.txt:16;logs/aqualoc_real_vins/external_hybrid_xfeat_every2_jul01_h07_1660_1820_klt_plus_xfeat_cap80_pf2_remap1m/ape.txt:17;logs/aqualoc_real_vins/external_hybrid_xfeat_every2_jul01_h07_1660_1820_klt_plus_xfeat_cap80_pf2_remap1m/ape.txt:18;logs/aqualoc_real_vins/external_hybrid_xfeat_every2_jul01_h07_1660_1820_klt_plus_xfeat_cap80_pf2_remap1m/ape.txt:19;...(+334),Prior artifact or parameter/search reference found before P02 freeze; exclude exact window from confirmatory denominator.
aqualoc_harbor,H07,1660,1950,frame,5479,true,true,true,DEVELOPMENT_ONLY,logs/ablations/aqualoc_harbor07_1660_1950_ablate_00_klt.csv;logs/ablations/aqualoc_harbor07_1660_1950_ablate_01_classical_hybrid_qaware.csv;logs/ablations/aqualoc_harbor07_1660_1950_ablate_02_hybrid_xfeat_no_quality_triggers.csv;logs/ablations/aqualoc_harbor07_1660_1950_ablate_03_hybrid_xfeat_no_learned_first.csv;logs/ablations/aqualoc_harbor07_1660_1950_ablate_04_hybrid_xfeat_no_lk_recovery.csv;logs/ablations/aqualoc_harbor07_1660_1950_ablate_05_hybrid_xfeat_full_qaware.csv;logs/ablations/aqualoc_harbor07_1660_1950_ablate_06_hybrid_xfeat_geo_cov.csv;logs/ablations/aqualoc_harbor07_1660_1950_ablate_07_hybrid_xfeat_geo_cov_init_budget.csv;logs/ablations/aqualoc_harbor07_1660_1950_ablate_08_hybrid_xfeat_init_fraction.csv;logs/ablations/aqualoc_harbor07_1660_1950_ablate_09_hybrid_xfeat_init_reserved_gftt.csv;logs/ablations/aqualoc_harbor07_1660_1950_ablate_10_hybrid_xfeat_quality_gated_init.csv;logs/ablations/aqualoc_harbor07_1660_1950_ablate_11_hybrid_xfeat_quality_gated_init_reserve80.csv;...(+5467),Prior artifact or parameter/search reference found before P02 freeze; exclude exact window from confirmatory denominator.
aqualoc_harbor,H07,1740,1820,frame,108,true,true,true,DEVELOPMENT_ONLY,logs/agent_h07_churn/h07_churn_report.md:17;logs/agent_h07_churn/h07_churn_report.md:26;logs/agent_h07_churn/h07_churn_report.md:27;logs/agent_h07_churn/h07_churn_report.md:28;logs/agent_h07_churn/h07_churn_report.md:29;logs/agent_h07_churn/h07_churn_report.md:3;logs/agent_h07_churn/h07_churn_report.md:7;logs/agent_h07_churn_fix/churn_fix_report.md:14;logs/agent_h07_churn_fix/churn_fix_report.md:15;logs/agent_h07_churn_fix/churn_fix_report.md:16;logs/agent_h07_churn_fix/churn_fix_report.md:23;logs/agent_h07_churn_fix/h07_1740_1820_churn_residual_neutral_sp_lg_loftr.csv;...(+96),Prior artifact or parameter/search reference found before P02 freeze; exclude exact window from confirmatory denominator.
aqualoc_harbor,H07,1880,1920,frame,2,true,false,true,DEVELOPMENT_ONLY,logs/agent_loftr_trigger_search_20260514/h07_1880_1920_loftr_extreme_only_sp_lg.csv;logs/agent_loftr_trigger_search_20260514/h07_1880_1920_three_layer_sp_lg_loftr.csv,Prior artifact or parameter/search reference found before P02 freeze; exclude exact window from confirmatory denominator.
aqualoc_harbor,H07,7,1660,frame,1,true,true,false,DEVELOPMENT_ONLY,正反例窗口整理/已跑窗口与未跑候选整理.md:230,Prior artifact or parameter/search reference found before P02 freeze; exclude exact window from confirmatory denominator.
aqualoc_harbor,H07,720,900,frame,295,true,true,true,DEVELOPMENT_ONLY,logs/aqualoc_harbor07_720_900_compare_summary.csv;logs/aqualoc_harbor07_720_900_compare_summary.md;logs/aqualoc_harbor07_720_900_compare_summary.md:1;logs/aqualoc_harbor07_720_900_compare_summary.md:2;logs/aqualoc_harbor07_720_900_compare_summary.md:3;logs/aqualoc_harbor07_720_900_compare_summary.md:4;logs/aqualoc_harbor07_720_900_compare_summary.md:5;logs/aqualoc_harbor07_720_900_hybrid.csv;logs/aqualoc_harbor07_720_900_hybrid_viz/frame_000720.jpg;logs/aqualoc_harbor07_720_900_hybrid_viz/frame_000750.jpg;logs/aqualoc_harbor07_720_900_hybrid_viz/frame_000780.jpg;logs/aqualoc_harbor07_720_900_hybrid_viz/frame_000810.jpg;...(+283),Prior artifact or parameter/search reference found before P02 freeze; exclude exact window from confirmatory denominator.
aqualoc_harbor,H07,900,1240,frame,111,true,true,true,DEVELOPMENT_ONLY,logs/aqualoc_real_vins/external_hybrid_superpoint_lightglue_every2_jun29_extmode_h05_900_1240_exact160_oldbag_camimu/replay_manifest.txt:2;logs/aqualoc_real_vins/external_hybrid_xfeat_every2_jul03_guarded_scan_h07_900_1240_probe_oldcontract_densecap/aqualoc_harbor07_kannala.yaml;logs/aqualoc_real_vins/external_hybrid_xfeat_every2_jul03_guarded_scan_h07_900_1240_probe_oldcontract_densecap/features.bag;logs/aqualoc_real_vins/external_hybrid_xfeat_every2_jul03_guarded_scan_h07_900_1240_probe_oldcontract_densecap/frontend_metrics.csv;logs/aqualoc_real_vins/external_hybrid_xfeat_every2_jun29_h05_exact160_plus_xfeat16_imucam/replay_manifest.txt:2;logs/aqualoc_real_vins/external_klt_every2_jul03_guarded_scan_h07_900_1240_klt_safe_fallback/aqualoc_harbor07_kannala.yaml;logs/aqualoc_real_vins/external_klt_every2_jul03_guarded_scan_h07_900_1240_klt_safe_fallback/arbitration_summary.txt;logs/aqualoc_real_vins/external_klt_every2_jul03_guarded_scan_h07_900_1240_klt_safe_fallback/arbitration_summary.txt:1;logs/aqualoc_real_vins/external_klt_every2_jul03_guarded_scan_h07_900_1240_klt_safe_fallback/arbitration_summary.txt:10;logs/aqualoc_real_vins/external_klt_every2_jul03_guarded_scan_h07_900_1240_klt_safe_fallback/arbitration_summary.txt:11;logs/aqualoc_real_vins/external_klt_every2_jul03_guarded_scan_h07_900_1240_klt_safe_fallback/arbitration_summary.txt:12;logs/aqualoc_real_vins/external_klt_every2_jul03_guarded_scan_h07_900_1240_klt_safe_fallback/arbitration_summary.txt:13;...(+99),Prior artifact or parameter/search reference found before P02 freeze; exclude exact window from confirmatory denominator.
cirs,cala_viuda,0,30,second,65,true,true,true,DEVELOPMENT_ONLY,logs/cirs_caves_vins/external_hybrid_xfeat_every1_jul08_nonoverlap_onlineprobe1_cirs_s0_d30/cirs_cam0_pinhole.yaml;logs/cirs_caves_vins/external_hybrid_xfeat_every1_jul08_nonoverlap_onlineprobe1_cirs_s0_d30/features.bag;logs/cirs_caves_vins/external_hybrid_xfeat_every1_jul08_nonoverlap_onlineprobe1_cirs_s0_d30/frontend_metrics.csv;logs/cirs_caves_vins/external_hybrid_xfeat_every1_jul08_nonoverlap_onlineprobe1_cirs_s0_d30/raw_segment.bag;logs/cirs_caves_vins/external_hybrid_xfeat_every1_jul08_nonoverlap_onlineprobe1_cirs_s0_d30/raw_segment_meta.json;logs/cirs_caves_vins/external_hybrid_xfeat_every1_jul08_nonoverlap_onlineprobe1_cirs_s0_d30/raw_segment_meta.json:1;logs/cirs_caves_vins/external_hybrid_xfeat_every1_jul08_nonoverlap_onlineprobe1_cirs_s0_d30/raw_segment_meta.json:10;logs/cirs_caves_vins/external_hybrid_xfeat_every1_jul08_nonoverlap_onlineprobe1_cirs_s0_d30/raw_segment_meta.json:11;logs/cirs_caves_vins/external_hybrid_xfeat_every1_jul08_nonoverlap_onlineprobe1_cirs_s0_d30/raw_segment_meta.json:12;logs/cirs_caves_vins/external_hybrid_xfeat_every1_jul08_nonoverlap_onlineprobe1_cirs_s0_d30/raw_segment_meta.json:13;logs/cirs_caves_vins/external_hybrid_xfeat_every1_jul08_nonoverlap_onlineprobe1_cirs_s0_d30/raw_segment_meta.json:14;logs/cirs_caves_vins/external_hybrid_xfeat_every1_jul08_nonoverlap_onlineprobe1_cirs_s0_d30/raw_segment_meta.json:15;...(+53),Prior artifact or parameter/search reference found before P02 freeze; exclude exact window from confirmatory denominator.
cirs,cala_viuda,1020,1050,second,150,true,true,true,DEVELOPMENT_ONLY,logs/cirs_caves_vins/external_hybrid_loftr_every2_jun22_cirs_s1020_d30_churn_nomotioncap_export/cirs_cam0_pinhole.yaml;logs/cirs_caves_vins/external_hybrid_loftr_every2_jun22_cirs_s1020_d30_churn_nomotioncap_export/features.bag;logs/cirs_caves_vins/external_hybrid_loftr_every2_jun22_cirs_s1020_d30_churn_nomotioncap_export/frontend_metrics.csv;logs/cirs_caves_vins/external_hybrid_loftr_every2_jun22_cirs_s1020_d30_churn_nomotioncap_export/vins_cirs_external.yaml;logs/cirs_caves_vins/external_hybrid_xfeat_every1_jul07_nonoverlap_onlineprobe5_cirs_s1020_d30/cirs_cam0_pinhole.yaml;logs/cirs_caves_vins/external_hybrid_xfeat_every1_jul07_nonoverlap_onlineprobe5_cirs_s1020_d30/features.bag;logs/cirs_caves_vins/external_hybrid_xfeat_every1_jul07_nonoverlap_onlineprobe5_cirs_s1020_d30/frontend_metrics.csv;logs/cirs_caves_vins/external_hybrid_xfeat_every1_jul07_nonoverlap_onlineprobe5_cirs_s1020_d30/raw_segment.bag;logs/cirs_caves_vins/external_hybrid_xfeat_every1_jul07_nonoverlap_onlineprobe5_cirs_s1020_d30/raw_segment_meta.json;logs/cirs_caves_vins/external_hybrid_xfeat_every1_jul07_nonoverlap_onlineprobe5_cirs_s1020_d30/raw_segment_meta.json:1;logs/cirs_caves_vins/external_hybrid_xfeat_every1_jul07_nonoverlap_onlineprobe5_cirs_s1020_d30/raw_segment_meta.json:10;logs/cirs_caves_vins/external_hybrid_xfeat_every1_jul07_nonoverlap_onlineprobe5_cirs_s1020_d30/raw_segment_meta.json:11;...(+138),Prior artifact or parameter/search reference found before P02 freeze; exclude exact window from confirmatory denominator.
cirs,cala_viuda,120,150,second,950,true,true,true,DEVELOPMENT_ONLY,logs/cirs_caves_vins/external_hybrid_xfeat_every1_jul08_nonoverlap_onlineprobe1_cirs_s120_d30/ape.txt;logs/cirs_caves_vins/external_hybrid_xfeat_every1_jul08_nonoverlap_onlineprobe1_cirs_s120_d30/ape.txt:1;logs/cirs_caves_vins/external_hybrid_xfeat_every1_jul08_nonoverlap_onlineprobe1_cirs_s120_d30/ape.txt:10;logs/cirs_caves_vins/external_hybrid_xfeat_every1_jul08_nonoverlap_onlineprobe1_cirs_s120_d30/ape.txt:11;logs/cirs_caves_vins/external_hybrid_xfeat_every1_jul08_nonoverlap_onlineprobe1_cirs_s120_d30/ape.txt:12;logs/cirs_caves_vins/external_hybrid_xfeat_every1_jul08_nonoverlap_onlineprobe1_cirs_s120_d30/ape.txt:13;logs/cirs_caves_vins/external_hybrid_xfeat_every1_jul08_nonoverlap_onlineprobe1_cirs_s120_d30/ape.txt:14;logs/cirs_caves_vins/external_hybrid_xfeat_every1_jul08_nonoverlap_onlineprobe1_cirs_s120_d30/ape.txt:15;logs/cirs_caves_vins/external_hybrid_xfeat_every1_jul08_nonoverlap_onlineprobe1_cirs_s120_d30/ape.txt:16;logs/cirs_caves_vins/external_hybrid_xfeat_every1_jul08_nonoverlap_onlineprobe1_cirs_s120_d30/ape.txt:17;logs/cirs_caves_vins/external_hybrid_xfeat_every1_jul08_nonoverlap_onlineprobe1_cirs_s120_d30/ape.txt:18;logs/cirs_caves_vins/external_hybrid_xfeat_every1_jul08_nonoverlap_onlineprobe1_cirs_s120_d30/ape.txt:19;...(+938),Prior artifact or parameter/search reference found before P02 freeze; exclude exact window from confirmatory denominator.
cirs,cala_viuda,150,180,second,64,true,true,true,DEVELOPMENT_ONLY,logs/cirs_caves_vins/external_hybrid_xfeat_every1_jul08_nonoverlap_onlineprobe1_cirs_s150_d30/cirs_cam0_pinhole.yaml;logs/cirs_caves_vins/external_hybrid_xfeat_every1_jul08_nonoverlap_onlineprobe1_cirs_s150_d30/features.bag;logs/cirs_caves_vins/external_hybrid_xfeat_every1_jul08_nonoverlap_onlineprobe1_cirs_s150_d30/frontend_metrics.csv;logs/cirs_caves_vins/external_hybrid_xfeat_every1_jul08_nonoverlap_onlineprobe1_cirs_s150_d30/raw_segment.bag;logs/cirs_caves_vins/external_hybrid_xfeat_every1_jul08_nonoverlap_onlineprobe1_cirs_s150_d30/raw_segment_meta.json;logs/cirs_caves_vins/external_hybrid_xfeat_every1_jul08_nonoverlap_onlineprobe1_cirs_s150_d30/raw_segment_meta.json:1;logs/cirs_caves_vins/external_hybrid_xfeat_every1_jul08_nonoverlap_onlineprobe1_cirs_s150_d30/raw_segment_meta.json:10;logs/cirs_caves_vins/external_hybrid_xfeat_every1_jul08_nonoverlap_onlineprobe1_cirs_s150_d30/raw_segment_meta.json:11;logs/cirs_caves_vins/external_hybrid_xfeat_every1_jul08_nonoverlap_onlineprobe1_cirs_s150_d30/raw_segment_meta.json:12;logs/cirs_caves_vins/external_hybrid_xfeat_every1_jul08_nonoverlap_onlineprobe1_cirs_s150_d30/raw_segment_meta.json:13;logs/cirs_caves_vins/external_hybrid_xfeat_every1_jul08_nonoverlap_onlineprobe1_cirs_s150_d30/raw_segment_meta.json:14;logs/cirs_caves_vins/external_hybrid_xfeat_every1_jul08_nonoverlap_onlineprobe1_cirs_s150_d30/raw_segment_meta.json:15;...(+52),Prior artifact or parameter/search reference found before P02 freeze; exclude exact window from confirmatory denominator.
cirs,cala_viuda,180,210,second,255,true,true,true,DEVELOPMENT_ONLY,logs/cirs_caves_vins/external_hybrid_xfeat_every1_jul08_nonoverlap_onlineprobe1_cirs_s180_d30/ape.txt;logs/cirs_caves_vins/external_hybrid_xfeat_every1_jul08_nonoverlap_onlineprobe1_cirs_s180_d30/ape.txt:1;logs/cirs_caves_vins/external_hybrid_xfeat_every1_jul08_nonoverlap_onlineprobe1_cirs_s180_d30/ape.txt:10;logs/cirs_caves_vins/external_hybrid_xfeat_every1_jul08_nonoverlap_onlineprobe1_cirs_s180_d30/ape.txt:11;logs/cirs_caves_vins/external_hybrid_xfeat_every1_jul08_nonoverlap_onlineprobe1_cirs_s180_d30/ape.txt:12;logs/cirs_caves_vins/external_hybrid_xfeat_every1_jul08_nonoverlap_onlineprobe1_cirs_s180_d30/ape.txt:13;logs/cirs_caves_vins/external_hybrid_xfeat_every1_jul08_nonoverlap_onlineprobe1_cirs_s180_d30/ape.txt:14;logs/cirs_caves_vins/external_hybrid_xfeat_every1_jul08_nonoverlap_onlineprobe1_cirs_s180_d30/ape.txt:15;logs/cirs_caves_vins/external_hybrid_xfeat_every1_jul08_nonoverlap_onlineprobe1_cirs_s180_d30/ape.txt:16;logs/cirs_caves_vins/external_hybrid_xfeat_every1_jul08_nonoverlap_onlineprobe1_cirs_s180_d30/ape.txt:17;logs/cirs_caves_vins/external_hybrid_xfeat_every1_jul08_nonoverlap_onlineprobe1_cirs_s180_d30/ape.txt:18;logs/cirs_caves_vins/external_hybrid_xfeat_every1_jul08_nonoverlap_onlineprobe1_cirs_s180_d30/ape.txt:19;...(+243),Prior artifact or parameter/search reference found before P02 freeze; exclude exact window from confirmatory denominator.
cirs,cala_viuda,210,240,second,64,true,true,true,DEVELOPMENT_ONLY,logs/cirs_caves_vins/external_hybrid_xfeat_every1_jul08_nonoverlap_onlineprobe1_cirs_s210_d30/cirs_cam0_pinhole.yaml;logs/cirs_caves_vins/external_hybrid_xfeat_every1_jul08_nonoverlap_onlineprobe1_cirs_s210_d30/features.bag;logs/cirs_caves_vins/external_hybrid_xfeat_every1_jul08_nonoverlap_onlineprobe1_cirs_s210_d30/frontend_metrics.csv;logs/cirs_caves_vins/external_hybrid_xfeat_every1_jul08_nonoverlap_onlineprobe1_cirs_s210_d30/raw_segment.bag;logs/cirs_caves_vins/external_hybrid_xfeat_every1_jul08_nonoverlap_onlineprobe1_cirs_s210_d30/raw_segment_meta.json;logs/cirs_caves_vins/external_hybrid_xfeat_every1_jul08_nonoverlap_onlineprobe1_cirs_s210_d30/raw_segment_meta.json:1;logs/cirs_caves_vins/external_hybrid_xfeat_every1_jul08_nonoverlap_onlineprobe1_cirs_s210_d30/raw_segment_meta.json:10;logs/cirs_caves_vins/external_hybrid_xfeat_every1_jul08_nonoverlap_onlineprobe1_cirs_s210_d30/raw_segment_meta.json:11;logs/cirs_caves_vins/external_hybrid_xfeat_every1_jul08_nonoverlap_onlineprobe1_cirs_s210_d30/raw_segment_meta.json:12;logs/cirs_caves_vins/external_hybrid_xfeat_every1_jul08_nonoverlap_onlineprobe1_cirs_s210_d30/raw_segment_meta.json:13;logs/cirs_caves_vins/external_hybrid_xfeat_every1_jul08_nonoverlap_onlineprobe1_cirs_s210_d30/raw_segment_meta.json:14;logs/cirs_caves_vins/external_hybrid_xfeat_every1_jul08_nonoverlap_onlineprobe1_cirs_s210_d30/raw_segment_meta.json:15;...(+52),Prior artifact or parameter/search reference found before P02 freeze; exclude exact window from confirmatory denominator.
cirs,cala_viuda,212,272,second,105,true,true,true,DEVELOPMENT_ONLY,logs/existing_featurebag_vins/cirs_s212_d60_mirror6_full/ape.txt;logs/existing_featurebag_vins/cirs_s212_d60_mirror6_full/ape.txt:1;logs/existing_featurebag_vins/cirs_s212_d60_mirror6_full/ape.txt:10;logs/existing_featurebag_vins/cirs_s212_d60_mirror6_full/ape.txt:11;logs/existing_featurebag_vins/cirs_s212_d60_mirror6_full/ape.txt:12;logs/existing_featurebag_vins/cirs_s212_d60_mirror6_full/ape.txt:13;logs/existing_featurebag_vins/cirs_s212_d60_mirror6_full/ape.txt:14;logs/existing_featurebag_vins/cirs_s212_d60_mirror6_full/ape.txt:15;logs/existing_featurebag_vins/cirs_s212_d60_mirror6_full/ape.txt:16;logs/existing_featurebag_vins/cirs_s212_d60_mirror6_full/ape.txt:17;logs/existing_featurebag_vins/cirs_s212_d60_mirror6_full/ape.txt:18;logs/existing_featurebag_vins/cirs_s212_d60_mirror6_full/ape.txt:19;...(+93),Prior artifact or parameter/search reference found before P02 freeze; exclude exact window from confirmatory denominator.
cirs,cala_viuda,240,270,second,64,true,true,true,DEVELOPMENT_ONLY,logs/cirs_caves_vins/external_hybrid_xfeat_every1_jul08_nonoverlap_onlineprobe1_cirs_s240_d30/cirs_cam0_pinhole.yaml;logs/cirs_caves_vins/external_hybrid_xfeat_every1_jul08_nonoverlap_onlineprobe1_cirs_s240_d30/features.bag;logs/cirs_caves_vins/external_hybrid_xfeat_every1_jul08_nonoverlap_onlineprobe1_cirs_s240_d30/frontend_metrics.csv;logs/cirs_caves_vins/external_hybrid_xfeat_every1_jul08_nonoverlap_onlineprobe1_cirs_s240_d30/raw_segment.bag;logs/cirs_caves_vins/external_hybrid_xfeat_every1_jul08_nonoverlap_onlineprobe1_cirs_s240_d30/raw_segment_meta.json;logs/cirs_caves_vins/external_hybrid_xfeat_every1_jul08_nonoverlap_onlineprobe1_cirs_s240_d30/raw_segment_meta.json:1;logs/cirs_caves_vins/external_hybrid_xfeat_every1_jul08_nonoverlap_onlineprobe1_cirs_s240_d30/raw_segment_meta.json:10;logs/cirs_caves_vins/external_hybrid_xfeat_every1_jul08_nonoverlap_onlineprobe1_cirs_s240_d30/raw_segment_meta.json:11;logs/cirs_caves_vins/external_hybrid_xfeat_every1_jul08_nonoverlap_onlineprobe1_cirs_s240_d30/raw_segment_meta.json:12;logs/cirs_caves_vins/external_hybrid_xfeat_every1_jul08_nonoverlap_onlineprobe1_cirs_s240_d30/raw_segment_meta.json:13;logs/cirs_caves_vins/external_hybrid_xfeat_every1_jul08_nonoverlap_onlineprobe1_cirs_s240_d30/raw_segment_meta.json:14;logs/cirs_caves_vins/external_hybrid_xfeat_every1_jul08_nonoverlap_onlineprobe1_cirs_s240_d30/raw_segment_meta.json:15;...(+52),Prior artifact or parameter/search reference found before P02 freeze; exclude exact window from confirmatory denominator.
cirs,cala_viuda,270,300,second,64,true,true,true,DEVELOPMENT_ONLY,logs/cirs_caves_vins/external_hybrid_xfeat_every1_jul08_nonoverlap_onlineprobe1_cirs_s270_d30/cirs_cam0_pinhole.yaml;logs/cirs_caves_vins/external_hybrid_xfeat_every1_jul08_nonoverlap_onlineprobe1_cirs_s270_d30/features.bag;logs/cirs_caves_vins/external_hybrid_xfeat_every1_jul08_nonoverlap_onlineprobe1_cirs_s270_d30/frontend_metrics.csv;logs/cirs_caves_vins/external_hybrid_xfeat_every1_jul08_nonoverlap_onlineprobe1_cirs_s270_d30/raw_segment.bag;logs/cirs_caves_vins/external_hybrid_xfeat_every1_jul08_nonoverlap_onlineprobe1_cirs_s270_d30/raw_segment_meta.json;logs/cirs_caves_vins/external_hybrid_xfeat_every1_jul08_nonoverlap_onlineprobe1_cirs_s270_d30/raw_segment_meta.json:1;logs/cirs_caves_vins/external_hybrid_xfeat_every1_jul08_nonoverlap_onlineprobe1_cirs_s270_d30/raw_segment_meta.json:10;logs/cirs_caves_vins/external_hybrid_xfeat_every1_jul08_nonoverlap_onlineprobe1_cirs_s270_d30/raw_segment_meta.json:11;logs/cirs_caves_vins/external_hybrid_xfeat_every1_jul08_nonoverlap_onlineprobe1_cirs_s270_d30/raw_segment_meta.json:12;logs/cirs_caves_vins/external_hybrid_xfeat_every1_jul08_nonoverlap_onlineprobe1_cirs_s270_d30/raw_segment_meta.json:13;logs/cirs_caves_vins/external_hybrid_xfeat_every1_jul08_nonoverlap_onlineprobe1_cirs_s270_d30/raw_segment_meta.json:14;logs/cirs_caves_vins/external_hybrid_xfeat_every1_jul08_nonoverlap_onlineprobe1_cirs_s270_d30/raw_segment_meta.json:15;...(+52),Prior artifact or parameter/search reference found before P02 freeze; exclude exact window from confirmatory denominator.
cirs,cala_viuda,30,60,second,255,true,true,true,DEVELOPMENT_ONLY,logs/cirs_caves_vins/external_hybrid_xfeat_every1_jul08_nonoverlap_onlineprobe1_cirs_s30_d30/ape.txt;logs/cirs_caves_vins/external_hybrid_xfeat_every1_jul08_nonoverlap_onlineprobe1_cirs_s30_d30/ape.txt:1;logs/cirs_caves_vins/external_hybrid_xfeat_every1_jul08_nonoverlap_onlineprobe1_cirs_s30_d30/ape.txt:10;logs/cirs_caves_vins/external_hybrid_xfeat_every1_jul08_nonoverlap_onlineprobe1_cirs_s30_d30/ape.txt:11;logs/cirs_caves_vins/external_hybrid_xfeat_every1_jul08_nonoverlap_onlineprobe1_cirs_s30_d30/ape.txt:12;logs/cirs_caves_vins/external_hybrid_xfeat_every1_jul08_nonoverlap_onlineprobe1_cirs_s30_d30/ape.txt:13;logs/cirs_caves_vins/external_hybrid_xfeat_every1_jul08_nonoverlap_onlineprobe1_cirs_s30_d30/ape.txt:14;logs/cirs_caves_vins/external_hybrid_xfeat_every1_jul08_nonoverlap_onlineprobe1_cirs_s30_d30/ape.txt:15;logs/cirs_caves_vins/external_hybrid_xfeat_every1_jul08_nonoverlap_onlineprobe1_cirs_s30_d30/ape.txt:16;logs/cirs_caves_vins/external_hybrid_xfeat_every1_jul08_nonoverlap_onlineprobe1_cirs_s30_d30/ape.txt:17;logs/cirs_caves_vins/external_hybrid_xfeat_every1_jul08_nonoverlap_onlineprobe1_cirs_s30_d30/ape.txt:18;logs/cirs_caves_vins/external_hybrid_xfeat_every1_jul08_nonoverlap_onlineprobe1_cirs_s30_d30/ape.txt:19;...(+243),Prior artifact or parameter/search reference found before P02 freeze; exclude exact window from confirmatory denominator.
cirs,cala_viuda,300,330,second,66,true,true,true,DEVELOPMENT_ONLY,logs/cirs_caves_vins/external_hybrid_xfeat_every1_jul07_nonoverlap_onlineprobe5_cirs_s300_d30/cirs_cam0_pinhole.yaml;logs/cirs_caves_vins/external_hybrid_xfeat_every1_jul07_nonoverlap_onlineprobe5_cirs_s300_d30/features.bag;logs/cirs_caves_vins/external_hybrid_xfeat_every1_jul07_nonoverlap_onlineprobe5_cirs_s300_d30/frontend_metrics.csv;logs/cirs_caves_vins/external_hybrid_xfeat_every1_jul07_nonoverlap_onlineprobe5_cirs_s300_d30/raw_segment.bag;logs/cirs_caves_vins/external_hybrid_xfeat_every1_jul07_nonoverlap_onlineprobe5_cirs_s300_d30/raw_segment_meta.json;logs/cirs_caves_vins/external_hybrid_xfeat_every1_jul07_nonoverlap_onlineprobe5_cirs_s300_d30/raw_segment_meta.json:1;logs/cirs_caves_vins/external_hybrid_xfeat_every1_jul07_nonoverlap_onlineprobe5_cirs_s300_d30/raw_segment_meta.json:10;logs/cirs_caves_vins/external_hybrid_xfeat_every1_jul07_nonoverlap_onlineprobe5_cirs_s300_d30/raw_segment_meta.json:11;logs/cirs_caves_vins/external_hybrid_xfeat_every1_jul07_nonoverlap_onlineprobe5_cirs_s300_d30/raw_segment_meta.json:12;logs/cirs_caves_vins/external_hybrid_xfeat_every1_jul07_nonoverlap_onlineprobe5_cirs_s300_d30/raw_segment_meta.json:13;logs/cirs_caves_vins/external_hybrid_xfeat_every1_jul07_nonoverlap_onlineprobe5_cirs_s300_d30/raw_segment_meta.json:14;logs/cirs_caves_vins/external_hybrid_xfeat_every1_jul07_nonoverlap_onlineprobe5_cirs_s300_d30/raw_segment_meta.json:15;...(+54),Prior artifact or parameter/search reference found before P02 freeze; exclude exact window from confirmatory denominator.
cirs,cala_viuda,330,360,second,64,true,true,true,DEVELOPMENT_ONLY,logs/cirs_caves_vins/external_hybrid_xfeat_every1_jul07_nonoverlap_onlineprobe5_cirs_s330_d30/cirs_cam0_pinhole.yaml;logs/cirs_caves_vins/external_hybrid_xfeat_every1_jul07_nonoverlap_onlineprobe5_cirs_s330_d30/features.bag;logs/cirs_caves_vins/external_hybrid_xfeat_every1_jul07_nonoverlap_onlineprobe5_cirs_s330_d30/frontend_metrics.csv;logs/cirs_caves_vins/external_hybrid_xfeat_every1_jul07_nonoverlap_onlineprobe5_cirs_s330_d30/raw_segment.bag;logs/cirs_caves_vins/external_hybrid_xfeat_every1_jul07_nonoverlap_onlineprobe5_cirs_s330_d30/raw_segment_meta.json;logs/cirs_caves_vins/external_hybrid_xfeat_every1_jul07_nonoverlap_onlineprobe5_cirs_s330_d30/raw_segment_meta.json:1;logs/cirs_caves_vins/external_hybrid_xfeat_every1_jul07_nonoverlap_onlineprobe5_cirs_s330_d30/raw_segment_meta.json:10;logs/cirs_caves_vins/external_hybrid_xfeat_every1_jul07_nonoverlap_onlineprobe5_cirs_s330_d30/raw_segment_meta.json:11;logs/cirs_caves_vins/external_hybrid_xfeat_every1_jul07_nonoverlap_onlineprobe5_cirs_s330_d30/raw_segment_meta.json:12;logs/cirs_caves_vins/external_hybrid_xfeat_every1_jul07_nonoverlap_onlineprobe5_cirs_s330_d30/raw_segment_meta.json:13;logs/cirs_caves_vins/external_hybrid_xfeat_every1_jul07_nonoverlap_onlineprobe5_cirs_s330_d30/raw_segment_meta.json:14;logs/cirs_caves_vins/external_hybrid_xfeat_every1_jul07_nonoverlap_onlineprobe5_cirs_s330_d30/raw_segment_meta.json:15;...(+52),Prior artifact or parameter/search reference found before P02 freeze; exclude exact window from confirmatory denominator.
cirs,cala_viuda,360,390,second,94,true,true,true,DEVELOPMENT_ONLY,logs/cirs_caves_vins/external_hybrid_loftr_every2_jun22_cirs_s360_d30_mirror6_probe/cirs_cam0_pinhole.yaml;logs/cirs_caves_vins/external_hybrid_loftr_every2_jun22_cirs_s360_d30_mirror6_probe/features.bag;logs/cirs_caves_vins/external_hybrid_loftr_every2_jun22_cirs_s360_d30_mirror6_probe/frontend_metrics.csv;logs/cirs_caves_vins/external_hybrid_loftr_every2_jun22_cirs_s360_d30_mirror6_probe/raw_segment_meta.json;logs/cirs_caves_vins/external_hybrid_loftr_every2_jun22_cirs_s360_d30_mirror6_probe/raw_segment_meta.json:1;logs/cirs_caves_vins/external_hybrid_loftr_every2_jun22_cirs_s360_d30_mirror6_probe/raw_segment_meta.json:10;logs/cirs_caves_vins/external_hybrid_loftr_every2_jun22_cirs_s360_d30_mirror6_probe/raw_segment_meta.json:11;logs/cirs_caves_vins/external_hybrid_loftr_every2_jun22_cirs_s360_d30_mirror6_probe/raw_segment_meta.json:12;logs/cirs_caves_vins/external_hybrid_loftr_every2_jun22_cirs_s360_d30_mirror6_probe/raw_segment_meta.json:13;logs/cirs_caves_vins/external_hybrid_loftr_every2_jun22_cirs_s360_d30_mirror6_probe/raw_segment_meta.json:14;logs/cirs_caves_vins/external_hybrid_loftr_every2_jun22_cirs_s360_d30_mirror6_probe/raw_segment_meta.json:15;logs/cirs_caves_vins/external_hybrid_loftr_every2_jun22_cirs_s360_d30_mirror6_probe/raw_segment_meta.json:16;...(+82),Prior artifact or parameter/search reference found before P02 freeze; exclude exact window from confirmatory denominator.
cirs,cala_viuda,360,420,second,29,false,true,true,DEVELOPMENT_ONLY,logs/cirs_caves_vins/external_klt_every1_jun22_cirs_s360_d60_klt_every1_probe/cirs_cam0_pinhole.yaml;logs/cirs_caves_vins/external_klt_every1_jun22_cirs_s360_d60_klt_every1_probe/features.bag;logs/cirs_caves_vins/external_klt_every1_jun22_cirs_s360_d60_klt_every1_probe/frontend_metrics.csv;logs/cirs_caves_vins/external_klt_every1_jun22_cirs_s360_d60_klt_every1_probe/raw_segment_meta.json;logs/cirs_caves_vins/external_klt_every1_jun22_cirs_s360_d60_klt_every1_probe/raw_segment_meta.json:1;logs/cirs_caves_vins/external_klt_every1_jun22_cirs_s360_d60_klt_every1_probe/raw_segment_meta.json:10;logs/cirs_caves_vins/external_klt_every1_jun22_cirs_s360_d60_klt_every1_probe/raw_segment_meta.json:11;logs/cirs_caves_vins/external_klt_every1_jun22_cirs_s360_d60_klt_every1_probe/raw_segment_meta.json:12;logs/cirs_caves_vins/external_klt_every1_jun22_cirs_s360_d60_klt_every1_probe/raw_segment_meta.json:13;logs/cirs_caves_vins/external_klt_every1_jun22_cirs_s360_d60_klt_every1_probe/raw_segment_meta.json:14;logs/cirs_caves_vins/external_klt_every1_jun22_cirs_s360_d60_klt_every1_probe/raw_segment_meta.json:15;logs/cirs_caves_vins/external_klt_every1_jun22_cirs_s360_d60_klt_every1_probe/raw_segment_meta.json:16;...(+17),Prior artifact or parameter/search reference found before P02 freeze; exclude exact window from confirmatory denominator.
cirs,cala_viuda,390,420,second,164,true,true,true,DEVELOPMENT_ONLY,logs/cirs_caves_vins/external_hybrid_loftr_every2_jun22_cirs_s390_d30_churn_export/cirs_cam0_pinhole.yaml;logs/cirs_caves_vins/external_hybrid_loftr_every2_jun22_cirs_s390_d30_churn_export/features.bag;logs/cirs_caves_vins/external_hybrid_loftr_every2_jun22_cirs_s390_d30_churn_export/frontend_metrics.csv;logs/cirs_caves_vins/external_hybrid_loftr_every2_jun22_cirs_s390_d30_churn_export/vins_cirs_external.yaml;logs/cirs_caves_vins/external_hybrid_xfeat_every1_jul07_nonoverlap_onlineprobe5_cirs_s390_d30/cirs_cam0_pinhole.yaml;logs/cirs_caves_vins/external_hybrid_xfeat_every1_jul07_nonoverlap_onlineprobe5_cirs_s390_d30/features.bag;logs/cirs_caves_vins/external_hybrid_xfeat_every1_jul07_nonoverlap_onlineprobe5_cirs_s390_d30/frontend_metrics.csv;logs/cirs_caves_vins/external_hybrid_xfeat_every1_jul07_nonoverlap_onlineprobe5_cirs_s390_d30/raw_segment.bag;logs/cirs_caves_vins/external_hybrid_xfeat_every1_jul07_nonoverlap_onlineprobe5_cirs_s390_d30/raw_segment_meta.json;logs/cirs_caves_vins/external_hybrid_xfeat_every1_jul07_nonoverlap_onlineprobe5_cirs_s390_d30/raw_segment_meta.json:1;logs/cirs_caves_vins/external_hybrid_xfeat_every1_jul07_nonoverlap_onlineprobe5_cirs_s390_d30/raw_segment_meta.json:10;logs/cirs_caves_vins/external_hybrid_xfeat_every1_jul07_nonoverlap_onlineprobe5_cirs_s390_d30/raw_segment_meta.json:11;...(+152),Prior artifact or parameter/search reference found before P02 freeze; exclude exact window from confirmatory denominator.
cirs,cala_viuda,390,450,second,49,false,true,true,DEVELOPMENT_ONLY,logs/cirs_caves_vins/external_klt_every1_jun22_cirs_s390_d60_klt_every1_probe/cirs_cam0_pinhole.yaml;logs/cirs_caves_vins/external_klt_every1_jun22_cirs_s390_d60_klt_every1_probe/features.bag;logs/cirs_caves_vins/external_klt_every1_jun22_cirs_s390_d60_klt_every1_probe/frontend_metrics.csv;logs/cirs_caves_vins/external_klt_every1_jun22_cirs_s390_d60_klt_every1_probe/raw_segment_meta.json;logs/cirs_caves_vins/external_klt_every1_jun22_cirs_s390_d60_klt_every1_probe/raw_segment_meta.json:1;logs/cirs_caves_vins/external_klt_every1_jun22_cirs_s390_d60_klt_every1_probe/raw_segment_meta.json:10;logs/cirs_caves_vins/external_klt_every1_jun22_cirs_s390_d60_klt_every1_probe/raw_segment_meta.json:11;logs/cirs_caves_vins/external_klt_every1_jun22_cirs_s390_d60_klt_every1_probe/raw_segment_meta.json:12;logs/cirs_caves_vins/external_klt_every1_jun22_cirs_s390_d60_klt_every1_probe/raw_segment_meta.json:13;logs/cirs_caves_vins/external_klt_every1_jun22_cirs_s390_d60_klt_every1_probe/raw_segment_meta.json:14;logs/cirs_caves_vins/external_klt_every1_jun22_cirs_s390_d60_klt_every1_probe/raw_segment_meta.json:15;logs/cirs_caves_vins/external_klt_every1_jun22_cirs_s390_d60_klt_every1_probe/raw_segment_meta.json:16;...(+37),Prior artifact or parameter/search reference found before P02 freeze; exclude exact window from confirmatory denominator.
cirs,cala_viuda,420,450,second,113,true,true,true,DEVELOPMENT_ONLY,logs/cirs_caves_vins/external_hybrid_xfeat_every1_jul07_nonoverlap_onlineprobe5_cirs_s420_d30/cirs_cam0_pinhole.yaml;logs/cirs_caves_vins/external_hybrid_xfeat_every1_jul07_nonoverlap_onlineprobe5_cirs_s420_d30/features.bag;logs/cirs_caves_vins/external_hybrid_xfeat_every1_jul07_nonoverlap_onlineprobe5_cirs_s420_d30/frontend_metrics.csv;logs/cirs_caves_vins/external_hybrid_xfeat_every1_jul07_nonoverlap_onlineprobe5_cirs_s420_d30/raw_segment.bag;logs/cirs_caves_vins/external_hybrid_xfeat_every1_jul07_nonoverlap_onlineprobe5_cirs_s420_d30/raw_segment_meta.json;logs/cirs_caves_vins/external_hybrid_xfeat_every1_jul07_nonoverlap_onlineprobe5_cirs_s420_d30/raw_segment_meta.json:1;logs/cirs_caves_vins/external_hybrid_xfeat_every1_jul07_nonoverlap_onlineprobe5_cirs_s420_d30/raw_segment_meta.json:10;logs/cirs_caves_vins/external_hybrid_xfeat_every1_jul07_nonoverlap_onlineprobe5_cirs_s420_d30/raw_segment_meta.json:11;logs/cirs_caves_vins/external_hybrid_xfeat_every1_jul07_nonoverlap_onlineprobe5_cirs_s420_d30/raw_segment_meta.json:12;logs/cirs_caves_vins/external_hybrid_xfeat_every1_jul07_nonoverlap_onlineprobe5_cirs_s420_d30/raw_segment_meta.json:13;logs/cirs_caves_vins/external_hybrid_xfeat_every1_jul07_nonoverlap_onlineprobe5_cirs_s420_d30/raw_segment_meta.json:14;logs/cirs_caves_vins/external_hybrid_xfeat_every1_jul07_nonoverlap_onlineprobe5_cirs_s420_d30/raw_segment_meta.json:15;...(+101),Prior artifact or parameter/search reference found before P02 freeze; exclude exact window from confirmatory denominator.
cirs,cala_viuda,450,480,second,1302,true,true,true,DEVELOPMENT_ONLY,logs/cirs_caves_vins/external_hybrid_loftr_every1_jun22_cirs_s450_d30_fulllearned_every1_export/cirs_cam0_pinhole.yaml;logs/cirs_caves_vins/external_hybrid_loftr_every1_jun22_cirs_s450_d30_fulllearned_every1_export/features.bag;logs/cirs_caves_vins/external_hybrid_loftr_every1_jun22_cirs_s450_d30_fulllearned_every1_export/frontend_metrics.csv;logs/cirs_caves_vins/external_hybrid_loftr_every1_jun22_cirs_s450_d30_fulllearned_every1_export/raw_segment_meta.json;logs/cirs_caves_vins/external_hybrid_loftr_every1_jun22_cirs_s450_d30_fulllearned_every1_export/raw_segment_meta.json:1;logs/cirs_caves_vins/external_hybrid_loftr_every1_jun22_cirs_s450_d30_fulllearned_every1_export/raw_segment_meta.json:10;logs/cirs_caves_vins/external_hybrid_loftr_every1_jun22_cirs_s450_d30_fulllearned_every1_export/raw_segment_meta.json:11;logs/cirs_caves_vins/external_hybrid_loftr_every1_jun22_cirs_s450_d30_fulllearned_every1_export/raw_segment_meta.json:12;logs/cirs_caves_vins/external_hybrid_loftr_every1_jun22_cirs_s450_d30_fulllearned_every1_export/raw_segment_meta.json:13;logs/cirs_caves_vins/external_hybrid_loftr_every1_jun22_cirs_s450_d30_fulllearned_every1_export/raw_segment_meta.json:14;logs/cirs_caves_vins/external_hybrid_loftr_every1_jun22_cirs_s450_d30_fulllearned_every1_export/raw_segment_meta.json:15;logs/cirs_caves_vins/external_hybrid_loftr_every1_jun22_cirs_s450_d30_fulllearned_every1_export/raw_segment_meta.json:16;...(+1290),Prior artifact or parameter/search reference found before P02 freeze; exclude exact window from confirmatory denominator.
cirs,cala_viuda,480,510,second,424,true,true,true,DEVELOPMENT_ONLY,logs/cirs_caves_vins/external_hybrid_loftr_every1_jun22_cirs_s480_d30_fulllearned_every1_export/cirs_cam0_pinhole.yaml;logs/cirs_caves_vins/external_hybrid_loftr_every1_jun22_cirs_s480_d30_fulllearned_every1_export/features.bag;logs/cirs_caves_vins/external_hybrid_loftr_every1_jun22_cirs_s480_d30_fulllearned_every1_export/frontend_metrics.csv;logs/cirs_caves_vins/external_hybrid_loftr_every1_jun22_cirs_s480_d30_fulllearned_every1_export/raw_segment_meta.json;logs/cirs_caves_vins/external_hybrid_loftr_every1_jun22_cirs_s480_d30_fulllearned_every1_export/raw_segment_meta.json:1;logs/cirs_caves_vins/external_hybrid_loftr_every1_jun22_cirs_s480_d30_fulllearned_every1_export/raw_segment_meta.json:10;logs/cirs_caves_vins/external_hybrid_loftr_every1_jun22_cirs_s480_d30_fulllearned_every1_export/raw_segment_meta.json:11;logs/cirs_caves_vins/external_hybrid_loftr_every1_jun22_cirs_s480_d30_fulllearned_every1_export/raw_segment_meta.json:12;logs/cirs_caves_vins/external_hybrid_loftr_every1_jun22_cirs_s480_d30_fulllearned_every1_export/raw_segment_meta.json:13;logs/cirs_caves_vins/external_hybrid_loftr_every1_jun22_cirs_s480_d30_fulllearned_every1_export/raw_segment_meta.json:14;logs/cirs_caves_vins/external_hybrid_loftr_every1_jun22_cirs_s480_d30_fulllearned_every1_export/raw_segment_meta.json:15;logs/cirs_caves_vins/external_hybrid_loftr_every1_jun22_cirs_s480_d30_fulllearned_every1_export/raw_segment_meta.json:16;...(+412),Prior artifact or parameter/search reference found before P02 freeze; exclude exact window from confirmatory denominator.
cirs,cala_viuda,510,540,second,706,true,true,true,DEVELOPMENT_ONLY,logs/cirs_caves_vins/external_hybrid_xfeat_every1_existing_jul14_recheck_cirs_s510_d30_full12_r1/ape.txt;logs/cirs_caves_vins/external_hybrid_xfeat_every1_existing_jul14_recheck_cirs_s510_d30_full12_r1/ape.txt:1;logs/cirs_caves_vins/external_hybrid_xfeat_every1_existing_jul14_recheck_cirs_s510_d30_full12_r1/ape.txt:10;logs/cirs_caves_vins/external_hybrid_xfeat_every1_existing_jul14_recheck_cirs_s510_d30_full12_r1/ape.txt:11;logs/cirs_caves_vins/external_hybrid_xfeat_every1_existing_jul14_recheck_cirs_s510_d30_full12_r1/ape.txt:12;logs/cirs_caves_vins/external_hybrid_xfeat_every1_existing_jul14_recheck_cirs_s510_d30_full12_r1/ape.txt:13;logs/cirs_caves_vins/external_hybrid_xfeat_every1_existing_jul14_recheck_cirs_s510_d30_full12_r1/ape.txt:14;logs/cirs_caves_vins/external_hybrid_xfeat_every1_existing_jul14_recheck_cirs_s510_d30_full12_r1/ape.txt:15;logs/cirs_caves_vins/external_hybrid_xfeat_every1_existing_jul14_recheck_cirs_s510_d30_full12_r1/ape.txt:16;logs/cirs_caves_vins/external_hybrid_xfeat_every1_existing_jul14_recheck_cirs_s510_d30_full12_r1/ape.txt:17;logs/cirs_caves_vins/external_hybrid_xfeat_every1_existing_jul14_recheck_cirs_s510_d30_full12_r1/ape.txt:18;logs/cirs_caves_vins/external_hybrid_xfeat_every1_existing_jul14_recheck_cirs_s510_d30_full12_r1/ape.txt:19;...(+694),Prior artifact or parameter/search reference found before P02 freeze; exclude exact window from confirmatory denominator.
cirs,cala_viuda,540,570,second,146,true,true,true,DEVELOPMENT_ONLY,logs/cirs_caves_vins/external_hybrid_xfeat_every1_jul07_nonoverlap_onlineprobe5_cirs_s540_d30/cirs_cam0_pinhole.yaml;logs/cirs_caves_vins/external_hybrid_xfeat_every1_jul07_nonoverlap_onlineprobe5_cirs_s540_d30/features.bag;logs/cirs_caves_vins/external_hybrid_xfeat_every1_jul07_nonoverlap_onlineprobe5_cirs_s540_d30/frontend_metrics.csv;logs/cirs_caves_vins/external_hybrid_xfeat_every1_jul07_nonoverlap_onlineprobe5_cirs_s540_d30/raw_segment.bag;logs/cirs_caves_vins/external_hybrid_xfeat_every1_jul07_nonoverlap_onlineprobe5_cirs_s540_d30/raw_segment_meta.json;logs/cirs_caves_vins/external_hybrid_xfeat_every1_jul07_nonoverlap_onlineprobe5_cirs_s540_d30/raw_segment_meta.json:1;logs/cirs_caves_vins/external_hybrid_xfeat_every1_jul07_nonoverlap_onlineprobe5_cirs_s540_d30/raw_segment_meta.json:10;logs/cirs_caves_vins/external_hybrid_xfeat_every1_jul07_nonoverlap_onlineprobe5_cirs_s540_d30/raw_segment_meta.json:11;logs/cirs_caves_vins/external_hybrid_xfeat_every1_jul07_nonoverlap_onlineprobe5_cirs_s540_d30/raw_segment_meta.json:12;logs/cirs_caves_vins/external_hybrid_xfeat_every1_jul07_nonoverlap_onlineprobe5_cirs_s540_d30/raw_segment_meta.json:13;logs/cirs_caves_vins/external_hybrid_xfeat_every1_jul07_nonoverlap_onlineprobe5_cirs_s540_d30/raw_segment_meta.json:14;logs/cirs_caves_vins/external_hybrid_xfeat_every1_jul07_nonoverlap_onlineprobe5_cirs_s540_d30/raw_segment_meta.json:15;...(+134),Prior artifact or parameter/search reference found before P02 freeze; exclude exact window from confirmatory denominator.
cirs,cala_viuda,560,590,second,99,true,true,true,DEVELOPMENT_ONLY,logs/cirs_caves_vins/external_hybrid_xfeat_every1_jul06_gap_cirs_s560_d30_probe_oldcontract_densecap/arbitration_summary.txt;logs/cirs_caves_vins/external_hybrid_xfeat_every1_jul06_gap_cirs_s560_d30_probe_oldcontract_densecap/arbitration_summary.txt:1;logs/cirs_caves_vins/external_hybrid_xfeat_every1_jul06_gap_cirs_s560_d30_probe_oldcontract_densecap/arbitration_summary.txt:10;logs/cirs_caves_vins/external_hybrid_xfeat_every1_jul06_gap_cirs_s560_d30_probe_oldcontract_densecap/arbitration_summary.txt:11;logs/cirs_caves_vins/external_hybrid_xfeat_every1_jul06_gap_cirs_s560_d30_probe_oldcontract_densecap/arbitration_summary.txt:12;logs/cirs_caves_vins/external_hybrid_xfeat_every1_jul06_gap_cirs_s560_d30_probe_oldcontract_densecap/arbitration_summary.txt:13;logs/cirs_caves_vins/external_hybrid_xfeat_every1_jul06_gap_cirs_s560_d30_probe_oldcontract_densecap/arbitration_summary.txt:14;logs/cirs_caves_vins/external_hybrid_xfeat_every1_jul06_gap_cirs_s560_d30_probe_oldcontract_densecap/arbitration_summary.txt:15;logs/cirs_caves_vins/external_hybrid_xfeat_every1_jul06_gap_cirs_s560_d30_probe_oldcontract_densecap/arbitration_summary.txt:16;logs/cirs_caves_vins/external_hybrid_xfeat_every1_jul06_gap_cirs_s560_d30_probe_oldcontract_densecap/arbitration_summary.txt:17;logs/cirs_caves_vins/external_hybrid_xfeat_every1_jul06_gap_cirs_s560_d30_probe_oldcontract_densecap/arbitration_summary.txt:18;logs/cirs_caves_vins/external_hybrid_xfeat_every1_jul06_gap_cirs_s560_d30_probe_oldcontract_densecap/arbitration_summary.txt:19;...(+87),Prior artifact or parameter/search reference found before P02 freeze; exclude exact window from confirmatory denominator.
cirs,cala_viuda,570,600,second,29,false,true,true,DEVELOPMENT_ONLY,logs/cirs_caves_vins/external_klt_every1_jun22_cirs_s570_d30_klt_every1_shift_probe/cirs_cam0_pinhole.yaml;logs/cirs_caves_vins/external_klt_every1_jun22_cirs_s570_d30_klt_every1_shift_probe/features.bag;logs/cirs_caves_vins/external_klt_every1_jun22_cirs_s570_d30_klt_every1_shift_probe/frontend_metrics.csv;logs/cirs_caves_vins/external_klt_every1_jun22_cirs_s570_d30_klt_every1_shift_probe/raw_segment_meta.json;logs/cirs_caves_vins/external_klt_every1_jun22_cirs_s570_d30_klt_every1_shift_probe/raw_segment_meta.json:1;logs/cirs_caves_vins/external_klt_every1_jun22_cirs_s570_d30_klt_every1_shift_probe/raw_segment_meta.json:10;logs/cirs_caves_vins/external_klt_every1_jun22_cirs_s570_d30_klt_every1_shift_probe/raw_segment_meta.json:11;logs/cirs_caves_vins/external_klt_every1_jun22_cirs_s570_d30_klt_every1_shift_probe/raw_segment_meta.json:12;logs/cirs_caves_vins/external_klt_every1_jun22_cirs_s570_d30_klt_every1_shift_probe/raw_segment_meta.json:13;logs/cirs_caves_vins/external_klt_every1_jun22_cirs_s570_d30_klt_every1_shift_probe/raw_segment_meta.json:14;logs/cirs_caves_vins/external_klt_every1_jun22_cirs_s570_d30_klt_every1_shift_probe/raw_segment_meta.json:15;logs/cirs_caves_vins/external_klt_every1_jun22_cirs_s570_d30_klt_every1_shift_probe/raw_segment_meta.json:16;...(+17),Prior artifact or parameter/search reference found before P02 freeze; exclude exact window from confirmatory denominator.
cirs,cala_viuda,575,605,second,2029,true,true,true,DEVELOPMENT_ONLY,logs/cirs_caves_vins/external_hybrid_xfeat_every1_existing_jul13_arbvg3_cirs_s575_d30_full5/ape.txt;logs/cirs_caves_vins/external_hybrid_xfeat_every1_existing_jul13_arbvg3_cirs_s575_d30_full5/ape.txt:1;logs/cirs_caves_vins/external_hybrid_xfeat_every1_existing_jul13_arbvg3_cirs_s575_d30_full5/ape.txt:10;logs/cirs_caves_vins/external_hybrid_xfeat_every1_existing_jul13_arbvg3_cirs_s575_d30_full5/ape.txt:11;logs/cirs_caves_vins/external_hybrid_xfeat_every1_existing_jul13_arbvg3_cirs_s575_d30_full5/ape.txt:12;logs/cirs_caves_vins/external_hybrid_xfeat_every1_existing_jul13_arbvg3_cirs_s575_d30_full5/ape.txt:13;logs/cirs_caves_vins/external_hybrid_xfeat_every1_existing_jul13_arbvg3_cirs_s575_d30_full5/ape.txt:14;logs/cirs_caves_vins/external_hybrid_xfeat_every1_existing_jul13_arbvg3_cirs_s575_d30_full5/ape.txt:15;logs/cirs_caves_vins/external_hybrid_xfeat_every1_existing_jul13_arbvg3_cirs_s575_d30_full5/ape.txt:16;logs/cirs_caves_vins/external_hybrid_xfeat_every1_existing_jul13_arbvg3_cirs_s575_d30_full5/ape.txt:17;logs/cirs_caves_vins/external_hybrid_xfeat_every1_existing_jul13_arbvg3_cirs_s575_d30_full5/ape.txt:18;logs/cirs_caves_vins/external_hybrid_xfeat_every1_existing_jul13_arbvg3_cirs_s575_d30_full5/ape.txt:19;...(+2017),Prior artifact or parameter/search reference found before P02 freeze; exclude exact window from confirmatory denominator.
cirs,cala_viuda,580,610,second,99,true,true,true,DEVELOPMENT_ONLY,logs/cirs_caves_vins/external_hybrid_xfeat_every1_jul06_gap_cirs_s580_d30_probe_oldcontract_densecap/arbitration_summary.txt;logs/cirs_caves_vins/external_hybrid_xfeat_every1_jul06_gap_cirs_s580_d30_probe_oldcontract_densecap/arbitration_summary.txt:1;logs/cirs_caves_vins/external_hybrid_xfeat_every1_jul06_gap_cirs_s580_d30_probe_oldcontract_densecap/arbitration_summary.txt:10;logs/cirs_caves_vins/external_hybrid_xfeat_every1_jul06_gap_cirs_s580_d30_probe_oldcontract_densecap/arbitration_summary.txt:11;logs/cirs_caves_vins/external_hybrid_xfeat_every1_jul06_gap_cirs_s580_d30_probe_oldcontract_densecap/arbitration_summary.txt:12;logs/cirs_caves_vins/external_hybrid_xfeat_every1_jul06_gap_cirs_s580_d30_probe_oldcontract_densecap/arbitration_summary.txt:13;logs/cirs_caves_vins/external_hybrid_xfeat_every1_jul06_gap_cirs_s580_d30_probe_oldcontract_densecap/arbitration_summary.txt:14;logs/cirs_caves_vins/external_hybrid_xfeat_every1_jul06_gap_cirs_s580_d30_probe_oldcontract_densecap/arbitration_summary.txt:15;logs/cirs_caves_vins/external_hybrid_xfeat_every1_jul06_gap_cirs_s580_d30_probe_oldcontract_densecap/arbitration_summary.txt:16;logs/cirs_caves_vins/external_hybrid_xfeat_every1_jul06_gap_cirs_s580_d30_probe_oldcontract_densecap/arbitration_summary.txt:17;logs/cirs_caves_vins/external_hybrid_xfeat_every1_jul06_gap_cirs_s580_d30_probe_oldcontract_densecap/arbitration_summary.txt:18;logs/cirs_caves_vins/external_hybrid_xfeat_every1_jul06_gap_cirs_s580_d30_probe_oldcontract_densecap/arbitration_summary.txt:19;...(+87),Prior artifact or parameter/search reference found before P02 freeze; exclude exact window from confirmatory denominator.
cirs,cala_viuda,60,110,second,1062,true,true,true,DEVELOPMENT_ONLY,logs/cirs_s60_d50_cirs_mirror6_export_summary.csv;logs/cirs_s60_d50_cirs_probe_export_summary.csv;logs/existing_featurebag_vins/cirs_s60_d50_mirror6_keep_early_q0p2/ape.txt;logs/existing_featurebag_vins/cirs_s60_d50_mirror6_keep_early_q0p2/ape.txt:1;logs/existing_featurebag_vins/cirs_s60_d50_mirror6_keep_early_q0p2/ape.txt:10;logs/existing_featurebag_vins/cirs_s60_d50_mirror6_keep_early_q0p2/ape.txt:11;logs/existing_featurebag_vins/cirs_s60_d50_mirror6_keep_early_q0p2/ape.txt:12;logs/existing_featurebag_vins/cirs_s60_d50_mirror6_keep_early_q0p2/ape.txt:13;logs/existing_featurebag_vins/cirs_s60_d50_mirror6_keep_early_q0p2/ape.txt:14;logs/existing_featurebag_vins/cirs_s60_d50_mirror6_keep_early_q0p2/ape.txt:15;logs/existing_featurebag_vins/cirs_s60_d50_mirror6_keep_early_q0p2/ape.txt:16;logs/existing_featurebag_vins/cirs_s60_d50_mirror6_keep_early_q0p2/ape.txt:17;...(+1050),Prior artifact or parameter/search reference found before P02 freeze; exclude exact window from confirmatory denominator.
cirs,cala_viuda,60,90,second,255,true,true,true,DEVELOPMENT_ONLY,logs/cirs_caves_vins/external_hybrid_xfeat_every1_jul08_nonoverlap_onlineprobe1_cirs_s60_d30/ape.txt;logs/cirs_caves_vins/external_hybrid_xfeat_every1_jul08_nonoverlap_onlineprobe1_cirs_s60_d30/ape.txt:1;logs/cirs_caves_vins/external_hybrid_xfeat_every1_jul08_nonoverlap_onlineprobe1_cirs_s60_d30/ape.txt:10;logs/cirs_caves_vins/external_hybrid_xfeat_every1_jul08_nonoverlap_onlineprobe1_cirs_s60_d30/ape.txt:11;logs/cirs_caves_vins/external_hybrid_xfeat_every1_jul08_nonoverlap_onlineprobe1_cirs_s60_d30/ape.txt:12;logs/cirs_caves_vins/external_hybrid_xfeat_every1_jul08_nonoverlap_onlineprobe1_cirs_s60_d30/ape.txt:13;logs/cirs_caves_vins/external_hybrid_xfeat_every1_jul08_nonoverlap_onlineprobe1_cirs_s60_d30/ape.txt:14;logs/cirs_caves_vins/external_hybrid_xfeat_every1_jul08_nonoverlap_onlineprobe1_cirs_s60_d30/ape.txt:15;logs/cirs_caves_vins/external_hybrid_xfeat_every1_jul08_nonoverlap_onlineprobe1_cirs_s60_d30/ape.txt:16;logs/cirs_caves_vins/external_hybrid_xfeat_every1_jul08_nonoverlap_onlineprobe1_cirs_s60_d30/ape.txt:17;logs/cirs_caves_vins/external_hybrid_xfeat_every1_jul08_nonoverlap_onlineprobe1_cirs_s60_d30/ape.txt:18;logs/cirs_caves_vins/external_hybrid_xfeat_every1_jul08_nonoverlap_onlineprobe1_cirs_s60_d30/ape.txt:19;...(+243),Prior artifact or parameter/search reference found before P02 freeze; exclude exact window from confirmatory denominator.
cirs,cala_viuda,600,630,second,750,true,true,true,DEVELOPMENT_ONLY,logs/cirs_caves_vins/external_hybrid_loftr_every1_jun22_cirs_s600_d30_fulllearned_every1_export/cirs_cam0_pinhole.yaml;logs/cirs_caves_vins/external_hybrid_loftr_every1_jun22_cirs_s600_d30_fulllearned_every1_export/features.bag;logs/cirs_caves_vins/external_hybrid_loftr_every1_jun22_cirs_s600_d30_fulllearned_every1_export/frontend_metrics.csv;logs/cirs_caves_vins/external_hybrid_loftr_every1_jun22_cirs_s600_d30_fulllearned_every1_export/raw_segment_meta.json;logs/cirs_caves_vins/external_hybrid_loftr_every1_jun22_cirs_s600_d30_fulllearned_every1_export/raw_segment_meta.json:1;logs/cirs_caves_vins/external_hybrid_loftr_every1_jun22_cirs_s600_d30_fulllearned_every1_export/raw_segment_meta.json:10;logs/cirs_caves_vins/external_hybrid_loftr_every1_jun22_cirs_s600_d30_fulllearned_every1_export/raw_segment_meta.json:11;logs/cirs_caves_vins/external_hybrid_loftr_every1_jun22_cirs_s600_d30_fulllearned_every1_export/raw_segment_meta.json:12;logs/cirs_caves_vins/external_hybrid_loftr_every1_jun22_cirs_s600_d30_fulllearned_every1_export/raw_segment_meta.json:13;logs/cirs_caves_vins/external_hybrid_loftr_every1_jun22_cirs_s600_d30_fulllearned_every1_export/raw_segment_meta.json:14;logs/cirs_caves_vins/external_hybrid_loftr_every1_jun22_cirs_s600_d30_fulllearned_every1_export/raw_segment_meta.json:15;logs/cirs_caves_vins/external_hybrid_loftr_every1_jun22_cirs_s600_d30_fulllearned_every1_export/raw_segment_meta.json:16;...(+738),Prior artifact or parameter/search reference found before P02 freeze; exclude exact window from confirmatory denominator.
cirs,cala_viuda,600,660,second,29,false,true,true,DEVELOPMENT_ONLY,logs/cirs_caves_vins/external_klt_every1_jun22_cirs_s600_d60_klt_every1_probe/cirs_cam0_pinhole.yaml;logs/cirs_caves_vins/external_klt_every1_jun22_cirs_s600_d60_klt_every1_probe/features.bag;logs/cirs_caves_vins/external_klt_every1_jun22_cirs_s600_d60_klt_every1_probe/frontend_metrics.csv;logs/cirs_caves_vins/external_klt_every1_jun22_cirs_s600_d60_klt_every1_probe/raw_segment_meta.json;logs/cirs_caves_vins/external_klt_every1_jun22_cirs_s600_d60_klt_every1_probe/raw_segment_meta.json:1;logs/cirs_caves_vins/external_klt_every1_jun22_cirs_s600_d60_klt_every1_probe/raw_segment_meta.json:10;logs/cirs_caves_vins/external_klt_every1_jun22_cirs_s600_d60_klt_every1_probe/raw_segment_meta.json:11;logs/cirs_caves_vins/external_klt_every1_jun22_cirs_s600_d60_klt_every1_probe/raw_segment_meta.json:12;logs/cirs_caves_vins/external_klt_every1_jun22_cirs_s600_d60_klt_every1_probe/raw_segment_meta.json:13;logs/cirs_caves_vins/external_klt_every1_jun22_cirs_s600_d60_klt_every1_probe/raw_segment_meta.json:14;logs/cirs_caves_vins/external_klt_every1_jun22_cirs_s600_d60_klt_every1_probe/raw_segment_meta.json:15;logs/cirs_caves_vins/external_klt_every1_jun22_cirs_s600_d60_klt_every1_probe/raw_segment_meta.json:16;...(+17),Prior artifact or parameter/search reference found before P02 freeze; exclude exact window from confirmatory denominator.
cirs,cala_viuda,620,650,second,99,true,true,true,DEVELOPMENT_ONLY,logs/cirs_caves_vins/external_hybrid_xfeat_every1_jul06_gap_cirs_s620_d30_probe_oldcontract_densecap/arbitration_summary.txt;logs/cirs_caves_vins/external_hybrid_xfeat_every1_jul06_gap_cirs_s620_d30_probe_oldcontract_densecap/arbitration_summary.txt:1;logs/cirs_caves_vins/external_hybrid_xfeat_every1_jul06_gap_cirs_s620_d30_probe_oldcontract_densecap/arbitration_summary.txt:10;logs/cirs_caves_vins/external_hybrid_xfeat_every1_jul06_gap_cirs_s620_d30_probe_oldcontract_densecap/arbitration_summary.txt:11;logs/cirs_caves_vins/external_hybrid_xfeat_every1_jul06_gap_cirs_s620_d30_probe_oldcontract_densecap/arbitration_summary.txt:12;logs/cirs_caves_vins/external_hybrid_xfeat_every1_jul06_gap_cirs_s620_d30_probe_oldcontract_densecap/arbitration_summary.txt:13;logs/cirs_caves_vins/external_hybrid_xfeat_every1_jul06_gap_cirs_s620_d30_probe_oldcontract_densecap/arbitration_summary.txt:14;logs/cirs_caves_vins/external_hybrid_xfeat_every1_jul06_gap_cirs_s620_d30_probe_oldcontract_densecap/arbitration_summary.txt:15;logs/cirs_caves_vins/external_hybrid_xfeat_every1_jul06_gap_cirs_s620_d30_probe_oldcontract_densecap/arbitration_summary.txt:16;logs/cirs_caves_vins/external_hybrid_xfeat_every1_jul06_gap_cirs_s620_d30_probe_oldcontract_densecap/arbitration_summary.txt:17;logs/cirs_caves_vins/external_hybrid_xfeat_every1_jul06_gap_cirs_s620_d30_probe_oldcontract_densecap/arbitration_summary.txt:18;logs/cirs_caves_vins/external_hybrid_xfeat_every1_jul06_gap_cirs_s620_d30_probe_oldcontract_densecap/arbitration_summary.txt:19;...(+87),Prior artifact or parameter/search reference found before P02 freeze; exclude exact window from confirmatory denominator.
cirs,cala_viuda,630,660,second,133,true,true,true,DEVELOPMENT_ONLY,logs/cirs_caves_vins/external_hybrid_loftr_every2_jun22_cirs_s630_d30_churn_export/cirs_cam0_pinhole.yaml;logs/cirs_caves_vins/external_hybrid_loftr_every2_jun22_cirs_s630_d30_churn_export/features.bag;logs/cirs_caves_vins/external_hybrid_loftr_every2_jun22_cirs_s630_d30_churn_export/frontend_metrics.csv;logs/cirs_caves_vins/external_hybrid_loftr_every2_jun22_cirs_s630_d30_churn_export/vins_cirs_external.yaml;logs/cirs_caves_vins/external_hybrid_xfeat_every1_jul15screen_cirs_s630_d30_probe/cirs_cam0_pinhole.yaml;logs/cirs_caves_vins/external_hybrid_xfeat_every1_jul15screen_cirs_s630_d30_probe/features.bag;logs/cirs_caves_vins/external_hybrid_xfeat_every1_jul15screen_cirs_s630_d30_probe/frontend_metrics.csv;logs/cirs_caves_vins/external_hybrid_xfeat_every1_jul15screen_cirs_s630_d30_probe/raw_segment.bag;logs/cirs_caves_vins/external_hybrid_xfeat_every1_jul15screen_cirs_s630_d30_probe/raw_segment_meta.json;logs/cirs_caves_vins/external_hybrid_xfeat_every1_jul15screen_cirs_s630_d30_probe/raw_segment_meta.json:1;logs/cirs_caves_vins/external_hybrid_xfeat_every1_jul15screen_cirs_s630_d30_probe/raw_segment_meta.json:10;logs/cirs_caves_vins/external_hybrid_xfeat_every1_jul15screen_cirs_s630_d30_probe/raw_segment_meta.json:11;...(+121),Prior artifact or parameter/search reference found before P02 freeze; exclude exact window from confirmatory denominator.
cirs,cala_viuda,630,690,second,82,true,true,true,DEVELOPMENT_ONLY,logs/cirs_caves_vins/external_klt_every1_jun22_cirs_s630_d60_klt_every1_probe/cirs_cam0_pinhole.yaml;logs/cirs_caves_vins/external_klt_every1_jun22_cirs_s630_d60_klt_every1_probe/features.bag;logs/cirs_caves_vins/external_klt_every1_jun22_cirs_s630_d60_klt_every1_probe/frontend_metrics.csv;logs/cirs_caves_vins/external_klt_every1_jun22_cirs_s630_d60_klt_every1_probe/raw_segment_meta.json;logs/cirs_caves_vins/external_klt_every1_jun22_cirs_s630_d60_klt_every1_probe/raw_segment_meta.json:1;logs/cirs_caves_vins/external_klt_every1_jun22_cirs_s630_d60_klt_every1_probe/raw_segment_meta.json:10;logs/cirs_caves_vins/external_klt_every1_jun22_cirs_s630_d60_klt_every1_probe/raw_segment_meta.json:11;logs/cirs_caves_vins/external_klt_every1_jun22_cirs_s630_d60_klt_every1_probe/raw_segment_meta.json:12;logs/cirs_caves_vins/external_klt_every1_jun22_cirs_s630_d60_klt_every1_probe/raw_segment_meta.json:13;logs/cirs_caves_vins/external_klt_every1_jun22_cirs_s630_d60_klt_every1_probe/raw_segment_meta.json:14;logs/cirs_caves_vins/external_klt_every1_jun22_cirs_s630_d60_klt_every1_probe/raw_segment_meta.json:15;logs/cirs_caves_vins/external_klt_every1_jun22_cirs_s630_d60_klt_every1_probe/raw_segment_meta.json:16;...(+70),Prior artifact or parameter/search reference found before P02 freeze; exclude exact window from confirmatory denominator.
cirs,cala_viuda,660,690,second,125,true,true,true,DEVELOPMENT_ONLY,logs/cirs_caves_vins/external_hybrid_loftr_every2_jun22_cirs_s660_d30_mirror6_probe/cirs_cam0_pinhole.yaml;logs/cirs_caves_vins/external_hybrid_loftr_every2_jun22_cirs_s660_d30_mirror6_probe/features.bag;logs/cirs_caves_vins/external_hybrid_loftr_every2_jun22_cirs_s660_d30_mirror6_probe/frontend_metrics.csv;logs/cirs_caves_vins/external_hybrid_loftr_every2_jun22_cirs_s660_d30_mirror6_probe/raw_segment_meta.json;logs/cirs_caves_vins/external_hybrid_loftr_every2_jun22_cirs_s660_d30_mirror6_probe/raw_segment_meta.json:1;logs/cirs_caves_vins/external_hybrid_loftr_every2_jun22_cirs_s660_d30_mirror6_probe/raw_segment_meta.json:10;logs/cirs_caves_vins/external_hybrid_loftr_every2_jun22_cirs_s660_d30_mirror6_probe/raw_segment_meta.json:11;logs/cirs_caves_vins/external_hybrid_loftr_every2_jun22_cirs_s660_d30_mirror6_probe/raw_segment_meta.json:12;logs/cirs_caves_vins/external_hybrid_loftr_every2_jun22_cirs_s660_d30_mirror6_probe/raw_segment_meta.json:13;logs/cirs_caves_vins/external_hybrid_loftr_every2_jun22_cirs_s660_d30_mirror6_probe/raw_segment_meta.json:14;logs/cirs_caves_vins/external_hybrid_loftr_every2_jun22_cirs_s660_d30_mirror6_probe/raw_segment_meta.json:15;logs/cirs_caves_vins/external_hybrid_loftr_every2_jun22_cirs_s660_d30_mirror6_probe/raw_segment_meta.json:16;...(+113),Prior artifact or parameter/search reference found before P02 freeze; exclude exact window from confirmatory denominator.
cirs,cala_viuda,660,720,second,82,true,true,true,DEVELOPMENT_ONLY,logs/cirs_caves_vins/external_klt_every1_jun22_cirs_s660_d60_klt_every1_probe/cirs_cam0_pinhole.yaml;logs/cirs_caves_vins/external_klt_every1_jun22_cirs_s660_d60_klt_every1_probe/features.bag;logs/cirs_caves_vins/external_klt_every1_jun22_cirs_s660_d60_klt_every1_probe/frontend_metrics.csv;logs/cirs_caves_vins/external_klt_every1_jun22_cirs_s660_d60_klt_every1_probe/raw_segment_meta.json;logs/cirs_caves_vins/external_klt_every1_jun22_cirs_s660_d60_klt_every1_probe/raw_segment_meta.json:1;logs/cirs_caves_vins/external_klt_every1_jun22_cirs_s660_d60_klt_every1_probe/raw_segment_meta.json:10;logs/cirs_caves_vins/external_klt_every1_jun22_cirs_s660_d60_klt_every1_probe/raw_segment_meta.json:11;logs/cirs_caves_vins/external_klt_every1_jun22_cirs_s660_d60_klt_every1_probe/raw_segment_meta.json:12;logs/cirs_caves_vins/external_klt_every1_jun22_cirs_s660_d60_klt_every1_probe/raw_segment_meta.json:13;logs/cirs_caves_vins/external_klt_every1_jun22_cirs_s660_d60_klt_every1_probe/raw_segment_meta.json:14;logs/cirs_caves_vins/external_klt_every1_jun22_cirs_s660_d60_klt_every1_probe/raw_segment_meta.json:15;logs/cirs_caves_vins/external_klt_every1_jun22_cirs_s660_d60_klt_every1_probe/raw_segment_meta.json:16;...(+70),Prior artifact or parameter/search reference found before P02 freeze; exclude exact window from confirmatory denominator.
cirs,cala_viuda,690,720,second,241,true,true,true,DEVELOPMENT_ONLY,logs/cirs_caves_vins/external_hybrid_loftr_every2_jun22_cirs_s690_d30_churn_export/cirs_cam0_pinhole.yaml;logs/cirs_caves_vins/external_hybrid_loftr_every2_jun22_cirs_s690_d30_churn_export/features.bag;logs/cirs_caves_vins/external_hybrid_loftr_every2_jun22_cirs_s690_d30_churn_export/frontend_metrics.csv;logs/cirs_caves_vins/external_hybrid_loftr_every2_jun22_cirs_s690_d30_churn_export/vins_cirs_external.yaml;logs/cirs_caves_vins/external_hybrid_loftr_every2_jun22_cirs_s690_d30_churn_nomotioncap_export/cirs_cam0_pinhole.yaml;logs/cirs_caves_vins/external_hybrid_loftr_every2_jun22_cirs_s690_d30_churn_nomotioncap_export/features.bag;logs/cirs_caves_vins/external_hybrid_loftr_every2_jun22_cirs_s690_d30_churn_nomotioncap_export/frontend_metrics.csv;logs/cirs_caves_vins/external_hybrid_loftr_every2_jun22_cirs_s690_d30_churn_nomotioncap_export/vins_cirs_external.yaml;logs/cirs_caves_vins/external_hybrid_xfeat_every1_jul07_nonoverlap_onlineprobe5_cirs_s690_d30/cirs_cam0_pinhole.yaml;logs/cirs_caves_vins/external_hybrid_xfeat_every1_jul07_nonoverlap_onlineprobe5_cirs_s690_d30/features.bag;logs/cirs_caves_vins/external_hybrid_xfeat_every1_jul07_nonoverlap_onlineprobe5_cirs_s690_d30/frontend_metrics.csv;logs/cirs_caves_vins/external_hybrid_xfeat_every1_jul07_nonoverlap_onlineprobe5_cirs_s690_d30/raw_segment.bag;...(+229),Prior artifact or parameter/search reference found before P02 freeze; exclude exact window from confirmatory denominator.
cirs,cala_viuda,690,750,second,29,false,true,true,DEVELOPMENT_ONLY,logs/cirs_caves_vins/external_klt_every1_jun22_cirs_s690_d60_klt_every1_probe/cirs_cam0_pinhole.yaml;logs/cirs_caves_vins/external_klt_every1_jun22_cirs_s690_d60_klt_every1_probe/features.bag;logs/cirs_caves_vins/external_klt_every1_jun22_cirs_s690_d60_klt_every1_probe/frontend_metrics.csv;logs/cirs_caves_vins/external_klt_every1_jun22_cirs_s690_d60_klt_every1_probe/raw_segment_meta.json;logs/cirs_caves_vins/external_klt_every1_jun22_cirs_s690_d60_klt_every1_probe/raw_segment_meta.json:1;logs/cirs_caves_vins/external_klt_every1_jun22_cirs_s690_d60_klt_every1_probe/raw_segment_meta.json:10;logs/cirs_caves_vins/external_klt_every1_jun22_cirs_s690_d60_klt_every1_probe/raw_segment_meta.json:11;logs/cirs_caves_vins/external_klt_every1_jun22_cirs_s690_d60_klt_every1_probe/raw_segment_meta.json:12;logs/cirs_caves_vins/external_klt_every1_jun22_cirs_s690_d60_klt_every1_probe/raw_segment_meta.json:13;logs/cirs_caves_vins/external_klt_every1_jun22_cirs_s690_d60_klt_every1_probe/raw_segment_meta.json:14;logs/cirs_caves_vins/external_klt_every1_jun22_cirs_s690_d60_klt_every1_probe/raw_segment_meta.json:15;logs/cirs_caves_vins/external_klt_every1_jun22_cirs_s690_d60_klt_every1_probe/raw_segment_meta.json:16;...(+17),Prior artifact or parameter/search reference found before P02 freeze; exclude exact window from confirmatory denominator.
cirs,cala_viuda,720,750,second,123,true,true,true,DEVELOPMENT_ONLY,logs/cirs_caves_vins/external_hybrid_loftr_every2_jun22_cirs_s720_d30_mirror6_probe/cirs_cam0_pinhole.yaml;logs/cirs_caves_vins/external_hybrid_loftr_every2_jun22_cirs_s720_d30_mirror6_probe/features.bag;logs/cirs_caves_vins/external_hybrid_loftr_every2_jun22_cirs_s720_d30_mirror6_probe/frontend_metrics.csv;logs/cirs_caves_vins/external_hybrid_loftr_every2_jun22_cirs_s720_d30_mirror6_probe/raw_segment_meta.json;logs/cirs_caves_vins/external_hybrid_loftr_every2_jun22_cirs_s720_d30_mirror6_probe/raw_segment_meta.json:1;logs/cirs_caves_vins/external_hybrid_loftr_every2_jun22_cirs_s720_d30_mirror6_probe/raw_segment_meta.json:10;logs/cirs_caves_vins/external_hybrid_loftr_every2_jun22_cirs_s720_d30_mirror6_probe/raw_segment_meta.json:11;logs/cirs_caves_vins/external_hybrid_loftr_every2_jun22_cirs_s720_d30_mirror6_probe/raw_segment_meta.json:12;logs/cirs_caves_vins/external_hybrid_loftr_every2_jun22_cirs_s720_d30_mirror6_probe/raw_segment_meta.json:13;logs/cirs_caves_vins/external_hybrid_loftr_every2_jun22_cirs_s720_d30_mirror6_probe/raw_segment_meta.json:14;logs/cirs_caves_vins/external_hybrid_loftr_every2_jun22_cirs_s720_d30_mirror6_probe/raw_segment_meta.json:15;logs/cirs_caves_vins/external_hybrid_loftr_every2_jun22_cirs_s720_d30_mirror6_probe/raw_segment_meta.json:16;...(+111),Prior artifact or parameter/search reference found before P02 freeze; exclude exact window from confirmatory denominator.
cirs,cala_viuda,733,763,second,86,true,true,false,DEVELOPMENT_ONLY,logs/cirs_caves_vins/external_hybrid_loftr_every2_jun22_cirs_s733_d30_churn_nomotioncap/cirs_cam0_pinhole.yaml;logs/cirs_caves_vins/external_hybrid_loftr_every2_jun22_cirs_s733_d30_churn_nomotioncap/drop_high_id_stats.csv;logs/cirs_caves_vins/external_hybrid_loftr_every2_jun22_cirs_s733_d30_churn_nomotioncap/features.bag;logs/cirs_caves_vins/external_hybrid_loftr_every2_jun22_cirs_s733_d30_churn_nomotioncap/features_drop_learned.bag;logs/cirs_caves_vins/external_hybrid_loftr_every2_jun22_cirs_s733_d30_churn_nomotioncap/frontend_metrics.csv;logs/cirs_caves_vins/external_hybrid_loftr_every2_jun22_cirs_s733_d30_churn_nomotioncap/vins_cirs_external.yaml;logs/cirs_caves_vins/external_hybrid_loftr_every2_jun22_cirs_s733_d30_churn_repro/cirs_cam0_pinhole.yaml;logs/cirs_caves_vins/external_hybrid_loftr_every2_jun22_cirs_s733_d30_churn_repro/features.bag;logs/cirs_caves_vins/external_hybrid_loftr_every2_jun22_cirs_s733_d30_churn_repro/frontend_metrics.csv;logs/cirs_caves_vins/external_hybrid_loftr_every2_jun22_cirs_s733_d30_churn_repro/raw_segment_meta.json;logs/cirs_caves_vins/external_hybrid_loftr_every2_jun22_cirs_s733_d30_churn_repro/raw_segment_meta.json:1;logs/cirs_caves_vins/external_hybrid_loftr_every2_jun22_cirs_s733_d30_churn_repro/raw_segment_meta.json:10;...(+74),Prior artifact or parameter/search reference found before P02 freeze; exclude exact window from confirmatory denominator.
cirs,cala_viuda,75,120,second,910,true,true,true,DEVELOPMENT_ONLY,logs/existing_featurebag_vins/cirs_s75_d45_mirror6_drop_learned/ape.txt;logs/existing_featurebag_vins/cirs_s75_d45_mirror6_drop_learned/ape.txt:1;logs/existing_featurebag_vins/cirs_s75_d45_mirror6_drop_learned/ape.txt:10;logs/existing_featurebag_vins/cirs_s75_d45_mirror6_drop_learned/ape.txt:11;logs/existing_featurebag_vins/cirs_s75_d45_mirror6_drop_learned/ape.txt:12;logs/existing_featurebag_vins/cirs_s75_d45_mirror6_drop_learned/ape.txt:13;logs/existing_featurebag_vins/cirs_s75_d45_mirror6_drop_learned/ape.txt:14;logs/existing_featurebag_vins/cirs_s75_d45_mirror6_drop_learned/ape.txt:15;logs/existing_featurebag_vins/cirs_s75_d45_mirror6_drop_learned/ape.txt:16;logs/existing_featurebag_vins/cirs_s75_d45_mirror6_drop_learned/ape.txt:17;logs/existing_featurebag_vins/cirs_s75_d45_mirror6_drop_learned/ape.txt:18;logs/existing_featurebag_vins/cirs_s75_d45_mirror6_drop_learned/ape.txt:19;...(+898),Prior artifact or parameter/search reference found before P02 freeze; exclude exact window from confirmatory denominator.
cirs,cala_viuda,750,780,second,454,true,true,true,DEVELOPMENT_ONLY,logs/cirs_caves_vins/external_hybrid_loftr_every1_jun22_cirs_s750_d30_fulllearned_every1_export/cirs_cam0_pinhole.yaml;logs/cirs_caves_vins/external_hybrid_loftr_every1_jun22_cirs_s750_d30_fulllearned_every1_export/features.bag;logs/cirs_caves_vins/external_hybrid_loftr_every1_jun22_cirs_s750_d30_fulllearned_every1_export/frontend_metrics.csv;logs/cirs_caves_vins/external_hybrid_loftr_every1_jun22_cirs_s750_d30_fulllearned_every1_export/raw_segment_meta.json;logs/cirs_caves_vins/external_hybrid_loftr_every1_jun22_cirs_s750_d30_fulllearned_every1_export/raw_segment_meta.json:1;logs/cirs_caves_vins/external_hybrid_loftr_every1_jun22_cirs_s750_d30_fulllearned_every1_export/raw_segment_meta.json:10;logs/cirs_caves_vins/external_hybrid_loftr_every1_jun22_cirs_s750_d30_fulllearned_every1_export/raw_segment_meta.json:11;logs/cirs_caves_vins/external_hybrid_loftr_every1_jun22_cirs_s750_d30_fulllearned_every1_export/raw_segment_meta.json:12;logs/cirs_caves_vins/external_hybrid_loftr_every1_jun22_cirs_s750_d30_fulllearned_every1_export/raw_segment_meta.json:13;logs/cirs_caves_vins/external_hybrid_loftr_every1_jun22_cirs_s750_d30_fulllearned_every1_export/raw_segment_meta.json:14;logs/cirs_caves_vins/external_hybrid_loftr_every1_jun22_cirs_s750_d30_fulllearned_every1_export/raw_segment_meta.json:15;logs/cirs_caves_vins/external_hybrid_loftr_every1_jun22_cirs_s750_d30_fulllearned_every1_export/raw_segment_meta.json:16;...(+442),Prior artifact or parameter/search reference found before P02 freeze; exclude exact window from confirmatory denominator.
cirs,cala_viuda,780,810,second,156,true,true,true,DEVELOPMENT_ONLY,logs/cirs_caves_vins/external_hybrid_loftr_every2_jun22_cirs_s780_d30_churn_nomotioncap_export/cirs_cam0_pinhole.yaml;logs/cirs_caves_vins/external_hybrid_loftr_every2_jun22_cirs_s780_d30_churn_nomotioncap_export/drop_high_id_stats.csv;logs/cirs_caves_vins/external_hybrid_loftr_every2_jun22_cirs_s780_d30_churn_nomotioncap_export/features.bag;logs/cirs_caves_vins/external_hybrid_loftr_every2_jun22_cirs_s780_d30_churn_nomotioncap_export/features_drop_learned.bag;logs/cirs_caves_vins/external_hybrid_loftr_every2_jun22_cirs_s780_d30_churn_nomotioncap_export/frontend_metrics.csv;logs/cirs_caves_vins/external_hybrid_loftr_every2_jun22_cirs_s780_d30_churn_nomotioncap_export/vins_cirs_external.yaml;logs/cirs_caves_vins/external_hybrid_xfeat_every1_jul07_nonoverlap_onlineprobe_cirs_s780_d30/cirs_cam0_pinhole.yaml;logs/cirs_caves_vins/external_hybrid_xfeat_every1_jul07_nonoverlap_onlineprobe_cirs_s780_d30/features.bag;logs/cirs_caves_vins/external_hybrid_xfeat_every1_jul07_nonoverlap_onlineprobe_cirs_s780_d30/frontend_metrics.csv;logs/cirs_caves_vins/external_hybrid_xfeat_every1_jul07_nonoverlap_onlineprobe_cirs_s780_d30/raw_segment.bag;logs/cirs_caves_vins/external_hybrid_xfeat_every1_jul07_nonoverlap_onlineprobe_cirs_s780_d30/raw_segment_meta.json;logs/cirs_caves_vins/external_hybrid_xfeat_every1_jul07_nonoverlap_onlineprobe_cirs_s780_d30/raw_segment_meta.json:1;...(+144),Prior artifact or parameter/search reference found before P02 freeze; exclude exact window from confirmatory denominator.
cirs,cala_viuda,80,110,second,106,true,true,true,DEVELOPMENT_ONLY,logs/existing_featurebag_vins/cirs_s80_d30_mirror6_drop_learned/ape.txt;logs/existing_featurebag_vins/cirs_s80_d30_mirror6_drop_learned/ape.txt:1;logs/existing_featurebag_vins/cirs_s80_d30_mirror6_drop_learned/ape.txt:10;logs/existing_featurebag_vins/cirs_s80_d30_mirror6_drop_learned/ape.txt:11;logs/existing_featurebag_vins/cirs_s80_d30_mirror6_drop_learned/ape.txt:12;logs/existing_featurebag_vins/cirs_s80_d30_mirror6_drop_learned/ape.txt:13;logs/existing_featurebag_vins/cirs_s80_d30_mirror6_drop_learned/ape.txt:14;logs/existing_featurebag_vins/cirs_s80_d30_mirror6_drop_learned/ape.txt:15;logs/existing_featurebag_vins/cirs_s80_d30_mirror6_drop_learned/ape.txt:16;logs/existing_featurebag_vins/cirs_s80_d30_mirror6_drop_learned/ape.txt:17;logs/existing_featurebag_vins/cirs_s80_d30_mirror6_drop_learned/ape.txt:18;logs/existing_featurebag_vins/cirs_s80_d30_mirror6_drop_learned/ape.txt:19;...(+94),Prior artifact or parameter/search reference found before P02 freeze; exclude exact window from confirmatory denominator.
cirs,cala_viuda,810,840,second,66,true,true,true,DEVELOPMENT_ONLY,logs/cirs_caves_vins/external_hybrid_xfeat_every1_jul07_nonoverlap_onlineprobe5_cirs_s810_d30/cirs_cam0_pinhole.yaml;logs/cirs_caves_vins/external_hybrid_xfeat_every1_jul07_nonoverlap_onlineprobe5_cirs_s810_d30/features.bag;logs/cirs_caves_vins/external_hybrid_xfeat_every1_jul07_nonoverlap_onlineprobe5_cirs_s810_d30/frontend_metrics.csv;logs/cirs_caves_vins/external_hybrid_xfeat_every1_jul07_nonoverlap_onlineprobe5_cirs_s810_d30/raw_segment.bag;logs/cirs_caves_vins/external_hybrid_xfeat_every1_jul07_nonoverlap_onlineprobe5_cirs_s810_d30/raw_segment_meta.json;logs/cirs_caves_vins/external_hybrid_xfeat_every1_jul07_nonoverlap_onlineprobe5_cirs_s810_d30/raw_segment_meta.json:1;logs/cirs_caves_vins/external_hybrid_xfeat_every1_jul07_nonoverlap_onlineprobe5_cirs_s810_d30/raw_segment_meta.json:10;logs/cirs_caves_vins/external_hybrid_xfeat_every1_jul07_nonoverlap_onlineprobe5_cirs_s810_d30/raw_segment_meta.json:11;logs/cirs_caves_vins/external_hybrid_xfeat_every1_jul07_nonoverlap_onlineprobe5_cirs_s810_d30/raw_segment_meta.json:12;logs/cirs_caves_vins/external_hybrid_xfeat_every1_jul07_nonoverlap_onlineprobe5_cirs_s810_d30/raw_segment_meta.json:13;logs/cirs_caves_vins/external_hybrid_xfeat_every1_jul07_nonoverlap_onlineprobe5_cirs_s810_d30/raw_segment_meta.json:14;logs/cirs_caves_vins/external_hybrid_xfeat_every1_jul07_nonoverlap_onlineprobe5_cirs_s810_d30/raw_segment_meta.json:15;...(+54),Prior artifact or parameter/search reference found before P02 freeze; exclude exact window from confirmatory denominator.
cirs,cala_viuda,840,870,second,1632,true,true,true,DEVELOPMENT_ONLY,logs/cirs_caves_vins/external_hybrid_loftr_every1_jun22_cirs_s840_d30_fulllearned_every1_export/cirs_cam0_pinhole.yaml;logs/cirs_caves_vins/external_hybrid_loftr_every1_jun22_cirs_s840_d30_fulllearned_every1_export/features.bag;logs/cirs_caves_vins/external_hybrid_loftr_every1_jun22_cirs_s840_d30_fulllearned_every1_export/frontend_metrics.csv;logs/cirs_caves_vins/external_hybrid_loftr_every1_jun22_cirs_s840_d30_fulllearned_every1_export/raw_segment_meta.json;logs/cirs_caves_vins/external_hybrid_loftr_every1_jun22_cirs_s840_d30_fulllearned_every1_export/raw_segment_meta.json:1;logs/cirs_caves_vins/external_hybrid_loftr_every1_jun22_cirs_s840_d30_fulllearned_every1_export/raw_segment_meta.json:10;logs/cirs_caves_vins/external_hybrid_loftr_every1_jun22_cirs_s840_d30_fulllearned_every1_export/raw_segment_meta.json:11;logs/cirs_caves_vins/external_hybrid_loftr_every1_jun22_cirs_s840_d30_fulllearned_every1_export/raw_segment_meta.json:12;logs/cirs_caves_vins/external_hybrid_loftr_every1_jun22_cirs_s840_d30_fulllearned_every1_export/raw_segment_meta.json:13;logs/cirs_caves_vins/external_hybrid_loftr_every1_jun22_cirs_s840_d30_fulllearned_every1_export/raw_segment_meta.json:14;logs/cirs_caves_vins/external_hybrid_loftr_every1_jun22_cirs_s840_d30_fulllearned_every1_export/raw_segment_meta.json:15;logs/cirs_caves_vins/external_hybrid_loftr_every1_jun22_cirs_s840_d30_fulllearned_every1_export/raw_segment_meta.json:16;...(+1620),Prior artifact or parameter/search reference found before P02 freeze; exclude exact window from confirmatory denominator.
cirs,cala_viuda,870,900,second,220,true,true,true,DEVELOPMENT_ONLY,logs/cirs_caves_vins/external_hybrid_xfeat_every1_jul07_nonoverlap_onlineprobe5_cirs_s870_d30/ape.txt;logs/cirs_caves_vins/external_hybrid_xfeat_every1_jul07_nonoverlap_onlineprobe5_cirs_s870_d30/ape.txt:1;logs/cirs_caves_vins/external_hybrid_xfeat_every1_jul07_nonoverlap_onlineprobe5_cirs_s870_d30/ape.txt:10;logs/cirs_caves_vins/external_hybrid_xfeat_every1_jul07_nonoverlap_onlineprobe5_cirs_s870_d30/ape.txt:11;logs/cirs_caves_vins/external_hybrid_xfeat_every1_jul07_nonoverlap_onlineprobe5_cirs_s870_d30/ape.txt:12;logs/cirs_caves_vins/external_hybrid_xfeat_every1_jul07_nonoverlap_onlineprobe5_cirs_s870_d30/ape.txt:13;logs/cirs_caves_vins/external_hybrid_xfeat_every1_jul07_nonoverlap_onlineprobe5_cirs_s870_d30/ape.txt:14;logs/cirs_caves_vins/external_hybrid_xfeat_every1_jul07_nonoverlap_onlineprobe5_cirs_s870_d30/ape.txt:15;logs/cirs_caves_vins/external_hybrid_xfeat_every1_jul07_nonoverlap_onlineprobe5_cirs_s870_d30/ape.txt:16;logs/cirs_caves_vins/external_hybrid_xfeat_every1_jul07_nonoverlap_onlineprobe5_cirs_s870_d30/ape.txt:17;logs/cirs_caves_vins/external_hybrid_xfeat_every1_jul07_nonoverlap_onlineprobe5_cirs_s870_d30/ape.txt:18;logs/cirs_caves_vins/external_hybrid_xfeat_every1_jul07_nonoverlap_onlineprobe5_cirs_s870_d30/ape.txt:19;...(+208),Prior artifact or parameter/search reference found before P02 freeze; exclude exact window from confirmatory denominator.
cirs,cala_viuda,880,910,second,99,true,true,true,DEVELOPMENT_ONLY,logs/cirs_caves_vins/external_hybrid_xfeat_every1_jul06_gap_cirs_s880_d30_probe_oldcontract_densecap/arbitration_summary.txt;logs/cirs_caves_vins/external_hybrid_xfeat_every1_jul06_gap_cirs_s880_d30_probe_oldcontract_densecap/arbitration_summary.txt:1;logs/cirs_caves_vins/external_hybrid_xfeat_every1_jul06_gap_cirs_s880_d30_probe_oldcontract_densecap/arbitration_summary.txt:10;logs/cirs_caves_vins/external_hybrid_xfeat_every1_jul06_gap_cirs_s880_d30_probe_oldcontract_densecap/arbitration_summary.txt:11;logs/cirs_caves_vins/external_hybrid_xfeat_every1_jul06_gap_cirs_s880_d30_probe_oldcontract_densecap/arbitration_summary.txt:12;logs/cirs_caves_vins/external_hybrid_xfeat_every1_jul06_gap_cirs_s880_d30_probe_oldcontract_densecap/arbitration_summary.txt:13;logs/cirs_caves_vins/external_hybrid_xfeat_every1_jul06_gap_cirs_s880_d30_probe_oldcontract_densecap/arbitration_summary.txt:14;logs/cirs_caves_vins/external_hybrid_xfeat_every1_jul06_gap_cirs_s880_d30_probe_oldcontract_densecap/arbitration_summary.txt:15;logs/cirs_caves_vins/external_hybrid_xfeat_every1_jul06_gap_cirs_s880_d30_probe_oldcontract_densecap/arbitration_summary.txt:16;logs/cirs_caves_vins/external_hybrid_xfeat_every1_jul06_gap_cirs_s880_d30_probe_oldcontract_densecap/arbitration_summary.txt:17;logs/cirs_caves_vins/external_hybrid_xfeat_every1_jul06_gap_cirs_s880_d30_probe_oldcontract_densecap/arbitration_summary.txt:18;logs/cirs_caves_vins/external_hybrid_xfeat_every1_jul06_gap_cirs_s880_d30_probe_oldcontract_densecap/arbitration_summary.txt:19;...(+87),Prior artifact or parameter/search reference found before P02 freeze; exclude exact window from confirmatory denominator.
cirs,cala_viuda,90,120,second,285,true,true,true,DEVELOPMENT_ONLY,logs/cirs_caves_vins/external_hybrid_xfeat_every1_jul08_nonoverlap_onlineprobe1_cirs_s90_d30/cirs_cam0_pinhole.yaml;logs/cirs_caves_vins/external_hybrid_xfeat_every1_jul08_nonoverlap_onlineprobe1_cirs_s90_d30/features.bag;logs/cirs_caves_vins/external_hybrid_xfeat_every1_jul08_nonoverlap_onlineprobe1_cirs_s90_d30/frontend_metrics.csv;logs/cirs_caves_vins/external_hybrid_xfeat_every1_jul08_nonoverlap_onlineprobe1_cirs_s90_d30/raw_segment.bag;logs/cirs_caves_vins/external_hybrid_xfeat_every1_jul08_nonoverlap_onlineprobe1_cirs_s90_d30/raw_segment_meta.json;logs/cirs_caves_vins/external_hybrid_xfeat_every1_jul08_nonoverlap_onlineprobe1_cirs_s90_d30/raw_segment_meta.json:1;logs/cirs_caves_vins/external_hybrid_xfeat_every1_jul08_nonoverlap_onlineprobe1_cirs_s90_d30/raw_segment_meta.json:10;logs/cirs_caves_vins/external_hybrid_xfeat_every1_jul08_nonoverlap_onlineprobe1_cirs_s90_d30/raw_segment_meta.json:11;logs/cirs_caves_vins/external_hybrid_xfeat_every1_jul08_nonoverlap_onlineprobe1_cirs_s90_d30/raw_segment_meta.json:12;logs/cirs_caves_vins/external_hybrid_xfeat_every1_jul08_nonoverlap_onlineprobe1_cirs_s90_d30/raw_segment_meta.json:13;logs/cirs_caves_vins/external_hybrid_xfeat_every1_jul08_nonoverlap_onlineprobe1_cirs_s90_d30/raw_segment_meta.json:14;logs/cirs_caves_vins/external_hybrid_xfeat_every1_jul08_nonoverlap_onlineprobe1_cirs_s90_d30/raw_segment_meta.json:15;...(+273),Prior artifact or parameter/search reference found before P02 freeze; exclude exact window from confirmatory denominator.
cirs,cala_viuda,900,930,second,2990,true,true,true,DEVELOPMENT_ONLY,logs/cirs_caves_vins/external_hybrid_loftr_every1_jun22_cirs_s900_d30_fulllearned_every1_export/cirs_cam0_pinhole.yaml;logs/cirs_caves_vins/external_hybrid_loftr_every1_jun22_cirs_s900_d30_fulllearned_every1_export/features.bag;logs/cirs_caves_vins/external_hybrid_loftr_every1_jun22_cirs_s900_d30_fulllearned_every1_export/frontend_metrics.csv;logs/cirs_caves_vins/external_hybrid_loftr_every1_jun22_cirs_s900_d30_fulllearned_every1_export/raw_segment_meta.json;logs/cirs_caves_vins/external_hybrid_loftr_every1_jun22_cirs_s900_d30_fulllearned_every1_export/raw_segment_meta.json:1;logs/cirs_caves_vins/external_hybrid_loftr_every1_jun22_cirs_s900_d30_fulllearned_every1_export/raw_segment_meta.json:10;logs/cirs_caves_vins/external_hybrid_loftr_every1_jun22_cirs_s900_d30_fulllearned_every1_export/raw_segment_meta.json:11;logs/cirs_caves_vins/external_hybrid_loftr_every1_jun22_cirs_s900_d30_fulllearned_every1_export/raw_segment_meta.json:12;logs/cirs_caves_vins/external_hybrid_loftr_every1_jun22_cirs_s900_d30_fulllearned_every1_export/raw_segment_meta.json:13;logs/cirs_caves_vins/external_hybrid_loftr_every1_jun22_cirs_s900_d30_fulllearned_every1_export/raw_segment_meta.json:14;logs/cirs_caves_vins/external_hybrid_loftr_every1_jun22_cirs_s900_d30_fulllearned_every1_export/raw_segment_meta.json:15;logs/cirs_caves_vins/external_hybrid_loftr_every1_jun22_cirs_s900_d30_fulllearned_every1_export/raw_segment_meta.json:16;...(+2978),Prior artifact or parameter/search reference found before P02 freeze; exclude exact window from confirmatory denominator.
cirs,cala_viuda,920,950,second,99,true,true,true,DEVELOPMENT_ONLY,logs/cirs_caves_vins/external_hybrid_xfeat_every1_jul06_gap_cirs_s920_d30_probe_oldcontract_densecap/arbitration_summary.txt;logs/cirs_caves_vins/external_hybrid_xfeat_every1_jul06_gap_cirs_s920_d30_probe_oldcontract_densecap/arbitration_summary.txt:1;logs/cirs_caves_vins/external_hybrid_xfeat_every1_jul06_gap_cirs_s920_d30_probe_oldcontract_densecap/arbitration_summary.txt:10;logs/cirs_caves_vins/external_hybrid_xfeat_every1_jul06_gap_cirs_s920_d30_probe_oldcontract_densecap/arbitration_summary.txt:11;logs/cirs_caves_vins/external_hybrid_xfeat_every1_jul06_gap_cirs_s920_d30_probe_oldcontract_densecap/arbitration_summary.txt:12;logs/cirs_caves_vins/external_hybrid_xfeat_every1_jul06_gap_cirs_s920_d30_probe_oldcontract_densecap/arbitration_summary.txt:13;logs/cirs_caves_vins/external_hybrid_xfeat_every1_jul06_gap_cirs_s920_d30_probe_oldcontract_densecap/arbitration_summary.txt:14;logs/cirs_caves_vins/external_hybrid_xfeat_every1_jul06_gap_cirs_s920_d30_probe_oldcontract_densecap/arbitration_summary.txt:15;logs/cirs_caves_vins/external_hybrid_xfeat_every1_jul06_gap_cirs_s920_d30_probe_oldcontract_densecap/arbitration_summary.txt:16;logs/cirs_caves_vins/external_hybrid_xfeat_every1_jul06_gap_cirs_s920_d30_probe_oldcontract_densecap/arbitration_summary.txt:17;logs/cirs_caves_vins/external_hybrid_xfeat_every1_jul06_gap_cirs_s920_d30_probe_oldcontract_densecap/arbitration_summary.txt:18;logs/cirs_caves_vins/external_hybrid_xfeat_every1_jul06_gap_cirs_s920_d30_probe_oldcontract_densecap/arbitration_summary.txt:19;...(+87),Prior artifact or parameter/search reference found before P02 freeze; exclude exact window from confirmatory denominator.
cirs,cala_viuda,960,990,second,1797,true,true,true,DEVELOPMENT_ONLY,logs/cirs_caves_vins/external_hybrid_loftr_every1_jun22_cirs_s960_d30_fulllearned_every1_export/cirs_cam0_pinhole.yaml;logs/cirs_caves_vins/external_hybrid_loftr_every1_jun22_cirs_s960_d30_fulllearned_every1_export/features.bag;logs/cirs_caves_vins/external_hybrid_loftr_every1_jun22_cirs_s960_d30_fulllearned_every1_export/frontend_metrics.csv;logs/cirs_caves_vins/external_hybrid_loftr_every1_jun22_cirs_s960_d30_fulllearned_every1_export/raw_segment_meta.json;logs/cirs_caves_vins/external_hybrid_loftr_every1_jun22_cirs_s960_d30_fulllearned_every1_export/raw_segment_meta.json:1;logs/cirs_caves_vins/external_hybrid_loftr_every1_jun22_cirs_s960_d30_fulllearned_every1_export/raw_segment_meta.json:10;logs/cirs_caves_vins/external_hybrid_loftr_every1_jun22_cirs_s960_d30_fulllearned_every1_export/raw_segment_meta.json:11;logs/cirs_caves_vins/external_hybrid_loftr_every1_jun22_cirs_s960_d30_fulllearned_every1_export/raw_segment_meta.json:12;logs/cirs_caves_vins/external_hybrid_loftr_every1_jun22_cirs_s960_d30_fulllearned_every1_export/raw_segment_meta.json:13;logs/cirs_caves_vins/external_hybrid_loftr_every1_jun22_cirs_s960_d30_fulllearned_every1_export/raw_segment_meta.json:14;logs/cirs_caves_vins/external_hybrid_loftr_every1_jun22_cirs_s960_d30_fulllearned_every1_export/raw_segment_meta.json:15;logs/cirs_caves_vins/external_hybrid_loftr_every1_jun22_cirs_s960_d30_fulllearned_every1_export/raw_segment_meta.json:16;...(+1785),Prior artifact or parameter/search reference found before P02 freeze; exclude exact window from confirmatory denominator.
cirs,cala_viuda,990,1020,second,66,true,true,true,DEVELOPMENT_ONLY,logs/cirs_caves_vins/external_hybrid_xfeat_every1_jul07_nonoverlap_onlineprobe5_cirs_s990_d30/cirs_cam0_pinhole.yaml;logs/cirs_caves_vins/external_hybrid_xfeat_every1_jul07_nonoverlap_onlineprobe5_cirs_s990_d30/features.bag;logs/cirs_caves_vins/external_hybrid_xfeat_every1_jul07_nonoverlap_onlineprobe5_cirs_s990_d30/frontend_metrics.csv;logs/cirs_caves_vins/external_hybrid_xfeat_every1_jul07_nonoverlap_onlineprobe5_cirs_s990_d30/raw_segment.bag;logs/cirs_caves_vins/external_hybrid_xfeat_every1_jul07_nonoverlap_onlineprobe5_cirs_s990_d30/raw_segment_meta.json;logs/cirs_caves_vins/external_hybrid_xfeat_every1_jul07_nonoverlap_onlineprobe5_cirs_s990_d30/raw_segment_meta.json:1;logs/cirs_caves_vins/external_hybrid_xfeat_every1_jul07_nonoverlap_onlineprobe5_cirs_s990_d30/raw_segment_meta.json:10;logs/cirs_caves_vins/external_hybrid_xfeat_every1_jul07_nonoverlap_onlineprobe5_cirs_s990_d30/raw_segment_meta.json:11;logs/cirs_caves_vins/external_hybrid_xfeat_every1_jul07_nonoverlap_onlineprobe5_cirs_s990_d30/raw_segment_meta.json:12;logs/cirs_caves_vins/external_hybrid_xfeat_every1_jul07_nonoverlap_onlineprobe5_cirs_s990_d30/raw_segment_meta.json:13;logs/cirs_caves_vins/external_hybrid_xfeat_every1_jul07_nonoverlap_onlineprobe5_cirs_s990_d30/raw_segment_meta.json:14;logs/cirs_caves_vins/external_hybrid_xfeat_every1_jul07_nonoverlap_onlineprobe5_cirs_s990_d30/raw_segment_meta.json:15;...(+54),Prior artifact or parameter/search reference found before P02 freeze; exclude exact window from confirmatory denominator.
ntnu,fjord_1,0,10,second,908,true,true,true,DEVELOPMENT_ONLY,logs/ntnu_vins/external_hybrid_xfeat_every2_jul18causal_fjord1_s0_d10_full_r1/ape.txt;logs/ntnu_vins/external_hybrid_xfeat_every2_jul18causal_fjord1_s0_d10_full_r1/ape.txt:1;logs/ntnu_vins/external_hybrid_xfeat_every2_jul18causal_fjord1_s0_d10_full_r1/ape.txt:10;logs/ntnu_vins/external_hybrid_xfeat_every2_jul18causal_fjord1_s0_d10_full_r1/ape.txt:11;logs/ntnu_vins/external_hybrid_xfeat_every2_jul18causal_fjord1_s0_d10_full_r1/ape.txt:12;logs/ntnu_vins/external_hybrid_xfeat_every2_jul18causal_fjord1_s0_d10_full_r1/ape.txt:13;logs/ntnu_vins/external_hybrid_xfeat_every2_jul18causal_fjord1_s0_d10_full_r1/ape.txt:14;logs/ntnu_vins/external_hybrid_xfeat_every2_jul18causal_fjord1_s0_d10_full_r1/ape.txt:15;logs/ntnu_vins/external_hybrid_xfeat_every2_jul18causal_fjord1_s0_d10_full_r1/ape.txt:16;logs/ntnu_vins/external_hybrid_xfeat_every2_jul18causal_fjord1_s0_d10_full_r1/ape.txt:17;logs/ntnu_vins/external_hybrid_xfeat_every2_jul18causal_fjord1_s0_d10_full_r1/ape.txt:18;logs/ntnu_vins/external_hybrid_xfeat_every2_jul18causal_fjord1_s0_d10_full_r1/ape.txt:19;...(+896),Prior artifact or parameter/search reference found before P02 freeze; exclude exact window from confirmatory denominator.
ntnu,fjord_1,0,120,second,23,true,true,true,DEVELOPMENT_ONLY,logs/agent_low_texture_candidates.md:128;logs/cross_dataset_extra_frontend/ntnu_fjord1_0_120_klt_adaptive.csv;logs/cross_dataset_extra_frontend/ntnu_fjord1_0_120_loftr_extreme_sp_lg.csv;logs/cross_dataset_extra_frontend/ntnu_fjord1_0_120_normal_safe_sp_lg.csv;logs/cross_dataset_more_positive_20260518/non_aqualoc_positive_evidence.md:22;logs/cross_dataset_more_positive_20260518/non_aqualoc_positive_evidence.md:23;logs/cross_dataset_more_positive_20260518/non_aqualoc_positive_evidence.md:24;logs/cross_dataset_more_positive_20260518/non_aqualoc_positive_evidence.md:35;logs/cross_dataset_more_positive_20260518/ntnu_fjord1_0_120_0_119_full_xfeat_loftr.csv;logs/cross_dataset_more_positive_20260518/ntnu_fjord1_0_120_0_119_klt_adaptive_clahe.csv;logs/cross_dataset_more_positive_20260518/ntnu_fjord1_0_120_0_119_loftr_extreme_sp_lg.csv;logs/cross_dataset_more_positive_20260518/ntnu_fjord1_0_120_0_119_normal_safe_sp_lg.csv;...(+11),Prior artifact or parameter/search reference found before P02 freeze; exclude exact window from confirmatory denominator.
ntnu,fjord_1,0,20,second,393,true,true,true,DEVELOPMENT_ONLY,logs/counterexample_registry_20260611.md:27;logs/cross_dataset_evidence_inventory_20260607.md:35;logs/jun07_v34_budget_gate_validation.md:20;logs/jun07_v34_budget_gate_validation.md:21;logs/jun07_v34_budget_gate_validation.md:29;logs/jun07_v34_budget_gate_validation.md:30;logs/jun11_ntnu_fjord1_s0_d20_klt_vs_loftr_v34_bagdiff.csv;logs/jun11_ntnu_fjord1_s0_d20_klt_vs_loftr_v34_bagdiff.md;logs/jun11_ntnu_fjord1_s0_d20_klt_vs_loftr_v34_bagdiff.md:1;logs/jun11_ntnu_fjord1_s0_d20_klt_vs_loftr_v34_bagdiff.md:10;logs/jun11_ntnu_fjord1_s0_d20_klt_vs_loftr_v34_bagdiff.md:11;logs/jun11_ntnu_fjord1_s0_d20_klt_vs_loftr_v34_bagdiff.md:12;...(+381),Prior artifact or parameter/search reference found before P02 freeze; exclude exact window from confirmatory denominator.
ntnu,fjord_1,0,30,second,4964,true,true,true,DEVELOPMENT_ONLY,logs/agent_crossdataset_reproducible_pairs.md:53;logs/agent_non_aqualoc_dataset_plan.md:181;logs/agent_non_aqualoc_dataset_plan.md:191;logs/agent_ntnu_more_positive_dropbags/fjord_1_s0_d30/drop_learned_lineage_stats.csv;logs/agent_ntnu_more_positive_dropbags/fjord_1_s0_d30/features_drop_learned_lineage.bag;logs/agent_ntnu_more_positive_report.md:17;logs/agent_ntnu_more_positive_report.md:8;logs/conformal_calibration/jun15_cross_dataset_learned_sidecar_status.md:30;logs/conformal_calibration/jun15_cross_dataset_learned_sidecar_status.md:43;logs/conformal_calibration/jun15_ntnu_fjord1_0_30_repeat_summary_tmp.csv;logs/counterexample_registry_20260611.md:26;logs/cross_dataset_jun04/ntnu_fjord1_0_30_formal_nolowcap/ape.txt;...(+4952),Prior artifact or parameter/search reference found before P02 freeze; exclude exact window from confirmatory denominator.
ntnu,fjord_1,0,5,second,5,true,true,false,DEVELOPMENT_ONLY,logs/may20c_all_run_dirs.txt:850;logs/ntnu_vins/external_hybrid_xfeat_every2_smoke_fjord1_0_5/features.bag;logs/ntnu_vins/external_hybrid_xfeat_every2_smoke_fjord1_0_5/frontend_metrics.csv;logs/ntnu_vins/external_hybrid_xfeat_every2_smoke_fjord1_0_5/ntnu_cam0_kannala_brandt.yaml;logs/ntnu_vins/external_hybrid_xfeat_every2_smoke_fjord1_0_5/vins_ntnu_external.yaml,Prior artifact or parameter/search reference found before P02 freeze; exclude exact window from confirmatory denominator.
ntnu,fjord_1,0,60,second,7,true,true,true,DEVELOPMENT_ONLY,logs/may20c_all_run_dirs.txt:854;logs/may20c_pairwise_decisions.md:12;logs/ntnu_vins/external_hybrid_xfeat_every3_may20b_ntnu_fjord1_0_60_xfeat_strictgate/features.bag;logs/ntnu_vins/external_hybrid_xfeat_every3_may20b_ntnu_fjord1_0_60_xfeat_strictgate/frontend_metrics.csv;logs/ntnu_vins/external_hybrid_xfeat_every3_may20b_ntnu_fjord1_0_60_xfeat_strictgate/ntnu_cam0_kannala_brandt.yaml;logs/ntnu_vins/external_hybrid_xfeat_every3_may20b_ntnu_fjord1_0_60_xfeat_strictgate/vins_ntnu_external.yaml;scripts/may20c_pairwise_decision.py:124,Prior artifact or parameter/search reference found before P02 freeze; exclude exact window from confirmatory denominator.
ntnu,fjord_1,10,30,second,4,true,true,false,DEVELOPMENT_ONLY,logs/ntnu_vins/external_hybrid_superpoint_lightglue_every2_jun07_v34_ntnu_fjord1_s10_d20_export_loftr_budget_after/features.bag;logs/ntnu_vins/external_hybrid_superpoint_lightglue_every2_jun07_v34_ntnu_fjord1_s10_d20_export_loftr_budget_after/frontend_metrics.csv;logs/ntnu_vins/external_hybrid_superpoint_lightglue_every2_jun07_v34_ntnu_fjord1_s10_d20_export_loftr_budget_after/ntnu_cam0_kannala_brandt.yaml;logs/ntnu_vins/external_hybrid_superpoint_lightglue_every2_jun07_v34_ntnu_fjord1_s10_d20_export_loftr_budget_after/vins_ntnu_external.yaml,Prior artifact or parameter/search reference found before P02 freeze; exclude exact window from confirmatory denominator.
ntnu,fjord_1,120,140,second,16,true,true,false,DEVELOPMENT_ONLY,logs/ntnu_vins/external_hybrid_superpoint_lightglue_every2_jun17_fixedscan_fjord_1_s120_d20_loftr_mirror/features.bag;logs/ntnu_vins/external_hybrid_superpoint_lightglue_every2_jun17_fixedscan_fjord_1_s120_d20_loftr_mirror/frontend_metrics.csv;logs/ntnu_vins/external_hybrid_superpoint_lightglue_every2_jun17_fixedscan_fjord_1_s120_d20_loftr_mirror/ntnu_cam0_kannala_brandt.yaml;logs/ntnu_vins/external_hybrid_superpoint_lightglue_every2_jun17_fixedscan_fjord_1_s120_d20_loftr_mirror/vins_ntnu_external.yaml;logs/ntnu_vins/external_hybrid_superpoint_lightglue_every5_may20c_ntnu_scan_fjord_1_s120_d20_loftr/features.bag;logs/ntnu_vins/external_hybrid_superpoint_lightglue_every5_may20c_ntnu_scan_fjord_1_s120_d20_loftr/frontend_metrics.csv;logs/ntnu_vins/external_hybrid_superpoint_lightglue_every5_may20c_ntnu_scan_fjord_1_s120_d20_loftr/ntnu_cam0_kannala_brandt.yaml;logs/ntnu_vins/external_hybrid_superpoint_lightglue_every5_may20c_ntnu_scan_fjord_1_s120_d20_loftr/vins_ntnu_external.yaml;logs/ntnu_vins/external_hybrid_superpoint_lightglue_every5_may20c_ntnu_scan_fjord_1_s120_d20_sp_lg/features.bag;logs/ntnu_vins/external_hybrid_superpoint_lightglue_every5_may20c_ntnu_scan_fjord_1_s120_d20_sp_lg/frontend_metrics.csv;logs/ntnu_vins/external_hybrid_superpoint_lightglue_every5_may20c_ntnu_scan_fjord_1_s120_d20_sp_lg/ntnu_cam0_kannala_brandt.yaml;logs/ntnu_vins/external_hybrid_superpoint_lightglue_every5_may20c_ntnu_scan_fjord_1_s120_d20_sp_lg/vins_ntnu_external.yaml;...(+4),Prior artifact or parameter/search reference found before P02 freeze; exclude exact window from confirmatory denominator.
ntnu,fjord_1,120,150,second,15,true,true,true,DEVELOPMENT_ONLY,logs/may20c_all_run_dirs.txt:801;logs/may20c_all_run_dirs.txt:834;logs/may20c_all_run_dirs.txt:889;logs/ntnu_vins/external_hybrid_xfeat_every2_may19_screen_ntnu_fjord1_120_150_xfeat_strictgrid076/features.bag;logs/ntnu_vins/external_hybrid_xfeat_every2_may19_screen_ntnu_fjord1_120_150_xfeat_strictgrid076/frontend_metrics.csv;logs/ntnu_vins/external_hybrid_xfeat_every2_may19_screen_ntnu_fjord1_120_150_xfeat_strictgrid076/ntnu_cam0_kannala_brandt.yaml;logs/ntnu_vins/external_hybrid_xfeat_every2_may19_screen_ntnu_fjord1_120_150_xfeat_strictgrid076/vins_ntnu_external.yaml;logs/ntnu_vins/external_hybrid_xfeat_every2_paperprobe_fjord_1_s120_d30_xfeat/features.bag;logs/ntnu_vins/external_hybrid_xfeat_every2_paperprobe_fjord_1_s120_d30_xfeat/frontend_metrics.csv;logs/ntnu_vins/external_hybrid_xfeat_every2_paperprobe_fjord_1_s120_d30_xfeat/ntnu_cam0_kannala_brandt.yaml;logs/ntnu_vins/external_hybrid_xfeat_every2_paperprobe_fjord_1_s120_d30_xfeat/vins_ntnu_external.yaml;logs/subagent_ntnu_tank_uvvid/ntnu_fjord_1_s120_d30_xfeat/features.bag;...(+3),Prior artifact or parameter/search reference found before P02 freeze; exclude exact window from confirmatory denominator.
ntnu,fjord_1,140,150,second,17,true,true,true,DEVELOPMENT_ONLY,logs/ntnu_vins/external_hybrid_xfeat_every2_jul16screen20_ntnu_fjord1_s140_d10_probe/features.bag;logs/ntnu_vins/external_hybrid_xfeat_every2_jul16screen20_ntnu_fjord1_s140_d10_probe/frontend_metrics.csv;logs/ntnu_vins/external_hybrid_xfeat_every2_jul16screen20_ntnu_fjord1_s140_d10_probe/ntnu_cam0_kannala_brandt.yaml;logs/ntnu_vins/external_hybrid_xfeat_every2_jul16screen20_ntnu_fjord1_s140_d10_probe/vins_ntnu_external.yaml;papers/causal_crossdataset_search_20260718/probe_lineage_rescan.csv:424;papers/causal_crossdataset_search_20260718/probe_lineage_rescan.csv:425;papers/causal_crossdataset_search_20260718/probe_lineage_rescan.csv:426;papers/causal_crossdataset_search_20260718/probe_lineage_rescan.csv:427;papers/causal_crossdataset_search_20260718/probe_lineage_rescan.csv:507;papers/causal_crossdataset_search_20260718/probe_metrics_candidates.csv:57;papers/frozen_frontend_exploration_20260715/run_evidence_jul15_late_and_jul16.csv:118;papers/frozen_frontend_exploration_20260715/screening_summary_jul15_late_and_jul16.csv:118;...(+5),Prior artifact or parameter/search reference found before P02 freeze; exclude exact window from confirmatory denominator.
ntnu,fjord_1,150,170,second,2,true,true,false,DEVELOPMENT_ONLY,logs/ntnu_vins/external_hybrid_superpoint_lightglue_every2_jun17_fixedscan_fjord_1_s150_d20_loftr_mirror/ntnu_cam0_kannala_brandt.yaml;logs/ntnu_vins/external_hybrid_superpoint_lightglue_every2_jun17_fixedscan_fjord_1_s150_d20_loftr_mirror/vins_ntnu_external.yaml,Prior artifact or parameter/search reference found before P02 freeze; exclude exact window from confirmatory denominator.
ntnu,fjord_1,150,180,second,4,true,true,true,DEVELOPMENT_ONLY,logs/ntnu_vins/external_hybrid_xfeat_every2_paperprobe_fjord_1_s150_d30_xfeat/features.bag;logs/ntnu_vins/external_hybrid_xfeat_every2_paperprobe_fjord_1_s150_d30_xfeat/frontend_metrics.csv;logs/ntnu_vins/external_hybrid_xfeat_every2_paperprobe_fjord_1_s150_d30_xfeat/ntnu_cam0_kannala_brandt.yaml;logs/ntnu_vins/external_hybrid_xfeat_every2_paperprobe_fjord_1_s150_d30_xfeat/vins_ntnu_external.yaml,Prior artifact or parameter/search reference found before P02 freeze; exclude exact window from confirmatory denominator.
ntnu,fjord_1,180,210,second,9,true,true,true,DEVELOPMENT_ONLY,logs/may20c_all_run_dirs.txt:890;logs/ntnu_vins/external_hybrid_xfeat_every2_paperprobe_fjord_1_s180_d30_xfeat/features.bag;logs/ntnu_vins/external_hybrid_xfeat_every2_paperprobe_fjord_1_s180_d30_xfeat/frontend_metrics.csv;logs/ntnu_vins/external_hybrid_xfeat_every2_paperprobe_fjord_1_s180_d30_xfeat/ntnu_cam0_kannala_brandt.yaml;logs/ntnu_vins/external_hybrid_xfeat_every2_paperprobe_fjord_1_s180_d30_xfeat/vins_ntnu_external.yaml;logs/subagent_ntnu_tank_uvvid/ntnu_fjord_1_s180_d30_xfeat/features.bag;logs/subagent_ntnu_tank_uvvid/ntnu_fjord_1_s180_d30_xfeat/frontend_metrics.csv;logs/subagent_ntnu_tank_uvvid/ntnu_fjord_1_s180_d30_xfeat/ntnu_cam0_kannala_brandt.yaml;logs/subagent_ntnu_tank_uvvid/ntnu_fjord_1_s180_d30_xfeat/vins_ntnu_external.yaml,Prior artifact or parameter/search reference found before P02 freeze; exclude exact window from confirmatory denominator.
ntnu,fjord_1,20,40,second,4,false,true,false,DEVELOPMENT_ONLY,logs/ntnu_vins/external_klt_every2_jun07_klt_scan_fjord_1_s20_d20/features.bag;logs/ntnu_vins/external_klt_every2_jun07_klt_scan_fjord_1_s20_d20/frontend_metrics.csv;logs/ntnu_vins/external_klt_every2_jun07_klt_scan_fjord_1_s20_d20/ntnu_cam0_kannala_brandt.yaml;logs/ntnu_vins/external_klt_every2_jun07_klt_scan_fjord_1_s20_d20/vins_ntnu_external.yaml,Prior artifact or parameter/search reference found before P02 freeze; exclude exact window from confirmatory denominator.
ntnu,fjord_1,210,240,second,4,true,true,true,DEVELOPMENT_ONLY,logs/ntnu_vins/external_hybrid_xfeat_every2_paperprobe_fjord_1_s210_d30_xfeat/features.bag;logs/ntnu_vins/external_hybrid_xfeat_every2_paperprobe_fjord_1_s210_d30_xfeat/frontend_metrics.csv;logs/ntnu_vins/external_hybrid_xfeat_every2_paperprobe_fjord_1_s210_d30_xfeat/ntnu_cam0_kannala_brandt.yaml;logs/ntnu_vins/external_hybrid_xfeat_every2_paperprobe_fjord_1_s210_d30_xfeat/vins_ntnu_external.yaml,Prior artifact or parameter/search reference found before P02 freeze; exclude exact window from confirmatory denominator.
ntnu,fjord_1,240,250,second,11,true,true,true,DEVELOPMENT_ONLY,logs/ntnu_vins/external_hybrid_xfeat_every2_jul16screen20_ntnu_fjord1_s240_d10_probe/features.bag;logs/ntnu_vins/external_hybrid_xfeat_every2_jul16screen20_ntnu_fjord1_s240_d10_probe/frontend_metrics.csv;logs/ntnu_vins/external_hybrid_xfeat_every2_jul16screen20_ntnu_fjord1_s240_d10_probe/ntnu_cam0_kannala_brandt.yaml;logs/ntnu_vins/external_hybrid_xfeat_every2_jul16screen20_ntnu_fjord1_s240_d10_probe/vins_ntnu_external.yaml;papers/causal_crossdataset_search_20260718/probe_lineage_rescan.csv:428;papers/causal_crossdataset_search_20260718/probe_lineage_rescan.csv:429;papers/causal_crossdataset_search_20260718/probe_metrics_candidates.csv:77;papers/frozen_frontend_exploration_20260715/run_evidence_jul15_late_and_jul16.csv:119;papers/frozen_frontend_exploration_20260715/screening_summary_jul15_late_and_jul16.csv:119;papers/learned_lineage_novelty_dev_20260716/lineage_novelty_screening.csv:133;papers/learned_lineage_novelty_dev_20260716/lineage_novelty_screening.csv:213,Prior artifact or parameter/search reference found before P02 freeze; exclude exact window from confirmatory denominator.
ntnu,fjord_1,240,252,second,2,true,true,false,DEVELOPMENT_ONLY,logs/ntnu_vins/external_hybrid_xfeat_every10_may20c_ntnu_scan_fjord_1_s240_d12_xfeat/ntnu_cam0_kannala_brandt.yaml;logs/ntnu_vins/external_hybrid_xfeat_every10_may20c_ntnu_scan_fjord_1_s240_d12_xfeat/vins_ntnu_external.yaml,Prior artifact or parameter/search reference found before P02 freeze; exclude exact window from confirmatory denominator.
ntnu,fjord_1,240,270,second,4,true,true,true,DEVELOPMENT_ONLY,logs/ntnu_vins/external_hybrid_xfeat_every2_paperprobe_fjord_1_s240_d30_xfeat/features.bag;logs/ntnu_vins/external_hybrid_xfeat_every2_paperprobe_fjord_1_s240_d30_xfeat/frontend_metrics.csv;logs/ntnu_vins/external_hybrid_xfeat_every2_paperprobe_fjord_1_s240_d30_xfeat/ntnu_cam0_kannala_brandt.yaml;logs/ntnu_vins/external_hybrid_xfeat_every2_paperprobe_fjord_1_s240_d30_xfeat/vins_ntnu_external.yaml,Prior artifact or parameter/search reference found before P02 freeze; exclude exact window from confirmatory denominator.
ntnu,fjord_1,270,300,second,4,true,true,true,DEVELOPMENT_ONLY,logs/ntnu_vins/external_hybrid_xfeat_every2_paperprobe_fjord_1_s270_d30_xfeat/features.bag;logs/ntnu_vins/external_hybrid_xfeat_every2_paperprobe_fjord_1_s270_d30_xfeat/frontend_metrics.csv;logs/ntnu_vins/external_hybrid_xfeat_every2_paperprobe_fjord_1_s270_d30_xfeat/ntnu_cam0_kannala_brandt.yaml;logs/ntnu_vins/external_hybrid_xfeat_every2_paperprobe_fjord_1_s270_d30_xfeat/vins_ntnu_external.yaml,Prior artifact or parameter/search reference found before P02 freeze; exclude exact window from confirmatory denominator.
ntnu,fjord_1,30,60,second,4219,true,true,true,DEVELOPMENT_ONLY,logs/_tmp_ntnu_fjord1_30_60_existing_pair.csv;logs/agent_crossdataset_reproducible_pairs.md:35;logs/agent_seven_point_summary.md:389;logs/agent_seven_point_summary.md:598;logs/agent_seven_point_summary.md:676;logs/agent_seven_point_summary.md:677;logs/agent_seven_point_summary.md:681;logs/conformal_calibration/jun15_cross_dataset_learned_sidecar_status.md:31;logs/conformal_calibration/jun15_ntnu_fjord1_30_60_xfeat_summary_tmp.csv;logs/cross_dataset_evidence_inventory_20260607.md:11;logs/filtered_feature_bags/may26_ntnu_fjord1_30_60_warm20/no_learned.bag;logs/filtered_feature_bags/may26_ntnu_fjord1_30_60_warm20/no_learned_stats.csv;...(+4207),Prior artifact or parameter/search reference found before P02 freeze; exclude exact window from confirmatory denominator.
ntnu,fjord_1,40,60,second,4,false,true,false,DEVELOPMENT_ONLY,logs/ntnu_vins/external_klt_every2_jun07_klt_scan_fjord_1_s40_d20/features.bag;logs/ntnu_vins/external_klt_every2_jun07_klt_scan_fjord_1_s40_d20/frontend_metrics.csv;logs/ntnu_vins/external_klt_every2_jun07_klt_scan_fjord_1_s40_d20/ntnu_cam0_kannala_brandt.yaml;logs/ntnu_vins/external_klt_every2_jun07_klt_scan_fjord_1_s40_d20/vins_ntnu_external.yaml,Prior artifact or parameter/search reference found before P02 freeze; exclude exact window from confirmatory denominator.
ntnu,fjord_1,5,25,second,4,true,true,false,DEVELOPMENT_ONLY,logs/ntnu_vins/external_hybrid_superpoint_lightglue_every2_jun07_v34_ntnu_fjord1_s5_d20_export_loftr_budget_after/features.bag;logs/ntnu_vins/external_hybrid_superpoint_lightglue_every2_jun07_v34_ntnu_fjord1_s5_d20_export_loftr_budget_after/frontend_metrics.csv;logs/ntnu_vins/external_hybrid_superpoint_lightglue_every2_jun07_v34_ntnu_fjord1_s5_d20_export_loftr_budget_after/ntnu_cam0_kannala_brandt.yaml;logs/ntnu_vins/external_hybrid_superpoint_lightglue_every2_jun07_v34_ntnu_fjord1_s5_d20_export_loftr_budget_after/vins_ntnu_external.yaml,Prior artifact or parameter/search reference found before P02 freeze; exclude exact window from confirmatory denominator.
ntnu,fjord_1,60,80,second,206,true,true,true,DEVELOPMENT_ONLY,logs/ntnu_jun21_repair_audit_notes.md:33;logs/ntnu_jun21_repair_audit_notes.md:36;logs/ntnu_jun21_repair_audit_notes.md:38;logs/ntnu_recovered_bags/jun17_relaxed/fjord1_s60_d20_drop_highid.bag;logs/ntnu_recovered_bags/jun17_relaxed/fjord1_s60_d20_drop_stats.csv;logs/ntnu_recovered_bags/jun17_relaxed/fjord1_s60_d20_features.bag;logs/ntnu_recovered_bags/jun17_relaxed/fjord1_s60_d20_features.orig.bag;logs/ntnu_recovered_bags/jun17_relaxed/fjord1_s60_d20_filter.log;logs/ntnu_recovered_bags/jun17_relaxed/fjord1_s60_d20_info.txt;logs/ntnu_recovered_bags/jun17_relaxed/fjord1_s60_d20_info.txt:1;logs/ntnu_recovered_bags/jun17_relaxed/fjord1_s60_d20_info.txt:10;logs/ntnu_recovered_bags/jun17_relaxed/fjord1_s60_d20_info.txt:11;...(+194),Prior artifact or parameter/search reference found before P02 freeze; exclude exact window from confirmatory denominator.
ntnu,fjord_1,60,90,second,1020,true,true,true,DEVELOPMENT_ONLY,logs/agent_crossdataset_reproducible_pairs.md:36;logs/agent_ntnu_more_positive_report.md:9;logs/cross_dataset_evidence_inventory_20260607.md:11;logs/low_texture_window_search_20260522_continued/may23_candidate_pair_inventory.md:30;logs/low_texture_window_search_20260522_continued/may23_candidate_pair_inventory.md:31;logs/low_texture_window_search_20260522_continued/may23_candidate_pair_inventory.md:32;logs/low_texture_window_search_20260522_continued/may23_candidate_pair_inventory.md:33;logs/low_texture_window_search_20260522_continued/may23_candidate_pair_inventory.md:34;logs/low_texture_window_search_20260522_continued/may23_candidate_pair_inventory.md:35;logs/low_texture_window_search_20260522_continued/may23_candidate_pair_inventory.md:36;logs/low_texture_window_search_20260522_continued/may23_candidate_pair_inventory.md:58;logs/low_texture_window_search_20260522_continued/may23_candidate_pair_inventory.md:59;...(+1008),Prior artifact or parameter/search reference found before P02 freeze; exclude exact window from confirmatory denominator.
ntnu,fjord_1,70,80,second,199,true,true,true,DEVELOPMENT_ONLY,logs/ntnu_vins/external_hybrid_xfeat_every2_jul02_ntnu_fjord1_s70_d10_earlyseed_drop20/ape.txt;logs/ntnu_vins/external_hybrid_xfeat_every2_jul02_ntnu_fjord1_s70_d10_earlyseed_drop20/ape.txt:1;logs/ntnu_vins/external_hybrid_xfeat_every2_jul02_ntnu_fjord1_s70_d10_earlyseed_drop20/ape.txt:10;logs/ntnu_vins/external_hybrid_xfeat_every2_jul02_ntnu_fjord1_s70_d10_earlyseed_drop20/ape.txt:11;logs/ntnu_vins/external_hybrid_xfeat_every2_jul02_ntnu_fjord1_s70_d10_earlyseed_drop20/ape.txt:12;logs/ntnu_vins/external_hybrid_xfeat_every2_jul02_ntnu_fjord1_s70_d10_earlyseed_drop20/ape.txt:13;logs/ntnu_vins/external_hybrid_xfeat_every2_jul02_ntnu_fjord1_s70_d10_earlyseed_drop20/ape.txt:14;logs/ntnu_vins/external_hybrid_xfeat_every2_jul02_ntnu_fjord1_s70_d10_earlyseed_drop20/ape.txt:15;logs/ntnu_vins/external_hybrid_xfeat_every2_jul02_ntnu_fjord1_s70_d10_earlyseed_drop20/ape.txt:16;logs/ntnu_vins/external_hybrid_xfeat_every2_jul02_ntnu_fjord1_s70_d10_earlyseed_drop20/ape.txt:17;logs/ntnu_vins/external_hybrid_xfeat_every2_jul02_ntnu_fjord1_s70_d10_earlyseed_drop20/ape.txt:18;logs/ntnu_vins/external_hybrid_xfeat_every2_jul02_ntnu_fjord1_s70_d10_earlyseed_drop20/ape.txt:19;...(+187),Prior artifact or parameter/search reference found before P02 freeze; exclude exact window from confirmatory denominator.
ntnu,fjord_1,74,84,second,57,true,true,true,DEVELOPMENT_ONLY,logs/ntnu_vins/external_hybrid_xfeat_every2_jul04_more_ntnu_fjord1_s74_d10_probe_oldcontract_densecap/features.bag;logs/ntnu_vins/external_hybrid_xfeat_every2_jul04_more_ntnu_fjord1_s74_d10_probe_oldcontract_densecap/frontend_metrics.csv;logs/ntnu_vins/external_hybrid_xfeat_every2_jul04_more_ntnu_fjord1_s74_d10_probe_oldcontract_densecap/ntnu_cam0_kannala_brandt.yaml;logs/ntnu_vins/external_hybrid_xfeat_every2_jul04_more_ntnu_fjord1_s74_d10_probe_oldcontract_densecap/vins_ntnu_external.yaml;logs/ntnu_vins/external_klt_every2_jul04_more_ntnu_fjord1_s74_d10_klt_safe_fallback/arbitration_summary.txt;logs/ntnu_vins/external_klt_every2_jul04_more_ntnu_fjord1_s74_d10_klt_safe_fallback/arbitration_summary.txt:1;logs/ntnu_vins/external_klt_every2_jul04_more_ntnu_fjord1_s74_d10_klt_safe_fallback/arbitration_summary.txt:10;logs/ntnu_vins/external_klt_every2_jul04_more_ntnu_fjord1_s74_d10_klt_safe_fallback/arbitration_summary.txt:11;logs/ntnu_vins/external_klt_every2_jul04_more_ntnu_fjord1_s74_d10_klt_safe_fallback/arbitration_summary.txt:12;logs/ntnu_vins/external_klt_every2_jul04_more_ntnu_fjord1_s74_d10_klt_safe_fallback/arbitration_summary.txt:13;logs/ntnu_vins/external_klt_every2_jul04_more_ntnu_fjord1_s74_d10_klt_safe_fallback/arbitration_summary.txt:14;logs/ntnu_vins/external_klt_every2_jul04_more_ntnu_fjord1_s74_d10_klt_safe_fallback/arbitration_summary.txt:15;...(+45),Prior artifact or parameter/search reference found before P02 freeze; exclude exact window from confirmatory denominator.
ntnu,fjord_1,75,85,second,256,true,true,true,DEVELOPMENT_ONLY,logs/ntnu_vins/external_hybrid_xfeat_every2_jul02_ntnu_fjord1_s75_d10_earlyseed_drop20/ape.txt;logs/ntnu_vins/external_hybrid_xfeat_every2_jul02_ntnu_fjord1_s75_d10_earlyseed_drop20/ape.txt:1;logs/ntnu_vins/external_hybrid_xfeat_every2_jul02_ntnu_fjord1_s75_d10_earlyseed_drop20/ape.txt:10;logs/ntnu_vins/external_hybrid_xfeat_every2_jul02_ntnu_fjord1_s75_d10_earlyseed_drop20/ape.txt:11;logs/ntnu_vins/external_hybrid_xfeat_every2_jul02_ntnu_fjord1_s75_d10_earlyseed_drop20/ape.txt:12;logs/ntnu_vins/external_hybrid_xfeat_every2_jul02_ntnu_fjord1_s75_d10_earlyseed_drop20/ape.txt:13;logs/ntnu_vins/external_hybrid_xfeat_every2_jul02_ntnu_fjord1_s75_d10_earlyseed_drop20/ape.txt:14;logs/ntnu_vins/external_hybrid_xfeat_every2_jul02_ntnu_fjord1_s75_d10_earlyseed_drop20/ape.txt:15;logs/ntnu_vins/external_hybrid_xfeat_every2_jul02_ntnu_fjord1_s75_d10_earlyseed_drop20/ape.txt:16;logs/ntnu_vins/external_hybrid_xfeat_every2_jul02_ntnu_fjord1_s75_d10_earlyseed_drop20/ape.txt:17;logs/ntnu_vins/external_hybrid_xfeat_every2_jul02_ntnu_fjord1_s75_d10_earlyseed_drop20/ape.txt:18;logs/ntnu_vins/external_hybrid_xfeat_every2_jul02_ntnu_fjord1_s75_d10_earlyseed_drop20/ape.txt:19;...(+244),Prior artifact or parameter/search reference found before P02 freeze; exclude exact window from confirmatory denominator.
ntnu,fjord_1,75p2,85.2,second,57,true,true,true,DEVELOPMENT_ONLY,logs/ntnu_vins/external_hybrid_xfeat_every2_jul04_frac_ntnu_fjord1_s75p2_d10_probe_oldcontract_densecap/features.bag;logs/ntnu_vins/external_hybrid_xfeat_every2_jul04_frac_ntnu_fjord1_s75p2_d10_probe_oldcontract_densecap/frontend_metrics.csv;logs/ntnu_vins/external_hybrid_xfeat_every2_jul04_frac_ntnu_fjord1_s75p2_d10_probe_oldcontract_densecap/ntnu_cam0_kannala_brandt.yaml;logs/ntnu_vins/external_hybrid_xfeat_every2_jul04_frac_ntnu_fjord1_s75p2_d10_probe_oldcontract_densecap/vins_ntnu_external.yaml;logs/ntnu_vins/external_klt_every2_jul04_frac_ntnu_fjord1_s75p2_d10_klt_safe_fallback/arbitration_summary.txt;logs/ntnu_vins/external_klt_every2_jul04_frac_ntnu_fjord1_s75p2_d10_klt_safe_fallback/arbitration_summary.txt:1;logs/ntnu_vins/external_klt_every2_jul04_frac_ntnu_fjord1_s75p2_d10_klt_safe_fallback/arbitration_summary.txt:10;logs/ntnu_vins/external_klt_every2_jul04_frac_ntnu_fjord1_s75p2_d10_klt_safe_fallback/arbitration_summary.txt:11;logs/ntnu_vins/external_klt_every2_jul04_frac_ntnu_fjord1_s75p2_d10_klt_safe_fallback/arbitration_summary.txt:12;logs/ntnu_vins/external_klt_every2_jul04_frac_ntnu_fjord1_s75p2_d10_klt_safe_fallback/arbitration_summary.txt:13;logs/ntnu_vins/external_klt_every2_jul04_frac_ntnu_fjord1_s75p2_d10_klt_safe_fallback/arbitration_summary.txt:14;logs/ntnu_vins/external_klt_every2_jul04_frac_ntnu_fjord1_s75p2_d10_klt_safe_fallback/arbitration_summary.txt:15;...(+45),Prior artifact or parameter/search reference found before P02 freeze; exclude exact window from confirmatory denominator.
ntnu,fjord_1,75p3,85.3,second,243,true,true,true,DEVELOPMENT_ONLY,logs/ntnu_vins/external_hybrid_xfeat_every2_jul04_fjord1_s75p3_d10_drop20_replay/ape.txt;logs/ntnu_vins/external_hybrid_xfeat_every2_jul04_fjord1_s75p3_d10_drop20_replay/ape.txt:1;logs/ntnu_vins/external_hybrid_xfeat_every2_jul04_fjord1_s75p3_d10_drop20_replay/ape.txt:10;logs/ntnu_vins/external_hybrid_xfeat_every2_jul04_fjord1_s75p3_d10_drop20_replay/ape.txt:11;logs/ntnu_vins/external_hybrid_xfeat_every2_jul04_fjord1_s75p3_d10_drop20_replay/ape.txt:12;logs/ntnu_vins/external_hybrid_xfeat_every2_jul04_fjord1_s75p3_d10_drop20_replay/ape.txt:13;logs/ntnu_vins/external_hybrid_xfeat_every2_jul04_fjord1_s75p3_d10_drop20_replay/ape.txt:14;logs/ntnu_vins/external_hybrid_xfeat_every2_jul04_fjord1_s75p3_d10_drop20_replay/ape.txt:15;logs/ntnu_vins/external_hybrid_xfeat_every2_jul04_fjord1_s75p3_d10_drop20_replay/ape.txt:16;logs/ntnu_vins/external_hybrid_xfeat_every2_jul04_fjord1_s75p3_d10_drop20_replay/ape.txt:17;logs/ntnu_vins/external_hybrid_xfeat_every2_jul04_fjord1_s75p3_d10_drop20_replay/ape.txt:18;logs/ntnu_vins/external_hybrid_xfeat_every2_jul04_fjord1_s75p3_d10_drop20_replay/ape.txt:19;...(+231),Prior artifact or parameter/search reference found before P02 freeze; exclude exact window from confirmatory denominator.
ntnu,fjord_1,75p4,85.4,second,232,true,true,true,DEVELOPMENT_ONLY,logs/ntnu_vins/external_hybrid_xfeat_every2_jul04_fjord1_s75p4_d10_drop20_replay/ape.txt;logs/ntnu_vins/external_hybrid_xfeat_every2_jul04_fjord1_s75p4_d10_drop20_replay/ape.txt:1;logs/ntnu_vins/external_hybrid_xfeat_every2_jul04_fjord1_s75p4_d10_drop20_replay/ape.txt:10;logs/ntnu_vins/external_hybrid_xfeat_every2_jul04_fjord1_s75p4_d10_drop20_replay/ape.txt:11;logs/ntnu_vins/external_hybrid_xfeat_every2_jul04_fjord1_s75p4_d10_drop20_replay/ape.txt:12;logs/ntnu_vins/external_hybrid_xfeat_every2_jul04_fjord1_s75p4_d10_drop20_replay/ape.txt:13;logs/ntnu_vins/external_hybrid_xfeat_every2_jul04_fjord1_s75p4_d10_drop20_replay/ape.txt:14;logs/ntnu_vins/external_hybrid_xfeat_every2_jul04_fjord1_s75p4_d10_drop20_replay/ape.txt:15;logs/ntnu_vins/external_hybrid_xfeat_every2_jul04_fjord1_s75p4_d10_drop20_replay/ape.txt:16;logs/ntnu_vins/external_hybrid_xfeat_every2_jul04_fjord1_s75p4_d10_drop20_replay/ape.txt:17;logs/ntnu_vins/external_hybrid_xfeat_every2_jul04_fjord1_s75p4_d10_drop20_replay/ape.txt:18;logs/ntnu_vins/external_hybrid_xfeat_every2_jul04_fjord1_s75p4_d10_drop20_replay/ape.txt:19;...(+220),Prior artifact or parameter/search reference found before P02 freeze; exclude exact window from confirmatory denominator.
ntnu,fjord_1,75p5,85.5,second,232,true,true,true,DEVELOPMENT_ONLY,logs/ntnu_vins/external_hybrid_xfeat_every2_jul04_fjord1_s75p5_d10_drop20_replay/ape.txt;logs/ntnu_vins/external_hybrid_xfeat_every2_jul04_fjord1_s75p5_d10_drop20_replay/ape.txt:1;logs/ntnu_vins/external_hybrid_xfeat_every2_jul04_fjord1_s75p5_d10_drop20_replay/ape.txt:10;logs/ntnu_vins/external_hybrid_xfeat_every2_jul04_fjord1_s75p5_d10_drop20_replay/ape.txt:11;logs/ntnu_vins/external_hybrid_xfeat_every2_jul04_fjord1_s75p5_d10_drop20_replay/ape.txt:12;logs/ntnu_vins/external_hybrid_xfeat_every2_jul04_fjord1_s75p5_d10_drop20_replay/ape.txt:13;logs/ntnu_vins/external_hybrid_xfeat_every2_jul04_fjord1_s75p5_d10_drop20_replay/ape.txt:14;logs/ntnu_vins/external_hybrid_xfeat_every2_jul04_fjord1_s75p5_d10_drop20_replay/ape.txt:15;logs/ntnu_vins/external_hybrid_xfeat_every2_jul04_fjord1_s75p5_d10_drop20_replay/ape.txt:16;logs/ntnu_vins/external_hybrid_xfeat_every2_jul04_fjord1_s75p5_d10_drop20_replay/ape.txt:17;logs/ntnu_vins/external_hybrid_xfeat_every2_jul04_fjord1_s75p5_d10_drop20_replay/ape.txt:18;logs/ntnu_vins/external_hybrid_xfeat_every2_jul04_fjord1_s75p5_d10_drop20_replay/ape.txt:19;...(+220),Prior artifact or parameter/search reference found before P02 freeze; exclude exact window from confirmatory denominator.
ntnu,fjord_1,75p6,85.6,second,57,true,true,true,DEVELOPMENT_ONLY,logs/ntnu_vins/external_hybrid_xfeat_every2_jul04_frac_ntnu_fjord1_s75p6_d10_probe_oldcontract_densecap/features.bag;logs/ntnu_vins/external_hybrid_xfeat_every2_jul04_frac_ntnu_fjord1_s75p6_d10_probe_oldcontract_densecap/frontend_metrics.csv;logs/ntnu_vins/external_hybrid_xfeat_every2_jul04_frac_ntnu_fjord1_s75p6_d10_probe_oldcontract_densecap/ntnu_cam0_kannala_brandt.yaml;logs/ntnu_vins/external_hybrid_xfeat_every2_jul04_frac_ntnu_fjord1_s75p6_d10_probe_oldcontract_densecap/vins_ntnu_external.yaml;logs/ntnu_vins/external_klt_every2_jul04_frac_ntnu_fjord1_s75p6_d10_klt_safe_fallback/arbitration_summary.txt;logs/ntnu_vins/external_klt_every2_jul04_frac_ntnu_fjord1_s75p6_d10_klt_safe_fallback/arbitration_summary.txt:1;logs/ntnu_vins/external_klt_every2_jul04_frac_ntnu_fjord1_s75p6_d10_klt_safe_fallback/arbitration_summary.txt:10;logs/ntnu_vins/external_klt_every2_jul04_frac_ntnu_fjord1_s75p6_d10_klt_safe_fallback/arbitration_summary.txt:11;logs/ntnu_vins/external_klt_every2_jul04_frac_ntnu_fjord1_s75p6_d10_klt_safe_fallback/arbitration_summary.txt:12;logs/ntnu_vins/external_klt_every2_jul04_frac_ntnu_fjord1_s75p6_d10_klt_safe_fallback/arbitration_summary.txt:13;logs/ntnu_vins/external_klt_every2_jul04_frac_ntnu_fjord1_s75p6_d10_klt_safe_fallback/arbitration_summary.txt:14;logs/ntnu_vins/external_klt_every2_jul04_frac_ntnu_fjord1_s75p6_d10_klt_safe_fallback/arbitration_summary.txt:15;...(+45),Prior artifact or parameter/search reference found before P02 freeze; exclude exact window from confirmatory denominator.
ntnu,fjord_1,76,86,second,61,true,true,true,DEVELOPMENT_ONLY,logs/ntnu_vins/external_hybrid_xfeat_every2_jul04_more_ntnu_fjord1_s76_d10_probe_oldcontract_densecap/features.bag;logs/ntnu_vins/external_hybrid_xfeat_every2_jul04_more_ntnu_fjord1_s76_d10_probe_oldcontract_densecap/frontend_metrics.csv;logs/ntnu_vins/external_hybrid_xfeat_every2_jul04_more_ntnu_fjord1_s76_d10_probe_oldcontract_densecap/ntnu_cam0_kannala_brandt.yaml;logs/ntnu_vins/external_hybrid_xfeat_every2_jul04_more_ntnu_fjord1_s76_d10_probe_oldcontract_densecap/vins_ntnu_external.yaml;logs/ntnu_vins/external_hybrid_xfeat_every2_jun29_xfeatonly_screen_ntnu_fjord1_s76_d10_export/features.bag;logs/ntnu_vins/external_hybrid_xfeat_every2_jun29_xfeatonly_screen_ntnu_fjord1_s76_d10_export/frontend_metrics.csv;logs/ntnu_vins/external_hybrid_xfeat_every2_jun29_xfeatonly_screen_ntnu_fjord1_s76_d10_export/ntnu_cam0_kannala_brandt.yaml;logs/ntnu_vins/external_hybrid_xfeat_every2_jun29_xfeatonly_screen_ntnu_fjord1_s76_d10_export/vins_ntnu_external.yaml;logs/ntnu_vins/external_klt_every2_jul04_more_ntnu_fjord1_s76_d10_klt_safe_fallback/arbitration_summary.txt;logs/ntnu_vins/external_klt_every2_jul04_more_ntnu_fjord1_s76_d10_klt_safe_fallback/arbitration_summary.txt:1;logs/ntnu_vins/external_klt_every2_jul04_more_ntnu_fjord1_s76_d10_klt_safe_fallback/arbitration_summary.txt:10;logs/ntnu_vins/external_klt_every2_jul04_more_ntnu_fjord1_s76_d10_klt_safe_fallback/arbitration_summary.txt:11;...(+49),Prior artifact or parameter/search reference found before P02 freeze; exclude exact window from confirmatory denominator.
ntnu,fjord_1,78,88,second,4,true,true,true,DEVELOPMENT_ONLY,logs/ntnu_vins/external_hybrid_xfeat_every2_jun29_xfeatonly_screen_ntnu_fjord1_s78_d10_export/features.bag;logs/ntnu_vins/external_hybrid_xfeat_every2_jun29_xfeatonly_screen_ntnu_fjord1_s78_d10_export/frontend_metrics.csv;logs/ntnu_vins/external_hybrid_xfeat_every2_jun29_xfeatonly_screen_ntnu_fjord1_s78_d10_export/ntnu_cam0_kannala_brandt.yaml;logs/ntnu_vins/external_hybrid_xfeat_every2_jun29_xfeatonly_screen_ntnu_fjord1_s78_d10_export/vins_ntnu_external.yaml,Prior artifact or parameter/search reference found before P02 freeze; exclude exact window from confirmatory denominator.
ntnu,fjord_1,80,90,second,303,true,true,true,DEVELOPMENT_ONLY,logs/ntnu_vins/external_hybrid_xfeat_every2_jul02_ntnu_fjord1_s80_d10_earlyseed_drop20/ape.txt;logs/ntnu_vins/external_hybrid_xfeat_every2_jul02_ntnu_fjord1_s80_d10_earlyseed_drop20/ape.txt:1;logs/ntnu_vins/external_hybrid_xfeat_every2_jul02_ntnu_fjord1_s80_d10_earlyseed_drop20/ape.txt:10;logs/ntnu_vins/external_hybrid_xfeat_every2_jul02_ntnu_fjord1_s80_d10_earlyseed_drop20/ape.txt:11;logs/ntnu_vins/external_hybrid_xfeat_every2_jul02_ntnu_fjord1_s80_d10_earlyseed_drop20/ape.txt:12;logs/ntnu_vins/external_hybrid_xfeat_every2_jul02_ntnu_fjord1_s80_d10_earlyseed_drop20/ape.txt:13;logs/ntnu_vins/external_hybrid_xfeat_every2_jul02_ntnu_fjord1_s80_d10_earlyseed_drop20/ape.txt:14;logs/ntnu_vins/external_hybrid_xfeat_every2_jul02_ntnu_fjord1_s80_d10_earlyseed_drop20/ape.txt:15;logs/ntnu_vins/external_hybrid_xfeat_every2_jul02_ntnu_fjord1_s80_d10_earlyseed_drop20/ape.txt:16;logs/ntnu_vins/external_hybrid_xfeat_every2_jul02_ntnu_fjord1_s80_d10_earlyseed_drop20/ape.txt:17;logs/ntnu_vins/external_hybrid_xfeat_every2_jul02_ntnu_fjord1_s80_d10_earlyseed_drop20/ape.txt:18;logs/ntnu_vins/external_hybrid_xfeat_every2_jul02_ntnu_fjord1_s80_d10_earlyseed_drop20/ape.txt:19;...(+291),Prior artifact or parameter/search reference found before P02 freeze; exclude exact window from confirmatory denominator.
ntnu,fjord_1,81,91,second,202,true,true,true,DEVELOPMENT_ONLY,logs/ntnu_vins/external_hybrid_xfeat_every2_jul02_ntnu_fjord1_s81_d10_earlyseed_drop20/ape.txt;logs/ntnu_vins/external_hybrid_xfeat_every2_jul02_ntnu_fjord1_s81_d10_earlyseed_drop20/ape.txt:1;logs/ntnu_vins/external_hybrid_xfeat_every2_jul02_ntnu_fjord1_s81_d10_earlyseed_drop20/ape.txt:10;logs/ntnu_vins/external_hybrid_xfeat_every2_jul02_ntnu_fjord1_s81_d10_earlyseed_drop20/ape.txt:11;logs/ntnu_vins/external_hybrid_xfeat_every2_jul02_ntnu_fjord1_s81_d10_earlyseed_drop20/ape.txt:12;logs/ntnu_vins/external_hybrid_xfeat_every2_jul02_ntnu_fjord1_s81_d10_earlyseed_drop20/ape.txt:13;logs/ntnu_vins/external_hybrid_xfeat_every2_jul02_ntnu_fjord1_s81_d10_earlyseed_drop20/ape.txt:14;logs/ntnu_vins/external_hybrid_xfeat_every2_jul02_ntnu_fjord1_s81_d10_earlyseed_drop20/ape.txt:15;logs/ntnu_vins/external_hybrid_xfeat_every2_jul02_ntnu_fjord1_s81_d10_earlyseed_drop20/ape.txt:16;logs/ntnu_vins/external_hybrid_xfeat_every2_jul02_ntnu_fjord1_s81_d10_earlyseed_drop20/ape.txt:17;logs/ntnu_vins/external_hybrid_xfeat_every2_jul02_ntnu_fjord1_s81_d10_earlyseed_drop20/ape.txt:18;logs/ntnu_vins/external_hybrid_xfeat_every2_jul02_ntnu_fjord1_s81_d10_earlyseed_drop20/ape.txt:19;...(+190),Prior artifact or parameter/search reference found before P02 freeze; exclude exact window from confirmatory denominator.
ntnu,fjord_1,82,92,second,432,true,true,true,DEVELOPMENT_ONLY,logs/jun29_xfeatonly_ntnu_fjord1_s82_d10_summary.csv;logs/ntnu_vins/external_hybrid_xfeat_every2_jul02_ntnu_fjord1_s82_d10_earlyseed_drop20/ape.txt;logs/ntnu_vins/external_hybrid_xfeat_every2_jul02_ntnu_fjord1_s82_d10_earlyseed_drop20/ape.txt:1;logs/ntnu_vins/external_hybrid_xfeat_every2_jul02_ntnu_fjord1_s82_d10_earlyseed_drop20/ape.txt:10;logs/ntnu_vins/external_hybrid_xfeat_every2_jul02_ntnu_fjord1_s82_d10_earlyseed_drop20/ape.txt:11;logs/ntnu_vins/external_hybrid_xfeat_every2_jul02_ntnu_fjord1_s82_d10_earlyseed_drop20/ape.txt:12;logs/ntnu_vins/external_hybrid_xfeat_every2_jul02_ntnu_fjord1_s82_d10_earlyseed_drop20/ape.txt:13;logs/ntnu_vins/external_hybrid_xfeat_every2_jul02_ntnu_fjord1_s82_d10_earlyseed_drop20/ape.txt:14;logs/ntnu_vins/external_hybrid_xfeat_every2_jul02_ntnu_fjord1_s82_d10_earlyseed_drop20/ape.txt:15;logs/ntnu_vins/external_hybrid_xfeat_every2_jul02_ntnu_fjord1_s82_d10_earlyseed_drop20/ape.txt:16;logs/ntnu_vins/external_hybrid_xfeat_every2_jul02_ntnu_fjord1_s82_d10_earlyseed_drop20/ape.txt:17;logs/ntnu_vins/external_hybrid_xfeat_every2_jul02_ntnu_fjord1_s82_d10_earlyseed_drop20/ape.txt:18;...(+420),Prior artifact or parameter/search reference found before P02 freeze; exclude exact window from confirmatory denominator.
ntnu,fjord_1,82p5,92.5,second,61,true,true,true,DEVELOPMENT_ONLY,logs/jul04_scan_cmdlogs/fjord1_s82p5_d10_export.log;logs/ntnu_vins/external_hybrid_xfeat_every2_jul04_neighbor_ntnu_fjord1_s82p5_d10_probe_oldcontract_densecap/features.bag;logs/ntnu_vins/external_hybrid_xfeat_every2_jul04_neighbor_ntnu_fjord1_s82p5_d10_probe_oldcontract_densecap/frontend_metrics.csv;logs/ntnu_vins/external_hybrid_xfeat_every2_jul04_neighbor_ntnu_fjord1_s82p5_d10_probe_oldcontract_densecap/ntnu_cam0_kannala_brandt.yaml;logs/ntnu_vins/external_hybrid_xfeat_every2_jul04_neighbor_ntnu_fjord1_s82p5_d10_probe_oldcontract_densecap/vins_ntnu_external.yaml;logs/ntnu_vins/external_klt_every2_jul04_neighbor_ntnu_fjord1_s82p5_d10_klt_safe_fallback/arbitration_summary.txt;logs/ntnu_vins/external_klt_every2_jul04_neighbor_ntnu_fjord1_s82p5_d10_klt_safe_fallback/arbitration_summary.txt:1;logs/ntnu_vins/external_klt_every2_jul04_neighbor_ntnu_fjord1_s82p5_d10_klt_safe_fallback/arbitration_summary.txt:10;logs/ntnu_vins/external_klt_every2_jul04_neighbor_ntnu_fjord1_s82p5_d10_klt_safe_fallback/arbitration_summary.txt:11;logs/ntnu_vins/external_klt_every2_jul04_neighbor_ntnu_fjord1_s82p5_d10_klt_safe_fallback/arbitration_summary.txt:12;logs/ntnu_vins/external_klt_every2_jul04_neighbor_ntnu_fjord1_s82p5_d10_klt_safe_fallback/arbitration_summary.txt:13;logs/ntnu_vins/external_klt_every2_jul04_neighbor_ntnu_fjord1_s82p5_d10_klt_safe_fallback/arbitration_summary.txt:14;...(+49),Prior artifact or parameter/search reference found before P02 freeze; exclude exact window from confirmatory denominator.
ntnu,fjord_1,82p8,92.8,second,58,true,true,true,DEVELOPMENT_ONLY,logs/jul04_scan_cmdlogs/fjord1_s82p8_d10_export.log;logs/ntnu_vins/external_hybrid_xfeat_every2_jul04_neighbor_ntnu_fjord1_s82p8_d10_probe_oldcontract_densecap/features.bag;logs/ntnu_vins/external_hybrid_xfeat_every2_jul04_neighbor_ntnu_fjord1_s82p8_d10_probe_oldcontract_densecap/frontend_metrics.csv;logs/ntnu_vins/external_hybrid_xfeat_every2_jul04_neighbor_ntnu_fjord1_s82p8_d10_probe_oldcontract_densecap/ntnu_cam0_kannala_brandt.yaml;logs/ntnu_vins/external_hybrid_xfeat_every2_jul04_neighbor_ntnu_fjord1_s82p8_d10_probe_oldcontract_densecap/vins_ntnu_external.yaml;logs/ntnu_vins/external_klt_every2_jul04_neighbor_ntnu_fjord1_s82p8_d10_klt_safe_fallback/arbitration_summary.txt;logs/ntnu_vins/external_klt_every2_jul04_neighbor_ntnu_fjord1_s82p8_d10_klt_safe_fallback/arbitration_summary.txt:1;logs/ntnu_vins/external_klt_every2_jul04_neighbor_ntnu_fjord1_s82p8_d10_klt_safe_fallback/arbitration_summary.txt:10;logs/ntnu_vins/external_klt_every2_jul04_neighbor_ntnu_fjord1_s82p8_d10_klt_safe_fallback/arbitration_summary.txt:11;logs/ntnu_vins/external_klt_every2_jul04_neighbor_ntnu_fjord1_s82p8_d10_klt_safe_fallback/arbitration_summary.txt:12;logs/ntnu_vins/external_klt_every2_jul04_neighbor_ntnu_fjord1_s82p8_d10_klt_safe_fallback/arbitration_summary.txt:13;logs/ntnu_vins/external_klt_every2_jul04_neighbor_ntnu_fjord1_s82p8_d10_klt_safe_fallback/arbitration_summary.txt:14;...(+46),Prior artifact or parameter/search reference found before P02 freeze; exclude exact window from confirmatory denominator.
ntnu,fjord_1,83,103,second,180,true,true,false,DEVELOPMENT_ONLY,logs/ntnu_vins/external_hybrid_xfeat_every2_jul02_earlyseed_scan_fjord_1_s83_d20/ape.txt;logs/ntnu_vins/external_hybrid_xfeat_every2_jul02_earlyseed_scan_fjord_1_s83_d20/ape.txt:1;logs/ntnu_vins/external_hybrid_xfeat_every2_jul02_earlyseed_scan_fjord_1_s83_d20/ape.txt:10;logs/ntnu_vins/external_hybrid_xfeat_every2_jul02_earlyseed_scan_fjord_1_s83_d20/ape.txt:11;logs/ntnu_vins/external_hybrid_xfeat_every2_jul02_earlyseed_scan_fjord_1_s83_d20/ape.txt:12;logs/ntnu_vins/external_hybrid_xfeat_every2_jul02_earlyseed_scan_fjord_1_s83_d20/ape.txt:13;logs/ntnu_vins/external_hybrid_xfeat_every2_jul02_earlyseed_scan_fjord_1_s83_d20/ape.txt:14;logs/ntnu_vins/external_hybrid_xfeat_every2_jul02_earlyseed_scan_fjord_1_s83_d20/ape.txt:15;logs/ntnu_vins/external_hybrid_xfeat_every2_jul02_earlyseed_scan_fjord_1_s83_d20/ape.txt:16;logs/ntnu_vins/external_hybrid_xfeat_every2_jul02_earlyseed_scan_fjord_1_s83_d20/ape.txt:17;logs/ntnu_vins/external_hybrid_xfeat_every2_jul02_earlyseed_scan_fjord_1_s83_d20/ape.txt:18;logs/ntnu_vins/external_hybrid_xfeat_every2_jul02_earlyseed_scan_fjord_1_s83_d20/ape.txt:19;...(+168),Prior artifact or parameter/search reference found before P02 freeze; exclude exact window from confirmatory denominator.
ntnu,fjord_1,83,93,second,1523,true,true,true,DEVELOPMENT_ONLY,logs/jul02_ntnu_fjord1_s83_d10_d15_positive_summary.csv;logs/jul07_online_direct_ntnu_fjord1_s83_d10_summary.csv;logs/ntnu_vins/external_hybrid_xfeat_every2_existing_jul14_restore_ntnu_fjord1_s83_d10_full8/ape.txt;logs/ntnu_vins/external_hybrid_xfeat_every2_existing_jul14_restore_ntnu_fjord1_s83_d10_full8/ape.txt:1;logs/ntnu_vins/external_hybrid_xfeat_every2_existing_jul14_restore_ntnu_fjord1_s83_d10_full8/ape.txt:10;logs/ntnu_vins/external_hybrid_xfeat_every2_existing_jul14_restore_ntnu_fjord1_s83_d10_full8/ape.txt:11;logs/ntnu_vins/external_hybrid_xfeat_every2_existing_jul14_restore_ntnu_fjord1_s83_d10_full8/ape.txt:12;logs/ntnu_vins/external_hybrid_xfeat_every2_existing_jul14_restore_ntnu_fjord1_s83_d10_full8/ape.txt:13;logs/ntnu_vins/external_hybrid_xfeat_every2_existing_jul14_restore_ntnu_fjord1_s83_d10_full8/ape.txt:14;logs/ntnu_vins/external_hybrid_xfeat_every2_existing_jul14_restore_ntnu_fjord1_s83_d10_full8/ape.txt:15;logs/ntnu_vins/external_hybrid_xfeat_every2_existing_jul14_restore_ntnu_fjord1_s83_d10_full8/ape.txt:16;logs/ntnu_vins/external_hybrid_xfeat_every2_existing_jul14_restore_ntnu_fjord1_s83_d10_full8/ape.txt:17;...(+1511),Prior artifact or parameter/search reference found before P02 freeze; exclude exact window from confirmatory denominator.
ntnu,fjord_1,83,98,second,183,true,true,false,DEVELOPMENT_ONLY,logs/ntnu_vins/external_hybrid_xfeat_every2_jul02_earlyseed_scan_fjord_1_s83_d15/ape.txt;logs/ntnu_vins/external_hybrid_xfeat_every2_jul02_earlyseed_scan_fjord_1_s83_d15/ape.txt:1;logs/ntnu_vins/external_hybrid_xfeat_every2_jul02_earlyseed_scan_fjord_1_s83_d15/ape.txt:10;logs/ntnu_vins/external_hybrid_xfeat_every2_jul02_earlyseed_scan_fjord_1_s83_d15/ape.txt:11;logs/ntnu_vins/external_hybrid_xfeat_every2_jul02_earlyseed_scan_fjord_1_s83_d15/ape.txt:12;logs/ntnu_vins/external_hybrid_xfeat_every2_jul02_earlyseed_scan_fjord_1_s83_d15/ape.txt:13;logs/ntnu_vins/external_hybrid_xfeat_every2_jul02_earlyseed_scan_fjord_1_s83_d15/ape.txt:14;logs/ntnu_vins/external_hybrid_xfeat_every2_jul02_earlyseed_scan_fjord_1_s83_d15/ape.txt:15;logs/ntnu_vins/external_hybrid_xfeat_every2_jul02_earlyseed_scan_fjord_1_s83_d15/ape.txt:16;logs/ntnu_vins/external_hybrid_xfeat_every2_jul02_earlyseed_scan_fjord_1_s83_d15/ape.txt:17;logs/ntnu_vins/external_hybrid_xfeat_every2_jul02_earlyseed_scan_fjord_1_s83_d15/ape.txt:18;logs/ntnu_vins/external_hybrid_xfeat_every2_jul02_earlyseed_scan_fjord_1_s83_d15/ape.txt:19;...(+171),Prior artifact or parameter/search reference found before P02 freeze; exclude exact window from confirmatory denominator.
ntnu,fjord_1,83p2,93.2,second,58,true,true,true,DEVELOPMENT_ONLY,logs/jul04_scan_cmdlogs/fjord1_s83p2_d10_export.log;logs/ntnu_vins/external_hybrid_xfeat_every2_jul04_neighbor_ntnu_fjord1_s83p2_d10_probe_oldcontract_densecap/features.bag;logs/ntnu_vins/external_hybrid_xfeat_every2_jul04_neighbor_ntnu_fjord1_s83p2_d10_probe_oldcontract_densecap/frontend_metrics.csv;logs/ntnu_vins/external_hybrid_xfeat_every2_jul04_neighbor_ntnu_fjord1_s83p2_d10_probe_oldcontract_densecap/ntnu_cam0_kannala_brandt.yaml;logs/ntnu_vins/external_hybrid_xfeat_every2_jul04_neighbor_ntnu_fjord1_s83p2_d10_probe_oldcontract_densecap/vins_ntnu_external.yaml;logs/ntnu_vins/external_klt_every2_jul04_neighbor_ntnu_fjord1_s83p2_d10_klt_safe_fallback/arbitration_summary.txt;logs/ntnu_vins/external_klt_every2_jul04_neighbor_ntnu_fjord1_s83p2_d10_klt_safe_fallback/arbitration_summary.txt:1;logs/ntnu_vins/external_klt_every2_jul04_neighbor_ntnu_fjord1_s83p2_d10_klt_safe_fallback/arbitration_summary.txt:10;logs/ntnu_vins/external_klt_every2_jul04_neighbor_ntnu_fjord1_s83p2_d10_klt_safe_fallback/arbitration_summary.txt:11;logs/ntnu_vins/external_klt_every2_jul04_neighbor_ntnu_fjord1_s83p2_d10_klt_safe_fallback/arbitration_summary.txt:12;logs/ntnu_vins/external_klt_every2_jul04_neighbor_ntnu_fjord1_s83p2_d10_klt_safe_fallback/arbitration_summary.txt:13;logs/ntnu_vins/external_klt_every2_jul04_neighbor_ntnu_fjord1_s83p2_d10_klt_safe_fallback/arbitration_summary.txt:14;...(+46),Prior artifact or parameter/search reference found before P02 freeze; exclude exact window from confirmatory denominator.
ntnu,fjord_1,83p3,93.3,second,58,true,true,true,DEVELOPMENT_ONLY,logs/jul04_scan_cmdlogs/fjord1_s83p3_d10_export3.log;logs/ntnu_vins/external_hybrid_xfeat_every2_jul04_neighbor3_ntnu_fjord1_s83p3_d10_probe_oldcontract_densecap/features.bag;logs/ntnu_vins/external_hybrid_xfeat_every2_jul04_neighbor3_ntnu_fjord1_s83p3_d10_probe_oldcontract_densecap/frontend_metrics.csv;logs/ntnu_vins/external_hybrid_xfeat_every2_jul04_neighbor3_ntnu_fjord1_s83p3_d10_probe_oldcontract_densecap/ntnu_cam0_kannala_brandt.yaml;logs/ntnu_vins/external_hybrid_xfeat_every2_jul04_neighbor3_ntnu_fjord1_s83p3_d10_probe_oldcontract_densecap/vins_ntnu_external.yaml;logs/ntnu_vins/external_klt_every2_jul04_neighbor3_ntnu_fjord1_s83p3_d10_klt_safe_fallback/arbitration_summary.txt;logs/ntnu_vins/external_klt_every2_jul04_neighbor3_ntnu_fjord1_s83p3_d10_klt_safe_fallback/arbitration_summary.txt:1;logs/ntnu_vins/external_klt_every2_jul04_neighbor3_ntnu_fjord1_s83p3_d10_klt_safe_fallback/arbitration_summary.txt:10;logs/ntnu_vins/external_klt_every2_jul04_neighbor3_ntnu_fjord1_s83p3_d10_klt_safe_fallback/arbitration_summary.txt:11;logs/ntnu_vins/external_klt_every2_jul04_neighbor3_ntnu_fjord1_s83p3_d10_klt_safe_fallback/arbitration_summary.txt:12;logs/ntnu_vins/external_klt_every2_jul04_neighbor3_ntnu_fjord1_s83p3_d10_klt_safe_fallback/arbitration_summary.txt:13;logs/ntnu_vins/external_klt_every2_jul04_neighbor3_ntnu_fjord1_s83p3_d10_klt_safe_fallback/arbitration_summary.txt:14;...(+46),Prior artifact or parameter/search reference found before P02 freeze; exclude exact window from confirmatory denominator.
ntnu,fjord_1,83p4,93.4,second,58,true,true,true,DEVELOPMENT_ONLY,logs/jul04_scan_cmdlogs/fjord1_s83p4_d10_export3.log;logs/ntnu_vins/external_hybrid_xfeat_every2_jul04_neighbor3_ntnu_fjord1_s83p4_d10_probe_oldcontract_densecap/features.bag;logs/ntnu_vins/external_hybrid_xfeat_every2_jul04_neighbor3_ntnu_fjord1_s83p4_d10_probe_oldcontract_densecap/frontend_metrics.csv;logs/ntnu_vins/external_hybrid_xfeat_every2_jul04_neighbor3_ntnu_fjord1_s83p4_d10_probe_oldcontract_densecap/ntnu_cam0_kannala_brandt.yaml;logs/ntnu_vins/external_hybrid_xfeat_every2_jul04_neighbor3_ntnu_fjord1_s83p4_d10_probe_oldcontract_densecap/vins_ntnu_external.yaml;logs/ntnu_vins/external_klt_every2_jul04_neighbor3_ntnu_fjord1_s83p4_d10_klt_safe_fallback/arbitration_summary.txt;logs/ntnu_vins/external_klt_every2_jul04_neighbor3_ntnu_fjord1_s83p4_d10_klt_safe_fallback/arbitration_summary.txt:1;logs/ntnu_vins/external_klt_every2_jul04_neighbor3_ntnu_fjord1_s83p4_d10_klt_safe_fallback/arbitration_summary.txt:10;logs/ntnu_vins/external_klt_every2_jul04_neighbor3_ntnu_fjord1_s83p4_d10_klt_safe_fallback/arbitration_summary.txt:11;logs/ntnu_vins/external_klt_every2_jul04_neighbor3_ntnu_fjord1_s83p4_d10_klt_safe_fallback/arbitration_summary.txt:12;logs/ntnu_vins/external_klt_every2_jul04_neighbor3_ntnu_fjord1_s83p4_d10_klt_safe_fallback/arbitration_summary.txt:13;logs/ntnu_vins/external_klt_every2_jul04_neighbor3_ntnu_fjord1_s83p4_d10_klt_safe_fallback/arbitration_summary.txt:14;...(+46),Prior artifact or parameter/search reference found before P02 freeze; exclude exact window from confirmatory denominator.
ntnu,fjord_1,83p45,93.45,second,60,true,true,true,DEVELOPMENT_ONLY,logs/jul04_scan_cmdlogs/fjord1_s83p45_d10_latefix_fine_export.log;logs/ntnu_vins/external_hybrid_xfeat_every2_jul04_latefixfine_ntnu_fjord1_s83p45_d10_probe_oldcontract_densecap/features.bag;logs/ntnu_vins/external_hybrid_xfeat_every2_jul04_latefixfine_ntnu_fjord1_s83p45_d10_probe_oldcontract_densecap/frontend_metrics.csv;logs/ntnu_vins/external_hybrid_xfeat_every2_jul04_latefixfine_ntnu_fjord1_s83p45_d10_probe_oldcontract_densecap/ntnu_cam0_kannala_brandt.yaml;logs/ntnu_vins/external_hybrid_xfeat_every2_jul04_latefixfine_ntnu_fjord1_s83p45_d10_probe_oldcontract_densecap/vins_ntnu_external.yaml;logs/ntnu_vins/external_klt_every2_jul04_latefixfine_ntnu_fjord1_s83p45_d10_klt_safe_fallback/arbitration_summary.txt;logs/ntnu_vins/external_klt_every2_jul04_latefixfine_ntnu_fjord1_s83p45_d10_klt_safe_fallback/arbitration_summary.txt:1;logs/ntnu_vins/external_klt_every2_jul04_latefixfine_ntnu_fjord1_s83p45_d10_klt_safe_fallback/arbitration_summary.txt:10;logs/ntnu_vins/external_klt_every2_jul04_latefixfine_ntnu_fjord1_s83p45_d10_klt_safe_fallback/arbitration_summary.txt:11;logs/ntnu_vins/external_klt_every2_jul04_latefixfine_ntnu_fjord1_s83p45_d10_klt_safe_fallback/arbitration_summary.txt:12;logs/ntnu_vins/external_klt_every2_jul04_latefixfine_ntnu_fjord1_s83p45_d10_klt_safe_fallback/arbitration_summary.txt:13;logs/ntnu_vins/external_klt_every2_jul04_latefixfine_ntnu_fjord1_s83p45_d10_klt_safe_fallback/arbitration_summary.txt:14;...(+48),Prior artifact or parameter/search reference found before P02 freeze; exclude exact window from confirmatory denominator.
ntnu,fjord_1,83p46,93.46,second,54,true,true,true,DEVELOPMENT_ONLY,logs/jul04_scan_cmdlogs/fjord1_s83p46_d10_more_export.log;logs/ntnu_vins/external_hybrid_xfeat_every2_jul04_more2_ntnu_fjord1_s83p46_d10_probe_oldcontract_densecap/arbitration_summary.txt;logs/ntnu_vins/external_hybrid_xfeat_every2_jul04_more2_ntnu_fjord1_s83p46_d10_probe_oldcontract_densecap/arbitration_summary.txt:1;logs/ntnu_vins/external_hybrid_xfeat_every2_jul04_more2_ntnu_fjord1_s83p46_d10_probe_oldcontract_densecap/arbitration_summary.txt:10;logs/ntnu_vins/external_hybrid_xfeat_every2_jul04_more2_ntnu_fjord1_s83p46_d10_probe_oldcontract_densecap/arbitration_summary.txt:11;logs/ntnu_vins/external_hybrid_xfeat_every2_jul04_more2_ntnu_fjord1_s83p46_d10_probe_oldcontract_densecap/arbitration_summary.txt:12;logs/ntnu_vins/external_hybrid_xfeat_every2_jul04_more2_ntnu_fjord1_s83p46_d10_probe_oldcontract_densecap/arbitration_summary.txt:13;logs/ntnu_vins/external_hybrid_xfeat_every2_jul04_more2_ntnu_fjord1_s83p46_d10_probe_oldcontract_densecap/arbitration_summary.txt:14;logs/ntnu_vins/external_hybrid_xfeat_every2_jul04_more2_ntnu_fjord1_s83p46_d10_probe_oldcontract_densecap/arbitration_summary.txt:15;logs/ntnu_vins/external_hybrid_xfeat_every2_jul04_more2_ntnu_fjord1_s83p46_d10_probe_oldcontract_densecap/arbitration_summary.txt:16;logs/ntnu_vins/external_hybrid_xfeat_every2_jul04_more2_ntnu_fjord1_s83p46_d10_probe_oldcontract_densecap/arbitration_summary.txt:17;logs/ntnu_vins/external_hybrid_xfeat_every2_jul04_more2_ntnu_fjord1_s83p46_d10_probe_oldcontract_densecap/arbitration_summary.txt:18;...(+42),Prior artifact or parameter/search reference found before P02 freeze; exclude exact window from confirmatory denominator.
ntnu,fjord_1,83p47,93.47,second,54,true,true,true,DEVELOPMENT_ONLY,logs/jul04_scan_cmdlogs/fjord1_s83p47_d10_more_export.log;logs/ntnu_vins/external_hybrid_xfeat_every2_jul04_more2_ntnu_fjord1_s83p47_d10_probe_oldcontract_densecap/arbitration_summary.txt;logs/ntnu_vins/external_hybrid_xfeat_every2_jul04_more2_ntnu_fjord1_s83p47_d10_probe_oldcontract_densecap/arbitration_summary.txt:1;logs/ntnu_vins/external_hybrid_xfeat_every2_jul04_more2_ntnu_fjord1_s83p47_d10_probe_oldcontract_densecap/arbitration_summary.txt:10;logs/ntnu_vins/external_hybrid_xfeat_every2_jul04_more2_ntnu_fjord1_s83p47_d10_probe_oldcontract_densecap/arbitration_summary.txt:11;logs/ntnu_vins/external_hybrid_xfeat_every2_jul04_more2_ntnu_fjord1_s83p47_d10_probe_oldcontract_densecap/arbitration_summary.txt:12;logs/ntnu_vins/external_hybrid_xfeat_every2_jul04_more2_ntnu_fjord1_s83p47_d10_probe_oldcontract_densecap/arbitration_summary.txt:13;logs/ntnu_vins/external_hybrid_xfeat_every2_jul04_more2_ntnu_fjord1_s83p47_d10_probe_oldcontract_densecap/arbitration_summary.txt:14;logs/ntnu_vins/external_hybrid_xfeat_every2_jul04_more2_ntnu_fjord1_s83p47_d10_probe_oldcontract_densecap/arbitration_summary.txt:15;logs/ntnu_vins/external_hybrid_xfeat_every2_jul04_more2_ntnu_fjord1_s83p47_d10_probe_oldcontract_densecap/arbitration_summary.txt:16;logs/ntnu_vins/external_hybrid_xfeat_every2_jul04_more2_ntnu_fjord1_s83p47_d10_probe_oldcontract_densecap/arbitration_summary.txt:17;logs/ntnu_vins/external_hybrid_xfeat_every2_jul04_more2_ntnu_fjord1_s83p47_d10_probe_oldcontract_densecap/arbitration_summary.txt:18;...(+42),Prior artifact or parameter/search reference found before P02 freeze; exclude exact window from confirmatory denominator.
ntnu,fjord_1,83p48,103.48,second,238,true,true,true,DEVELOPMENT_ONLY,logs/jul04_scan_cmdlogs/fjord1_s83p48_d20_latefix_drop20.log;logs/jul04_scan_cmdlogs/fjord1_s83p48_d20_latefix_drop20_replay.log;logs/jul04_scan_cmdlogs/fjord1_s83p48_d20_latefix_export.log;logs/jul04_scan_cmdlogs/fjord1_s83p48_d20_latefix_full_replay.log;logs/jul04_scan_cmdlogs/fjord1_s83p48_d20_latefix_klt_export.log;logs/jul04_scan_cmdlogs/fjord1_s83p48_d20_latefix_klt_replay.log;logs/ntnu_vins/external_hybrid_xfeat_every2_jul04_latefix_ntnu_fjord1_s83p48_d20_drop20_replay/ape.txt;logs/ntnu_vins/external_hybrid_xfeat_every2_jul04_latefix_ntnu_fjord1_s83p48_d20_drop20_replay/ape.txt:1;logs/ntnu_vins/external_hybrid_xfeat_every2_jul04_latefix_ntnu_fjord1_s83p48_d20_drop20_replay/ape.txt:10;logs/ntnu_vins/external_hybrid_xfeat_every2_jul04_latefix_ntnu_fjord1_s83p48_d20_drop20_replay/ape.txt:11;logs/ntnu_vins/external_hybrid_xfeat_every2_jul04_latefix_ntnu_fjord1_s83p48_d20_drop20_replay/ape.txt:12;logs/ntnu_vins/external_hybrid_xfeat_every2_jul04_latefix_ntnu_fjord1_s83p48_d20_drop20_replay/ape.txt:13;...(+226),Prior artifact or parameter/search reference found before P02 freeze; exclude exact window from confirmatory denominator.
ntnu,fjord_1,83p48,108.48,second,54,true,true,true,DEVELOPMENT_ONLY,logs/jul04_scan_cmdlogs/fjord1_s83p48_d25_morelong_export.log;logs/ntnu_vins/external_hybrid_xfeat_every2_jul04_morelong_ntnu_fjord1_s83p48_d25_probe_oldcontract_densecap/arbitration_summary.txt;logs/ntnu_vins/external_hybrid_xfeat_every2_jul04_morelong_ntnu_fjord1_s83p48_d25_probe_oldcontract_densecap/arbitration_summary.txt:1;logs/ntnu_vins/external_hybrid_xfeat_every2_jul04_morelong_ntnu_fjord1_s83p48_d25_probe_oldcontract_densecap/arbitration_summary.txt:10;logs/ntnu_vins/external_hybrid_xfeat_every2_jul04_morelong_ntnu_fjord1_s83p48_d25_probe_oldcontract_densecap/arbitration_summary.txt:11;logs/ntnu_vins/external_hybrid_xfeat_every2_jul04_morelong_ntnu_fjord1_s83p48_d25_probe_oldcontract_densecap/arbitration_summary.txt:12;logs/ntnu_vins/external_hybrid_xfeat_every2_jul04_morelong_ntnu_fjord1_s83p48_d25_probe_oldcontract_densecap/arbitration_summary.txt:13;logs/ntnu_vins/external_hybrid_xfeat_every2_jul04_morelong_ntnu_fjord1_s83p48_d25_probe_oldcontract_densecap/arbitration_summary.txt:14;logs/ntnu_vins/external_hybrid_xfeat_every2_jul04_morelong_ntnu_fjord1_s83p48_d25_probe_oldcontract_densecap/arbitration_summary.txt:15;logs/ntnu_vins/external_hybrid_xfeat_every2_jul04_morelong_ntnu_fjord1_s83p48_d25_probe_oldcontract_densecap/arbitration_summary.txt:16;logs/ntnu_vins/external_hybrid_xfeat_every2_jul04_morelong_ntnu_fjord1_s83p48_d25_probe_oldcontract_densecap/arbitration_summary.txt:17;logs/ntnu_vins/external_hybrid_xfeat_every2_jul04_morelong_ntnu_fjord1_s83p48_d25_probe_oldcontract_densecap/arbitration_summary.txt:18;...(+42),Prior artifact or parameter/search reference found before P02 freeze; exclude exact window from confirmatory denominator.
ntnu,fjord_1,83p48,113.48,second,241,true,true,true,DEVELOPMENT_ONLY,logs/jul04_ntnu_fjord1_s83p48_d30_morelong_summary.csv;logs/jul04_scan_cmdlogs/fjord1_s83p48_d30_morelong_drop20.log;logs/jul04_scan_cmdlogs/fjord1_s83p48_d30_morelong_drop20_replay.log;logs/jul04_scan_cmdlogs/fjord1_s83p48_d30_morelong_export.log;logs/jul04_scan_cmdlogs/fjord1_s83p48_d30_morelong_full_replay.log;logs/jul04_scan_cmdlogs/fjord1_s83p48_d30_morelong_klt_export.log;logs/jul04_scan_cmdlogs/fjord1_s83p48_d30_morelong_klt_replay.log;logs/ntnu_vins/external_hybrid_xfeat_every2_jul04_morelong_ntnu_fjord1_s83p48_d30_drop20_replay/ape.txt;logs/ntnu_vins/external_hybrid_xfeat_every2_jul04_morelong_ntnu_fjord1_s83p48_d30_drop20_replay/ape.txt:1;logs/ntnu_vins/external_hybrid_xfeat_every2_jul04_morelong_ntnu_fjord1_s83p48_d30_drop20_replay/ape.txt:10;logs/ntnu_vins/external_hybrid_xfeat_every2_jul04_morelong_ntnu_fjord1_s83p48_d30_drop20_replay/ape.txt:11;logs/ntnu_vins/external_hybrid_xfeat_every2_jul04_morelong_ntnu_fjord1_s83p48_d30_drop20_replay/ape.txt:12;...(+229),Prior artifact or parameter/search reference found before P02 freeze; exclude exact window from confirmatory denominator.
ntnu,fjord_1,83p48,93.48,second,526,true,true,true,DEVELOPMENT_ONLY,logs/jul04_scan_cmdlogs/fjord1_s83p48_d10_age6_export.log;logs/jul04_scan_cmdlogs/fjord1_s83p48_d10_age6_late1_export.log;logs/jul04_scan_cmdlogs/fjord1_s83p48_d10_latefix_fine_export.log;logs/ntnu_vins/external_hybrid_xfeat_every2_jul04_age6_ntnu_fjord1_s83p48_d10_probe_oldcontract_densecap/features.bag;logs/ntnu_vins/external_hybrid_xfeat_every2_jul04_age6_ntnu_fjord1_s83p48_d10_probe_oldcontract_densecap/frontend_metrics.csv;logs/ntnu_vins/external_hybrid_xfeat_every2_jul04_age6_ntnu_fjord1_s83p48_d10_probe_oldcontract_densecap/ntnu_cam0_kannala_brandt.yaml;logs/ntnu_vins/external_hybrid_xfeat_every2_jul04_age6_ntnu_fjord1_s83p48_d10_probe_oldcontract_densecap/vins_ntnu_external.yaml;logs/ntnu_vins/external_hybrid_xfeat_every2_jul04_age6late1_ntnu_fjord1_s83p48_d10_drop20_replay/ape.txt;logs/ntnu_vins/external_hybrid_xfeat_every2_jul04_age6late1_ntnu_fjord1_s83p48_d10_drop20_replay/ape.txt:1;logs/ntnu_vins/external_hybrid_xfeat_every2_jul04_age6late1_ntnu_fjord1_s83p48_d10_drop20_replay/ape.txt:10;logs/ntnu_vins/external_hybrid_xfeat_every2_jul04_age6late1_ntnu_fjord1_s83p48_d10_drop20_replay/ape.txt:11;logs/ntnu_vins/external_hybrid_xfeat_every2_jul04_age6late1_ntnu_fjord1_s83p48_d10_drop20_replay/ape.txt:12;...(+514),Prior artifact or parameter/search reference found before P02 freeze; exclude exact window from confirmatory denominator.
ntnu,fjord_1,83p48,98.48,second,238,true,true,true,DEVELOPMENT_ONLY,logs/jul04_scan_cmdlogs/fjord1_s83p48_d15_latefix_drop20.log;logs/jul04_scan_cmdlogs/fjord1_s83p48_d15_latefix_drop20_replay.log;logs/jul04_scan_cmdlogs/fjord1_s83p48_d15_latefix_export.log;logs/jul04_scan_cmdlogs/fjord1_s83p48_d15_latefix_full_replay.log;logs/jul04_scan_cmdlogs/fjord1_s83p48_d15_latefix_klt_export.log;logs/jul04_scan_cmdlogs/fjord1_s83p48_d15_latefix_klt_replay.log;logs/ntnu_vins/external_hybrid_xfeat_every2_jul04_latefix_ntnu_fjord1_s83p48_d15_drop20_replay/ape.txt;logs/ntnu_vins/external_hybrid_xfeat_every2_jul04_latefix_ntnu_fjord1_s83p48_d15_drop20_replay/ape.txt:1;logs/ntnu_vins/external_hybrid_xfeat_every2_jul04_latefix_ntnu_fjord1_s83p48_d15_drop20_replay/ape.txt:10;logs/ntnu_vins/external_hybrid_xfeat_every2_jul04_latefix_ntnu_fjord1_s83p48_d15_drop20_replay/ape.txt:11;logs/ntnu_vins/external_hybrid_xfeat_every2_jul04_latefix_ntnu_fjord1_s83p48_d15_drop20_replay/ape.txt:12;logs/ntnu_vins/external_hybrid_xfeat_every2_jul04_latefix_ntnu_fjord1_s83p48_d15_drop20_replay/ape.txt:13;...(+226),Prior artifact or parameter/search reference found before P02 freeze; exclude exact window from confirmatory denominator.
ntnu,fjord_1,83p49,93.49,second,232,true,true,true,DEVELOPMENT_ONLY,logs/jul04_scan_cmdlogs/fjord1_s83p49_d10_more_export.log;logs/ntnu_vins/external_hybrid_xfeat_every2_jul04_more2_ntnu_fjord1_s83p49_d10_probe_oldcontract_densecap/arbitration_summary.txt;logs/ntnu_vins/external_hybrid_xfeat_every2_jul04_more2_ntnu_fjord1_s83p49_d10_probe_oldcontract_densecap/arbitration_summary.txt:1;logs/ntnu_vins/external_hybrid_xfeat_every2_jul04_more2_ntnu_fjord1_s83p49_d10_probe_oldcontract_densecap/arbitration_summary.txt:10;logs/ntnu_vins/external_hybrid_xfeat_every2_jul04_more2_ntnu_fjord1_s83p49_d10_probe_oldcontract_densecap/arbitration_summary.txt:11;logs/ntnu_vins/external_hybrid_xfeat_every2_jul04_more2_ntnu_fjord1_s83p49_d10_probe_oldcontract_densecap/arbitration_summary.txt:12;logs/ntnu_vins/external_hybrid_xfeat_every2_jul04_more2_ntnu_fjord1_s83p49_d10_probe_oldcontract_densecap/arbitration_summary.txt:13;logs/ntnu_vins/external_hybrid_xfeat_every2_jul04_more2_ntnu_fjord1_s83p49_d10_probe_oldcontract_densecap/arbitration_summary.txt:14;logs/ntnu_vins/external_hybrid_xfeat_every2_jul04_more2_ntnu_fjord1_s83p49_d10_probe_oldcontract_densecap/arbitration_summary.txt:15;logs/ntnu_vins/external_hybrid_xfeat_every2_jul04_more2_ntnu_fjord1_s83p49_d10_probe_oldcontract_densecap/arbitration_summary.txt:16;logs/ntnu_vins/external_hybrid_xfeat_every2_jul04_more2_ntnu_fjord1_s83p49_d10_probe_oldcontract_densecap/arbitration_summary.txt:17;logs/ntnu_vins/external_hybrid_xfeat_every2_jul04_more2_ntnu_fjord1_s83p49_d10_probe_oldcontract_densecap/arbitration_summary.txt:18;...(+220),Prior artifact or parameter/search reference found before P02 freeze; exclude exact window from confirmatory denominator.
ntnu,fjord_1,83p5,103.5,second,239,true,true,true,DEVELOPMENT_ONLY,logs/jul04_scan_cmdlogs/fjord1_s83p5_d20_export4.log;logs/jul04_scan_cmdlogs/fjord1_s83p5_d20_long_drop20.log;logs/jul04_scan_cmdlogs/fjord1_s83p5_d20_long_drop20_replay.log;logs/jul04_scan_cmdlogs/fjord1_s83p5_d20_long_full_replay.log;logs/jul04_scan_cmdlogs/fjord1_s83p5_d20_long_klt_export.log;logs/jul04_scan_cmdlogs/fjord1_s83p5_d20_long_klt_replay.log;logs/ntnu_vins/external_hybrid_xfeat_every2_jul04_long_ntnu_fjord1_s83p5_d20_drop20_replay/ape.txt;logs/ntnu_vins/external_hybrid_xfeat_every2_jul04_long_ntnu_fjord1_s83p5_d20_drop20_replay/ape.txt:1;logs/ntnu_vins/external_hybrid_xfeat_every2_jul04_long_ntnu_fjord1_s83p5_d20_drop20_replay/ape.txt:10;logs/ntnu_vins/external_hybrid_xfeat_every2_jul04_long_ntnu_fjord1_s83p5_d20_drop20_replay/ape.txt:11;logs/ntnu_vins/external_hybrid_xfeat_every2_jul04_long_ntnu_fjord1_s83p5_d20_drop20_replay/ape.txt:12;logs/ntnu_vins/external_hybrid_xfeat_every2_jul04_long_ntnu_fjord1_s83p5_d20_drop20_replay/ape.txt:13;...(+227),Prior artifact or parameter/search reference found before P02 freeze; exclude exact window from confirmatory denominator.
ntnu,fjord_1,83p5,93.5,second,579,true,true,true,DEVELOPMENT_ONLY,logs/jul04_scan_cmdlogs/fjord1_s83p5_d10_age6_export.log;logs/jul04_scan_cmdlogs/fjord1_s83p5_d10_age6_late1_export.log;logs/jul04_scan_cmdlogs/fjord1_s83p5_d10_export.log;logs/jul04_scan_cmdlogs/fjord1_s83p5_d10_latefix_export.log;logs/ntnu_vins/external_hybrid_xfeat_every2_jul04_age6_ntnu_fjord1_s83p5_d10_probe_oldcontract_densecap/features.bag;logs/ntnu_vins/external_hybrid_xfeat_every2_jul04_age6_ntnu_fjord1_s83p5_d10_probe_oldcontract_densecap/frontend_metrics.csv;logs/ntnu_vins/external_hybrid_xfeat_every2_jul04_age6_ntnu_fjord1_s83p5_d10_probe_oldcontract_densecap/ntnu_cam0_kannala_brandt.yaml;logs/ntnu_vins/external_hybrid_xfeat_every2_jul04_age6_ntnu_fjord1_s83p5_d10_probe_oldcontract_densecap/vins_ntnu_external.yaml;logs/ntnu_vins/external_hybrid_xfeat_every2_jul04_age6late1_ntnu_fjord1_s83p5_d10_drop20_replay/ape.txt;logs/ntnu_vins/external_hybrid_xfeat_every2_jul04_age6late1_ntnu_fjord1_s83p5_d10_drop20_replay/ape.txt:1;logs/ntnu_vins/external_hybrid_xfeat_every2_jul04_age6late1_ntnu_fjord1_s83p5_d10_drop20_replay/ape.txt:10;logs/ntnu_vins/external_hybrid_xfeat_every2_jul04_age6late1_ntnu_fjord1_s83p5_d10_drop20_replay/ape.txt:11;...(+567),Prior artifact or parameter/search reference found before P02 freeze; exclude exact window from confirmatory denominator.
ntnu,fjord_1,83p5,98.5,second,239,true,true,true,DEVELOPMENT_ONLY,logs/jul04_scan_cmdlogs/fjord1_s83p5_d15_export4.log;logs/jul04_scan_cmdlogs/fjord1_s83p5_d15_long_drop20.log;logs/jul04_scan_cmdlogs/fjord1_s83p5_d15_long_drop20_replay.log;logs/jul04_scan_cmdlogs/fjord1_s83p5_d15_long_full_replay.log;logs/jul04_scan_cmdlogs/fjord1_s83p5_d15_long_klt_export.log;logs/jul04_scan_cmdlogs/fjord1_s83p5_d15_long_klt_replay.log;logs/ntnu_vins/external_hybrid_xfeat_every2_jul04_long_ntnu_fjord1_s83p5_d15_drop20_replay/ape.txt;logs/ntnu_vins/external_hybrid_xfeat_every2_jul04_long_ntnu_fjord1_s83p5_d15_drop20_replay/ape.txt:1;logs/ntnu_vins/external_hybrid_xfeat_every2_jul04_long_ntnu_fjord1_s83p5_d15_drop20_replay/ape.txt:10;logs/ntnu_vins/external_hybrid_xfeat_every2_jul04_long_ntnu_fjord1_s83p5_d15_drop20_replay/ape.txt:11;logs/ntnu_vins/external_hybrid_xfeat_every2_jul04_long_ntnu_fjord1_s83p5_d15_drop20_replay/ape.txt:12;logs/ntnu_vins/external_hybrid_xfeat_every2_jul04_long_ntnu_fjord1_s83p5_d15_drop20_replay/ape.txt:13;...(+227),Prior artifact or parameter/search reference found before P02 freeze; exclude exact window from confirmatory denominator.
ntnu,fjord_1,83p50,93.5,second,232,true,true,true,DEVELOPMENT_ONLY,logs/jul04_scan_cmdlogs/fjord1_s83p50_d10_more_export.log;logs/ntnu_vins/external_hybrid_xfeat_every2_jul04_more2_ntnu_fjord1_s83p50_d10_probe_oldcontract_densecap/arbitration_summary.txt;logs/ntnu_vins/external_hybrid_xfeat_every2_jul04_more2_ntnu_fjord1_s83p50_d10_probe_oldcontract_densecap/arbitration_summary.txt:1;logs/ntnu_vins/external_hybrid_xfeat_every2_jul04_more2_ntnu_fjord1_s83p50_d10_probe_oldcontract_densecap/arbitration_summary.txt:10;logs/ntnu_vins/external_hybrid_xfeat_every2_jul04_more2_ntnu_fjord1_s83p50_d10_probe_oldcontract_densecap/arbitration_summary.txt:11;logs/ntnu_vins/external_hybrid_xfeat_every2_jul04_more2_ntnu_fjord1_s83p50_d10_probe_oldcontract_densecap/arbitration_summary.txt:12;logs/ntnu_vins/external_hybrid_xfeat_every2_jul04_more2_ntnu_fjord1_s83p50_d10_probe_oldcontract_densecap/arbitration_summary.txt:13;logs/ntnu_vins/external_hybrid_xfeat_every2_jul04_more2_ntnu_fjord1_s83p50_d10_probe_oldcontract_densecap/arbitration_summary.txt:14;logs/ntnu_vins/external_hybrid_xfeat_every2_jul04_more2_ntnu_fjord1_s83p50_d10_probe_oldcontract_densecap/arbitration_summary.txt:15;logs/ntnu_vins/external_hybrid_xfeat_every2_jul04_more2_ntnu_fjord1_s83p50_d10_probe_oldcontract_densecap/arbitration_summary.txt:16;logs/ntnu_vins/external_hybrid_xfeat_every2_jul04_more2_ntnu_fjord1_s83p50_d10_probe_oldcontract_densecap/arbitration_summary.txt:17;logs/ntnu_vins/external_hybrid_xfeat_every2_jul04_more2_ntnu_fjord1_s83p50_d10_probe_oldcontract_densecap/arbitration_summary.txt:18;...(+220),Prior artifact or parameter/search reference found before P02 freeze; exclude exact window from confirmatory denominator.
ntnu,fjord_1,83p51,93.51,second,59,true,true,true,DEVELOPMENT_ONLY,logs/jul04_scan_cmdlogs/fjord1_s83p51_d10_more_export.log;logs/ntnu_vins/external_hybrid_xfeat_every2_jul04_more2_ntnu_fjord1_s83p51_d10_probe_oldcontract_densecap/features.bag;logs/ntnu_vins/external_hybrid_xfeat_every2_jul04_more2_ntnu_fjord1_s83p51_d10_probe_oldcontract_densecap/frontend_metrics.csv;logs/ntnu_vins/external_hybrid_xfeat_every2_jul04_more2_ntnu_fjord1_s83p51_d10_probe_oldcontract_densecap/ntnu_cam0_kannala_brandt.yaml;logs/ntnu_vins/external_hybrid_xfeat_every2_jul04_more2_ntnu_fjord1_s83p51_d10_probe_oldcontract_densecap/vins_ntnu_external.yaml;logs/ntnu_vins/external_klt_every2_jul04_more2_ntnu_fjord1_s83p51_d10_klt_safe_fallback/arbitration_summary.txt;logs/ntnu_vins/external_klt_every2_jul04_more2_ntnu_fjord1_s83p51_d10_klt_safe_fallback/arbitration_summary.txt:1;logs/ntnu_vins/external_klt_every2_jul04_more2_ntnu_fjord1_s83p51_d10_klt_safe_fallback/arbitration_summary.txt:10;logs/ntnu_vins/external_klt_every2_jul04_more2_ntnu_fjord1_s83p51_d10_klt_safe_fallback/arbitration_summary.txt:11;logs/ntnu_vins/external_klt_every2_jul04_more2_ntnu_fjord1_s83p51_d10_klt_safe_fallback/arbitration_summary.txt:12;logs/ntnu_vins/external_klt_every2_jul04_more2_ntnu_fjord1_s83p51_d10_klt_safe_fallback/arbitration_summary.txt:13;logs/ntnu_vins/external_klt_every2_jul04_more2_ntnu_fjord1_s83p51_d10_klt_safe_fallback/arbitration_summary.txt:14;...(+47),Prior artifact or parameter/search reference found before P02 freeze; exclude exact window from confirmatory denominator.
ntnu,fjord_1,83p52,93.52,second,58,true,true,true,DEVELOPMENT_ONLY,logs/jul04_scan_cmdlogs/fjord1_s83p52_d10_latefix_fine_export.log;logs/ntnu_vins/external_hybrid_xfeat_every2_jul04_latefixfine_ntnu_fjord1_s83p52_d10_probe_oldcontract_densecap/features.bag;logs/ntnu_vins/external_hybrid_xfeat_every2_jul04_latefixfine_ntnu_fjord1_s83p52_d10_probe_oldcontract_densecap/frontend_metrics.csv;logs/ntnu_vins/external_hybrid_xfeat_every2_jul04_latefixfine_ntnu_fjord1_s83p52_d10_probe_oldcontract_densecap/ntnu_cam0_kannala_brandt.yaml;logs/ntnu_vins/external_hybrid_xfeat_every2_jul04_latefixfine_ntnu_fjord1_s83p52_d10_probe_oldcontract_densecap/vins_ntnu_external.yaml;logs/ntnu_vins/external_klt_every2_jul04_latefixfine_ntnu_fjord1_s83p52_d10_klt_safe_fallback/arbitration_summary.txt;logs/ntnu_vins/external_klt_every2_jul04_latefixfine_ntnu_fjord1_s83p52_d10_klt_safe_fallback/arbitration_summary.txt:1;logs/ntnu_vins/external_klt_every2_jul04_latefixfine_ntnu_fjord1_s83p52_d10_klt_safe_fallback/arbitration_summary.txt:10;logs/ntnu_vins/external_klt_every2_jul04_latefixfine_ntnu_fjord1_s83p52_d10_klt_safe_fallback/arbitration_summary.txt:11;logs/ntnu_vins/external_klt_every2_jul04_latefixfine_ntnu_fjord1_s83p52_d10_klt_safe_fallback/arbitration_summary.txt:12;logs/ntnu_vins/external_klt_every2_jul04_latefixfine_ntnu_fjord1_s83p52_d10_klt_safe_fallback/arbitration_summary.txt:13;logs/ntnu_vins/external_klt_every2_jul04_latefixfine_ntnu_fjord1_s83p52_d10_klt_safe_fallback/arbitration_summary.txt:14;...(+46),Prior artifact or parameter/search reference found before P02 freeze; exclude exact window from confirmatory denominator.
ntnu,fjord_1,83p55,93.55,second,58,true,true,true,DEVELOPMENT_ONLY,logs/jul04_scan_cmdlogs/fjord1_s83p55_d10_latefix_fine_export.log;logs/ntnu_vins/external_hybrid_xfeat_every2_jul04_latefixfine_ntnu_fjord1_s83p55_d10_probe_oldcontract_densecap/features.bag;logs/ntnu_vins/external_hybrid_xfeat_every2_jul04_latefixfine_ntnu_fjord1_s83p55_d10_probe_oldcontract_densecap/frontend_metrics.csv;logs/ntnu_vins/external_hybrid_xfeat_every2_jul04_latefixfine_ntnu_fjord1_s83p55_d10_probe_oldcontract_densecap/ntnu_cam0_kannala_brandt.yaml;logs/ntnu_vins/external_hybrid_xfeat_every2_jul04_latefixfine_ntnu_fjord1_s83p55_d10_probe_oldcontract_densecap/vins_ntnu_external.yaml;logs/ntnu_vins/external_klt_every2_jul04_latefixfine_ntnu_fjord1_s83p55_d10_klt_safe_fallback/arbitration_summary.txt;logs/ntnu_vins/external_klt_every2_jul04_latefixfine_ntnu_fjord1_s83p55_d10_klt_safe_fallback/arbitration_summary.txt:1;logs/ntnu_vins/external_klt_every2_jul04_latefixfine_ntnu_fjord1_s83p55_d10_klt_safe_fallback/arbitration_summary.txt:10;logs/ntnu_vins/external_klt_every2_jul04_latefixfine_ntnu_fjord1_s83p55_d10_klt_safe_fallback/arbitration_summary.txt:11;logs/ntnu_vins/external_klt_every2_jul04_latefixfine_ntnu_fjord1_s83p55_d10_klt_safe_fallback/arbitration_summary.txt:12;logs/ntnu_vins/external_klt_every2_jul04_latefixfine_ntnu_fjord1_s83p55_d10_klt_safe_fallback/arbitration_summary.txt:13;logs/ntnu_vins/external_klt_every2_jul04_latefixfine_ntnu_fjord1_s83p55_d10_klt_safe_fallback/arbitration_summary.txt:14;...(+46),Prior artifact or parameter/search reference found before P02 freeze; exclude exact window from confirmatory denominator.
ntnu,fjord_1,83p58,93.58,second,58,true,true,true,DEVELOPMENT_ONLY,logs/jul04_scan_cmdlogs/fjord1_s83p58_d10_latefix_fine_export.log;logs/ntnu_vins/external_hybrid_xfeat_every2_jul04_latefixfine_ntnu_fjord1_s83p58_d10_probe_oldcontract_densecap/features.bag;logs/ntnu_vins/external_hybrid_xfeat_every2_jul04_latefixfine_ntnu_fjord1_s83p58_d10_probe_oldcontract_densecap/frontend_metrics.csv;logs/ntnu_vins/external_hybrid_xfeat_every2_jul04_latefixfine_ntnu_fjord1_s83p58_d10_probe_oldcontract_densecap/ntnu_cam0_kannala_brandt.yaml;logs/ntnu_vins/external_hybrid_xfeat_every2_jul04_latefixfine_ntnu_fjord1_s83p58_d10_probe_oldcontract_densecap/vins_ntnu_external.yaml;logs/ntnu_vins/external_klt_every2_jul04_latefixfine_ntnu_fjord1_s83p58_d10_klt_safe_fallback/arbitration_summary.txt;logs/ntnu_vins/external_klt_every2_jul04_latefixfine_ntnu_fjord1_s83p58_d10_klt_safe_fallback/arbitration_summary.txt:1;logs/ntnu_vins/external_klt_every2_jul04_latefixfine_ntnu_fjord1_s83p58_d10_klt_safe_fallback/arbitration_summary.txt:10;logs/ntnu_vins/external_klt_every2_jul04_latefixfine_ntnu_fjord1_s83p58_d10_klt_safe_fallback/arbitration_summary.txt:11;logs/ntnu_vins/external_klt_every2_jul04_latefixfine_ntnu_fjord1_s83p58_d10_klt_safe_fallback/arbitration_summary.txt:12;logs/ntnu_vins/external_klt_every2_jul04_latefixfine_ntnu_fjord1_s83p58_d10_klt_safe_fallback/arbitration_summary.txt:13;logs/ntnu_vins/external_klt_every2_jul04_latefixfine_ntnu_fjord1_s83p58_d10_klt_safe_fallback/arbitration_summary.txt:14;...(+46),Prior artifact or parameter/search reference found before P02 freeze; exclude exact window from confirmatory denominator.
ntnu,fjord_1,83p6,103.6,second,360,true,true,true,DEVELOPMENT_ONLY,logs/jul04_scan_cmdlogs/fjord1_s83p6_d20_export4.log;logs/jul04_scan_cmdlogs/fjord1_s83p6_d20_long_drop20.log;logs/jul04_scan_cmdlogs/fjord1_s83p6_d20_long_drop20_replay.log;logs/jul04_scan_cmdlogs/fjord1_s83p6_d20_long_full_replay.log;logs/jul04_scan_cmdlogs/fjord1_s83p6_d20_long_klt_export.log;logs/jul04_scan_cmdlogs/fjord1_s83p6_d20_long_klt_replay.log;logs/ntnu_vins/external_hybrid_xfeat_every2_jul04_long_ntnu_fjord1_s83p6_d20_drop20_replay/ape.txt;logs/ntnu_vins/external_hybrid_xfeat_every2_jul04_long_ntnu_fjord1_s83p6_d20_drop20_replay/ape.txt:1;logs/ntnu_vins/external_hybrid_xfeat_every2_jul04_long_ntnu_fjord1_s83p6_d20_drop20_replay/ape.txt:10;logs/ntnu_vins/external_hybrid_xfeat_every2_jul04_long_ntnu_fjord1_s83p6_d20_drop20_replay/ape.txt:11;logs/ntnu_vins/external_hybrid_xfeat_every2_jul04_long_ntnu_fjord1_s83p6_d20_drop20_replay/ape.txt:12;logs/ntnu_vins/external_hybrid_xfeat_every2_jul04_long_ntnu_fjord1_s83p6_d20_drop20_replay/ape.txt:13;...(+348),Prior artifact or parameter/search reference found before P02 freeze; exclude exact window from confirmatory denominator.
ntnu,fjord_1,83p6,93.6,second,413,true,true,true,DEVELOPMENT_ONLY,logs/jul04_scan_cmdlogs/fjord1_s83p6_d10_export3.log;logs/jul04_scan_cmdlogs/fjord1_s83p6_d10_latefix_export.log;logs/ntnu_vins/external_hybrid_xfeat_every2_jul04_latefix_ntnu_fjord1_s83p6_d10_probe_oldcontract_densecap/features.bag;logs/ntnu_vins/external_hybrid_xfeat_every2_jul04_latefix_ntnu_fjord1_s83p6_d10_probe_oldcontract_densecap/frontend_metrics.csv;logs/ntnu_vins/external_hybrid_xfeat_every2_jul04_latefix_ntnu_fjord1_s83p6_d10_probe_oldcontract_densecap/ntnu_cam0_kannala_brandt.yaml;logs/ntnu_vins/external_hybrid_xfeat_every2_jul04_latefix_ntnu_fjord1_s83p6_d10_probe_oldcontract_densecap/vins_ntnu_external.yaml;logs/ntnu_vins/external_hybrid_xfeat_every2_jul04_neighbor3_ntnu_fjord1_s83p6_d10_drop20_replay/ape.txt;logs/ntnu_vins/external_hybrid_xfeat_every2_jul04_neighbor3_ntnu_fjord1_s83p6_d10_drop20_replay/ape.txt:1;logs/ntnu_vins/external_hybrid_xfeat_every2_jul04_neighbor3_ntnu_fjord1_s83p6_d10_drop20_replay/ape.txt:10;logs/ntnu_vins/external_hybrid_xfeat_every2_jul04_neighbor3_ntnu_fjord1_s83p6_d10_drop20_replay/ape.txt:11;logs/ntnu_vins/external_hybrid_xfeat_every2_jul04_neighbor3_ntnu_fjord1_s83p6_d10_drop20_replay/ape.txt:12;logs/ntnu_vins/external_hybrid_xfeat_every2_jul04_neighbor3_ntnu_fjord1_s83p6_d10_drop20_replay/ape.txt:13;...(+401),Prior artifact or parameter/search reference found before P02 freeze; exclude exact window from confirmatory denominator.
ntnu,fjord_1,83p6,98.6,second,360,true,true,true,DEVELOPMENT_ONLY,logs/jul04_scan_cmdlogs/fjord1_s83p6_d15_export4.log;logs/jul04_scan_cmdlogs/fjord1_s83p6_d15_long_drop20.log;logs/jul04_scan_cmdlogs/fjord1_s83p6_d15_long_drop20_replay.log;logs/jul04_scan_cmdlogs/fjord1_s83p6_d15_long_full_replay.log;logs/jul04_scan_cmdlogs/fjord1_s83p6_d15_long_klt_export.log;logs/jul04_scan_cmdlogs/fjord1_s83p6_d15_long_klt_replay.log;logs/ntnu_vins/external_hybrid_xfeat_every2_jul04_long_ntnu_fjord1_s83p6_d15_drop20_replay/ape.txt;logs/ntnu_vins/external_hybrid_xfeat_every2_jul04_long_ntnu_fjord1_s83p6_d15_drop20_replay/ape.txt:1;logs/ntnu_vins/external_hybrid_xfeat_every2_jul04_long_ntnu_fjord1_s83p6_d15_drop20_replay/ape.txt:10;logs/ntnu_vins/external_hybrid_xfeat_every2_jul04_long_ntnu_fjord1_s83p6_d15_drop20_replay/ape.txt:11;logs/ntnu_vins/external_hybrid_xfeat_every2_jul04_long_ntnu_fjord1_s83p6_d15_drop20_replay/ape.txt:12;logs/ntnu_vins/external_hybrid_xfeat_every2_jul04_long_ntnu_fjord1_s83p6_d15_drop20_replay/ape.txt:13;...(+348),Prior artifact or parameter/search reference found before P02 freeze; exclude exact window from confirmatory denominator.
ntnu,fjord_1,83p7,93.7,second,58,true,true,true,DEVELOPMENT_ONLY,logs/jul04_scan_cmdlogs/fjord1_s83p7_d10_export3.log;logs/ntnu_vins/external_hybrid_xfeat_every2_jul04_neighbor3_ntnu_fjord1_s83p7_d10_probe_oldcontract_densecap/features.bag;logs/ntnu_vins/external_hybrid_xfeat_every2_jul04_neighbor3_ntnu_fjord1_s83p7_d10_probe_oldcontract_densecap/frontend_metrics.csv;logs/ntnu_vins/external_hybrid_xfeat_every2_jul04_neighbor3_ntnu_fjord1_s83p7_d10_probe_oldcontract_densecap/ntnu_cam0_kannala_brandt.yaml;logs/ntnu_vins/external_hybrid_xfeat_every2_jul04_neighbor3_ntnu_fjord1_s83p7_d10_probe_oldcontract_densecap/vins_ntnu_external.yaml;logs/ntnu_vins/external_klt_every2_jul04_neighbor3_ntnu_fjord1_s83p7_d10_klt_safe_fallback/arbitration_summary.txt;logs/ntnu_vins/external_klt_every2_jul04_neighbor3_ntnu_fjord1_s83p7_d10_klt_safe_fallback/arbitration_summary.txt:1;logs/ntnu_vins/external_klt_every2_jul04_neighbor3_ntnu_fjord1_s83p7_d10_klt_safe_fallback/arbitration_summary.txt:10;logs/ntnu_vins/external_klt_every2_jul04_neighbor3_ntnu_fjord1_s83p7_d10_klt_safe_fallback/arbitration_summary.txt:11;logs/ntnu_vins/external_klt_every2_jul04_neighbor3_ntnu_fjord1_s83p7_d10_klt_safe_fallback/arbitration_summary.txt:12;logs/ntnu_vins/external_klt_every2_jul04_neighbor3_ntnu_fjord1_s83p7_d10_klt_safe_fallback/arbitration_summary.txt:13;logs/ntnu_vins/external_klt_every2_jul04_neighbor3_ntnu_fjord1_s83p7_d10_klt_safe_fallback/arbitration_summary.txt:14;...(+46),Prior artifact or parameter/search reference found before P02 freeze; exclude exact window from confirmatory denominator.
ntnu,fjord_1,83p8,93.8,second,58,true,true,true,DEVELOPMENT_ONLY,logs/jul04_scan_cmdlogs/fjord1_s83p8_d10_export2.log;logs/ntnu_vins/external_hybrid_xfeat_every2_jul04_neighbor2_ntnu_fjord1_s83p8_d10_probe_oldcontract_densecap/features.bag;logs/ntnu_vins/external_hybrid_xfeat_every2_jul04_neighbor2_ntnu_fjord1_s83p8_d10_probe_oldcontract_densecap/frontend_metrics.csv;logs/ntnu_vins/external_hybrid_xfeat_every2_jul04_neighbor2_ntnu_fjord1_s83p8_d10_probe_oldcontract_densecap/ntnu_cam0_kannala_brandt.yaml;logs/ntnu_vins/external_hybrid_xfeat_every2_jul04_neighbor2_ntnu_fjord1_s83p8_d10_probe_oldcontract_densecap/vins_ntnu_external.yaml;logs/ntnu_vins/external_klt_every2_jul04_neighbor2_ntnu_fjord1_s83p8_d10_klt_safe_fallback/arbitration_summary.txt;logs/ntnu_vins/external_klt_every2_jul04_neighbor2_ntnu_fjord1_s83p8_d10_klt_safe_fallback/arbitration_summary.txt:1;logs/ntnu_vins/external_klt_every2_jul04_neighbor2_ntnu_fjord1_s83p8_d10_klt_safe_fallback/arbitration_summary.txt:10;logs/ntnu_vins/external_klt_every2_jul04_neighbor2_ntnu_fjord1_s83p8_d10_klt_safe_fallback/arbitration_summary.txt:11;logs/ntnu_vins/external_klt_every2_jul04_neighbor2_ntnu_fjord1_s83p8_d10_klt_safe_fallback/arbitration_summary.txt:12;logs/ntnu_vins/external_klt_every2_jul04_neighbor2_ntnu_fjord1_s83p8_d10_klt_safe_fallback/arbitration_summary.txt:13;logs/ntnu_vins/external_klt_every2_jul04_neighbor2_ntnu_fjord1_s83p8_d10_klt_safe_fallback/arbitration_summary.txt:14;...(+46),Prior artifact or parameter/search reference found before P02 freeze; exclude exact window from confirmatory denominator.
ntnu,fjord_1,84,104,second,177,true,true,false,DEVELOPMENT_ONLY,logs/ntnu_vins/external_hybrid_xfeat_every2_jul03_earlyseed_scan_fjord_1_s84_d20/ape.txt;logs/ntnu_vins/external_hybrid_xfeat_every2_jul03_earlyseed_scan_fjord_1_s84_d20/ape.txt:1;logs/ntnu_vins/external_hybrid_xfeat_every2_jul03_earlyseed_scan_fjord_1_s84_d20/ape.txt:10;logs/ntnu_vins/external_hybrid_xfeat_every2_jul03_earlyseed_scan_fjord_1_s84_d20/ape.txt:11;logs/ntnu_vins/external_hybrid_xfeat_every2_jul03_earlyseed_scan_fjord_1_s84_d20/ape.txt:12;logs/ntnu_vins/external_hybrid_xfeat_every2_jul03_earlyseed_scan_fjord_1_s84_d20/ape.txt:13;logs/ntnu_vins/external_hybrid_xfeat_every2_jul03_earlyseed_scan_fjord_1_s84_d20/ape.txt:14;logs/ntnu_vins/external_hybrid_xfeat_every2_jul03_earlyseed_scan_fjord_1_s84_d20/ape.txt:15;logs/ntnu_vins/external_hybrid_xfeat_every2_jul03_earlyseed_scan_fjord_1_s84_d20/ape.txt:16;logs/ntnu_vins/external_hybrid_xfeat_every2_jul03_earlyseed_scan_fjord_1_s84_d20/ape.txt:17;logs/ntnu_vins/external_hybrid_xfeat_every2_jul03_earlyseed_scan_fjord_1_s84_d20/ape.txt:18;logs/ntnu_vins/external_hybrid_xfeat_every2_jul03_earlyseed_scan_fjord_1_s84_d20/ape.txt:19;...(+165),Prior artifact or parameter/search reference found before P02 freeze; exclude exact window from confirmatory denominator.
ntnu,fjord_1,84,94,second,433,true,true,true,DEVELOPMENT_ONLY,logs/jul04_ntnu_fjord1_s84_d10_existing_summary.csv;logs/jun29_xfeatonly_ntnu_fjord1_s84_d10_summary.csv;logs/ntnu_vins/external_hybrid_xfeat_every2_jul02_ntnu_fjord1_s84_d10_earlyseed_drop20/ape.txt;logs/ntnu_vins/external_hybrid_xfeat_every2_jul02_ntnu_fjord1_s84_d10_earlyseed_drop20/ape.txt:1;logs/ntnu_vins/external_hybrid_xfeat_every2_jul02_ntnu_fjord1_s84_d10_earlyseed_drop20/ape.txt:10;logs/ntnu_vins/external_hybrid_xfeat_every2_jul02_ntnu_fjord1_s84_d10_earlyseed_drop20/ape.txt:11;logs/ntnu_vins/external_hybrid_xfeat_every2_jul02_ntnu_fjord1_s84_d10_earlyseed_drop20/ape.txt:12;logs/ntnu_vins/external_hybrid_xfeat_every2_jul02_ntnu_fjord1_s84_d10_earlyseed_drop20/ape.txt:13;logs/ntnu_vins/external_hybrid_xfeat_every2_jul02_ntnu_fjord1_s84_d10_earlyseed_drop20/ape.txt:14;logs/ntnu_vins/external_hybrid_xfeat_every2_jul02_ntnu_fjord1_s84_d10_earlyseed_drop20/ape.txt:15;logs/ntnu_vins/external_hybrid_xfeat_every2_jul02_ntnu_fjord1_s84_d10_earlyseed_drop20/ape.txt:16;logs/ntnu_vins/external_hybrid_xfeat_every2_jul02_ntnu_fjord1_s84_d10_earlyseed_drop20/ape.txt:17;...(+421),Prior artifact or parameter/search reference found before P02 freeze; exclude exact window from confirmatory denominator.
ntnu,fjord_1,84p0,94,second,58,true,true,true,DEVELOPMENT_ONLY,logs/jul04_scan_cmdlogs/fjord1_s84p0_d10_export2.log;logs/ntnu_vins/external_hybrid_xfeat_every2_jul04_neighbor2_ntnu_fjord1_s84p0_d10_probe_oldcontract_densecap/features.bag;logs/ntnu_vins/external_hybrid_xfeat_every2_jul04_neighbor2_ntnu_fjord1_s84p0_d10_probe_oldcontract_densecap/frontend_metrics.csv;logs/ntnu_vins/external_hybrid_xfeat_every2_jul04_neighbor2_ntnu_fjord1_s84p0_d10_probe_oldcontract_densecap/ntnu_cam0_kannala_brandt.yaml;logs/ntnu_vins/external_hybrid_xfeat_every2_jul04_neighbor2_ntnu_fjord1_s84p0_d10_probe_oldcontract_densecap/vins_ntnu_external.yaml;logs/ntnu_vins/external_klt_every2_jul04_neighbor2_ntnu_fjord1_s84p0_d10_klt_safe_fallback/arbitration_summary.txt;logs/ntnu_vins/external_klt_every2_jul04_neighbor2_ntnu_fjord1_s84p0_d10_klt_safe_fallback/arbitration_summary.txt:1;logs/ntnu_vins/external_klt_every2_jul04_neighbor2_ntnu_fjord1_s84p0_d10_klt_safe_fallback/arbitration_summary.txt:10;logs/ntnu_vins/external_klt_every2_jul04_neighbor2_ntnu_fjord1_s84p0_d10_klt_safe_fallback/arbitration_summary.txt:11;logs/ntnu_vins/external_klt_every2_jul04_neighbor2_ntnu_fjord1_s84p0_d10_klt_safe_fallback/arbitration_summary.txt:12;logs/ntnu_vins/external_klt_every2_jul04_neighbor2_ntnu_fjord1_s84p0_d10_klt_safe_fallback/arbitration_summary.txt:13;logs/ntnu_vins/external_klt_every2_jul04_neighbor2_ntnu_fjord1_s84p0_d10_klt_safe_fallback/arbitration_summary.txt:14;...(+46),Prior artifact or parameter/search reference found before P02 freeze; exclude exact window from confirmatory denominator.
ntnu,fjord_1,84p2,94.2,second,61,true,true,true,DEVELOPMENT_ONLY,logs/jul04_scan_cmdlogs/fjord1_s84p2_d10_export.log;logs/ntnu_vins/external_hybrid_xfeat_every2_jul04_neighbor_ntnu_fjord1_s84p2_d10_probe_oldcontract_densecap/features.bag;logs/ntnu_vins/external_hybrid_xfeat_every2_jul04_neighbor_ntnu_fjord1_s84p2_d10_probe_oldcontract_densecap/frontend_metrics.csv;logs/ntnu_vins/external_hybrid_xfeat_every2_jul04_neighbor_ntnu_fjord1_s84p2_d10_probe_oldcontract_densecap/ntnu_cam0_kannala_brandt.yaml;logs/ntnu_vins/external_hybrid_xfeat_every2_jul04_neighbor_ntnu_fjord1_s84p2_d10_probe_oldcontract_densecap/vins_ntnu_external.yaml;logs/ntnu_vins/external_klt_every2_jul04_neighbor_ntnu_fjord1_s84p2_d10_klt_safe_fallback/arbitration_summary.txt;logs/ntnu_vins/external_klt_every2_jul04_neighbor_ntnu_fjord1_s84p2_d10_klt_safe_fallback/arbitration_summary.txt:1;logs/ntnu_vins/external_klt_every2_jul04_neighbor_ntnu_fjord1_s84p2_d10_klt_safe_fallback/arbitration_summary.txt:10;logs/ntnu_vins/external_klt_every2_jul04_neighbor_ntnu_fjord1_s84p2_d10_klt_safe_fallback/arbitration_summary.txt:11;logs/ntnu_vins/external_klt_every2_jul04_neighbor_ntnu_fjord1_s84p2_d10_klt_safe_fallback/arbitration_summary.txt:12;logs/ntnu_vins/external_klt_every2_jul04_neighbor_ntnu_fjord1_s84p2_d10_klt_safe_fallback/arbitration_summary.txt:13;logs/ntnu_vins/external_klt_every2_jul04_neighbor_ntnu_fjord1_s84p2_d10_klt_safe_fallback/arbitration_summary.txt:14;...(+49),Prior artifact or parameter/search reference found before P02 freeze; exclude exact window from confirmatory denominator.
ntnu,fjord_1,84p5,94.5,second,58,true,true,true,DEVELOPMENT_ONLY,logs/jul04_scan_cmdlogs/fjord1_s84p5_d10_export.log;logs/ntnu_vins/external_hybrid_xfeat_every2_jul04_neighbor_ntnu_fjord1_s84p5_d10_probe_oldcontract_densecap/features.bag;logs/ntnu_vins/external_hybrid_xfeat_every2_jul04_neighbor_ntnu_fjord1_s84p5_d10_probe_oldcontract_densecap/frontend_metrics.csv;logs/ntnu_vins/external_hybrid_xfeat_every2_jul04_neighbor_ntnu_fjord1_s84p5_d10_probe_oldcontract_densecap/ntnu_cam0_kannala_brandt.yaml;logs/ntnu_vins/external_hybrid_xfeat_every2_jul04_neighbor_ntnu_fjord1_s84p5_d10_probe_oldcontract_densecap/vins_ntnu_external.yaml;logs/ntnu_vins/external_klt_every2_jul04_neighbor_ntnu_fjord1_s84p5_d10_klt_safe_fallback/arbitration_summary.txt;logs/ntnu_vins/external_klt_every2_jul04_neighbor_ntnu_fjord1_s84p5_d10_klt_safe_fallback/arbitration_summary.txt:1;logs/ntnu_vins/external_klt_every2_jul04_neighbor_ntnu_fjord1_s84p5_d10_klt_safe_fallback/arbitration_summary.txt:10;logs/ntnu_vins/external_klt_every2_jul04_neighbor_ntnu_fjord1_s84p5_d10_klt_safe_fallback/arbitration_summary.txt:11;logs/ntnu_vins/external_klt_every2_jul04_neighbor_ntnu_fjord1_s84p5_d10_klt_safe_fallback/arbitration_summary.txt:12;logs/ntnu_vins/external_klt_every2_jul04_neighbor_ntnu_fjord1_s84p5_d10_klt_safe_fallback/arbitration_summary.txt:13;logs/ntnu_vins/external_klt_every2_jul04_neighbor_ntnu_fjord1_s84p5_d10_klt_safe_fallback/arbitration_summary.txt:14;...(+46),Prior artifact or parameter/search reference found before P02 freeze; exclude exact window from confirmatory denominator.
ntnu,fjord_1,84p8,94.8,second,404,true,true,true,DEVELOPMENT_ONLY,logs/jul04_scan_cmdlogs/fjord1_s84p8_d10_age6_export.log;logs/jul04_scan_cmdlogs/fjord1_s84p8_d10_age6_late1_export.log;logs/jul04_scan_cmdlogs/fjord1_s84p8_d10_export2.log;logs/jul04_scan_cmdlogs/fjord1_s84p8_d10_latefix_export.log;logs/ntnu_vins/external_hybrid_xfeat_every2_jul04_age6_ntnu_fjord1_s84p8_d10_probe_oldcontract_densecap/features.bag;logs/ntnu_vins/external_hybrid_xfeat_every2_jul04_age6_ntnu_fjord1_s84p8_d10_probe_oldcontract_densecap/frontend_metrics.csv;logs/ntnu_vins/external_hybrid_xfeat_every2_jul04_age6_ntnu_fjord1_s84p8_d10_probe_oldcontract_densecap/ntnu_cam0_kannala_brandt.yaml;logs/ntnu_vins/external_hybrid_xfeat_every2_jul04_age6_ntnu_fjord1_s84p8_d10_probe_oldcontract_densecap/vins_ntnu_external.yaml;logs/ntnu_vins/external_hybrid_xfeat_every2_jul04_age6late1_ntnu_fjord1_s84p8_d10_probe_oldcontract_densecap/features.bag;logs/ntnu_vins/external_hybrid_xfeat_every2_jul04_age6late1_ntnu_fjord1_s84p8_d10_probe_oldcontract_densecap/frontend_metrics.csv;logs/ntnu_vins/external_hybrid_xfeat_every2_jul04_age6late1_ntnu_fjord1_s84p8_d10_probe_oldcontract_densecap/ntnu_cam0_kannala_brandt.yaml;logs/ntnu_vins/external_hybrid_xfeat_every2_jul04_age6late1_ntnu_fjord1_s84p8_d10_probe_oldcontract_densecap/vins_ntnu_external.yaml;...(+392),Prior artifact or parameter/search reference found before P02 freeze; exclude exact window from confirmatory denominator.
ntnu,fjord_1,85,100,second,180,true,true,false,DEVELOPMENT_ONLY,logs/ntnu_vins/external_hybrid_xfeat_every2_jul02_earlyseed_scan_fjord_1_s85_d15/ape.txt;logs/ntnu_vins/external_hybrid_xfeat_every2_jul02_earlyseed_scan_fjord_1_s85_d15/ape.txt:1;logs/ntnu_vins/external_hybrid_xfeat_every2_jul02_earlyseed_scan_fjord_1_s85_d15/ape.txt:10;logs/ntnu_vins/external_hybrid_xfeat_every2_jul02_earlyseed_scan_fjord_1_s85_d15/ape.txt:11;logs/ntnu_vins/external_hybrid_xfeat_every2_jul02_earlyseed_scan_fjord_1_s85_d15/ape.txt:12;logs/ntnu_vins/external_hybrid_xfeat_every2_jul02_earlyseed_scan_fjord_1_s85_d15/ape.txt:13;logs/ntnu_vins/external_hybrid_xfeat_every2_jul02_earlyseed_scan_fjord_1_s85_d15/ape.txt:14;logs/ntnu_vins/external_hybrid_xfeat_every2_jul02_earlyseed_scan_fjord_1_s85_d15/ape.txt:15;logs/ntnu_vins/external_hybrid_xfeat_every2_jul02_earlyseed_scan_fjord_1_s85_d15/ape.txt:16;logs/ntnu_vins/external_hybrid_xfeat_every2_jul02_earlyseed_scan_fjord_1_s85_d15/ape.txt:17;logs/ntnu_vins/external_hybrid_xfeat_every2_jul02_earlyseed_scan_fjord_1_s85_d15/ape.txt:18;logs/ntnu_vins/external_hybrid_xfeat_every2_jul02_earlyseed_scan_fjord_1_s85_d15/ape.txt:19;...(+168),Prior artifact or parameter/search reference found before P02 freeze; exclude exact window from confirmatory denominator.
ntnu,fjord_1,85,105,second,180,true,true,false,DEVELOPMENT_ONLY,logs/ntnu_vins/external_hybrid_xfeat_every2_jul02_earlyseed_scan_fjord_1_s85_d20/ape.txt;logs/ntnu_vins/external_hybrid_xfeat_every2_jul02_earlyseed_scan_fjord_1_s85_d20/ape.txt:1;logs/ntnu_vins/external_hybrid_xfeat_every2_jul02_earlyseed_scan_fjord_1_s85_d20/ape.txt:10;logs/ntnu_vins/external_hybrid_xfeat_every2_jul02_earlyseed_scan_fjord_1_s85_d20/ape.txt:11;logs/ntnu_vins/external_hybrid_xfeat_every2_jul02_earlyseed_scan_fjord_1_s85_d20/ape.txt:12;logs/ntnu_vins/external_hybrid_xfeat_every2_jul02_earlyseed_scan_fjord_1_s85_d20/ape.txt:13;logs/ntnu_vins/external_hybrid_xfeat_every2_jul02_earlyseed_scan_fjord_1_s85_d20/ape.txt:14;logs/ntnu_vins/external_hybrid_xfeat_every2_jul02_earlyseed_scan_fjord_1_s85_d20/ape.txt:15;logs/ntnu_vins/external_hybrid_xfeat_every2_jul02_earlyseed_scan_fjord_1_s85_d20/ape.txt:16;logs/ntnu_vins/external_hybrid_xfeat_every2_jul02_earlyseed_scan_fjord_1_s85_d20/ape.txt:17;logs/ntnu_vins/external_hybrid_xfeat_every2_jul02_earlyseed_scan_fjord_1_s85_d20/ape.txt:18;logs/ntnu_vins/external_hybrid_xfeat_every2_jul02_earlyseed_scan_fjord_1_s85_d20/ape.txt:19;...(+168),Prior artifact or parameter/search reference found before P02 freeze; exclude exact window from confirmatory denominator.
ntnu,fjord_1,85,95,second,1736,true,true,true,DEVELOPMENT_ONLY,logs/async_runs/jun28_ntnu_fjord1_s85_d10_full.log;logs/jul03_ntnu_fjord1_s83_s85_d10_d15_d20_positive_summary.csv;logs/jul07_online_direct_ntnu_fjord1_s85_d10_summary.csv;logs/jun28_current_dense_start_ntnu_fjord1_s85_d10_summary.csv;logs/jun29_current_dense_start_ntnu_fjord1_s85_d10_repeat_summary.csv;logs/ntnu_vins/external_hybrid_xfeat_every2_existing_jul03_guarded_earlyseed_ntnu_fjord1_s85_d10_oldcontract_microburst/ape.txt;logs/ntnu_vins/external_hybrid_xfeat_every2_existing_jul03_guarded_earlyseed_ntnu_fjord1_s85_d10_oldcontract_microburst/ape.txt:1;logs/ntnu_vins/external_hybrid_xfeat_every2_existing_jul03_guarded_earlyseed_ntnu_fjord1_s85_d10_oldcontract_microburst/ape.txt:10;logs/ntnu_vins/external_hybrid_xfeat_every2_existing_jul03_guarded_earlyseed_ntnu_fjord1_s85_d10_oldcontract_microburst/ape.txt:11;logs/ntnu_vins/external_hybrid_xfeat_every2_existing_jul03_guarded_earlyseed_ntnu_fjord1_s85_d10_oldcontract_microburst/ape.txt:12;logs/ntnu_vins/external_hybrid_xfeat_every2_existing_jul03_guarded_earlyseed_ntnu_fjord1_s85_d10_oldcontract_microburst/ape.txt:13;logs/ntnu_vins/external_hybrid_xfeat_every2_existing_jul03_guarded_earlyseed_ntnu_fjord1_s85_d10_oldcontract_microburst/ape.txt:14;...(+1724),Prior artifact or parameter/search reference found before P02 freeze; exclude exact window from confirmatory denominator.
ntnu,fjord_1,85p2,95.2,second,404,true,true,true,DEVELOPMENT_ONLY,logs/jul04_scan_cmdlogs/fjord1_s85p2_d10_age6_export.log;logs/jul04_scan_cmdlogs/fjord1_s85p2_d10_age6_late1_export.log;logs/jul04_scan_cmdlogs/fjord1_s85p2_d10_export2.log;logs/jul04_scan_cmdlogs/fjord1_s85p2_d10_latefix_export.log;logs/ntnu_vins/external_hybrid_xfeat_every2_jul04_age6_ntnu_fjord1_s85p2_d10_probe_oldcontract_densecap/features.bag;logs/ntnu_vins/external_hybrid_xfeat_every2_jul04_age6_ntnu_fjord1_s85p2_d10_probe_oldcontract_densecap/frontend_metrics.csv;logs/ntnu_vins/external_hybrid_xfeat_every2_jul04_age6_ntnu_fjord1_s85p2_d10_probe_oldcontract_densecap/ntnu_cam0_kannala_brandt.yaml;logs/ntnu_vins/external_hybrid_xfeat_every2_jul04_age6_ntnu_fjord1_s85p2_d10_probe_oldcontract_densecap/vins_ntnu_external.yaml;logs/ntnu_vins/external_hybrid_xfeat_every2_jul04_age6late1_ntnu_fjord1_s85p2_d10_probe_oldcontract_densecap/features.bag;logs/ntnu_vins/external_hybrid_xfeat_every2_jul04_age6late1_ntnu_fjord1_s85p2_d10_probe_oldcontract_densecap/frontend_metrics.csv;logs/ntnu_vins/external_hybrid_xfeat_every2_jul04_age6late1_ntnu_fjord1_s85p2_d10_probe_oldcontract_densecap/ntnu_cam0_kannala_brandt.yaml;logs/ntnu_vins/external_hybrid_xfeat_every2_jul04_age6late1_ntnu_fjord1_s85p2_d10_probe_oldcontract_densecap/vins_ntnu_external.yaml;...(+392),Prior artifact or parameter/search reference found before P02 freeze; exclude exact window from confirmatory denominator.
ntnu,fjord_1,85p5,95.5,second,60,true,true,true,DEVELOPMENT_ONLY,logs/jul04_scan_cmdlogs/fjord1_s85p5_d10_export2.log;logs/ntnu_vins/external_hybrid_xfeat_every2_jul04_neighbor2_ntnu_fjord1_s85p5_d10_probe_oldcontract_densecap/features.bag;logs/ntnu_vins/external_hybrid_xfeat_every2_jul04_neighbor2_ntnu_fjord1_s85p5_d10_probe_oldcontract_densecap/frontend_metrics.csv;logs/ntnu_vins/external_hybrid_xfeat_every2_jul04_neighbor2_ntnu_fjord1_s85p5_d10_probe_oldcontract_densecap/ntnu_cam0_kannala_brandt.yaml;logs/ntnu_vins/external_hybrid_xfeat_every2_jul04_neighbor2_ntnu_fjord1_s85p5_d10_probe_oldcontract_densecap/vins_ntnu_external.yaml;logs/ntnu_vins/external_klt_every2_jul04_neighbor2_ntnu_fjord1_s85p5_d10_klt_safe_fallback/arbitration_summary.txt;logs/ntnu_vins/external_klt_every2_jul04_neighbor2_ntnu_fjord1_s85p5_d10_klt_safe_fallback/arbitration_summary.txt:1;logs/ntnu_vins/external_klt_every2_jul04_neighbor2_ntnu_fjord1_s85p5_d10_klt_safe_fallback/arbitration_summary.txt:10;logs/ntnu_vins/external_klt_every2_jul04_neighbor2_ntnu_fjord1_s85p5_d10_klt_safe_fallback/arbitration_summary.txt:11;logs/ntnu_vins/external_klt_every2_jul04_neighbor2_ntnu_fjord1_s85p5_d10_klt_safe_fallback/arbitration_summary.txt:12;logs/ntnu_vins/external_klt_every2_jul04_neighbor2_ntnu_fjord1_s85p5_d10_klt_safe_fallback/arbitration_summary.txt:13;logs/ntnu_vins/external_klt_every2_jul04_neighbor2_ntnu_fjord1_s85p5_d10_klt_safe_fallback/arbitration_summary.txt:14;...(+48),Prior artifact or parameter/search reference found before P02 freeze; exclude exact window from confirmatory denominator.
ntnu,fjord_1,85p8,95.8,second,63,true,true,true,DEVELOPMENT_ONLY,logs/jul04_scan_cmdlogs/fjord1_s85p8_d10_export2.log;logs/ntnu_vins/external_hybrid_xfeat_every2_jul04_neighbor2_ntnu_fjord1_s85p8_d10_probe_oldcontract_densecap/features.bag;logs/ntnu_vins/external_hybrid_xfeat_every2_jul04_neighbor2_ntnu_fjord1_s85p8_d10_probe_oldcontract_densecap/frontend_metrics.csv;logs/ntnu_vins/external_hybrid_xfeat_every2_jul04_neighbor2_ntnu_fjord1_s85p8_d10_probe_oldcontract_densecap/ntnu_cam0_kannala_brandt.yaml;logs/ntnu_vins/external_hybrid_xfeat_every2_jul04_neighbor2_ntnu_fjord1_s85p8_d10_probe_oldcontract_densecap/vins_ntnu_external.yaml;logs/ntnu_vins/external_klt_every2_jul04_neighbor2_ntnu_fjord1_s85p8_d10_klt_safe_fallback/arbitration_summary.txt;logs/ntnu_vins/external_klt_every2_jul04_neighbor2_ntnu_fjord1_s85p8_d10_klt_safe_fallback/arbitration_summary.txt:1;logs/ntnu_vins/external_klt_every2_jul04_neighbor2_ntnu_fjord1_s85p8_d10_klt_safe_fallback/arbitration_summary.txt:10;logs/ntnu_vins/external_klt_every2_jul04_neighbor2_ntnu_fjord1_s85p8_d10_klt_safe_fallback/arbitration_summary.txt:11;logs/ntnu_vins/external_klt_every2_jul04_neighbor2_ntnu_fjord1_s85p8_d10_klt_safe_fallback/arbitration_summary.txt:12;logs/ntnu_vins/external_klt_every2_jul04_neighbor2_ntnu_fjord1_s85p8_d10_klt_safe_fallback/arbitration_summary.txt:13;logs/ntnu_vins/external_klt_every2_jul04_neighbor2_ntnu_fjord1_s85p8_d10_klt_safe_fallback/arbitration_summary.txt:14;...(+51),Prior artifact or parameter/search reference found before P02 freeze; exclude exact window from confirmatory denominator.
ntnu,fjord_1,86,96,second,432,true,true,true,DEVELOPMENT_ONLY,logs/jun29_xfeatonly_ntnu_fjord1_s86_d10_summary.csv;logs/ntnu_vins/external_hybrid_xfeat_every2_jul02_ntnu_fjord1_s86_d10_earlyseed_drop20/ape.txt;logs/ntnu_vins/external_hybrid_xfeat_every2_jul02_ntnu_fjord1_s86_d10_earlyseed_drop20/ape.txt:1;logs/ntnu_vins/external_hybrid_xfeat_every2_jul02_ntnu_fjord1_s86_d10_earlyseed_drop20/ape.txt:10;logs/ntnu_vins/external_hybrid_xfeat_every2_jul02_ntnu_fjord1_s86_d10_earlyseed_drop20/ape.txt:11;logs/ntnu_vins/external_hybrid_xfeat_every2_jul02_ntnu_fjord1_s86_d10_earlyseed_drop20/ape.txt:12;logs/ntnu_vins/external_hybrid_xfeat_every2_jul02_ntnu_fjord1_s86_d10_earlyseed_drop20/ape.txt:13;logs/ntnu_vins/external_hybrid_xfeat_every2_jul02_ntnu_fjord1_s86_d10_earlyseed_drop20/ape.txt:14;logs/ntnu_vins/external_hybrid_xfeat_every2_jul02_ntnu_fjord1_s86_d10_earlyseed_drop20/ape.txt:15;logs/ntnu_vins/external_hybrid_xfeat_every2_jul02_ntnu_fjord1_s86_d10_earlyseed_drop20/ape.txt:16;logs/ntnu_vins/external_hybrid_xfeat_every2_jul02_ntnu_fjord1_s86_d10_earlyseed_drop20/ape.txt:17;logs/ntnu_vins/external_hybrid_xfeat_every2_jul02_ntnu_fjord1_s86_d10_earlyseed_drop20/ape.txt:18;...(+420),Prior artifact or parameter/search reference found before P02 freeze; exclude exact window from confirmatory denominator.
ntnu,fjord_1,86p0,96,second,58,true,true,true,DEVELOPMENT_ONLY,logs/jul04_scan_cmdlogs/fjord1_s86p0_d10_export2.log;logs/ntnu_vins/external_hybrid_xfeat_every2_jul04_neighbor2_ntnu_fjord1_s86p0_d10_probe_oldcontract_densecap/features.bag;logs/ntnu_vins/external_hybrid_xfeat_every2_jul04_neighbor2_ntnu_fjord1_s86p0_d10_probe_oldcontract_densecap/frontend_metrics.csv;logs/ntnu_vins/external_hybrid_xfeat_every2_jul04_neighbor2_ntnu_fjord1_s86p0_d10_probe_oldcontract_densecap/ntnu_cam0_kannala_brandt.yaml;logs/ntnu_vins/external_hybrid_xfeat_every2_jul04_neighbor2_ntnu_fjord1_s86p0_d10_probe_oldcontract_densecap/vins_ntnu_external.yaml;logs/ntnu_vins/external_klt_every2_jul04_neighbor2_ntnu_fjord1_s86p0_d10_klt_safe_fallback/arbitration_summary.txt;logs/ntnu_vins/external_klt_every2_jul04_neighbor2_ntnu_fjord1_s86p0_d10_klt_safe_fallback/arbitration_summary.txt:1;logs/ntnu_vins/external_klt_every2_jul04_neighbor2_ntnu_fjord1_s86p0_d10_klt_safe_fallback/arbitration_summary.txt:10;logs/ntnu_vins/external_klt_every2_jul04_neighbor2_ntnu_fjord1_s86p0_d10_klt_safe_fallback/arbitration_summary.txt:11;logs/ntnu_vins/external_klt_every2_jul04_neighbor2_ntnu_fjord1_s86p0_d10_klt_safe_fallback/arbitration_summary.txt:12;logs/ntnu_vins/external_klt_every2_jul04_neighbor2_ntnu_fjord1_s86p0_d10_klt_safe_fallback/arbitration_summary.txt:13;logs/ntnu_vins/external_klt_every2_jul04_neighbor2_ntnu_fjord1_s86p0_d10_klt_safe_fallback/arbitration_summary.txt:14;...(+46),Prior artifact or parameter/search reference found before P02 freeze; exclude exact window from confirmatory denominator.
ntnu,fjord_1,87,97,second,199,true,true,true,DEVELOPMENT_ONLY,logs/ntnu_vins/external_hybrid_xfeat_every2_jul02_ntnu_fjord1_s87_d10_earlyseed_drop20/ape.txt;logs/ntnu_vins/external_hybrid_xfeat_every2_jul02_ntnu_fjord1_s87_d10_earlyseed_drop20/ape.txt:1;logs/ntnu_vins/external_hybrid_xfeat_every2_jul02_ntnu_fjord1_s87_d10_earlyseed_drop20/ape.txt:10;logs/ntnu_vins/external_hybrid_xfeat_every2_jul02_ntnu_fjord1_s87_d10_earlyseed_drop20/ape.txt:11;logs/ntnu_vins/external_hybrid_xfeat_every2_jul02_ntnu_fjord1_s87_d10_earlyseed_drop20/ape.txt:12;logs/ntnu_vins/external_hybrid_xfeat_every2_jul02_ntnu_fjord1_s87_d10_earlyseed_drop20/ape.txt:13;logs/ntnu_vins/external_hybrid_xfeat_every2_jul02_ntnu_fjord1_s87_d10_earlyseed_drop20/ape.txt:14;logs/ntnu_vins/external_hybrid_xfeat_every2_jul02_ntnu_fjord1_s87_d10_earlyseed_drop20/ape.txt:15;logs/ntnu_vins/external_hybrid_xfeat_every2_jul02_ntnu_fjord1_s87_d10_earlyseed_drop20/ape.txt:16;logs/ntnu_vins/external_hybrid_xfeat_every2_jul02_ntnu_fjord1_s87_d10_earlyseed_drop20/ape.txt:17;logs/ntnu_vins/external_hybrid_xfeat_every2_jul02_ntnu_fjord1_s87_d10_earlyseed_drop20/ape.txt:18;logs/ntnu_vins/external_hybrid_xfeat_every2_jul02_ntnu_fjord1_s87_d10_earlyseed_drop20/ape.txt:19;...(+187),Prior artifact or parameter/search reference found before P02 freeze; exclude exact window from confirmatory denominator.
ntnu,fjord_1,88,98,second,505,true,true,true,DEVELOPMENT_ONLY,logs/jun29_xfeatonly_ntnu_fjord1_s88_d10_extended_summary.csv;logs/jun29_xfeatonly_ntnu_fjord1_s88_d10_summary.csv;logs/ntnu_vins/external_hybrid_xfeat_every2_jul02_ntnu_fjord1_s88_d10_earlyseed_drop20/ape.txt;logs/ntnu_vins/external_hybrid_xfeat_every2_jul02_ntnu_fjord1_s88_d10_earlyseed_drop20/ape.txt:1;logs/ntnu_vins/external_hybrid_xfeat_every2_jul02_ntnu_fjord1_s88_d10_earlyseed_drop20/ape.txt:10;logs/ntnu_vins/external_hybrid_xfeat_every2_jul02_ntnu_fjord1_s88_d10_earlyseed_drop20/ape.txt:11;logs/ntnu_vins/external_hybrid_xfeat_every2_jul02_ntnu_fjord1_s88_d10_earlyseed_drop20/ape.txt:12;logs/ntnu_vins/external_hybrid_xfeat_every2_jul02_ntnu_fjord1_s88_d10_earlyseed_drop20/ape.txt:13;logs/ntnu_vins/external_hybrid_xfeat_every2_jul02_ntnu_fjord1_s88_d10_earlyseed_drop20/ape.txt:14;logs/ntnu_vins/external_hybrid_xfeat_every2_jul02_ntnu_fjord1_s88_d10_earlyseed_drop20/ape.txt:15;logs/ntnu_vins/external_hybrid_xfeat_every2_jul02_ntnu_fjord1_s88_d10_earlyseed_drop20/ape.txt:16;logs/ntnu_vins/external_hybrid_xfeat_every2_jul02_ntnu_fjord1_s88_d10_earlyseed_drop20/ape.txt:17;...(+493),Prior artifact or parameter/search reference found before P02 freeze; exclude exact window from confirmatory denominator.
ntnu,fjord_1,89,99,second,30,true,true,true,DEVELOPMENT_ONLY,logs/ntnu_vins/external_hybrid_xfeat_every2_jul02_xfeat_arbitrated_ntnu_fjord_1_s89_d10_probe_oldcontract_densecap/features.bag;logs/ntnu_vins/external_hybrid_xfeat_every2_jul02_xfeat_arbitrated_ntnu_fjord_1_s89_d10_probe_oldcontract_densecap/frontend_metrics.csv;logs/ntnu_vins/external_hybrid_xfeat_every2_jul02_xfeat_arbitrated_ntnu_fjord_1_s89_d10_probe_oldcontract_densecap/ntnu_cam0_kannala_brandt.yaml;logs/ntnu_vins/external_hybrid_xfeat_every2_jul02_xfeat_arbitrated_ntnu_fjord_1_s89_d10_probe_oldcontract_densecap/vins_ntnu_external.yaml;logs/ntnu_vins/external_hybrid_xfeat_every2_jun29_xfeatonly_screen_ntnu_fjord1_s89_d10_export/features.bag;logs/ntnu_vins/external_hybrid_xfeat_every2_jun29_xfeatonly_screen_ntnu_fjord1_s89_d10_export/frontend_metrics.csv;logs/ntnu_vins/external_hybrid_xfeat_every2_jun29_xfeatonly_screen_ntnu_fjord1_s89_d10_export/ntnu_cam0_kannala_brandt.yaml;logs/ntnu_vins/external_hybrid_xfeat_every2_jun29_xfeatonly_screen_ntnu_fjord1_s89_d10_export/vins_ntnu_external.yaml;logs/ntnu_vins/external_klt_every2_jul02_xfeat_arbitrated_ntnu_fjord_1_s89_d10_klt_safe_fallback/arbitration_summary.txt;logs/ntnu_vins/external_klt_every2_jul02_xfeat_arbitrated_ntnu_fjord_1_s89_d10_klt_safe_fallback/arbitration_summary.txt:1;logs/ntnu_vins/external_klt_every2_jul02_xfeat_arbitrated_ntnu_fjord_1_s89_d10_klt_safe_fallback/arbitration_summary.txt:10;logs/ntnu_vins/external_klt_every2_jul02_xfeat_arbitrated_ntnu_fjord_1_s89_d10_klt_safe_fallback/arbitration_summary.txt:11;...(+18),Prior artifact or parameter/search reference found before P02 freeze; exclude exact window from confirmatory denominator.
ntnu,fjord_1,90,100,second,632,true,true,true,DEVELOPMENT_ONLY,logs/jun28_current_dense_start_ntnu_fjord1_s90_d10_summary.csv;logs/jun28_ntnu_fjord1_s90_d10_segment_compare.csv;logs/ntnu_vins/external_hybrid_xfeat_every2_jul01_probe_initsafe_dropxfeat_ntnu_fjord1_s90_d10/ape.txt;logs/ntnu_vins/external_hybrid_xfeat_every2_jul01_probe_initsafe_dropxfeat_ntnu_fjord1_s90_d10/ape.txt:1;logs/ntnu_vins/external_hybrid_xfeat_every2_jul01_probe_initsafe_dropxfeat_ntnu_fjord1_s90_d10/ape.txt:10;logs/ntnu_vins/external_hybrid_xfeat_every2_jul01_probe_initsafe_dropxfeat_ntnu_fjord1_s90_d10/ape.txt:11;logs/ntnu_vins/external_hybrid_xfeat_every2_jul01_probe_initsafe_dropxfeat_ntnu_fjord1_s90_d10/ape.txt:12;logs/ntnu_vins/external_hybrid_xfeat_every2_jul01_probe_initsafe_dropxfeat_ntnu_fjord1_s90_d10/ape.txt:13;logs/ntnu_vins/external_hybrid_xfeat_every2_jul01_probe_initsafe_dropxfeat_ntnu_fjord1_s90_d10/ape.txt:14;logs/ntnu_vins/external_hybrid_xfeat_every2_jul01_probe_initsafe_dropxfeat_ntnu_fjord1_s90_d10/ape.txt:15;logs/ntnu_vins/external_hybrid_xfeat_every2_jul01_probe_initsafe_dropxfeat_ntnu_fjord1_s90_d10/ape.txt:16;logs/ntnu_vins/external_hybrid_xfeat_every2_jul01_probe_initsafe_dropxfeat_ntnu_fjord1_s90_d10/ape.txt:17;...(+620),Prior artifact or parameter/search reference found before P02 freeze; exclude exact window from confirmatory denominator.
ntnu,fjord_1,90,110,second,4,true,true,false,DEVELOPMENT_ONLY,logs/ntnu_vins/external_hybrid_superpoint_lightglue_every2_jun17_fixedscan_fjord_1_s90_d20_loftr_mirror/features.bag;logs/ntnu_vins/external_hybrid_superpoint_lightglue_every2_jun17_fixedscan_fjord_1_s90_d20_loftr_mirror/frontend_metrics.csv;logs/ntnu_vins/external_hybrid_superpoint_lightglue_every2_jun17_fixedscan_fjord_1_s90_d20_loftr_mirror/ntnu_cam0_kannala_brandt.yaml;logs/ntnu_vins/external_hybrid_superpoint_lightglue_every2_jun17_fixedscan_fjord_1_s90_d20_loftr_mirror/vins_ntnu_external.yaml,Prior artifact or parameter/search reference found before P02 freeze; exclude exact window from confirmatory denominator.
ntnu,fjord_1,90,120,second,361,true,true,true,DEVELOPMENT_ONLY,logs/ntnu_jun18_xfeat_loftr_fullsweep_report.md:32;logs/ntnu_jun18_xfeat_loftr_fullsweep_report.md:34;logs/ntnu_jun18_xfeat_loftr_fullsweep_report.md:43;logs/ntnu_vins/external_hybrid_xfeat_every2_jun02_ntnu_nonzero_fjord1_90_120_hybrid_xfeat/ape.txt;logs/ntnu_vins/external_hybrid_xfeat_every2_jun02_ntnu_nonzero_fjord1_90_120_hybrid_xfeat/ape.txt:1;logs/ntnu_vins/external_hybrid_xfeat_every2_jun02_ntnu_nonzero_fjord1_90_120_hybrid_xfeat/ape.txt:10;logs/ntnu_vins/external_hybrid_xfeat_every2_jun02_ntnu_nonzero_fjord1_90_120_hybrid_xfeat/ape.txt:11;logs/ntnu_vins/external_hybrid_xfeat_every2_jun02_ntnu_nonzero_fjord1_90_120_hybrid_xfeat/ape.txt:12;logs/ntnu_vins/external_hybrid_xfeat_every2_jun02_ntnu_nonzero_fjord1_90_120_hybrid_xfeat/ape.txt:13;logs/ntnu_vins/external_hybrid_xfeat_every2_jun02_ntnu_nonzero_fjord1_90_120_hybrid_xfeat/ape.txt:14;logs/ntnu_vins/external_hybrid_xfeat_every2_jun02_ntnu_nonzero_fjord1_90_120_hybrid_xfeat/ape.txt:15;logs/ntnu_vins/external_hybrid_xfeat_every2_jun02_ntnu_nonzero_fjord1_90_120_hybrid_xfeat/ape.txt:16;...(+349),Prior artifact or parameter/search reference found before P02 freeze; exclude exact window from confirmatory denominator.
ntnu,fjord_1,91,101,second,95,true,true,true,DEVELOPMENT_ONLY,logs/ntnu_vins/external_hybrid_xfeat_every2_jul10_scan_ntnu_fjord1_s91_d10_probe_oldcontract_densecap/features.bag;logs/ntnu_vins/external_hybrid_xfeat_every2_jul10_scan_ntnu_fjord1_s91_d10_probe_oldcontract_densecap/frontend_metrics.csv;logs/ntnu_vins/external_hybrid_xfeat_every2_jul10_scan_ntnu_fjord1_s91_d10_probe_oldcontract_densecap/ntnu_cam0_kannala_brandt.yaml;logs/ntnu_vins/external_hybrid_xfeat_every2_jul10_scan_ntnu_fjord1_s91_d10_probe_oldcontract_densecap/vins_ntnu_external.yaml;logs/ntnu_vins/external_hybrid_xfeat_every2_jun29_xfeatonly_screen_ntnu_fjord1_s91_d10_export/features.bag;logs/ntnu_vins/external_hybrid_xfeat_every2_jun29_xfeatonly_screen_ntnu_fjord1_s91_d10_export/frontend_metrics.csv;logs/ntnu_vins/external_hybrid_xfeat_every2_jun29_xfeatonly_screen_ntnu_fjord1_s91_d10_export/ntnu_cam0_kannala_brandt.yaml;logs/ntnu_vins/external_hybrid_xfeat_every2_jun29_xfeatonly_screen_ntnu_fjord1_s91_d10_export/vins_ntnu_external.yaml;logs/ntnu_vins/external_klt_every2_jul10_scan_ntnu_fjord1_s91_d10_klt_safe_fallback/arbitration_summary.txt;logs/ntnu_vins/external_klt_every2_jul10_scan_ntnu_fjord1_s91_d10_klt_safe_fallback/arbitration_summary.txt:1;logs/ntnu_vins/external_klt_every2_jul10_scan_ntnu_fjord1_s91_d10_klt_safe_fallback/arbitration_summary.txt:10;logs/ntnu_vins/external_klt_every2_jul10_scan_ntnu_fjord1_s91_d10_klt_safe_fallback/arbitration_summary.txt:11;...(+83),Prior artifact or parameter/search reference found before P02 freeze; exclude exact window from confirmatory denominator.
ntnu,fjord_1,92,102,second,199,true,true,true,DEVELOPMENT_ONLY,logs/ntnu_vins/external_hybrid_xfeat_every2_jul02_ntnu_fjord1_s92_d10_earlyseed_drop20/ape.txt;logs/ntnu_vins/external_hybrid_xfeat_every2_jul02_ntnu_fjord1_s92_d10_earlyseed_drop20/ape.txt:1;logs/ntnu_vins/external_hybrid_xfeat_every2_jul02_ntnu_fjord1_s92_d10_earlyseed_drop20/ape.txt:10;logs/ntnu_vins/external_hybrid_xfeat_every2_jul02_ntnu_fjord1_s92_d10_earlyseed_drop20/ape.txt:11;logs/ntnu_vins/external_hybrid_xfeat_every2_jul02_ntnu_fjord1_s92_d10_earlyseed_drop20/ape.txt:12;logs/ntnu_vins/external_hybrid_xfeat_every2_jul02_ntnu_fjord1_s92_d10_earlyseed_drop20/ape.txt:13;logs/ntnu_vins/external_hybrid_xfeat_every2_jul02_ntnu_fjord1_s92_d10_earlyseed_drop20/ape.txt:14;logs/ntnu_vins/external_hybrid_xfeat_every2_jul02_ntnu_fjord1_s92_d10_earlyseed_drop20/ape.txt:15;logs/ntnu_vins/external_hybrid_xfeat_every2_jul02_ntnu_fjord1_s92_d10_earlyseed_drop20/ape.txt:16;logs/ntnu_vins/external_hybrid_xfeat_every2_jul02_ntnu_fjord1_s92_d10_earlyseed_drop20/ape.txt:17;logs/ntnu_vins/external_hybrid_xfeat_every2_jul02_ntnu_fjord1_s92_d10_earlyseed_drop20/ape.txt:18;logs/ntnu_vins/external_hybrid_xfeat_every2_jul02_ntnu_fjord1_s92_d10_earlyseed_drop20/ape.txt:19;...(+187),Prior artifact or parameter/search reference found before P02 freeze; exclude exact window from confirmatory denominator.
ntnu,fjord_1,94,104,second,269,true,true,true,DEVELOPMENT_ONLY,logs/ntnu_vins/external_hybrid_xfeat_every2_jul10_scan_ntnu_fjord1_s94_d10_probe_oldcontract_densecap/features.bag;logs/ntnu_vins/external_hybrid_xfeat_every2_jul10_scan_ntnu_fjord1_s94_d10_probe_oldcontract_densecap/frontend_metrics.csv;logs/ntnu_vins/external_hybrid_xfeat_every2_jul10_scan_ntnu_fjord1_s94_d10_probe_oldcontract_densecap/ntnu_cam0_kannala_brandt.yaml;logs/ntnu_vins/external_hybrid_xfeat_every2_jul10_scan_ntnu_fjord1_s94_d10_probe_oldcontract_densecap/vins_ntnu_external.yaml;logs/ntnu_vins/external_hybrid_xfeat_every2_jul10_vins_ntnu_fjord1_s94_d10_drop_source20/ape.txt;logs/ntnu_vins/external_hybrid_xfeat_every2_jul10_vins_ntnu_fjord1_s94_d10_drop_source20/ape.txt:1;logs/ntnu_vins/external_hybrid_xfeat_every2_jul10_vins_ntnu_fjord1_s94_d10_drop_source20/ape.txt:10;logs/ntnu_vins/external_hybrid_xfeat_every2_jul10_vins_ntnu_fjord1_s94_d10_drop_source20/ape.txt:11;logs/ntnu_vins/external_hybrid_xfeat_every2_jul10_vins_ntnu_fjord1_s94_d10_drop_source20/ape.txt:12;logs/ntnu_vins/external_hybrid_xfeat_every2_jul10_vins_ntnu_fjord1_s94_d10_drop_source20/ape.txt:13;logs/ntnu_vins/external_hybrid_xfeat_every2_jul10_vins_ntnu_fjord1_s94_d10_drop_source20/ape.txt:14;logs/ntnu_vins/external_hybrid_xfeat_every2_jul10_vins_ntnu_fjord1_s94_d10_drop_source20/ape.txt:15;...(+257),Prior artifact or parameter/search reference found before P02 freeze; exclude exact window from confirmatory denominator.
ntnu,fjord_1,95,105,second,199,true,true,true,DEVELOPMENT_ONLY,logs/ntnu_vins/external_hybrid_xfeat_every2_jul02_ntnu_fjord1_s95_d10_earlyseed_drop20/ape.txt;logs/ntnu_vins/external_hybrid_xfeat_every2_jul02_ntnu_fjord1_s95_d10_earlyseed_drop20/ape.txt:1;logs/ntnu_vins/external_hybrid_xfeat_every2_jul02_ntnu_fjord1_s95_d10_earlyseed_drop20/ape.txt:10;logs/ntnu_vins/external_hybrid_xfeat_every2_jul02_ntnu_fjord1_s95_d10_earlyseed_drop20/ape.txt:11;logs/ntnu_vins/external_hybrid_xfeat_every2_jul02_ntnu_fjord1_s95_d10_earlyseed_drop20/ape.txt:12;logs/ntnu_vins/external_hybrid_xfeat_every2_jul02_ntnu_fjord1_s95_d10_earlyseed_drop20/ape.txt:13;logs/ntnu_vins/external_hybrid_xfeat_every2_jul02_ntnu_fjord1_s95_d10_earlyseed_drop20/ape.txt:14;logs/ntnu_vins/external_hybrid_xfeat_every2_jul02_ntnu_fjord1_s95_d10_earlyseed_drop20/ape.txt:15;logs/ntnu_vins/external_hybrid_xfeat_every2_jul02_ntnu_fjord1_s95_d10_earlyseed_drop20/ape.txt:16;logs/ntnu_vins/external_hybrid_xfeat_every2_jul02_ntnu_fjord1_s95_d10_earlyseed_drop20/ape.txt:17;logs/ntnu_vins/external_hybrid_xfeat_every2_jul02_ntnu_fjord1_s95_d10_earlyseed_drop20/ape.txt:18;logs/ntnu_vins/external_hybrid_xfeat_every2_jul02_ntnu_fjord1_s95_d10_earlyseed_drop20/ape.txt:19;...(+187),Prior artifact or parameter/search reference found before P02 freeze; exclude exact window from confirmatory denominator.
ntnu,fjord_1,96,106,second,269,true,true,true,DEVELOPMENT_ONLY,logs/ntnu_vins/external_hybrid_xfeat_every2_jul10_scan_ntnu_fjord1_s96_d10_probe_oldcontract_densecap/features.bag;logs/ntnu_vins/external_hybrid_xfeat_every2_jul10_scan_ntnu_fjord1_s96_d10_probe_oldcontract_densecap/frontend_metrics.csv;logs/ntnu_vins/external_hybrid_xfeat_every2_jul10_scan_ntnu_fjord1_s96_d10_probe_oldcontract_densecap/ntnu_cam0_kannala_brandt.yaml;logs/ntnu_vins/external_hybrid_xfeat_every2_jul10_scan_ntnu_fjord1_s96_d10_probe_oldcontract_densecap/vins_ntnu_external.yaml;logs/ntnu_vins/external_hybrid_xfeat_every2_jul10_vins_ntnu_fjord1_s96_d10_drop_source20/ape.txt;logs/ntnu_vins/external_hybrid_xfeat_every2_jul10_vins_ntnu_fjord1_s96_d10_drop_source20/ape.txt:1;logs/ntnu_vins/external_hybrid_xfeat_every2_jul10_vins_ntnu_fjord1_s96_d10_drop_source20/ape.txt:10;logs/ntnu_vins/external_hybrid_xfeat_every2_jul10_vins_ntnu_fjord1_s96_d10_drop_source20/ape.txt:11;logs/ntnu_vins/external_hybrid_xfeat_every2_jul10_vins_ntnu_fjord1_s96_d10_drop_source20/ape.txt:12;logs/ntnu_vins/external_hybrid_xfeat_every2_jul10_vins_ntnu_fjord1_s96_d10_drop_source20/ape.txt:13;logs/ntnu_vins/external_hybrid_xfeat_every2_jul10_vins_ntnu_fjord1_s96_d10_drop_source20/ape.txt:14;logs/ntnu_vins/external_hybrid_xfeat_every2_jul10_vins_ntnu_fjord1_s96_d10_drop_source20/ape.txt:15;...(+257),Prior artifact or parameter/search reference found before P02 freeze; exclude exact window from confirmatory denominator.
ntnu,fjord_2,0,20,second,5,true,true,true,DEVELOPMENT_ONLY,logs/cross_dataset_evidence_inventory_20260607.md:11;logs/ntnu_vins/external_hybrid_superpoint_lightglue_every2_jun07_more_ntnu_fjord2_s0_d20_export_loftr/features.bag;logs/ntnu_vins/external_hybrid_superpoint_lightglue_every2_jun07_more_ntnu_fjord2_s0_d20_export_loftr/frontend_metrics.csv;logs/ntnu_vins/external_hybrid_superpoint_lightglue_every2_jun07_more_ntnu_fjord2_s0_d20_export_loftr/ntnu_cam0_kannala_brandt.yaml;logs/ntnu_vins/external_hybrid_superpoint_lightglue_every2_jun07_more_ntnu_fjord2_s0_d20_export_loftr/vins_ntnu_external.yaml,Prior artifact or parameter/search reference found before P02 freeze; exclude exact window from confirmatory denominator.
ntnu,fjord_2,0,30,second,5,true,true,true,DEVELOPMENT_ONLY,logs/may20c_all_run_dirs.txt:837;logs/ntnu_vins/external_hybrid_xfeat_every2_paperprobe_fjord_2_s0_d30_xfeat/features.bag;logs/ntnu_vins/external_hybrid_xfeat_every2_paperprobe_fjord_2_s0_d30_xfeat/frontend_metrics.csv;logs/ntnu_vins/external_hybrid_xfeat_every2_paperprobe_fjord_2_s0_d30_xfeat/ntnu_cam0_kannala_brandt.yaml;logs/ntnu_vins/external_hybrid_xfeat_every2_paperprobe_fjord_2_s0_d30_xfeat/vins_ntnu_external.yaml,Prior artifact or parameter/search reference found before P02 freeze; exclude exact window from confirmatory denominator.
ntnu,fjord_2,120,130,second,6,true,true,true,DEVELOPMENT_ONLY,logs/ntnu_vins/external_hybrid_xfeat_every2_jul16screen31_ntnu_fjord2_s120_d10_probe/features.bag;logs/ntnu_vins/external_hybrid_xfeat_every2_jul16screen31_ntnu_fjord2_s120_d10_probe/frontend_metrics.csv;logs/ntnu_vins/external_hybrid_xfeat_every2_jul16screen31_ntnu_fjord2_s120_d10_probe/ntnu_cam0_kannala_brandt.yaml;logs/ntnu_vins/external_hybrid_xfeat_every2_jul16screen31_ntnu_fjord2_s120_d10_probe/vins_ntnu_external.yaml;papers/frozen_frontend_exploration_20260715/run_evidence_jul15_late_and_jul16.csv:135;papers/frozen_frontend_exploration_20260715/screening_summary_jul15_late_and_jul16.csv:135,Prior artifact or parameter/search reference found before P02 freeze; exclude exact window from confirmatory denominator.
ntnu,fjord_2,130,140,second,6,true,true,true,DEVELOPMENT_ONLY,logs/ntnu_vins/external_hybrid_xfeat_every2_jul16screen30_ntnu_fjord2_s130_d10_probe/features.bag;logs/ntnu_vins/external_hybrid_xfeat_every2_jul16screen30_ntnu_fjord2_s130_d10_probe/frontend_metrics.csv;logs/ntnu_vins/external_hybrid_xfeat_every2_jul16screen30_ntnu_fjord2_s130_d10_probe/ntnu_cam0_kannala_brandt.yaml;logs/ntnu_vins/external_hybrid_xfeat_every2_jul16screen30_ntnu_fjord2_s130_d10_probe/vins_ntnu_external.yaml;papers/frozen_frontend_exploration_20260715/run_evidence_jul15_late_and_jul16.csv:133;papers/frozen_frontend_exploration_20260715/screening_summary_jul15_late_and_jul16.csv:133,Prior artifact or parameter/search reference found before P02 freeze; exclude exact window from confirmatory denominator.
ntnu,fjord_2,140,150,second,6,true,true,true,DEVELOPMENT_ONLY,logs/ntnu_vins/external_hybrid_xfeat_every2_jul16screen35_ntnu_fjord2_s140_d10_probe/features.bag;logs/ntnu_vins/external_hybrid_xfeat_every2_jul16screen35_ntnu_fjord2_s140_d10_probe/frontend_metrics.csv;logs/ntnu_vins/external_hybrid_xfeat_every2_jul16screen35_ntnu_fjord2_s140_d10_probe/ntnu_cam0_kannala_brandt.yaml;logs/ntnu_vins/external_hybrid_xfeat_every2_jul16screen35_ntnu_fjord2_s140_d10_probe/vins_ntnu_external.yaml;papers/frozen_frontend_exploration_20260715/run_evidence_jul15_late_and_jul16.csv:143;papers/frozen_frontend_exploration_20260715/screening_summary_jul15_late_and_jul16.csv:143,Prior artifact or parameter/search reference found before P02 freeze; exclude exact window from confirmatory denominator.
ntnu,fjord_2,190,200,second,6,true,true,true,DEVELOPMENT_ONLY,logs/ntnu_vins/external_hybrid_xfeat_every2_jul16screen36_ntnu_fjord2_s190_d10_probe/features.bag;logs/ntnu_vins/external_hybrid_xfeat_every2_jul16screen36_ntnu_fjord2_s190_d10_probe/frontend_metrics.csv;logs/ntnu_vins/external_hybrid_xfeat_every2_jul16screen36_ntnu_fjord2_s190_d10_probe/ntnu_cam0_kannala_brandt.yaml;logs/ntnu_vins/external_hybrid_xfeat_every2_jul16screen36_ntnu_fjord2_s190_d10_probe/vins_ntnu_external.yaml;papers/frozen_frontend_exploration_20260715/run_evidence_jul15_late_and_jul16.csv:145;papers/frozen_frontend_exploration_20260715/screening_summary_jul15_late_and_jul16.csv:145,Prior artifact or parameter/search reference found before P02 freeze; exclude exact window from confirmatory denominator.
ntnu,fjord_2,200,210,second,6,true,true,true,DEVELOPMENT_ONLY,logs/ntnu_vins/external_hybrid_xfeat_every2_jul16screen33_ntnu_fjord2_s200_d10_probe/features.bag;logs/ntnu_vins/external_hybrid_xfeat_every2_jul16screen33_ntnu_fjord2_s200_d10_probe/frontend_metrics.csv;logs/ntnu_vins/external_hybrid_xfeat_every2_jul16screen33_ntnu_fjord2_s200_d10_probe/ntnu_cam0_kannala_brandt.yaml;logs/ntnu_vins/external_hybrid_xfeat_every2_jul16screen33_ntnu_fjord2_s200_d10_probe/vins_ntnu_external.yaml;papers/frozen_frontend_exploration_20260715/run_evidence_jul15_late_and_jul16.csv:139;papers/frozen_frontend_exploration_20260715/screening_summary_jul15_late_and_jul16.csv:139,Prior artifact or parameter/search reference found before P02 freeze; exclude exact window from confirmatory denominator.
ntnu,fjord_2,210,220,second,6,true,true,true,DEVELOPMENT_ONLY,logs/ntnu_vins/external_hybrid_xfeat_every2_jul16screen31_ntnu_fjord2_s210_d10_probe/features.bag;logs/ntnu_vins/external_hybrid_xfeat_every2_jul16screen31_ntnu_fjord2_s210_d10_probe/frontend_metrics.csv;logs/ntnu_vins/external_hybrid_xfeat_every2_jul16screen31_ntnu_fjord2_s210_d10_probe/ntnu_cam0_kannala_brandt.yaml;logs/ntnu_vins/external_hybrid_xfeat_every2_jul16screen31_ntnu_fjord2_s210_d10_probe/vins_ntnu_external.yaml;papers/frozen_frontend_exploration_20260715/run_evidence_jul15_late_and_jul16.csv:136;papers/frozen_frontend_exploration_20260715/screening_summary_jul15_late_and_jul16.csv:136,Prior artifact or parameter/search reference found before P02 freeze; exclude exact window from confirmatory denominator.
ntnu,fjord_2,260,270,second,7,true,true,true,DEVELOPMENT_ONLY,logs/ntnu_vins/external_hybrid_xfeat_every2_jul16screen25_ntnu_fjord2_s260_d10_probe/features.bag;logs/ntnu_vins/external_hybrid_xfeat_every2_jul16screen25_ntnu_fjord2_s260_d10_probe/frontend_metrics.csv;logs/ntnu_vins/external_hybrid_xfeat_every2_jul16screen25_ntnu_fjord2_s260_d10_probe/ntnu_cam0_kannala_brandt.yaml;logs/ntnu_vins/external_hybrid_xfeat_every2_jul16screen25_ntnu_fjord2_s260_d10_probe/vins_ntnu_external.yaml;papers/causal_crossdataset_search_20260718/probe_metrics_candidates.csv:314;papers/frozen_frontend_exploration_20260715/run_evidence_jul15_late_and_jul16.csv:125;papers/frozen_frontend_exploration_20260715/screening_summary_jul15_late_and_jul16.csv:125,Prior artifact or parameter/search reference found before P02 freeze; exclude exact window from confirmatory denominator.
ntnu,fjord_2,270,280,second,6,true,true,true,DEVELOPMENT_ONLY,logs/ntnu_vins/external_hybrid_xfeat_every2_jul16screen35_ntnu_fjord2_s270_d10_probe/features.bag;logs/ntnu_vins/external_hybrid_xfeat_every2_jul16screen35_ntnu_fjord2_s270_d10_probe/frontend_metrics.csv;logs/ntnu_vins/external_hybrid_xfeat_every2_jul16screen35_ntnu_fjord2_s270_d10_probe/ntnu_cam0_kannala_brandt.yaml;logs/ntnu_vins/external_hybrid_xfeat_every2_jul16screen35_ntnu_fjord2_s270_d10_probe/vins_ntnu_external.yaml;papers/frozen_frontend_exploration_20260715/run_evidence_jul15_late_and_jul16.csv:144;papers/frozen_frontend_exploration_20260715/screening_summary_jul15_late_and_jul16.csv:144,Prior artifact or parameter/search reference found before P02 freeze; exclude exact window from confirmatory denominator.
ntnu,fjord_2,280,290,second,6,true,true,true,DEVELOPMENT_ONLY,logs/ntnu_vins/external_hybrid_xfeat_every2_jul16screen25_ntnu_fjord2_s280_d10_probe/features.bag;logs/ntnu_vins/external_hybrid_xfeat_every2_jul16screen25_ntnu_fjord2_s280_d10_probe/frontend_metrics.csv;logs/ntnu_vins/external_hybrid_xfeat_every2_jul16screen25_ntnu_fjord2_s280_d10_probe/ntnu_cam0_kannala_brandt.yaml;logs/ntnu_vins/external_hybrid_xfeat_every2_jul16screen25_ntnu_fjord2_s280_d10_probe/vins_ntnu_external.yaml;papers/frozen_frontend_exploration_20260715/run_evidence_jul15_late_and_jul16.csv:126;papers/frozen_frontend_exploration_20260715/screening_summary_jul15_late_and_jul16.csv:126,Prior artifact or parameter/search reference found before P02 freeze; exclude exact window from confirmatory denominator.
ntnu,fjord_2,290,300,second,7,true,true,true,DEVELOPMENT_ONLY,logs/ntnu_vins/external_hybrid_xfeat_every2_jul16screen30_ntnu_fjord2_s290_d10_probe/features.bag;logs/ntnu_vins/external_hybrid_xfeat_every2_jul16screen30_ntnu_fjord2_s290_d10_probe/frontend_metrics.csv;logs/ntnu_vins/external_hybrid_xfeat_every2_jul16screen30_ntnu_fjord2_s290_d10_probe/ntnu_cam0_kannala_brandt.yaml;logs/ntnu_vins/external_hybrid_xfeat_every2_jul16screen30_ntnu_fjord2_s290_d10_probe/vins_ntnu_external.yaml;papers/causal_crossdataset_search_20260718/probe_metrics_candidates.csv:184;papers/frozen_frontend_exploration_20260715/run_evidence_jul15_late_and_jul16.csv:134;papers/frozen_frontend_exploration_20260715/screening_summary_jul15_late_and_jul16.csv:134,Prior artifact or parameter/search reference found before P02 freeze; exclude exact window from confirmatory denominator.
ntnu,fjord_2,30,60,second,124,true,true,true,DEVELOPMENT_ONLY,logs/may20c_all_run_dirs.txt:838;logs/ntnu_vins/external_hybrid_xfeat_every2_jun02_ntnu_nonzero_fjord2_30_60_hybrid_xfeat/ape.txt;logs/ntnu_vins/external_hybrid_xfeat_every2_jun02_ntnu_nonzero_fjord2_30_60_hybrid_xfeat/ape.txt:1;logs/ntnu_vins/external_hybrid_xfeat_every2_jun02_ntnu_nonzero_fjord2_30_60_hybrid_xfeat/ape.txt:10;logs/ntnu_vins/external_hybrid_xfeat_every2_jun02_ntnu_nonzero_fjord2_30_60_hybrid_xfeat/ape.txt:11;logs/ntnu_vins/external_hybrid_xfeat_every2_jun02_ntnu_nonzero_fjord2_30_60_hybrid_xfeat/ape.txt:12;logs/ntnu_vins/external_hybrid_xfeat_every2_jun02_ntnu_nonzero_fjord2_30_60_hybrid_xfeat/ape.txt:13;logs/ntnu_vins/external_hybrid_xfeat_every2_jun02_ntnu_nonzero_fjord2_30_60_hybrid_xfeat/ape.txt:14;logs/ntnu_vins/external_hybrid_xfeat_every2_jun02_ntnu_nonzero_fjord2_30_60_hybrid_xfeat/ape.txt:15;logs/ntnu_vins/external_hybrid_xfeat_every2_jun02_ntnu_nonzero_fjord2_30_60_hybrid_xfeat/ape.txt:16;logs/ntnu_vins/external_hybrid_xfeat_every2_jun02_ntnu_nonzero_fjord2_30_60_hybrid_xfeat/ape.txt:17;logs/ntnu_vins/external_hybrid_xfeat_every2_jun02_ntnu_nonzero_fjord2_30_60_hybrid_xfeat/ape.txt:18;...(+112),Prior artifact or parameter/search reference found before P02 freeze; exclude exact window from confirmatory denominator.
ntnu,fjord_2,300,310,second,6,true,true,true,DEVELOPMENT_ONLY,logs/ntnu_vins/external_hybrid_xfeat_every2_jul16screen43_ntnu_fjord2_s300_d10_probe/features.bag;logs/ntnu_vins/external_hybrid_xfeat_every2_jul16screen43_ntnu_fjord2_s300_d10_probe/frontend_metrics.csv;logs/ntnu_vins/external_hybrid_xfeat_every2_jul16screen43_ntnu_fjord2_s300_d10_probe/ntnu_cam0_kannala_brandt.yaml;logs/ntnu_vins/external_hybrid_xfeat_every2_jul16screen43_ntnu_fjord2_s300_d10_probe/vins_ntnu_external.yaml;papers/frozen_frontend_exploration_20260715/run_evidence_jul15_late_and_jul16.csv:147;papers/frozen_frontend_exploration_20260715/screening_summary_jul15_late_and_jul16.csv:147,Prior artifact or parameter/search reference found before P02 freeze; exclude exact window from confirmatory denominator.
ntnu,fjord_2,340,350,second,862,true,true,true,DEVELOPMENT_ONLY,logs/ntnu_vins/external_hybrid_xfeat_every2_jul16screen34_ntnu_fjord2_s340_d10_probe/features.bag;logs/ntnu_vins/external_hybrid_xfeat_every2_jul16screen34_ntnu_fjord2_s340_d10_probe/frontend_metrics.csv;logs/ntnu_vins/external_hybrid_xfeat_every2_jul16screen34_ntnu_fjord2_s340_d10_probe/ntnu_cam0_kannala_brandt.yaml;logs/ntnu_vins/external_hybrid_xfeat_every2_jul16screen34_ntnu_fjord2_s340_d10_probe/vins_ntnu_external.yaml;logs/ntnu_vins/external_hybrid_xfeat_every2_jul18causal_fjord2_s340_d10_full_r1/ape.txt;logs/ntnu_vins/external_hybrid_xfeat_every2_jul18causal_fjord2_s340_d10_full_r1/ape.txt:1;logs/ntnu_vins/external_hybrid_xfeat_every2_jul18causal_fjord2_s340_d10_full_r1/ape.txt:10;logs/ntnu_vins/external_hybrid_xfeat_every2_jul18causal_fjord2_s340_d10_full_r1/ape.txt:11;logs/ntnu_vins/external_hybrid_xfeat_every2_jul18causal_fjord2_s340_d10_full_r1/ape.txt:12;logs/ntnu_vins/external_hybrid_xfeat_every2_jul18causal_fjord2_s340_d10_full_r1/ape.txt:13;logs/ntnu_vins/external_hybrid_xfeat_every2_jul18causal_fjord2_s340_d10_full_r1/ape.txt:14;logs/ntnu_vins/external_hybrid_xfeat_every2_jul18causal_fjord2_s340_d10_full_r1/ape.txt:15;...(+850),Prior artifact or parameter/search reference found before P02 freeze; exclude exact window from confirmatory denominator.
ntnu,fjord_2,360,370,second,6,true,true,true,DEVELOPMENT_ONLY,logs/ntnu_vins/external_hybrid_xfeat_every2_jul16screen36_ntnu_fjord2_s360_d10_probe/features.bag;logs/ntnu_vins/external_hybrid_xfeat_every2_jul16screen36_ntnu_fjord2_s360_d10_probe/frontend_metrics.csv;logs/ntnu_vins/external_hybrid_xfeat_every2_jul16screen36_ntnu_fjord2_s360_d10_probe/ntnu_cam0_kannala_brandt.yaml;logs/ntnu_vins/external_hybrid_xfeat_every2_jul16screen36_ntnu_fjord2_s360_d10_probe/vins_ntnu_external.yaml;papers/frozen_frontend_exploration_20260715/run_evidence_jul15_late_and_jul16.csv:146;papers/frozen_frontend_exploration_20260715/screening_summary_jul15_late_and_jul16.csv:146,Prior artifact or parameter/search reference found before P02 freeze; exclude exact window from confirmatory denominator.
ntnu,fjord_2,410,420,second,7,true,true,true,DEVELOPMENT_ONLY,logs/ntnu_vins/external_hybrid_xfeat_every2_jul16screen34_ntnu_fjord2_s410_d10_probe/features.bag;logs/ntnu_vins/external_hybrid_xfeat_every2_jul16screen34_ntnu_fjord2_s410_d10_probe/frontend_metrics.csv;logs/ntnu_vins/external_hybrid_xfeat_every2_jul16screen34_ntnu_fjord2_s410_d10_probe/ntnu_cam0_kannala_brandt.yaml;logs/ntnu_vins/external_hybrid_xfeat_every2_jul16screen34_ntnu_fjord2_s410_d10_probe/vins_ntnu_external.yaml;papers/causal_crossdataset_search_20260718/probe_metrics_candidates.csv:155;papers/frozen_frontend_exploration_20260715/run_evidence_jul15_late_and_jul16.csv:142;papers/frozen_frontend_exploration_20260715/screening_summary_jul15_late_and_jul16.csv:142,Prior artifact or parameter/search reference found before P02 freeze; exclude exact window from confirmatory denominator.
ntnu,fjord_2,430,440,second,7,true,true,true,DEVELOPMENT_ONLY,logs/ntnu_vins/external_hybrid_xfeat_every2_jul16screen32_ntnu_fjord2_s430_d10_probe/features.bag;logs/ntnu_vins/external_hybrid_xfeat_every2_jul16screen32_ntnu_fjord2_s430_d10_probe/frontend_metrics.csv;logs/ntnu_vins/external_hybrid_xfeat_every2_jul16screen32_ntnu_fjord2_s430_d10_probe/ntnu_cam0_kannala_brandt.yaml;logs/ntnu_vins/external_hybrid_xfeat_every2_jul16screen32_ntnu_fjord2_s430_d10_probe/vins_ntnu_external.yaml;papers/causal_crossdataset_search_20260718/probe_metrics_candidates.csv:120;papers/frozen_frontend_exploration_20260715/run_evidence_jul15_late_and_jul16.csv:137;papers/frozen_frontend_exploration_20260715/screening_summary_jul15_late_and_jul16.csv:137,Prior artifact or parameter/search reference found before P02 freeze; exclude exact window from confirmatory denominator.
ntnu,fjord_2,460,470,second,6,true,true,true,DEVELOPMENT_ONLY,logs/ntnu_vins/external_hybrid_xfeat_every2_jul16screen29_ntnu_fjord2_s460_d10_probe/features.bag;logs/ntnu_vins/external_hybrid_xfeat_every2_jul16screen29_ntnu_fjord2_s460_d10_probe/frontend_metrics.csv;logs/ntnu_vins/external_hybrid_xfeat_every2_jul16screen29_ntnu_fjord2_s460_d10_probe/ntnu_cam0_kannala_brandt.yaml;logs/ntnu_vins/external_hybrid_xfeat_every2_jul16screen29_ntnu_fjord2_s460_d10_probe/vins_ntnu_external.yaml;papers/frozen_frontend_exploration_20260715/run_evidence_jul15_late_and_jul16.csv:131;papers/frozen_frontend_exploration_20260715/screening_summary_jul15_late_and_jul16.csv:131,Prior artifact or parameter/search reference found before P02 freeze; exclude exact window from confirmatory denominator.
ntnu,fjord_2,470,480,second,6,true,true,true,DEVELOPMENT_ONLY,logs/ntnu_vins/external_hybrid_xfeat_every2_jul16screen29_ntnu_fjord2_s470_d10_probe/features.bag;logs/ntnu_vins/external_hybrid_xfeat_every2_jul16screen29_ntnu_fjord2_s470_d10_probe/frontend_metrics.csv;logs/ntnu_vins/external_hybrid_xfeat_every2_jul16screen29_ntnu_fjord2_s470_d10_probe/ntnu_cam0_kannala_brandt.yaml;logs/ntnu_vins/external_hybrid_xfeat_every2_jul16screen29_ntnu_fjord2_s470_d10_probe/vins_ntnu_external.yaml;papers/frozen_frontend_exploration_20260715/run_evidence_jul15_late_and_jul16.csv:132;papers/frozen_frontend_exploration_20260715/screening_summary_jul15_late_and_jul16.csv:132,Prior artifact or parameter/search reference found before P02 freeze; exclude exact window from confirmatory denominator.
ntnu,fjord_2,480,490,second,7,true,true,true,DEVELOPMENT_ONLY,logs/ntnu_vins/external_hybrid_xfeat_every2_jul16screen32_ntnu_fjord2_s480_d10_probe/features.bag;logs/ntnu_vins/external_hybrid_xfeat_every2_jul16screen32_ntnu_fjord2_s480_d10_probe/frontend_metrics.csv;logs/ntnu_vins/external_hybrid_xfeat_every2_jul16screen32_ntnu_fjord2_s480_d10_probe/ntnu_cam0_kannala_brandt.yaml;logs/ntnu_vins/external_hybrid_xfeat_every2_jul16screen32_ntnu_fjord2_s480_d10_probe/vins_ntnu_external.yaml;papers/causal_crossdataset_search_20260718/probe_metrics_candidates.csv:204;papers/frozen_frontend_exploration_20260715/run_evidence_jul15_late_and_jul16.csv:138;papers/frozen_frontend_exploration_20260715/screening_summary_jul15_late_and_jul16.csv:138,Prior artifact or parameter/search reference found before P02 freeze; exclude exact window from confirmatory denominator.
ntnu,fjord_2,490,500,second,7,true,true,true,DEVELOPMENT_ONLY,logs/ntnu_vins/external_hybrid_xfeat_every2_jul16screen28_ntnu_fjord2_s490_d10_probe/features.bag;logs/ntnu_vins/external_hybrid_xfeat_every2_jul16screen28_ntnu_fjord2_s490_d10_probe/frontend_metrics.csv;logs/ntnu_vins/external_hybrid_xfeat_every2_jul16screen28_ntnu_fjord2_s490_d10_probe/ntnu_cam0_kannala_brandt.yaml;logs/ntnu_vins/external_hybrid_xfeat_every2_jul16screen28_ntnu_fjord2_s490_d10_probe/vins_ntnu_external.yaml;papers/causal_crossdataset_search_20260718/probe_metrics_candidates.csv:154;papers/frozen_frontend_exploration_20260715/run_evidence_jul15_late_and_jul16.csv:129;papers/frozen_frontend_exploration_20260715/screening_summary_jul15_late_and_jul16.csv:129,Prior artifact or parameter/search reference found before P02 freeze; exclude exact window from confirmatory denominator.
ntnu,fjord_2,500,510,second,12,true,true,true,DEVELOPMENT_ONLY,logs/ntnu_vins/external_hybrid_xfeat_every2_jul16screen24_ntnu_fjord2_s500_d10_probe/features.bag;logs/ntnu_vins/external_hybrid_xfeat_every2_jul16screen24_ntnu_fjord2_s500_d10_probe/frontend_metrics.csv;logs/ntnu_vins/external_hybrid_xfeat_every2_jul16screen24_ntnu_fjord2_s500_d10_probe/ntnu_cam0_kannala_brandt.yaml;logs/ntnu_vins/external_hybrid_xfeat_every2_jul16screen24_ntnu_fjord2_s500_d10_probe/vins_ntnu_external.yaml;papers/causal_crossdataset_search_20260718/probe_lineage_rescan.csv:242;papers/causal_crossdataset_search_20260718/probe_lineage_rescan.csv:317;papers/causal_crossdataset_search_20260718/probe_metrics_candidates.csv:91;papers/frozen_frontend_exploration_20260715/run_evidence_jul15_late_and_jul16.csv:120;papers/frozen_frontend_exploration_20260715/screening_summary_jul15_late_and_jul16.csv:120;papers/learned_lineage_novelty_dev_20260716/lineage_motion_ratio_screening_20260717.csv:44;papers/learned_lineage_novelty_dev_20260716/lineage_novelty_screening.csv:116;papers/learned_lineage_novelty_dev_20260716/lineage_novelty_screening.csv:22,Prior artifact or parameter/search reference found before P02 freeze; exclude exact window from confirmatory denominator.
ntnu,fjord_2,510,520,second,6,true,true,true,DEVELOPMENT_ONLY,logs/ntnu_vins/external_hybrid_xfeat_every2_jul16screen27_ntnu_fjord2_s510_d10_probe/features.bag;logs/ntnu_vins/external_hybrid_xfeat_every2_jul16screen27_ntnu_fjord2_s510_d10_probe/frontend_metrics.csv;logs/ntnu_vins/external_hybrid_xfeat_every2_jul16screen27_ntnu_fjord2_s510_d10_probe/ntnu_cam0_kannala_brandt.yaml;logs/ntnu_vins/external_hybrid_xfeat_every2_jul16screen27_ntnu_fjord2_s510_d10_probe/vins_ntnu_external.yaml;papers/frozen_frontend_exploration_20260715/run_evidence_jul15_late_and_jul16.csv:127;papers/frozen_frontend_exploration_20260715/screening_summary_jul15_late_and_jul16.csv:127,Prior artifact or parameter/search reference found before P02 freeze; exclude exact window from confirmatory denominator.
ntnu,fjord_2,530,540,second,11,true,true,true,DEVELOPMENT_ONLY,logs/ntnu_vins/external_hybrid_xfeat_every2_jul16screen28_ntnu_fjord2_s530_d10_probe/features.bag;logs/ntnu_vins/external_hybrid_xfeat_every2_jul16screen28_ntnu_fjord2_s530_d10_probe/frontend_metrics.csv;logs/ntnu_vins/external_hybrid_xfeat_every2_jul16screen28_ntnu_fjord2_s530_d10_probe/ntnu_cam0_kannala_brandt.yaml;logs/ntnu_vins/external_hybrid_xfeat_every2_jul16screen28_ntnu_fjord2_s530_d10_probe/vins_ntnu_external.yaml;papers/causal_crossdataset_search_20260718/probe_lineage_rescan.csv:67;papers/causal_crossdataset_search_20260718/probe_lineage_rescan.csv:71;papers/causal_crossdataset_search_20260718/probe_metrics_candidates.csv:58;papers/frozen_frontend_exploration_20260715/run_evidence_jul15_late_and_jul16.csv:130;papers/frozen_frontend_exploration_20260715/screening_summary_jul15_late_and_jul16.csv:130;papers/learned_lineage_novelty_dev_20260716/lineage_novelty_screening.csv:168;papers/learned_lineage_novelty_dev_20260716/lineage_novelty_screening.csv:180,Prior artifact or parameter/search reference found before P02 freeze; exclude exact window from confirmatory denominator.
ntnu,fjord_2,540,550,second,9,true,true,true,DEVELOPMENT_ONLY,logs/ntnu_vins/external_hybrid_xfeat_every2_jul16screen24_ntnu_fjord2_s540_d10_probe/features.bag;logs/ntnu_vins/external_hybrid_xfeat_every2_jul16screen24_ntnu_fjord2_s540_d10_probe/frontend_metrics.csv;logs/ntnu_vins/external_hybrid_xfeat_every2_jul16screen24_ntnu_fjord2_s540_d10_probe/ntnu_cam0_kannala_brandt.yaml;logs/ntnu_vins/external_hybrid_xfeat_every2_jul16screen24_ntnu_fjord2_s540_d10_probe/vins_ntnu_external.yaml;papers/causal_crossdataset_search_20260718/probe_lineage_rescan.csv:430;papers/causal_crossdataset_search_20260718/probe_metrics_candidates.csv:183;papers/frozen_frontend_exploration_20260715/run_evidence_jul15_late_and_jul16.csv:121;papers/frozen_frontend_exploration_20260715/screening_summary_jul15_late_and_jul16.csv:121;papers/learned_lineage_novelty_dev_20260716/lineage_novelty_screening.csv:92,Prior artifact or parameter/search reference found before P02 freeze; exclude exact window from confirmatory denominator.
ntnu,fjord_2,570,580,second,7,true,true,true,DEVELOPMENT_ONLY,logs/ntnu_vins/external_hybrid_xfeat_every2_jul16screen27_ntnu_fjord2_s570_d10_probe/features.bag;logs/ntnu_vins/external_hybrid_xfeat_every2_jul16screen27_ntnu_fjord2_s570_d10_probe/frontend_metrics.csv;logs/ntnu_vins/external_hybrid_xfeat_every2_jul16screen27_ntnu_fjord2_s570_d10_probe/ntnu_cam0_kannala_brandt.yaml;logs/ntnu_vins/external_hybrid_xfeat_every2_jul16screen27_ntnu_fjord2_s570_d10_probe/vins_ntnu_external.yaml;papers/causal_crossdataset_search_20260718/probe_metrics_candidates.csv:203;papers/frozen_frontend_exploration_20260715/run_evidence_jul15_late_and_jul16.csv:128;papers/frozen_frontend_exploration_20260715/screening_summary_jul15_late_and_jul16.csv:128,Prior artifact or parameter/search reference found before P02 freeze; exclude exact window from confirmatory denominator.
ntnu,fjord_2,580,590,second,6,true,true,true,DEVELOPMENT_ONLY,logs/ntnu_vins/external_hybrid_xfeat_every2_jul16screen33_ntnu_fjord2_s580_d10_probe/features.bag;logs/ntnu_vins/external_hybrid_xfeat_every2_jul16screen33_ntnu_fjord2_s580_d10_probe/frontend_metrics.csv;logs/ntnu_vins/external_hybrid_xfeat_every2_jul16screen33_ntnu_fjord2_s580_d10_probe/ntnu_cam0_kannala_brandt.yaml;logs/ntnu_vins/external_hybrid_xfeat_every2_jul16screen33_ntnu_fjord2_s580_d10_probe/vins_ntnu_external.yaml;papers/frozen_frontend_exploration_20260715/run_evidence_jul15_late_and_jul16.csv:140;papers/frozen_frontend_exploration_20260715/screening_summary_jul15_late_and_jul16.csv:140,Prior artifact or parameter/search reference found before P02 freeze; exclude exact window from confirmatory denominator.
ntnu,fjord_2,60,70,second,9,true,true,true,DEVELOPMENT_ONLY,logs/ntnu_vins/external_hybrid_xfeat_every2_jul16screen24_ntnu_fjord2_s60_d10_probe/features.bag;logs/ntnu_vins/external_hybrid_xfeat_every2_jul16screen24_ntnu_fjord2_s60_d10_probe/frontend_metrics.csv;logs/ntnu_vins/external_hybrid_xfeat_every2_jul16screen24_ntnu_fjord2_s60_d10_probe/ntnu_cam0_kannala_brandt.yaml;logs/ntnu_vins/external_hybrid_xfeat_every2_jul16screen24_ntnu_fjord2_s60_d10_probe/vins_ntnu_external.yaml;papers/causal_crossdataset_search_20260718/probe_lineage_rescan.csv:295;papers/causal_crossdataset_search_20260718/probe_metrics_candidates.csv:153;papers/frozen_frontend_exploration_20260715/run_evidence_jul15_late_and_jul16.csv:122;papers/frozen_frontend_exploration_20260715/screening_summary_jul15_late_and_jul16.csv:122;papers/learned_lineage_novelty_dev_20260716/lineage_novelty_screening.csv:175,Prior artifact or parameter/search reference found before P02 freeze; exclude exact window from confirmatory denominator.
ntnu,fjord_2,70,80,second,9,true,true,true,DEVELOPMENT_ONLY,logs/ntnu_vins/external_hybrid_xfeat_every2_jul16screen24_ntnu_fjord2_s70_d10_probe/features.bag;logs/ntnu_vins/external_hybrid_xfeat_every2_jul16screen24_ntnu_fjord2_s70_d10_probe/frontend_metrics.csv;logs/ntnu_vins/external_hybrid_xfeat_every2_jul16screen24_ntnu_fjord2_s70_d10_probe/ntnu_cam0_kannala_brandt.yaml;logs/ntnu_vins/external_hybrid_xfeat_every2_jul16screen24_ntnu_fjord2_s70_d10_probe/vins_ntnu_external.yaml;papers/causal_crossdataset_search_20260718/probe_lineage_rescan.csv:345;papers/causal_crossdataset_search_20260718/probe_metrics_candidates.csv:101;papers/frozen_frontend_exploration_20260715/run_evidence_jul15_late_and_jul16.csv:123;papers/frozen_frontend_exploration_20260715/screening_summary_jul15_late_and_jul16.csv:123;papers/learned_lineage_novelty_dev_20260716/lineage_novelty_screening.csv:247,Prior artifact or parameter/search reference found before P02 freeze; exclude exact window from confirmatory denominator.
ntnu,fjord_2,90,100,second,11,true,true,true,DEVELOPMENT_ONLY,logs/ntnu_vins/external_hybrid_xfeat_every2_jul16screen24_ntnu_fjord2_s90_d10_probe/features.bag;logs/ntnu_vins/external_hybrid_xfeat_every2_jul16screen24_ntnu_fjord2_s90_d10_probe/frontend_metrics.csv;logs/ntnu_vins/external_hybrid_xfeat_every2_jul16screen24_ntnu_fjord2_s90_d10_probe/ntnu_cam0_kannala_brandt.yaml;logs/ntnu_vins/external_hybrid_xfeat_every2_jul16screen24_ntnu_fjord2_s90_d10_probe/vins_ntnu_external.yaml;papers/causal_crossdataset_search_20260718/probe_lineage_rescan.csv:125;papers/causal_crossdataset_search_20260718/probe_lineage_rescan.csv:131;papers/causal_crossdataset_search_20260718/probe_metrics_candidates.csv:80;papers/frozen_frontend_exploration_20260715/run_evidence_jul15_late_and_jul16.csv:124;papers/frozen_frontend_exploration_20260715/screening_summary_jul15_late_and_jul16.csv:124;papers/learned_lineage_novelty_dev_20260716/lineage_novelty_screening.csv:172;papers/learned_lineage_novelty_dev_20260716/lineage_novelty_screening.csv:199,Prior artifact or parameter/search reference found before P02 freeze; exclude exact window from confirmatory denominator.
ntnu,fjord_3,0,10,second,6,true,true,true,DEVELOPMENT_ONLY,logs/ntnu_vins/external_hybrid_xfeat_every2_jul08_nonoverlap_onlineprobe1_ntnu_fjord3_s0_d10/features.bag;logs/ntnu_vins/external_hybrid_xfeat_every2_jul08_nonoverlap_onlineprobe1_ntnu_fjord3_s0_d10/frontend_metrics.csv;logs/ntnu_vins/external_hybrid_xfeat_every2_jul08_nonoverlap_onlineprobe1_ntnu_fjord3_s0_d10/ntnu_cam0_kannala_brandt.yaml;logs/ntnu_vins/external_hybrid_xfeat_every2_jul08_nonoverlap_onlineprobe1_ntnu_fjord3_s0_d10/vins_ntnu_external.yaml;logs/ntnu_vins/external_klt_every2_jun07_klt_scan_fjord_3_s0_d10/ntnu_cam0_kannala_brandt.yaml;logs/ntnu_vins/external_klt_every2_jun07_klt_scan_fjord_3_s0_d10/vins_ntnu_external.yaml,Prior artifact or parameter/search reference found before P02 freeze; exclude exact window from confirmatory denominator.
ntnu,fjord_3,0,20,second,74,true,true,true,DEVELOPMENT_ONLY,logs/ntnu_recovered_bags/jun17_relaxed/fjord3_s0_d20_drop_highid.bag;logs/ntnu_recovered_bags/jun17_relaxed/fjord3_s0_d20_drop_stats.csv;logs/ntnu_recovered_bags/jun17_relaxed/fjord3_s0_d20_features.bag;logs/ntnu_recovered_bags/jun17_relaxed/fjord3_s0_d20_features.orig.bag;logs/ntnu_recovered_bags/jun17_relaxed/fjord3_s0_d20_filter.log;logs/ntnu_recovered_bags/jun17_relaxed/fjord3_s0_d20_info.txt;logs/ntnu_recovered_bags/jun17_relaxed/fjord3_s0_d20_info.txt:1;logs/ntnu_recovered_bags/jun17_relaxed/fjord3_s0_d20_info.txt:10;logs/ntnu_recovered_bags/jun17_relaxed/fjord3_s0_d20_info.txt:11;logs/ntnu_recovered_bags/jun17_relaxed/fjord3_s0_d20_info.txt:12;logs/ntnu_recovered_bags/jun17_relaxed/fjord3_s0_d20_info.txt:2;logs/ntnu_recovered_bags/jun17_relaxed/fjord3_s0_d20_info.txt:3;...(+62),Prior artifact or parameter/search reference found before P02 freeze; exclude exact window from confirmatory denominator.
ntnu,fjord_3,0,30,second,10,true,true,true,DEVELOPMENT_ONLY,logs/may20c_all_run_dirs.txt:803;logs/may20c_all_run_dirs.txt:839;logs/ntnu_vins/external_hybrid_xfeat_every2_may19_screen_ntnu_fjord3_0_30_xfeat_strictgrid076/features.bag;logs/ntnu_vins/external_hybrid_xfeat_every2_may19_screen_ntnu_fjord3_0_30_xfeat_strictgrid076/frontend_metrics.csv;logs/ntnu_vins/external_hybrid_xfeat_every2_may19_screen_ntnu_fjord3_0_30_xfeat_strictgrid076/ntnu_cam0_kannala_brandt.yaml;logs/ntnu_vins/external_hybrid_xfeat_every2_may19_screen_ntnu_fjord3_0_30_xfeat_strictgrid076/vins_ntnu_external.yaml;logs/ntnu_vins/external_hybrid_xfeat_every2_paperprobe_fjord_3_s0_d30_xfeat/features.bag;logs/ntnu_vins/external_hybrid_xfeat_every2_paperprobe_fjord_3_s0_d30_xfeat/frontend_metrics.csv;logs/ntnu_vins/external_hybrid_xfeat_every2_paperprobe_fjord_3_s0_d30_xfeat/ntnu_cam0_kannala_brandt.yaml;logs/ntnu_vins/external_hybrid_xfeat_every2_paperprobe_fjord_3_s0_d30_xfeat/vins_ntnu_external.yaml,Prior artifact or parameter/search reference found before P02 freeze; exclude exact window from confirmatory denominator.
ntnu,fjord_3,100,110,second,84,true,true,true,DEVELOPMENT_ONLY,logs/ntnu_vins/external_hybrid_superpoint_lightglue_every2_jun17_scan3_fjord_3_s100_d10_loftr_mirror/features.bag;logs/ntnu_vins/external_hybrid_superpoint_lightglue_every2_jun17_scan3_fjord_3_s100_d10_loftr_mirror/frontend_metrics.csv;logs/ntnu_vins/external_hybrid_superpoint_lightglue_every2_jun17_scan3_fjord_3_s100_d10_loftr_mirror/ntnu_cam0_kannala_brandt.yaml;logs/ntnu_vins/external_hybrid_superpoint_lightglue_every2_jun17_scan3_fjord_3_s100_d10_loftr_mirror/vins_ntnu_external.yaml;logs/ntnu_vins/external_hybrid_xfeat_every2_jul07_nonoverlap_onlineprobe_ntnu_fjord3_s100_d10/features.bag;logs/ntnu_vins/external_hybrid_xfeat_every2_jul07_nonoverlap_onlineprobe_ntnu_fjord3_s100_d10/frontend_metrics.csv;logs/ntnu_vins/external_hybrid_xfeat_every2_jul07_nonoverlap_onlineprobe_ntnu_fjord3_s100_d10/ntnu_cam0_kannala_brandt.yaml;logs/ntnu_vins/external_hybrid_xfeat_every2_jul07_nonoverlap_onlineprobe_ntnu_fjord3_s100_d10/vins_ntnu_external.yaml;logs/ntnu_vins/external_hybrid_xfeat_every2_jul07_nonoverlap_scan_fjord_3_s100_d10_probe_oldcontract_densecap/features.bag;logs/ntnu_vins/external_hybrid_xfeat_every2_jul07_nonoverlap_scan_fjord_3_s100_d10_probe_oldcontract_densecap/frontend_metrics.csv;logs/ntnu_vins/external_hybrid_xfeat_every2_jul07_nonoverlap_scan_fjord_3_s100_d10_probe_oldcontract_densecap/ntnu_cam0_kannala_brandt.yaml;logs/ntnu_vins/external_hybrid_xfeat_every2_jul07_nonoverlap_scan_fjord_3_s100_d10_probe_oldcontract_densecap/vins_ntnu_external.yaml;...(+72),Prior artifact or parameter/search reference found before P02 freeze; exclude exact window from confirmatory denominator.
ntnu,fjord_3,110,120,second,76,true,true,true,DEVELOPMENT_ONLY,logs/ntnu_vins/external_hybrid_xfeat_every2_jul07_nonoverlap_scan_fjord_3_s110_d10_probe_oldcontract_densecap/features.bag;logs/ntnu_vins/external_hybrid_xfeat_every2_jul07_nonoverlap_scan_fjord_3_s110_d10_probe_oldcontract_densecap/frontend_metrics.csv;logs/ntnu_vins/external_hybrid_xfeat_every2_jul07_nonoverlap_scan_fjord_3_s110_d10_probe_oldcontract_densecap/ntnu_cam0_kannala_brandt.yaml;logs/ntnu_vins/external_hybrid_xfeat_every2_jul07_nonoverlap_scan_fjord_3_s110_d10_probe_oldcontract_densecap/vins_ntnu_external.yaml;logs/ntnu_vins/external_klt_every2_jul07_nonoverlap_scan_fjord_3_s110_d10_klt_safe_fallback/arbitration_summary.txt;logs/ntnu_vins/external_klt_every2_jul07_nonoverlap_scan_fjord_3_s110_d10_klt_safe_fallback/arbitration_summary.txt:1;logs/ntnu_vins/external_klt_every2_jul07_nonoverlap_scan_fjord_3_s110_d10_klt_safe_fallback/arbitration_summary.txt:10;logs/ntnu_vins/external_klt_every2_jul07_nonoverlap_scan_fjord_3_s110_d10_klt_safe_fallback/arbitration_summary.txt:11;logs/ntnu_vins/external_klt_every2_jul07_nonoverlap_scan_fjord_3_s110_d10_klt_safe_fallback/arbitration_summary.txt:12;logs/ntnu_vins/external_klt_every2_jul07_nonoverlap_scan_fjord_3_s110_d10_klt_safe_fallback/arbitration_summary.txt:13;logs/ntnu_vins/external_klt_every2_jul07_nonoverlap_scan_fjord_3_s110_d10_klt_safe_fallback/arbitration_summary.txt:14;logs/ntnu_vins/external_klt_every2_jul07_nonoverlap_scan_fjord_3_s110_d10_klt_safe_fallback/arbitration_summary.txt:15;...(+64),Prior artifact or parameter/search reference found before P02 freeze; exclude exact window from confirmatory denominator.
ntnu,fjord_3,120,130,second,86,true,true,true,DEVELOPMENT_ONLY,logs/ntnu_vins/external_hybrid_xfeat_every2_jul03_earlyseed_export_fjord_3_s120_d10/features.bag;logs/ntnu_vins/external_hybrid_xfeat_every2_jul03_earlyseed_export_fjord_3_s120_d10/frontend_metrics.csv;logs/ntnu_vins/external_hybrid_xfeat_every2_jul03_earlyseed_export_fjord_3_s120_d10/ntnu_cam0_kannala_brandt.yaml;logs/ntnu_vins/external_hybrid_xfeat_every2_jul03_earlyseed_export_fjord_3_s120_d10/vins_ntnu_external.yaml;logs/ntnu_vins/external_hybrid_xfeat_every2_jul07_nonoverlap_onlineprobe_ntnu_fjord3_s120_d10/features.bag;logs/ntnu_vins/external_hybrid_xfeat_every2_jul07_nonoverlap_onlineprobe_ntnu_fjord3_s120_d10/frontend_metrics.csv;logs/ntnu_vins/external_hybrid_xfeat_every2_jul07_nonoverlap_onlineprobe_ntnu_fjord3_s120_d10/ntnu_cam0_kannala_brandt.yaml;logs/ntnu_vins/external_hybrid_xfeat_every2_jul07_nonoverlap_onlineprobe_ntnu_fjord3_s120_d10/vins_ntnu_external.yaml;logs/ntnu_vins/external_hybrid_xfeat_every2_jul07_nonoverlap_scan_fjord_3_s120_d10_probe_oldcontract_densecap/features.bag;logs/ntnu_vins/external_hybrid_xfeat_every2_jul07_nonoverlap_scan_fjord_3_s120_d10_probe_oldcontract_densecap/frontend_metrics.csv;logs/ntnu_vins/external_hybrid_xfeat_every2_jul07_nonoverlap_scan_fjord_3_s120_d10_probe_oldcontract_densecap/ntnu_cam0_kannala_brandt.yaml;logs/ntnu_vins/external_hybrid_xfeat_every2_jul07_nonoverlap_scan_fjord_3_s120_d10_probe_oldcontract_densecap/vins_ntnu_external.yaml;...(+74),Prior artifact or parameter/search reference found before P02 freeze; exclude exact window from confirmatory denominator.
ntnu,fjord_3,120,150,second,8,true,true,true,DEVELOPMENT_ONLY,logs/ntnu_vins/external_hybrid_xfeat_every2_may24_probe_fjord3_120_150_xfeat/features.bag;logs/ntnu_vins/external_hybrid_xfeat_every2_may24_probe_fjord3_120_150_xfeat/frontend_metrics.csv;logs/ntnu_vins/external_hybrid_xfeat_every2_may24_probe_fjord3_120_150_xfeat/ntnu_cam0_kannala_brandt.yaml;logs/ntnu_vins/external_hybrid_xfeat_every2_may24_probe_fjord3_120_150_xfeat/vins_ntnu_external.yaml;logs/ntnu_vins/external_hybrid_xfeat_every2_paperprobe_fjord_3_s120_d30_xfeat/features.bag;logs/ntnu_vins/external_hybrid_xfeat_every2_paperprobe_fjord_3_s120_d30_xfeat/frontend_metrics.csv;logs/ntnu_vins/external_hybrid_xfeat_every2_paperprobe_fjord_3_s120_d30_xfeat/ntnu_cam0_kannala_brandt.yaml;logs/ntnu_vins/external_hybrid_xfeat_every2_paperprobe_fjord_3_s120_d30_xfeat/vins_ntnu_external.yaml,Prior artifact or parameter/search reference found before P02 freeze; exclude exact window from confirmatory denominator.
ntnu,fjord_3,130,140,second,77,true,true,true,DEVELOPMENT_ONLY,logs/ntnu_vins/external_hybrid_xfeat_every2_jul07_nonoverlap_scan_fjord_3_s130_d10_probe_oldcontract_densecap/features.bag;logs/ntnu_vins/external_hybrid_xfeat_every2_jul07_nonoverlap_scan_fjord_3_s130_d10_probe_oldcontract_densecap/frontend_metrics.csv;logs/ntnu_vins/external_hybrid_xfeat_every2_jul07_nonoverlap_scan_fjord_3_s130_d10_probe_oldcontract_densecap/ntnu_cam0_kannala_brandt.yaml;logs/ntnu_vins/external_hybrid_xfeat_every2_jul07_nonoverlap_scan_fjord_3_s130_d10_probe_oldcontract_densecap/vins_ntnu_external.yaml;logs/ntnu_vins/external_klt_every2_jul07_nonoverlap_scan_fjord_3_s130_d10_klt_safe_fallback/arbitration_summary.txt;logs/ntnu_vins/external_klt_every2_jul07_nonoverlap_scan_fjord_3_s130_d10_klt_safe_fallback/arbitration_summary.txt:1;logs/ntnu_vins/external_klt_every2_jul07_nonoverlap_scan_fjord_3_s130_d10_klt_safe_fallback/arbitration_summary.txt:10;logs/ntnu_vins/external_klt_every2_jul07_nonoverlap_scan_fjord_3_s130_d10_klt_safe_fallback/arbitration_summary.txt:11;logs/ntnu_vins/external_klt_every2_jul07_nonoverlap_scan_fjord_3_s130_d10_klt_safe_fallback/arbitration_summary.txt:12;logs/ntnu_vins/external_klt_every2_jul07_nonoverlap_scan_fjord_3_s130_d10_klt_safe_fallback/arbitration_summary.txt:13;logs/ntnu_vins/external_klt_every2_jul07_nonoverlap_scan_fjord_3_s130_d10_klt_safe_fallback/arbitration_summary.txt:14;logs/ntnu_vins/external_klt_every2_jul07_nonoverlap_scan_fjord_3_s130_d10_klt_safe_fallback/arbitration_summary.txt:15;...(+65),Prior artifact or parameter/search reference found before P02 freeze; exclude exact window from confirmatory denominator.
ntnu,fjord_3,140,150,second,86,true,true,true,DEVELOPMENT_ONLY,logs/jul07_filtered_featurebags/ntnu_fjord3_s140_d10_drop20.bag;logs/jul07_filtered_featurebags/ntnu_fjord3_s140_d10_drop20_stats.csv;logs/ntnu_vins/external_hybrid_superpoint_lightglue_every2_jun17_scan3_fjord_3_s140_d10_loftr_mirror/features.bag;logs/ntnu_vins/external_hybrid_superpoint_lightglue_every2_jun17_scan3_fjord_3_s140_d10_loftr_mirror/frontend_metrics.csv;logs/ntnu_vins/external_hybrid_superpoint_lightglue_every2_jun17_scan3_fjord_3_s140_d10_loftr_mirror/ntnu_cam0_kannala_brandt.yaml;logs/ntnu_vins/external_hybrid_superpoint_lightglue_every2_jun17_scan3_fjord_3_s140_d10_loftr_mirror/vins_ntnu_external.yaml;logs/ntnu_vins/external_hybrid_xfeat_every2_jul07_nonoverlap_fjord3_s140_drop20_vins/replay_manifest.txt:3;logs/ntnu_vins/external_hybrid_xfeat_every2_jul07_nonoverlap_fjord3_s140_full_vins/replay_manifest.txt:3;logs/ntnu_vins/external_hybrid_xfeat_every2_jul07_nonoverlap_scan_fjord_3_s140_d10_probe_oldcontract_densecap/features.bag;logs/ntnu_vins/external_hybrid_xfeat_every2_jul07_nonoverlap_scan_fjord_3_s140_d10_probe_oldcontract_densecap/frontend_metrics.csv;logs/ntnu_vins/external_hybrid_xfeat_every2_jul07_nonoverlap_scan_fjord_3_s140_d10_probe_oldcontract_densecap/ntnu_cam0_kannala_brandt.yaml;logs/ntnu_vins/external_hybrid_xfeat_every2_jul07_nonoverlap_scan_fjord_3_s140_d10_probe_oldcontract_densecap/vins_ntnu_external.yaml;...(+74),Prior artifact or parameter/search reference found before P02 freeze; exclude exact window from confirmatory denominator.
ntnu,fjord_3,150,160,second,358,true,true,true,DEVELOPMENT_ONLY,logs/jul03_ntnu_fjord3_s150_d10_earlyseed_summary.csv;logs/jul08_filtered_featurebags/ntnu_fjord3_s150_d10_drop20.bag;logs/jul08_filtered_featurebags/ntnu_fjord3_s150_d10_drop20_stats.csv;logs/ntnu_vins/external_hybrid_xfeat_every2_jul03_earlyseed_export_fjord_3_s150_d10/ape.txt;logs/ntnu_vins/external_hybrid_xfeat_every2_jul03_earlyseed_export_fjord_3_s150_d10/ape.txt:1;logs/ntnu_vins/external_hybrid_xfeat_every2_jul03_earlyseed_export_fjord_3_s150_d10/ape.txt:10;logs/ntnu_vins/external_hybrid_xfeat_every2_jul03_earlyseed_export_fjord_3_s150_d10/ape.txt:11;logs/ntnu_vins/external_hybrid_xfeat_every2_jul03_earlyseed_export_fjord_3_s150_d10/ape.txt:12;logs/ntnu_vins/external_hybrid_xfeat_every2_jul03_earlyseed_export_fjord_3_s150_d10/ape.txt:13;logs/ntnu_vins/external_hybrid_xfeat_every2_jul03_earlyseed_export_fjord_3_s150_d10/ape.txt:14;logs/ntnu_vins/external_hybrid_xfeat_every2_jul03_earlyseed_export_fjord_3_s150_d10/ape.txt:15;logs/ntnu_vins/external_hybrid_xfeat_every2_jul03_earlyseed_export_fjord_3_s150_d10/ape.txt:16;...(+346),Prior artifact or parameter/search reference found before P02 freeze; exclude exact window from confirmatory denominator.
ntnu,fjord_3,150,170,second,4,true,true,true,DEVELOPMENT_ONLY,logs/ntnu_vins/external_hybrid_xfeat_every2_paperprobe_fjord_3_s150_d20_xfeat/features.bag;logs/ntnu_vins/external_hybrid_xfeat_every2_paperprobe_fjord_3_s150_d20_xfeat/frontend_metrics.csv;logs/ntnu_vins/external_hybrid_xfeat_every2_paperprobe_fjord_3_s150_d20_xfeat/ntnu_cam0_kannala_brandt.yaml;logs/ntnu_vins/external_hybrid_xfeat_every2_paperprobe_fjord_3_s150_d20_xfeat/vins_ntnu_external.yaml,Prior artifact or parameter/search reference found before P02 freeze; exclude exact window from confirmatory denominator.
ntnu,fjord_3,150,180,second,327,true,true,true,DEVELOPMENT_ONLY,logs/may28_non_a06_lowtexture_continued_audit.md:20;logs/may28_ntnu_continued_source_audit.md:42;logs/ntnu_jun18_xfeat_loftr_fullsweep_report.md:42;logs/ntnu_jun21_repair_audit_notes.md:45;logs/ntnu_jun21_repair_audit_notes.md:48;logs/ntnu_jun21_repair_audit_notes.md:50;logs/ntnu_repaired_bags/fjord3_s150_d30_xfeat_q0p10/features_q0p10.bag;logs/ntnu_repaired_bags/fjord3_s150_d30_xfeat_q0p10/rewrite_stats.csv;logs/ntnu_vins/external_hybrid_xfeat_every2_jun02_ntnu_nonzero_fjord3_150_180_hybrid_xfeat/ape.txt;logs/ntnu_vins/external_hybrid_xfeat_every2_jun02_ntnu_nonzero_fjord3_150_180_hybrid_xfeat/ape.txt:1;logs/ntnu_vins/external_hybrid_xfeat_every2_jun02_ntnu_nonzero_fjord3_150_180_hybrid_xfeat/ape.txt:10;logs/ntnu_vins/external_hybrid_xfeat_every2_jun02_ntnu_nonzero_fjord3_150_180_hybrid_xfeat/ape.txt:11;...(+315),Prior artifact or parameter/search reference found before P02 freeze; exclude exact window from confirmatory denominator.
ntnu,fjord_3,160,170,second,5,true,true,true,DEVELOPMENT_ONLY,logs/ntnu_vins/external_hybrid_xfeat_every2_jul08_nonoverlap_onlineprobe1_ntnu_fjord3_s160_d10/features.bag;logs/ntnu_vins/external_hybrid_xfeat_every2_jul08_nonoverlap_onlineprobe1_ntnu_fjord3_s160_d10/frontend_metrics.csv;logs/ntnu_vins/external_hybrid_xfeat_every2_jul08_nonoverlap_onlineprobe1_ntnu_fjord3_s160_d10/ntnu_cam0_kannala_brandt.yaml;logs/ntnu_vins/external_hybrid_xfeat_every2_jul08_nonoverlap_onlineprobe1_ntnu_fjord3_s160_d10/vins_ntnu_external.yaml;papers/causal_crossdataset_search_20260718/probe_metrics_candidates.csv:365,Prior artifact or parameter/search reference found before P02 freeze; exclude exact window from confirmatory denominator.
ntnu,fjord_3,180,190,second,178,true,true,true,DEVELOPMENT_ONLY,logs/jul08_filtered_featurebags/ntnu_fjord3_s180_d10_drop20.bag;logs/jul08_filtered_featurebags/ntnu_fjord3_s180_d10_drop20_stats.csv;logs/ntnu_vins/external_hybrid_xfeat_every2_jul08_nonoverlap_onlineprobe1_ntnu_fjord3_s180_d10/ape.txt;logs/ntnu_vins/external_hybrid_xfeat_every2_jul08_nonoverlap_onlineprobe1_ntnu_fjord3_s180_d10/ape.txt:1;logs/ntnu_vins/external_hybrid_xfeat_every2_jul08_nonoverlap_onlineprobe1_ntnu_fjord3_s180_d10/ape.txt:10;logs/ntnu_vins/external_hybrid_xfeat_every2_jul08_nonoverlap_onlineprobe1_ntnu_fjord3_s180_d10/ape.txt:11;logs/ntnu_vins/external_hybrid_xfeat_every2_jul08_nonoverlap_onlineprobe1_ntnu_fjord3_s180_d10/ape.txt:12;logs/ntnu_vins/external_hybrid_xfeat_every2_jul08_nonoverlap_onlineprobe1_ntnu_fjord3_s180_d10/ape.txt:13;logs/ntnu_vins/external_hybrid_xfeat_every2_jul08_nonoverlap_onlineprobe1_ntnu_fjord3_s180_d10/ape.txt:14;logs/ntnu_vins/external_hybrid_xfeat_every2_jul08_nonoverlap_onlineprobe1_ntnu_fjord3_s180_d10/ape.txt:15;logs/ntnu_vins/external_hybrid_xfeat_every2_jul08_nonoverlap_onlineprobe1_ntnu_fjord3_s180_d10/ape.txt:16;logs/ntnu_vins/external_hybrid_xfeat_every2_jul08_nonoverlap_onlineprobe1_ntnu_fjord3_s180_d10/ape.txt:17;...(+166),Prior artifact or parameter/search reference found before P02 freeze; exclude exact window from confirmatory denominator.
ntnu,fjord_3,180,210,second,8,true,true,true,DEVELOPMENT_ONLY,logs/ntnu_vins/external_hybrid_xfeat_every2_may24_probe_fjord3_180_210_xfeat/features.bag;logs/ntnu_vins/external_hybrid_xfeat_every2_may24_probe_fjord3_180_210_xfeat/frontend_metrics.csv;logs/ntnu_vins/external_hybrid_xfeat_every2_may24_probe_fjord3_180_210_xfeat/ntnu_cam0_kannala_brandt.yaml;logs/ntnu_vins/external_hybrid_xfeat_every2_may24_probe_fjord3_180_210_xfeat/vins_ntnu_external.yaml;logs/ntnu_vins/external_hybrid_xfeat_every2_paperprobe_fjord_3_s180_d30_xfeat/features.bag;logs/ntnu_vins/external_hybrid_xfeat_every2_paperprobe_fjord_3_s180_d30_xfeat/frontend_metrics.csv;logs/ntnu_vins/external_hybrid_xfeat_every2_paperprobe_fjord_3_s180_d30_xfeat/ntnu_cam0_kannala_brandt.yaml;logs/ntnu_vins/external_hybrid_xfeat_every2_paperprobe_fjord_3_s180_d30_xfeat/vins_ntnu_external.yaml,Prior artifact or parameter/search reference found before P02 freeze; exclude exact window from confirmatory denominator.
ntnu,fjord_3,20,30,second,68,true,true,true,DEVELOPMENT_ONLY,logs/jul08_filtered_featurebags/jul08_nonoverlap_onlinevins4_ntnu_fjord3_s20_d10_drop20.bag;logs/jul08_filtered_featurebags/jul08_nonoverlap_onlinevins4_ntnu_fjord3_s20_d10_drop20_stats.csv;logs/ntnu_vins/external_hybrid_xfeat_every2_jul08_nonoverlap_onlineprobe1_ntnu_fjord3_s20_d10/features.bag;logs/ntnu_vins/external_hybrid_xfeat_every2_jul08_nonoverlap_onlineprobe1_ntnu_fjord3_s20_d10/frontend_metrics.csv;logs/ntnu_vins/external_hybrid_xfeat_every2_jul08_nonoverlap_onlineprobe1_ntnu_fjord3_s20_d10/ntnu_cam0_kannala_brandt.yaml;logs/ntnu_vins/external_hybrid_xfeat_every2_jul08_nonoverlap_onlineprobe1_ntnu_fjord3_s20_d10/vins_ntnu_external.yaml;logs/ntnu_vins/external_hybrid_xfeat_every2_jul08_nonoverlap_onlinevins4_ntnu_fjord3_s20_d10/ape.txt;logs/ntnu_vins/external_hybrid_xfeat_every2_jul08_nonoverlap_onlinevins4_ntnu_fjord3_s20_d10/features.bag;logs/ntnu_vins/external_hybrid_xfeat_every2_jul08_nonoverlap_onlinevins4_ntnu_fjord3_s20_d10/frontend_metrics.csv;logs/ntnu_vins/external_hybrid_xfeat_every2_jul08_nonoverlap_onlinevins4_ntnu_fjord3_s20_d10/ntnu_cam0_kannala_brandt.yaml;logs/ntnu_vins/external_hybrid_xfeat_every2_jul08_nonoverlap_onlinevins4_ntnu_fjord3_s20_d10/roscore.log;logs/ntnu_vins/external_hybrid_xfeat_every2_jul08_nonoverlap_onlinevins4_ntnu_fjord3_s20_d10/vins.log;...(+56),Prior artifact or parameter/search reference found before P02 freeze; exclude exact window from confirmatory denominator.
ntnu,fjord_3,20,40,second,8,true,true,false,DEVELOPMENT_ONLY,logs/ntnu_vins/external_hybrid_superpoint_lightglue_every2_jun07_more_ntnu_fjord3_s20_d20_export_loftr/features.bag;logs/ntnu_vins/external_hybrid_superpoint_lightglue_every2_jun07_more_ntnu_fjord3_s20_d20_export_loftr/frontend_metrics.csv;logs/ntnu_vins/external_hybrid_superpoint_lightglue_every2_jun07_more_ntnu_fjord3_s20_d20_export_loftr/ntnu_cam0_kannala_brandt.yaml;logs/ntnu_vins/external_hybrid_superpoint_lightglue_every2_jun07_more_ntnu_fjord3_s20_d20_export_loftr/vins_ntnu_external.yaml;logs/ntnu_vins/external_hybrid_superpoint_lightglue_every2_jun17_scan2_fjord_3_s20_d20_loftr_mirror/features.bag;logs/ntnu_vins/external_hybrid_superpoint_lightglue_every2_jun17_scan2_fjord_3_s20_d20_loftr_mirror/frontend_metrics.csv;logs/ntnu_vins/external_hybrid_superpoint_lightglue_every2_jun17_scan2_fjord_3_s20_d20_loftr_mirror/ntnu_cam0_kannala_brandt.yaml;logs/ntnu_vins/external_hybrid_superpoint_lightglue_every2_jun17_scan2_fjord_3_s20_d20_loftr_mirror/vins_ntnu_external.yaml,Prior artifact or parameter/search reference found before P02 freeze; exclude exact window from confirmatory denominator.
ntnu,fjord_3,210,240,second,4,true,true,true,DEVELOPMENT_ONLY,logs/ntnu_vins/external_hybrid_xfeat_every2_paperprobe_fjord_3_s210_d30_xfeat/features.bag;logs/ntnu_vins/external_hybrid_xfeat_every2_paperprobe_fjord_3_s210_d30_xfeat/frontend_metrics.csv;logs/ntnu_vins/external_hybrid_xfeat_every2_paperprobe_fjord_3_s210_d30_xfeat/ntnu_cam0_kannala_brandt.yaml;logs/ntnu_vins/external_hybrid_xfeat_every2_paperprobe_fjord_3_s210_d30_xfeat/vins_ntnu_external.yaml,Prior artifact or parameter/search reference found before P02 freeze; exclude exact window from confirmatory denominator.
ntnu,fjord_3,240,270,second,4,true,true,true,DEVELOPMENT_ONLY,logs/ntnu_vins/external_hybrid_xfeat_every2_paperprobe_fjord_3_s240_d30_xfeat/features.bag;logs/ntnu_vins/external_hybrid_xfeat_every2_paperprobe_fjord_3_s240_d30_xfeat/frontend_metrics.csv;logs/ntnu_vins/external_hybrid_xfeat_every2_paperprobe_fjord_3_s240_d30_xfeat/ntnu_cam0_kannala_brandt.yaml;logs/ntnu_vins/external_hybrid_xfeat_every2_paperprobe_fjord_3_s240_d30_xfeat/vins_ntnu_external.yaml,Prior artifact or parameter/search reference found before P02 freeze; exclude exact window from confirmatory denominator.
ntnu,fjord_3,260,270,second,9,true,true,true,DEVELOPMENT_ONLY,logs/ntnu_vins/external_hybrid_xfeat_every2_jul16screen19_ntnu_fjord3_s260_d10_probe/features.bag;logs/ntnu_vins/external_hybrid_xfeat_every2_jul16screen19_ntnu_fjord3_s260_d10_probe/frontend_metrics.csv;logs/ntnu_vins/external_hybrid_xfeat_every2_jul16screen19_ntnu_fjord3_s260_d10_probe/ntnu_cam0_kannala_brandt.yaml;logs/ntnu_vins/external_hybrid_xfeat_every2_jul16screen19_ntnu_fjord3_s260_d10_probe/vins_ntnu_external.yaml;papers/causal_crossdataset_search_20260718/probe_lineage_rescan.csv:506;papers/causal_crossdataset_search_20260718/probe_metrics_candidates.csv:313;papers/frozen_frontend_exploration_20260715/run_evidence_jul15_late_and_jul16.csv:117;papers/frozen_frontend_exploration_20260715/screening_summary_jul15_late_and_jul16.csv:117;papers/learned_lineage_novelty_dev_20260716/lineage_novelty_screening.csv:223,Prior artifact or parameter/search reference found before P02 freeze; exclude exact window from confirmatory denominator.
ntnu,fjord_3,30,50,second,150,true,true,true,DEVELOPMENT_ONLY,logs/ntnu_vins/external_hybrid_superpoint_lightglue_every2_jun18_loftr_fjord_3_s30_d20_loftr_manual/ape.txt;logs/ntnu_vins/external_hybrid_superpoint_lightglue_every2_jun18_loftr_fjord_3_s30_d20_loftr_manual/features.bag;logs/ntnu_vins/external_hybrid_superpoint_lightglue_every2_jun18_loftr_fjord_3_s30_d20_loftr_manual/frontend_metrics.csv;logs/ntnu_vins/external_hybrid_superpoint_lightglue_every2_jun18_loftr_fjord_3_s30_d20_loftr_manual/ntnu_cam0_kannala_brandt.yaml;logs/ntnu_vins/external_hybrid_superpoint_lightglue_every2_jun18_loftr_fjord_3_s30_d20_loftr_manual/roscore.log;logs/ntnu_vins/external_hybrid_superpoint_lightglue_every2_jun18_loftr_fjord_3_s30_d20_loftr_manual/vins.log;logs/ntnu_vins/external_hybrid_superpoint_lightglue_every2_jun18_loftr_fjord_3_s30_d20_loftr_manual/vins_env_manifest.txt;logs/ntnu_vins/external_hybrid_superpoint_lightglue_every2_jun18_loftr_fjord_3_s30_d20_loftr_manual/vins_env_manifest.txt:1;logs/ntnu_vins/external_hybrid_superpoint_lightglue_every2_jun18_loftr_fjord_3_s30_d20_loftr_manual/vins_env_manifest.txt:10;logs/ntnu_vins/external_hybrid_superpoint_lightglue_every2_jun18_loftr_fjord_3_s30_d20_loftr_manual/vins_env_manifest.txt:11;logs/ntnu_vins/external_hybrid_superpoint_lightglue_every2_jun18_loftr_fjord_3_s30_d20_loftr_manual/vins_env_manifest.txt:12;logs/ntnu_vins/external_hybrid_superpoint_lightglue_every2_jun18_loftr_fjord_3_s30_d20_loftr_manual/vins_env_manifest.txt:2;...(+138),Prior artifact or parameter/search reference found before P02 freeze; exclude exact window from confirmatory denominator.
ntnu,fjord_3,30,60,second,260,true,true,true,DEVELOPMENT_ONLY,logs/agent_ntnu_more_positive_report.md:10;logs/low_texture_window_search_20260522.md:109;logs/may20c_all_run_dirs.txt:809;logs/may20c_all_run_dirs.txt:840;logs/may20c_all_run_dirs.txt:863;logs/may24_all_complete_runs.txt:711;logs/may24_all_complete_runs.txt:774;logs/may24_all_complete_runs.txt:812;logs/may24_all_complete_runs.txt:822;logs/may24_strict_fjord3_30_60_bag_compare.csv;logs/may24_strict_fjord3_30_60_bag_compare.md;logs/may24_strict_fjord3_30_60_bag_compare.md:1;...(+248),Prior artifact or parameter/search reference found before P02 freeze; exclude exact window from confirmatory denominator.
ntnu,fjord_3,36,46,second,124,true,true,true,DEVELOPMENT_ONLY,logs/ntnu_vins/external_hybrid_xfeat_every2_jul04_shifted_burst_ntnu_fjord3_s36_d10_probe_oldcontract_densecap/features.bag;logs/ntnu_vins/external_hybrid_xfeat_every2_jul04_shifted_burst_ntnu_fjord3_s36_d10_probe_oldcontract_densecap/frontend_metrics.csv;logs/ntnu_vins/external_hybrid_xfeat_every2_jul04_shifted_burst_ntnu_fjord3_s36_d10_probe_oldcontract_densecap/ntnu_cam0_kannala_brandt.yaml;logs/ntnu_vins/external_hybrid_xfeat_every2_jul04_shifted_burst_ntnu_fjord3_s36_d10_probe_oldcontract_densecap/vins_ntnu_external.yaml;logs/ntnu_vins/external_hybrid_xfeat_every2_jul10_subagent_ntnu_fjord3_s36_d10_drop20/ape.txt;logs/ntnu_vins/external_hybrid_xfeat_every2_jul10_subagent_ntnu_fjord3_s36_d10_drop20/ntnu_cam0_kannala_brandt.yaml;logs/ntnu_vins/external_hybrid_xfeat_every2_jul10_subagent_ntnu_fjord3_s36_d10_drop20/roscore.log;logs/ntnu_vins/external_hybrid_xfeat_every2_jul10_subagent_ntnu_fjord3_s36_d10_drop20/vins.log;logs/ntnu_vins/external_hybrid_xfeat_every2_jul10_subagent_ntnu_fjord3_s36_d10_drop20/vins_env_manifest.txt;logs/ntnu_vins/external_hybrid_xfeat_every2_jul10_subagent_ntnu_fjord3_s36_d10_drop20/vins_env_manifest.txt:1;logs/ntnu_vins/external_hybrid_xfeat_every2_jul10_subagent_ntnu_fjord3_s36_d10_drop20/vins_env_manifest.txt:10;logs/ntnu_vins/external_hybrid_xfeat_every2_jul10_subagent_ntnu_fjord3_s36_d10_drop20/vins_env_manifest.txt:11;...(+112),Prior artifact or parameter/search reference found before P02 freeze; exclude exact window from confirmatory denominator.
ntnu,fjord_3,37,47,second,61,true,true,true,DEVELOPMENT_ONLY,logs/ntnu_vins/external_hybrid_xfeat_every2_jul04_shifted_burst_ntnu_fjord3_s37_d10_probe_oldcontract_densecap/features.bag;logs/ntnu_vins/external_hybrid_xfeat_every2_jul04_shifted_burst_ntnu_fjord3_s37_d10_probe_oldcontract_densecap/frontend_metrics.csv;logs/ntnu_vins/external_hybrid_xfeat_every2_jul04_shifted_burst_ntnu_fjord3_s37_d10_probe_oldcontract_densecap/ntnu_cam0_kannala_brandt.yaml;logs/ntnu_vins/external_hybrid_xfeat_every2_jul04_shifted_burst_ntnu_fjord3_s37_d10_probe_oldcontract_densecap/vins_ntnu_external.yaml;logs/ntnu_vins/external_klt_every2_jul04_shifted_burst_ntnu_fjord3_s37_d10_klt_safe_fallback/arbitration_summary.txt;logs/ntnu_vins/external_klt_every2_jul04_shifted_burst_ntnu_fjord3_s37_d10_klt_safe_fallback/arbitration_summary.txt:1;logs/ntnu_vins/external_klt_every2_jul04_shifted_burst_ntnu_fjord3_s37_d10_klt_safe_fallback/arbitration_summary.txt:10;logs/ntnu_vins/external_klt_every2_jul04_shifted_burst_ntnu_fjord3_s37_d10_klt_safe_fallback/arbitration_summary.txt:11;logs/ntnu_vins/external_klt_every2_jul04_shifted_burst_ntnu_fjord3_s37_d10_klt_safe_fallback/arbitration_summary.txt:12;logs/ntnu_vins/external_klt_every2_jul04_shifted_burst_ntnu_fjord3_s37_d10_klt_safe_fallback/arbitration_summary.txt:13;logs/ntnu_vins/external_klt_every2_jul04_shifted_burst_ntnu_fjord3_s37_d10_klt_safe_fallback/arbitration_summary.txt:14;logs/ntnu_vins/external_klt_every2_jul04_shifted_burst_ntnu_fjord3_s37_d10_klt_safe_fallback/arbitration_summary.txt:15;...(+49),Prior artifact or parameter/search reference found before P02 freeze; exclude exact window from confirmatory denominator.
ntnu,fjord_3,40,50,second,195,true,true,true,DEVELOPMENT_ONLY,logs/jul08_filtered_featurebags/ntnu_fjord3_s40_d10_drop20.bag;logs/jul08_filtered_featurebags/ntnu_fjord3_s40_d10_drop20_stats.csv;logs/jul09_ntnu_fjord3_s40_d10_drop20_stats.csv;logs/ntnu_loftr_dropbags/fjord_3_s40_d10_relaxed/drop_highid_stats.csv;logs/ntnu_loftr_dropbags/fjord_3_s40_d10_relaxed/features_drop_highid.bag;logs/ntnu_vins/external_hybrid_superpoint_lightglue_every2_jun17_relaxed_diag_fjord_3_s40_d10_loftr/features.bag;logs/ntnu_vins/external_hybrid_superpoint_lightglue_every2_jun17_relaxed_diag_fjord_3_s40_d10_loftr/frontend_metrics.csv;logs/ntnu_vins/external_hybrid_superpoint_lightglue_every2_jun17_relaxed_diag_fjord_3_s40_d10_loftr/ntnu_cam0_kannala_brandt.yaml;logs/ntnu_vins/external_hybrid_superpoint_lightglue_every2_jun17_relaxed_diag_fjord_3_s40_d10_loftr/vins_ntnu_external.yaml;logs/ntnu_vins/external_hybrid_superpoint_lightglue_every2_jun17_scan3_fjord_3_s40_d10_loftr_mirror/features.bag;logs/ntnu_vins/external_hybrid_superpoint_lightglue_every2_jun17_scan3_fjord_3_s40_d10_loftr_mirror/frontend_metrics.csv;logs/ntnu_vins/external_hybrid_superpoint_lightglue_every2_jun17_scan3_fjord_3_s40_d10_loftr_mirror/ntnu_cam0_kannala_brandt.yaml;...(+183),Prior artifact or parameter/search reference found before P02 freeze; exclude exact window from confirmatory denominator.
ntnu,fjord_3,60,70,second,83,true,true,true,DEVELOPMENT_ONLY,logs/ntnu_vins/external_hybrid_superpoint_lightglue_every2_jun17_scan3_fjord_3_s60_d10_loftr_mirror/features.bag;logs/ntnu_vins/external_hybrid_superpoint_lightglue_every2_jun17_scan3_fjord_3_s60_d10_loftr_mirror/frontend_metrics.csv;logs/ntnu_vins/external_hybrid_superpoint_lightglue_every2_jun17_scan3_fjord_3_s60_d10_loftr_mirror/ntnu_cam0_kannala_brandt.yaml;logs/ntnu_vins/external_hybrid_superpoint_lightglue_every2_jun17_scan3_fjord_3_s60_d10_loftr_mirror/vins_ntnu_external.yaml;logs/ntnu_vins/external_hybrid_xfeat_every2_jul07_nonoverlap_scan_fjord_3_s60_d10_probe_oldcontract_densecap/features.bag;logs/ntnu_vins/external_hybrid_xfeat_every2_jul07_nonoverlap_scan_fjord_3_s60_d10_probe_oldcontract_densecap/frontend_metrics.csv;logs/ntnu_vins/external_hybrid_xfeat_every2_jul07_nonoverlap_scan_fjord_3_s60_d10_probe_oldcontract_densecap/ntnu_cam0_kannala_brandt.yaml;logs/ntnu_vins/external_hybrid_xfeat_every2_jul07_nonoverlap_scan_fjord_3_s60_d10_probe_oldcontract_densecap/vins_ntnu_external.yaml;logs/ntnu_vins/external_klt_every2_jul07_nonoverlap_scan_fjord_3_s60_d10_klt_safe_fallback/arbitration_summary.txt;logs/ntnu_vins/external_klt_every2_jul07_nonoverlap_scan_fjord_3_s60_d10_klt_safe_fallback/arbitration_summary.txt:1;logs/ntnu_vins/external_klt_every2_jul07_nonoverlap_scan_fjord_3_s60_d10_klt_safe_fallback/arbitration_summary.txt:10;logs/ntnu_vins/external_klt_every2_jul07_nonoverlap_scan_fjord_3_s60_d10_klt_safe_fallback/arbitration_summary.txt:11;...(+71),Prior artifact or parameter/search reference found before P02 freeze; exclude exact window from confirmatory denominator.
ntnu,fjord_3,60,90,second,4,true,true,true,DEVELOPMENT_ONLY,logs/ntnu_vins/external_hybrid_xfeat_every2_paperprobe_fjord_3_s60_d30_xfeat/features.bag;logs/ntnu_vins/external_hybrid_xfeat_every2_paperprobe_fjord_3_s60_d30_xfeat/frontend_metrics.csv;logs/ntnu_vins/external_hybrid_xfeat_every2_paperprobe_fjord_3_s60_d30_xfeat/ntnu_cam0_kannala_brandt.yaml;logs/ntnu_vins/external_hybrid_xfeat_every2_paperprobe_fjord_3_s60_d30_xfeat/vins_ntnu_external.yaml,Prior artifact or parameter/search reference found before P02 freeze; exclude exact window from confirmatory denominator.
ntnu,fjord_3,70,80,second,77,true,true,true,DEVELOPMENT_ONLY,logs/ntnu_vins/external_hybrid_xfeat_every2_jul07_nonoverlap_scan_fjord_3_s70_d10_probe_oldcontract_densecap/features.bag;logs/ntnu_vins/external_hybrid_xfeat_every2_jul07_nonoverlap_scan_fjord_3_s70_d10_probe_oldcontract_densecap/frontend_metrics.csv;logs/ntnu_vins/external_hybrid_xfeat_every2_jul07_nonoverlap_scan_fjord_3_s70_d10_probe_oldcontract_densecap/ntnu_cam0_kannala_brandt.yaml;logs/ntnu_vins/external_hybrid_xfeat_every2_jul07_nonoverlap_scan_fjord_3_s70_d10_probe_oldcontract_densecap/vins_ntnu_external.yaml;logs/ntnu_vins/external_klt_every2_jul07_nonoverlap_scan_fjord_3_s70_d10_klt_safe_fallback/arbitration_summary.txt;logs/ntnu_vins/external_klt_every2_jul07_nonoverlap_scan_fjord_3_s70_d10_klt_safe_fallback/arbitration_summary.txt:1;logs/ntnu_vins/external_klt_every2_jul07_nonoverlap_scan_fjord_3_s70_d10_klt_safe_fallback/arbitration_summary.txt:10;logs/ntnu_vins/external_klt_every2_jul07_nonoverlap_scan_fjord_3_s70_d10_klt_safe_fallback/arbitration_summary.txt:11;logs/ntnu_vins/external_klt_every2_jul07_nonoverlap_scan_fjord_3_s70_d10_klt_safe_fallback/arbitration_summary.txt:12;logs/ntnu_vins/external_klt_every2_jul07_nonoverlap_scan_fjord_3_s70_d10_klt_safe_fallback/arbitration_summary.txt:13;logs/ntnu_vins/external_klt_every2_jul07_nonoverlap_scan_fjord_3_s70_d10_klt_safe_fallback/arbitration_summary.txt:14;logs/ntnu_vins/external_klt_every2_jul07_nonoverlap_scan_fjord_3_s70_d10_klt_safe_fallback/arbitration_summary.txt:15;...(+65),Prior artifact or parameter/search reference found before P02 freeze; exclude exact window from confirmatory denominator.
ntnu,fjord_3,80,90,second,1398,true,true,true,DEVELOPMENT_ONLY,logs/ntnu_vins/external_hybrid_superpoint_lightglue_every2_jun17_scan3_fjord_3_s80_d10_loftr_mirror/features.bag;logs/ntnu_vins/external_hybrid_superpoint_lightglue_every2_jun17_scan3_fjord_3_s80_d10_loftr_mirror/frontend_metrics.csv;logs/ntnu_vins/external_hybrid_superpoint_lightglue_every2_jun17_scan3_fjord_3_s80_d10_loftr_mirror/ntnu_cam0_kannala_brandt.yaml;logs/ntnu_vins/external_hybrid_superpoint_lightglue_every2_jun17_scan3_fjord_3_s80_d10_loftr_mirror/vins_ntnu_external.yaml;logs/ntnu_vins/external_hybrid_xfeat_every2_jul07_nonoverlap_ntnu_f3_s80_d10_drop20/replay_manifest.txt:3;logs/ntnu_vins/external_hybrid_xfeat_every2_jul07_nonoverlap_ntnu_f3_s80_d10_full_forced/replay_manifest.txt:3;logs/ntnu_vins/external_hybrid_xfeat_every2_jul07_nonoverlap_scan_fjord_3_s80_d10_probe_oldcontract_densecap/features.bag;logs/ntnu_vins/external_hybrid_xfeat_every2_jul07_nonoverlap_scan_fjord_3_s80_d10_probe_oldcontract_densecap/frontend_metrics.csv;logs/ntnu_vins/external_hybrid_xfeat_every2_jul07_nonoverlap_scan_fjord_3_s80_d10_probe_oldcontract_densecap/ntnu_cam0_kannala_brandt.yaml;logs/ntnu_vins/external_hybrid_xfeat_every2_jul07_nonoverlap_scan_fjord_3_s80_d10_probe_oldcontract_densecap/vins_ntnu_external.yaml;logs/ntnu_vins/external_hybrid_xfeat_every2_jul18causal_fjord3_s80_d10_full_r1/ape.txt;logs/ntnu_vins/external_hybrid_xfeat_every2_jul18causal_fjord3_s80_d10_full_r1/ape.txt:1;...(+1386),Prior artifact or parameter/search reference found before P02 freeze; exclude exact window from confirmatory denominator.
ntnu,fjord_3,90,100,second,631,true,true,true,DEVELOPMENT_ONLY,logs/jul07_filtered_featurebags/ntnu_fjord3_s90_d10_drop20.bag;logs/jul07_filtered_featurebags/ntnu_fjord3_s90_d10_drop20_stats.csv;logs/ntnu_vins/external_hybrid_xfeat_every2_jul03_earlyseed_export_fjord_3_s90_d10/ape.txt;logs/ntnu_vins/external_hybrid_xfeat_every2_jul03_earlyseed_export_fjord_3_s90_d10/ape.txt:1;logs/ntnu_vins/external_hybrid_xfeat_every2_jul03_earlyseed_export_fjord_3_s90_d10/ape.txt:10;logs/ntnu_vins/external_hybrid_xfeat_every2_jul03_earlyseed_export_fjord_3_s90_d10/ape.txt:11;logs/ntnu_vins/external_hybrid_xfeat_every2_jul03_earlyseed_export_fjord_3_s90_d10/ape.txt:12;logs/ntnu_vins/external_hybrid_xfeat_every2_jul03_earlyseed_export_fjord_3_s90_d10/ape.txt:13;logs/ntnu_vins/external_hybrid_xfeat_every2_jul03_earlyseed_export_fjord_3_s90_d10/ape.txt:14;logs/ntnu_vins/external_hybrid_xfeat_every2_jul03_earlyseed_export_fjord_3_s90_d10/ape.txt:15;logs/ntnu_vins/external_hybrid_xfeat_every2_jul03_earlyseed_export_fjord_3_s90_d10/ape.txt:16;logs/ntnu_vins/external_hybrid_xfeat_every2_jul03_earlyseed_export_fjord_3_s90_d10/ape.txt:17;...(+619),Prior artifact or parameter/search reference found before P02 freeze; exclude exact window from confirmatory denominator.
ntnu,fjord_3,90,120,second,762,true,true,true,DEVELOPMENT_ONLY,logs/low_texture_window_search_20260522_continued/may23_candidate_pair_inventory.md:68;logs/low_texture_window_search_20260522_continued/may23_candidate_pair_inventory.md:69;logs/low_texture_window_search_20260522_continued/may23_candidate_pair_inventory.md:70;logs/low_texture_window_search_20260522_continued/may23_low_texture_search_running_notes.md:5;logs/low_texture_window_search_20260522_continued/may23_low_texture_search_running_notes.md:6;logs/may24_all_complete_runs.txt:737;logs/may24_all_complete_runs.txt:740;logs/may24_all_complete_runs.txt:744;logs/may24_all_complete_runs.txt:801;logs/may24_all_complete_runs.txt:804;logs/may24_all_complete_runs.txt:808;logs/ntnu_vins/external_hybrid_xfeat_every2_jun26_noncirs_seedchain2_fjord_3_s90_d30_drop_xfeat_lineage_vins/ape.txt;...(+750),Prior artifact or parameter/search reference found before P02 freeze; exclude exact window from confirmatory denominator.
ntnu,fjord_3,90p5,100.5,second,72,true,true,true,DEVELOPMENT_ONLY,logs/ntnu_vins/external_hybrid_xfeat_every2_jul05_probe_shift_ntnu_fjord3_s90p5_d10_probe_oldcontract_densecap/features.bag;logs/ntnu_vins/external_hybrid_xfeat_every2_jul05_probe_shift_ntnu_fjord3_s90p5_d10_probe_oldcontract_densecap/frontend_metrics.csv;logs/ntnu_vins/external_hybrid_xfeat_every2_jul05_probe_shift_ntnu_fjord3_s90p5_d10_probe_oldcontract_densecap/ntnu_cam0_kannala_brandt.yaml;logs/ntnu_vins/external_hybrid_xfeat_every2_jul05_probe_shift_ntnu_fjord3_s90p5_d10_probe_oldcontract_densecap/vins_ntnu_external.yaml;logs/ntnu_vins/external_klt_every2_jul05_probe_shift_ntnu_fjord3_s90p5_d10_klt_safe_fallback/arbitration_summary.txt;logs/ntnu_vins/external_klt_every2_jul05_probe_shift_ntnu_fjord3_s90p5_d10_klt_safe_fallback/arbitration_summary.txt:1;logs/ntnu_vins/external_klt_every2_jul05_probe_shift_ntnu_fjord3_s90p5_d10_klt_safe_fallback/arbitration_summary.txt:10;logs/ntnu_vins/external_klt_every2_jul05_probe_shift_ntnu_fjord3_s90p5_d10_klt_safe_fallback/arbitration_summary.txt:11;logs/ntnu_vins/external_klt_every2_jul05_probe_shift_ntnu_fjord3_s90p5_d10_klt_safe_fallback/arbitration_summary.txt:12;logs/ntnu_vins/external_klt_every2_jul05_probe_shift_ntnu_fjord3_s90p5_d10_klt_safe_fallback/arbitration_summary.txt:13;logs/ntnu_vins/external_klt_every2_jul05_probe_shift_ntnu_fjord3_s90p5_d10_klt_safe_fallback/arbitration_summary.txt:14;logs/ntnu_vins/external_klt_every2_jul05_probe_shift_ntnu_fjord3_s90p5_d10_klt_safe_fallback/arbitration_summary.txt:15;...(+60),Prior artifact or parameter/search reference found before P02 freeze; exclude exact window from confirmatory denominator.
ntnu,fjord_3,91,101,second,56,true,true,true,DEVELOPMENT_ONLY,logs/ntnu_vins/external_hybrid_xfeat_every2_jul04_shifted_burst_ntnu_fjord3_s91_d10_probe_oldcontract_densecap/features.bag;logs/ntnu_vins/external_hybrid_xfeat_every2_jul04_shifted_burst_ntnu_fjord3_s91_d10_probe_oldcontract_densecap/frontend_metrics.csv;logs/ntnu_vins/external_hybrid_xfeat_every2_jul04_shifted_burst_ntnu_fjord3_s91_d10_probe_oldcontract_densecap/ntnu_cam0_kannala_brandt.yaml;logs/ntnu_vins/external_hybrid_xfeat_every2_jul04_shifted_burst_ntnu_fjord3_s91_d10_probe_oldcontract_densecap/vins_ntnu_external.yaml;logs/ntnu_vins/external_klt_every2_jul04_shifted_burst_ntnu_fjord3_s91_d10_klt_safe_fallback/arbitration_summary.txt;logs/ntnu_vins/external_klt_every2_jul04_shifted_burst_ntnu_fjord3_s91_d10_klt_safe_fallback/arbitration_summary.txt:1;logs/ntnu_vins/external_klt_every2_jul04_shifted_burst_ntnu_fjord3_s91_d10_klt_safe_fallback/arbitration_summary.txt:10;logs/ntnu_vins/external_klt_every2_jul04_shifted_burst_ntnu_fjord3_s91_d10_klt_safe_fallback/arbitration_summary.txt:11;logs/ntnu_vins/external_klt_every2_jul04_shifted_burst_ntnu_fjord3_s91_d10_klt_safe_fallback/arbitration_summary.txt:12;logs/ntnu_vins/external_klt_every2_jul04_shifted_burst_ntnu_fjord3_s91_d10_klt_safe_fallback/arbitration_summary.txt:13;logs/ntnu_vins/external_klt_every2_jul04_shifted_burst_ntnu_fjord3_s91_d10_klt_safe_fallback/arbitration_summary.txt:14;logs/ntnu_vins/external_klt_every2_jul04_shifted_burst_ntnu_fjord3_s91_d10_klt_safe_fallback/arbitration_summary.txt:15;...(+44),Prior artifact or parameter/search reference found before P02 freeze; exclude exact window from confirmatory denominator.
ntnu,fjord_4,0,10,second,4,true,true,true,DEVELOPMENT_ONLY,logs/ntnu_vins/external_hybrid_xfeat_every2_jul08_nonoverlap_onlineprobe1_ntnu_fjord4_s0_d10/features.bag;logs/ntnu_vins/external_hybrid_xfeat_every2_jul08_nonoverlap_onlineprobe1_ntnu_fjord4_s0_d10/frontend_metrics.csv;logs/ntnu_vins/external_hybrid_xfeat_every2_jul08_nonoverlap_onlineprobe1_ntnu_fjord4_s0_d10/ntnu_cam0_kannala_brandt.yaml;logs/ntnu_vins/external_hybrid_xfeat_every2_jul08_nonoverlap_onlineprobe1_ntnu_fjord4_s0_d10/vins_ntnu_external.yaml,Prior artifact or parameter/search reference found before P02 freeze; exclude exact window from confirmatory denominator.
ntnu,fjord_4,0,20,second,16,true,true,false,DEVELOPMENT_ONLY,logs/ntnu_vins/external_hybrid_superpoint_lightglue_every5_may20c_ntnu_scan_fjord_4_s0_d20_loftr/features.bag;logs/ntnu_vins/external_hybrid_superpoint_lightglue_every5_may20c_ntnu_scan_fjord_4_s0_d20_loftr/frontend_metrics.csv;logs/ntnu_vins/external_hybrid_superpoint_lightglue_every5_may20c_ntnu_scan_fjord_4_s0_d20_loftr/ntnu_cam0_kannala_brandt.yaml;logs/ntnu_vins/external_hybrid_superpoint_lightglue_every5_may20c_ntnu_scan_fjord_4_s0_d20_loftr/vins_ntnu_external.yaml;logs/ntnu_vins/external_hybrid_superpoint_lightglue_every5_may20c_ntnu_scan_fjord_4_s0_d20_sp_lg/features.bag;logs/ntnu_vins/external_hybrid_superpoint_lightglue_every5_may20c_ntnu_scan_fjord_4_s0_d20_sp_lg/frontend_metrics.csv;logs/ntnu_vins/external_hybrid_superpoint_lightglue_every5_may20c_ntnu_scan_fjord_4_s0_d20_sp_lg/ntnu_cam0_kannala_brandt.yaml;logs/ntnu_vins/external_hybrid_superpoint_lightglue_every5_may20c_ntnu_scan_fjord_4_s0_d20_sp_lg/vins_ntnu_external.yaml;logs/ntnu_vins/external_hybrid_xfeat_every5_may20c_ntnu_scan_fjord_4_s0_d20_xfeat/features.bag;logs/ntnu_vins/external_hybrid_xfeat_every5_may20c_ntnu_scan_fjord_4_s0_d20_xfeat/frontend_metrics.csv;logs/ntnu_vins/external_hybrid_xfeat_every5_may20c_ntnu_scan_fjord_4_s0_d20_xfeat/ntnu_cam0_kannala_brandt.yaml;logs/ntnu_vins/external_hybrid_xfeat_every5_may20c_ntnu_scan_fjord_4_s0_d20_xfeat/vins_ntnu_external.yaml;...(+4),Prior artifact or parameter/search reference found before P02 freeze; exclude exact window from confirmatory denominator.
ntnu,fjord_4,0,30,second,1693,true,true,true,DEVELOPMENT_ONLY,logs/agent_crossdataset_reproducible_pairs.md:52;logs/conformal_calibration/ntnu_fjord4_0_30_klt_conformal95_blend085/bag_stats.csv;logs/conformal_calibration/ntnu_fjord4_0_30_klt_conformal95_blend085/features.bag;logs/conformal_calibration/ntnu_fjord4_0_30_klt_conformal95_blend085_vins/ape.txt;logs/conformal_calibration/ntnu_fjord4_0_30_klt_conformal95_blend085_vins/ape.txt:1;logs/conformal_calibration/ntnu_fjord4_0_30_klt_conformal95_blend085_vins/ape.txt:10;logs/conformal_calibration/ntnu_fjord4_0_30_klt_conformal95_blend085_vins/ape.txt:11;logs/conformal_calibration/ntnu_fjord4_0_30_klt_conformal95_blend085_vins/ape.txt:12;logs/conformal_calibration/ntnu_fjord4_0_30_klt_conformal95_blend085_vins/ape.txt:13;logs/conformal_calibration/ntnu_fjord4_0_30_klt_conformal95_blend085_vins/ape.txt:14;logs/conformal_calibration/ntnu_fjord4_0_30_klt_conformal95_blend085_vins/ape.txt:15;logs/conformal_calibration/ntnu_fjord4_0_30_klt_conformal95_blend085_vins/ape.txt:16;...(+1681),Prior artifact or parameter/search reference found before P02 freeze; exclude exact window from confirmatory denominator.
ntnu,fjord_4,10,20,second,184,true,true,true,DEVELOPMENT_ONLY,logs/jul08_filtered_featurebags/ntnu_fjord4_s10_d10_drop20.bag;logs/jul08_filtered_featurebags/ntnu_fjord4_s10_d10_drop20_stats.csv;logs/ntnu_vins/external_hybrid_xfeat_every2_jul08_nonoverlap_onlineprobe1_ntnu_fjord4_s10_d10/ape.txt;logs/ntnu_vins/external_hybrid_xfeat_every2_jul08_nonoverlap_onlineprobe1_ntnu_fjord4_s10_d10/ape.txt:1;logs/ntnu_vins/external_hybrid_xfeat_every2_jul08_nonoverlap_onlineprobe1_ntnu_fjord4_s10_d10/ape.txt:10;logs/ntnu_vins/external_hybrid_xfeat_every2_jul08_nonoverlap_onlineprobe1_ntnu_fjord4_s10_d10/ape.txt:11;logs/ntnu_vins/external_hybrid_xfeat_every2_jul08_nonoverlap_onlineprobe1_ntnu_fjord4_s10_d10/ape.txt:12;logs/ntnu_vins/external_hybrid_xfeat_every2_jul08_nonoverlap_onlineprobe1_ntnu_fjord4_s10_d10/ape.txt:13;logs/ntnu_vins/external_hybrid_xfeat_every2_jul08_nonoverlap_onlineprobe1_ntnu_fjord4_s10_d10/ape.txt:14;logs/ntnu_vins/external_hybrid_xfeat_every2_jul08_nonoverlap_onlineprobe1_ntnu_fjord4_s10_d10/ape.txt:15;logs/ntnu_vins/external_hybrid_xfeat_every2_jul08_nonoverlap_onlineprobe1_ntnu_fjord4_s10_d10/ape.txt:16;logs/ntnu_vins/external_hybrid_xfeat_every2_jul08_nonoverlap_onlineprobe1_ntnu_fjord4_s10_d10/ape.txt:17;...(+172),Prior artifact or parameter/search reference found before P02 freeze; exclude exact window from confirmatory denominator.
ntnu,fjord_4,10,30,second,4,false,true,false,DEVELOPMENT_ONLY,logs/ntnu_vins/external_klt_every2_jun07_klt_scan_fjord_4_s10_d20/features.bag;logs/ntnu_vins/external_klt_every2_jun07_klt_scan_fjord_4_s10_d20/frontend_metrics.csv;logs/ntnu_vins/external_klt_every2_jun07_klt_scan_fjord_4_s10_d20/ntnu_cam0_kannala_brandt.yaml;logs/ntnu_vins/external_klt_every2_jun07_klt_scan_fjord_4_s10_d20/vins_ntnu_external.yaml,Prior artifact or parameter/search reference found before P02 freeze; exclude exact window from confirmatory denominator.
ntnu,fjord_4,110,120,second,178,true,true,true,DEVELOPMENT_ONLY,logs/jul08_filtered_featurebags/ntnu_fjord4_s110_d10_drop20.bag;logs/jul08_filtered_featurebags/ntnu_fjord4_s110_d10_drop20_stats.csv;logs/ntnu_vins/external_hybrid_xfeat_every2_jul08_nonoverlap_onlineprobe1_ntnu_fjord4_s110_d10/ape.txt;logs/ntnu_vins/external_hybrid_xfeat_every2_jul08_nonoverlap_onlineprobe1_ntnu_fjord4_s110_d10/ape.txt:1;logs/ntnu_vins/external_hybrid_xfeat_every2_jul08_nonoverlap_onlineprobe1_ntnu_fjord4_s110_d10/ape.txt:10;logs/ntnu_vins/external_hybrid_xfeat_every2_jul08_nonoverlap_onlineprobe1_ntnu_fjord4_s110_d10/ape.txt:11;logs/ntnu_vins/external_hybrid_xfeat_every2_jul08_nonoverlap_onlineprobe1_ntnu_fjord4_s110_d10/ape.txt:12;logs/ntnu_vins/external_hybrid_xfeat_every2_jul08_nonoverlap_onlineprobe1_ntnu_fjord4_s110_d10/ape.txt:13;logs/ntnu_vins/external_hybrid_xfeat_every2_jul08_nonoverlap_onlineprobe1_ntnu_fjord4_s110_d10/ape.txt:14;logs/ntnu_vins/external_hybrid_xfeat_every2_jul08_nonoverlap_onlineprobe1_ntnu_fjord4_s110_d10/ape.txt:15;logs/ntnu_vins/external_hybrid_xfeat_every2_jul08_nonoverlap_onlineprobe1_ntnu_fjord4_s110_d10/ape.txt:16;logs/ntnu_vins/external_hybrid_xfeat_every2_jul08_nonoverlap_onlineprobe1_ntnu_fjord4_s110_d10/ape.txt:17;...(+166),Prior artifact or parameter/search reference found before P02 freeze; exclude exact window from confirmatory denominator.
ntnu,fjord_4,120,130,second,663,true,true,true,DEVELOPMENT_ONLY,logs/jul08_filtered_featurebags/jul08_probe_more3_ntnu_fjord_4_s120_d10_drop20.bag;logs/jul08_filtered_featurebags/jul08_probe_more3_ntnu_fjord_4_s120_d10_drop20_stats.csv;logs/ntnu_vins/external_hybrid_xfeat_every2_jul08_gatefix2_probe_ntnu_fjord4_s120_d10/features.bag;logs/ntnu_vins/external_hybrid_xfeat_every2_jul08_gatefix2_probe_ntnu_fjord4_s120_d10/frontend_metrics.csv;logs/ntnu_vins/external_hybrid_xfeat_every2_jul08_gatefix2_probe_ntnu_fjord4_s120_d10/ntnu_cam0_kannala_brandt.yaml;logs/ntnu_vins/external_hybrid_xfeat_every2_jul08_gatefix2_probe_ntnu_fjord4_s120_d10/vins_ntnu_external.yaml;logs/ntnu_vins/external_hybrid_xfeat_every2_jul08_gatefix2_vins_ntnu_fjord4_s120_d10/ape.txt;logs/ntnu_vins/external_hybrid_xfeat_every2_jul08_gatefix2_vins_ntnu_fjord4_s120_d10/ape.txt:1;logs/ntnu_vins/external_hybrid_xfeat_every2_jul08_gatefix2_vins_ntnu_fjord4_s120_d10/ape.txt:10;logs/ntnu_vins/external_hybrid_xfeat_every2_jul08_gatefix2_vins_ntnu_fjord4_s120_d10/ape.txt:11;logs/ntnu_vins/external_hybrid_xfeat_every2_jul08_gatefix2_vins_ntnu_fjord4_s120_d10/ape.txt:12;logs/ntnu_vins/external_hybrid_xfeat_every2_jul08_gatefix2_vins_ntnu_fjord4_s120_d10/ape.txt:13;...(+651),Prior artifact or parameter/search reference found before P02 freeze; exclude exact window from confirmatory denominator.
ntnu,fjord_4,120,135,second,418,true,true,false,DEVELOPMENT_ONLY,logs/jul08_filtered_featurebags/jul08_nonoverlap_onlinevins8_ntnu_fjord4_s120_d15_drop20.bag;logs/jul08_filtered_featurebags/jul08_nonoverlap_onlinevins8_ntnu_fjord4_s120_d15_drop20_stats.csv;logs/jul08_filtered_featurebags/ntnu_fjord4_s120_d15_cap10.bag;logs/jul08_filtered_featurebags/ntnu_fjord4_s120_d15_cap10_stats.csv;logs/jul08_filtered_featurebags/ntnu_fjord4_s120_d15_cap20.bag;logs/jul08_filtered_featurebags/ntnu_fjord4_s120_d15_cap20_stats.csv;logs/jul08_filtered_featurebags/ntnu_fjord4_s120_d15_cap30.bag;logs/jul08_filtered_featurebags/ntnu_fjord4_s120_d15_cap30_stats.csv;logs/jul08_nonoverlap_online_vins_more/ntnu_fjord4_s120_d15.log;logs/jul08_nonoverlap_online_vins_more/ntnu_fjord4_s120_d15_cap_sweep.log;logs/jul08_ntnu_fjord4_s120_d15_cap_sweep_summary.csv;logs/jul08_ntnu_fjord4_s120_d15_summary.csv;...(+406),Prior artifact or parameter/search reference found before P02 freeze; exclude exact window from confirmatory denominator.
ntnu,fjord_4,120,140,second,789,true,true,true,DEVELOPMENT_ONLY,logs/ntnu_jun21_repair_audit_notes.md:57;logs/ntnu_jun21_repair_audit_notes.md:60;logs/ntnu_recovered_bags/jun17_relaxed/fjord4_s120_d20_drop_highid.bag;logs/ntnu_recovered_bags/jun17_relaxed/fjord4_s120_d20_drop_stats.csv;logs/ntnu_recovered_bags/jun17_relaxed/fjord4_s120_d20_features.bag;logs/ntnu_recovered_bags/jun17_relaxed/fjord4_s120_d20_features.orig.bag;logs/ntnu_recovered_bags/jun17_relaxed/fjord4_s120_d20_filter.log;logs/ntnu_recovered_bags/jun17_relaxed/fjord4_s120_d20_info.txt;logs/ntnu_recovered_bags/jun17_relaxed/fjord4_s120_d20_info.txt:1;logs/ntnu_recovered_bags/jun17_relaxed/fjord4_s120_d20_info.txt:10;logs/ntnu_recovered_bags/jun17_relaxed/fjord4_s120_d20_info.txt:11;logs/ntnu_recovered_bags/jun17_relaxed/fjord4_s120_d20_info.txt:12;...(+777),Prior artifact or parameter/search reference found before P02 freeze; exclude exact window from confirmatory denominator.
ntnu,fjord_4,120,150,second,13,true,true,true,DEVELOPMENT_ONLY,logs/agent_ntnu_more_positive_report.md:12;logs/ntnu_vins/external_hybrid_superpoint_lightglue_every2_agent_ntnu_more_positive_probe_fjord_4_s120_d30/features.bag;logs/ntnu_vins/external_hybrid_superpoint_lightglue_every2_agent_ntnu_more_positive_probe_fjord_4_s120_d30/frontend_metrics.csv;logs/ntnu_vins/external_hybrid_superpoint_lightglue_every2_agent_ntnu_more_positive_probe_fjord_4_s120_d30/ntnu_cam0_kannala_brandt.yaml;logs/ntnu_vins/external_hybrid_superpoint_lightglue_every2_agent_ntnu_more_positive_probe_fjord_4_s120_d30/vins_ntnu_external.yaml;logs/ntnu_vins/external_hybrid_xfeat_every2_may28_srcdiag_fjord4_120_150_xfeat/features.bag;logs/ntnu_vins/external_hybrid_xfeat_every2_may28_srcdiag_fjord4_120_150_xfeat/frontend_metrics.csv;logs/ntnu_vins/external_hybrid_xfeat_every2_may28_srcdiag_fjord4_120_150_xfeat/ntnu_cam0_kannala_brandt.yaml;logs/ntnu_vins/external_hybrid_xfeat_every2_may28_srcdiag_fjord4_120_150_xfeat/vins_ntnu_external.yaml;logs/ntnu_vins/external_hybrid_xfeat_every2_paperprobe_fjord_4_s120_d30_xfeat/features.bag;logs/ntnu_vins/external_hybrid_xfeat_every2_paperprobe_fjord_4_s120_d30_xfeat/frontend_metrics.csv;logs/ntnu_vins/external_hybrid_xfeat_every2_paperprobe_fjord_4_s120_d30_xfeat/ntnu_cam0_kannala_brandt.yaml;...(+1),Prior artifact or parameter/search reference found before P02 freeze; exclude exact window from confirmatory denominator.
ntnu,fjord_4,130,140,second,5,true,true,true,DEVELOPMENT_ONLY,logs/ntnu_vins/external_hybrid_xfeat_every2_jul08_probe_more3_ntnu_fjord_4_s130_d10/features.bag;logs/ntnu_vins/external_hybrid_xfeat_every2_jul08_probe_more3_ntnu_fjord_4_s130_d10/frontend_metrics.csv;logs/ntnu_vins/external_hybrid_xfeat_every2_jul08_probe_more3_ntnu_fjord_4_s130_d10/ntnu_cam0_kannala_brandt.yaml;logs/ntnu_vins/external_hybrid_xfeat_every2_jul08_probe_more3_ntnu_fjord_4_s130_d10/vins_ntnu_external.yaml;papers/causal_crossdataset_search_20260718/probe_metrics_candidates.csv:326,Prior artifact or parameter/search reference found before P02 freeze; exclude exact window from confirmatory denominator.
ntnu,fjord_4,140,150,second,180,true,true,true,DEVELOPMENT_ONLY,logs/jul09_ntnu_fjord4_s140_d10_drop20_stats.csv;logs/ntnu_vins/external_hybrid_xfeat_every2_jul08_probe_more3_ntnu_fjord_4_s140_d10/features.bag;logs/ntnu_vins/external_hybrid_xfeat_every2_jul08_probe_more3_ntnu_fjord_4_s140_d10/frontend_metrics.csv;logs/ntnu_vins/external_hybrid_xfeat_every2_jul08_probe_more3_ntnu_fjord_4_s140_d10/ntnu_cam0_kannala_brandt.yaml;logs/ntnu_vins/external_hybrid_xfeat_every2_jul08_probe_more3_ntnu_fjord_4_s140_d10/vins_ntnu_external.yaml;logs/ntnu_vins/external_hybrid_xfeat_every2_jul09_more_ntnu_fjord4_s140_d10_drop20/ape.txt;logs/ntnu_vins/external_hybrid_xfeat_every2_jul09_more_ntnu_fjord4_s140_d10_drop20/ape.txt:1;logs/ntnu_vins/external_hybrid_xfeat_every2_jul09_more_ntnu_fjord4_s140_d10_drop20/ape.txt:10;logs/ntnu_vins/external_hybrid_xfeat_every2_jul09_more_ntnu_fjord4_s140_d10_drop20/ape.txt:11;logs/ntnu_vins/external_hybrid_xfeat_every2_jul09_more_ntnu_fjord4_s140_d10_drop20/ape.txt:12;logs/ntnu_vins/external_hybrid_xfeat_every2_jul09_more_ntnu_fjord4_s140_d10_drop20/ape.txt:13;logs/ntnu_vins/external_hybrid_xfeat_every2_jul09_more_ntnu_fjord4_s140_d10_drop20/ape.txt:14;...(+168),Prior artifact or parameter/search reference found before P02 freeze; exclude exact window from confirmatory denominator.
ntnu,fjord_4,150,180,second,10,true,true,true,DEVELOPMENT_ONLY,logs/may28_ntnu_fjord4_source_channel_audit_extended.md:42;logs/may28_tmp_fjord4_150_180_export.csv;logs/ntnu_vins/external_hybrid_xfeat_every2_may28_srcdiag_fjord4_150_180_xfeat/features.bag;logs/ntnu_vins/external_hybrid_xfeat_every2_may28_srcdiag_fjord4_150_180_xfeat/frontend_metrics.csv;logs/ntnu_vins/external_hybrid_xfeat_every2_may28_srcdiag_fjord4_150_180_xfeat/ntnu_cam0_kannala_brandt.yaml;logs/ntnu_vins/external_hybrid_xfeat_every2_may28_srcdiag_fjord4_150_180_xfeat/vins_ntnu_external.yaml;logs/ntnu_vins/external_hybrid_xfeat_every2_paperprobe_fjord_4_s150_d30_xfeat/features.bag;logs/ntnu_vins/external_hybrid_xfeat_every2_paperprobe_fjord_4_s150_d30_xfeat/frontend_metrics.csv;logs/ntnu_vins/external_hybrid_xfeat_every2_paperprobe_fjord_4_s150_d30_xfeat/ntnu_cam0_kannala_brandt.yaml;logs/ntnu_vins/external_hybrid_xfeat_every2_paperprobe_fjord_4_s150_d30_xfeat/vins_ntnu_external.yaml,Prior artifact or parameter/search reference found before P02 freeze; exclude exact window from confirmatory denominator.
ntnu,fjord_4,180,210,second,4,true,true,true,DEVELOPMENT_ONLY,logs/ntnu_vins/external_hybrid_xfeat_every2_paperprobe_fjord_4_s180_d30_xfeat/features.bag;logs/ntnu_vins/external_hybrid_xfeat_every2_paperprobe_fjord_4_s180_d30_xfeat/frontend_metrics.csv;logs/ntnu_vins/external_hybrid_xfeat_every2_paperprobe_fjord_4_s180_d30_xfeat/ntnu_cam0_kannala_brandt.yaml;logs/ntnu_vins/external_hybrid_xfeat_every2_paperprobe_fjord_4_s180_d30_xfeat/vins_ntnu_external.yaml,Prior artifact or parameter/search reference found before P02 freeze; exclude exact window from confirmatory denominator.
ntnu,fjord_4,20,30,second,462,true,true,true,DEVELOPMENT_ONLY,logs/jul08_filtered_featurebags/ntnu_fjord4_s20_d10_drop20.bag;logs/jul08_filtered_featurebags/ntnu_fjord4_s20_d10_drop20_stats.csv;logs/ntnu_vins/external_hybrid_xfeat_every2_jul02_earlyseed_scan_fjord_4_s20_d10/features.bag;logs/ntnu_vins/external_hybrid_xfeat_every2_jul02_earlyseed_scan_fjord_4_s20_d10/frontend_metrics.csv;logs/ntnu_vins/external_hybrid_xfeat_every2_jul02_earlyseed_scan_fjord_4_s20_d10/ntnu_cam0_kannala_brandt.yaml;logs/ntnu_vins/external_hybrid_xfeat_every2_jul02_earlyseed_scan_fjord_4_s20_d10/vins_ntnu_external.yaml;logs/ntnu_vins/external_hybrid_xfeat_every2_jul06_gap_fjord_4_s20_d10_probe_oldcontract_densecap/arbitration_summary.txt;logs/ntnu_vins/external_hybrid_xfeat_every2_jul06_gap_fjord_4_s20_d10_probe_oldcontract_densecap/arbitration_summary.txt:1;logs/ntnu_vins/external_hybrid_xfeat_every2_jul06_gap_fjord_4_s20_d10_probe_oldcontract_densecap/arbitration_summary.txt:10;logs/ntnu_vins/external_hybrid_xfeat_every2_jul06_gap_fjord_4_s20_d10_probe_oldcontract_densecap/arbitration_summary.txt:11;logs/ntnu_vins/external_hybrid_xfeat_every2_jul06_gap_fjord_4_s20_d10_probe_oldcontract_densecap/arbitration_summary.txt:12;logs/ntnu_vins/external_hybrid_xfeat_every2_jul06_gap_fjord_4_s20_d10_probe_oldcontract_densecap/arbitration_summary.txt:13;...(+450),Prior artifact or parameter/search reference found before P02 freeze; exclude exact window from confirmatory denominator.
ntnu,fjord_4,20,40,second,8,true,true,false,DEVELOPMENT_ONLY,logs/ntnu_vins/external_hybrid_superpoint_lightglue_every2_jun07_v33_ntnu_fjord4_s20_d20_export_loftr/features.bag;logs/ntnu_vins/external_hybrid_superpoint_lightglue_every2_jun07_v33_ntnu_fjord4_s20_d20_export_loftr/frontend_metrics.csv;logs/ntnu_vins/external_hybrid_superpoint_lightglue_every2_jun07_v33_ntnu_fjord4_s20_d20_export_loftr/ntnu_cam0_kannala_brandt.yaml;logs/ntnu_vins/external_hybrid_superpoint_lightglue_every2_jun07_v33_ntnu_fjord4_s20_d20_export_loftr/vins_ntnu_external.yaml;logs/ntnu_vins/external_klt_every2_jun07_v33_ntnu_fjord4_s20_d20_export_klt/features.bag;logs/ntnu_vins/external_klt_every2_jun07_v33_ntnu_fjord4_s20_d20_export_klt/frontend_metrics.csv;logs/ntnu_vins/external_klt_every2_jun07_v33_ntnu_fjord4_s20_d20_export_klt/ntnu_cam0_kannala_brandt.yaml;logs/ntnu_vins/external_klt_every2_jun07_v33_ntnu_fjord4_s20_d20_export_klt/vins_ntnu_external.yaml,Prior artifact or parameter/search reference found before P02 freeze; exclude exact window from confirmatory denominator.
ntnu,fjord_4,210,240,second,4,true,true,true,DEVELOPMENT_ONLY,logs/ntnu_vins/external_hybrid_xfeat_every2_paperprobe_fjord_4_s210_d30_xfeat/features.bag;logs/ntnu_vins/external_hybrid_xfeat_every2_paperprobe_fjord_4_s210_d30_xfeat/frontend_metrics.csv;logs/ntnu_vins/external_hybrid_xfeat_every2_paperprobe_fjord_4_s210_d30_xfeat/ntnu_cam0_kannala_brandt.yaml;logs/ntnu_vins/external_hybrid_xfeat_every2_paperprobe_fjord_4_s210_d30_xfeat/vins_ntnu_external.yaml,Prior artifact or parameter/search reference found before P02 freeze; exclude exact window from confirmatory denominator.
ntnu,fjord_4,240,270,second,4,true,true,true,DEVELOPMENT_ONLY,logs/ntnu_vins/external_hybrid_xfeat_every2_paperprobe_fjord_4_s240_d30_xfeat/features.bag;logs/ntnu_vins/external_hybrid_xfeat_every2_paperprobe_fjord_4_s240_d30_xfeat/frontend_metrics.csv;logs/ntnu_vins/external_hybrid_xfeat_every2_paperprobe_fjord_4_s240_d30_xfeat/ntnu_cam0_kannala_brandt.yaml;logs/ntnu_vins/external_hybrid_xfeat_every2_paperprobe_fjord_4_s240_d30_xfeat/vins_ntnu_external.yaml,Prior artifact or parameter/search reference found before P02 freeze; exclude exact window from confirmatory denominator.
ntnu,fjord_4,25,35,second,80,true,true,true,DEVELOPMENT_ONLY,logs/ntnu_vins/external_hybrid_xfeat_every2_jul07_nonoverlap_onlineprobe_ntnu_fjord4_s25_d10/features.bag;logs/ntnu_vins/external_hybrid_xfeat_every2_jul07_nonoverlap_onlineprobe_ntnu_fjord4_s25_d10/frontend_metrics.csv;logs/ntnu_vins/external_hybrid_xfeat_every2_jul07_nonoverlap_onlineprobe_ntnu_fjord4_s25_d10/ntnu_cam0_kannala_brandt.yaml;logs/ntnu_vins/external_hybrid_xfeat_every2_jul07_nonoverlap_onlineprobe_ntnu_fjord4_s25_d10/vins_ntnu_external.yaml;logs/ntnu_vins/external_hybrid_xfeat_every2_jul07_nonoverlap_scan_fjord_4_s25_d10_probe_oldcontract_densecap/features.bag;logs/ntnu_vins/external_hybrid_xfeat_every2_jul07_nonoverlap_scan_fjord_4_s25_d10_probe_oldcontract_densecap/frontend_metrics.csv;logs/ntnu_vins/external_hybrid_xfeat_every2_jul07_nonoverlap_scan_fjord_4_s25_d10_probe_oldcontract_densecap/ntnu_cam0_kannala_brandt.yaml;logs/ntnu_vins/external_hybrid_xfeat_every2_jul07_nonoverlap_scan_fjord_4_s25_d10_probe_oldcontract_densecap/vins_ntnu_external.yaml;logs/ntnu_vins/external_klt_every2_jul07_nonoverlap_scan_fjord_4_s25_d10_klt_safe_fallback/arbitration_summary.txt;logs/ntnu_vins/external_klt_every2_jul07_nonoverlap_scan_fjord_4_s25_d10_klt_safe_fallback/arbitration_summary.txt:1;logs/ntnu_vins/external_klt_every2_jul07_nonoverlap_scan_fjord_4_s25_d10_klt_safe_fallback/arbitration_summary.txt:10;logs/ntnu_vins/external_klt_every2_jul07_nonoverlap_scan_fjord_4_s25_d10_klt_safe_fallback/arbitration_summary.txt:11;...(+68),Prior artifact or parameter/search reference found before P02 freeze; exclude exact window from confirmatory denominator.
ntnu,fjord_4,25,45,second,4,true,true,false,DEVELOPMENT_ONLY,logs/ntnu_vins/external_hybrid_superpoint_lightglue_every2_jun07_v34_ntnu_fjord4_s25_d20_export_loftr_budget_after/features.bag;logs/ntnu_vins/external_hybrid_superpoint_lightglue_every2_jun07_v34_ntnu_fjord4_s25_d20_export_loftr_budget_after/frontend_metrics.csv;logs/ntnu_vins/external_hybrid_superpoint_lightglue_every2_jun07_v34_ntnu_fjord4_s25_d20_export_loftr_budget_after/ntnu_cam0_kannala_brandt.yaml;logs/ntnu_vins/external_hybrid_superpoint_lightglue_every2_jun07_v34_ntnu_fjord4_s25_d20_export_loftr_budget_after/vins_ntnu_external.yaml,Prior artifact or parameter/search reference found before P02 freeze; exclude exact window from confirmatory denominator.
ntnu,fjord_4,260,270,second,11,true,true,true,DEVELOPMENT_ONLY,logs/ntnu_vins/external_hybrid_xfeat_every2_jul16screen17_ntnu_fjord4_s260_d10_probe/features.bag;logs/ntnu_vins/external_hybrid_xfeat_every2_jul16screen17_ntnu_fjord4_s260_d10_probe/frontend_metrics.csv;logs/ntnu_vins/external_hybrid_xfeat_every2_jul16screen17_ntnu_fjord4_s260_d10_probe/ntnu_cam0_kannala_brandt.yaml;logs/ntnu_vins/external_hybrid_xfeat_every2_jul16screen17_ntnu_fjord4_s260_d10_probe/vins_ntnu_external.yaml;papers/causal_crossdataset_search_20260718/probe_lineage_rescan.csv:315;papers/causal_crossdataset_search_20260718/probe_lineage_rescan.csv:316;papers/causal_crossdataset_search_20260718/probe_metrics_candidates.csv:88;papers/frozen_frontend_exploration_20260715/run_evidence_jul15_late_and_jul16.csv:113;papers/frozen_frontend_exploration_20260715/screening_summary_jul15_late_and_jul16.csv:113;papers/learned_lineage_novelty_dev_20260716/lineage_novelty_screening.csv:234;papers/learned_lineage_novelty_dev_20260716/lineage_novelty_screening.csv:242,Prior artifact or parameter/search reference found before P02 freeze; exclude exact window from confirmatory denominator.
ntnu,fjord_4,270,300,second,4,true,true,true,DEVELOPMENT_ONLY,logs/ntnu_vins/external_hybrid_xfeat_every2_paperprobe_fjord_4_s270_d30_xfeat/features.bag;logs/ntnu_vins/external_hybrid_xfeat_every2_paperprobe_fjord_4_s270_d30_xfeat/frontend_metrics.csv;logs/ntnu_vins/external_hybrid_xfeat_every2_paperprobe_fjord_4_s270_d30_xfeat/ntnu_cam0_kannala_brandt.yaml;logs/ntnu_vins/external_hybrid_xfeat_every2_paperprobe_fjord_4_s270_d30_xfeat/vins_ntnu_external.yaml,Prior artifact or parameter/search reference found before P02 freeze; exclude exact window from confirmatory denominator.
ntnu,fjord_4,280,290,second,9,true,true,true,DEVELOPMENT_ONLY,logs/ntnu_vins/external_hybrid_xfeat_every2_jul16screen17_ntnu_fjord4_s280_d10_probe/features.bag;logs/ntnu_vins/external_hybrid_xfeat_every2_jul16screen17_ntnu_fjord4_s280_d10_probe/frontend_metrics.csv;logs/ntnu_vins/external_hybrid_xfeat_every2_jul16screen17_ntnu_fjord4_s280_d10_probe/ntnu_cam0_kannala_brandt.yaml;logs/ntnu_vins/external_hybrid_xfeat_every2_jul16screen17_ntnu_fjord4_s280_d10_probe/vins_ntnu_external.yaml;papers/causal_crossdataset_search_20260718/probe_lineage_rescan.csv:370;papers/causal_crossdataset_search_20260718/probe_metrics_candidates.csv:182;papers/frozen_frontend_exploration_20260715/run_evidence_jul15_late_and_jul16.csv:114;papers/frozen_frontend_exploration_20260715/screening_summary_jul15_late_and_jul16.csv:114;papers/learned_lineage_novelty_dev_20260716/lineage_novelty_screening.csv:69,Prior artifact or parameter/search reference found before P02 freeze; exclude exact window from confirmatory denominator.
ntnu,fjord_4,30,40,second,399,true,true,true,DEVELOPMENT_ONLY,logs/jul07_filtered_featurebags/ntnu_fjord4_s30_d10_drop20.bag;logs/jul07_filtered_featurebags/ntnu_fjord4_s30_d10_drop20_stats.csv;logs/ntnu_vins/external_hybrid_xfeat_every2_jul02_earlyseed_scan_fjord_4_s30_d10/features.bag;logs/ntnu_vins/external_hybrid_xfeat_every2_jul02_earlyseed_scan_fjord_4_s30_d10/frontend_metrics.csv;logs/ntnu_vins/external_hybrid_xfeat_every2_jul02_earlyseed_scan_fjord_4_s30_d10/ntnu_cam0_kannala_brandt.yaml;logs/ntnu_vins/external_hybrid_xfeat_every2_jul02_earlyseed_scan_fjord_4_s30_d10/vins_ntnu_external.yaml;logs/ntnu_vins/external_hybrid_xfeat_every2_jul07_nonoverlap_ntnu_f4_s30_d10_drop20/replay_manifest.txt:3;logs/ntnu_vins/external_hybrid_xfeat_every2_jul07_nonoverlap_ntnu_f4_s30_d10_full_forced/replay_manifest.txt:3;logs/ntnu_vins/external_hybrid_xfeat_every2_jul07_nonoverlap_onlineprobe_ntnu_fjord4_s30_d10/ape.txt;logs/ntnu_vins/external_hybrid_xfeat_every2_jul07_nonoverlap_onlineprobe_ntnu_fjord4_s30_d10/ape.txt:1;logs/ntnu_vins/external_hybrid_xfeat_every2_jul07_nonoverlap_onlineprobe_ntnu_fjord4_s30_d10/ape.txt:10;logs/ntnu_vins/external_hybrid_xfeat_every2_jul07_nonoverlap_onlineprobe_ntnu_fjord4_s30_d10/ape.txt:11;...(+387),Prior artifact or parameter/search reference found before P02 freeze; exclude exact window from confirmatory denominator.
ntnu,fjord_4,30,50,second,1703,true,true,true,DEVELOPMENT_ONLY,logs/counterexample_registry_20260611.md:28;logs/cross_dataset_evidence_inventory_20260607.md:11;logs/cross_dataset_evidence_inventory_20260607.md:35;logs/jun05_cross_dataset_export_candidates.md:17;logs/jun05_cross_dataset_export_candidates.md:26;logs/jun06_conditional_loftr_sidecar_validation.md:39;logs/jun06_conditional_loftr_sidecar_validation.md:40;logs/jun07_more_ntnu_fjord4_s30_d20_mirror_v1_summary.csv;logs/jun07_v34_budget_gate_validation.md:47;logs/jun07_v34_budget_gate_validation.md:48;logs/jun11_ntnu_fjord4_s30_d20_klt_vs_noloftr_bagdiff.md;logs/jun11_ntnu_fjord4_s30_d20_klt_vs_noloftr_bagdiff.md:1;...(+1691),Prior artifact or parameter/search reference found before P02 freeze; exclude exact window from confirmatory denominator.
ntnu,fjord_4,30,60,second,499,true,true,true,DEVELOPMENT_ONLY,logs/agent_ntnu_more_positive_dropbags/fjord_4_s30_d30/drop_learned_lineage_stats.csv;logs/agent_ntnu_more_positive_dropbags/fjord_4_s30_d30/features_drop_learned_lineage.bag;logs/agent_ntnu_more_positive_report.md:11;logs/agent_ntnu_more_positive_report.md:18;logs/cross_dataset_evidence_inventory_20260607.md:11;logs/may20c_all_run_dirs.txt:811;logs/may20c_all_run_dirs.txt:831;logs/may20c_all_run_dirs.txt:842;logs/may20c_all_run_dirs.txt:848;logs/may20c_all_run_dirs.txt:865;logs/may20c_all_run_dirs.txt:882;logs/may20c_paper_sidecar_evidence_matrix_raw.md:15;...(+487),Prior artifact or parameter/search reference found before P02 freeze; exclude exact window from confirmatory denominator.
ntnu,fjord_4,300,330,second,4,true,true,true,DEVELOPMENT_ONLY,logs/ntnu_vins/external_hybrid_xfeat_every2_paperprobe_fjord_4_s300_d30_xfeat/features.bag;logs/ntnu_vins/external_hybrid_xfeat_every2_paperprobe_fjord_4_s300_d30_xfeat/frontend_metrics.csv;logs/ntnu_vins/external_hybrid_xfeat_every2_paperprobe_fjord_4_s300_d30_xfeat/ntnu_cam0_kannala_brandt.yaml;logs/ntnu_vins/external_hybrid_xfeat_every2_paperprobe_fjord_4_s300_d30_xfeat/vins_ntnu_external.yaml,Prior artifact or parameter/search reference found before P02 freeze; exclude exact window from confirmatory denominator.
ntnu,fjord_4,33,43,second,246,true,true,true,DEVELOPMENT_ONLY,logs/jul04_ntnu_fjord4_s33_d10_cap_drop_klt_summary.csv;logs/ntnu_vins/external_hybrid_xfeat_every2_jul04_fjord4_s33_d10_cap14_pf6_replay/ape.txt;logs/ntnu_vins/external_hybrid_xfeat_every2_jul04_fjord4_s33_d10_cap14_pf6_replay/ape.txt:1;logs/ntnu_vins/external_hybrid_xfeat_every2_jul04_fjord4_s33_d10_cap14_pf6_replay/ape.txt:10;logs/ntnu_vins/external_hybrid_xfeat_every2_jul04_fjord4_s33_d10_cap14_pf6_replay/ape.txt:11;logs/ntnu_vins/external_hybrid_xfeat_every2_jul04_fjord4_s33_d10_cap14_pf6_replay/ape.txt:12;logs/ntnu_vins/external_hybrid_xfeat_every2_jul04_fjord4_s33_d10_cap14_pf6_replay/ape.txt:13;logs/ntnu_vins/external_hybrid_xfeat_every2_jul04_fjord4_s33_d10_cap14_pf6_replay/ape.txt:14;logs/ntnu_vins/external_hybrid_xfeat_every2_jul04_fjord4_s33_d10_cap14_pf6_replay/ape.txt:15;logs/ntnu_vins/external_hybrid_xfeat_every2_jul04_fjord4_s33_d10_cap14_pf6_replay/ape.txt:16;logs/ntnu_vins/external_hybrid_xfeat_every2_jul04_fjord4_s33_d10_cap14_pf6_replay/ape.txt:17;logs/ntnu_vins/external_hybrid_xfeat_every2_jul04_fjord4_s33_d10_cap14_pf6_replay/ape.txt:18;...(+234),Prior artifact or parameter/search reference found before P02 freeze; exclude exact window from confirmatory denominator.
ntnu,fjord_4,330,360,second,4,true,true,true,DEVELOPMENT_ONLY,logs/ntnu_vins/external_hybrid_xfeat_every2_paperprobe_fjord_4_s330_d30_xfeat/features.bag;logs/ntnu_vins/external_hybrid_xfeat_every2_paperprobe_fjord_4_s330_d30_xfeat/frontend_metrics.csv;logs/ntnu_vins/external_hybrid_xfeat_every2_paperprobe_fjord_4_s330_d30_xfeat/ntnu_cam0_kannala_brandt.yaml;logs/ntnu_vins/external_hybrid_xfeat_every2_paperprobe_fjord_4_s330_d30_xfeat/vins_ntnu_external.yaml,Prior artifact or parameter/search reference found before P02 freeze; exclude exact window from confirmatory denominator.
ntnu,fjord_4,34,44,second,60,true,true,true,DEVELOPMENT_ONLY,logs/ntnu_vins/external_hybrid_xfeat_every2_jul04_shifted_burst_ntnu_fjord4_s34_d10_probe_oldcontract_densecap/features.bag;logs/ntnu_vins/external_hybrid_xfeat_every2_jul04_shifted_burst_ntnu_fjord4_s34_d10_probe_oldcontract_densecap/frontend_metrics.csv;logs/ntnu_vins/external_hybrid_xfeat_every2_jul04_shifted_burst_ntnu_fjord4_s34_d10_probe_oldcontract_densecap/ntnu_cam0_kannala_brandt.yaml;logs/ntnu_vins/external_hybrid_xfeat_every2_jul04_shifted_burst_ntnu_fjord4_s34_d10_probe_oldcontract_densecap/vins_ntnu_external.yaml;logs/ntnu_vins/external_klt_every2_jul04_shifted_burst_ntnu_fjord4_s34_d10_klt_safe_fallback/arbitration_summary.txt;logs/ntnu_vins/external_klt_every2_jul04_shifted_burst_ntnu_fjord4_s34_d10_klt_safe_fallback/arbitration_summary.txt:1;logs/ntnu_vins/external_klt_every2_jul04_shifted_burst_ntnu_fjord4_s34_d10_klt_safe_fallback/arbitration_summary.txt:10;logs/ntnu_vins/external_klt_every2_jul04_shifted_burst_ntnu_fjord4_s34_d10_klt_safe_fallback/arbitration_summary.txt:11;logs/ntnu_vins/external_klt_every2_jul04_shifted_burst_ntnu_fjord4_s34_d10_klt_safe_fallback/arbitration_summary.txt:12;logs/ntnu_vins/external_klt_every2_jul04_shifted_burst_ntnu_fjord4_s34_d10_klt_safe_fallback/arbitration_summary.txt:13;logs/ntnu_vins/external_klt_every2_jul04_shifted_burst_ntnu_fjord4_s34_d10_klt_safe_fallback/arbitration_summary.txt:14;logs/ntnu_vins/external_klt_every2_jul04_shifted_burst_ntnu_fjord4_s34_d10_klt_safe_fallback/arbitration_summary.txt:15;...(+48),Prior artifact or parameter/search reference found before P02 freeze; exclude exact window from confirmatory denominator.
ntnu,fjord_4,35,45,second,265,true,true,true,DEVELOPMENT_ONLY,logs/jul07_filtered_featurebags/ntnu_fjord4_s35_d10_drop20.bag;logs/jul07_filtered_featurebags/ntnu_fjord4_s35_d10_drop20_stats.csv;logs/ntnu_vins/external_hybrid_xfeat_every2_jul07_nonoverlap_ntnu_f4_s35_d10_drop20/replay_manifest.txt:3;logs/ntnu_vins/external_hybrid_xfeat_every2_jul07_nonoverlap_ntnu_f4_s35_d10_full_forced/replay_manifest.txt:3;logs/ntnu_vins/external_hybrid_xfeat_every2_jul07_nonoverlap_onlineprobe_ntnu_fjord4_s35_d10/ape.txt;logs/ntnu_vins/external_hybrid_xfeat_every2_jul07_nonoverlap_onlineprobe_ntnu_fjord4_s35_d10/ape.txt:1;logs/ntnu_vins/external_hybrid_xfeat_every2_jul07_nonoverlap_onlineprobe_ntnu_fjord4_s35_d10/ape.txt:10;logs/ntnu_vins/external_hybrid_xfeat_every2_jul07_nonoverlap_onlineprobe_ntnu_fjord4_s35_d10/ape.txt:11;logs/ntnu_vins/external_hybrid_xfeat_every2_jul07_nonoverlap_onlineprobe_ntnu_fjord4_s35_d10/ape.txt:12;logs/ntnu_vins/external_hybrid_xfeat_every2_jul07_nonoverlap_onlineprobe_ntnu_fjord4_s35_d10/ape.txt:13;logs/ntnu_vins/external_hybrid_xfeat_every2_jul07_nonoverlap_onlineprobe_ntnu_fjord4_s35_d10/ape.txt:14;logs/ntnu_vins/external_hybrid_xfeat_every2_jul07_nonoverlap_onlineprobe_ntnu_fjord4_s35_d10/ape.txt:15;...(+253),Prior artifact or parameter/search reference found before P02 freeze; exclude exact window from confirmatory denominator.
ntnu,fjord_4,35,55,second,4,true,true,false,DEVELOPMENT_ONLY,logs/ntnu_vins/external_hybrid_superpoint_lightglue_every2_jun07_v34_ntnu_fjord4_s35_d20_export_loftr_budget_after/features.bag;logs/ntnu_vins/external_hybrid_superpoint_lightglue_every2_jun07_v34_ntnu_fjord4_s35_d20_export_loftr_budget_after/frontend_metrics.csv;logs/ntnu_vins/external_hybrid_superpoint_lightglue_every2_jun07_v34_ntnu_fjord4_s35_d20_export_loftr_budget_after/ntnu_cam0_kannala_brandt.yaml;logs/ntnu_vins/external_hybrid_superpoint_lightglue_every2_jun07_v34_ntnu_fjord4_s35_d20_export_loftr_budget_after/vins_ntnu_external.yaml,Prior artifact or parameter/search reference found before P02 freeze; exclude exact window from confirmatory denominator.
ntnu,fjord_4,360,390,second,4,true,true,true,DEVELOPMENT_ONLY,logs/ntnu_vins/external_hybrid_xfeat_every2_paperprobe_fjord_4_s360_d30_xfeat/features.bag;logs/ntnu_vins/external_hybrid_xfeat_every2_paperprobe_fjord_4_s360_d30_xfeat/frontend_metrics.csv;logs/ntnu_vins/external_hybrid_xfeat_every2_paperprobe_fjord_4_s360_d30_xfeat/ntnu_cam0_kannala_brandt.yaml;logs/ntnu_vins/external_hybrid_xfeat_every2_paperprobe_fjord_4_s360_d30_xfeat/vins_ntnu_external.yaml,Prior artifact or parameter/search reference found before P02 freeze; exclude exact window from confirmatory denominator.
ntnu,fjord_4,40,50,second,361,true,true,true,DEVELOPMENT_ONLY,logs/jul03_ntnu_fjord4_s40_d10_earlyseed_summary.csv;logs/ntnu_vins/external_hybrid_xfeat_every2_jul02_earlyseed_scan_fjord_4_s40_d10/ape.txt;logs/ntnu_vins/external_hybrid_xfeat_every2_jul02_earlyseed_scan_fjord_4_s40_d10/ape.txt:1;logs/ntnu_vins/external_hybrid_xfeat_every2_jul02_earlyseed_scan_fjord_4_s40_d10/ape.txt:10;logs/ntnu_vins/external_hybrid_xfeat_every2_jul02_earlyseed_scan_fjord_4_s40_d10/ape.txt:11;logs/ntnu_vins/external_hybrid_xfeat_every2_jul02_earlyseed_scan_fjord_4_s40_d10/ape.txt:12;logs/ntnu_vins/external_hybrid_xfeat_every2_jul02_earlyseed_scan_fjord_4_s40_d10/ape.txt:13;logs/ntnu_vins/external_hybrid_xfeat_every2_jul02_earlyseed_scan_fjord_4_s40_d10/ape.txt:14;logs/ntnu_vins/external_hybrid_xfeat_every2_jul02_earlyseed_scan_fjord_4_s40_d10/ape.txt:15;logs/ntnu_vins/external_hybrid_xfeat_every2_jul02_earlyseed_scan_fjord_4_s40_d10/ape.txt:16;logs/ntnu_vins/external_hybrid_xfeat_every2_jul02_earlyseed_scan_fjord_4_s40_d10/ape.txt:17;logs/ntnu_vins/external_hybrid_xfeat_every2_jul02_earlyseed_scan_fjord_4_s40_d10/ape.txt:18;...(+349),Prior artifact or parameter/search reference found before P02 freeze; exclude exact window from confirmatory denominator.
ntnu,fjord_4,40,60,second,8,true,true,false,DEVELOPMENT_ONLY,logs/ntnu_vins/external_hybrid_superpoint_lightglue_every2_jun07_v33_ntnu_fjord4_s40_d20_export_loftr/features.bag;logs/ntnu_vins/external_hybrid_superpoint_lightglue_every2_jun07_v33_ntnu_fjord4_s40_d20_export_loftr/frontend_metrics.csv;logs/ntnu_vins/external_hybrid_superpoint_lightglue_every2_jun07_v33_ntnu_fjord4_s40_d20_export_loftr/ntnu_cam0_kannala_brandt.yaml;logs/ntnu_vins/external_hybrid_superpoint_lightglue_every2_jun07_v33_ntnu_fjord4_s40_d20_export_loftr/vins_ntnu_external.yaml;logs/ntnu_vins/external_klt_every2_jun07_v33_ntnu_fjord4_s40_d20_export_klt/features.bag;logs/ntnu_vins/external_klt_every2_jun07_v33_ntnu_fjord4_s40_d20_export_klt/frontend_metrics.csv;logs/ntnu_vins/external_klt_every2_jun07_v33_ntnu_fjord4_s40_d20_export_klt/ntnu_cam0_kannala_brandt.yaml;logs/ntnu_vins/external_klt_every2_jun07_v33_ntnu_fjord4_s40_d20_export_klt/vins_ntnu_external.yaml,Prior artifact or parameter/search reference found before P02 freeze; exclude exact window from confirmatory denominator.
ntnu,fjord_4,45,55,second,82,true,true,true,DEVELOPMENT_ONLY,logs/jul07_filtered_featurebags/ntnu_fjord4_s45_d10_drop20.bag;logs/jul07_filtered_featurebags/ntnu_fjord4_s45_d10_drop20_stats.csv;logs/ntnu_vins/external_hybrid_xfeat_every2_jul07_nonoverlap_fjord4_s45_drop20_vins/replay_manifest.txt:3;logs/ntnu_vins/external_hybrid_xfeat_every2_jul07_nonoverlap_fjord4_s45_full_vins/replay_manifest.txt:3;logs/ntnu_vins/external_hybrid_xfeat_every2_jul07_nonoverlap_scan_fjord_4_s45_d10_probe_oldcontract_densecap/features.bag;logs/ntnu_vins/external_hybrid_xfeat_every2_jul07_nonoverlap_scan_fjord_4_s45_d10_probe_oldcontract_densecap/frontend_metrics.csv;logs/ntnu_vins/external_hybrid_xfeat_every2_jul07_nonoverlap_scan_fjord_4_s45_d10_probe_oldcontract_densecap/ntnu_cam0_kannala_brandt.yaml;logs/ntnu_vins/external_hybrid_xfeat_every2_jul07_nonoverlap_scan_fjord_4_s45_d10_probe_oldcontract_densecap/vins_ntnu_external.yaml;logs/ntnu_vins/external_klt_every2_jul07_nonoverlap_fjord4_s45_klt_vins/replay_manifest.txt:3;logs/ntnu_vins/external_klt_every2_jul07_nonoverlap_scan_fjord_4_s45_d10_klt_safe_fallback/arbitration_summary.txt;logs/ntnu_vins/external_klt_every2_jul07_nonoverlap_scan_fjord_4_s45_d10_klt_safe_fallback/arbitration_summary.txt:1;logs/ntnu_vins/external_klt_every2_jul07_nonoverlap_scan_fjord_4_s45_d10_klt_safe_fallback/arbitration_summary.txt:10;...(+70),Prior artifact or parameter/search reference found before P02 freeze; exclude exact window from confirmatory denominator.
ntnu,fjord_4,50,60,second,80,true,true,true,DEVELOPMENT_ONLY,logs/ntnu_vins/external_hybrid_xfeat_every2_jul06_gap_fjord_4_s50_d10_probe_oldcontract_densecap/arbitration_summary.txt;logs/ntnu_vins/external_hybrid_xfeat_every2_jul06_gap_fjord_4_s50_d10_probe_oldcontract_densecap/arbitration_summary.txt:1;logs/ntnu_vins/external_hybrid_xfeat_every2_jul06_gap_fjord_4_s50_d10_probe_oldcontract_densecap/arbitration_summary.txt:10;logs/ntnu_vins/external_hybrid_xfeat_every2_jul06_gap_fjord_4_s50_d10_probe_oldcontract_densecap/arbitration_summary.txt:11;logs/ntnu_vins/external_hybrid_xfeat_every2_jul06_gap_fjord_4_s50_d10_probe_oldcontract_densecap/arbitration_summary.txt:12;logs/ntnu_vins/external_hybrid_xfeat_every2_jul06_gap_fjord_4_s50_d10_probe_oldcontract_densecap/arbitration_summary.txt:13;logs/ntnu_vins/external_hybrid_xfeat_every2_jul06_gap_fjord_4_s50_d10_probe_oldcontract_densecap/arbitration_summary.txt:14;logs/ntnu_vins/external_hybrid_xfeat_every2_jul06_gap_fjord_4_s50_d10_probe_oldcontract_densecap/arbitration_summary.txt:15;logs/ntnu_vins/external_hybrid_xfeat_every2_jul06_gap_fjord_4_s50_d10_probe_oldcontract_densecap/arbitration_summary.txt:16;logs/ntnu_vins/external_hybrid_xfeat_every2_jul06_gap_fjord_4_s50_d10_probe_oldcontract_densecap/arbitration_summary.txt:17;logs/ntnu_vins/external_hybrid_xfeat_every2_jul06_gap_fjord_4_s50_d10_probe_oldcontract_densecap/arbitration_summary.txt:18;logs/ntnu_vins/external_hybrid_xfeat_every2_jul06_gap_fjord_4_s50_d10_probe_oldcontract_densecap/arbitration_summary.txt:19;...(+68),Prior artifact or parameter/search reference found before P02 freeze; exclude exact window from confirmatory denominator.
ntnu,fjord_4,50,70,second,82,true,true,true,DEVELOPMENT_ONLY,logs/ntnu_vins/external_klt_every2_jun07_klt_scan_fjord_4_s50_d20/features.bag;logs/ntnu_vins/external_klt_every2_jun07_klt_scan_fjord_4_s50_d20/frontend_metrics.csv;logs/ntnu_vins/external_klt_every2_jun07_klt_scan_fjord_4_s50_d20/ntnu_cam0_kannala_brandt.yaml;logs/ntnu_vins/external_klt_every2_jun07_klt_scan_fjord_4_s50_d20/self_zero_learned_audit.csv;logs/ntnu_vins/external_klt_every2_jun07_klt_scan_fjord_4_s50_d20/self_zero_learned_audit.md;logs/ntnu_vins/external_klt_every2_jun07_klt_scan_fjord_4_s50_d20/self_zero_learned_audit.md:1;logs/ntnu_vins/external_klt_every2_jun07_klt_scan_fjord_4_s50_d20/self_zero_learned_audit.md:10;logs/ntnu_vins/external_klt_every2_jun07_klt_scan_fjord_4_s50_d20/self_zero_learned_audit.md:11;logs/ntnu_vins/external_klt_every2_jun07_klt_scan_fjord_4_s50_d20/self_zero_learned_audit.md:12;logs/ntnu_vins/external_klt_every2_jun07_klt_scan_fjord_4_s50_d20/self_zero_learned_audit.md:13;logs/ntnu_vins/external_klt_every2_jun07_klt_scan_fjord_4_s50_d20/self_zero_learned_audit.md:14;logs/ntnu_vins/external_klt_every2_jun07_klt_scan_fjord_4_s50_d20/self_zero_learned_audit.md:15;...(+70),Prior artifact or parameter/search reference found before P02 freeze; exclude exact window from confirmatory denominator.
ntnu,fjord_4,60,70,second,80,true,true,true,DEVELOPMENT_ONLY,logs/ntnu_vins/external_hybrid_xfeat_every2_jul03_earlyseed_export_fjord_4_s60_d10/features.bag;logs/ntnu_vins/external_hybrid_xfeat_every2_jul03_earlyseed_export_fjord_4_s60_d10/frontend_metrics.csv;logs/ntnu_vins/external_hybrid_xfeat_every2_jul03_earlyseed_export_fjord_4_s60_d10/ntnu_cam0_kannala_brandt.yaml;logs/ntnu_vins/external_hybrid_xfeat_every2_jul03_earlyseed_export_fjord_4_s60_d10/vins_ntnu_external.yaml;logs/ntnu_vins/external_hybrid_xfeat_every2_jul07_nonoverlap_scan_fjord_4_s60_d10_probe_oldcontract_densecap/features.bag;logs/ntnu_vins/external_hybrid_xfeat_every2_jul07_nonoverlap_scan_fjord_4_s60_d10_probe_oldcontract_densecap/frontend_metrics.csv;logs/ntnu_vins/external_hybrid_xfeat_every2_jul07_nonoverlap_scan_fjord_4_s60_d10_probe_oldcontract_densecap/ntnu_cam0_kannala_brandt.yaml;logs/ntnu_vins/external_hybrid_xfeat_every2_jul07_nonoverlap_scan_fjord_4_s60_d10_probe_oldcontract_densecap/vins_ntnu_external.yaml;logs/ntnu_vins/external_klt_every2_jul07_nonoverlap_scan_fjord_4_s60_d10_klt_safe_fallback/arbitration_summary.txt;logs/ntnu_vins/external_klt_every2_jul07_nonoverlap_scan_fjord_4_s60_d10_klt_safe_fallback/arbitration_summary.txt:1;logs/ntnu_vins/external_klt_every2_jul07_nonoverlap_scan_fjord_4_s60_d10_klt_safe_fallback/arbitration_summary.txt:10;logs/ntnu_vins/external_klt_every2_jul07_nonoverlap_scan_fjord_4_s60_d10_klt_safe_fallback/arbitration_summary.txt:11;...(+68),Prior artifact or parameter/search reference found before P02 freeze; exclude exact window from confirmatory denominator.
ntnu,fjord_4,60,80,second,4,true,true,false,DEVELOPMENT_ONLY,logs/ntnu_vins/external_hybrid_superpoint_lightglue_every2_jun17_fixedscan_fjord_4_s60_d20_loftr_mirror/features.bag;logs/ntnu_vins/external_hybrid_superpoint_lightglue_every2_jun17_fixedscan_fjord_4_s60_d20_loftr_mirror/frontend_metrics.csv;logs/ntnu_vins/external_hybrid_superpoint_lightglue_every2_jun17_fixedscan_fjord_4_s60_d20_loftr_mirror/ntnu_cam0_kannala_brandt.yaml;logs/ntnu_vins/external_hybrid_superpoint_lightglue_every2_jun17_fixedscan_fjord_4_s60_d20_loftr_mirror/vins_ntnu_external.yaml,Prior artifact or parameter/search reference found before P02 freeze; exclude exact window from confirmatory denominator.
ntnu,fjord_4,60,90,second,10,true,true,true,DEVELOPMENT_ONLY,logs/may28_ntnu_fjord4_source_channel_audit_extended.md:43;logs/may28_tmp_fjord4_60_90_loftr_export.csv;logs/ntnu_vins/external_hybrid_superpoint_lightglue_every2_may28_srcdiag_fjord4_60_90_loftr/features.bag;logs/ntnu_vins/external_hybrid_superpoint_lightglue_every2_may28_srcdiag_fjord4_60_90_loftr/frontend_metrics.csv;logs/ntnu_vins/external_hybrid_superpoint_lightglue_every2_may28_srcdiag_fjord4_60_90_loftr/ntnu_cam0_kannala_brandt.yaml;logs/ntnu_vins/external_hybrid_superpoint_lightglue_every2_may28_srcdiag_fjord4_60_90_loftr/vins_ntnu_external.yaml;logs/ntnu_vins/external_hybrid_xfeat_every2_paperprobe_fjord_4_s60_d30_xfeat/features.bag;logs/ntnu_vins/external_hybrid_xfeat_every2_paperprobe_fjord_4_s60_d30_xfeat/frontend_metrics.csv;logs/ntnu_vins/external_hybrid_xfeat_every2_paperprobe_fjord_4_s60_d30_xfeat/ntnu_cam0_kannala_brandt.yaml;logs/ntnu_vins/external_hybrid_xfeat_every2_paperprobe_fjord_4_s60_d30_xfeat/vins_ntnu_external.yaml,Prior artifact or parameter/search reference found before P02 freeze; exclude exact window from confirmatory denominator.
ntnu,fjord_4,70,80,second,5,true,true,true,DEVELOPMENT_ONLY,logs/ntnu_vins/external_hybrid_xfeat_every2_jul08_nonoverlap_onlineprobe1_ntnu_fjord4_s70_d10/features.bag;logs/ntnu_vins/external_hybrid_xfeat_every2_jul08_nonoverlap_onlineprobe1_ntnu_fjord4_s70_d10/frontend_metrics.csv;logs/ntnu_vins/external_hybrid_xfeat_every2_jul08_nonoverlap_onlineprobe1_ntnu_fjord4_s70_d10/ntnu_cam0_kannala_brandt.yaml;logs/ntnu_vins/external_hybrid_xfeat_every2_jul08_nonoverlap_onlineprobe1_ntnu_fjord4_s70_d10/vins_ntnu_external.yaml;papers/causal_crossdataset_search_20260718/probe_metrics_candidates.csv:340,Prior artifact or parameter/search reference found before P02 freeze; exclude exact window from confirmatory denominator.
ntnu,fjord_4,80,90,second,5,true,true,true,DEVELOPMENT_ONLY,logs/ntnu_vins/external_hybrid_xfeat_every2_jul07_nonoverlap_scan_fjord_4_s80_d10_probe_oldcontract_densecap/features.bag;logs/ntnu_vins/external_hybrid_xfeat_every2_jul07_nonoverlap_scan_fjord_4_s80_d10_probe_oldcontract_densecap/frontend_metrics.csv;logs/ntnu_vins/external_hybrid_xfeat_every2_jul07_nonoverlap_scan_fjord_4_s80_d10_probe_oldcontract_densecap/ntnu_cam0_kannala_brandt.yaml;logs/ntnu_vins/external_hybrid_xfeat_every2_jul07_nonoverlap_scan_fjord_4_s80_d10_probe_oldcontract_densecap/vins_ntnu_external.yaml;papers/causal_crossdataset_search_20260718/probe_metrics_candidates.csv:308,Prior artifact or parameter/search reference found before P02 freeze; exclude exact window from confirmatory denominator.
ntnu,fjord_4,90,100,second,186,true,true,true,DEVELOPMENT_ONLY,logs/jul08_filtered_featurebags/ntnu_fjord4_s90_d10_drop20.bag;logs/jul08_filtered_featurebags/ntnu_fjord4_s90_d10_drop20_stats.csv;logs/ntnu_vins/external_hybrid_xfeat_every2_jul08_nonoverlap_onlineprobe1_ntnu_fjord4_s90_d10/ape.txt;logs/ntnu_vins/external_hybrid_xfeat_every2_jul08_nonoverlap_onlineprobe1_ntnu_fjord4_s90_d10/ape.txt:1;logs/ntnu_vins/external_hybrid_xfeat_every2_jul08_nonoverlap_onlineprobe1_ntnu_fjord4_s90_d10/ape.txt:10;logs/ntnu_vins/external_hybrid_xfeat_every2_jul08_nonoverlap_onlineprobe1_ntnu_fjord4_s90_d10/ape.txt:11;logs/ntnu_vins/external_hybrid_xfeat_every2_jul08_nonoverlap_onlineprobe1_ntnu_fjord4_s90_d10/ape.txt:12;logs/ntnu_vins/external_hybrid_xfeat_every2_jul08_nonoverlap_onlineprobe1_ntnu_fjord4_s90_d10/ape.txt:13;logs/ntnu_vins/external_hybrid_xfeat_every2_jul08_nonoverlap_onlineprobe1_ntnu_fjord4_s90_d10/ape.txt:14;logs/ntnu_vins/external_hybrid_xfeat_every2_jul08_nonoverlap_onlineprobe1_ntnu_fjord4_s90_d10/ape.txt:15;logs/ntnu_vins/external_hybrid_xfeat_every2_jul08_nonoverlap_onlineprobe1_ntnu_fjord4_s90_d10/ape.txt:16;logs/ntnu_vins/external_hybrid_xfeat_every2_jul08_nonoverlap_onlineprobe1_ntnu_fjord4_s90_d10/ape.txt:17;...(+174),Prior artifact or parameter/search reference found before P02 freeze; exclude exact window from confirmatory denominator.
ntnu,fjord_4,90,110,second,21,true,true,false,DEVELOPMENT_ONLY,logs/ntnu_vins/external_hybrid_superpoint_lightglue_every2_jun17_fixedscan_fjord_4_s90_d20_loftr_mirror/features.bag;logs/ntnu_vins/external_hybrid_superpoint_lightglue_every2_jun17_fixedscan_fjord_4_s90_d20_loftr_mirror/frontend_metrics.csv;logs/ntnu_vins/external_hybrid_superpoint_lightglue_every2_jun17_fixedscan_fjord_4_s90_d20_loftr_mirror/ntnu_cam0_kannala_brandt.yaml;logs/ntnu_vins/external_hybrid_superpoint_lightglue_every2_jun17_fixedscan_fjord_4_s90_d20_loftr_mirror/vins_ntnu_external.yaml;logs/ntnu_vins/external_hybrid_superpoint_lightglue_every5_may20c_ntnu_scan_fjord_4_s90_d20_loftr/features.bag;logs/ntnu_vins/external_hybrid_superpoint_lightglue_every5_may20c_ntnu_scan_fjord_4_s90_d20_loftr/frontend_metrics.csv;logs/ntnu_vins/external_hybrid_superpoint_lightglue_every5_may20c_ntnu_scan_fjord_4_s90_d20_loftr/ntnu_cam0_kannala_brandt.yaml;logs/ntnu_vins/external_hybrid_superpoint_lightglue_every5_may20c_ntnu_scan_fjord_4_s90_d20_loftr/vins_ntnu_external.yaml;logs/ntnu_vins/external_hybrid_superpoint_lightglue_every5_may20c_ntnu_scan_fjord_4_s90_d20_loftr_rerun/features.bag;logs/ntnu_vins/external_hybrid_superpoint_lightglue_every5_may20c_ntnu_scan_fjord_4_s90_d20_loftr_rerun/frontend_metrics.csv;logs/ntnu_vins/external_hybrid_superpoint_lightglue_every5_may20c_ntnu_scan_fjord_4_s90_d20_loftr_rerun/ntnu_cam0_kannala_brandt.yaml;logs/ntnu_vins/external_hybrid_superpoint_lightglue_every5_may20c_ntnu_scan_fjord_4_s90_d20_loftr_rerun/vins_ntnu_external.yaml;...(+9),Prior artifact or parameter/search reference found before P02 freeze; exclude exact window from confirmatory denominator.
ntnu,fjord_4,90,120,second,173,true,true,true,DEVELOPMENT_ONLY,logs/may24_all_complete_runs.txt:738;logs/may24_all_complete_runs.txt:748;logs/may24_all_complete_runs.txt:802;logs/may28_non_a06_lowtexture_continued_audit.md:21;logs/may28_ntnu_continued_source_audit.md:43;logs/may28_ntnu_fjord4_source_channel_audit_extended.md:53;logs/ntnu_vins/external_hybrid_xfeat_every2_may23_cont180_ntnu_fjord4_s90_d30_hybrid_xfeat/ape.txt;logs/ntnu_vins/external_hybrid_xfeat_every2_may23_cont180_ntnu_fjord4_s90_d30_hybrid_xfeat/ape.txt:1;logs/ntnu_vins/external_hybrid_xfeat_every2_may23_cont180_ntnu_fjord4_s90_d30_hybrid_xfeat/ape.txt:10;logs/ntnu_vins/external_hybrid_xfeat_every2_may23_cont180_ntnu_fjord4_s90_d30_hybrid_xfeat/ape.txt:11;logs/ntnu_vins/external_hybrid_xfeat_every2_may23_cont180_ntnu_fjord4_s90_d30_hybrid_xfeat/ape.txt:12;logs/ntnu_vins/external_hybrid_xfeat_every2_may23_cont180_ntnu_fjord4_s90_d30_hybrid_xfeat/ape.txt:13;...(+161),Prior artifact or parameter/search reference found before P02 freeze; exclude exact window from confirmatory denominator.
ntnu,fjord_5,0,10,second,10,true,true,true,DEVELOPMENT_ONLY,logs/ntnu_vins/external_hybrid_superpoint_lightglue_every2_jun17_scan3_fjord_5_s0_d10_loftr_mirror/features.bag;logs/ntnu_vins/external_hybrid_superpoint_lightglue_every2_jun17_scan3_fjord_5_s0_d10_loftr_mirror/frontend_metrics.csv;logs/ntnu_vins/external_hybrid_superpoint_lightglue_every2_jun17_scan3_fjord_5_s0_d10_loftr_mirror/ntnu_cam0_kannala_brandt.yaml;logs/ntnu_vins/external_hybrid_superpoint_lightglue_every2_jun17_scan3_fjord_5_s0_d10_loftr_mirror/vins_ntnu_external.yaml;logs/ntnu_vins/external_hybrid_xfeat_every2_jul08_nonoverlap_onlineprobe1_ntnu_fjord5_s0_d10/features.bag;logs/ntnu_vins/external_hybrid_xfeat_every2_jul08_nonoverlap_onlineprobe1_ntnu_fjord5_s0_d10/frontend_metrics.csv;logs/ntnu_vins/external_hybrid_xfeat_every2_jul08_nonoverlap_onlineprobe1_ntnu_fjord5_s0_d10/ntnu_cam0_kannala_brandt.yaml;logs/ntnu_vins/external_hybrid_xfeat_every2_jul08_nonoverlap_onlineprobe1_ntnu_fjord5_s0_d10/vins_ntnu_external.yaml;logs/ntnu_vins/external_klt_every2_jun07_klt_scan_fjord_5_s0_d10/ntnu_cam0_kannala_brandt.yaml;logs/ntnu_vins/external_klt_every2_jun07_klt_scan_fjord_5_s0_d10/vins_ntnu_external.yaml,Prior artifact or parameter/search reference found before P02 freeze; exclude exact window from confirmatory denominator.
ntnu,fjord_5,0,20,second,2,false,true,false,DEVELOPMENT_ONLY,logs/ntnu_vins/external_klt_every2_jun07_klt_scan_fjord_5_s0_d20/ntnu_cam0_kannala_brandt.yaml;logs/ntnu_vins/external_klt_every2_jun07_klt_scan_fjord_5_s0_d20/vins_ntnu_external.yaml,Prior artifact or parameter/search reference found before P02 freeze; exclude exact window from confirmatory denominator.
ntnu,fjord_5,0,30,second,5,true,true,true,DEVELOPMENT_ONLY,logs/may20c_all_run_dirs.txt:843;logs/ntnu_vins/external_hybrid_xfeat_every2_paperprobe_fjord_5_s0_d30_xfeat/features.bag;logs/ntnu_vins/external_hybrid_xfeat_every2_paperprobe_fjord_5_s0_d30_xfeat/frontend_metrics.csv;logs/ntnu_vins/external_hybrid_xfeat_every2_paperprobe_fjord_5_s0_d30_xfeat/ntnu_cam0_kannala_brandt.yaml;logs/ntnu_vins/external_hybrid_xfeat_every2_paperprobe_fjord_5_s0_d30_xfeat/vins_ntnu_external.yaml,Prior artifact or parameter/search reference found before P02 freeze; exclude exact window from confirmatory denominator.
ntnu,fjord_5,100,110,second,4,true,true,true,DEVELOPMENT_ONLY,logs/ntnu_vins/external_hybrid_xfeat_every2_jul08_nonoverlap_onlineprobe1_ntnu_fjord5_s100_d10/features.bag;logs/ntnu_vins/external_hybrid_xfeat_every2_jul08_nonoverlap_onlineprobe1_ntnu_fjord5_s100_d10/frontend_metrics.csv;logs/ntnu_vins/external_hybrid_xfeat_every2_jul08_nonoverlap_onlineprobe1_ntnu_fjord5_s100_d10/ntnu_cam0_kannala_brandt.yaml;logs/ntnu_vins/external_hybrid_xfeat_every2_jul08_nonoverlap_onlineprobe1_ntnu_fjord5_s100_d10/vins_ntnu_external.yaml,Prior artifact or parameter/search reference found before P02 freeze; exclude exact window from confirmatory denominator.
ntnu,fjord_5,105,125,second,4,true,true,true,DEVELOPMENT_ONLY,logs/ntnu_vins/external_hybrid_xfeat_every2_paperprobe_fjord_5_s105_d20_xfeat/features.bag;logs/ntnu_vins/external_hybrid_xfeat_every2_paperprobe_fjord_5_s105_d20_xfeat/frontend_metrics.csv;logs/ntnu_vins/external_hybrid_xfeat_every2_paperprobe_fjord_5_s105_d20_xfeat/ntnu_cam0_kannala_brandt.yaml;logs/ntnu_vins/external_hybrid_xfeat_every2_paperprobe_fjord_5_s105_d20_xfeat/vins_ntnu_external.yaml,Prior artifact or parameter/search reference found before P02 freeze; exclude exact window from confirmatory denominator.
ntnu,fjord_5,110,120,second,981,true,true,true,DEVELOPMENT_ONLY,logs/jul08_filtered_featurebags/jul08_probe_more3_ntnu_fjord_5_s110_d10_drop20.bag;logs/jul08_filtered_featurebags/jul08_probe_more3_ntnu_fjord_5_s110_d10_drop20_stats.csv;logs/ntnu_vins/external_hybrid_xfeat_every2_jul08_probe_more3_ntnu_fjord_5_s110_d10/ape.txt;logs/ntnu_vins/external_hybrid_xfeat_every2_jul08_probe_more3_ntnu_fjord_5_s110_d10/ape.txt:1;logs/ntnu_vins/external_hybrid_xfeat_every2_jul08_probe_more3_ntnu_fjord_5_s110_d10/ape.txt:10;logs/ntnu_vins/external_hybrid_xfeat_every2_jul08_probe_more3_ntnu_fjord_5_s110_d10/ape.txt:11;logs/ntnu_vins/external_hybrid_xfeat_every2_jul08_probe_more3_ntnu_fjord_5_s110_d10/ape.txt:12;logs/ntnu_vins/external_hybrid_xfeat_every2_jul08_probe_more3_ntnu_fjord_5_s110_d10/ape.txt:13;logs/ntnu_vins/external_hybrid_xfeat_every2_jul08_probe_more3_ntnu_fjord_5_s110_d10/ape.txt:14;logs/ntnu_vins/external_hybrid_xfeat_every2_jul08_probe_more3_ntnu_fjord_5_s110_d10/ape.txt:15;logs/ntnu_vins/external_hybrid_xfeat_every2_jul08_probe_more3_ntnu_fjord_5_s110_d10/ape.txt:16;logs/ntnu_vins/external_hybrid_xfeat_every2_jul08_probe_more3_ntnu_fjord_5_s110_d10/ape.txt:17;...(+969),Prior artifact or parameter/search reference found before P02 freeze; exclude exact window from confirmatory denominator.
ntnu,fjord_5,120,130,second,2,true,true,true,DEVELOPMENT_ONLY,logs/ntnu_vins/external_hybrid_xfeat_every2_jul08_probe_more3_ntnu_fjord_5_s120_d10/ntnu_cam0_kannala_brandt.yaml;logs/ntnu_vins/external_hybrid_xfeat_every2_jul08_probe_more3_ntnu_fjord_5_s120_d10/vins_ntnu_external.yaml,Prior artifact or parameter/search reference found before P02 freeze; exclude exact window from confirmatory denominator.
ntnu,fjord_5,120,150,second,4,true,true,true,DEVELOPMENT_ONLY,logs/ntnu_vins/external_hybrid_xfeat_every2_paperprobe_fjord_5_s120_d30_xfeat/features.bag;logs/ntnu_vins/external_hybrid_xfeat_every2_paperprobe_fjord_5_s120_d30_xfeat/frontend_metrics.csv;logs/ntnu_vins/external_hybrid_xfeat_every2_paperprobe_fjord_5_s120_d30_xfeat/ntnu_cam0_kannala_brandt.yaml;logs/ntnu_vins/external_hybrid_xfeat_every2_paperprobe_fjord_5_s120_d30_xfeat/vins_ntnu_external.yaml,Prior artifact or parameter/search reference found before P02 freeze; exclude exact window from confirmatory denominator.
ntnu,fjord_5,140,160,second,4,true,true,true,DEVELOPMENT_ONLY,logs/ntnu_vins/external_hybrid_xfeat_every2_paperprobe_fjord_5_s140_d20_xfeat/features.bag;logs/ntnu_vins/external_hybrid_xfeat_every2_paperprobe_fjord_5_s140_d20_xfeat/frontend_metrics.csv;logs/ntnu_vins/external_hybrid_xfeat_every2_paperprobe_fjord_5_s140_d20_xfeat/ntnu_cam0_kannala_brandt.yaml;logs/ntnu_vins/external_hybrid_xfeat_every2_paperprobe_fjord_5_s140_d20_xfeat/vins_ntnu_external.yaml,Prior artifact or parameter/search reference found before P02 freeze; exclude exact window from confirmatory denominator.
ntnu,fjord_5,150,180,second,4,true,true,true,DEVELOPMENT_ONLY,logs/ntnu_vins/external_hybrid_xfeat_every2_paperprobe_fjord_5_s150_d30_xfeat/features.bag;logs/ntnu_vins/external_hybrid_xfeat_every2_paperprobe_fjord_5_s150_d30_xfeat/frontend_metrics.csv;logs/ntnu_vins/external_hybrid_xfeat_every2_paperprobe_fjord_5_s150_d30_xfeat/ntnu_cam0_kannala_brandt.yaml;logs/ntnu_vins/external_hybrid_xfeat_every2_paperprobe_fjord_5_s150_d30_xfeat/vins_ntnu_external.yaml,Prior artifact or parameter/search reference found before P02 freeze; exclude exact window from confirmatory denominator.
ntnu,fjord_5,180,210,second,4,true,true,true,DEVELOPMENT_ONLY,logs/ntnu_vins/external_hybrid_xfeat_every2_paperprobe_fjord_5_s180_d30_xfeat/features.bag;logs/ntnu_vins/external_hybrid_xfeat_every2_paperprobe_fjord_5_s180_d30_xfeat/frontend_metrics.csv;logs/ntnu_vins/external_hybrid_xfeat_every2_paperprobe_fjord_5_s180_d30_xfeat/ntnu_cam0_kannala_brandt.yaml;logs/ntnu_vins/external_hybrid_xfeat_every2_paperprobe_fjord_5_s180_d30_xfeat/vins_ntnu_external.yaml,Prior artifact or parameter/search reference found before P02 freeze; exclude exact window from confirmatory denominator.
ntnu,fjord_5,20,30,second,4,true,true,true,DEVELOPMENT_ONLY,logs/ntnu_vins/external_hybrid_xfeat_every2_jul08_nonoverlap_onlineprobe1_ntnu_fjord5_s20_d10/features.bag;logs/ntnu_vins/external_hybrid_xfeat_every2_jul08_nonoverlap_onlineprobe1_ntnu_fjord5_s20_d10/frontend_metrics.csv;logs/ntnu_vins/external_hybrid_xfeat_every2_jul08_nonoverlap_onlineprobe1_ntnu_fjord5_s20_d10/ntnu_cam0_kannala_brandt.yaml;logs/ntnu_vins/external_hybrid_xfeat_every2_jul08_nonoverlap_onlineprobe1_ntnu_fjord5_s20_d10/vins_ntnu_external.yaml,Prior artifact or parameter/search reference found before P02 freeze; exclude exact window from confirmatory denominator.
ntnu,fjord_5,210,240,second,4,true,true,true,DEVELOPMENT_ONLY,logs/ntnu_vins/external_hybrid_xfeat_every2_paperprobe_fjord_5_s210_d30_xfeat/features.bag;logs/ntnu_vins/external_hybrid_xfeat_every2_paperprobe_fjord_5_s210_d30_xfeat/frontend_metrics.csv;logs/ntnu_vins/external_hybrid_xfeat_every2_paperprobe_fjord_5_s210_d30_xfeat/ntnu_cam0_kannala_brandt.yaml;logs/ntnu_vins/external_hybrid_xfeat_every2_paperprobe_fjord_5_s210_d30_xfeat/vins_ntnu_external.yaml,Prior artifact or parameter/search reference found before P02 freeze; exclude exact window from confirmatory denominator.
ntnu,fjord_5,220,230,second,9,true,true,true,DEVELOPMENT_ONLY,logs/ntnu_vins/external_hybrid_xfeat_every2_jul16screen18_ntnu_fjord5_s220_d10_probe/features.bag;logs/ntnu_vins/external_hybrid_xfeat_every2_jul16screen18_ntnu_fjord5_s220_d10_probe/frontend_metrics.csv;logs/ntnu_vins/external_hybrid_xfeat_every2_jul16screen18_ntnu_fjord5_s220_d10_probe/ntnu_cam0_kannala_brandt.yaml;logs/ntnu_vins/external_hybrid_xfeat_every2_jul16screen18_ntnu_fjord5_s220_d10_probe/vins_ntnu_external.yaml;papers/causal_crossdataset_search_20260718/probe_lineage_rescan.csv:235;papers/causal_crossdataset_search_20260718/probe_metrics_candidates.csv:119;papers/frozen_frontend_exploration_20260715/run_evidence_jul15_late_and_jul16.csv:115;papers/frozen_frontend_exploration_20260715/screening_summary_jul15_late_and_jul16.csv:115;papers/learned_lineage_novelty_dev_20260716/lineage_novelty_screening.csv:266,Prior artifact or parameter/search reference found before P02 freeze; exclude exact window from confirmatory denominator.
ntnu,fjord_5,240,250,second,9,true,true,true,DEVELOPMENT_ONLY,logs/ntnu_vins/external_hybrid_xfeat_every2_jul16screen18_ntnu_fjord5_s240_d10_probe/features.bag;logs/ntnu_vins/external_hybrid_xfeat_every2_jul16screen18_ntnu_fjord5_s240_d10_probe/frontend_metrics.csv;logs/ntnu_vins/external_hybrid_xfeat_every2_jul16screen18_ntnu_fjord5_s240_d10_probe/ntnu_cam0_kannala_brandt.yaml;logs/ntnu_vins/external_hybrid_xfeat_every2_jul16screen18_ntnu_fjord5_s240_d10_probe/vins_ntnu_external.yaml;papers/causal_crossdataset_search_20260718/probe_lineage_rescan.csv:423;papers/causal_crossdataset_search_20260718/probe_metrics_candidates.csv:100;papers/frozen_frontend_exploration_20260715/run_evidence_jul15_late_and_jul16.csv:116;papers/frozen_frontend_exploration_20260715/screening_summary_jul15_late_and_jul16.csv:116;papers/learned_lineage_novelty_dev_20260716/lineage_novelty_screening.csv:46,Prior artifact or parameter/search reference found before P02 freeze; exclude exact window from confirmatory denominator.
ntnu,fjord_5,240,270,second,4,true,true,true,DEVELOPMENT_ONLY,logs/ntnu_vins/external_hybrid_xfeat_every2_paperprobe_fjord_5_s240_d30_xfeat/features.bag;logs/ntnu_vins/external_hybrid_xfeat_every2_paperprobe_fjord_5_s240_d30_xfeat/frontend_metrics.csv;logs/ntnu_vins/external_hybrid_xfeat_every2_paperprobe_fjord_5_s240_d30_xfeat/ntnu_cam0_kannala_brandt.yaml;logs/ntnu_vins/external_hybrid_xfeat_every2_paperprobe_fjord_5_s240_d30_xfeat/vins_ntnu_external.yaml,Prior artifact or parameter/search reference found before P02 freeze; exclude exact window from confirmatory denominator.
ntnu,fjord_5,270,300,second,4,true,true,true,DEVELOPMENT_ONLY,logs/ntnu_vins/external_hybrid_xfeat_every2_paperprobe_fjord_5_s270_d30_xfeat/features.bag;logs/ntnu_vins/external_hybrid_xfeat_every2_paperprobe_fjord_5_s270_d30_xfeat/frontend_metrics.csv;logs/ntnu_vins/external_hybrid_xfeat_every2_paperprobe_fjord_5_s270_d30_xfeat/ntnu_cam0_kannala_brandt.yaml;logs/ntnu_vins/external_hybrid_xfeat_every2_paperprobe_fjord_5_s270_d30_xfeat/vins_ntnu_external.yaml,Prior artifact or parameter/search reference found before P02 freeze; exclude exact window from confirmatory denominator.
ntnu,fjord_5,30,60,second,5,true,true,true,DEVELOPMENT_ONLY,logs/may20c_all_run_dirs.txt:844;logs/ntnu_vins/external_hybrid_xfeat_every2_paperprobe_fjord_5_s30_d30_xfeat/features.bag;logs/ntnu_vins/external_hybrid_xfeat_every2_paperprobe_fjord_5_s30_d30_xfeat/frontend_metrics.csv;logs/ntnu_vins/external_hybrid_xfeat_every2_paperprobe_fjord_5_s30_d30_xfeat/ntnu_cam0_kannala_brandt.yaml;logs/ntnu_vins/external_hybrid_xfeat_every2_paperprobe_fjord_5_s30_d30_xfeat/vins_ntnu_external.yaml,Prior artifact or parameter/search reference found before P02 freeze; exclude exact window from confirmatory denominator.
ntnu,fjord_5,300,330,second,4,true,true,true,DEVELOPMENT_ONLY,logs/ntnu_vins/external_hybrid_xfeat_every2_paperprobe_fjord_5_s300_d30_xfeat/features.bag;logs/ntnu_vins/external_hybrid_xfeat_every2_paperprobe_fjord_5_s300_d30_xfeat/frontend_metrics.csv;logs/ntnu_vins/external_hybrid_xfeat_every2_paperprobe_fjord_5_s300_d30_xfeat/ntnu_cam0_kannala_brandt.yaml;logs/ntnu_vins/external_hybrid_xfeat_every2_paperprobe_fjord_5_s300_d30_xfeat/vins_ntnu_external.yaml,Prior artifact or parameter/search reference found before P02 freeze; exclude exact window from confirmatory denominator.
ntnu,fjord_5,330,360,second,4,true,true,true,DEVELOPMENT_ONLY,logs/ntnu_vins/external_hybrid_xfeat_every2_paperprobe_fjord_5_s330_d30_xfeat/features.bag;logs/ntnu_vins/external_hybrid_xfeat_every2_paperprobe_fjord_5_s330_d30_xfeat/frontend_metrics.csv;logs/ntnu_vins/external_hybrid_xfeat_every2_paperprobe_fjord_5_s330_d30_xfeat/ntnu_cam0_kannala_brandt.yaml;logs/ntnu_vins/external_hybrid_xfeat_every2_paperprobe_fjord_5_s330_d30_xfeat/vins_ntnu_external.yaml,Prior artifact or parameter/search reference found before P02 freeze; exclude exact window from confirmatory denominator.
ntnu,fjord_5,35,45,second,4,true,true,false,DEVELOPMENT_ONLY,logs/ntnu_vins/external_hybrid_superpoint_lightglue_every2_jun17_scan3_fjord_5_s35_d10_loftr_mirror/features.bag;logs/ntnu_vins/external_hybrid_superpoint_lightglue_every2_jun17_scan3_fjord_5_s35_d10_loftr_mirror/frontend_metrics.csv;logs/ntnu_vins/external_hybrid_superpoint_lightglue_every2_jun17_scan3_fjord_5_s35_d10_loftr_mirror/ntnu_cam0_kannala_brandt.yaml;logs/ntnu_vins/external_hybrid_superpoint_lightglue_every2_jun17_scan3_fjord_5_s35_d10_loftr_mirror/vins_ntnu_external.yaml,Prior artifact or parameter/search reference found before P02 freeze; exclude exact window from confirmatory denominator.
ntnu,fjord_5,35,55,second,4,true,true,true,DEVELOPMENT_ONLY,logs/ntnu_vins/external_hybrid_xfeat_every2_paperprobe_fjord_5_s35_d20_xfeat/features.bag;logs/ntnu_vins/external_hybrid_xfeat_every2_paperprobe_fjord_5_s35_d20_xfeat/frontend_metrics.csv;logs/ntnu_vins/external_hybrid_xfeat_every2_paperprobe_fjord_5_s35_d20_xfeat/ntnu_cam0_kannala_brandt.yaml;logs/ntnu_vins/external_hybrid_xfeat_every2_paperprobe_fjord_5_s35_d20_xfeat/vins_ntnu_external.yaml,Prior artifact or parameter/search reference found before P02 freeze; exclude exact window from confirmatory denominator.
ntnu,fjord_5,35,65,second,463,true,true,true,DEVELOPMENT_ONLY,logs/may24_all_complete_runs.txt:739;logs/may24_all_complete_runs.txt:803;logs/ntnu_jun18_xfeat_loftr_fullsweep_report.md:41;logs/ntnu_vins/external_hybrid_xfeat_every2_jun02_ntnu_nonzero_fjord5_35_65_hybrid_xfeat/ape.txt;logs/ntnu_vins/external_hybrid_xfeat_every2_jun02_ntnu_nonzero_fjord5_35_65_hybrid_xfeat/ape.txt:1;logs/ntnu_vins/external_hybrid_xfeat_every2_jun02_ntnu_nonzero_fjord5_35_65_hybrid_xfeat/ape.txt:10;logs/ntnu_vins/external_hybrid_xfeat_every2_jun02_ntnu_nonzero_fjord5_35_65_hybrid_xfeat/ape.txt:11;logs/ntnu_vins/external_hybrid_xfeat_every2_jun02_ntnu_nonzero_fjord5_35_65_hybrid_xfeat/ape.txt:12;logs/ntnu_vins/external_hybrid_xfeat_every2_jun02_ntnu_nonzero_fjord5_35_65_hybrid_xfeat/ape.txt:13;logs/ntnu_vins/external_hybrid_xfeat_every2_jun02_ntnu_nonzero_fjord5_35_65_hybrid_xfeat/ape.txt:14;logs/ntnu_vins/external_hybrid_xfeat_every2_jun02_ntnu_nonzero_fjord5_35_65_hybrid_xfeat/ape.txt:15;logs/ntnu_vins/external_hybrid_xfeat_every2_jun02_ntnu_nonzero_fjord5_35_65_hybrid_xfeat/ape.txt:16;...(+451),Prior artifact or parameter/search reference found before P02 freeze; exclude exact window from confirmatory denominator.
ntnu,fjord_5,360,390,second,4,true,true,true,DEVELOPMENT_ONLY,logs/ntnu_vins/external_hybrid_xfeat_every2_paperprobe_fjord_5_s360_d30_xfeat/features.bag;logs/ntnu_vins/external_hybrid_xfeat_every2_paperprobe_fjord_5_s360_d30_xfeat/frontend_metrics.csv;logs/ntnu_vins/external_hybrid_xfeat_every2_paperprobe_fjord_5_s360_d30_xfeat/ntnu_cam0_kannala_brandt.yaml;logs/ntnu_vins/external_hybrid_xfeat_every2_paperprobe_fjord_5_s360_d30_xfeat/vins_ntnu_external.yaml,Prior artifact or parameter/search reference found before P02 freeze; exclude exact window from confirmatory denominator.
ntnu,fjord_5,390,420,second,4,true,true,true,DEVELOPMENT_ONLY,logs/ntnu_vins/external_hybrid_xfeat_every2_paperprobe_fjord_5_s390_d30_xfeat/features.bag;logs/ntnu_vins/external_hybrid_xfeat_every2_paperprobe_fjord_5_s390_d30_xfeat/frontend_metrics.csv;logs/ntnu_vins/external_hybrid_xfeat_every2_paperprobe_fjord_5_s390_d30_xfeat/ntnu_cam0_kannala_brandt.yaml;logs/ntnu_vins/external_hybrid_xfeat_every2_paperprobe_fjord_5_s390_d30_xfeat/vins_ntnu_external.yaml,Prior artifact or parameter/search reference found before P02 freeze; exclude exact window from confirmatory denominator.
ntnu,fjord_5,40,50,second,178,true,true,true,DEVELOPMENT_ONLY,logs/jul08_filtered_featurebags/ntnu_fjord5_s40_d10_drop20.bag;logs/jul08_filtered_featurebags/ntnu_fjord5_s40_d10_drop20_stats.csv;logs/ntnu_vins/external_hybrid_xfeat_every2_jul08_nonoverlap_onlineprobe1_ntnu_fjord5_s40_d10/ape.txt;logs/ntnu_vins/external_hybrid_xfeat_every2_jul08_nonoverlap_onlineprobe1_ntnu_fjord5_s40_d10/ape.txt:1;logs/ntnu_vins/external_hybrid_xfeat_every2_jul08_nonoverlap_onlineprobe1_ntnu_fjord5_s40_d10/ape.txt:10;logs/ntnu_vins/external_hybrid_xfeat_every2_jul08_nonoverlap_onlineprobe1_ntnu_fjord5_s40_d10/ape.txt:11;logs/ntnu_vins/external_hybrid_xfeat_every2_jul08_nonoverlap_onlineprobe1_ntnu_fjord5_s40_d10/ape.txt:12;logs/ntnu_vins/external_hybrid_xfeat_every2_jul08_nonoverlap_onlineprobe1_ntnu_fjord5_s40_d10/ape.txt:13;logs/ntnu_vins/external_hybrid_xfeat_every2_jul08_nonoverlap_onlineprobe1_ntnu_fjord5_s40_d10/ape.txt:14;logs/ntnu_vins/external_hybrid_xfeat_every2_jul08_nonoverlap_onlineprobe1_ntnu_fjord5_s40_d10/ape.txt:15;logs/ntnu_vins/external_hybrid_xfeat_every2_jul08_nonoverlap_onlineprobe1_ntnu_fjord5_s40_d10/ape.txt:16;logs/ntnu_vins/external_hybrid_xfeat_every2_jul08_nonoverlap_onlineprobe1_ntnu_fjord5_s40_d10/ape.txt:17;...(+166),Prior artifact or parameter/search reference found before P02 freeze; exclude exact window from confirmatory denominator.
ntnu,fjord_5,50,60,second,258,true,true,true,DEVELOPMENT_ONLY,logs/jul08_filtered_featurebags/jul08_nonoverlap_onlinevins4_ntnu_fjord5_s50_d10_drop20.bag;logs/jul08_filtered_featurebags/jul08_nonoverlap_onlinevins4_ntnu_fjord5_s50_d10_drop20_stats.csv;logs/ntnu_vins/external_hybrid_xfeat_every2_jul08_nonoverlap_onlineprobe1_ntnu_fjord5_s50_d10/features.bag;logs/ntnu_vins/external_hybrid_xfeat_every2_jul08_nonoverlap_onlineprobe1_ntnu_fjord5_s50_d10/frontend_metrics.csv;logs/ntnu_vins/external_hybrid_xfeat_every2_jul08_nonoverlap_onlineprobe1_ntnu_fjord5_s50_d10/ntnu_cam0_kannala_brandt.yaml;logs/ntnu_vins/external_hybrid_xfeat_every2_jul08_nonoverlap_onlineprobe1_ntnu_fjord5_s50_d10/vins_ntnu_external.yaml;logs/ntnu_vins/external_hybrid_xfeat_every2_jul08_nonoverlap_onlinevins4_ntnu_fjord5_s50_d10/ape.txt;logs/ntnu_vins/external_hybrid_xfeat_every2_jul08_nonoverlap_onlinevins4_ntnu_fjord5_s50_d10/ape.txt:1;logs/ntnu_vins/external_hybrid_xfeat_every2_jul08_nonoverlap_onlinevins4_ntnu_fjord5_s50_d10/ape.txt:10;logs/ntnu_vins/external_hybrid_xfeat_every2_jul08_nonoverlap_onlinevins4_ntnu_fjord5_s50_d10/ape.txt:11;logs/ntnu_vins/external_hybrid_xfeat_every2_jul08_nonoverlap_onlinevins4_ntnu_fjord5_s50_d10/ape.txt:12;logs/ntnu_vins/external_hybrid_xfeat_every2_jul08_nonoverlap_onlinevins4_ntnu_fjord5_s50_d10/ape.txt:13;...(+246),Prior artifact or parameter/search reference found before P02 freeze; exclude exact window from confirmatory denominator.
ntnu,fjord_5,50,65,second,179,true,true,false,DEVELOPMENT_ONLY,logs/jul08_filtered_featurebags/jul08_nonoverlap_onlinevins5_ntnu_fjord5_s50_d15_drop20.bag;logs/jul08_filtered_featurebags/jul08_nonoverlap_onlinevins5_ntnu_fjord5_s50_d15_drop20_stats.csv;logs/jul08_nonoverlap_online_vins_more/ntnu_fjord5_s50_d15.log;logs/jul08_ntnu_fjord5_s50_d15_summary.csv;logs/ntnu_vins/external_hybrid_xfeat_every2_jul08_nonoverlap_onlinevins5_ntnu_fjord5_s50_d15/ape.txt;logs/ntnu_vins/external_hybrid_xfeat_every2_jul08_nonoverlap_onlinevins5_ntnu_fjord5_s50_d15/ape.txt:1;logs/ntnu_vins/external_hybrid_xfeat_every2_jul08_nonoverlap_onlinevins5_ntnu_fjord5_s50_d15/ape.txt:10;logs/ntnu_vins/external_hybrid_xfeat_every2_jul08_nonoverlap_onlinevins5_ntnu_fjord5_s50_d15/ape.txt:11;logs/ntnu_vins/external_hybrid_xfeat_every2_jul08_nonoverlap_onlinevins5_ntnu_fjord5_s50_d15/ape.txt:12;logs/ntnu_vins/external_hybrid_xfeat_every2_jul08_nonoverlap_onlinevins5_ntnu_fjord5_s50_d15/ape.txt:13;logs/ntnu_vins/external_hybrid_xfeat_every2_jul08_nonoverlap_onlinevins5_ntnu_fjord5_s50_d15/ape.txt:14;logs/ntnu_vins/external_hybrid_xfeat_every2_jul08_nonoverlap_onlinevins5_ntnu_fjord5_s50_d15/ape.txt:15;...(+167),Prior artifact or parameter/search reference found before P02 freeze; exclude exact window from confirmatory denominator.
ntnu,fjord_5,60,70,second,177,true,true,false,DEVELOPMENT_ONLY,logs/ntnu_vins/external_hybrid_xfeat_every2_jul03_earlyseed_export_fjord_5_s60_d10/ape.txt;logs/ntnu_vins/external_hybrid_xfeat_every2_jul03_earlyseed_export_fjord_5_s60_d10/ape.txt:1;logs/ntnu_vins/external_hybrid_xfeat_every2_jul03_earlyseed_export_fjord_5_s60_d10/ape.txt:10;logs/ntnu_vins/external_hybrid_xfeat_every2_jul03_earlyseed_export_fjord_5_s60_d10/ape.txt:11;logs/ntnu_vins/external_hybrid_xfeat_every2_jul03_earlyseed_export_fjord_5_s60_d10/ape.txt:12;logs/ntnu_vins/external_hybrid_xfeat_every2_jul03_earlyseed_export_fjord_5_s60_d10/ape.txt:13;logs/ntnu_vins/external_hybrid_xfeat_every2_jul03_earlyseed_export_fjord_5_s60_d10/ape.txt:14;logs/ntnu_vins/external_hybrid_xfeat_every2_jul03_earlyseed_export_fjord_5_s60_d10/ape.txt:15;logs/ntnu_vins/external_hybrid_xfeat_every2_jul03_earlyseed_export_fjord_5_s60_d10/ape.txt:16;logs/ntnu_vins/external_hybrid_xfeat_every2_jul03_earlyseed_export_fjord_5_s60_d10/ape.txt:17;logs/ntnu_vins/external_hybrid_xfeat_every2_jul03_earlyseed_export_fjord_5_s60_d10/ape.txt:18;logs/ntnu_vins/external_hybrid_xfeat_every2_jul03_earlyseed_export_fjord_5_s60_d10/ape.txt:19;...(+165),Prior artifact or parameter/search reference found before P02 freeze; exclude exact window from confirmatory denominator.
ntnu,fjord_5,60,90,second,262,true,true,true,DEVELOPMENT_ONLY,logs/ntnu_jun18_xfeat_loftr_fullsweep_report.md:52;logs/ntnu_jun18_xfeat_loftr_fullsweep_report.md:53;logs/ntnu_vins/external_hybrid_superpoint_lightglue_every2_jun18_loftr_fjord_5_s60_d30_loftr_mirror/features.bag;logs/ntnu_vins/external_hybrid_superpoint_lightglue_every2_jun18_loftr_fjord_5_s60_d30_loftr_mirror/frontend_metrics.csv;logs/ntnu_vins/external_hybrid_superpoint_lightglue_every2_jun18_loftr_fjord_5_s60_d30_loftr_mirror/ntnu_cam0_kannala_brandt.yaml;logs/ntnu_vins/external_hybrid_superpoint_lightglue_every2_jun18_loftr_fjord_5_s60_d30_loftr_mirror/vins_ntnu_external.yaml;logs/ntnu_vins/external_hybrid_superpoint_lightglue_every2_jun18_loftr_fjord_5_s60_d30_noloftr_mirror/ape.txt;logs/ntnu_vins/external_hybrid_superpoint_lightglue_every2_jun18_loftr_fjord_5_s60_d30_noloftr_mirror/ape.txt:1;logs/ntnu_vins/external_hybrid_superpoint_lightglue_every2_jun18_loftr_fjord_5_s60_d30_noloftr_mirror/ape.txt:10;logs/ntnu_vins/external_hybrid_superpoint_lightglue_every2_jun18_loftr_fjord_5_s60_d30_noloftr_mirror/ape.txt:11;logs/ntnu_vins/external_hybrid_superpoint_lightglue_every2_jun18_loftr_fjord_5_s60_d30_noloftr_mirror/ape.txt:12;logs/ntnu_vins/external_hybrid_superpoint_lightglue_every2_jun18_loftr_fjord_5_s60_d30_noloftr_mirror/ape.txt:13;...(+250),Prior artifact or parameter/search reference found before P02 freeze; exclude exact window from confirmatory denominator.
ntnu,fjord_5,61,71,second,57,true,true,true,DEVELOPMENT_ONLY,logs/ntnu_vins/external_hybrid_xfeat_every2_jul04_shifted_burst_ntnu_fjord5_s61_d10_probe_oldcontract_densecap/features.bag;logs/ntnu_vins/external_hybrid_xfeat_every2_jul04_shifted_burst_ntnu_fjord5_s61_d10_probe_oldcontract_densecap/frontend_metrics.csv;logs/ntnu_vins/external_hybrid_xfeat_every2_jul04_shifted_burst_ntnu_fjord5_s61_d10_probe_oldcontract_densecap/ntnu_cam0_kannala_brandt.yaml;logs/ntnu_vins/external_hybrid_xfeat_every2_jul04_shifted_burst_ntnu_fjord5_s61_d10_probe_oldcontract_densecap/vins_ntnu_external.yaml;logs/ntnu_vins/external_klt_every2_jul04_shifted_burst_ntnu_fjord5_s61_d10_klt_safe_fallback/arbitration_summary.txt;logs/ntnu_vins/external_klt_every2_jul04_shifted_burst_ntnu_fjord5_s61_d10_klt_safe_fallback/arbitration_summary.txt:1;logs/ntnu_vins/external_klt_every2_jul04_shifted_burst_ntnu_fjord5_s61_d10_klt_safe_fallback/arbitration_summary.txt:10;logs/ntnu_vins/external_klt_every2_jul04_shifted_burst_ntnu_fjord5_s61_d10_klt_safe_fallback/arbitration_summary.txt:11;logs/ntnu_vins/external_klt_every2_jul04_shifted_burst_ntnu_fjord5_s61_d10_klt_safe_fallback/arbitration_summary.txt:12;logs/ntnu_vins/external_klt_every2_jul04_shifted_burst_ntnu_fjord5_s61_d10_klt_safe_fallback/arbitration_summary.txt:13;logs/ntnu_vins/external_klt_every2_jul04_shifted_burst_ntnu_fjord5_s61_d10_klt_safe_fallback/arbitration_summary.txt:14;logs/ntnu_vins/external_klt_every2_jul04_shifted_burst_ntnu_fjord5_s61_d10_klt_safe_fallback/arbitration_summary.txt:15;...(+45),Prior artifact or parameter/search reference found before P02 freeze; exclude exact window from confirmatory denominator.
ntnu,fjord_5,62,72,second,57,true,true,true,DEVELOPMENT_ONLY,logs/ntnu_vins/external_hybrid_xfeat_every2_jul04_shifted_burst_ntnu_fjord5_s62_d10_probe_oldcontract_densecap/features.bag;logs/ntnu_vins/external_hybrid_xfeat_every2_jul04_shifted_burst_ntnu_fjord5_s62_d10_probe_oldcontract_densecap/frontend_metrics.csv;logs/ntnu_vins/external_hybrid_xfeat_every2_jul04_shifted_burst_ntnu_fjord5_s62_d10_probe_oldcontract_densecap/ntnu_cam0_kannala_brandt.yaml;logs/ntnu_vins/external_hybrid_xfeat_every2_jul04_shifted_burst_ntnu_fjord5_s62_d10_probe_oldcontract_densecap/vins_ntnu_external.yaml;logs/ntnu_vins/external_klt_every2_jul04_shifted_burst_ntnu_fjord5_s62_d10_klt_safe_fallback/arbitration_summary.txt;logs/ntnu_vins/external_klt_every2_jul04_shifted_burst_ntnu_fjord5_s62_d10_klt_safe_fallback/arbitration_summary.txt:1;logs/ntnu_vins/external_klt_every2_jul04_shifted_burst_ntnu_fjord5_s62_d10_klt_safe_fallback/arbitration_summary.txt:10;logs/ntnu_vins/external_klt_every2_jul04_shifted_burst_ntnu_fjord5_s62_d10_klt_safe_fallback/arbitration_summary.txt:11;logs/ntnu_vins/external_klt_every2_jul04_shifted_burst_ntnu_fjord5_s62_d10_klt_safe_fallback/arbitration_summary.txt:12;logs/ntnu_vins/external_klt_every2_jul04_shifted_burst_ntnu_fjord5_s62_d10_klt_safe_fallback/arbitration_summary.txt:13;logs/ntnu_vins/external_klt_every2_jul04_shifted_burst_ntnu_fjord5_s62_d10_klt_safe_fallback/arbitration_summary.txt:14;logs/ntnu_vins/external_klt_every2_jul04_shifted_burst_ntnu_fjord5_s62_d10_klt_safe_fallback/arbitration_summary.txt:15;...(+45),Prior artifact or parameter/search reference found before P02 freeze; exclude exact window from confirmatory denominator.
ntnu,fjord_5,64,74,second,4,true,true,false,DEVELOPMENT_ONLY,logs/ntnu_vins/external_hybrid_xfeat_every2_jul03_earlyseed_scan_fjord_5_s64_d10/features.bag;logs/ntnu_vins/external_hybrid_xfeat_every2_jul03_earlyseed_scan_fjord_5_s64_d10/frontend_metrics.csv;logs/ntnu_vins/external_hybrid_xfeat_every2_jul03_earlyseed_scan_fjord_5_s64_d10/ntnu_cam0_kannala_brandt.yaml;logs/ntnu_vins/external_hybrid_xfeat_every2_jul03_earlyseed_scan_fjord_5_s64_d10/vins_ntnu_external.yaml,Prior artifact or parameter/search reference found before P02 freeze; exclude exact window from confirmatory denominator.
ntnu,fjord_5,66,76,second,181,true,true,false,DEVELOPMENT_ONLY,logs/jul03_ntnu_fjord5_s66_d10_earlyseed_summary.csv;logs/ntnu_vins/external_hybrid_xfeat_every2_jul03_earlyseed_fjord_5_s66_d10_drop20/ape.txt;logs/ntnu_vins/external_hybrid_xfeat_every2_jul03_earlyseed_fjord_5_s66_d10_drop20/ape.txt:1;logs/ntnu_vins/external_hybrid_xfeat_every2_jul03_earlyseed_fjord_5_s66_d10_drop20/ape.txt:10;logs/ntnu_vins/external_hybrid_xfeat_every2_jul03_earlyseed_fjord_5_s66_d10_drop20/ape.txt:11;logs/ntnu_vins/external_hybrid_xfeat_every2_jul03_earlyseed_fjord_5_s66_d10_drop20/ape.txt:12;logs/ntnu_vins/external_hybrid_xfeat_every2_jul03_earlyseed_fjord_5_s66_d10_drop20/ape.txt:13;logs/ntnu_vins/external_hybrid_xfeat_every2_jul03_earlyseed_fjord_5_s66_d10_drop20/ape.txt:14;logs/ntnu_vins/external_hybrid_xfeat_every2_jul03_earlyseed_fjord_5_s66_d10_drop20/ape.txt:15;logs/ntnu_vins/external_hybrid_xfeat_every2_jul03_earlyseed_fjord_5_s66_d10_drop20/ape.txt:16;logs/ntnu_vins/external_hybrid_xfeat_every2_jul03_earlyseed_fjord_5_s66_d10_drop20/ape.txt:17;logs/ntnu_vins/external_hybrid_xfeat_every2_jul03_earlyseed_fjord_5_s66_d10_drop20/ape.txt:18;...(+169),Prior artifact or parameter/search reference found before P02 freeze; exclude exact window from confirmatory denominator.
ntnu,fjord_5,68,78,second,226,true,true,true,DEVELOPMENT_ONLY,logs/jul03_ntnu_fjord5_s68_d10_earlyseed_summary.csv;logs/ntnu_vins/external_hybrid_xfeat_every2_jul03_earlyseed_fjord_5_s68_d10_drop20/ape.txt;logs/ntnu_vins/external_hybrid_xfeat_every2_jul03_earlyseed_fjord_5_s68_d10_drop20/ape.txt:1;logs/ntnu_vins/external_hybrid_xfeat_every2_jul03_earlyseed_fjord_5_s68_d10_drop20/ape.txt:10;logs/ntnu_vins/external_hybrid_xfeat_every2_jul03_earlyseed_fjord_5_s68_d10_drop20/ape.txt:11;logs/ntnu_vins/external_hybrid_xfeat_every2_jul03_earlyseed_fjord_5_s68_d10_drop20/ape.txt:12;logs/ntnu_vins/external_hybrid_xfeat_every2_jul03_earlyseed_fjord_5_s68_d10_drop20/ape.txt:13;logs/ntnu_vins/external_hybrid_xfeat_every2_jul03_earlyseed_fjord_5_s68_d10_drop20/ape.txt:14;logs/ntnu_vins/external_hybrid_xfeat_every2_jul03_earlyseed_fjord_5_s68_d10_drop20/ape.txt:15;logs/ntnu_vins/external_hybrid_xfeat_every2_jul03_earlyseed_fjord_5_s68_d10_drop20/ape.txt:16;logs/ntnu_vins/external_hybrid_xfeat_every2_jul03_earlyseed_fjord_5_s68_d10_drop20/ape.txt:17;logs/ntnu_vins/external_hybrid_xfeat_every2_jul03_earlyseed_fjord_5_s68_d10_drop20/ape.txt:18;...(+214),Prior artifact or parameter/search reference found before P02 freeze; exclude exact window from confirmatory denominator.
ntnu,fjord_5,69,79,second,181,true,true,false,DEVELOPMENT_ONLY,logs/jul03_ntnu_fjord5_s69_d10_earlyseed_summary.csv;logs/ntnu_vins/external_hybrid_xfeat_every2_jul03_earlyseed_fjord_5_s69_d10_drop20/ape.txt;logs/ntnu_vins/external_hybrid_xfeat_every2_jul03_earlyseed_fjord_5_s69_d10_drop20/ape.txt:1;logs/ntnu_vins/external_hybrid_xfeat_every2_jul03_earlyseed_fjord_5_s69_d10_drop20/ape.txt:10;logs/ntnu_vins/external_hybrid_xfeat_every2_jul03_earlyseed_fjord_5_s69_d10_drop20/ape.txt:11;logs/ntnu_vins/external_hybrid_xfeat_every2_jul03_earlyseed_fjord_5_s69_d10_drop20/ape.txt:12;logs/ntnu_vins/external_hybrid_xfeat_every2_jul03_earlyseed_fjord_5_s69_d10_drop20/ape.txt:13;logs/ntnu_vins/external_hybrid_xfeat_every2_jul03_earlyseed_fjord_5_s69_d10_drop20/ape.txt:14;logs/ntnu_vins/external_hybrid_xfeat_every2_jul03_earlyseed_fjord_5_s69_d10_drop20/ape.txt:15;logs/ntnu_vins/external_hybrid_xfeat_every2_jul03_earlyseed_fjord_5_s69_d10_drop20/ape.txt:16;logs/ntnu_vins/external_hybrid_xfeat_every2_jul03_earlyseed_fjord_5_s69_d10_drop20/ape.txt:17;logs/ntnu_vins/external_hybrid_xfeat_every2_jul03_earlyseed_fjord_5_s69_d10_drop20/ape.txt:18;...(+169),Prior artifact or parameter/search reference found before P02 freeze; exclude exact window from confirmatory denominator.
ntnu,fjord_5,69p5,79.5,second,72,true,true,true,DEVELOPMENT_ONLY,logs/ntnu_vins/external_hybrid_xfeat_every2_jul05_probe_shift_ntnu_fjord5_s69p5_d10_probe_oldcontract_densecap/features.bag;logs/ntnu_vins/external_hybrid_xfeat_every2_jul05_probe_shift_ntnu_fjord5_s69p5_d10_probe_oldcontract_densecap/frontend_metrics.csv;logs/ntnu_vins/external_hybrid_xfeat_every2_jul05_probe_shift_ntnu_fjord5_s69p5_d10_probe_oldcontract_densecap/ntnu_cam0_kannala_brandt.yaml;logs/ntnu_vins/external_hybrid_xfeat_every2_jul05_probe_shift_ntnu_fjord5_s69p5_d10_probe_oldcontract_densecap/vins_ntnu_external.yaml;logs/ntnu_vins/external_klt_every2_jul05_probe_shift_ntnu_fjord5_s69p5_d10_klt_safe_fallback/arbitration_summary.txt;logs/ntnu_vins/external_klt_every2_jul05_probe_shift_ntnu_fjord5_s69p5_d10_klt_safe_fallback/arbitration_summary.txt:1;logs/ntnu_vins/external_klt_every2_jul05_probe_shift_ntnu_fjord5_s69p5_d10_klt_safe_fallback/arbitration_summary.txt:10;logs/ntnu_vins/external_klt_every2_jul05_probe_shift_ntnu_fjord5_s69p5_d10_klt_safe_fallback/arbitration_summary.txt:11;logs/ntnu_vins/external_klt_every2_jul05_probe_shift_ntnu_fjord5_s69p5_d10_klt_safe_fallback/arbitration_summary.txt:12;logs/ntnu_vins/external_klt_every2_jul05_probe_shift_ntnu_fjord5_s69p5_d10_klt_safe_fallback/arbitration_summary.txt:13;logs/ntnu_vins/external_klt_every2_jul05_probe_shift_ntnu_fjord5_s69p5_d10_klt_safe_fallback/arbitration_summary.txt:14;logs/ntnu_vins/external_klt_every2_jul05_probe_shift_ntnu_fjord5_s69p5_d10_klt_safe_fallback/arbitration_summary.txt:15;...(+60),Prior artifact or parameter/search reference found before P02 freeze; exclude exact window from confirmatory denominator.
ntnu,fjord_5,69p65,79.65,second,1,true,true,false,DEVELOPMENT_ONLY,logs/ntnu_vins/external_hybrid_xfeat_every2_jul05_tmp_seed7_f5_s69p65_drop_source20/replay_manifest.txt:3,Prior artifact or parameter/search reference found before P02 freeze; exclude exact window from confirmatory denominator.
ntnu,fjord_5,69p75,79.75,second,1,true,true,false,DEVELOPMENT_ONLY,logs/ntnu_vins/external_hybrid_xfeat_every2_jul05_mirror_f5_s69p75_drop_source20/replay_manifest.txt:3,Prior artifact or parameter/search reference found before P02 freeze; exclude exact window from confirmatory denominator.
ntnu,fjord_5,69p85,79.85,second,235,true,true,true,DEVELOPMENT_ONLY,logs/ntnu_vins/external_hybrid_xfeat_every2_jul05_localsweep_f5_s69p85_drop_source20/replay_manifest.txt:3;logs/ntnu_vins/external_hybrid_xfeat_every2_jul05_mirror_f5_s69p85_drop_source20/replay_manifest.txt:3;logs/ntnu_vins/external_hybrid_xfeat_every2_jul07_nonoverlap_onlineprobe_ntnu_fjord5_s69p85_d10/features.bag;logs/ntnu_vins/external_hybrid_xfeat_every2_jul07_nonoverlap_onlineprobe_ntnu_fjord5_s69p85_d10/frontend_metrics.csv;logs/ntnu_vins/external_hybrid_xfeat_every2_jul07_nonoverlap_onlineprobe_ntnu_fjord5_s69p85_d10/ntnu_cam0_kannala_brandt.yaml;logs/ntnu_vins/external_hybrid_xfeat_every2_jul07_nonoverlap_onlineprobe_ntnu_fjord5_s69p85_d10/vins_ntnu_external.yaml;logs/ntnu_vins/external_hybrid_xfeat_every2_jul15explore_ntnu_fjord5_s69p85_d10_probe_oldcontract_densecap/features.bag;logs/ntnu_vins/external_hybrid_xfeat_every2_jul15explore_ntnu_fjord5_s69p85_d10_probe_oldcontract_densecap/frontend_metrics.csv;logs/ntnu_vins/external_hybrid_xfeat_every2_jul15explore_ntnu_fjord5_s69p85_d10_probe_oldcontract_densecap/ntnu_cam0_kannala_brandt.yaml;logs/ntnu_vins/external_hybrid_xfeat_every2_jul15explore_ntnu_fjord5_s69p85_d10_probe_oldcontract_densecap/vins_ntnu_external.yaml;logs/ntnu_vins/external_klt_every2_jul15explore_ntnu_fjord5_s69p85_d10_klt_safe_fallback/arbitration_summary.txt;logs/ntnu_vins/external_klt_every2_jul15explore_ntnu_fjord5_s69p85_d10_klt_safe_fallback/arbitration_summary.txt:1;...(+223),Prior artifact or parameter/search reference found before P02 freeze; exclude exact window from confirmatory denominator.
ntnu,fjord_5,70,80,second,572,true,true,true,DEVELOPMENT_ONLY,logs/ntnu_jun18_xfeat_loftr_fullsweep_report.md:59;logs/ntnu_jun18_xfeat_loftr_fullsweep_report.md:60;logs/ntnu_jun21_repair_audit_notes.md:21;logs/ntnu_jun21_repair_audit_notes.md:24;logs/ntnu_jun21_repair_audit_notes.md:26;logs/ntnu_loftr_dropbags/fjord_5_s70_d10_relaxed/drop_highid_stats.csv;logs/ntnu_loftr_dropbags/fjord_5_s70_d10_relaxed/features_drop_highid.bag;logs/ntnu_repaired_bags/fjord5_s70_d10_loftr_q0p10/features_q0p10.bag;logs/ntnu_repaired_bags/fjord5_s70_d10_loftr_q0p10/rewrite_stats.csv;logs/ntnu_vins/external_hybrid_superpoint_lightglue_every2_jun17_relaxed_diag_fjord_5_s70_d10_loftr/features.bag;logs/ntnu_vins/external_hybrid_superpoint_lightglue_every2_jun17_relaxed_diag_fjord_5_s70_d10_loftr/frontend_metrics.csv;logs/ntnu_vins/external_hybrid_superpoint_lightglue_every2_jun17_relaxed_diag_fjord_5_s70_d10_loftr/ntnu_cam0_kannala_brandt.yaml;...(+560),Prior artifact or parameter/search reference found before P02 freeze; exclude exact window from confirmatory denominator.
ntnu,fjord_5,70,85,second,177,true,true,false,DEVELOPMENT_ONLY,logs/ntnu_vins/external_hybrid_xfeat_every2_jul03_earlyseed_fjord_5_s70_d15/ape.txt;logs/ntnu_vins/external_hybrid_xfeat_every2_jul03_earlyseed_fjord_5_s70_d15/ape.txt:1;logs/ntnu_vins/external_hybrid_xfeat_every2_jul03_earlyseed_fjord_5_s70_d15/ape.txt:10;logs/ntnu_vins/external_hybrid_xfeat_every2_jul03_earlyseed_fjord_5_s70_d15/ape.txt:11;logs/ntnu_vins/external_hybrid_xfeat_every2_jul03_earlyseed_fjord_5_s70_d15/ape.txt:12;logs/ntnu_vins/external_hybrid_xfeat_every2_jul03_earlyseed_fjord_5_s70_d15/ape.txt:13;logs/ntnu_vins/external_hybrid_xfeat_every2_jul03_earlyseed_fjord_5_s70_d15/ape.txt:14;logs/ntnu_vins/external_hybrid_xfeat_every2_jul03_earlyseed_fjord_5_s70_d15/ape.txt:15;logs/ntnu_vins/external_hybrid_xfeat_every2_jul03_earlyseed_fjord_5_s70_d15/ape.txt:16;logs/ntnu_vins/external_hybrid_xfeat_every2_jul03_earlyseed_fjord_5_s70_d15/ape.txt:17;logs/ntnu_vins/external_hybrid_xfeat_every2_jul03_earlyseed_fjord_5_s70_d15/ape.txt:18;logs/ntnu_vins/external_hybrid_xfeat_every2_jul03_earlyseed_fjord_5_s70_d15/ape.txt:19;...(+165),Prior artifact or parameter/search reference found before P02 freeze; exclude exact window from confirmatory denominator.
ntnu,fjord_5,70,90,second,8,true,true,true,DEVELOPMENT_ONLY,logs/ntnu_vins/external_hybrid_xfeat_every2_jun27e_lowtex_contrib_ntnu_fjord5_s70_d20_seedchain/features.bag;logs/ntnu_vins/external_hybrid_xfeat_every2_jun27e_lowtex_contrib_ntnu_fjord5_s70_d20_seedchain/frontend_metrics.csv;logs/ntnu_vins/external_hybrid_xfeat_every2_jun27e_lowtex_contrib_ntnu_fjord5_s70_d20_seedchain/ntnu_cam0_kannala_brandt.yaml;logs/ntnu_vins/external_hybrid_xfeat_every2_jun27e_lowtex_contrib_ntnu_fjord5_s70_d20_seedchain/vins_ntnu_external.yaml;logs/ntnu_vins/external_hybrid_xfeat_every2_paperprobe_fjord_5_s70_d20_xfeat/features.bag;logs/ntnu_vins/external_hybrid_xfeat_every2_paperprobe_fjord_5_s70_d20_xfeat/frontend_metrics.csv;logs/ntnu_vins/external_hybrid_xfeat_every2_paperprobe_fjord_5_s70_d20_xfeat/ntnu_cam0_kannala_brandt.yaml;logs/ntnu_vins/external_hybrid_xfeat_every2_paperprobe_fjord_5_s70_d20_xfeat/vins_ntnu_external.yaml,Prior artifact or parameter/search reference found before P02 freeze; exclude exact window from confirmatory denominator.
ntnu,fjord_5,71,81,second,4,true,true,false,DEVELOPMENT_ONLY,logs/ntnu_vins/external_hybrid_xfeat_every2_jul03_earlyseed_scan_fjord_5_s71_d10/features.bag;logs/ntnu_vins/external_hybrid_xfeat_every2_jul03_earlyseed_scan_fjord_5_s71_d10/frontend_metrics.csv;logs/ntnu_vins/external_hybrid_xfeat_every2_jul03_earlyseed_scan_fjord_5_s71_d10/ntnu_cam0_kannala_brandt.yaml;logs/ntnu_vins/external_hybrid_xfeat_every2_jul03_earlyseed_scan_fjord_5_s71_d10/vins_ntnu_external.yaml,Prior artifact or parameter/search reference found before P02 freeze; exclude exact window from confirmatory denominator.
ntnu,fjord_5,72,82,second,227,true,true,true,DEVELOPMENT_ONLY,logs/jul03_ntnu_fjord5_s72_d10_earlyseed_summary.csv;logs/ntnu_vins/external_hybrid_xfeat_every2_jul03_earlyseed_fjord_5_s72_d10_drop20/ape.txt;logs/ntnu_vins/external_hybrid_xfeat_every2_jul03_earlyseed_fjord_5_s72_d10_drop20/ape.txt:1;logs/ntnu_vins/external_hybrid_xfeat_every2_jul03_earlyseed_fjord_5_s72_d10_drop20/ape.txt:10;logs/ntnu_vins/external_hybrid_xfeat_every2_jul03_earlyseed_fjord_5_s72_d10_drop20/ape.txt:11;logs/ntnu_vins/external_hybrid_xfeat_every2_jul03_earlyseed_fjord_5_s72_d10_drop20/ape.txt:12;logs/ntnu_vins/external_hybrid_xfeat_every2_jul03_earlyseed_fjord_5_s72_d10_drop20/ape.txt:13;logs/ntnu_vins/external_hybrid_xfeat_every2_jul03_earlyseed_fjord_5_s72_d10_drop20/ape.txt:14;logs/ntnu_vins/external_hybrid_xfeat_every2_jul03_earlyseed_fjord_5_s72_d10_drop20/ape.txt:15;logs/ntnu_vins/external_hybrid_xfeat_every2_jul03_earlyseed_fjord_5_s72_d10_drop20/ape.txt:16;logs/ntnu_vins/external_hybrid_xfeat_every2_jul03_earlyseed_fjord_5_s72_d10_drop20/ape.txt:17;logs/ntnu_vins/external_hybrid_xfeat_every2_jul03_earlyseed_fjord_5_s72_d10_drop20/ape.txt:18;...(+215),Prior artifact or parameter/search reference found before P02 freeze; exclude exact window from confirmatory denominator.
ntnu,fjord_5,73,83,second,57,true,true,true,DEVELOPMENT_ONLY,logs/ntnu_vins/external_hybrid_xfeat_every2_jul04_more_ntnu_fjord5_s73_d10_probe_oldcontract_densecap/features.bag;logs/ntnu_vins/external_hybrid_xfeat_every2_jul04_more_ntnu_fjord5_s73_d10_probe_oldcontract_densecap/frontend_metrics.csv;logs/ntnu_vins/external_hybrid_xfeat_every2_jul04_more_ntnu_fjord5_s73_d10_probe_oldcontract_densecap/ntnu_cam0_kannala_brandt.yaml;logs/ntnu_vins/external_hybrid_xfeat_every2_jul04_more_ntnu_fjord5_s73_d10_probe_oldcontract_densecap/vins_ntnu_external.yaml;logs/ntnu_vins/external_klt_every2_jul04_more_ntnu_fjord5_s73_d10_klt_safe_fallback/arbitration_summary.txt;logs/ntnu_vins/external_klt_every2_jul04_more_ntnu_fjord5_s73_d10_klt_safe_fallback/arbitration_summary.txt:1;logs/ntnu_vins/external_klt_every2_jul04_more_ntnu_fjord5_s73_d10_klt_safe_fallback/arbitration_summary.txt:10;logs/ntnu_vins/external_klt_every2_jul04_more_ntnu_fjord5_s73_d10_klt_safe_fallback/arbitration_summary.txt:11;logs/ntnu_vins/external_klt_every2_jul04_more_ntnu_fjord5_s73_d10_klt_safe_fallback/arbitration_summary.txt:12;logs/ntnu_vins/external_klt_every2_jul04_more_ntnu_fjord5_s73_d10_klt_safe_fallback/arbitration_summary.txt:13;logs/ntnu_vins/external_klt_every2_jul04_more_ntnu_fjord5_s73_d10_klt_safe_fallback/arbitration_summary.txt:14;logs/ntnu_vins/external_klt_every2_jul04_more_ntnu_fjord5_s73_d10_klt_safe_fallback/arbitration_summary.txt:15;...(+45),Prior artifact or parameter/search reference found before P02 freeze; exclude exact window from confirmatory denominator.
ntnu,fjord_5,74,84,second,130,true,true,true,DEVELOPMENT_ONLY,logs/ntnu_vins/external_hybrid_xfeat_every2_jul04_more_ntnu_fjord5_s74_d10_probe_oldcontract_densecap/features.bag;logs/ntnu_vins/external_hybrid_xfeat_every2_jul04_more_ntnu_fjord5_s74_d10_probe_oldcontract_densecap/frontend_metrics.csv;logs/ntnu_vins/external_hybrid_xfeat_every2_jul04_more_ntnu_fjord5_s74_d10_probe_oldcontract_densecap/ntnu_cam0_kannala_brandt.yaml;logs/ntnu_vins/external_hybrid_xfeat_every2_jul04_more_ntnu_fjord5_s74_d10_probe_oldcontract_densecap/vins_ntnu_external.yaml;logs/ntnu_vins/external_hybrid_xfeat_every2_jul06_gap_fjord_5_s74_d10_probe_oldcontract_densecap/arbitration_summary.txt;logs/ntnu_vins/external_hybrid_xfeat_every2_jul06_gap_fjord_5_s74_d10_probe_oldcontract_densecap/arbitration_summary.txt:1;logs/ntnu_vins/external_hybrid_xfeat_every2_jul06_gap_fjord_5_s74_d10_probe_oldcontract_densecap/arbitration_summary.txt:10;logs/ntnu_vins/external_hybrid_xfeat_every2_jul06_gap_fjord_5_s74_d10_probe_oldcontract_densecap/arbitration_summary.txt:11;logs/ntnu_vins/external_hybrid_xfeat_every2_jul06_gap_fjord_5_s74_d10_probe_oldcontract_densecap/arbitration_summary.txt:12;logs/ntnu_vins/external_hybrid_xfeat_every2_jul06_gap_fjord_5_s74_d10_probe_oldcontract_densecap/arbitration_summary.txt:13;logs/ntnu_vins/external_hybrid_xfeat_every2_jul06_gap_fjord_5_s74_d10_probe_oldcontract_densecap/arbitration_summary.txt:14;logs/ntnu_vins/external_hybrid_xfeat_every2_jul06_gap_fjord_5_s74_d10_probe_oldcontract_densecap/arbitration_summary.txt:15;...(+118),Prior artifact or parameter/search reference found before P02 freeze; exclude exact window from confirmatory denominator.
ntnu,fjord_5,80,90,second,306,true,true,true,DEVELOPMENT_ONLY,logs/jul08_filtered_featurebags/ntnu_fjord5_s80_d10_drop20.bag;logs/jul08_filtered_featurebags/ntnu_fjord5_s80_d10_drop20_stats.csv;logs/ntnu_vins/external_hybrid_xfeat_every2_jul08_gatefix2_probe_ntnu_fjord5_s80_d10/features.bag;logs/ntnu_vins/external_hybrid_xfeat_every2_jul08_gatefix2_probe_ntnu_fjord5_s80_d10/frontend_metrics.csv;logs/ntnu_vins/external_hybrid_xfeat_every2_jul08_gatefix2_probe_ntnu_fjord5_s80_d10/ntnu_cam0_kannala_brandt.yaml;logs/ntnu_vins/external_hybrid_xfeat_every2_jul08_gatefix2_probe_ntnu_fjord5_s80_d10/vins_ntnu_external.yaml;logs/ntnu_vins/external_hybrid_xfeat_every2_jul08_gatefix2_vins_ntnu_fjord5_s80_d10/ape.txt;logs/ntnu_vins/external_hybrid_xfeat_every2_jul08_gatefix2_vins_ntnu_fjord5_s80_d10/ape.txt:1;logs/ntnu_vins/external_hybrid_xfeat_every2_jul08_gatefix2_vins_ntnu_fjord5_s80_d10/ape.txt:10;logs/ntnu_vins/external_hybrid_xfeat_every2_jul08_gatefix2_vins_ntnu_fjord5_s80_d10/ape.txt:11;logs/ntnu_vins/external_hybrid_xfeat_every2_jul08_gatefix2_vins_ntnu_fjord5_s80_d10/ape.txt:12;logs/ntnu_vins/external_hybrid_xfeat_every2_jul08_gatefix2_vins_ntnu_fjord5_s80_d10/ape.txt:13;...(+294),Prior artifact or parameter/search reference found before P02 freeze; exclude exact window from confirmatory denominator.
ntnu,fjord_5,90,100,second,4,true,true,true,DEVELOPMENT_ONLY,logs/ntnu_vins/external_hybrid_xfeat_every2_jul08_nonoverlap_onlineprobe1_ntnu_fjord5_s90_d10/features.bag;logs/ntnu_vins/external_hybrid_xfeat_every2_jul08_nonoverlap_onlineprobe1_ntnu_fjord5_s90_d10/frontend_metrics.csv;logs/ntnu_vins/external_hybrid_xfeat_every2_jul08_nonoverlap_onlineprobe1_ntnu_fjord5_s90_d10/ntnu_cam0_kannala_brandt.yaml;logs/ntnu_vins/external_hybrid_xfeat_every2_jul08_nonoverlap_onlineprobe1_ntnu_fjord5_s90_d10/vins_ntnu_external.yaml,Prior artifact or parameter/search reference found before P02 freeze; exclude exact window from confirmatory denominator.
ntnu,fjord_5,90,120,second,4,true,true,true,DEVELOPMENT_ONLY,logs/ntnu_vins/external_hybrid_xfeat_every2_paperprobe_fjord_5_s90_d30_xfeat/features.bag;logs/ntnu_vins/external_hybrid_xfeat_every2_paperprobe_fjord_5_s90_d30_xfeat/frontend_metrics.csv;logs/ntnu_vins/external_hybrid_xfeat_every2_paperprobe_fjord_5_s90_d30_xfeat/ntnu_cam0_kannala_brandt.yaml;logs/ntnu_vins/external_hybrid_xfeat_every2_paperprobe_fjord_5_s90_d30_xfeat/vins_ntnu_external.yaml,Prior artifact or parameter/search reference found before P02 freeze; exclude exact window from confirmatory denominator.
ntnu,fjord_6,0,10,second,4,true,true,true,DEVELOPMENT_ONLY,logs/ntnu_vins/external_hybrid_xfeat_every2_jul18_causal_more_ntnu_fjord6_s0_d10_probe_oldcontract_densecap/features.bag;logs/ntnu_vins/external_hybrid_xfeat_every2_jul18_causal_more_ntnu_fjord6_s0_d10_probe_oldcontract_densecap/frontend_metrics.csv;logs/ntnu_vins/external_hybrid_xfeat_every2_jul18_causal_more_ntnu_fjord6_s0_d10_probe_oldcontract_densecap/ntnu_cam0_kannala_brandt.yaml;logs/ntnu_vins/external_hybrid_xfeat_every2_jul18_causal_more_ntnu_fjord6_s0_d10_probe_oldcontract_densecap/vins_ntnu_external.yaml,Prior artifact or parameter/search reference found before P02 freeze; exclude exact window from confirmatory denominator.
ntnu,fjord_6,30,40,second,4,true,true,true,DEVELOPMENT_ONLY,logs/ntnu_vins/external_hybrid_xfeat_every2_jul18_causal_more_ntnu_fjord6_s30_d10_probe_oldcontract_densecap/features.bag;logs/ntnu_vins/external_hybrid_xfeat_every2_jul18_causal_more_ntnu_fjord6_s30_d10_probe_oldcontract_densecap/frontend_metrics.csv;logs/ntnu_vins/external_hybrid_xfeat_every2_jul18_causal_more_ntnu_fjord6_s30_d10_probe_oldcontract_densecap/ntnu_cam0_kannala_brandt.yaml;logs/ntnu_vins/external_hybrid_xfeat_every2_jul18_causal_more_ntnu_fjord6_s30_d10_probe_oldcontract_densecap/vins_ntnu_external.yaml,Prior artifact or parameter/search reference found before P02 freeze; exclude exact window from confirmatory denominator.
ntnu,mclab_1,0,10,second,564,true,true,true,DEVELOPMENT_ONLY,logs/jul03_ntnu_mclab1_s0_d10_earlyseed_summary.csv;logs/jul08_filtered_featurebags/ntnu_mclab1_s0_d10_drop20.bag;logs/jul08_filtered_featurebags/ntnu_mclab1_s0_d10_drop20_stats.csv;logs/ntnu_vins/external_hybrid_xfeat_every2_jul02_earlyseed_scan_mclab_1_s0_d10/ape.txt;logs/ntnu_vins/external_hybrid_xfeat_every2_jul02_earlyseed_scan_mclab_1_s0_d10/ape.txt:1;logs/ntnu_vins/external_hybrid_xfeat_every2_jul02_earlyseed_scan_mclab_1_s0_d10/ape.txt:10;logs/ntnu_vins/external_hybrid_xfeat_every2_jul02_earlyseed_scan_mclab_1_s0_d10/ape.txt:11;logs/ntnu_vins/external_hybrid_xfeat_every2_jul02_earlyseed_scan_mclab_1_s0_d10/ape.txt:12;logs/ntnu_vins/external_hybrid_xfeat_every2_jul02_earlyseed_scan_mclab_1_s0_d10/ape.txt:13;logs/ntnu_vins/external_hybrid_xfeat_every2_jul02_earlyseed_scan_mclab_1_s0_d10/ape.txt:14;logs/ntnu_vins/external_hybrid_xfeat_every2_jul02_earlyseed_scan_mclab_1_s0_d10/ape.txt:15;logs/ntnu_vins/external_hybrid_xfeat_every2_jul02_earlyseed_scan_mclab_1_s0_d10/ape.txt:16;...(+552),Prior artifact or parameter/search reference found before P02 freeze; exclude exact window from confirmatory denominator.
ntnu,mclab_1,0,20,second,259,true,true,true,DEVELOPMENT_ONLY,logs/ntnu_vins/external_hybrid_superpoint_lightglue_every2_jun07_v33_ntnu_mclab1_s0_d20_export_loftr/features.bag;logs/ntnu_vins/external_hybrid_superpoint_lightglue_every2_jun07_v33_ntnu_mclab1_s0_d20_export_loftr/frontend_metrics.csv;logs/ntnu_vins/external_hybrid_superpoint_lightglue_every2_jun07_v33_ntnu_mclab1_s0_d20_export_loftr/ntnu_cam0_kannala_brandt.yaml;logs/ntnu_vins/external_hybrid_superpoint_lightglue_every2_jun07_v33_ntnu_mclab1_s0_d20_export_loftr/vins_ntnu_external.yaml;logs/ntnu_vins/external_hybrid_superpoint_lightglue_every5_may20c_ntnu_scan_mclab_1_s0_d20_loftr/features.bag;logs/ntnu_vins/external_hybrid_superpoint_lightglue_every5_may20c_ntnu_scan_mclab_1_s0_d20_loftr/frontend_metrics.csv;logs/ntnu_vins/external_hybrid_superpoint_lightglue_every5_may20c_ntnu_scan_mclab_1_s0_d20_loftr/ntnu_cam0_kannala_brandt.yaml;logs/ntnu_vins/external_hybrid_superpoint_lightglue_every5_may20c_ntnu_scan_mclab_1_s0_d20_loftr/vins_ntnu_external.yaml;logs/ntnu_vins/external_hybrid_superpoint_lightglue_every5_may20c_ntnu_scan_mclab_1_s0_d20_sp_lg/features.bag;logs/ntnu_vins/external_hybrid_superpoint_lightglue_every5_may20c_ntnu_scan_mclab_1_s0_d20_sp_lg/frontend_metrics.csv;logs/ntnu_vins/external_hybrid_superpoint_lightglue_every5_may20c_ntnu_scan_mclab_1_s0_d20_sp_lg/ntnu_cam0_kannala_brandt.yaml;logs/ntnu_vins/external_hybrid_superpoint_lightglue_every5_may20c_ntnu_scan_mclab_1_s0_d20_sp_lg/vins_ntnu_external.yaml;...(+247),Prior artifact or parameter/search reference found before P02 freeze; exclude exact window from confirmatory denominator.
ntnu,mclab_1,0,30,second,366,true,true,true,DEVELOPMENT_ONLY,logs/may20c_all_run_dirs.txt:805;logs/may20c_all_run_dirs.txt:812;logs/may20c_all_run_dirs.txt:845;logs/may20c_all_run_dirs.txt:860;logs/may20c_all_run_dirs.txt:866;logs/may20c_all_run_dirs.txt:893;logs/may20c_all_run_dirs.txt:894;logs/may24_all_complete_runs.txt:709;logs/may24_all_complete_runs.txt:714;logs/may24_all_complete_runs.txt:772;logs/may24_all_complete_runs.txt:777;logs/ntnu_vins/diag_wrapper_fixed_mclab1_s0_d30_klt/ape.txt;...(+354),Prior artifact or parameter/search reference found before P02 freeze; exclude exact window from confirmatory denominator.
ntnu,mclab_1,10,20,second,415,true,true,true,DEVELOPMENT_ONLY,logs/jul08_filtered_featurebags/ntnu_mclab1_s10_d10_drop20.bag;logs/jul08_filtered_featurebags/ntnu_mclab1_s10_d10_drop20_stats.csv;logs/ntnu_vins/external_hybrid_xfeat_every2_jul02_earlyseed_scan_mclab_1_s10_d10/ape.txt;logs/ntnu_vins/external_hybrid_xfeat_every2_jul02_earlyseed_scan_mclab_1_s10_d10/ape.txt:1;logs/ntnu_vins/external_hybrid_xfeat_every2_jul02_earlyseed_scan_mclab_1_s10_d10/ape.txt:10;logs/ntnu_vins/external_hybrid_xfeat_every2_jul02_earlyseed_scan_mclab_1_s10_d10/ape.txt:11;logs/ntnu_vins/external_hybrid_xfeat_every2_jul02_earlyseed_scan_mclab_1_s10_d10/ape.txt:12;logs/ntnu_vins/external_hybrid_xfeat_every2_jul02_earlyseed_scan_mclab_1_s10_d10/ape.txt:13;logs/ntnu_vins/external_hybrid_xfeat_every2_jul02_earlyseed_scan_mclab_1_s10_d10/ape.txt:14;logs/ntnu_vins/external_hybrid_xfeat_every2_jul02_earlyseed_scan_mclab_1_s10_d10/ape.txt:15;logs/ntnu_vins/external_hybrid_xfeat_every2_jul02_earlyseed_scan_mclab_1_s10_d10/ape.txt:16;logs/ntnu_vins/external_hybrid_xfeat_every2_jul02_earlyseed_scan_mclab_1_s10_d10/ape.txt:17;...(+403),Prior artifact or parameter/search reference found before P02 freeze; exclude exact window from confirmatory denominator.
ntnu,mclab_1,100,110,second,95,true,true,true,DEVELOPMENT_ONLY,logs/ntnu_vins/external_hybrid_xfeat_every2_jul08_nonoverlap_onlineprobe1_ntnu_mclab1_s100_d10/features.bag;logs/ntnu_vins/external_hybrid_xfeat_every2_jul08_nonoverlap_onlineprobe1_ntnu_mclab1_s100_d10/frontend_metrics.csv;logs/ntnu_vins/external_hybrid_xfeat_every2_jul08_nonoverlap_onlineprobe1_ntnu_mclab1_s100_d10/ntnu_cam0_kannala_brandt.yaml;logs/ntnu_vins/external_hybrid_xfeat_every2_jul08_nonoverlap_onlineprobe1_ntnu_mclab1_s100_d10/vins_ntnu_external.yaml;logs/ntnu_vins/external_hybrid_xfeat_every2_jul10_scan_ntnu_mclab1_s100_d10_probe_oldcontract_densecap/features.bag;logs/ntnu_vins/external_hybrid_xfeat_every2_jul10_scan_ntnu_mclab1_s100_d10_probe_oldcontract_densecap/frontend_metrics.csv;logs/ntnu_vins/external_hybrid_xfeat_every2_jul10_scan_ntnu_mclab1_s100_d10_probe_oldcontract_densecap/ntnu_cam0_kannala_brandt.yaml;logs/ntnu_vins/external_hybrid_xfeat_every2_jul10_scan_ntnu_mclab1_s100_d10_probe_oldcontract_densecap/vins_ntnu_external.yaml;logs/ntnu_vins/external_klt_every2_jul10_scan_ntnu_mclab1_s100_d10_klt_safe_fallback/arbitration_summary.txt;logs/ntnu_vins/external_klt_every2_jul10_scan_ntnu_mclab1_s100_d10_klt_safe_fallback/arbitration_summary.txt:1;logs/ntnu_vins/external_klt_every2_jul10_scan_ntnu_mclab1_s100_d10_klt_safe_fallback/arbitration_summary.txt:10;logs/ntnu_vins/external_klt_every2_jul10_scan_ntnu_mclab1_s100_d10_klt_safe_fallback/arbitration_summary.txt:11;...(+83),Prior artifact or parameter/search reference found before P02 freeze; exclude exact window from confirmatory denominator.
ntnu,mclab_1,110,120,second,4,true,true,true,DEVELOPMENT_ONLY,logs/ntnu_vins/external_hybrid_xfeat_every2_jul08_nonoverlap_onlineprobe1_ntnu_mclab1_s110_d10/features.bag;logs/ntnu_vins/external_hybrid_xfeat_every2_jul08_nonoverlap_onlineprobe1_ntnu_mclab1_s110_d10/frontend_metrics.csv;logs/ntnu_vins/external_hybrid_xfeat_every2_jul08_nonoverlap_onlineprobe1_ntnu_mclab1_s110_d10/ntnu_cam0_kannala_brandt.yaml;logs/ntnu_vins/external_hybrid_xfeat_every2_jul08_nonoverlap_onlineprobe1_ntnu_mclab1_s110_d10/vins_ntnu_external.yaml,Prior artifact or parameter/search reference found before P02 freeze; exclude exact window from confirmatory denominator.
ntnu,mclab_1,120,130,second,95,true,true,true,DEVELOPMENT_ONLY,logs/ntnu_vins/external_hybrid_xfeat_every2_jul08_nonoverlap_onlineprobe1_ntnu_mclab1_s120_d10/features.bag;logs/ntnu_vins/external_hybrid_xfeat_every2_jul08_nonoverlap_onlineprobe1_ntnu_mclab1_s120_d10/frontend_metrics.csv;logs/ntnu_vins/external_hybrid_xfeat_every2_jul08_nonoverlap_onlineprobe1_ntnu_mclab1_s120_d10/ntnu_cam0_kannala_brandt.yaml;logs/ntnu_vins/external_hybrid_xfeat_every2_jul08_nonoverlap_onlineprobe1_ntnu_mclab1_s120_d10/vins_ntnu_external.yaml;logs/ntnu_vins/external_hybrid_xfeat_every2_jul10_scan_ntnu_mclab1_s120_d10_probe_oldcontract_densecap/features.bag;logs/ntnu_vins/external_hybrid_xfeat_every2_jul10_scan_ntnu_mclab1_s120_d10_probe_oldcontract_densecap/frontend_metrics.csv;logs/ntnu_vins/external_hybrid_xfeat_every2_jul10_scan_ntnu_mclab1_s120_d10_probe_oldcontract_densecap/ntnu_cam0_kannala_brandt.yaml;logs/ntnu_vins/external_hybrid_xfeat_every2_jul10_scan_ntnu_mclab1_s120_d10_probe_oldcontract_densecap/vins_ntnu_external.yaml;logs/ntnu_vins/external_klt_every2_jul10_scan_ntnu_mclab1_s120_d10_klt_safe_fallback/arbitration_summary.txt;logs/ntnu_vins/external_klt_every2_jul10_scan_ntnu_mclab1_s120_d10_klt_safe_fallback/arbitration_summary.txt:1;logs/ntnu_vins/external_klt_every2_jul10_scan_ntnu_mclab1_s120_d10_klt_safe_fallback/arbitration_summary.txt:10;logs/ntnu_vins/external_klt_every2_jul10_scan_ntnu_mclab1_s120_d10_klt_safe_fallback/arbitration_summary.txt:11;...(+83),Prior artifact or parameter/search reference found before P02 freeze; exclude exact window from confirmatory denominator.
ntnu,mclab_1,120,140,second,16,true,true,true,DEVELOPMENT_ONLY,logs/ntnu_vins/external_hybrid_superpoint_lightglue_every5_may20c_ntnu_scan_mclab_1_s120_d20_loftr/features.bag;logs/ntnu_vins/external_hybrid_superpoint_lightglue_every5_may20c_ntnu_scan_mclab_1_s120_d20_loftr/frontend_metrics.csv;logs/ntnu_vins/external_hybrid_superpoint_lightglue_every5_may20c_ntnu_scan_mclab_1_s120_d20_loftr/ntnu_cam0_kannala_brandt.yaml;logs/ntnu_vins/external_hybrid_superpoint_lightglue_every5_may20c_ntnu_scan_mclab_1_s120_d20_loftr/vins_ntnu_external.yaml;logs/ntnu_vins/external_hybrid_superpoint_lightglue_every5_may20c_ntnu_scan_mclab_1_s120_d20_sp_lg/features.bag;logs/ntnu_vins/external_hybrid_superpoint_lightglue_every5_may20c_ntnu_scan_mclab_1_s120_d20_sp_lg/frontend_metrics.csv;logs/ntnu_vins/external_hybrid_superpoint_lightglue_every5_may20c_ntnu_scan_mclab_1_s120_d20_sp_lg/ntnu_cam0_kannala_brandt.yaml;logs/ntnu_vins/external_hybrid_superpoint_lightglue_every5_may20c_ntnu_scan_mclab_1_s120_d20_sp_lg/vins_ntnu_external.yaml;logs/ntnu_vins/external_hybrid_xfeat_every2_paperprobe_mclab_1_s120_d20_xfeat/features.bag;logs/ntnu_vins/external_hybrid_xfeat_every2_paperprobe_mclab_1_s120_d20_xfeat/frontend_metrics.csv;logs/ntnu_vins/external_hybrid_xfeat_every2_paperprobe_mclab_1_s120_d20_xfeat/ntnu_cam0_kannala_brandt.yaml;logs/ntnu_vins/external_hybrid_xfeat_every2_paperprobe_mclab_1_s120_d20_xfeat/vins_ntnu_external.yaml;...(+4),Prior artifact or parameter/search reference found before P02 freeze; exclude exact window from confirmatory denominator.
ntnu,mclab_1,120,150,second,9,true,true,true,DEVELOPMENT_ONLY,logs/may20c_all_run_dirs.txt:895;logs/ntnu_vins/external_hybrid_xfeat_every2_paperprobe_mclab_1_s120_d30_xfeat/features.bag;logs/ntnu_vins/external_hybrid_xfeat_every2_paperprobe_mclab_1_s120_d30_xfeat/frontend_metrics.csv;logs/ntnu_vins/external_hybrid_xfeat_every2_paperprobe_mclab_1_s120_d30_xfeat/ntnu_cam0_kannala_brandt.yaml;logs/ntnu_vins/external_hybrid_xfeat_every2_paperprobe_mclab_1_s120_d30_xfeat/vins_ntnu_external.yaml;logs/subagent_ntnu_tank_uvvid/ntnu_mclab_1_s120_d30_xfeat/features.bag;logs/subagent_ntnu_tank_uvvid/ntnu_mclab_1_s120_d30_xfeat/frontend_metrics.csv;logs/subagent_ntnu_tank_uvvid/ntnu_mclab_1_s120_d30_xfeat/ntnu_cam0_kannala_brandt.yaml;logs/subagent_ntnu_tank_uvvid/ntnu_mclab_1_s120_d30_xfeat/vins_ntnu_external.yaml,Prior artifact or parameter/search reference found before P02 freeze; exclude exact window from confirmatory denominator.
ntnu,mclab_1,130,140,second,95,true,true,true,DEVELOPMENT_ONLY,logs/ntnu_vins/external_hybrid_xfeat_every2_jul08_nonoverlap_onlineprobe1_ntnu_mclab1_s130_d10/features.bag;logs/ntnu_vins/external_hybrid_xfeat_every2_jul08_nonoverlap_onlineprobe1_ntnu_mclab1_s130_d10/frontend_metrics.csv;logs/ntnu_vins/external_hybrid_xfeat_every2_jul08_nonoverlap_onlineprobe1_ntnu_mclab1_s130_d10/ntnu_cam0_kannala_brandt.yaml;logs/ntnu_vins/external_hybrid_xfeat_every2_jul08_nonoverlap_onlineprobe1_ntnu_mclab1_s130_d10/vins_ntnu_external.yaml;logs/ntnu_vins/external_hybrid_xfeat_every2_jul10_scan_ntnu_mclab1_s130_d10_probe_oldcontract_densecap/features.bag;logs/ntnu_vins/external_hybrid_xfeat_every2_jul10_scan_ntnu_mclab1_s130_d10_probe_oldcontract_densecap/frontend_metrics.csv;logs/ntnu_vins/external_hybrid_xfeat_every2_jul10_scan_ntnu_mclab1_s130_d10_probe_oldcontract_densecap/ntnu_cam0_kannala_brandt.yaml;logs/ntnu_vins/external_hybrid_xfeat_every2_jul10_scan_ntnu_mclab1_s130_d10_probe_oldcontract_densecap/vins_ntnu_external.yaml;logs/ntnu_vins/external_klt_every2_jul10_scan_ntnu_mclab1_s130_d10_klt_safe_fallback/arbitration_summary.txt;logs/ntnu_vins/external_klt_every2_jul10_scan_ntnu_mclab1_s130_d10_klt_safe_fallback/arbitration_summary.txt:1;logs/ntnu_vins/external_klt_every2_jul10_scan_ntnu_mclab1_s130_d10_klt_safe_fallback/arbitration_summary.txt:10;logs/ntnu_vins/external_klt_every2_jul10_scan_ntnu_mclab1_s130_d10_klt_safe_fallback/arbitration_summary.txt:11;...(+83),Prior artifact or parameter/search reference found before P02 freeze; exclude exact window from confirmatory denominator.
ntnu,mclab_1,140,150,second,178,true,true,true,DEVELOPMENT_ONLY,logs/jul08_filtered_featurebags/ntnu_mclab1_s140_d10_drop20.bag;logs/jul08_filtered_featurebags/ntnu_mclab1_s140_d10_drop20_stats.csv;logs/ntnu_vins/external_hybrid_xfeat_every2_jul08_nonoverlap_onlineprobe1_ntnu_mclab1_s140_d10/ape.txt;logs/ntnu_vins/external_hybrid_xfeat_every2_jul08_nonoverlap_onlineprobe1_ntnu_mclab1_s140_d10/ape.txt:1;logs/ntnu_vins/external_hybrid_xfeat_every2_jul08_nonoverlap_onlineprobe1_ntnu_mclab1_s140_d10/ape.txt:10;logs/ntnu_vins/external_hybrid_xfeat_every2_jul08_nonoverlap_onlineprobe1_ntnu_mclab1_s140_d10/ape.txt:11;logs/ntnu_vins/external_hybrid_xfeat_every2_jul08_nonoverlap_onlineprobe1_ntnu_mclab1_s140_d10/ape.txt:12;logs/ntnu_vins/external_hybrid_xfeat_every2_jul08_nonoverlap_onlineprobe1_ntnu_mclab1_s140_d10/ape.txt:13;logs/ntnu_vins/external_hybrid_xfeat_every2_jul08_nonoverlap_onlineprobe1_ntnu_mclab1_s140_d10/ape.txt:14;logs/ntnu_vins/external_hybrid_xfeat_every2_jul08_nonoverlap_onlineprobe1_ntnu_mclab1_s140_d10/ape.txt:15;logs/ntnu_vins/external_hybrid_xfeat_every2_jul08_nonoverlap_onlineprobe1_ntnu_mclab1_s140_d10/ape.txt:16;logs/ntnu_vins/external_hybrid_xfeat_every2_jul08_nonoverlap_onlineprobe1_ntnu_mclab1_s140_d10/ape.txt:17;...(+166),Prior artifact or parameter/search reference found before P02 freeze; exclude exact window from confirmatory denominator.
ntnu,mclab_1,150,160,second,4,true,true,true,DEVELOPMENT_ONLY,logs/ntnu_vins/external_hybrid_xfeat_every2_jul08_probe_more3_ntnu_mclab_1_s150_d10/features.bag;logs/ntnu_vins/external_hybrid_xfeat_every2_jul08_probe_more3_ntnu_mclab_1_s150_d10/frontend_metrics.csv;logs/ntnu_vins/external_hybrid_xfeat_every2_jul08_probe_more3_ntnu_mclab_1_s150_d10/ntnu_cam0_kannala_brandt.yaml;logs/ntnu_vins/external_hybrid_xfeat_every2_jul08_probe_more3_ntnu_mclab_1_s150_d10/vins_ntnu_external.yaml,Prior artifact or parameter/search reference found before P02 freeze; exclude exact window from confirmatory denominator.
ntnu,mclab_1,150,180,second,4,true,true,true,DEVELOPMENT_ONLY,logs/ntnu_vins/external_hybrid_xfeat_every2_paperprobe_mclab_1_s150_d30_xfeat/features.bag;logs/ntnu_vins/external_hybrid_xfeat_every2_paperprobe_mclab_1_s150_d30_xfeat/frontend_metrics.csv;logs/ntnu_vins/external_hybrid_xfeat_every2_paperprobe_mclab_1_s150_d30_xfeat/ntnu_cam0_kannala_brandt.yaml;logs/ntnu_vins/external_hybrid_xfeat_every2_paperprobe_mclab_1_s150_d30_xfeat/vins_ntnu_external.yaml,Prior artifact or parameter/search reference found before P02 freeze; exclude exact window from confirmatory denominator.
ntnu,mclab_1,160,170,second,178,true,true,true,DEVELOPMENT_ONLY,logs/jul08_filtered_featurebags/jul08_probe_more3_ntnu_mclab_1_s160_d10_drop20.bag;logs/jul08_filtered_featurebags/jul08_probe_more3_ntnu_mclab_1_s160_d10_drop20_stats.csv;logs/ntnu_vins/external_hybrid_xfeat_every2_jul08_probe_more3_ntnu_mclab_1_s160_d10/ape.txt;logs/ntnu_vins/external_hybrid_xfeat_every2_jul08_probe_more3_ntnu_mclab_1_s160_d10/ape.txt:1;logs/ntnu_vins/external_hybrid_xfeat_every2_jul08_probe_more3_ntnu_mclab_1_s160_d10/ape.txt:10;logs/ntnu_vins/external_hybrid_xfeat_every2_jul08_probe_more3_ntnu_mclab_1_s160_d10/ape.txt:11;logs/ntnu_vins/external_hybrid_xfeat_every2_jul08_probe_more3_ntnu_mclab_1_s160_d10/ape.txt:12;logs/ntnu_vins/external_hybrid_xfeat_every2_jul08_probe_more3_ntnu_mclab_1_s160_d10/ape.txt:13;logs/ntnu_vins/external_hybrid_xfeat_every2_jul08_probe_more3_ntnu_mclab_1_s160_d10/ape.txt:14;logs/ntnu_vins/external_hybrid_xfeat_every2_jul08_probe_more3_ntnu_mclab_1_s160_d10/ape.txt:15;logs/ntnu_vins/external_hybrid_xfeat_every2_jul08_probe_more3_ntnu_mclab_1_s160_d10/ape.txt:16;logs/ntnu_vins/external_hybrid_xfeat_every2_jul08_probe_more3_ntnu_mclab_1_s160_d10/ape.txt:17;...(+166),Prior artifact or parameter/search reference found before P02 freeze; exclude exact window from confirmatory denominator.
ntnu,mclab_1,170,180,second,180,true,true,true,DEVELOPMENT_ONLY,logs/jul09_ntnu_mclab1_s170_d10_drop20_stats.csv;logs/ntnu_vins/external_hybrid_xfeat_every2_jul08_probe_more3_ntnu_mclab_1_s170_d10/features.bag;logs/ntnu_vins/external_hybrid_xfeat_every2_jul08_probe_more3_ntnu_mclab_1_s170_d10/frontend_metrics.csv;logs/ntnu_vins/external_hybrid_xfeat_every2_jul08_probe_more3_ntnu_mclab_1_s170_d10/ntnu_cam0_kannala_brandt.yaml;logs/ntnu_vins/external_hybrid_xfeat_every2_jul08_probe_more3_ntnu_mclab_1_s170_d10/vins_ntnu_external.yaml;logs/ntnu_vins/external_hybrid_xfeat_every2_jul09_more_ntnu_mclab1_s170_d10_drop20/ape.txt;logs/ntnu_vins/external_hybrid_xfeat_every2_jul09_more_ntnu_mclab1_s170_d10_drop20/ape.txt:1;logs/ntnu_vins/external_hybrid_xfeat_every2_jul09_more_ntnu_mclab1_s170_d10_drop20/ape.txt:10;logs/ntnu_vins/external_hybrid_xfeat_every2_jul09_more_ntnu_mclab1_s170_d10_drop20/ape.txt:11;logs/ntnu_vins/external_hybrid_xfeat_every2_jul09_more_ntnu_mclab1_s170_d10_drop20/ape.txt:12;logs/ntnu_vins/external_hybrid_xfeat_every2_jul09_more_ntnu_mclab1_s170_d10_drop20/ape.txt:13;logs/ntnu_vins/external_hybrid_xfeat_every2_jul09_more_ntnu_mclab1_s170_d10_drop20/ape.txt:14;...(+168),Prior artifact or parameter/search reference found before P02 freeze; exclude exact window from confirmatory denominator.
ntnu,mclab_1,180,190,second,14,true,true,true,DEVELOPMENT_ONLY,logs/ntnu_vins/external_hybrid_xfeat_every2_jul08_probe_more3_ntnu_mclab_1_s180_d10/features.bag;logs/ntnu_vins/external_hybrid_xfeat_every2_jul08_probe_more3_ntnu_mclab_1_s180_d10/frontend_metrics.csv;logs/ntnu_vins/external_hybrid_xfeat_every2_jul08_probe_more3_ntnu_mclab_1_s180_d10/ntnu_cam0_kannala_brandt.yaml;logs/ntnu_vins/external_hybrid_xfeat_every2_jul08_probe_more3_ntnu_mclab_1_s180_d10/vins_ntnu_external.yaml;logs/ntnu_vins/external_hybrid_xfeat_every2_jul16screen16_ntnu_mclab1_s180_d10_probe/features.bag;logs/ntnu_vins/external_hybrid_xfeat_every2_jul16screen16_ntnu_mclab1_s180_d10_probe/frontend_metrics.csv;logs/ntnu_vins/external_hybrid_xfeat_every2_jul16screen16_ntnu_mclab1_s180_d10_probe/ntnu_cam0_kannala_brandt.yaml;logs/ntnu_vins/external_hybrid_xfeat_every2_jul16screen16_ntnu_mclab1_s180_d10_probe/vins_ntnu_external.yaml;papers/causal_crossdataset_search_20260718/probe_lineage_rescan.csv:420;papers/causal_crossdataset_search_20260718/probe_metrics_candidates.csv:118;papers/causal_crossdataset_search_20260718/probe_metrics_candidates.csv:327;papers/frozen_frontend_exploration_20260715/run_evidence_jul15_late_and_jul16.csv:111;...(+2),Prior artifact or parameter/search reference found before P02 freeze; exclude exact window from confirmatory denominator.
ntnu,mclab_1,180,210,second,4,true,true,true,DEVELOPMENT_ONLY,logs/ntnu_vins/external_hybrid_xfeat_every2_paperprobe_mclab_1_s180_d30_xfeat/features.bag;logs/ntnu_vins/external_hybrid_xfeat_every2_paperprobe_mclab_1_s180_d30_xfeat/frontend_metrics.csv;logs/ntnu_vins/external_hybrid_xfeat_every2_paperprobe_mclab_1_s180_d30_xfeat/ntnu_cam0_kannala_brandt.yaml;logs/ntnu_vins/external_hybrid_xfeat_every2_paperprobe_mclab_1_s180_d30_xfeat/vins_ntnu_external.yaml,Prior artifact or parameter/search reference found before P02 freeze; exclude exact window from confirmatory denominator.
ntnu,mclab_1,20,30,second,4,true,true,true,DEVELOPMENT_ONLY,logs/ntnu_vins/external_hybrid_xfeat_every2_jul07_nonoverlap_onlineprobe2_ntnu_mclab1_s20_d10/features.bag;logs/ntnu_vins/external_hybrid_xfeat_every2_jul07_nonoverlap_onlineprobe2_ntnu_mclab1_s20_d10/frontend_metrics.csv;logs/ntnu_vins/external_hybrid_xfeat_every2_jul07_nonoverlap_onlineprobe2_ntnu_mclab1_s20_d10/ntnu_cam0_kannala_brandt.yaml;logs/ntnu_vins/external_hybrid_xfeat_every2_jul07_nonoverlap_onlineprobe2_ntnu_mclab1_s20_d10/vins_ntnu_external.yaml,Prior artifact or parameter/search reference found before P02 freeze; exclude exact window from confirmatory denominator.
ntnu,mclab_1,20,40,second,4,false,true,false,DEVELOPMENT_ONLY,logs/ntnu_vins/external_klt_every2_jun07_klt_scan_mclab_1_s20_d20/features.bag;logs/ntnu_vins/external_klt_every2_jun07_klt_scan_mclab_1_s20_d20/frontend_metrics.csv;logs/ntnu_vins/external_klt_every2_jun07_klt_scan_mclab_1_s20_d20/ntnu_cam0_kannala_brandt.yaml;logs/ntnu_vins/external_klt_every2_jun07_klt_scan_mclab_1_s20_d20/vins_ntnu_external.yaml,Prior artifact or parameter/search reference found before P02 freeze; exclude exact window from confirmatory denominator.
ntnu,mclab_1,210,240,second,4,true,true,true,DEVELOPMENT_ONLY,logs/ntnu_vins/external_hybrid_xfeat_every2_paperprobe_mclab_1_s210_d30_xfeat/features.bag;logs/ntnu_vins/external_hybrid_xfeat_every2_paperprobe_mclab_1_s210_d30_xfeat/frontend_metrics.csv;logs/ntnu_vins/external_hybrid_xfeat_every2_paperprobe_mclab_1_s210_d30_xfeat/ntnu_cam0_kannala_brandt.yaml;logs/ntnu_vins/external_hybrid_xfeat_every2_paperprobe_mclab_1_s210_d30_xfeat/vins_ntnu_external.yaml,Prior artifact or parameter/search reference found before P02 freeze; exclude exact window from confirmatory denominator.
ntnu,mclab_1,240,270,second,4,true,true,true,DEVELOPMENT_ONLY,logs/ntnu_vins/external_hybrid_xfeat_every2_paperprobe_mclab_1_s240_d30_xfeat/features.bag;logs/ntnu_vins/external_hybrid_xfeat_every2_paperprobe_mclab_1_s240_d30_xfeat/frontend_metrics.csv;logs/ntnu_vins/external_hybrid_xfeat_every2_paperprobe_mclab_1_s240_d30_xfeat/ntnu_cam0_kannala_brandt.yaml;logs/ntnu_vins/external_hybrid_xfeat_every2_paperprobe_mclab_1_s240_d30_xfeat/vins_ntnu_external.yaml,Prior artifact or parameter/search reference found before P02 freeze; exclude exact window from confirmatory denominator.
ntnu,mclab_1,270,300,second,5,true,true,true,DEVELOPMENT_ONLY,logs/ntnu_vins/external_hybrid_xfeat_every2_paperprobe_mclab_1_s270_d30_xfeat/features.bag;logs/ntnu_vins/external_hybrid_xfeat_every2_paperprobe_mclab_1_s270_d30_xfeat/frontend_metrics.csv;logs/ntnu_vins/external_hybrid_xfeat_every2_paperprobe_mclab_1_s270_d30_xfeat/ntnu_cam0_kannala_brandt.yaml;logs/ntnu_vins/external_hybrid_xfeat_every2_paperprobe_mclab_1_s270_d30_xfeat/vins_ntnu_external.yaml;papers/causal_crossdataset_search_20260718/probe_metrics_candidates.csv:355,Prior artifact or parameter/search reference found before P02 freeze; exclude exact window from confirmatory denominator.
ntnu,mclab_1,30,40,second,178,true,true,true,DEVELOPMENT_ONLY,logs/jul07_filtered_featurebags/ntnu_mclab1_s30_d10_drop20.bag;logs/jul07_filtered_featurebags/ntnu_mclab1_s30_d10_drop20_stats.csv;logs/ntnu_vins/external_hybrid_xfeat_every2_jul07_nonoverlap_onlineprobe4_ntnu_mclab1_s30_d10/ape.txt;logs/ntnu_vins/external_hybrid_xfeat_every2_jul07_nonoverlap_onlineprobe4_ntnu_mclab1_s30_d10/ape.txt:1;logs/ntnu_vins/external_hybrid_xfeat_every2_jul07_nonoverlap_onlineprobe4_ntnu_mclab1_s30_d10/ape.txt:10;logs/ntnu_vins/external_hybrid_xfeat_every2_jul07_nonoverlap_onlineprobe4_ntnu_mclab1_s30_d10/ape.txt:11;logs/ntnu_vins/external_hybrid_xfeat_every2_jul07_nonoverlap_onlineprobe4_ntnu_mclab1_s30_d10/ape.txt:12;logs/ntnu_vins/external_hybrid_xfeat_every2_jul07_nonoverlap_onlineprobe4_ntnu_mclab1_s30_d10/ape.txt:13;logs/ntnu_vins/external_hybrid_xfeat_every2_jul07_nonoverlap_onlineprobe4_ntnu_mclab1_s30_d10/ape.txt:14;logs/ntnu_vins/external_hybrid_xfeat_every2_jul07_nonoverlap_onlineprobe4_ntnu_mclab1_s30_d10/ape.txt:15;logs/ntnu_vins/external_hybrid_xfeat_every2_jul07_nonoverlap_onlineprobe4_ntnu_mclab1_s30_d10/ape.txt:16;logs/ntnu_vins/external_hybrid_xfeat_every2_jul07_nonoverlap_onlineprobe4_ntnu_mclab1_s30_d10/ape.txt:17;...(+166),Prior artifact or parameter/search reference found before P02 freeze; exclude exact window from confirmatory denominator.
ntnu,mclab_1,30,60,second,4,true,true,true,DEVELOPMENT_ONLY,logs/ntnu_vins/external_hybrid_xfeat_every2_paperprobe_mclab_1_s30_d30_xfeat/features.bag;logs/ntnu_vins/external_hybrid_xfeat_every2_paperprobe_mclab_1_s30_d30_xfeat/frontend_metrics.csv;logs/ntnu_vins/external_hybrid_xfeat_every2_paperprobe_mclab_1_s30_d30_xfeat/ntnu_cam0_kannala_brandt.yaml;logs/ntnu_vins/external_hybrid_xfeat_every2_paperprobe_mclab_1_s30_d30_xfeat/vins_ntnu_external.yaml,Prior artifact or parameter/search reference found before P02 freeze; exclude exact window from confirmatory denominator.
ntnu,mclab_1,300,330,second,4,true,true,true,DEVELOPMENT_ONLY,logs/ntnu_vins/external_hybrid_xfeat_every2_paperprobe_mclab_1_s300_d30_xfeat/features.bag;logs/ntnu_vins/external_hybrid_xfeat_every2_paperprobe_mclab_1_s300_d30_xfeat/frontend_metrics.csv;logs/ntnu_vins/external_hybrid_xfeat_every2_paperprobe_mclab_1_s300_d30_xfeat/ntnu_cam0_kannala_brandt.yaml;logs/ntnu_vins/external_hybrid_xfeat_every2_paperprobe_mclab_1_s300_d30_xfeat/vins_ntnu_external.yaml,Prior artifact or parameter/search reference found before P02 freeze; exclude exact window from confirmatory denominator.
ntnu,mclab_1,330,360,second,4,true,true,true,DEVELOPMENT_ONLY,logs/ntnu_vins/external_hybrid_xfeat_every2_paperprobe_mclab_1_s330_d30_xfeat/features.bag;logs/ntnu_vins/external_hybrid_xfeat_every2_paperprobe_mclab_1_s330_d30_xfeat/frontend_metrics.csv;logs/ntnu_vins/external_hybrid_xfeat_every2_paperprobe_mclab_1_s330_d30_xfeat/ntnu_cam0_kannala_brandt.yaml;logs/ntnu_vins/external_hybrid_xfeat_every2_paperprobe_mclab_1_s330_d30_xfeat/vins_ntnu_external.yaml,Prior artifact or parameter/search reference found before P02 freeze; exclude exact window from confirmatory denominator.
ntnu,mclab_1,360,390,second,4,true,true,true,DEVELOPMENT_ONLY,logs/ntnu_vins/external_hybrid_xfeat_every2_paperprobe_mclab_1_s360_d30_xfeat/features.bag;logs/ntnu_vins/external_hybrid_xfeat_every2_paperprobe_mclab_1_s360_d30_xfeat/frontend_metrics.csv;logs/ntnu_vins/external_hybrid_xfeat_every2_paperprobe_mclab_1_s360_d30_xfeat/ntnu_cam0_kannala_brandt.yaml;logs/ntnu_vins/external_hybrid_xfeat_every2_paperprobe_mclab_1_s360_d30_xfeat/vins_ntnu_external.yaml,Prior artifact or parameter/search reference found before P02 freeze; exclude exact window from confirmatory denominator.
ntnu,mclab_1,40,50,second,406,true,true,true,DEVELOPMENT_ONLY,logs/jul07_filtered_featurebags/ntnu_mclab1_s40_d10_drop20.bag;logs/jul07_filtered_featurebags/ntnu_mclab1_s40_d10_drop20_stats.csv;logs/ntnu_vins/external_hybrid_xfeat_every2_jul07_nonoverlap_onlineprobe3_ntnu_mclab1_s40_d10/ape.txt;logs/ntnu_vins/external_hybrid_xfeat_every2_jul07_nonoverlap_onlineprobe3_ntnu_mclab1_s40_d10/ape.txt:1;logs/ntnu_vins/external_hybrid_xfeat_every2_jul07_nonoverlap_onlineprobe3_ntnu_mclab1_s40_d10/ape.txt:10;logs/ntnu_vins/external_hybrid_xfeat_every2_jul07_nonoverlap_onlineprobe3_ntnu_mclab1_s40_d10/ape.txt:11;logs/ntnu_vins/external_hybrid_xfeat_every2_jul07_nonoverlap_onlineprobe3_ntnu_mclab1_s40_d10/ape.txt:12;logs/ntnu_vins/external_hybrid_xfeat_every2_jul07_nonoverlap_onlineprobe3_ntnu_mclab1_s40_d10/ape.txt:13;logs/ntnu_vins/external_hybrid_xfeat_every2_jul07_nonoverlap_onlineprobe3_ntnu_mclab1_s40_d10/ape.txt:14;logs/ntnu_vins/external_hybrid_xfeat_every2_jul07_nonoverlap_onlineprobe3_ntnu_mclab1_s40_d10/ape.txt:15;logs/ntnu_vins/external_hybrid_xfeat_every2_jul07_nonoverlap_onlineprobe3_ntnu_mclab1_s40_d10/ape.txt:16;logs/ntnu_vins/external_hybrid_xfeat_every2_jul07_nonoverlap_onlineprobe3_ntnu_mclab1_s40_d10/ape.txt:17;...(+394),Prior artifact or parameter/search reference found before P02 freeze; exclude exact window from confirmatory denominator.
ntnu,mclab_1,40,60,second,4,false,true,false,DEVELOPMENT_ONLY,logs/ntnu_vins/external_klt_every2_jun07_klt_scan_mclab_1_s40_d20/features.bag;logs/ntnu_vins/external_klt_every2_jun07_klt_scan_mclab_1_s40_d20/frontend_metrics.csv;logs/ntnu_vins/external_klt_every2_jun07_klt_scan_mclab_1_s40_d20/ntnu_cam0_kannala_brandt.yaml;logs/ntnu_vins/external_klt_every2_jun07_klt_scan_mclab_1_s40_d20/vins_ntnu_external.yaml,Prior artifact or parameter/search reference found before P02 freeze; exclude exact window from confirmatory denominator.
ntnu,mclab_1,50,60,second,179,true,true,true,DEVELOPMENT_ONLY,logs/jul07_filtered_featurebags/ntnu_mclab1_s50_d10_drop20.bag;logs/jul07_filtered_featurebags/ntnu_mclab1_s50_d10_drop20_stats.csv;logs/ntnu_vins/external_hybrid_xfeat_every2_jul07_nonoverlap_onlineprobe3_ntnu_mclab1_s50_d10/ape.txt;logs/ntnu_vins/external_hybrid_xfeat_every2_jul07_nonoverlap_onlineprobe3_ntnu_mclab1_s50_d10/ape.txt:1;logs/ntnu_vins/external_hybrid_xfeat_every2_jul07_nonoverlap_onlineprobe3_ntnu_mclab1_s50_d10/ape.txt:10;logs/ntnu_vins/external_hybrid_xfeat_every2_jul07_nonoverlap_onlineprobe3_ntnu_mclab1_s50_d10/ape.txt:11;logs/ntnu_vins/external_hybrid_xfeat_every2_jul07_nonoverlap_onlineprobe3_ntnu_mclab1_s50_d10/ape.txt:12;logs/ntnu_vins/external_hybrid_xfeat_every2_jul07_nonoverlap_onlineprobe3_ntnu_mclab1_s50_d10/ape.txt:13;logs/ntnu_vins/external_hybrid_xfeat_every2_jul07_nonoverlap_onlineprobe3_ntnu_mclab1_s50_d10/ape.txt:14;logs/ntnu_vins/external_hybrid_xfeat_every2_jul07_nonoverlap_onlineprobe3_ntnu_mclab1_s50_d10/ape.txt:15;logs/ntnu_vins/external_hybrid_xfeat_every2_jul07_nonoverlap_onlineprobe3_ntnu_mclab1_s50_d10/ape.txt:16;logs/ntnu_vins/external_hybrid_xfeat_every2_jul07_nonoverlap_onlineprobe3_ntnu_mclab1_s50_d10/ape.txt:17;...(+167),Prior artifact or parameter/search reference found before P02 freeze; exclude exact window from confirmatory denominator.
ntnu,mclab_1,55,65,second,5,true,true,true,DEVELOPMENT_ONLY,logs/ntnu_vins/external_hybrid_xfeat_every2_jul07_nonoverlap_onlineprobe3_ntnu_mclab1_s55_d10/features.bag;logs/ntnu_vins/external_hybrid_xfeat_every2_jul07_nonoverlap_onlineprobe3_ntnu_mclab1_s55_d10/frontend_metrics.csv;logs/ntnu_vins/external_hybrid_xfeat_every2_jul07_nonoverlap_onlineprobe3_ntnu_mclab1_s55_d10/ntnu_cam0_kannala_brandt.yaml;logs/ntnu_vins/external_hybrid_xfeat_every2_jul07_nonoverlap_onlineprobe3_ntnu_mclab1_s55_d10/vins_ntnu_external.yaml;papers/causal_crossdataset_search_20260718/probe_metrics_candidates.csv:265,Prior artifact or parameter/search reference found before P02 freeze; exclude exact window from confirmatory denominator.
ntnu,mclab_1,60,70,second,180,true,true,true,DEVELOPMENT_ONLY,logs/jul07_filtered_featurebags/ntnu_mclab1_s60_d10_drop20.bag;logs/jul07_filtered_featurebags/ntnu_mclab1_s60_d10_drop20_stats.csv;logs/ntnu_vins/external_hybrid_xfeat_every2_jul07_nonoverlap_onlineprobe2_ntnu_mclab1_s60_d10/ape.txt;logs/ntnu_vins/external_hybrid_xfeat_every2_jul07_nonoverlap_onlineprobe2_ntnu_mclab1_s60_d10/ape.txt:1;logs/ntnu_vins/external_hybrid_xfeat_every2_jul07_nonoverlap_onlineprobe2_ntnu_mclab1_s60_d10/ape.txt:10;logs/ntnu_vins/external_hybrid_xfeat_every2_jul07_nonoverlap_onlineprobe2_ntnu_mclab1_s60_d10/ape.txt:11;logs/ntnu_vins/external_hybrid_xfeat_every2_jul07_nonoverlap_onlineprobe2_ntnu_mclab1_s60_d10/ape.txt:12;logs/ntnu_vins/external_hybrid_xfeat_every2_jul07_nonoverlap_onlineprobe2_ntnu_mclab1_s60_d10/ape.txt:13;logs/ntnu_vins/external_hybrid_xfeat_every2_jul07_nonoverlap_onlineprobe2_ntnu_mclab1_s60_d10/ape.txt:14;logs/ntnu_vins/external_hybrid_xfeat_every2_jul07_nonoverlap_onlineprobe2_ntnu_mclab1_s60_d10/ape.txt:15;logs/ntnu_vins/external_hybrid_xfeat_every2_jul07_nonoverlap_onlineprobe2_ntnu_mclab1_s60_d10/ape.txt:16;logs/ntnu_vins/external_hybrid_xfeat_every2_jul07_nonoverlap_onlineprobe2_ntnu_mclab1_s60_d10/ape.txt:17;...(+168),Prior artifact or parameter/search reference found before P02 freeze; exclude exact window from confirmatory denominator.
ntnu,mclab_1,60,75,second,1623,true,true,true,DEVELOPMENT_ONLY,logs/jul09_mclab1_s60_d15_drop20_stats.csv;logs/ntnu_vins/external_hybrid_xfeat_every2_existing_jul10_maturelineage_mclab1_s60_d15_oldcontract_microburst/ape.txt;logs/ntnu_vins/external_hybrid_xfeat_every2_existing_jul10_maturelineage_mclab1_s60_d15_oldcontract_microburst/ape.txt:1;logs/ntnu_vins/external_hybrid_xfeat_every2_existing_jul10_maturelineage_mclab1_s60_d15_oldcontract_microburst/ape.txt:10;logs/ntnu_vins/external_hybrid_xfeat_every2_existing_jul10_maturelineage_mclab1_s60_d15_oldcontract_microburst/ape.txt:11;logs/ntnu_vins/external_hybrid_xfeat_every2_existing_jul10_maturelineage_mclab1_s60_d15_oldcontract_microburst/ape.txt:12;logs/ntnu_vins/external_hybrid_xfeat_every2_existing_jul10_maturelineage_mclab1_s60_d15_oldcontract_microburst/ape.txt:13;logs/ntnu_vins/external_hybrid_xfeat_every2_existing_jul10_maturelineage_mclab1_s60_d15_oldcontract_microburst/ape.txt:14;logs/ntnu_vins/external_hybrid_xfeat_every2_existing_jul10_maturelineage_mclab1_s60_d15_oldcontract_microburst/ape.txt:15;logs/ntnu_vins/external_hybrid_xfeat_every2_existing_jul10_maturelineage_mclab1_s60_d15_oldcontract_microburst/ape.txt:16;logs/ntnu_vins/external_hybrid_xfeat_every2_existing_jul10_maturelineage_mclab1_s60_d15_oldcontract_microburst/ape.txt:17;logs/ntnu_vins/external_hybrid_xfeat_every2_existing_jul10_maturelineage_mclab1_s60_d15_oldcontract_microburst/ape.txt:18;...(+1611),Prior artifact or parameter/search reference found before P02 freeze; exclude exact window from confirmatory denominator.
ntnu,mclab_1,60,80,second,333,true,true,true,DEVELOPMENT_ONLY,logs/jul09_mclab1_s60_d20_drop20_stats.csv;logs/ntnu_vins/external_hybrid_xfeat_every2_existing_jul10_maturelineage_mclab1_s60_d20_oldcontract_microburst/ape.txt;logs/ntnu_vins/external_hybrid_xfeat_every2_existing_jul10_maturelineage_mclab1_s60_d20_oldcontract_microburst/ape.txt:1;logs/ntnu_vins/external_hybrid_xfeat_every2_existing_jul10_maturelineage_mclab1_s60_d20_oldcontract_microburst/ape.txt:10;logs/ntnu_vins/external_hybrid_xfeat_every2_existing_jul10_maturelineage_mclab1_s60_d20_oldcontract_microburst/ape.txt:11;logs/ntnu_vins/external_hybrid_xfeat_every2_existing_jul10_maturelineage_mclab1_s60_d20_oldcontract_microburst/ape.txt:12;logs/ntnu_vins/external_hybrid_xfeat_every2_existing_jul10_maturelineage_mclab1_s60_d20_oldcontract_microburst/ape.txt:13;logs/ntnu_vins/external_hybrid_xfeat_every2_existing_jul10_maturelineage_mclab1_s60_d20_oldcontract_microburst/ape.txt:14;logs/ntnu_vins/external_hybrid_xfeat_every2_existing_jul10_maturelineage_mclab1_s60_d20_oldcontract_microburst/ape.txt:15;logs/ntnu_vins/external_hybrid_xfeat_every2_existing_jul10_maturelineage_mclab1_s60_d20_oldcontract_microburst/ape.txt:16;logs/ntnu_vins/external_hybrid_xfeat_every2_existing_jul10_maturelineage_mclab1_s60_d20_oldcontract_microburst/ape.txt:17;logs/ntnu_vins/external_hybrid_xfeat_every2_existing_jul10_maturelineage_mclab1_s60_d20_oldcontract_microburst/ape.txt:18;...(+321),Prior artifact or parameter/search reference found before P02 freeze; exclude exact window from confirmatory denominator.
ntnu,mclab_1,60,90,second,200,true,true,true,DEVELOPMENT_ONLY,logs/agent_crossdataset_reproducible_pairs.md:49;logs/low_texture_window_search_20260522_continued/may23_candidate_pair_inventory.md:111;logs/low_texture_window_search_20260522_continued/may23_candidate_pair_inventory.md:112;logs/low_texture_window_search_20260522_continued/may23_candidate_pair_inventory.md:113;logs/low_texture_window_search_20260522_continued/may23_candidate_pair_inventory.md:114;logs/low_texture_window_search_20260522_continued/may23_candidate_pair_inventory.md:115;logs/low_texture_window_search_20260522_continued/may23_candidate_pair_inventory.md:116;logs/may20_current_sidecar_replay_summary.md:13;logs/may20_current_sidecar_replay_summary.md:14;logs/may20_current_sidecar_replay_summary.md:32;logs/may20_current_sidecar_replay_summary.md:33;logs/may20_current_sidecar_replay_summary.md:34;...(+188),Prior artifact or parameter/search reference found before P02 freeze; exclude exact window from confirmatory denominator.
ntnu,mclab_1,65,75,second,5,true,true,true,DEVELOPMENT_ONLY,logs/ntnu_vins/external_hybrid_xfeat_every2_jul07_nonoverlap_onlineprobe3_ntnu_mclab1_s65_d10/features.bag;logs/ntnu_vins/external_hybrid_xfeat_every2_jul07_nonoverlap_onlineprobe3_ntnu_mclab1_s65_d10/frontend_metrics.csv;logs/ntnu_vins/external_hybrid_xfeat_every2_jul07_nonoverlap_onlineprobe3_ntnu_mclab1_s65_d10/ntnu_cam0_kannala_brandt.yaml;logs/ntnu_vins/external_hybrid_xfeat_every2_jul07_nonoverlap_onlineprobe3_ntnu_mclab1_s65_d10/vins_ntnu_external.yaml;papers/causal_crossdataset_search_20260718/probe_metrics_candidates.csv:111,Prior artifact or parameter/search reference found before P02 freeze; exclude exact window from confirmatory denominator.
ntnu,mclab_1,70,80,second,178,true,true,true,DEVELOPMENT_ONLY,logs/jul07_filtered_featurebags/ntnu_mclab1_s70_d10_drop20.bag;logs/jul07_filtered_featurebags/ntnu_mclab1_s70_d10_drop20_stats.csv;logs/ntnu_vins/external_hybrid_xfeat_every2_jul07_nonoverlap_onlineprobe3_ntnu_mclab1_s70_d10/ape.txt;logs/ntnu_vins/external_hybrid_xfeat_every2_jul07_nonoverlap_onlineprobe3_ntnu_mclab1_s70_d10/ape.txt:1;logs/ntnu_vins/external_hybrid_xfeat_every2_jul07_nonoverlap_onlineprobe3_ntnu_mclab1_s70_d10/ape.txt:10;logs/ntnu_vins/external_hybrid_xfeat_every2_jul07_nonoverlap_onlineprobe3_ntnu_mclab1_s70_d10/ape.txt:11;logs/ntnu_vins/external_hybrid_xfeat_every2_jul07_nonoverlap_onlineprobe3_ntnu_mclab1_s70_d10/ape.txt:12;logs/ntnu_vins/external_hybrid_xfeat_every2_jul07_nonoverlap_onlineprobe3_ntnu_mclab1_s70_d10/ape.txt:13;logs/ntnu_vins/external_hybrid_xfeat_every2_jul07_nonoverlap_onlineprobe3_ntnu_mclab1_s70_d10/ape.txt:14;logs/ntnu_vins/external_hybrid_xfeat_every2_jul07_nonoverlap_onlineprobe3_ntnu_mclab1_s70_d10/ape.txt:15;logs/ntnu_vins/external_hybrid_xfeat_every2_jul07_nonoverlap_onlineprobe3_ntnu_mclab1_s70_d10/ape.txt:16;logs/ntnu_vins/external_hybrid_xfeat_every2_jul07_nonoverlap_onlineprobe3_ntnu_mclab1_s70_d10/ape.txt:17;...(+166),Prior artifact or parameter/search reference found before P02 freeze; exclude exact window from confirmatory denominator.
ntnu,mclab_1,80,90,second,95,true,true,true,DEVELOPMENT_ONLY,logs/ntnu_vins/external_hybrid_xfeat_every2_jul07_nonoverlap_onlineprobe3_ntnu_mclab1_s80_d10/features.bag;logs/ntnu_vins/external_hybrid_xfeat_every2_jul07_nonoverlap_onlineprobe3_ntnu_mclab1_s80_d10/frontend_metrics.csv;logs/ntnu_vins/external_hybrid_xfeat_every2_jul07_nonoverlap_onlineprobe3_ntnu_mclab1_s80_d10/ntnu_cam0_kannala_brandt.yaml;logs/ntnu_vins/external_hybrid_xfeat_every2_jul07_nonoverlap_onlineprobe3_ntnu_mclab1_s80_d10/vins_ntnu_external.yaml;logs/ntnu_vins/external_hybrid_xfeat_every2_jul10_scan_ntnu_mclab1_s80_d10_probe_oldcontract_densecap/features.bag;logs/ntnu_vins/external_hybrid_xfeat_every2_jul10_scan_ntnu_mclab1_s80_d10_probe_oldcontract_densecap/frontend_metrics.csv;logs/ntnu_vins/external_hybrid_xfeat_every2_jul10_scan_ntnu_mclab1_s80_d10_probe_oldcontract_densecap/ntnu_cam0_kannala_brandt.yaml;logs/ntnu_vins/external_hybrid_xfeat_every2_jul10_scan_ntnu_mclab1_s80_d10_probe_oldcontract_densecap/vins_ntnu_external.yaml;logs/ntnu_vins/external_klt_every2_jul10_scan_ntnu_mclab1_s80_d10_klt_safe_fallback/arbitration_summary.txt;logs/ntnu_vins/external_klt_every2_jul10_scan_ntnu_mclab1_s80_d10_klt_safe_fallback/arbitration_summary.txt:1;logs/ntnu_vins/external_klt_every2_jul10_scan_ntnu_mclab1_s80_d10_klt_safe_fallback/arbitration_summary.txt:10;logs/ntnu_vins/external_klt_every2_jul10_scan_ntnu_mclab1_s80_d10_klt_safe_fallback/arbitration_summary.txt:11;...(+83),Prior artifact or parameter/search reference found before P02 freeze; exclude exact window from confirmatory denominator.
ntnu,mclab_1,90,100,second,262,true,true,true,DEVELOPMENT_ONLY,logs/jul08_filtered_featurebags/ntnu_mclab1_s90_d10_drop20.bag;logs/jul08_filtered_featurebags/ntnu_mclab1_s90_d10_drop20_stats.csv;logs/ntnu_vins/external_hybrid_xfeat_every2_jul08_nonoverlap_onlineprobe1_ntnu_mclab1_s90_d10/ape.txt;logs/ntnu_vins/external_hybrid_xfeat_every2_jul08_nonoverlap_onlineprobe1_ntnu_mclab1_s90_d10/ape.txt:1;logs/ntnu_vins/external_hybrid_xfeat_every2_jul08_nonoverlap_onlineprobe1_ntnu_mclab1_s90_d10/ape.txt:10;logs/ntnu_vins/external_hybrid_xfeat_every2_jul08_nonoverlap_onlineprobe1_ntnu_mclab1_s90_d10/ape.txt:11;logs/ntnu_vins/external_hybrid_xfeat_every2_jul08_nonoverlap_onlineprobe1_ntnu_mclab1_s90_d10/ape.txt:12;logs/ntnu_vins/external_hybrid_xfeat_every2_jul08_nonoverlap_onlineprobe1_ntnu_mclab1_s90_d10/ape.txt:13;logs/ntnu_vins/external_hybrid_xfeat_every2_jul08_nonoverlap_onlineprobe1_ntnu_mclab1_s90_d10/ape.txt:14;logs/ntnu_vins/external_hybrid_xfeat_every2_jul08_nonoverlap_onlineprobe1_ntnu_mclab1_s90_d10/ape.txt:15;logs/ntnu_vins/external_hybrid_xfeat_every2_jul08_nonoverlap_onlineprobe1_ntnu_mclab1_s90_d10/ape.txt:16;logs/ntnu_vins/external_hybrid_xfeat_every2_jul08_nonoverlap_onlineprobe1_ntnu_mclab1_s90_d10/ape.txt:17;...(+250),Prior artifact or parameter/search reference found before P02 freeze; exclude exact window from confirmatory denominator.
ntnu,mclab_1,90,120,second,4,true,true,true,DEVELOPMENT_ONLY,logs/ntnu_vins/external_hybrid_xfeat_every2_paperprobe_mclab_1_s90_d30_xfeat/features.bag;logs/ntnu_vins/external_hybrid_xfeat_every2_paperprobe_mclab_1_s90_d30_xfeat/frontend_metrics.csv;logs/ntnu_vins/external_hybrid_xfeat_every2_paperprobe_mclab_1_s90_d30_xfeat/ntnu_cam0_kannala_brandt.yaml;logs/ntnu_vins/external_hybrid_xfeat_every2_paperprobe_mclab_1_s90_d30_xfeat/vins_ntnu_external.yaml,Prior artifact or parameter/search reference found before P02 freeze; exclude exact window from confirmatory denominator.
ntnu,mclab_2,0,10,second,84,true,true,true,DEVELOPMENT_ONLY,logs/ntnu_vins/external_hybrid_xfeat_every2_jul02_earlyseed_scan_mclab_2_s0_d10/ntnu_cam0_kannala_brandt.yaml;logs/ntnu_vins/external_hybrid_xfeat_every2_jul02_earlyseed_scan_mclab_2_s0_d10/vins_ntnu_external.yaml;logs/ntnu_vins/external_hybrid_xfeat_every2_jul06_gap_mclab_2_s0_d10_probe_oldcontract_densecap/arbitration_summary.txt;logs/ntnu_vins/external_hybrid_xfeat_every2_jul06_gap_mclab_2_s0_d10_probe_oldcontract_densecap/arbitration_summary.txt:1;logs/ntnu_vins/external_hybrid_xfeat_every2_jul06_gap_mclab_2_s0_d10_probe_oldcontract_densecap/arbitration_summary.txt:10;logs/ntnu_vins/external_hybrid_xfeat_every2_jul06_gap_mclab_2_s0_d10_probe_oldcontract_densecap/arbitration_summary.txt:11;logs/ntnu_vins/external_hybrid_xfeat_every2_jul06_gap_mclab_2_s0_d10_probe_oldcontract_densecap/arbitration_summary.txt:12;logs/ntnu_vins/external_hybrid_xfeat_every2_jul06_gap_mclab_2_s0_d10_probe_oldcontract_densecap/arbitration_summary.txt:13;logs/ntnu_vins/external_hybrid_xfeat_every2_jul06_gap_mclab_2_s0_d10_probe_oldcontract_densecap/arbitration_summary.txt:14;logs/ntnu_vins/external_hybrid_xfeat_every2_jul06_gap_mclab_2_s0_d10_probe_oldcontract_densecap/arbitration_summary.txt:15;logs/ntnu_vins/external_hybrid_xfeat_every2_jul06_gap_mclab_2_s0_d10_probe_oldcontract_densecap/arbitration_summary.txt:16;logs/ntnu_vins/external_hybrid_xfeat_every2_jul06_gap_mclab_2_s0_d10_probe_oldcontract_densecap/arbitration_summary.txt:17;...(+72),Prior artifact or parameter/search reference found before P02 freeze; exclude exact window from confirmatory denominator.
ntnu,mclab_2,0,20,second,88,true,true,true,DEVELOPMENT_ONLY,logs/jun05_cross_dataset_export_candidates.md:18;logs/jun05_cross_dataset_export_candidates.md:27;logs/ntnu_vins/diag_wrapper_fixed_mclab2_s0_d20_klt/ape.txt;logs/ntnu_vins/diag_wrapper_fixed_mclab2_s0_d20_klt/frontend_metrics.csv;logs/ntnu_vins/diag_wrapper_fixed_mclab2_s0_d20_klt/ntnu_cam0_kannala_brandt.yaml;logs/ntnu_vins/diag_wrapper_fixed_mclab2_s0_d20_klt/roscore.log;logs/ntnu_vins/diag_wrapper_fixed_mclab2_s0_d20_klt/vins.log;logs/ntnu_vins/diag_wrapper_fixed_mclab2_s0_d20_klt/vins_env_manifest.txt;logs/ntnu_vins/diag_wrapper_fixed_mclab2_s0_d20_klt/vins_env_manifest.txt:1;logs/ntnu_vins/diag_wrapper_fixed_mclab2_s0_d20_klt/vins_env_manifest.txt:10;logs/ntnu_vins/diag_wrapper_fixed_mclab2_s0_d20_klt/vins_env_manifest.txt:11;logs/ntnu_vins/diag_wrapper_fixed_mclab2_s0_d20_klt/vins_env_manifest.txt:12;...(+76),Prior artifact or parameter/search reference found before P02 freeze; exclude exact window from confirmatory denominator.
ntnu,mclab_2,0,30,second,9,true,true,true,DEVELOPMENT_ONLY,logs/may20c_all_run_dirs.txt:806;logs/ntnu_vins/external_hybrid_xfeat_every2_may19_screen_ntnu_mclab2_0_30_xfeat_strictgrid076/features.bag;logs/ntnu_vins/external_hybrid_xfeat_every2_may19_screen_ntnu_mclab2_0_30_xfeat_strictgrid076/frontend_metrics.csv;logs/ntnu_vins/external_hybrid_xfeat_every2_may19_screen_ntnu_mclab2_0_30_xfeat_strictgrid076/ntnu_cam0_kannala_brandt.yaml;logs/ntnu_vins/external_hybrid_xfeat_every2_may19_screen_ntnu_mclab2_0_30_xfeat_strictgrid076/vins_ntnu_external.yaml;logs/ntnu_vins/external_hybrid_xfeat_every2_paperprobe_mclab_2_s0_d30_xfeat/features.bag;logs/ntnu_vins/external_hybrid_xfeat_every2_paperprobe_mclab_2_s0_d30_xfeat/frontend_metrics.csv;logs/ntnu_vins/external_hybrid_xfeat_every2_paperprobe_mclab_2_s0_d30_xfeat/ntnu_cam0_kannala_brandt.yaml;logs/ntnu_vins/external_hybrid_xfeat_every2_paperprobe_mclab_2_s0_d30_xfeat/vins_ntnu_external.yaml,Prior artifact or parameter/search reference found before P02 freeze; exclude exact window from confirmatory denominator.
ntnu,mclab_2,10,20,second,4,true,true,true,DEVELOPMENT_ONLY,logs/ntnu_vins/external_hybrid_xfeat_every2_jul08_nonoverlap_onlineprobe1_ntnu_mclab2_s10_d10/features.bag;logs/ntnu_vins/external_hybrid_xfeat_every2_jul08_nonoverlap_onlineprobe1_ntnu_mclab2_s10_d10/frontend_metrics.csv;logs/ntnu_vins/external_hybrid_xfeat_every2_jul08_nonoverlap_onlineprobe1_ntnu_mclab2_s10_d10/ntnu_cam0_kannala_brandt.yaml;logs/ntnu_vins/external_hybrid_xfeat_every2_jul08_nonoverlap_onlineprobe1_ntnu_mclab2_s10_d10/vins_ntnu_external.yaml,Prior artifact or parameter/search reference found before P02 freeze; exclude exact window from confirmatory denominator.
ntnu,mclab_2,100,110,second,297,true,true,true,DEVELOPMENT_ONLY,logs/jul08_filtered_featurebags/ntnu_mclab2_s100_d10_drop20.bag;logs/jul08_filtered_featurebags/ntnu_mclab2_s100_d10_drop20_stats.csv;logs/ntnu_vins/external_hybrid_xfeat_every2_jul08_nonoverlap_onlineprobe1_ntnu_mclab2_s100_d10/ape.txt;logs/ntnu_vins/external_hybrid_xfeat_every2_jul08_nonoverlap_onlineprobe1_ntnu_mclab2_s100_d10/ape.txt:1;logs/ntnu_vins/external_hybrid_xfeat_every2_jul08_nonoverlap_onlineprobe1_ntnu_mclab2_s100_d10/ape.txt:10;logs/ntnu_vins/external_hybrid_xfeat_every2_jul08_nonoverlap_onlineprobe1_ntnu_mclab2_s100_d10/ape.txt:11;logs/ntnu_vins/external_hybrid_xfeat_every2_jul08_nonoverlap_onlineprobe1_ntnu_mclab2_s100_d10/ape.txt:12;logs/ntnu_vins/external_hybrid_xfeat_every2_jul08_nonoverlap_onlineprobe1_ntnu_mclab2_s100_d10/ape.txt:13;logs/ntnu_vins/external_hybrid_xfeat_every2_jul08_nonoverlap_onlineprobe1_ntnu_mclab2_s100_d10/ape.txt:14;logs/ntnu_vins/external_hybrid_xfeat_every2_jul08_nonoverlap_onlineprobe1_ntnu_mclab2_s100_d10/ape.txt:15;logs/ntnu_vins/external_hybrid_xfeat_every2_jul08_nonoverlap_onlineprobe1_ntnu_mclab2_s100_d10/ape.txt:16;logs/ntnu_vins/external_hybrid_xfeat_every2_jul08_nonoverlap_onlineprobe1_ntnu_mclab2_s100_d10/ape.txt:17;...(+285),Prior artifact or parameter/search reference found before P02 freeze; exclude exact window from confirmatory denominator.
ntnu,mclab_2,105,115,second,4,true,true,false,DEVELOPMENT_ONLY,logs/ntnu_vins/external_hybrid_xfeat_every2_jul09_startgftt_scan_ntnu_mclab_2_s105_d10/features.bag;logs/ntnu_vins/external_hybrid_xfeat_every2_jul09_startgftt_scan_ntnu_mclab_2_s105_d10/frontend_metrics.csv;logs/ntnu_vins/external_hybrid_xfeat_every2_jul09_startgftt_scan_ntnu_mclab_2_s105_d10/ntnu_cam0_kannala_brandt.yaml;logs/ntnu_vins/external_hybrid_xfeat_every2_jul09_startgftt_scan_ntnu_mclab_2_s105_d10/vins_ntnu_external.yaml,Prior artifact or parameter/search reference found before P02 freeze; exclude exact window from confirmatory denominator.
ntnu,mclab_2,110,120,second,1966,true,true,true,DEVELOPMENT_ONLY,logs/jul08_filtered_featurebags/ntnu_mclab2_s110_d10_drop20.bag;logs/jul08_filtered_featurebags/ntnu_mclab2_s110_d10_drop20_stats.csv;logs/ntnu_vins/external_hybrid_xfeat_every2_existing_jul14_latedense_ntnu_mclab2_s110_d10_full50/ape.txt;logs/ntnu_vins/external_hybrid_xfeat_every2_existing_jul14_latedense_ntnu_mclab2_s110_d10_full50/ape.txt:1;logs/ntnu_vins/external_hybrid_xfeat_every2_existing_jul14_latedense_ntnu_mclab2_s110_d10_full50/ape.txt:10;logs/ntnu_vins/external_hybrid_xfeat_every2_existing_jul14_latedense_ntnu_mclab2_s110_d10_full50/ape.txt:11;logs/ntnu_vins/external_hybrid_xfeat_every2_existing_jul14_latedense_ntnu_mclab2_s110_d10_full50/ape.txt:12;logs/ntnu_vins/external_hybrid_xfeat_every2_existing_jul14_latedense_ntnu_mclab2_s110_d10_full50/ape.txt:13;logs/ntnu_vins/external_hybrid_xfeat_every2_existing_jul14_latedense_ntnu_mclab2_s110_d10_full50/ape.txt:14;logs/ntnu_vins/external_hybrid_xfeat_every2_existing_jul14_latedense_ntnu_mclab2_s110_d10_full50/ape.txt:15;logs/ntnu_vins/external_hybrid_xfeat_every2_existing_jul14_latedense_ntnu_mclab2_s110_d10_full50/ape.txt:16;logs/ntnu_vins/external_hybrid_xfeat_every2_existing_jul14_latedense_ntnu_mclab2_s110_d10_full50/ape.txt:17;...(+1954),Prior artifact or parameter/search reference found before P02 freeze; exclude exact window from confirmatory denominator.
ntnu,mclab_2,110,125,second,183,true,true,false,DEVELOPMENT_ONLY,logs/jul08_filtered_featurebags/jul08_nonoverlap_onlinevins6_ntnu_mclab2_s110_d15_drop20.bag;logs/jul08_filtered_featurebags/jul08_nonoverlap_onlinevins6_ntnu_mclab2_s110_d15_drop20_stats.csv;logs/jul08_nonoverlap_online_vins_more/ntnu_mclab2_s110_d15.log;logs/jul08_ntnu_mclab2_s110_d15_summary.csv;logs/ntnu_vins/external_hybrid_xfeat_every2_jul08_nonoverlap_onlinevins6_ntnu_mclab2_s110_d15/ape.txt;logs/ntnu_vins/external_hybrid_xfeat_every2_jul08_nonoverlap_onlinevins6_ntnu_mclab2_s110_d15/ape.txt:1;logs/ntnu_vins/external_hybrid_xfeat_every2_jul08_nonoverlap_onlinevins6_ntnu_mclab2_s110_d15/ape.txt:10;logs/ntnu_vins/external_hybrid_xfeat_every2_jul08_nonoverlap_onlinevins6_ntnu_mclab2_s110_d15/ape.txt:11;logs/ntnu_vins/external_hybrid_xfeat_every2_jul08_nonoverlap_onlinevins6_ntnu_mclab2_s110_d15/ape.txt:12;logs/ntnu_vins/external_hybrid_xfeat_every2_jul08_nonoverlap_onlinevins6_ntnu_mclab2_s110_d15/ape.txt:13;logs/ntnu_vins/external_hybrid_xfeat_every2_jul08_nonoverlap_onlinevins6_ntnu_mclab2_s110_d15/ape.txt:14;logs/ntnu_vins/external_hybrid_xfeat_every2_jul08_nonoverlap_onlinevins6_ntnu_mclab2_s110_d15/ape.txt:15;...(+171),Prior artifact or parameter/search reference found before P02 freeze; exclude exact window from confirmatory denominator.
ntnu,mclab_2,110,130,second,183,true,true,false,DEVELOPMENT_ONLY,logs/jul08_filtered_featurebags/jul08_nonoverlap_onlinevins7_ntnu_mclab2_s110_d20_drop20.bag;logs/jul08_filtered_featurebags/jul08_nonoverlap_onlinevins7_ntnu_mclab2_s110_d20_drop20_stats.csv;logs/jul08_nonoverlap_online_vins_more/ntnu_mclab2_s110_d20.log;logs/jul08_ntnu_mclab2_s110_d20_summary.csv;logs/ntnu_vins/external_hybrid_xfeat_every2_jul08_nonoverlap_onlinevins7_ntnu_mclab2_s110_d20/ape.txt;logs/ntnu_vins/external_hybrid_xfeat_every2_jul08_nonoverlap_onlinevins7_ntnu_mclab2_s110_d20/ape.txt:1;logs/ntnu_vins/external_hybrid_xfeat_every2_jul08_nonoverlap_onlinevins7_ntnu_mclab2_s110_d20/ape.txt:10;logs/ntnu_vins/external_hybrid_xfeat_every2_jul08_nonoverlap_onlinevins7_ntnu_mclab2_s110_d20/ape.txt:11;logs/ntnu_vins/external_hybrid_xfeat_every2_jul08_nonoverlap_onlinevins7_ntnu_mclab2_s110_d20/ape.txt:12;logs/ntnu_vins/external_hybrid_xfeat_every2_jul08_nonoverlap_onlinevins7_ntnu_mclab2_s110_d20/ape.txt:13;logs/ntnu_vins/external_hybrid_xfeat_every2_jul08_nonoverlap_onlinevins7_ntnu_mclab2_s110_d20/ape.txt:14;logs/ntnu_vins/external_hybrid_xfeat_every2_jul08_nonoverlap_onlinevins7_ntnu_mclab2_s110_d20/ape.txt:15;...(+171),Prior artifact or parameter/search reference found before P02 freeze; exclude exact window from confirmatory denominator.
ntnu,mclab_2,115,125,second,4,true,true,false,DEVELOPMENT_ONLY,logs/ntnu_vins/external_hybrid_xfeat_every2_jul09_startgftt_scan_ntnu_mclab_2_s115_d10/features.bag;logs/ntnu_vins/external_hybrid_xfeat_every2_jul09_startgftt_scan_ntnu_mclab_2_s115_d10/frontend_metrics.csv;logs/ntnu_vins/external_hybrid_xfeat_every2_jul09_startgftt_scan_ntnu_mclab_2_s115_d10/ntnu_cam0_kannala_brandt.yaml;logs/ntnu_vins/external_hybrid_xfeat_every2_jul09_startgftt_scan_ntnu_mclab_2_s115_d10/vins_ntnu_external.yaml,Prior artifact or parameter/search reference found before P02 freeze; exclude exact window from confirmatory denominator.
ntnu,mclab_2,120,130,second,444,true,true,true,DEVELOPMENT_ONLY,logs/jul08_filtered_featurebags/ntnu_mclab2_s120_d10_drop20.bag;logs/jul08_filtered_featurebags/ntnu_mclab2_s120_d10_drop20_stats.csv;logs/ntnu_vins/external_hybrid_xfeat_every2_jul08_nonoverlap_onlineprobe1_ntnu_mclab2_s120_d10/ape.txt;logs/ntnu_vins/external_hybrid_xfeat_every2_jul08_nonoverlap_onlineprobe1_ntnu_mclab2_s120_d10/ape.txt:1;logs/ntnu_vins/external_hybrid_xfeat_every2_jul08_nonoverlap_onlineprobe1_ntnu_mclab2_s120_d10/ape.txt:10;logs/ntnu_vins/external_hybrid_xfeat_every2_jul08_nonoverlap_onlineprobe1_ntnu_mclab2_s120_d10/ape.txt:11;logs/ntnu_vins/external_hybrid_xfeat_every2_jul08_nonoverlap_onlineprobe1_ntnu_mclab2_s120_d10/ape.txt:12;logs/ntnu_vins/external_hybrid_xfeat_every2_jul08_nonoverlap_onlineprobe1_ntnu_mclab2_s120_d10/ape.txt:13;logs/ntnu_vins/external_hybrid_xfeat_every2_jul08_nonoverlap_onlineprobe1_ntnu_mclab2_s120_d10/ape.txt:14;logs/ntnu_vins/external_hybrid_xfeat_every2_jul08_nonoverlap_onlineprobe1_ntnu_mclab2_s120_d10/ape.txt:15;logs/ntnu_vins/external_hybrid_xfeat_every2_jul08_nonoverlap_onlineprobe1_ntnu_mclab2_s120_d10/ape.txt:16;logs/ntnu_vins/external_hybrid_xfeat_every2_jul08_nonoverlap_onlineprobe1_ntnu_mclab2_s120_d10/ape.txt:17;...(+432),Prior artifact or parameter/search reference found before P02 freeze; exclude exact window from confirmatory denominator.
ntnu,mclab_2,120,150,second,4,true,true,true,DEVELOPMENT_ONLY,logs/ntnu_vins/external_hybrid_xfeat_every2_paperprobe_mclab_2_s120_d30_xfeat/features.bag;logs/ntnu_vins/external_hybrid_xfeat_every2_paperprobe_mclab_2_s120_d30_xfeat/frontend_metrics.csv;logs/ntnu_vins/external_hybrid_xfeat_every2_paperprobe_mclab_2_s120_d30_xfeat/ntnu_cam0_kannala_brandt.yaml;logs/ntnu_vins/external_hybrid_xfeat_every2_paperprobe_mclab_2_s120_d30_xfeat/vins_ntnu_external.yaml,Prior artifact or parameter/search reference found before P02 freeze; exclude exact window from confirmatory denominator.
ntnu,mclab_2,130,140,second,99,true,true,true,DEVELOPMENT_ONLY,logs/ntnu_vins/external_hybrid_xfeat_every2_jul08_nonoverlap_onlineprobe1_ntnu_mclab2_s130_d10/features.bag;logs/ntnu_vins/external_hybrid_xfeat_every2_jul08_nonoverlap_onlineprobe1_ntnu_mclab2_s130_d10/frontend_metrics.csv;logs/ntnu_vins/external_hybrid_xfeat_every2_jul08_nonoverlap_onlineprobe1_ntnu_mclab2_s130_d10/ntnu_cam0_kannala_brandt.yaml;logs/ntnu_vins/external_hybrid_xfeat_every2_jul08_nonoverlap_onlineprobe1_ntnu_mclab2_s130_d10/vins_ntnu_external.yaml;logs/ntnu_vins/external_hybrid_xfeat_every2_jul08_probe_more3_ntnu_mclab_2_s130_d10/features.bag;logs/ntnu_vins/external_hybrid_xfeat_every2_jul08_probe_more3_ntnu_mclab_2_s130_d10/frontend_metrics.csv;logs/ntnu_vins/external_hybrid_xfeat_every2_jul08_probe_more3_ntnu_mclab_2_s130_d10/ntnu_cam0_kannala_brandt.yaml;logs/ntnu_vins/external_hybrid_xfeat_every2_jul08_probe_more3_ntnu_mclab_2_s130_d10/vins_ntnu_external.yaml;logs/ntnu_vins/external_hybrid_xfeat_every2_jul10_scan_ntnu_mclab2_s130_d10_probe_oldcontract_densecap/features.bag;logs/ntnu_vins/external_hybrid_xfeat_every2_jul10_scan_ntnu_mclab2_s130_d10_probe_oldcontract_densecap/frontend_metrics.csv;logs/ntnu_vins/external_hybrid_xfeat_every2_jul10_scan_ntnu_mclab2_s130_d10_probe_oldcontract_densecap/ntnu_cam0_kannala_brandt.yaml;logs/ntnu_vins/external_hybrid_xfeat_every2_jul10_scan_ntnu_mclab2_s130_d10_probe_oldcontract_densecap/vins_ntnu_external.yaml;...(+87),Prior artifact or parameter/search reference found before P02 freeze; exclude exact window from confirmatory denominator.
ntnu,mclab_2,140,150,second,99,true,true,true,DEVELOPMENT_ONLY,logs/ntnu_vins/external_hybrid_xfeat_every2_jul08_nonoverlap_onlineprobe1_ntnu_mclab2_s140_d10/features.bag;logs/ntnu_vins/external_hybrid_xfeat_every2_jul08_nonoverlap_onlineprobe1_ntnu_mclab2_s140_d10/frontend_metrics.csv;logs/ntnu_vins/external_hybrid_xfeat_every2_jul08_nonoverlap_onlineprobe1_ntnu_mclab2_s140_d10/ntnu_cam0_kannala_brandt.yaml;logs/ntnu_vins/external_hybrid_xfeat_every2_jul08_nonoverlap_onlineprobe1_ntnu_mclab2_s140_d10/vins_ntnu_external.yaml;logs/ntnu_vins/external_hybrid_xfeat_every2_jul08_probe_more3_ntnu_mclab_2_s140_d10/features.bag;logs/ntnu_vins/external_hybrid_xfeat_every2_jul08_probe_more3_ntnu_mclab_2_s140_d10/frontend_metrics.csv;logs/ntnu_vins/external_hybrid_xfeat_every2_jul08_probe_more3_ntnu_mclab_2_s140_d10/ntnu_cam0_kannala_brandt.yaml;logs/ntnu_vins/external_hybrid_xfeat_every2_jul08_probe_more3_ntnu_mclab_2_s140_d10/vins_ntnu_external.yaml;logs/ntnu_vins/external_hybrid_xfeat_every2_jul10_scan_ntnu_mclab2_s140_d10_probe_oldcontract_densecap/features.bag;logs/ntnu_vins/external_hybrid_xfeat_every2_jul10_scan_ntnu_mclab2_s140_d10_probe_oldcontract_densecap/frontend_metrics.csv;logs/ntnu_vins/external_hybrid_xfeat_every2_jul10_scan_ntnu_mclab2_s140_d10_probe_oldcontract_densecap/ntnu_cam0_kannala_brandt.yaml;logs/ntnu_vins/external_hybrid_xfeat_every2_jul10_scan_ntnu_mclab2_s140_d10_probe_oldcontract_densecap/vins_ntnu_external.yaml;...(+87),Prior artifact or parameter/search reference found before P02 freeze; exclude exact window from confirmatory denominator.
ntnu,mclab_2,150,160,second,96,true,true,true,DEVELOPMENT_ONLY,logs/ntnu_vins/external_hybrid_xfeat_every2_jul08_probe_more3_ntnu_mclab_2_s150_d10/features.bag;logs/ntnu_vins/external_hybrid_xfeat_every2_jul08_probe_more3_ntnu_mclab_2_s150_d10/frontend_metrics.csv;logs/ntnu_vins/external_hybrid_xfeat_every2_jul08_probe_more3_ntnu_mclab_2_s150_d10/ntnu_cam0_kannala_brandt.yaml;logs/ntnu_vins/external_hybrid_xfeat_every2_jul08_probe_more3_ntnu_mclab_2_s150_d10/vins_ntnu_external.yaml;logs/ntnu_vins/external_hybrid_xfeat_every2_jul10_scan_ntnu_mclab2_s150_d10_probe_oldcontract_densecap/features.bag;logs/ntnu_vins/external_hybrid_xfeat_every2_jul10_scan_ntnu_mclab2_s150_d10_probe_oldcontract_densecap/frontend_metrics.csv;logs/ntnu_vins/external_hybrid_xfeat_every2_jul10_scan_ntnu_mclab2_s150_d10_probe_oldcontract_densecap/ntnu_cam0_kannala_brandt.yaml;logs/ntnu_vins/external_hybrid_xfeat_every2_jul10_scan_ntnu_mclab2_s150_d10_probe_oldcontract_densecap/vins_ntnu_external.yaml;logs/ntnu_vins/external_klt_every2_jul10_scan_ntnu_mclab2_s150_d10_klt_safe_fallback/arbitration_summary.txt;logs/ntnu_vins/external_klt_every2_jul10_scan_ntnu_mclab2_s150_d10_klt_safe_fallback/arbitration_summary.txt:1;logs/ntnu_vins/external_klt_every2_jul10_scan_ntnu_mclab2_s150_d10_klt_safe_fallback/arbitration_summary.txt:10;logs/ntnu_vins/external_klt_every2_jul10_scan_ntnu_mclab2_s150_d10_klt_safe_fallback/arbitration_summary.txt:11;...(+84),Prior artifact or parameter/search reference found before P02 freeze; exclude exact window from confirmatory denominator.
ntnu,mclab_2,150,180,second,4,true,true,true,DEVELOPMENT_ONLY,logs/ntnu_vins/external_hybrid_xfeat_every2_paperprobe_mclab_2_s150_d30_xfeat/features.bag;logs/ntnu_vins/external_hybrid_xfeat_every2_paperprobe_mclab_2_s150_d30_xfeat/frontend_metrics.csv;logs/ntnu_vins/external_hybrid_xfeat_every2_paperprobe_mclab_2_s150_d30_xfeat/ntnu_cam0_kannala_brandt.yaml;logs/ntnu_vins/external_hybrid_xfeat_every2_paperprobe_mclab_2_s150_d30_xfeat/vins_ntnu_external.yaml,Prior artifact or parameter/search reference found before P02 freeze; exclude exact window from confirmatory denominator.
ntnu,mclab_2,160,170,second,246,true,true,true,DEVELOPMENT_ONLY,logs/jul09_ntnu_mclab2_s160_d10_drop20_stats.csv;logs/ntnu_vins/external_hybrid_xfeat_every2_existing_jul14_recheck_ntnu_mclab2_s160_d10_full8/ape.txt;logs/ntnu_vins/external_hybrid_xfeat_every2_existing_jul14_recheck_ntnu_mclab2_s160_d10_full8/ape.txt:1;logs/ntnu_vins/external_hybrid_xfeat_every2_existing_jul14_recheck_ntnu_mclab2_s160_d10_full8/ape.txt:10;logs/ntnu_vins/external_hybrid_xfeat_every2_existing_jul14_recheck_ntnu_mclab2_s160_d10_full8/ape.txt:11;logs/ntnu_vins/external_hybrid_xfeat_every2_existing_jul14_recheck_ntnu_mclab2_s160_d10_full8/ape.txt:12;logs/ntnu_vins/external_hybrid_xfeat_every2_existing_jul14_recheck_ntnu_mclab2_s160_d10_full8/ape.txt:13;logs/ntnu_vins/external_hybrid_xfeat_every2_existing_jul14_recheck_ntnu_mclab2_s160_d10_full8/ape.txt:14;logs/ntnu_vins/external_hybrid_xfeat_every2_existing_jul14_recheck_ntnu_mclab2_s160_d10_full8/ape.txt:15;logs/ntnu_vins/external_hybrid_xfeat_every2_existing_jul14_recheck_ntnu_mclab2_s160_d10_full8/ape.txt:16;logs/ntnu_vins/external_hybrid_xfeat_every2_existing_jul14_recheck_ntnu_mclab2_s160_d10_full8/ape.txt:17;logs/ntnu_vins/external_hybrid_xfeat_every2_existing_jul14_recheck_ntnu_mclab2_s160_d10_full8/ape.txt:18;...(+234),Prior artifact or parameter/search reference found before P02 freeze; exclude exact window from confirmatory denominator.
ntnu,mclab_2,170,180,second,178,true,true,true,DEVELOPMENT_ONLY,logs/jul08_filtered_featurebags/jul08_probe_more3_ntnu_mclab_2_s170_d10_drop20.bag;logs/jul08_filtered_featurebags/jul08_probe_more3_ntnu_mclab_2_s170_d10_drop20_stats.csv;logs/ntnu_vins/external_hybrid_xfeat_every2_jul08_probe_more3_ntnu_mclab_2_s170_d10/ape.txt;logs/ntnu_vins/external_hybrid_xfeat_every2_jul08_probe_more3_ntnu_mclab_2_s170_d10/ape.txt:1;logs/ntnu_vins/external_hybrid_xfeat_every2_jul08_probe_more3_ntnu_mclab_2_s170_d10/ape.txt:10;logs/ntnu_vins/external_hybrid_xfeat_every2_jul08_probe_more3_ntnu_mclab_2_s170_d10/ape.txt:11;logs/ntnu_vins/external_hybrid_xfeat_every2_jul08_probe_more3_ntnu_mclab_2_s170_d10/ape.txt:12;logs/ntnu_vins/external_hybrid_xfeat_every2_jul08_probe_more3_ntnu_mclab_2_s170_d10/ape.txt:13;logs/ntnu_vins/external_hybrid_xfeat_every2_jul08_probe_more3_ntnu_mclab_2_s170_d10/ape.txt:14;logs/ntnu_vins/external_hybrid_xfeat_every2_jul08_probe_more3_ntnu_mclab_2_s170_d10/ape.txt:15;logs/ntnu_vins/external_hybrid_xfeat_every2_jul08_probe_more3_ntnu_mclab_2_s170_d10/ape.txt:16;logs/ntnu_vins/external_hybrid_xfeat_every2_jul08_probe_more3_ntnu_mclab_2_s170_d10/ape.txt:17;...(+166),Prior artifact or parameter/search reference found before P02 freeze; exclude exact window from confirmatory denominator.
ntnu,mclab_2,180,190,second,178,true,true,true,DEVELOPMENT_ONLY,logs/jul08_filtered_featurebags/jul08_probe_more3_ntnu_mclab_2_s180_d10_drop20.bag;logs/jul08_filtered_featurebags/jul08_probe_more3_ntnu_mclab_2_s180_d10_drop20_stats.csv;logs/ntnu_vins/external_hybrid_xfeat_every2_jul08_probe_more3_ntnu_mclab_2_s180_d10/ape.txt;logs/ntnu_vins/external_hybrid_xfeat_every2_jul08_probe_more3_ntnu_mclab_2_s180_d10/ape.txt:1;logs/ntnu_vins/external_hybrid_xfeat_every2_jul08_probe_more3_ntnu_mclab_2_s180_d10/ape.txt:10;logs/ntnu_vins/external_hybrid_xfeat_every2_jul08_probe_more3_ntnu_mclab_2_s180_d10/ape.txt:11;logs/ntnu_vins/external_hybrid_xfeat_every2_jul08_probe_more3_ntnu_mclab_2_s180_d10/ape.txt:12;logs/ntnu_vins/external_hybrid_xfeat_every2_jul08_probe_more3_ntnu_mclab_2_s180_d10/ape.txt:13;logs/ntnu_vins/external_hybrid_xfeat_every2_jul08_probe_more3_ntnu_mclab_2_s180_d10/ape.txt:14;logs/ntnu_vins/external_hybrid_xfeat_every2_jul08_probe_more3_ntnu_mclab_2_s180_d10/ape.txt:15;logs/ntnu_vins/external_hybrid_xfeat_every2_jul08_probe_more3_ntnu_mclab_2_s180_d10/ape.txt:16;logs/ntnu_vins/external_hybrid_xfeat_every2_jul08_probe_more3_ntnu_mclab_2_s180_d10/ape.txt:17;...(+166),Prior artifact or parameter/search reference found before P02 freeze; exclude exact window from confirmatory denominator.
ntnu,mclab_2,180,210,second,4,true,true,true,DEVELOPMENT_ONLY,logs/ntnu_vins/external_hybrid_xfeat_every2_paperprobe_mclab_2_s180_d30_xfeat/features.bag;logs/ntnu_vins/external_hybrid_xfeat_every2_paperprobe_mclab_2_s180_d30_xfeat/frontend_metrics.csv;logs/ntnu_vins/external_hybrid_xfeat_every2_paperprobe_mclab_2_s180_d30_xfeat/ntnu_cam0_kannala_brandt.yaml;logs/ntnu_vins/external_hybrid_xfeat_every2_paperprobe_mclab_2_s180_d30_xfeat/vins_ntnu_external.yaml,Prior artifact or parameter/search reference found before P02 freeze; exclude exact window from confirmatory denominator.
ntnu,mclab_2,20,30,second,4,true,true,true,DEVELOPMENT_ONLY,logs/ntnu_vins/external_hybrid_xfeat_every2_jul07_nonoverlap_onlineprobe2_ntnu_mclab2_s20_d10/features.bag;logs/ntnu_vins/external_hybrid_xfeat_every2_jul07_nonoverlap_onlineprobe2_ntnu_mclab2_s20_d10/frontend_metrics.csv;logs/ntnu_vins/external_hybrid_xfeat_every2_jul07_nonoverlap_onlineprobe2_ntnu_mclab2_s20_d10/ntnu_cam0_kannala_brandt.yaml;logs/ntnu_vins/external_hybrid_xfeat_every2_jul07_nonoverlap_onlineprobe2_ntnu_mclab2_s20_d10/vins_ntnu_external.yaml,Prior artifact or parameter/search reference found before P02 freeze; exclude exact window from confirmatory denominator.
ntnu,mclab_2,210,240,second,4,true,true,true,DEVELOPMENT_ONLY,logs/ntnu_vins/external_hybrid_xfeat_every2_paperprobe_mclab_2_s210_d30_xfeat/features.bag;logs/ntnu_vins/external_hybrid_xfeat_every2_paperprobe_mclab_2_s210_d30_xfeat/frontend_metrics.csv;logs/ntnu_vins/external_hybrid_xfeat_every2_paperprobe_mclab_2_s210_d30_xfeat/ntnu_cam0_kannala_brandt.yaml;logs/ntnu_vins/external_hybrid_xfeat_every2_paperprobe_mclab_2_s210_d30_xfeat/vins_ntnu_external.yaml,Prior artifact or parameter/search reference found before P02 freeze; exclude exact window from confirmatory denominator.
ntnu,mclab_2,240,270,second,4,true,true,true,DEVELOPMENT_ONLY,logs/ntnu_vins/external_hybrid_xfeat_every2_paperprobe_mclab_2_s240_d30_xfeat/features.bag;logs/ntnu_vins/external_hybrid_xfeat_every2_paperprobe_mclab_2_s240_d30_xfeat/frontend_metrics.csv;logs/ntnu_vins/external_hybrid_xfeat_every2_paperprobe_mclab_2_s240_d30_xfeat/ntnu_cam0_kannala_brandt.yaml;logs/ntnu_vins/external_hybrid_xfeat_every2_paperprobe_mclab_2_s240_d30_xfeat/vins_ntnu_external.yaml,Prior artifact or parameter/search reference found before P02 freeze; exclude exact window from confirmatory denominator.
ntnu,mclab_2,270,300,second,4,true,true,true,DEVELOPMENT_ONLY,logs/ntnu_vins/external_hybrid_xfeat_every2_paperprobe_mclab_2_s270_d30_xfeat/features.bag;logs/ntnu_vins/external_hybrid_xfeat_every2_paperprobe_mclab_2_s270_d30_xfeat/frontend_metrics.csv;logs/ntnu_vins/external_hybrid_xfeat_every2_paperprobe_mclab_2_s270_d30_xfeat/ntnu_cam0_kannala_brandt.yaml;logs/ntnu_vins/external_hybrid_xfeat_every2_paperprobe_mclab_2_s270_d30_xfeat/vins_ntnu_external.yaml,Prior artifact or parameter/search reference found before P02 freeze; exclude exact window from confirmatory denominator.
ntnu,mclab_2,280,290,second,11,true,true,true,DEVELOPMENT_ONLY,logs/ntnu_vins/external_hybrid_xfeat_every2_jul16screen16_ntnu_mclab2_s280_d10_probe/features.bag;logs/ntnu_vins/external_hybrid_xfeat_every2_jul16screen16_ntnu_mclab2_s280_d10_probe/frontend_metrics.csv;logs/ntnu_vins/external_hybrid_xfeat_every2_jul16screen16_ntnu_mclab2_s280_d10_probe/ntnu_cam0_kannala_brandt.yaml;logs/ntnu_vins/external_hybrid_xfeat_every2_jul16screen16_ntnu_mclab2_s280_d10_probe/vins_ntnu_external.yaml;papers/causal_crossdataset_search_20260718/probe_lineage_rescan.csv:421;papers/causal_crossdataset_search_20260718/probe_lineage_rescan.csv:422;papers/causal_crossdataset_search_20260718/probe_metrics_candidates.csv:81;papers/frozen_frontend_exploration_20260715/run_evidence_jul15_late_and_jul16.csv:112;papers/frozen_frontend_exploration_20260715/screening_summary_jul15_late_and_jul16.csv:112;papers/learned_lineage_novelty_dev_20260716/lineage_novelty_screening.csv:155;papers/learned_lineage_novelty_dev_20260716/lineage_novelty_screening.csv:215,Prior artifact or parameter/search reference found before P02 freeze; exclude exact window from confirmatory denominator.
ntnu,mclab_2,30,60,second,4,true,true,true,DEVELOPMENT_ONLY,logs/ntnu_vins/external_hybrid_xfeat_every2_paperprobe_mclab_2_s30_d30_xfeat/features.bag;logs/ntnu_vins/external_hybrid_xfeat_every2_paperprobe_mclab_2_s30_d30_xfeat/frontend_metrics.csv;logs/ntnu_vins/external_hybrid_xfeat_every2_paperprobe_mclab_2_s30_d30_xfeat/ntnu_cam0_kannala_brandt.yaml;logs/ntnu_vins/external_hybrid_xfeat_every2_paperprobe_mclab_2_s30_d30_xfeat/vins_ntnu_external.yaml,Prior artifact or parameter/search reference found before P02 freeze; exclude exact window from confirmatory denominator.
ntnu,mclab_2,35,65,second,4,true,true,true,DEVELOPMENT_ONLY,logs/ntnu_vins/external_hybrid_xfeat_every2_paperprobe_mclab_2_s35_d30_xfeat/features.bag;logs/ntnu_vins/external_hybrid_xfeat_every2_paperprobe_mclab_2_s35_d30_xfeat/frontend_metrics.csv;logs/ntnu_vins/external_hybrid_xfeat_every2_paperprobe_mclab_2_s35_d30_xfeat/ntnu_cam0_kannala_brandt.yaml;logs/ntnu_vins/external_hybrid_xfeat_every2_paperprobe_mclab_2_s35_d30_xfeat/vins_ntnu_external.yaml,Prior artifact or parameter/search reference found before P02 freeze; exclude exact window from confirmatory denominator.
ntnu,mclab_2,40,50,second,178,true,true,true,DEVELOPMENT_ONLY,logs/jul07_filtered_featurebags/ntnu_mclab2_s40_d10_drop20.bag;logs/jul07_filtered_featurebags/ntnu_mclab2_s40_d10_drop20_stats.csv;logs/ntnu_vins/external_hybrid_xfeat_every2_jul07_nonoverlap_onlineprobe3_ntnu_mclab2_s40_d10/ape.txt;logs/ntnu_vins/external_hybrid_xfeat_every2_jul07_nonoverlap_onlineprobe3_ntnu_mclab2_s40_d10/ape.txt:1;logs/ntnu_vins/external_hybrid_xfeat_every2_jul07_nonoverlap_onlineprobe3_ntnu_mclab2_s40_d10/ape.txt:10;logs/ntnu_vins/external_hybrid_xfeat_every2_jul07_nonoverlap_onlineprobe3_ntnu_mclab2_s40_d10/ape.txt:11;logs/ntnu_vins/external_hybrid_xfeat_every2_jul07_nonoverlap_onlineprobe3_ntnu_mclab2_s40_d10/ape.txt:12;logs/ntnu_vins/external_hybrid_xfeat_every2_jul07_nonoverlap_onlineprobe3_ntnu_mclab2_s40_d10/ape.txt:13;logs/ntnu_vins/external_hybrid_xfeat_every2_jul07_nonoverlap_onlineprobe3_ntnu_mclab2_s40_d10/ape.txt:14;logs/ntnu_vins/external_hybrid_xfeat_every2_jul07_nonoverlap_onlineprobe3_ntnu_mclab2_s40_d10/ape.txt:15;logs/ntnu_vins/external_hybrid_xfeat_every2_jul07_nonoverlap_onlineprobe3_ntnu_mclab2_s40_d10/ape.txt:16;logs/ntnu_vins/external_hybrid_xfeat_every2_jul07_nonoverlap_onlineprobe3_ntnu_mclab2_s40_d10/ape.txt:17;...(+166),Prior artifact or parameter/search reference found before P02 freeze; exclude exact window from confirmatory denominator.
ntnu,mclab_2,50,60,second,9,true,true,true,DEVELOPMENT_ONLY,logs/ntnu_vins/external_hybrid_xfeat_every2_jul07_nonoverlap_onlineprobe3_ntnu_mclab2_s50_d10/features.bag;logs/ntnu_vins/external_hybrid_xfeat_every2_jul07_nonoverlap_onlineprobe3_ntnu_mclab2_s50_d10/frontend_metrics.csv;logs/ntnu_vins/external_hybrid_xfeat_every2_jul07_nonoverlap_onlineprobe3_ntnu_mclab2_s50_d10/ntnu_cam0_kannala_brandt.yaml;logs/ntnu_vins/external_hybrid_xfeat_every2_jul07_nonoverlap_onlineprobe3_ntnu_mclab2_s50_d10/vins_ntnu_external.yaml;papers/causal_crossdataset_search_20260718/probe_lineage_rescan.csv:409;papers/causal_crossdataset_search_20260718/probe_lineage_rescan.csv:410;papers/causal_crossdataset_search_20260718/probe_lineage_rescan.csv:411;papers/causal_crossdataset_search_20260718/probe_lineage_rescan.csv:482;papers/causal_crossdataset_search_20260718/probe_metrics_candidates.csv:38,Prior artifact or parameter/search reference found before P02 freeze; exclude exact window from confirmatory denominator.
ntnu,mclab_2,60,70,second,185,true,true,true,DEVELOPMENT_ONLY,logs/jul07_filtered_featurebags/ntnu_mclab2_s60_d10_drop20.bag;logs/jul07_filtered_featurebags/ntnu_mclab2_s60_d10_drop20_stats.csv;logs/ntnu_vins/external_hybrid_xfeat_every2_jul07_nonoverlap_onlineprobe2_ntnu_mclab2_s60_d10/ape.txt;logs/ntnu_vins/external_hybrid_xfeat_every2_jul07_nonoverlap_onlineprobe2_ntnu_mclab2_s60_d10/ape.txt:1;logs/ntnu_vins/external_hybrid_xfeat_every2_jul07_nonoverlap_onlineprobe2_ntnu_mclab2_s60_d10/ape.txt:10;logs/ntnu_vins/external_hybrid_xfeat_every2_jul07_nonoverlap_onlineprobe2_ntnu_mclab2_s60_d10/ape.txt:11;logs/ntnu_vins/external_hybrid_xfeat_every2_jul07_nonoverlap_onlineprobe2_ntnu_mclab2_s60_d10/ape.txt:12;logs/ntnu_vins/external_hybrid_xfeat_every2_jul07_nonoverlap_onlineprobe2_ntnu_mclab2_s60_d10/ape.txt:13;logs/ntnu_vins/external_hybrid_xfeat_every2_jul07_nonoverlap_onlineprobe2_ntnu_mclab2_s60_d10/ape.txt:14;logs/ntnu_vins/external_hybrid_xfeat_every2_jul07_nonoverlap_onlineprobe2_ntnu_mclab2_s60_d10/ape.txt:15;logs/ntnu_vins/external_hybrid_xfeat_every2_jul07_nonoverlap_onlineprobe2_ntnu_mclab2_s60_d10/ape.txt:16;logs/ntnu_vins/external_hybrid_xfeat_every2_jul07_nonoverlap_onlineprobe2_ntnu_mclab2_s60_d10/ape.txt:17;...(+173),Prior artifact or parameter/search reference found before P02 freeze; exclude exact window from confirmatory denominator.
ntnu,mclab_2,60,80,second,4,true,true,true,DEVELOPMENT_ONLY,logs/ntnu_vins/external_hybrid_xfeat_every2_paperprobe_mclab_2_s60_d20_xfeat/features.bag;logs/ntnu_vins/external_hybrid_xfeat_every2_paperprobe_mclab_2_s60_d20_xfeat/frontend_metrics.csv;logs/ntnu_vins/external_hybrid_xfeat_every2_paperprobe_mclab_2_s60_d20_xfeat/ntnu_cam0_kannala_brandt.yaml;logs/ntnu_vins/external_hybrid_xfeat_every2_paperprobe_mclab_2_s60_d20_xfeat/vins_ntnu_external.yaml,Prior artifact or parameter/search reference found before P02 freeze; exclude exact window from confirmatory denominator.
ntnu,mclab_2,60,90,second,8,true,true,true,DEVELOPMENT_ONLY,logs/may28_non_a06_lowtexture_continued_audit.md:22;logs/may28_ntnu_continued_source_audit.md:44;logs/ntnu_vins/external_hybrid_xfeat_every2_may28_cont_ntnu_mclab2_60_90_xfeat/ntnu_cam0_kannala_brandt.yaml;logs/ntnu_vins/external_hybrid_xfeat_every2_may28_cont_ntnu_mclab2_60_90_xfeat/vins_ntnu_external.yaml;logs/ntnu_vins/external_hybrid_xfeat_every2_paperprobe_mclab_2_s60_d30_xfeat/features.bag;logs/ntnu_vins/external_hybrid_xfeat_every2_paperprobe_mclab_2_s60_d30_xfeat/frontend_metrics.csv;logs/ntnu_vins/external_hybrid_xfeat_every2_paperprobe_mclab_2_s60_d30_xfeat/ntnu_cam0_kannala_brandt.yaml;logs/ntnu_vins/external_hybrid_xfeat_every2_paperprobe_mclab_2_s60_d30_xfeat/vins_ntnu_external.yaml,Prior artifact or parameter/search reference found before P02 freeze; exclude exact window from confirmatory denominator.
ntnu,mclab_2,70,80,second,179,true,true,true,DEVELOPMENT_ONLY,logs/jul07_filtered_featurebags/ntnu_mclab2_s70_d10_drop20.bag;logs/jul07_filtered_featurebags/ntnu_mclab2_s70_d10_drop20_stats.csv;logs/ntnu_vins/external_hybrid_xfeat_every2_jul07_nonoverlap_onlineprobe3_ntnu_mclab2_s70_d10/ape.txt;logs/ntnu_vins/external_hybrid_xfeat_every2_jul07_nonoverlap_onlineprobe3_ntnu_mclab2_s70_d10/ape.txt:1;logs/ntnu_vins/external_hybrid_xfeat_every2_jul07_nonoverlap_onlineprobe3_ntnu_mclab2_s70_d10/ape.txt:10;logs/ntnu_vins/external_hybrid_xfeat_every2_jul07_nonoverlap_onlineprobe3_ntnu_mclab2_s70_d10/ape.txt:11;logs/ntnu_vins/external_hybrid_xfeat_every2_jul07_nonoverlap_onlineprobe3_ntnu_mclab2_s70_d10/ape.txt:12;logs/ntnu_vins/external_hybrid_xfeat_every2_jul07_nonoverlap_onlineprobe3_ntnu_mclab2_s70_d10/ape.txt:13;logs/ntnu_vins/external_hybrid_xfeat_every2_jul07_nonoverlap_onlineprobe3_ntnu_mclab2_s70_d10/ape.txt:14;logs/ntnu_vins/external_hybrid_xfeat_every2_jul07_nonoverlap_onlineprobe3_ntnu_mclab2_s70_d10/ape.txt:15;logs/ntnu_vins/external_hybrid_xfeat_every2_jul07_nonoverlap_onlineprobe3_ntnu_mclab2_s70_d10/ape.txt:16;logs/ntnu_vins/external_hybrid_xfeat_every2_jul07_nonoverlap_onlineprobe3_ntnu_mclab2_s70_d10/ape.txt:17;...(+167),Prior artifact or parameter/search reference found before P02 freeze; exclude exact window from confirmatory denominator.
ntnu,mclab_2,80,90,second,5,true,true,true,DEVELOPMENT_ONLY,logs/ntnu_vins/external_hybrid_xfeat_every2_jul07_nonoverlap_onlineprobe3_ntnu_mclab2_s80_d10/features.bag;logs/ntnu_vins/external_hybrid_xfeat_every2_jul07_nonoverlap_onlineprobe3_ntnu_mclab2_s80_d10/frontend_metrics.csv;logs/ntnu_vins/external_hybrid_xfeat_every2_jul07_nonoverlap_onlineprobe3_ntnu_mclab2_s80_d10/ntnu_cam0_kannala_brandt.yaml;logs/ntnu_vins/external_hybrid_xfeat_every2_jul07_nonoverlap_onlineprobe3_ntnu_mclab2_s80_d10/vins_ntnu_external.yaml;papers/causal_crossdataset_search_20260718/probe_metrics_candidates.csv:338,Prior artifact or parameter/search reference found before P02 freeze; exclude exact window from confirmatory denominator.
ntnu,mclab_2,90,100,second,4,true,true,true,DEVELOPMENT_ONLY,logs/ntnu_vins/external_hybrid_xfeat_every2_jul08_nonoverlap_onlineprobe1_ntnu_mclab2_s90_d10/features.bag;logs/ntnu_vins/external_hybrid_xfeat_every2_jul08_nonoverlap_onlineprobe1_ntnu_mclab2_s90_d10/frontend_metrics.csv;logs/ntnu_vins/external_hybrid_xfeat_every2_jul08_nonoverlap_onlineprobe1_ntnu_mclab2_s90_d10/ntnu_cam0_kannala_brandt.yaml;logs/ntnu_vins/external_hybrid_xfeat_every2_jul08_nonoverlap_onlineprobe1_ntnu_mclab2_s90_d10/vins_ntnu_external.yaml,Prior artifact or parameter/search reference found before P02 freeze; exclude exact window from confirmatory denominator.
ntnu,mclab_2,90,120,second,4,true,true,true,DEVELOPMENT_ONLY,logs/ntnu_vins/external_hybrid_xfeat_every2_paperprobe_mclab_2_s90_d30_xfeat/features.bag;logs/ntnu_vins/external_hybrid_xfeat_every2_paperprobe_mclab_2_s90_d30_xfeat/frontend_metrics.csv;logs/ntnu_vins/external_hybrid_xfeat_every2_paperprobe_mclab_2_s90_d30_xfeat/ntnu_cam0_kannala_brandt.yaml;logs/ntnu_vins/external_hybrid_xfeat_every2_paperprobe_mclab_2_s90_d30_xfeat/vins_ntnu_external.yaml,Prior artifact or parameter/search reference found before P02 freeze; exclude exact window from confirmatory denominator.
tank,short_test,0,30,second,20,true,true,false,DEVELOPMENT_ONLY,logs/may20c_all_run_dirs.txt:887;logs/may20c_all_run_dirs.txt:888;logs/may20c_all_run_dirs.txt:893;logs/may20c_all_run_dirs.txt:894;logs/subagent_ntnu_tank_uvvid/ntnu_fjord_1_s0_d30_sp_lg/features.bag;logs/subagent_ntnu_tank_uvvid/ntnu_fjord_1_s0_d30_sp_lg/frontend_metrics.csv;logs/subagent_ntnu_tank_uvvid/ntnu_fjord_1_s0_d30_sp_lg/ntnu_cam0_kannala_brandt.yaml;logs/subagent_ntnu_tank_uvvid/ntnu_fjord_1_s0_d30_sp_lg/vins_ntnu_external.yaml;logs/subagent_ntnu_tank_uvvid/ntnu_fjord_1_s0_d30_xfeat/features.bag;logs/subagent_ntnu_tank_uvvid/ntnu_fjord_1_s0_d30_xfeat/frontend_metrics.csv;logs/subagent_ntnu_tank_uvvid/ntnu_fjord_1_s0_d30_xfeat/ntnu_cam0_kannala_brandt.yaml;logs/subagent_ntnu_tank_uvvid/ntnu_fjord_1_s0_d30_xfeat/vins_ntnu_external.yaml;...(+8),Prior artifact or parameter/search reference found before P02 freeze; exclude exact window from confirmatory denominator.
tank,short_test,0,5,second,21,true,true,true,DEVELOPMENT_ONLY,logs/may20c_all_run_dirs.txt:908;logs/may23_window_search/candidate_windows.md:27;logs/subagent_may20c_tank_export_scan.md:17;logs/tank_vins/external_hybrid_loftr_every2_may20c_tank_scan_s0_d5_loftr_sm/features.bag;logs/tank_vins/external_hybrid_loftr_every2_may20c_tank_scan_s0_d5_loftr_sm/frontend_metrics.csv;logs/tank_vins/external_hybrid_loftr_every2_may20c_tank_scan_s0_d5_loftr_sm/tank_left_pinhole.yaml;logs/tank_vins/external_hybrid_loftr_every2_may20c_tank_scan_s0_d5_loftr_sm/vins_tank_external.yaml;logs/tank_vins/external_hybrid_superpoint_lightglue_every2_may20c_tank_scan_s0_d5_splg/features.bag;logs/tank_vins/external_hybrid_superpoint_lightglue_every2_may20c_tank_scan_s0_d5_splg/frontend_metrics.csv;logs/tank_vins/external_hybrid_superpoint_lightglue_every2_may20c_tank_scan_s0_d5_splg/tank_left_pinhole.yaml;logs/tank_vins/external_hybrid_superpoint_lightglue_every2_may20c_tank_scan_s0_d5_splg/vins_tank_external.yaml;logs/tank_vins/external_hybrid_xfeat_every2_may20c_tank_scan_s0_d5_xfeat/features.bag;...(+9),Prior artifact or parameter/search reference found before P02 freeze; exclude exact window from confirmatory denominator.
tank,short_test,10,15,second,19,true,true,false,DEVELOPMENT_ONLY,logs/subagent_may20c_tank_export_scan.md:21;logs/tank_vins/external_hybrid_loftr_every2_may20c_tank_scan_s10_d5_loftr_sm/features.bag;logs/tank_vins/external_hybrid_loftr_every2_may20c_tank_scan_s10_d5_loftr_sm/frontend_metrics.csv;logs/tank_vins/external_hybrid_loftr_every2_may20c_tank_scan_s10_d5_loftr_sm/tank_left_pinhole.yaml;logs/tank_vins/external_hybrid_loftr_every2_may20c_tank_scan_s10_d5_loftr_sm/vins_tank_external.yaml;logs/tank_vins/external_hybrid_superpoint_lightglue_every2_may20c_tank_scan_s10_d5_splg/features.bag;logs/tank_vins/external_hybrid_superpoint_lightglue_every2_may20c_tank_scan_s10_d5_splg/frontend_metrics.csv;logs/tank_vins/external_hybrid_superpoint_lightglue_every2_may20c_tank_scan_s10_d5_splg/tank_left_pinhole.yaml;logs/tank_vins/external_hybrid_superpoint_lightglue_every2_may20c_tank_scan_s10_d5_splg/vins_tank_external.yaml;logs/tank_vins/external_hybrid_xfeat_every2_may20c_tank_scan_s10_d5_xfeat/features.bag;logs/tank_vins/external_hybrid_xfeat_every2_may20c_tank_scan_s10_d5_xfeat/frontend_metrics.csv;logs/tank_vins/external_hybrid_xfeat_every2_may20c_tank_scan_s10_d5_xfeat/tank_left_pinhole.yaml;...(+7),Prior artifact or parameter/search reference found before P02 freeze; exclude exact window from confirmatory denominator.
tank,short_test,120,150,second,10,true,true,false,DEVELOPMENT_ONLY,logs/may20c_all_run_dirs.txt:889;logs/may20c_all_run_dirs.txt:895;logs/subagent_ntnu_tank_uvvid/ntnu_fjord_1_s120_d30_xfeat/features.bag;logs/subagent_ntnu_tank_uvvid/ntnu_fjord_1_s120_d30_xfeat/frontend_metrics.csv;logs/subagent_ntnu_tank_uvvid/ntnu_fjord_1_s120_d30_xfeat/ntnu_cam0_kannala_brandt.yaml;logs/subagent_ntnu_tank_uvvid/ntnu_fjord_1_s120_d30_xfeat/vins_ntnu_external.yaml;logs/subagent_ntnu_tank_uvvid/ntnu_mclab_1_s120_d30_xfeat/features.bag;logs/subagent_ntnu_tank_uvvid/ntnu_mclab_1_s120_d30_xfeat/frontend_metrics.csv;logs/subagent_ntnu_tank_uvvid/ntnu_mclab_1_s120_d30_xfeat/ntnu_cam0_kannala_brandt.yaml;logs/subagent_ntnu_tank_uvvid/ntnu_mclab_1_s120_d30_xfeat/vins_ntnu_external.yaml,Prior artifact or parameter/search reference found before P02 freeze; exclude exact window from confirmatory denominator.
tank,short_test,180,210,second,5,true,true,false,DEVELOPMENT_ONLY,logs/may20c_all_run_dirs.txt:890;logs/subagent_ntnu_tank_uvvid/ntnu_fjord_1_s180_d30_xfeat/features.bag;logs/subagent_ntnu_tank_uvvid/ntnu_fjord_1_s180_d30_xfeat/frontend_metrics.csv;logs/subagent_ntnu_tank_uvvid/ntnu_fjord_1_s180_d30_xfeat/ntnu_cam0_kannala_brandt.yaml;logs/subagent_ntnu_tank_uvvid/ntnu_fjord_1_s180_d30_xfeat/vins_ntnu_external.yaml,Prior artifact or parameter/search reference found before P02 freeze; exclude exact window from confirmatory denominator.
tank,short_test,5,10,second,19,true,true,false,DEVELOPMENT_ONLY,logs/subagent_may20c_tank_export_scan.md:19;logs/tank_vins/external_hybrid_loftr_every2_may20c_tank_scan_s5_d5_loftr_sm/features.bag;logs/tank_vins/external_hybrid_loftr_every2_may20c_tank_scan_s5_d5_loftr_sm/frontend_metrics.csv;logs/tank_vins/external_hybrid_loftr_every2_may20c_tank_scan_s5_d5_loftr_sm/tank_left_pinhole.yaml;logs/tank_vins/external_hybrid_loftr_every2_may20c_tank_scan_s5_d5_loftr_sm/vins_tank_external.yaml;logs/tank_vins/external_hybrid_superpoint_lightglue_every2_may20c_tank_scan_s5_d5_splg/features.bag;logs/tank_vins/external_hybrid_superpoint_lightglue_every2_may20c_tank_scan_s5_d5_splg/frontend_metrics.csv;logs/tank_vins/external_hybrid_superpoint_lightglue_every2_may20c_tank_scan_s5_d5_splg/tank_left_pinhole.yaml;logs/tank_vins/external_hybrid_superpoint_lightglue_every2_may20c_tank_scan_s5_d5_splg/vins_tank_external.yaml;logs/tank_vins/external_hybrid_xfeat_every2_may20c_tank_scan_s5_d5_xfeat/features.bag;logs/tank_vins/external_hybrid_xfeat_every2_may20c_tank_scan_s5_d5_xfeat/frontend_metrics.csv;logs/tank_vins/external_hybrid_xfeat_every2_may20c_tank_scan_s5_d5_xfeat/tank_left_pinhole.yaml;...(+7),Prior artifact or parameter/search reference found before P02 freeze; exclude exact window from confirmatory denominator.
tank,short_test,60,90,second,20,true,true,false,DEVELOPMENT_ONLY,logs/may20c_all_run_dirs.txt:891;logs/may20c_all_run_dirs.txt:892;logs/may20c_all_run_dirs.txt:896;logs/may20c_all_run_dirs.txt:897;logs/subagent_ntnu_tank_uvvid/ntnu_fjord_1_s60_d30_sp_lg/features.bag;logs/subagent_ntnu_tank_uvvid/ntnu_fjord_1_s60_d30_sp_lg/frontend_metrics.csv;logs/subagent_ntnu_tank_uvvid/ntnu_fjord_1_s60_d30_sp_lg/ntnu_cam0_kannala_brandt.yaml;logs/subagent_ntnu_tank_uvvid/ntnu_fjord_1_s60_d30_sp_lg/vins_ntnu_external.yaml;logs/subagent_ntnu_tank_uvvid/ntnu_fjord_1_s60_d30_xfeat/features.bag;logs/subagent_ntnu_tank_uvvid/ntnu_fjord_1_s60_d30_xfeat/frontend_metrics.csv;logs/subagent_ntnu_tank_uvvid/ntnu_fjord_1_s60_d30_xfeat/ntnu_cam0_kannala_brandt.yaml;logs/subagent_ntnu_tank_uvvid/ntnu_fjord_1_s60_d30_xfeat/vins_ntnu_external.yaml;...(+8),Prior artifact or parameter/search reference found before P02 freeze; exclude exact window from confirmatory denominator.
uvvid,orientkaj_run1,0,30,second,20,true,true,false,DEVELOPMENT_ONLY,logs/may20c_all_run_dirs.txt:887;logs/may20c_all_run_dirs.txt:888;logs/may20c_all_run_dirs.txt:893;logs/may20c_all_run_dirs.txt:894;logs/subagent_ntnu_tank_uvvid/ntnu_fjord_1_s0_d30_sp_lg/features.bag;logs/subagent_ntnu_tank_uvvid/ntnu_fjord_1_s0_d30_sp_lg/frontend_metrics.csv;logs/subagent_ntnu_tank_uvvid/ntnu_fjord_1_s0_d30_sp_lg/ntnu_cam0_kannala_brandt.yaml;logs/subagent_ntnu_tank_uvvid/ntnu_fjord_1_s0_d30_sp_lg/vins_ntnu_external.yaml;logs/subagent_ntnu_tank_uvvid/ntnu_fjord_1_s0_d30_xfeat/features.bag;logs/subagent_ntnu_tank_uvvid/ntnu_fjord_1_s0_d30_xfeat/frontend_metrics.csv;logs/subagent_ntnu_tank_uvvid/ntnu_fjord_1_s0_d30_xfeat/ntnu_cam0_kannala_brandt.yaml;logs/subagent_ntnu_tank_uvvid/ntnu_fjord_1_s0_d30_xfeat/vins_ntnu_external.yaml;...(+8),Prior artifact or parameter/search reference found before P02 freeze; exclude exact window from confirmatory denominator.
uvvid,orientkaj_run1,0,5,second,4,true,true,false,DEVELOPMENT_ONLY,logs/uvvid_orientkaj_vins/external_hybrid_loftr_every15_jun21_uvvid_left_s0_d5_native_loftr_light_e15/features.bag;logs/uvvid_orientkaj_vins/external_hybrid_loftr_every15_jun21_uvvid_left_s0_d5_native_loftr_light_e15/frontend_metrics.csv;logs/uvvid_orientkaj_vins/external_hybrid_loftr_every15_jun21_uvvid_left_s0_d5_native_loftr_light_e15/uvvid_oak_left_pinhole.yaml;logs/uvvid_orientkaj_vins/external_hybrid_loftr_every15_jun21_uvvid_left_s0_d5_native_loftr_light_e15/vins_uvvid_external.yaml,Prior artifact or parameter/search reference found before P02 freeze; exclude exact window from confirmatory denominator.
uvvid,orientkaj_run1,100,120,second,404,true,true,true,DEVELOPMENT_ONLY,logs/jul22_uvvid_s100_nonzero_speed_summary.md:33;logs/jun23_xfeat_search_uvvid_subagent.md:50;logs/jun23_xfeat_search_uvvid_subagent.md:57;logs/uvvid_left_s100_d20_scale05_initial_summary_20260621.csv;logs/uvvid_orientkaj_vins/current_nonzero_speed_s100_drop_r1/replay_manifest.txt:2;logs/uvvid_orientkaj_vins/current_nonzero_speed_s100_full_r1/replay_manifest.txt:2;logs/uvvid_orientkaj_vins/current_nonzero_speed_s100_klt_r1/replay_manifest.txt:2;logs/uvvid_orientkaj_vins/external_hybrid_loftr_every5_jun21_uvvid_left_s100_d20_scale05_loftr_exportloose_e5/ape.txt;logs/uvvid_orientkaj_vins/external_hybrid_loftr_every5_jun21_uvvid_left_s100_d20_scale05_loftr_exportloose_e5/ape.txt:1;logs/uvvid_orientkaj_vins/external_hybrid_loftr_every5_jun21_uvvid_left_s100_d20_scale05_loftr_exportloose_e5/ape.txt:10;logs/uvvid_orientkaj_vins/external_hybrid_loftr_every5_jun21_uvvid_left_s100_d20_scale05_loftr_exportloose_e5/ape.txt:11;logs/uvvid_orientkaj_vins/external_hybrid_loftr_every5_jun21_uvvid_left_s100_d20_scale05_loftr_exportloose_e5/ape.txt:12;...(+392),Prior artifact or parameter/search reference found before P02 freeze; exclude exact window from confirmatory denominator.
uvvid,orientkaj_run1,110,115,second,4,true,true,false,DEVELOPMENT_ONLY,logs/uvvid_orientkaj_vins/external_hybrid_loftr_every15_jun21_uvvid_left_s110_d5_native_loftr_light_e15/features.bag;logs/uvvid_orientkaj_vins/external_hybrid_loftr_every15_jun21_uvvid_left_s110_d5_native_loftr_light_e15/frontend_metrics.csv;logs/uvvid_orientkaj_vins/external_hybrid_loftr_every15_jun21_uvvid_left_s110_d5_native_loftr_light_e15/uvvid_oak_left_pinhole.yaml;logs/uvvid_orientkaj_vins/external_hybrid_loftr_every15_jun21_uvvid_left_s110_d5_native_loftr_light_e15/vins_uvvid_external.yaml,Prior artifact or parameter/search reference found before P02 freeze; exclude exact window from confirmatory denominator.
uvvid,orientkaj_run1,120,140,second,138,true,true,true,DEVELOPMENT_ONLY,logs/jul22_uvvid_s120_nonzero_speed_summary.md:45;logs/orbslam3_seeded_validation/uvvid_orientkaj_s120_d20_10hz_runs.csv;logs/orbslam3_seeded_validation/uvvid_orientkaj_s120_d20_native30_runs.csv;logs/uvvid_orientkaj_vins/current_nonzero_speed_s120_drop_r1/replay_manifest.txt:2;logs/uvvid_orientkaj_vins/current_nonzero_speed_s120_drop_r2/replay_manifest.txt:2;logs/uvvid_orientkaj_vins/current_nonzero_speed_s120_drop_r3/replay_manifest.txt:2;logs/uvvid_orientkaj_vins/current_nonzero_speed_s120_drop_r4/replay_manifest.txt:2;logs/uvvid_orientkaj_vins/current_nonzero_speed_s120_drop_r5/replay_manifest.txt:2;logs/uvvid_orientkaj_vins/current_nonzero_speed_s120_full_r1/replay_manifest.txt:2;logs/uvvid_orientkaj_vins/current_nonzero_speed_s120_full_r2/replay_manifest.txt:2;logs/uvvid_orientkaj_vins/current_nonzero_speed_s120_full_r3/replay_manifest.txt:2;logs/uvvid_orientkaj_vins/current_nonzero_speed_s120_full_r4/replay_manifest.txt:2;...(+126),Prior artifact or parameter/search reference found before P02 freeze; exclude exact window from confirmatory denominator.
uvvid,orientkaj_run1,120,150,second,10,true,true,false,DEVELOPMENT_ONLY,logs/may20c_all_run_dirs.txt:889;logs/may20c_all_run_dirs.txt:895;logs/subagent_ntnu_tank_uvvid/ntnu_fjord_1_s120_d30_xfeat/features.bag;logs/subagent_ntnu_tank_uvvid/ntnu_fjord_1_s120_d30_xfeat/frontend_metrics.csv;logs/subagent_ntnu_tank_uvvid/ntnu_fjord_1_s120_d30_xfeat/ntnu_cam0_kannala_brandt.yaml;logs/subagent_ntnu_tank_uvvid/ntnu_fjord_1_s120_d30_xfeat/vins_ntnu_external.yaml;logs/subagent_ntnu_tank_uvvid/ntnu_mclab_1_s120_d30_xfeat/features.bag;logs/subagent_ntnu_tank_uvvid/ntnu_mclab_1_s120_d30_xfeat/frontend_metrics.csv;logs/subagent_ntnu_tank_uvvid/ntnu_mclab_1_s120_d30_xfeat/ntnu_cam0_kannala_brandt.yaml;logs/subagent_ntnu_tank_uvvid/ntnu_mclab_1_s120_d30_xfeat/vins_ntnu_external.yaml,Prior artifact or parameter/search reference found before P02 freeze; exclude exact window from confirmatory denominator.
uvvid,orientkaj_run1,140,160,second,54,true,true,true,DEVELOPMENT_ONLY,logs/uvvid_orientkaj_vins/external_klt_every5_jun21_uvvid_left_s140_d20_scale05_klt_e5/ape.txt;logs/uvvid_orientkaj_vins/external_klt_every5_jun21_uvvid_left_s140_d20_scale05_klt_e5/ape.txt:1;logs/uvvid_orientkaj_vins/external_klt_every5_jun21_uvvid_left_s140_d20_scale05_klt_e5/ape.txt:10;logs/uvvid_orientkaj_vins/external_klt_every5_jun21_uvvid_left_s140_d20_scale05_klt_e5/ape.txt:11;logs/uvvid_orientkaj_vins/external_klt_every5_jun21_uvvid_left_s140_d20_scale05_klt_e5/ape.txt:12;logs/uvvid_orientkaj_vins/external_klt_every5_jun21_uvvid_left_s140_d20_scale05_klt_e5/ape.txt:13;logs/uvvid_orientkaj_vins/external_klt_every5_jun21_uvvid_left_s140_d20_scale05_klt_e5/ape.txt:14;logs/uvvid_orientkaj_vins/external_klt_every5_jun21_uvvid_left_s140_d20_scale05_klt_e5/ape.txt:15;logs/uvvid_orientkaj_vins/external_klt_every5_jun21_uvvid_left_s140_d20_scale05_klt_e5/ape.txt:16;logs/uvvid_orientkaj_vins/external_klt_every5_jun21_uvvid_left_s140_d20_scale05_klt_e5/ape.txt:17;logs/uvvid_orientkaj_vins/external_klt_every5_jun21_uvvid_left_s140_d20_scale05_klt_e5/ape.txt:18;logs/uvvid_orientkaj_vins/external_klt_every5_jun21_uvvid_left_s140_d20_scale05_klt_e5/ape.txt:19;...(+42),Prior artifact or parameter/search reference found before P02 freeze; exclude exact window from confirmatory denominator.
uvvid,orientkaj_run1,160,180,second,60,true,true,true,DEVELOPMENT_ONLY,logs/uvvid_orientkaj_vins/external_klt_every5_jun21_uvvid_left_s160_d20_scale05_klt_e5/ape.txt;logs/uvvid_orientkaj_vins/external_klt_every5_jun21_uvvid_left_s160_d20_scale05_klt_e5/ape.txt:1;logs/uvvid_orientkaj_vins/external_klt_every5_jun21_uvvid_left_s160_d20_scale05_klt_e5/ape.txt:10;logs/uvvid_orientkaj_vins/external_klt_every5_jun21_uvvid_left_s160_d20_scale05_klt_e5/ape.txt:11;logs/uvvid_orientkaj_vins/external_klt_every5_jun21_uvvid_left_s160_d20_scale05_klt_e5/ape.txt:12;logs/uvvid_orientkaj_vins/external_klt_every5_jun21_uvvid_left_s160_d20_scale05_klt_e5/ape.txt:13;logs/uvvid_orientkaj_vins/external_klt_every5_jun21_uvvid_left_s160_d20_scale05_klt_e5/ape.txt:14;logs/uvvid_orientkaj_vins/external_klt_every5_jun21_uvvid_left_s160_d20_scale05_klt_e5/ape.txt:15;logs/uvvid_orientkaj_vins/external_klt_every5_jun21_uvvid_left_s160_d20_scale05_klt_e5/ape.txt:16;logs/uvvid_orientkaj_vins/external_klt_every5_jun21_uvvid_left_s160_d20_scale05_klt_e5/ape.txt:17;logs/uvvid_orientkaj_vins/external_klt_every5_jun21_uvvid_left_s160_d20_scale05_klt_e5/ape.txt:18;logs/uvvid_orientkaj_vins/external_klt_every5_jun21_uvvid_left_s160_d20_scale05_klt_e5/ape.txt:19;...(+48),Prior artifact or parameter/search reference found before P02 freeze; exclude exact window from confirmatory denominator.
uvvid,orientkaj_run1,180,200,second,54,true,true,true,DEVELOPMENT_ONLY,logs/uvvid_orientkaj_vins/external_klt_every5_jun21_uvvid_left_s180_d20_scale05_klt_e5/ape.txt;logs/uvvid_orientkaj_vins/external_klt_every5_jun21_uvvid_left_s180_d20_scale05_klt_e5/ape.txt:1;logs/uvvid_orientkaj_vins/external_klt_every5_jun21_uvvid_left_s180_d20_scale05_klt_e5/ape.txt:10;logs/uvvid_orientkaj_vins/external_klt_every5_jun21_uvvid_left_s180_d20_scale05_klt_e5/ape.txt:11;logs/uvvid_orientkaj_vins/external_klt_every5_jun21_uvvid_left_s180_d20_scale05_klt_e5/ape.txt:12;logs/uvvid_orientkaj_vins/external_klt_every5_jun21_uvvid_left_s180_d20_scale05_klt_e5/ape.txt:13;logs/uvvid_orientkaj_vins/external_klt_every5_jun21_uvvid_left_s180_d20_scale05_klt_e5/ape.txt:14;logs/uvvid_orientkaj_vins/external_klt_every5_jun21_uvvid_left_s180_d20_scale05_klt_e5/ape.txt:15;logs/uvvid_orientkaj_vins/external_klt_every5_jun21_uvvid_left_s180_d20_scale05_klt_e5/ape.txt:16;logs/uvvid_orientkaj_vins/external_klt_every5_jun21_uvvid_left_s180_d20_scale05_klt_e5/ape.txt:17;logs/uvvid_orientkaj_vins/external_klt_every5_jun21_uvvid_left_s180_d20_scale05_klt_e5/ape.txt:18;logs/uvvid_orientkaj_vins/external_klt_every5_jun21_uvvid_left_s180_d20_scale05_klt_e5/ape.txt:19;...(+42),Prior artifact or parameter/search reference found before P02 freeze; exclude exact window from confirmatory denominator.
uvvid,orientkaj_run1,180,210,second,5,true,true,false,DEVELOPMENT_ONLY,logs/may20c_all_run_dirs.txt:890;logs/subagent_ntnu_tank_uvvid/ntnu_fjord_1_s180_d30_xfeat/features.bag;logs/subagent_ntnu_tank_uvvid/ntnu_fjord_1_s180_d30_xfeat/frontend_metrics.csv;logs/subagent_ntnu_tank_uvvid/ntnu_fjord_1_s180_d30_xfeat/ntnu_cam0_kannala_brandt.yaml;logs/subagent_ntnu_tank_uvvid/ntnu_fjord_1_s180_d30_xfeat/vins_ntnu_external.yaml,Prior artifact or parameter/search reference found before P02 freeze; exclude exact window from confirmatory denominator.
uvvid,orientkaj_run1,20,25,second,4,true,true,false,DEVELOPMENT_ONLY,logs/uvvid_orientkaj_vins/external_hybrid_loftr_every15_jun21_uvvid_left_s20_d5_native_loftr_light_e15/features.bag;logs/uvvid_orientkaj_vins/external_hybrid_loftr_every15_jun21_uvvid_left_s20_d5_native_loftr_light_e15/frontend_metrics.csv;logs/uvvid_orientkaj_vins/external_hybrid_loftr_every15_jun21_uvvid_left_s20_d5_native_loftr_light_e15/uvvid_oak_left_pinhole.yaml;logs/uvvid_orientkaj_vins/external_hybrid_loftr_every15_jun21_uvvid_left_s20_d5_native_loftr_light_e15/vins_uvvid_external.yaml,Prior artifact or parameter/search reference found before P02 freeze; exclude exact window from confirmatory denominator.
uvvid,orientkaj_run1,200,220,second,54,true,true,true,DEVELOPMENT_ONLY,logs/uvvid_orientkaj_vins/external_klt_every5_jun21_uvvid_left_s200_d20_scale05_klt_e5/ape.txt;logs/uvvid_orientkaj_vins/external_klt_every5_jun21_uvvid_left_s200_d20_scale05_klt_e5/ape.txt:1;logs/uvvid_orientkaj_vins/external_klt_every5_jun21_uvvid_left_s200_d20_scale05_klt_e5/ape.txt:10;logs/uvvid_orientkaj_vins/external_klt_every5_jun21_uvvid_left_s200_d20_scale05_klt_e5/ape.txt:11;logs/uvvid_orientkaj_vins/external_klt_every5_jun21_uvvid_left_s200_d20_scale05_klt_e5/ape.txt:12;logs/uvvid_orientkaj_vins/external_klt_every5_jun21_uvvid_left_s200_d20_scale05_klt_e5/ape.txt:13;logs/uvvid_orientkaj_vins/external_klt_every5_jun21_uvvid_left_s200_d20_scale05_klt_e5/ape.txt:14;logs/uvvid_orientkaj_vins/external_klt_every5_jun21_uvvid_left_s200_d20_scale05_klt_e5/ape.txt:15;logs/uvvid_orientkaj_vins/external_klt_every5_jun21_uvvid_left_s200_d20_scale05_klt_e5/ape.txt:16;logs/uvvid_orientkaj_vins/external_klt_every5_jun21_uvvid_left_s200_d20_scale05_klt_e5/ape.txt:17;logs/uvvid_orientkaj_vins/external_klt_every5_jun21_uvvid_left_s200_d20_scale05_klt_e5/ape.txt:18;logs/uvvid_orientkaj_vins/external_klt_every5_jun21_uvvid_left_s200_d20_scale05_klt_e5/ape.txt:19;...(+42),Prior artifact or parameter/search reference found before P02 freeze; exclude exact window from confirmatory denominator.
uvvid,orientkaj_run1,220,240,second,80,true,true,true,DEVELOPMENT_ONLY,logs/jun23_xfeat_search_uvvid_subagent.md:51;logs/uvvid_orientkaj_vins/external_hybrid_loftr_every5_jun21_uvvid_left_s220_d20_scale05_loftr_exportloose_e5/ape.txt;logs/uvvid_orientkaj_vins/external_hybrid_loftr_every5_jun21_uvvid_left_s220_d20_scale05_loftr_exportloose_e5/features.bag;logs/uvvid_orientkaj_vins/external_hybrid_loftr_every5_jun21_uvvid_left_s220_d20_scale05_loftr_exportloose_e5/frontend_metrics.csv;logs/uvvid_orientkaj_vins/external_hybrid_loftr_every5_jun21_uvvid_left_s220_d20_scale05_loftr_exportloose_e5/roscore.log;logs/uvvid_orientkaj_vins/external_hybrid_loftr_every5_jun21_uvvid_left_s220_d20_scale05_loftr_exportloose_e5/uvvid_oak_left_pinhole.yaml;logs/uvvid_orientkaj_vins/external_hybrid_loftr_every5_jun21_uvvid_left_s220_d20_scale05_loftr_exportloose_e5/vins.log;logs/uvvid_orientkaj_vins/external_hybrid_loftr_every5_jun21_uvvid_left_s220_d20_scale05_loftr_exportloose_e5/vins_env_manifest.txt;logs/uvvid_orientkaj_vins/external_hybrid_loftr_every5_jun21_uvvid_left_s220_d20_scale05_loftr_exportloose_e5/vins_env_manifest.txt:1;logs/uvvid_orientkaj_vins/external_hybrid_loftr_every5_jun21_uvvid_left_s220_d20_scale05_loftr_exportloose_e5/vins_env_manifest.txt:10;logs/uvvid_orientkaj_vins/external_hybrid_loftr_every5_jun21_uvvid_left_s220_d20_scale05_loftr_exportloose_e5/vins_env_manifest.txt:11;logs/uvvid_orientkaj_vins/external_hybrid_loftr_every5_jun21_uvvid_left_s220_d20_scale05_loftr_exportloose_e5/vins_env_manifest.txt:12;...(+68),Prior artifact or parameter/search reference found before P02 freeze; exclude exact window from confirmatory denominator.
uvvid,orientkaj_run1,230,235,second,4,true,true,false,DEVELOPMENT_ONLY,logs/uvvid_orientkaj_vins/external_hybrid_loftr_every15_jun21_uvvid_left_s230_d5_native_loftr_light_e15/features.bag;logs/uvvid_orientkaj_vins/external_hybrid_loftr_every15_jun21_uvvid_left_s230_d5_native_loftr_light_e15/frontend_metrics.csv;logs/uvvid_orientkaj_vins/external_hybrid_loftr_every15_jun21_uvvid_left_s230_d5_native_loftr_light_e15/uvvid_oak_left_pinhole.yaml;logs/uvvid_orientkaj_vins/external_hybrid_loftr_every15_jun21_uvvid_left_s230_d5_native_loftr_light_e15/vins_uvvid_external.yaml,Prior artifact or parameter/search reference found before P02 freeze; exclude exact window from confirmatory denominator.
uvvid,orientkaj_run1,230,250,second,113,true,true,true,DEVELOPMENT_ONLY,logs/jun23_xfeat_search_uvvid_subagent.md:52;logs/uvvid_orientkaj_vins/external_hybrid_loftr_every5_jun21_uvvid_left_s230_d20_scale05_loftr_exportloose_e5/ape.txt;logs/uvvid_orientkaj_vins/external_hybrid_loftr_every5_jun21_uvvid_left_s230_d20_scale05_loftr_exportloose_e5/ape.txt:1;logs/uvvid_orientkaj_vins/external_hybrid_loftr_every5_jun21_uvvid_left_s230_d20_scale05_loftr_exportloose_e5/ape.txt:10;logs/uvvid_orientkaj_vins/external_hybrid_loftr_every5_jun21_uvvid_left_s230_d20_scale05_loftr_exportloose_e5/ape.txt:11;logs/uvvid_orientkaj_vins/external_hybrid_loftr_every5_jun21_uvvid_left_s230_d20_scale05_loftr_exportloose_e5/ape.txt:12;logs/uvvid_orientkaj_vins/external_hybrid_loftr_every5_jun21_uvvid_left_s230_d20_scale05_loftr_exportloose_e5/ape.txt:13;logs/uvvid_orientkaj_vins/external_hybrid_loftr_every5_jun21_uvvid_left_s230_d20_scale05_loftr_exportloose_e5/ape.txt:14;logs/uvvid_orientkaj_vins/external_hybrid_loftr_every5_jun21_uvvid_left_s230_d20_scale05_loftr_exportloose_e5/ape.txt:15;logs/uvvid_orientkaj_vins/external_hybrid_loftr_every5_jun21_uvvid_left_s230_d20_scale05_loftr_exportloose_e5/ape.txt:16;logs/uvvid_orientkaj_vins/external_hybrid_loftr_every5_jun21_uvvid_left_s230_d20_scale05_loftr_exportloose_e5/ape.txt:17;logs/uvvid_orientkaj_vins/external_hybrid_loftr_every5_jun21_uvvid_left_s230_d20_scale05_loftr_exportloose_e5/ape.txt:18;...(+101),Prior artifact or parameter/search reference found before P02 freeze; exclude exact window from confirmatory denominator.
uvvid,orientkaj_run1,235,255,second,80,true,true,true,DEVELOPMENT_ONLY,logs/jun23_xfeat_search_uvvid_subagent.md:53;logs/uvvid_orientkaj_vins/external_hybrid_loftr_every5_jun21_uvvid_left_s235_d20_scale05_loftr_exportloose_e5/ape.txt;logs/uvvid_orientkaj_vins/external_hybrid_loftr_every5_jun21_uvvid_left_s235_d20_scale05_loftr_exportloose_e5/features.bag;logs/uvvid_orientkaj_vins/external_hybrid_loftr_every5_jun21_uvvid_left_s235_d20_scale05_loftr_exportloose_e5/frontend_metrics.csv;logs/uvvid_orientkaj_vins/external_hybrid_loftr_every5_jun21_uvvid_left_s235_d20_scale05_loftr_exportloose_e5/roscore.log;logs/uvvid_orientkaj_vins/external_hybrid_loftr_every5_jun21_uvvid_left_s235_d20_scale05_loftr_exportloose_e5/uvvid_oak_left_pinhole.yaml;logs/uvvid_orientkaj_vins/external_hybrid_loftr_every5_jun21_uvvid_left_s235_d20_scale05_loftr_exportloose_e5/vins.log;logs/uvvid_orientkaj_vins/external_hybrid_loftr_every5_jun21_uvvid_left_s235_d20_scale05_loftr_exportloose_e5/vins_env_manifest.txt;logs/uvvid_orientkaj_vins/external_hybrid_loftr_every5_jun21_uvvid_left_s235_d20_scale05_loftr_exportloose_e5/vins_env_manifest.txt:1;logs/uvvid_orientkaj_vins/external_hybrid_loftr_every5_jun21_uvvid_left_s235_d20_scale05_loftr_exportloose_e5/vins_env_manifest.txt:10;logs/uvvid_orientkaj_vins/external_hybrid_loftr_every5_jun21_uvvid_left_s235_d20_scale05_loftr_exportloose_e5/vins_env_manifest.txt:11;logs/uvvid_orientkaj_vins/external_hybrid_loftr_every5_jun21_uvvid_left_s235_d20_scale05_loftr_exportloose_e5/vins_env_manifest.txt:12;...(+68),Prior artifact or parameter/search reference found before P02 freeze; exclude exact window from confirmatory denominator.
uvvid,orientkaj_run1,240,260,second,683,true,true,true,DEVELOPMENT_ONLY,logs/jun23_xfeat_search_uvvid_subagent.md:54;logs/jun23_xfeat_search_uvvid_subagent.md:56;logs/tmp_uvvid_left_s240_d20_scale05_loftr_export_summary.csv;logs/uvvid_left_loftr_churn_probe_notes_20260621.md:119;logs/uvvid_left_loftr_churn_probe_notes_20260621.md:120;logs/uvvid_left_s240_d20_scale05_loftr_ablation_summary_20260621.csv;logs/uvvid_left_s240_d20_scale05_loftr_budget_sweep_20260621.csv;logs/uvvid_left_s240_d20_scale05_threeway_vins_summary_20260621.csv;logs/uvvid_orientkaj_vins/external_hybrid_loftr_every5_jun21_uvvid_left_s240_d20_scale05_loftr_cool4_max2_e5/ape.txt;logs/uvvid_orientkaj_vins/external_hybrid_loftr_every5_jun21_uvvid_left_s240_d20_scale05_loftr_cool4_max2_e5/ape.txt:1;logs/uvvid_orientkaj_vins/external_hybrid_loftr_every5_jun21_uvvid_left_s240_d20_scale05_loftr_cool4_max2_e5/ape.txt:10;logs/uvvid_orientkaj_vins/external_hybrid_loftr_every5_jun21_uvvid_left_s240_d20_scale05_loftr_cool4_max2_e5/ape.txt:11;...(+671),Prior artifact or parameter/search reference found before P02 freeze; exclude exact window from confirmatory denominator.
uvvid,orientkaj_run1,250,252,second,5,true,true,true,DEVELOPMENT_ONLY,logs/uvvid_left_loftr_churn_probe_notes_20260621.md:67;logs/uvvid_orientkaj_vins/external_hybrid_loftr_every10_jun21_uvvid_left_s250_d2p2_native_loftr_churn_light_exportloose_v2_e10_psf/features.bag;logs/uvvid_orientkaj_vins/external_hybrid_loftr_every10_jun21_uvvid_left_s250_d2p2_native_loftr_churn_light_exportloose_v2_e10_psf/frontend_metrics.csv;logs/uvvid_orientkaj_vins/external_hybrid_loftr_every10_jun21_uvvid_left_s250_d2p2_native_loftr_churn_light_exportloose_v2_e10_psf/uvvid_oak_left_pinhole.yaml;logs/uvvid_orientkaj_vins/external_hybrid_loftr_every10_jun21_uvvid_left_s250_d2p2_native_loftr_churn_light_exportloose_v2_e10_psf/vins_uvvid_external.yaml,Prior artifact or parameter/search reference found before P02 freeze; exclude exact window from confirmatory denominator.
uvvid,orientkaj_run1,250,255,second,41,true,true,true,DEVELOPMENT_ONLY,logs/uvvid_left_loftr_churn_probe_notes_20260621.md:46;logs/uvvid_orientkaj_vins/external_hybrid_loftr_every10_jun21_uvvid_left_s250_d5_native_loftr_activelegacy_e10/features.bag;logs/uvvid_orientkaj_vins/external_hybrid_loftr_every10_jun21_uvvid_left_s250_d5_native_loftr_activelegacy_e10/frontend_metrics.csv;logs/uvvid_orientkaj_vins/external_hybrid_loftr_every10_jun21_uvvid_left_s250_d5_native_loftr_activelegacy_e10/uvvid_oak_left_pinhole.yaml;logs/uvvid_orientkaj_vins/external_hybrid_loftr_every10_jun21_uvvid_left_s250_d5_native_loftr_activelegacy_e10/vins_uvvid_external.yaml;logs/uvvid_orientkaj_vins/external_hybrid_loftr_every10_jun21_uvvid_left_s250_d5_native_loftr_churn_light_exportloose_e10_psf/features.bag;logs/uvvid_orientkaj_vins/external_hybrid_loftr_every10_jun21_uvvid_left_s250_d5_native_loftr_churn_light_exportloose_e10_psf/frontend_metrics.csv;logs/uvvid_orientkaj_vins/external_hybrid_loftr_every10_jun21_uvvid_left_s250_d5_native_loftr_churn_light_exportloose_e10_psf/uvvid_oak_left_pinhole.yaml;logs/uvvid_orientkaj_vins/external_hybrid_loftr_every10_jun21_uvvid_left_s250_d5_native_loftr_churn_light_exportloose_e10_psf/vins_uvvid_external.yaml;logs/uvvid_orientkaj_vins/external_hybrid_loftr_every10_jun21_uvvid_left_s250_d5_native_loftr_churn_light_exportloose_v2_e10_psf/features.bag;logs/uvvid_orientkaj_vins/external_hybrid_loftr_every10_jun21_uvvid_left_s250_d5_native_loftr_churn_light_exportloose_v2_e10_psf/frontend_metrics.csv;logs/uvvid_orientkaj_vins/external_hybrid_loftr_every10_jun21_uvvid_left_s250_d5_native_loftr_churn_light_exportloose_v2_e10_psf/uvvid_oak_left_pinhole.yaml;...(+29),Prior artifact or parameter/search reference found before P02 freeze; exclude exact window from confirmatory denominator.
uvvid,orientkaj_run1,250,260,second,5,true,true,true,DEVELOPMENT_ONLY,logs/uvvid_left_loftr_churn_probe_notes_20260621.md:89;logs/uvvid_orientkaj_vins/external_hybrid_loftr_every10_jun21_uvvid_left_s250_d10_native_loftr_churn_singleburst_exportloose_e10_psf/features.bag;logs/uvvid_orientkaj_vins/external_hybrid_loftr_every10_jun21_uvvid_left_s250_d10_native_loftr_churn_singleburst_exportloose_e10_psf/frontend_metrics.csv;logs/uvvid_orientkaj_vins/external_hybrid_loftr_every10_jun21_uvvid_left_s250_d10_native_loftr_churn_singleburst_exportloose_e10_psf/uvvid_oak_left_pinhole.yaml;logs/uvvid_orientkaj_vins/external_hybrid_loftr_every10_jun21_uvvid_left_s250_d10_native_loftr_churn_singleburst_exportloose_e10_psf/vins_uvvid_external.yaml,Prior artifact or parameter/search reference found before P02 freeze; exclude exact window from confirmatory denominator.
uvvid,orientkaj_run1,250,270,second,59,true,true,true,DEVELOPMENT_ONLY,logs/jun23_xfeat_search_uvvid_subagent.md:55;logs/tmp_uvvid_left_s250_d20_scale05_export_summary.csv;logs/tmp_uvvid_left_s250_d20_scale05_klt_e10_failed_summary.csv;logs/tmp_uvvid_left_s250_d20_scale05_klt_e5_failed_summary.csv;logs/tmp_uvvid_left_s250_d20_scale05_pre_vins_summary.csv;logs/uvvid_orientkaj_vins/external_hybrid_loftr_every10_jun21_uvvid_left_s250_d20_scale05_loftr_exportloose_e10/features.bag;logs/uvvid_orientkaj_vins/external_hybrid_loftr_every10_jun21_uvvid_left_s250_d20_scale05_loftr_exportloose_e10/frontend_metrics.csv;logs/uvvid_orientkaj_vins/external_hybrid_loftr_every10_jun21_uvvid_left_s250_d20_scale05_loftr_exportloose_e10/uvvid_oak_left_pinhole.yaml;logs/uvvid_orientkaj_vins/external_hybrid_loftr_every10_jun21_uvvid_left_s250_d20_scale05_loftr_exportloose_e10/vins_uvvid_external.yaml;logs/uvvid_orientkaj_vins/external_hybrid_loftr_every10_jun21_uvvid_left_s250_d20_scale05_loftr_exportloose_e10_drop_loftr/drop_loftr_stats.csv;logs/uvvid_orientkaj_vins/external_hybrid_loftr_every10_jun21_uvvid_left_s250_d20_scale05_loftr_exportloose_e10_drop_loftr/features.bag;logs/uvvid_orientkaj_vins/external_hybrid_loftr_every10_jun21_uvvid_left_s250_d20_scale05_loftr_exportloose_e10_drop_loftr/features.orig.bag;...(+47),Prior artifact or parameter/search reference found before P02 freeze; exclude exact window from confirmatory denominator.
uvvid,orientkaj_run1,252,272,second,12,true,true,true,DEVELOPMENT_ONLY,logs/uvvid_orientkaj_vins/external_hybrid_superpoint_lightglue_every2_jun20_uvvid_orientkaj_rgb_s252_d20_probe/features.bag;logs/uvvid_orientkaj_vins/external_hybrid_superpoint_lightglue_every2_jun20_uvvid_orientkaj_rgb_s252_d20_probe/frontend_metrics.csv;logs/uvvid_orientkaj_vins/external_hybrid_superpoint_lightglue_every2_jun20_uvvid_orientkaj_rgb_s252_d20_probe/uvvid_oak_left_pinhole.yaml;logs/uvvid_orientkaj_vins/external_hybrid_superpoint_lightglue_every2_jun20_uvvid_orientkaj_rgb_s252_d20_probe/vins_uvvid_external.yaml;logs/uvvid_orientkaj_vins/external_hybrid_superpoint_lightglue_every5_jun20_uvvid_orientkaj_rgb_s252_d20_fullhybrid_probe/features.bag;logs/uvvid_orientkaj_vins/external_hybrid_superpoint_lightglue_every5_jun20_uvvid_orientkaj_rgb_s252_d20_fullhybrid_probe/frontend_metrics.csv;logs/uvvid_orientkaj_vins/external_hybrid_superpoint_lightglue_every5_jun20_uvvid_orientkaj_rgb_s252_d20_fullhybrid_probe/uvvid_oak_left_pinhole.yaml;logs/uvvid_orientkaj_vins/external_hybrid_superpoint_lightglue_every5_jun20_uvvid_orientkaj_rgb_s252_d20_fullhybrid_probe/vins_uvvid_external.yaml;logs/uvvid_orientkaj_vins/external_hybrid_superpoint_lightglue_every5_jun20_uvvid_orientkaj_rgb_s252_d20_v33_probe/features.bag;logs/uvvid_orientkaj_vins/external_hybrid_superpoint_lightglue_every5_jun20_uvvid_orientkaj_rgb_s252_d20_v33_probe/frontend_metrics.csv;logs/uvvid_orientkaj_vins/external_hybrid_superpoint_lightglue_every5_jun20_uvvid_orientkaj_rgb_s252_d20_v33_probe/uvvid_oak_left_pinhole.yaml;logs/uvvid_orientkaj_vins/external_hybrid_superpoint_lightglue_every5_jun20_uvvid_orientkaj_rgb_s252_d20_v33_probe/vins_uvvid_external.yaml,Prior artifact or parameter/search reference found before P02 freeze; exclude exact window from confirmatory denominator.
uvvid,orientkaj_run1,270,275,second,4,true,true,false,DEVELOPMENT_ONLY,logs/uvvid_orientkaj_vins/external_hybrid_loftr_every15_jun21_uvvid_left_s270_d5_native_loftr_light_e15/features.bag;logs/uvvid_orientkaj_vins/external_hybrid_loftr_every15_jun21_uvvid_left_s270_d5_native_loftr_light_e15/frontend_metrics.csv;logs/uvvid_orientkaj_vins/external_hybrid_loftr_every15_jun21_uvvid_left_s270_d5_native_loftr_light_e15/uvvid_oak_left_pinhole.yaml;logs/uvvid_orientkaj_vins/external_hybrid_loftr_every15_jun21_uvvid_left_s270_d5_native_loftr_light_e15/vins_uvvid_external.yaml,Prior artifact or parameter/search reference found before P02 freeze; exclude exact window from confirmatory denominator.
uvvid,orientkaj_run1,50,55,second,4,true,true,false,DEVELOPMENT_ONLY,logs/uvvid_orientkaj_vins/external_hybrid_loftr_every15_jun21_uvvid_left_s50_d5_native_loftr_light_e15/features.bag;logs/uvvid_orientkaj_vins/external_hybrid_loftr_every15_jun21_uvvid_left_s50_d5_native_loftr_light_e15/frontend_metrics.csv;logs/uvvid_orientkaj_vins/external_hybrid_loftr_every15_jun21_uvvid_left_s50_d5_native_loftr_light_e15/uvvid_oak_left_pinhole.yaml;logs/uvvid_orientkaj_vins/external_hybrid_loftr_every15_jun21_uvvid_left_s50_d5_native_loftr_light_e15/vins_uvvid_external.yaml,Prior artifact or parameter/search reference found before P02 freeze; exclude exact window from confirmatory denominator.
uvvid,orientkaj_run1,60,90,second,20,true,true,false,DEVELOPMENT_ONLY,logs/may20c_all_run_dirs.txt:891;logs/may20c_all_run_dirs.txt:892;logs/may20c_all_run_dirs.txt:896;logs/may20c_all_run_dirs.txt:897;logs/subagent_ntnu_tank_uvvid/ntnu_fjord_1_s60_d30_sp_lg/features.bag;logs/subagent_ntnu_tank_uvvid/ntnu_fjord_1_s60_d30_sp_lg/frontend_metrics.csv;logs/subagent_ntnu_tank_uvvid/ntnu_fjord_1_s60_d30_sp_lg/ntnu_cam0_kannala_brandt.yaml;logs/subagent_ntnu_tank_uvvid/ntnu_fjord_1_s60_d30_sp_lg/vins_ntnu_external.yaml;logs/subagent_ntnu_tank_uvvid/ntnu_fjord_1_s60_d30_xfeat/features.bag;logs/subagent_ntnu_tank_uvvid/ntnu_fjord_1_s60_d30_xfeat/frontend_metrics.csv;logs/subagent_ntnu_tank_uvvid/ntnu_fjord_1_s60_d30_xfeat/ntnu_cam0_kannala_brandt.yaml;logs/subagent_ntnu_tank_uvvid/ntnu_fjord_1_s60_d30_xfeat/vins_ntnu_external.yaml;...(+8),Prior artifact or parameter/search reference found before P02 freeze; exclude exact window from confirmatory denominator.
uvvid,orientkaj_run1,70,90,second,29,true,true,true,DEVELOPMENT_ONLY,logs/uvvid_orientkaj_rgb_jun20_window_scan/rgb_s70_d20_fullhybrid.csv;logs/uvvid_orientkaj_vins/external_hybrid_loftr_every5_jun21_uvvid_orientkaj_rgb_s70_d20_hybrid_loftr_min1/features.bag;logs/uvvid_orientkaj_vins/external_hybrid_loftr_every5_jun21_uvvid_orientkaj_rgb_s70_d20_hybrid_loftr_min1/frontend_metrics.csv;logs/uvvid_orientkaj_vins/external_hybrid_loftr_every5_jun21_uvvid_orientkaj_rgb_s70_d20_hybrid_loftr_min1/uvvid_oak_left_pinhole.yaml;logs/uvvid_orientkaj_vins/external_hybrid_loftr_every5_jun21_uvvid_orientkaj_rgb_s70_d20_hybrid_loftr_min1/vins_uvvid_external.yaml;logs/uvvid_orientkaj_vins/external_hybrid_superpoint_lightglue_every5_jun20_uvvid_orientkaj_rgb_s70_d20_fullhybrid_probe/features.bag;logs/uvvid_orientkaj_vins/external_hybrid_superpoint_lightglue_every5_jun20_uvvid_orientkaj_rgb_s70_d20_fullhybrid_probe/frontend_metrics.csv;logs/uvvid_orientkaj_vins/external_hybrid_superpoint_lightglue_every5_jun20_uvvid_orientkaj_rgb_s70_d20_fullhybrid_probe/uvvid_oak_left_pinhole.yaml;logs/uvvid_orientkaj_vins/external_hybrid_superpoint_lightglue_every5_jun20_uvvid_orientkaj_rgb_s70_d20_fullhybrid_probe/vins_uvvid_external.yaml;logs/uvvid_orientkaj_vins/external_hybrid_superpoint_lightglue_every5_jun20_uvvid_orientkaj_rgb_s70_d20_min1_probe/features.bag;logs/uvvid_orientkaj_vins/external_hybrid_superpoint_lightglue_every5_jun20_uvvid_orientkaj_rgb_s70_d20_min1_probe/frontend_metrics.csv;logs/uvvid_orientkaj_vins/external_hybrid_superpoint_lightglue_every5_jun20_uvvid_orientkaj_rgb_s70_d20_min1_probe/uvvid_oak_left_pinhole.yaml;...(+17),Prior artifact or parameter/search reference found before P02 freeze; exclude exact window from confirmatory denominator.
uvvid,orientkaj_run1,96,116,second,4,true,true,true,DEVELOPMENT_ONLY,logs/uvvid_orientkaj_vins/external_hybrid_superpoint_lightglue_every2_jun20_uvvid_orientkaj_s96_d20_probe/features.bag;logs/uvvid_orientkaj_vins/external_hybrid_superpoint_lightglue_every2_jun20_uvvid_orientkaj_s96_d20_probe/frontend_metrics.csv;logs/uvvid_orientkaj_vins/external_hybrid_superpoint_lightglue_every2_jun20_uvvid_orientkaj_s96_d20_probe/uvvid_oak_left_pinhole.yaml;logs/uvvid_orientkaj_vins/external_hybrid_superpoint_lightglue_every2_jun20_uvvid_orientkaj_s96_d20_probe/vins_uvvid_external.yaml,Prior artifact or parameter/search reference found before P02 freeze; exclude exact window from confirmatory denominator.
