run_slug,arm,public_id,source_id,first_frame,last_frame,public_observations,termination
a09_6000_6800,L6,10000000,99,4,4,1,source_missing_or_invalid
a09_6000_6800,L6,10000001,125,4,4,1,source_missing_or_invalid
a09_6000_6800,L6,10000002,212,5,9,5,source_missing_or_invalid
a09_6000_6800,L6,10000003,287,6,8,3,source_missing_or_invalid
a09_6000_6800,L6,10000004,344,7,17,11,source_missing_or_invalid
a09_6000_6800,L6,10000005,345,7,7,1,source_missing_or_invalid
a09_6000_6800,L6,10000006,356,7,10,4,source_missing_or_invalid
a09_6000_6800,L6,10000007,414,8,9,2,source_missing_or_invalid
a09_6000_6800,L6,10000008,260,9,9,1,source_missing_or_invalid
a09_6000_6800,L6,10000009,454,9,10,2,source_missing_or_invalid
a09_6000_6800,L6,10000010,298,10,10,1,source_missing_or_invalid
a09_6000_6800,L6,10000011,207,11,14,4,source_missing_or_invalid
a09_6000_6800,L6,10000012,357,11,15,5,source_missing_or_invalid
a09_6000_6800,L6,10000013,550,11,11,1,source_missing_or_invalid
a09_6000_6800,L6,10000014,552,11,11,1,source_missing_or_invalid
a09_6000_6800,L6,10000015,485,14,16,3,source_missing_or_invalid
a09_6000_6800,L6,10000016,684,15,15,1,source_missing_or_invalid
a09_6000_6800,L6,10000017,819,15,15,1,source_missing_or_invalid
a09_6000_6800,L6,10000018,375,17,19,3,source_missing_or_invalid
a09_6000_6800,L6,10000019,485,18,18,1,source_missing_or_invalid
a09_6000_6800,L6,10000020,819,18,20,3,source_missing_or_invalid
a09_6000_6800,L6,10000021,962,18,18,1,source_missing_or_invalid
a09_6000_6800,L6,10000022,77,21,21,1,source_missing_or_invalid
a09_6000_6800,L6,10000023,112,21,25,5,source_missing_or_invalid
a09_6000_6800,L6,10000024,77,23,26,4,source_missing_or_invalid
a09_6000_6800,L6,10000025,1208,23,24,2,source_missing_or_invalid
a09_6000_6800,L6,10000026,1291,23,23,1,source_missing_or_invalid
a09_6000_6800,L6,10000027,1296,23,23,1,source_missing_or_invalid
a09_6000_6800,L6,10000028,1389,25,27,3,source_missing_or_invalid
a09_6000_6800,L6,10000029,1429,25,37,13,source_missing_or_invalid
a09_6000_6800,L6,10000030,1269,27,27,1,source_missing_or_invalid
a09_6000_6800,L6,10000031,1502,27,27,1,source_missing_or_invalid
a09_6000_6800,L6,10000032,1558,27,51,25,source_missing_or_invalid
a09_6000_6800,L6,10000033,494,30,30,1,source_missing_or_invalid
a09_6000_6800,L6,10000034,1769,31,31,1,source_missing_or_invalid
a09_6000_6800,L6,10000035,1747,32,32,1,source_missing_or_invalid
a09_6000_6800,L6,10000036,820,33,40,8,source_missing_or_invalid
a09_6000_6800,L6,10000037,1327,33,38,6,source_missing_or_invalid
a09_6000_6800,L6,10000038,1866,33,33,1,source_missing_or_invalid
a09_6000_6800,L6,10000039,2071,36,36,1,source_missing_or_invalid
a09_6000_6800,L6,10000040,2084,36,38,3,source_missing_or_invalid
a09_6000_6800,L6,10000041,2066,37,37,1,source_missing_or_invalid
a09_6000_6800,L6,10000042,1269,38,40,3,source_missing_or_invalid
a09_6000_6800,L6,10000043,1851,40,40,1,source_missing_or_invalid
a09_6000_6800,L6,10000044,2325,40,40,1,source_missing_or_invalid
a09_6000_6800,L6,10000045,2362,41,43,3,source_missing_or_invalid
a09_6000_6800,L6,10000046,2383,41,49,9,source_missing_or_invalid
a09_6000_6800,L6,10000047,2396,41,46,6,source_missing_or_invalid
a09_6000_6800,L6,10000048,2454,42,90,49,source_missing_or_invalid
a09_6000_6800,L6,10000049,2458,42,46,5,source_missing_or_invalid
a09_6000_6800,L6,10000050,741,44,44,1,source_missing_or_invalid
a09_6000_6800,L6,10000051,2638,45,46,2,source_missing_or_invalid
a09_6000_6800,L6,10000052,2325,47,48,2,source_missing_or_invalid
a09_6000_6800,L6,10000053,2710,47,48,2,source_missing_or_invalid
a09_6000_6800,L6,10000054,2817,48,50,3,source_missing_or_invalid
a09_6000_6800,L6,10000055,17,49,49,1,source_missing_or_invalid
a09_6000_6800,L6,10000056,2518,51,51,1,source_missing_or_invalid
a09_6000_6800,L6,10000057,3056,52,52,1,source_missing_or_invalid
a09_6000_6800,L6,10000058,2962,53,56,4,source_missing_or_invalid
a09_6000_6800,L6,10000059,2858,54,58,5,source_missing_or_invalid
a09_6000_6800,L6,10000060,3272,56,58,3,source_missing_or_invalid
a09_6000_6800,L6,10000061,3280,56,58,3,source_missing_or_invalid
a09_6000_6800,L6,10000062,3361,58,62,5,source_missing_or_invalid
a09_6000_6800,L6,10000063,3421,59,61,3,source_missing_or_invalid
a09_6000_6800,L6,10000064,3430,59,131,73,source_missing_or_invalid
a09_6000_6800,L6,10000065,3451,59,60,2,source_missing_or_invalid
a09_6000_6800,L6,10000066,3322,60,60,1,source_missing_or_invalid
a09_6000_6800,L6,10000067,3337,61,64,4,source_missing_or_invalid
a09_6000_6800,L6,10000068,3567,61,61,1,source_missing_or_invalid
a09_6000_6800,L6,10000069,2518,62,62,1,source_missing_or_invalid
a09_6000_6800,L6,10000070,2962,62,62,1,source_missing_or_invalid
a09_6000_6800,L6,10000071,3585,63,70,8,source_missing_or_invalid
a09_6000_6800,L6,10000072,3684,64,65,2,source_missing_or_invalid
a09_6000_6800,L6,10000073,3164,65,67,3,source_missing_or_invalid
a09_6000_6800,L6,10000074,3635,65,65,1,source_missing_or_invalid
a09_6000_6800,L6,10000075,3798,66,76,11,source_missing_or_invalid
a09_6000_6800,L6,10000076,3900,67,69,3,source_missing_or_invalid
a09_6000_6800,L6,10000077,3650,68,74,7,source_missing_or_invalid
a09_6000_6800,L6,10000078,4089,70,73,4,source_missing_or_invalid
a09_6000_6800,L6,10000079,3546,71,71,1,source_missing_or_invalid
a09_6000_6800,L6,10000080,4093,72,104,33,source_missing_or_invalid
a09_6000_6800,L6,10000081,2962,74,75,2,source_missing_or_invalid
a09_6000_6800,L6,10000082,4148,75,78,4,source_missing_or_invalid
a09_6000_6800,L6,10000083,4206,76,76,1,source_missing_or_invalid
a09_6000_6800,L6,10000084,2962,77,77,1,source_missing_or_invalid
a09_6000_6800,L6,10000085,3633,77,77,1,source_missing_or_invalid
a09_6000_6800,L6,10000086,4263,78,95,18,source_missing_or_invalid
a09_6000_6800,L6,10000087,4273,78,87,10,source_missing_or_invalid
a09_6000_6800,L6,10000088,2962,79,79,1,source_missing_or_invalid
a09_6000_6800,L6,10000089,4366,80,86,7,source_missing_or_invalid
a09_6000_6800,L6,10000090,4373,87,89,3,source_missing_or_invalid
a09_6000_6800,L6,10000091,4432,88,94,7,source_missing_or_invalid
a09_6000_6800,L6,10000092,4817,90,100,11,source_missing_or_invalid
a09_6000_6800,L6,10000093,4886,91,98,8,source_missing_or_invalid
a09_6000_6800,L6,10000094,4669,95,100,6,source_missing_or_invalid
a09_6000_6800,L6,10000095,5111,96,104,9,source_missing_or_invalid
a09_6000_6800,L6,10000096,5125,99,120,22,source_missing_or_invalid
a09_6000_6800,L6,10000097,4886,101,101,1,source_missing_or_invalid
a09_6000_6800,L6,10000098,5553,101,109,9,source_missing_or_invalid
a09_6000_6800,L6,10000099,5734,102,116,15,source_missing_or_invalid
a09_6000_6800,L6,10000100,5945,105,108,4,source_missing_or_invalid
a09_6000_6800,L6,10000101,5993,105,110,6,source_missing_or_invalid
a09_6000_6800,L6,10000102,1454,109,109,1,source_missing_or_invalid
a09_6000_6800,L6,10000103,5426,110,116,7,source_missing_or_invalid
a09_6000_6800,L6,10000104,6056,110,110,1,source_missing_or_invalid
a09_6000_6800,L6,10000105,6225,111,114,4,source_missing_or_invalid
a09_6000_6800,L6,10000106,6401,111,111,1,source_missing_or_invalid
a09_6000_6800,L6,10000107,6406,112,112,1,source_missing_or_invalid
a09_6000_6800,L6,10000108,6401,113,113,1,source_missing_or_invalid
a09_6000_6800,L6,10000109,6492,114,124,11,source_missing_or_invalid
a09_6000_6800,L6,10000110,6329,115,115,1,source_missing_or_invalid
a09_6000_6800,L6,10000111,6558,116,119,4,source_missing_or_invalid
a09_6000_6800,L6,10000112,6642,117,126,10,source_missing_or_invalid
a09_6000_6800,L6,10000113,6674,117,121,5,source_missing_or_invalid
a09_6000_6800,L6,10000114,6843,120,123,4,source_missing_or_invalid
a09_6000_6800,L6,10000115,6887,121,121,1,source_missing_or_invalid
a09_6000_6800,L6,10000116,6892,122,180,59,source_missing_or_invalid
a09_6000_6800,L6,10000117,6913,122,133,12,source_missing_or_invalid
a09_6000_6800,L6,10000118,6188,124,127,4,source_missing_or_invalid
a09_6000_6800,L6,10000119,6967,125,128,4,source_missing_or_invalid
a09_6000_6800,L6,10000120,6559,127,130,4,source_missing_or_invalid
a09_6000_6800,L6,10000121,7015,128,129,2,source_missing_or_invalid
a09_6000_6800,L6,10000122,5588,129,129,1,source_missing_or_invalid
a09_6000_6800,L6,10000123,6608,130,138,9,source_missing_or_invalid
a09_6000_6800,L6,10000124,7279,130,133,4,source_missing_or_invalid
a09_6000_6800,L6,10000125,5588,131,135,5,source_missing_or_invalid
a09_6000_6800,L6,10000126,7336,132,132,1,source_missing_or_invalid
a09_6000_6800,L6,10000127,7526,133,133,1,source_missing_or_invalid
a09_6000_6800,L6,10000128,6957,134,135,2,source_missing_or_invalid
a09_6000_6800,L6,10000129,7667,134,135,2,source_missing_or_invalid
a09_6000_6800,L6,10000130,7690,134,147,14,source_missing_or_invalid
a09_6000_6800,L6,10000131,7710,136,141,6,source_missing_or_invalid
a09_6000_6800,L6,10000132,7902,136,136,1,source_missing_or_invalid
a09_6000_6800,L6,10000133,7969,136,137,2,source_missing_or_invalid
a09_6000_6800,L6,10000134,6940,137,139,3,source_missing_or_invalid
a09_6000_6800,L6,10000135,7789,138,138,1,source_missing_or_invalid
a09_6000_6800,L6,10000136,7823,139,140,2,source_missing_or_invalid
a09_6000_6800,L6,10000137,7995,139,146,8,source_missing_or_invalid
a09_6000_6800,L6,10000138,8004,140,140,1,source_missing_or_invalid
a09_6000_6800,L6,10000139,8090,141,150,10,source_missing_or_invalid
a09_6000_6800,L6,10000140,8173,141,141,1,source_missing_or_invalid
a09_6000_6800,L6,10000141,8249,142,153,12,source_missing_or_invalid
a09_6000_6800,L6,10000142,8257,142,151,10,source_missing_or_invalid
a09_6000_6800,L6,10000143,6243,147,147,1,source_missing_or_invalid
a09_6000_6800,L6,10000144,8203,148,151,4,source_missing_or_invalid
a09_6000_6800,L6,10000145,8417,148,149,2,source_missing_or_invalid
a09_6000_6800,L6,10000146,5962,150,153,4,source_missing_or_invalid
a09_6000_6800,L6,10000147,4838,151,151,1,source_missing_or_invalid
a09_6000_6800,L6,10000148,4093,152,157,6,source_missing_or_invalid
a09_6000_6800,L6,10000149,7690,152,154,3,source_missing_or_invalid
a09_6000_6800,L6,10000150,8097,152,152,1,source_missing_or_invalid
a09_6000_6800,L6,10000151,5890,153,153,1,source_missing_or_invalid
a09_6000_6800,L6,10000152,7983,154,154,1,source_missing_or_invalid
a09_6000_6800,L6,10000153,8440,154,156,3,source_missing_or_invalid
a09_6000_6800,L6,10000154,8445,154,157,4,source_missing_or_invalid
a09_6000_6800,L6,10000155,8508,155,155,1,source_missing_or_invalid
a09_6000_6800,L6,10000156,8582,155,176,22,source_missing_or_invalid
a09_6000_6800,L6,10000157,8423,156,156,1,source_missing_or_invalid
a09_6000_6800,L6,10000158,8601,157,157,1,source_missing_or_invalid
a09_6000_6800,L6,10000159,8609,157,162,6,source_missing_or_invalid
a09_6000_6800,L6,10000160,8619,158,164,7,source_missing_or_invalid
a09_6000_6800,L6,10000161,8655,158,158,1,source_missing_or_invalid
a09_6000_6800,L6,10000162,8718,158,162,5,source_missing_or_invalid
a09_6000_6800,L6,10000163,8887,159,159,1,source_missing_or_invalid
a09_6000_6800,L6,10000164,8043,160,162,3,source_missing_or_invalid
a09_6000_6800,L6,10000165,8342,163,165,3,source_missing_or_invalid
a09_6000_6800,L6,10000166,8903,163,172,10,source_missing_or_invalid
a09_6000_6800,L6,10000167,8977,163,172,10,source_missing_or_invalid
a09_6000_6800,L6,10000168,9053,165,165,1,source_missing_or_invalid
a09_6000_6800,L6,10000169,9079,166,168,3,source_missing_or_invalid
a09_6000_6800,L6,10000170,9166,166,167,2,source_missing_or_invalid
a09_6000_6800,L6,10000171,9325,168,174,7,source_missing_or_invalid
a09_6000_6800,L6,10000172,8006,169,172,4,source_missing_or_invalid
a09_6000_6800,L6,10000173,7789,173,176,4,source_missing_or_invalid
a09_6000_6800,L6,10000174,8266,173,173,1,source_missing_or_invalid
a09_6000_6800,L6,10000175,8518,173,173,1,source_missing_or_invalid
a09_6000_6800,L6,10000176,6044,174,174,1,source_missing_or_invalid
a09_6000_6800,L6,10000177,9286,174,176,3,source_missing_or_invalid
a09_6000_6800,L6,10000178,9268,175,184,10,source_missing_or_invalid
a09_6000_6800,L6,10000179,9346,175,178,4,source_missing_or_invalid
a09_6000_6800,L6,10000180,9379,177,180,4,source_missing_or_invalid
a09_6000_6800,L6,10000181,9409,177,178,2,source_missing_or_invalid
a09_6000_6800,L6,10000182,9416,177,181,5,source_missing_or_invalid
a09_6000_6800,L6,10000183,8582,179,184,6,source_missing_or_invalid
a09_6000_6800,L6,10000184,9092,179,181,3,source_missing_or_invalid
a09_6000_6800,L6,10000185,7473,181,182,2,source_missing_or_invalid
a09_6000_6800,L6,10000186,9354,181,183,3,source_missing_or_invalid
a09_6000_6800,L6,10000187,9417,182,193,12,source_missing_or_invalid
a09_6000_6800,L6,10000188,9578,182,189,8,source_missing_or_invalid
a09_6000_6800,L6,10000189,9609,183,197,15,source_missing_or_invalid
a09_6000_6800,L6,10000190,9733,184,195,12,source_missing_or_invalid
a09_6000_6800,L6,10000191,9772,185,186,2,source_missing_or_invalid
a09_6000_6800,L6,10000192,9811,185,204,20,source_missing_or_invalid
a09_6000_6800,L6,10000193,9840,187,268,82,source_missing_or_invalid
a09_6000_6800,L6,10000194,9354,190,190,1,source_missing_or_invalid
a09_6000_6800,L6,10000195,9855,191,200,10,source_missing_or_invalid
a09_6000_6800,L6,10000196,9354,194,194,1,source_missing_or_invalid
a09_6000_6800,L6,10000197,9857,195,219,25,source_missing_or_invalid
a09_6000_6800,L6,10000198,9864,196,240,45,source_missing_or_invalid
a09_6000_6800,L6,10000199,9901,198,235,38,source_missing_or_invalid
a09_6000_6800,L6,10000200,9903,201,205,5,source_missing_or_invalid
a09_6000_6800,L6,10000201,9855,205,222,18,source_missing_or_invalid
a09_6000_6800,L6,10000202,9911,206,232,27,source_missing_or_invalid
a09_6000_6800,L6,10000203,9508,220,315,96,source_missing_or_invalid
a09_6000_6800,L6,10000204,9959,223,231,9,source_missing_or_invalid
a09_6000_6800,L6,10000205,9662,232,232,1,source_missing_or_invalid
a09_6000_6800,L6,10000206,10113,233,241,9,source_missing_or_invalid
a09_6000_6800,L6,10000207,10123,233,247,15,source_missing_or_invalid
a09_6000_6800,L6,10000208,9759,236,236,1,source_missing_or_invalid
a09_6000_6800,L6,10000209,10151,237,257,21,source_missing_or_invalid
a09_6000_6800,L6,10000210,10217,241,243,3,source_missing_or_invalid
a09_6000_6800,L6,10000211,10267,242,246,5,source_missing_or_invalid
a09_6000_6800,L6,10000212,10424,244,307,64,source_missing_or_invalid
a09_6000_6800,L6,10000213,8358,247,256,10,source_missing_or_invalid
a09_6000_6800,L6,10000214,10217,248,248,1,source_missing_or_invalid
a09_6000_6800,L6,10000215,8718,249,251,3,source_missing_or_invalid
a09_6000_6800,L6,10000216,8903,252,254,3,source_missing_or_invalid
a09_6000_6800,L6,10000217,10217,255,255,1,source_missing_or_invalid
a09_6000_6800,L6,10000218,10390,256,256,1,source_missing_or_invalid
a09_6000_6800,L6,10000219,9982,257,271,15,source_missing_or_invalid
a09_6000_6800,L6,10000220,10426,257,307,51,source_missing_or_invalid
a09_6000_6800,L6,10000221,10430,258,266,9,source_missing_or_invalid
a09_6000_6800,L6,10000222,10460,267,278,12,source_missing_or_invalid
a09_6000_6800,L6,10000223,10543,269,309,41,source_missing_or_invalid
a09_6000_6800,L6,10000224,10548,272,300,29,source_missing_or_invalid
a09_6000_6800,L6,10000225,9292,279,281,3,source_missing_or_invalid
a09_6000_6800,L6,10000226,10460,282,307,26,source_missing_or_invalid
a09_6000_6800,L6,10000227,9770,301,321,21,source_missing_or_invalid
a09_6000_6800,L6,10000228,10555,308,323,16,source_missing_or_invalid
a09_6000_6800,L6,10000229,10612,308,353,46,source_missing_or_invalid
a09_6000_6800,L6,10000230,10744,308,387,80,source_missing_or_invalid
a09_6000_6800,L6,10000231,10424,310,399,90,window_end_or_source_end
a09_6000_6800,L6,10000232,10426,316,321,6,source_missing_or_invalid
a09_6000_6800,L6,10000233,9508,322,341,20,source_missing_or_invalid
a09_6000_6800,L6,10000234,10072,322,350,29,source_missing_or_invalid
a09_6000_6800,L6,10000235,9770,324,331,8,source_missing_or_invalid
a09_6000_6800,L6,10000236,10460,332,347,16,source_missing_or_invalid
a09_6000_6800,L6,10000237,10426,342,399,58,window_end_or_source_end
a09_6000_6800,L6,10000238,10555,348,355,8,source_missing_or_invalid
a09_6000_6800,L6,10000239,10460,351,351,1,source_missing_or_invalid
a09_6000_6800,L6,10000240,10072,352,356,5,source_missing_or_invalid
a09_6000_6800,L6,10000241,9036,354,356,3,source_missing_or_invalid
a09_6000_6800,L6,10000242,10106,356,356,1,source_missing_or_invalid
a09_6000_6800,L6,10000243,10123,357,375,19,source_missing_or_invalid
a09_6000_6800,L6,10000244,10603,357,357,1,source_missing_or_invalid
a09_6000_6800,L6,10000245,10612,357,380,24,source_missing_or_invalid
a09_6000_6800,L6,10000246,10072,358,369,12,source_missing_or_invalid
a09_6000_6800,L6,10000247,10460,370,399,30,window_end_or_source_end
a09_6000_6800,L6,10000248,10072,376,383,8,source_missing_or_invalid
a09_6000_6800,L6,10000249,9665,381,399,19,window_end_or_source_end
a09_6000_6800,L6,10000250,9945,384,399,16,window_end_or_source_end
a09_6000_6800,L6,10000251,9028,388,389,2,source_missing_or_invalid
a09_6000_6800,L6,10000252,9367,390,399,10,window_end_or_source_end
a09_6000_6800,L-all,10000000,99,4,4,1,source_missing_or_invalid
a09_6000_6800,L-all,10000001,125,4,4,1,source_missing_or_invalid
a09_6000_6800,L-all,10000002,212,5,9,5,source_missing_or_invalid
a09_6000_6800,L-all,10000003,287,6,8,3,source_missing_or_invalid
a09_6000_6800,L-all,10000004,344,7,17,11,source_missing_or_invalid
a09_6000_6800,L-all,10000005,345,7,7,1,source_missing_or_invalid
a09_6000_6800,L-all,10000006,356,7,10,4,source_missing_or_invalid
a09_6000_6800,L-all,10000007,414,8,9,2,source_missing_or_invalid
a09_6000_6800,L-all,10000008,260,9,9,1,source_missing_or_invalid
a09_6000_6800,L-all,10000009,454,9,10,2,source_missing_or_invalid
a09_6000_6800,L-all,10000010,298,10,10,1,source_missing_or_invalid
a09_6000_6800,L-all,10000011,207,11,14,4,source_missing_or_invalid
a09_6000_6800,L-all,10000012,357,11,15,5,source_missing_or_invalid
a09_6000_6800,L-all,10000013,550,11,11,1,source_missing_or_invalid
a09_6000_6800,L-all,10000014,552,11,11,1,source_missing_or_invalid
a09_6000_6800,L-all,10000015,485,14,16,3,source_missing_or_invalid
a09_6000_6800,L-all,10000016,684,15,15,1,source_missing_or_invalid
a09_6000_6800,L-all,10000017,819,15,15,1,source_missing_or_invalid
a09_6000_6800,L-all,10000018,375,17,19,3,source_missing_or_invalid
a09_6000_6800,L-all,10000019,485,18,18,1,source_missing_or_invalid
a09_6000_6800,L-all,10000020,819,18,20,3,source_missing_or_invalid
a09_6000_6800,L-all,10000021,962,18,18,1,source_missing_or_invalid
a09_6000_6800,L-all,10000022,77,21,21,1,source_missing_or_invalid
a09_6000_6800,L-all,10000023,112,21,25,5,source_missing_or_invalid
a09_6000_6800,L-all,10000024,77,23,26,4,source_missing_or_invalid
a09_6000_6800,L-all,10000025,1208,23,24,2,source_missing_or_invalid
a09_6000_6800,L-all,10000026,1291,23,23,1,source_missing_or_invalid
a09_6000_6800,L-all,10000027,1296,23,23,1,source_missing_or_invalid
a09_6000_6800,L-all,10000028,1389,25,27,3,source_missing_or_invalid
a09_6000_6800,L-all,10000029,1429,25,37,13,source_missing_or_invalid
a09_6000_6800,L-all,10000030,1269,27,27,1,source_missing_or_invalid
a09_6000_6800,L-all,10000031,1502,27,27,1,source_missing_or_invalid
a09_6000_6800,L-all,10000032,1558,27,51,25,source_missing_or_invalid
a09_6000_6800,L-all,10000033,494,30,30,1,source_missing_or_invalid
a09_6000_6800,L-all,10000034,1769,31,31,1,source_missing_or_invalid
a09_6000_6800,L-all,10000035,1747,32,32,1,source_missing_or_invalid
a09_6000_6800,L-all,10000036,820,33,40,8,source_missing_or_invalid
a09_6000_6800,L-all,10000037,1327,33,38,6,source_missing_or_invalid
a09_6000_6800,L-all,10000038,1866,33,33,1,source_missing_or_invalid
a09_6000_6800,L-all,10000039,2071,36,36,1,source_missing_or_invalid
a09_6000_6800,L-all,10000040,2084,36,38,3,source_missing_or_invalid
a09_6000_6800,L-all,10000041,2066,37,37,1,source_missing_or_invalid
a09_6000_6800,L-all,10000042,1269,38,40,3,source_missing_or_invalid
a09_6000_6800,L-all,10000043,1851,40,40,1,source_missing_or_invalid
a09_6000_6800,L-all,10000044,2325,40,40,1,source_missing_or_invalid
a09_6000_6800,L-all,10000045,2362,41,43,3,source_missing_or_invalid
a09_6000_6800,L-all,10000046,2383,41,49,9,source_missing_or_invalid
a09_6000_6800,L-all,10000047,2396,41,46,6,source_missing_or_invalid
a09_6000_6800,L-all,10000048,2454,42,90,49,source_missing_or_invalid
a09_6000_6800,L-all,10000049,2458,42,46,5,source_missing_or_invalid
a09_6000_6800,L-all,10000050,741,44,44,1,source_missing_or_invalid
a09_6000_6800,L-all,10000051,2638,45,46,2,source_missing_or_invalid
a09_6000_6800,L-all,10000052,2518,46,46,1,source_missing_or_invalid
a09_6000_6800,L-all,10000053,2593,46,46,1,source_missing_or_invalid
a09_6000_6800,L-all,10000054,2325,47,48,2,source_missing_or_invalid
a09_6000_6800,L-all,10000055,2710,47,48,2,source_missing_or_invalid
a09_6000_6800,L-all,10000056,2817,48,50,3,source_missing_or_invalid
a09_6000_6800,L-all,10000057,17,49,49,1,source_missing_or_invalid
a09_6000_6800,L-all,10000058,2518,51,51,1,source_missing_or_invalid
a09_6000_6800,L-all,10000059,3056,52,52,1,source_missing_or_invalid
a09_6000_6800,L-all,10000060,2962,53,56,4,source_missing_or_invalid
a09_6000_6800,L-all,10000061,2858,54,58,5,source_missing_or_invalid
a09_6000_6800,L-all,10000062,3272,56,58,3,source_missing_or_invalid
a09_6000_6800,L-all,10000063,3280,56,58,3,source_missing_or_invalid
a09_6000_6800,L-all,10000064,3361,58,62,5,source_missing_or_invalid
a09_6000_6800,L-all,10000065,3421,59,61,3,source_missing_or_invalid
a09_6000_6800,L-all,10000066,3430,59,131,73,source_missing_or_invalid
a09_6000_6800,L-all,10000067,3451,59,60,2,source_missing_or_invalid
a09_6000_6800,L-all,10000068,3322,60,60,1,source_missing_or_invalid
a09_6000_6800,L-all,10000069,3337,60,64,5,source_missing_or_invalid
a09_6000_6800,L-all,10000070,3567,61,61,1,source_missing_or_invalid
a09_6000_6800,L-all,10000071,2518,62,62,1,source_missing_or_invalid
a09_6000_6800,L-all,10000072,2962,62,62,1,source_missing_or_invalid
a09_6000_6800,L-all,10000073,3521,62,62,1,source_missing_or_invalid
a09_6000_6800,L-all,10000074,3585,62,70,9,source_missing_or_invalid
a09_6000_6800,L-all,10000075,3641,62,62,1,source_missing_or_invalid
a09_6000_6800,L-all,10000076,3684,64,65,2,source_missing_or_invalid
a09_6000_6800,L-all,10000077,3164,65,67,3,source_missing_or_invalid
a09_6000_6800,L-all,10000078,3635,65,65,1,source_missing_or_invalid
a09_6000_6800,L-all,10000079,3786,65,65,1,source_missing_or_invalid
a09_6000_6800,L-all,10000080,3798,65,76,12,source_missing_or_invalid
a09_6000_6800,L-all,10000081,3900,67,69,3,source_missing_or_invalid
a09_6000_6800,L-all,10000082,3944,67,69,3,source_missing_or_invalid
a09_6000_6800,L-all,10000083,3650,68,74,7,source_missing_or_invalid
a09_6000_6800,L-all,10000084,4021,69,69,1,source_missing_or_invalid
a09_6000_6800,L-all,10000085,4076,69,69,1,source_missing_or_invalid
a09_6000_6800,L-all,10000086,4089,70,73,4,source_missing_or_invalid
a09_6000_6800,L-all,10000087,4093,70,104,35,source_missing_or_invalid
a09_6000_6800,L-all,10000088,4125,70,70,1,source_missing_or_invalid
a09_6000_6800,L-all,10000089,3546,71,71,1,source_missing_or_invalid
a09_6000_6800,L-all,10000090,4125,72,72,1,source_missing_or_invalid
a09_6000_6800,L-all,10000091,4148,72,78,7,source_missing_or_invalid
a09_6000_6800,L-all,10000092,4206,72,76,5,source_missing_or_invalid
a09_6000_6800,L-all,10000093,2962,73,75,3,source_missing_or_invalid
a09_6000_6800,L-all,10000094,3196,73,73,1,source_missing_or_invalid
a09_6000_6800,L-all,10000095,3503,73,73,1,source_missing_or_invalid
a09_6000_6800,L-all,10000096,4263,73,95,23,source_missing_or_invalid
a09_6000_6800,L-all,10000097,4272,73,74,2,source_missing_or_invalid
a09_6000_6800,L-all,10000098,4366,74,86,13,source_missing_or_invalid
a09_6000_6800,L-all,10000099,4273,75,87,13,source_missing_or_invalid
a09_6000_6800,L-all,10000100,4373,76,89,14,source_missing_or_invalid
a09_6000_6800,L-all,10000101,4410,76,76,1,source_missing_or_invalid
a09_6000_6800,L-all,10000102,2962,77,77,1,source_missing_or_invalid
a09_6000_6800,L-all,10000103,3633,77,77,1,source_missing_or_invalid
a09_6000_6800,L-all,10000104,4501,77,81,5,source_missing_or_invalid
a09_6000_6800,L-all,10000105,2962,79,79,1,source_missing_or_invalid
a09_6000_6800,L-all,10000106,4432,79,94,16,source_missing_or_invalid
a09_6000_6800,L-all,10000107,4465,79,83,5,source_missing_or_invalid
a09_6000_6800,L-all,10000108,4590,79,81,3,source_missing_or_invalid
a09_6000_6800,L-all,10000109,4699,80,80,1,source_missing_or_invalid
a09_6000_6800,L-all,10000110,2962,82,85,4,source_missing_or_invalid
a09_6000_6800,L-all,10000111,4706,82,82,1,source_missing_or_invalid
a09_6000_6800,L-all,10000112,4817,82,100,19,source_missing_or_invalid
a09_6000_6800,L-all,10000113,4501,84,84,1,source_missing_or_invalid
a09_6000_6800,L-all,10000114,4935,85,85,1,source_missing_or_invalid
a09_6000_6800,L-all,10000115,4973,85,88,4,source_missing_or_invalid
a09_6000_6800,L-all,10000116,5064,86,89,4,source_missing_or_invalid
a09_6000_6800,L-all,10000117,5065,86,93,8,source_missing_or_invalid
a09_6000_6800,L-all,10000118,4886,87,98,12,source_missing_or_invalid
a09_6000_6800,L-all,10000119,5108,87,88,2,source_missing_or_invalid
a09_6000_6800,L-all,10000120,5116,87,89,3,source_missing_or_invalid
a09_6000_6800,L-all,10000121,5279,89,92,4,source_missing_or_invalid
a09_6000_6800,L-all,10000122,5111,90,104,15,source_missing_or_invalid
a09_6000_6800,L-all,10000123,5404,92,96,5,source_missing_or_invalid
a09_6000_6800,L-all,10000124,5419,92,92,1,source_missing_or_invalid
a09_6000_6800,L-all,10000125,4935,93,93,1,source_missing_or_invalid
a09_6000_6800,L-all,10000126,5498,93,96,4,source_missing_or_invalid
a09_6000_6800,L-all,10000127,5504,93,93,1,source_missing_or_invalid
a09_6000_6800,L-all,10000128,4669,94,100,7,source_missing_or_invalid
a09_6000_6800,L-all,10000129,5526,94,96,3,source_missing_or_invalid
a09_6000_6800,L-all,10000130,5553,94,109,16,source_missing_or_invalid
a09_6000_6800,L-all,10000131,5617,95,95,1,source_missing_or_invalid
a09_6000_6800,L-all,10000132,5734,97,116,20,source_missing_or_invalid
a09_6000_6800,L-all,10000133,5776,98,98,1,source_missing_or_invalid
a09_6000_6800,L-all,10000134,5125,99,120,22,source_missing_or_invalid
a09_6000_6800,L-all,10000135,5877,99,101,3,source_missing_or_invalid
a09_6000_6800,L-all,10000136,4886,100,101,2,source_missing_or_invalid
a09_6000_6800,L-all,10000137,5945,101,108,8,source_missing_or_invalid
a09_6000_6800,L-all,10000138,5993,101,110,10,source_missing_or_invalid
a09_6000_6800,L-all,10000139,5997,101,101,1,source_missing_or_invalid
a09_6000_6800,L-all,10000140,6028,102,103,2,source_missing_or_invalid
a09_6000_6800,L-all,10000141,6048,102,102,1,source_missing_or_invalid
a09_6000_6800,L-all,10000142,6056,102,110,9,source_missing_or_invalid
a09_6000_6800,L-all,10000143,6128,104,104,1,source_missing_or_invalid
a09_6000_6800,L-all,10000144,6131,104,104,1,source_missing_or_invalid
a09_6000_6800,L-all,10000145,6136,104,105,2,source_missing_or_invalid
a09_6000_6800,L-all,10000146,6168,104,104,1,source_missing_or_invalid
a09_6000_6800,L-all,10000147,6225,105,114,10,source_missing_or_invalid
a09_6000_6800,L-all,10000148,6306,107,107,1,source_missing_or_invalid
a09_6000_6800,L-all,10000149,6346,107,108,2,source_missing_or_invalid
a09_6000_6800,L-all,10000150,6361,108,110,3,source_missing_or_invalid
a09_6000_6800,L-all,10000151,6362,108,108,1,source_missing_or_invalid
a09_6000_6800,L-all,10000152,6366,108,108,1,source_missing_or_invalid
a09_6000_6800,L-all,10000153,6406,108,112,5,source_missing_or_invalid
a09_6000_6800,L-all,10000154,1454,109,109,1,source_missing_or_invalid
a09_6000_6800,L-all,10000155,6409,109,109,1,source_missing_or_invalid
a09_6000_6800,L-all,10000156,6431,109,113,5,source_missing_or_invalid
a09_6000_6800,L-all,10000157,5426,110,116,7,source_missing_or_invalid
a09_6000_6800,L-all,10000158,6485,110,111,2,source_missing_or_invalid
a09_6000_6800,L-all,10000159,6492,110,124,15,source_missing_or_invalid
a09_6000_6800,L-all,10000160,6508,110,111,2,source_missing_or_invalid
a09_6000_6800,L-all,10000161,6401,111,111,1,source_missing_or_invalid
a09_6000_6800,L-all,10000162,6540,111,113,3,source_missing_or_invalid
a09_6000_6800,L-all,10000163,6548,111,112,2,source_missing_or_invalid
a09_6000_6800,L-all,10000164,6558,111,119,9,source_missing_or_invalid
a09_6000_6800,L-all,10000165,6587,111,115,5,source_missing_or_invalid
a09_6000_6800,L-all,10000166,6621,112,114,3,source_missing_or_invalid
a09_6000_6800,L-all,10000167,6628,112,112,1,source_missing_or_invalid
a09_6000_6800,L-all,10000168,6642,112,126,15,source_missing_or_invalid
a09_6000_6800,L-all,10000169,6401,113,113,1,source_missing_or_invalid
a09_6000_6800,L-all,10000170,6662,113,113,1,source_missing_or_invalid
a09_6000_6800,L-all,10000171,6664,113,115,3,source_missing_or_invalid
a09_6000_6800,L-all,10000172,6674,113,121,9,source_missing_or_invalid
a09_6000_6800,L-all,10000173,6694,113,114,2,source_missing_or_invalid
a09_6000_6800,L-all,10000174,6707,113,117,5,source_missing_or_invalid
a09_6000_6800,L-all,10000175,6751,114,114,1,source_missing_or_invalid
a09_6000_6800,L-all,10000176,6329,115,115,1,source_missing_or_invalid
a09_6000_6800,L-all,10000177,6822,115,116,2,source_missing_or_invalid
a09_6000_6800,L-all,10000178,6843,116,123,8,source_missing_or_invalid
a09_6000_6800,L-all,10000179,6886,116,118,3,source_missing_or_invalid
a09_6000_6800,L-all,10000180,6887,116,121,6,source_missing_or_invalid
a09_6000_6800,L-all,10000181,6892,116,180,65,source_missing_or_invalid
a09_6000_6800,L-all,10000182,6893,116,118,3,source_missing_or_invalid
a09_6000_6800,L-all,10000183,6908,117,117,1,source_missing_or_invalid
a09_6000_6800,L-all,10000184,6913,117,133,17,source_missing_or_invalid
a09_6000_6800,L-all,10000185,6916,117,117,1,source_missing_or_invalid
a09_6000_6800,L-all,10000186,6927,117,117,1,source_missing_or_invalid
a09_6000_6800,L-all,10000187,6933,117,120,4,source_missing_or_invalid
a09_6000_6800,L-all,10000188,6940,117,122,6,source_missing_or_invalid
a09_6000_6800,L-all,10000189,5226,118,118,1,source_missing_or_invalid
a09_6000_6800,L-all,10000190,6565,118,118,1,source_missing_or_invalid
a09_6000_6800,L-all,10000191,6753,118,118,1,source_missing_or_invalid
a09_6000_6800,L-all,10000192,6963,118,119,2,source_missing_or_invalid
a09_6000_6800,L-all,10000193,6967,118,128,11,source_missing_or_invalid
a09_6000_6800,L-all,10000194,6991,118,118,1,source_missing_or_invalid
a09_6000_6800,L-all,10000195,7000,118,120,3,source_missing_or_invalid
a09_6000_6800,L-all,10000196,7012,118,119,2,source_missing_or_invalid
a09_6000_6800,L-all,10000197,7014,118,118,1,source_missing_or_invalid
a09_6000_6800,L-all,10000198,7015,118,129,12,source_missing_or_invalid
a09_6000_6800,L-all,10000199,7018,119,120,2,source_missing_or_invalid
a09_6000_6800,L-all,10000200,7116,120,123,4,source_missing_or_invalid
a09_6000_6800,L-all,10000201,7126,120,121,2,source_missing_or_invalid
a09_6000_6800,L-all,10000202,7127,120,125,6,source_missing_or_invalid
a09_6000_6800,L-all,10000203,7142,121,121,1,source_missing_or_invalid
a09_6000_6800,L-all,10000204,7179,121,125,5,source_missing_or_invalid
a09_6000_6800,L-all,10000205,7184,121,121,1,source_missing_or_invalid
a09_6000_6800,L-all,10000206,7246,122,127,6,source_missing_or_invalid
a09_6000_6800,L-all,10000207,7252,122,122,1,source_missing_or_invalid
a09_6000_6800,L-all,10000208,6188,123,127,5,source_missing_or_invalid
a09_6000_6800,L-all,10000209,7277,123,127,5,source_missing_or_invalid
a09_6000_6800,L-all,10000210,7279,123,133,11,source_missing_or_invalid
a09_6000_6800,L-all,10000211,7291,123,125,3,source_missing_or_invalid
a09_6000_6800,L-all,10000212,7336,124,132,9,source_missing_or_invalid
a09_6000_6800,L-all,10000213,7363,124,124,1,source_missing_or_invalid
a09_6000_6800,L-all,10000214,7366,124,124,1,source_missing_or_invalid
a09_6000_6800,L-all,10000215,7369,124,124,1,source_missing_or_invalid
a09_6000_6800,L-all,10000216,7376,124,130,7,source_missing_or_invalid
a09_6000_6800,L-all,10000217,7407,125,126,2,source_missing_or_invalid
a09_6000_6800,L-all,10000218,7412,125,130,6,source_missing_or_invalid
a09_6000_6800,L-all,10000219,6839,126,127,2,source_missing_or_invalid
a09_6000_6800,L-all,10000220,7454,126,129,4,source_missing_or_invalid
a09_6000_6800,L-all,10000221,7497,126,127,2,source_missing_or_invalid
a09_6000_6800,L-all,10000222,6559,127,130,4,source_missing_or_invalid
a09_6000_6800,L-all,10000223,7312,127,127,1,source_missing_or_invalid
a09_6000_6800,L-all,10000224,7437,127,131,5,source_missing_or_invalid
a09_6000_6800,L-all,10000225,7513,127,127,1,source_missing_or_invalid
a09_6000_6800,L-all,10000226,7526,127,133,7,source_missing_or_invalid
a09_6000_6800,L-all,10000227,7536,127,129,3,source_missing_or_invalid
a09_6000_6800,L-all,10000228,7580,128,128,1,source_missing_or_invalid
a09_6000_6800,L-all,10000229,5588,129,129,1,source_missing_or_invalid
a09_6000_6800,L-all,10000230,6855,129,129,1,source_missing_or_invalid
a09_6000_6800,L-all,10000231,7633,129,132,4,source_missing_or_invalid
a09_6000_6800,L-all,10000232,7655,129,131,3,source_missing_or_invalid
a09_6000_6800,L-all,10000233,7661,129,130,2,source_missing_or_invalid
a09_6000_6800,L-all,10000234,7663,129,130,2,source_missing_or_invalid
a09_6000_6800,L-all,10000235,7665,129,131,3,source_missing_or_invalid
a09_6000_6800,L-all,10000236,7667,129,135,7,source_missing_or_invalid
a09_6000_6800,L-all,10000237,7670,129,129,1,source_missing_or_invalid
a09_6000_6800,L-all,10000238,7674,129,129,1,source_missing_or_invalid
a09_6000_6800,L-all,10000239,7677,129,133,5,source_missing_or_invalid
a09_6000_6800,L-all,10000240,6608,130,138,9,source_missing_or_invalid
a09_6000_6800,L-all,10000241,7705,130,130,1,source_missing_or_invalid
a09_6000_6800,L-all,10000242,7715,130,130,1,source_missing_or_invalid
a09_6000_6800,L-all,10000243,5588,131,135,5,source_missing_or_invalid
a09_6000_6800,L-all,10000244,7389,131,131,1,source_missing_or_invalid
a09_6000_6800,L-all,10000245,7710,131,141,11,source_missing_or_invalid
a09_6000_6800,L-all,10000246,7790,131,131,1,source_missing_or_invalid
a09_6000_6800,L-all,10000247,7823,132,134,3,source_missing_or_invalid
a09_6000_6800,L-all,10000248,7831,132,132,1,source_missing_or_invalid
a09_6000_6800,L-all,10000249,7690,133,147,15,source_missing_or_invalid
a09_6000_6800,L-all,10000250,7902,133,133,1,source_missing_or_invalid
a09_6000_6800,L-all,10000251,6957,134,135,2,source_missing_or_invalid
a09_6000_6800,L-all,10000252,7938,134,134,1,source_missing_or_invalid
a09_6000_6800,L-all,10000253,7952,134,134,1,source_missing_or_invalid
a09_6000_6800,L-all,10000254,7969,134,137,4,source_missing_or_invalid
a09_6000_6800,L-all,10000255,7902,135,136,2,source_missing_or_invalid
a09_6000_6800,L-all,10000256,7981,135,135,1,source_missing_or_invalid
a09_6000_6800,L-all,10000257,7995,135,146,12,source_missing_or_invalid
a09_6000_6800,L-all,10000258,8004,136,136,1,source_missing_or_invalid
a09_6000_6800,L-all,10000259,8049,136,137,2,source_missing_or_invalid
a09_6000_6800,L-all,10000260,8053,136,136,1,source_missing_or_invalid
a09_6000_6800,L-all,10000261,8084,136,138,3,source_missing_or_invalid
a09_6000_6800,L-all,10000262,8088,136,138,3,source_missing_or_invalid
a09_6000_6800,L-all,10000263,6940,137,139,3,source_missing_or_invalid
a09_6000_6800,L-all,10000264,7789,137,138,2,source_missing_or_invalid
a09_6000_6800,L-all,10000265,7864,137,137,1,source_missing_or_invalid
a09_6000_6800,L-all,10000266,8116,137,137,1,source_missing_or_invalid
a09_6000_6800,L-all,10000267,8118,137,137,1,source_missing_or_invalid
a09_6000_6800,L-all,10000268,8120,137,139,3,source_missing_or_invalid
a09_6000_6800,L-all,10000269,8146,137,138,2,source_missing_or_invalid
a09_6000_6800,L-all,10000270,8004,138,140,3,source_missing_or_invalid
a09_6000_6800,L-all,10000271,8090,138,150,13,source_missing_or_invalid
a09_6000_6800,L-all,10000272,8173,138,138,1,source_missing_or_invalid
a09_6000_6800,L-all,10000273,7823,139,140,2,source_missing_or_invalid
a09_6000_6800,L-all,10000274,8249,139,153,15,source_missing_or_invalid
a09_6000_6800,L-all,10000275,8257,139,151,13,source_missing_or_invalid
a09_6000_6800,L-all,10000276,8263,139,139,1,source_missing_or_invalid
a09_6000_6800,L-all,10000277,8270,139,140,2,source_missing_or_invalid
a09_6000_6800,L-all,10000278,8173,140,141,2,source_missing_or_invalid
a09_6000_6800,L-all,10000279,8216,140,141,2,source_missing_or_invalid
a09_6000_6800,L-all,10000280,8359,141,141,1,source_missing_or_invalid
a09_6000_6800,L-all,10000281,8362,141,143,3,source_missing_or_invalid
a09_6000_6800,L-all,10000282,8374,141,142,2,source_missing_or_invalid
a09_6000_6800,L-all,10000283,8394,141,142,2,source_missing_or_invalid
a09_6000_6800,L-all,10000284,8440,142,156,15,source_missing_or_invalid
a09_6000_6800,L-all,10000285,8442,142,152,11,source_missing_or_invalid
a09_6000_6800,L-all,10000286,8445,142,157,16,source_missing_or_invalid
a09_6000_6800,L-all,10000287,8450,142,142,1,source_missing_or_invalid
a09_6000_6800,L-all,10000288,6243,143,147,5,source_missing_or_invalid
a09_6000_6800,L-all,10000289,6348,143,144,2,source_missing_or_invalid
a09_6000_6800,L-all,10000290,8145,143,144,2,source_missing_or_invalid
a09_6000_6800,L-all,10000291,8434,143,152,10,source_missing_or_invalid
a09_6000_6800,L-all,10000292,8466,143,146,4,source_missing_or_invalid
a09_6000_6800,L-all,10000293,8475,143,146,4,source_missing_or_invalid
a09_6000_6800,L-all,10000294,8486,143,143,1,source_missing_or_invalid
a09_6000_6800,L-all,10000295,8493,143,148,6,source_missing_or_invalid
a09_6000_6800,L-all,10000296,8501,143,144,2,source_missing_or_invalid
a09_6000_6800,L-all,10000297,8381,144,144,1,source_missing_or_invalid
a09_6000_6800,L-all,10000298,8508,144,153,10,source_missing_or_invalid
a09_6000_6800,L-all,10000299,8525,144,144,1,source_missing_or_invalid
a09_6000_6800,L-all,10000300,8530,144,145,2,source_missing_or_invalid
a09_6000_6800,L-all,10000301,8545,144,144,1,source_missing_or_invalid
a09_6000_6800,L-all,10000302,8550,144,145,2,source_missing_or_invalid
a09_6000_6800,L-all,10000303,8560,144,146,3,source_missing_or_invalid
a09_6000_6800,L-all,10000304,8571,144,148,5,source_missing_or_invalid
a09_6000_6800,L-all,10000305,6446,145,145,1,source_missing_or_invalid
a09_6000_6800,L-all,10000306,8000,145,146,2,source_missing_or_invalid
a09_6000_6800,L-all,10000307,8561,145,145,1,source_missing_or_invalid
a09_6000_6800,L-all,10000308,8582,145,176,32,source_missing_or_invalid
a09_6000_6800,L-all,10000309,8586,145,145,1,source_missing_or_invalid
a09_6000_6800,L-all,10000310,8609,145,162,18,source_missing_or_invalid
a09_6000_6800,L-all,10000311,8610,145,145,1,source_missing_or_invalid
a09_6000_6800,L-all,10000312,8619,145,145,1,source_missing_or_invalid
a09_6000_6800,L-all,10000313,8640,146,151,6,source_missing_or_invalid
a09_6000_6800,L-all,10000314,8646,146,148,3,source_missing_or_invalid
a09_6000_6800,L-all,10000315,8655,146,158,13,source_missing_or_invalid
a09_6000_6800,L-all,10000316,8659,146,150,5,source_missing_or_invalid
a09_6000_6800,L-all,10000317,8669,146,151,6,source_missing_or_invalid
a09_6000_6800,L-all,10000318,8696,146,148,3,source_missing_or_invalid
a09_6000_6800,L-all,10000319,8203,147,151,5,source_missing_or_invalid
a09_6000_6800,L-all,10000320,8547,147,149,3,source_missing_or_invalid
a09_6000_6800,L-all,10000321,8714,147,148,2,source_missing_or_invalid
a09_6000_6800,L-all,10000322,8718,147,162,16,source_missing_or_invalid
a09_6000_6800,L-all,10000323,8723,147,149,3,source_missing_or_invalid
a09_6000_6800,L-all,10000324,8728,147,150,4,source_missing_or_invalid
a09_6000_6800,L-all,10000325,8735,147,157,11,source_missing_or_invalid
a09_6000_6800,L-all,10000326,8736,147,150,4,source_missing_or_invalid
a09_6000_6800,L-all,10000327,8739,147,147,1,source_missing_or_invalid
a09_6000_6800,L-all,10000328,8417,148,149,2,source_missing_or_invalid
a09_6000_6800,L-all,10000329,8435,148,151,4,source_missing_or_invalid
a09_6000_6800,L-all,10000330,8641,148,148,1,source_missing_or_invalid
a09_6000_6800,L-all,10000331,8707,148,155,8,source_missing_or_invalid
a09_6000_6800,L-all,10000332,8742,148,151,4,source_missing_or_invalid
a09_6000_6800,L-all,10000333,8771,148,148,1,source_missing_or_invalid
a09_6000_6800,L-all,10000334,8789,148,149,2,source_missing_or_invalid
a09_6000_6800,L-all,10000335,8000,149,149,1,source_missing_or_invalid
a09_6000_6800,L-all,10000336,8097,149,152,4,source_missing_or_invalid
a09_6000_6800,L-all,10000337,8793,149,150,2,source_missing_or_invalid
a09_6000_6800,L-all,10000338,8828,149,149,1,source_missing_or_invalid
a09_6000_6800,L-all,10000339,8837,149,155,7,source_missing_or_invalid
a09_6000_6800,L-all,10000340,8838,149,151,3,source_missing_or_invalid
a09_6000_6800,L-all,10000341,8845,149,153,5,source_missing_or_invalid
a09_6000_6800,L-all,10000342,8862,149,149,1,source_missing_or_invalid
a09_6000_6800,L-all,10000343,5962,150,153,4,source_missing_or_invalid
a09_6000_6800,L-all,10000344,8641,150,151,2,source_missing_or_invalid
a09_6000_6800,L-all,10000345,8887,150,159,10,source_missing_or_invalid
a09_6000_6800,L-all,10000346,8903,150,172,23,source_missing_or_invalid
a09_6000_6800,L-all,10000347,8906,150,150,1,source_missing_or_invalid
a09_6000_6800,L-all,10000348,8917,150,154,5,source_missing_or_invalid
a09_6000_6800,L-all,10000349,8925,150,155,6,source_missing_or_invalid
a09_6000_6800,L-all,10000350,4838,151,151,1,source_missing_or_invalid
a09_6000_6800,L-all,10000351,7240,151,151,1,source_missing_or_invalid
a09_6000_6800,L-all,10000352,8913,151,161,11,source_missing_or_invalid
a09_6000_6800,L-all,10000353,8949,151,156,6,source_missing_or_invalid
a09_6000_6800,L-all,10000354,8954,151,151,1,source_missing_or_invalid
a09_6000_6800,L-all,10000355,8957,151,159,9,source_missing_or_invalid
a09_6000_6800,L-all,10000356,8965,151,157,7,source_missing_or_invalid
a09_6000_6800,L-all,10000357,8973,151,154,4,source_missing_or_invalid
a09_6000_6800,L-all,10000358,8974,151,152,2,source_missing_or_invalid
a09_6000_6800,L-all,10000359,8977,151,172,22,source_missing_or_invalid
a09_6000_6800,L-all,10000360,8980,151,152,2,source_missing_or_invalid
a09_6000_6800,L-all,10000361,8987,151,151,1,source_missing_or_invalid
a09_6000_6800,L-all,10000362,8988,151,157,7,source_missing_or_invalid
a09_6000_6800,L-all,10000363,4093,152,157,6,source_missing_or_invalid
a09_6000_6800,L-all,10000364,7690,152,154,3,source_missing_or_invalid
a09_6000_6800,L-all,10000365,9022,152,160,9,source_missing_or_invalid
a09_6000_6800,L-all,10000366,9024,152,154,3,source_missing_or_invalid
a09_6000_6800,L-all,10000367,9025,152,152,1,source_missing_or_invalid
a09_6000_6800,L-all,10000368,9040,152,152,1,source_missing_or_invalid
a09_6000_6800,L-all,10000369,9044,152,156,5,source_missing_or_invalid
a09_6000_6800,L-all,10000370,9046,152,152,1,source_missing_or_invalid
a09_6000_6800,L-all,10000371,9053,152,165,14,source_missing_or_invalid
a09_6000_6800,L-all,10000372,5890,153,153,1,source_missing_or_invalid
a09_6000_6800,L-all,10000373,7983,153,154,2,source_missing_or_invalid
a09_6000_6800,L-all,10000374,8417,153,153,1,source_missing_or_invalid
a09_6000_6800,L-all,10000375,8601,153,157,5,source_missing_or_invalid
a09_6000_6800,L-all,10000376,9061,153,161,9,source_missing_or_invalid
a09_6000_6800,L-all,10000377,9079,153,168,16,source_missing_or_invalid
a09_6000_6800,L-all,10000378,9082,153,158,6,source_missing_or_invalid
a09_6000_6800,L-all,10000379,9083,153,159,7,source_missing_or_invalid
a09_6000_6800,L-all,10000380,9092,153,160,8,source_missing_or_invalid
a09_6000_6800,L-all,10000381,9095,153,159,7,source_missing_or_invalid
a09_6000_6800,L-all,10000382,8619,154,164,11,source_missing_or_invalid
a09_6000_6800,L-all,10000383,9103,154,156,3,source_missing_or_invalid
a09_6000_6800,L-all,10000384,9114,154,164,11,source_missing_or_invalid
a09_6000_6800,L-all,10000385,9129,154,160,7,source_missing_or_invalid
a09_6000_6800,L-all,10000386,9166,154,167,14,source_missing_or_invalid
a09_6000_6800,L-all,10000387,8508,155,155,1,source_missing_or_invalid
a09_6000_6800,L-all,10000388,9217,155,164,10,source_missing_or_invalid
a09_6000_6800,L-all,10000389,9228,155,166,12,source_missing_or_invalid
a09_6000_6800,L-all,10000390,9238,155,162,8,source_missing_or_invalid
a09_6000_6800,L-all,10000391,8423,156,156,1,source_missing_or_invalid
a09_6000_6800,L-all,10000392,8921,156,157,2,source_missing_or_invalid
a09_6000_6800,L-all,10000393,9024,156,156,1,source_missing_or_invalid
a09_6000_6800,L-all,10000394,9145,156,156,1,source_missing_or_invalid
a09_6000_6800,L-all,10000395,9220,156,156,1,source_missing_or_invalid
a09_6000_6800,L-all,10000396,9243,156,165,10,source_missing_or_invalid
a09_6000_6800,L-all,10000397,9249,156,161,6,source_missing_or_invalid
a09_6000_6800,L-all,10000398,9257,156,156,1,source_missing_or_invalid
a09_6000_6800,L-all,10000399,9258,156,156,1,source_missing_or_invalid
a09_6000_6800,L-all,10000400,9285,156,161,6,source_missing_or_invalid
a09_6000_6800,L-all,10000401,9286,156,162,7,source_missing_or_invalid
a09_6000_6800,L-all,10000402,9292,156,156,1,source_missing_or_invalid
a09_6000_6800,L-all,10000403,9293,156,157,2,source_missing_or_invalid
a09_6000_6800,L-all,10000404,9221,157,157,1,source_missing_or_invalid
a09_6000_6800,L-all,10000405,9312,157,160,4,source_missing_or_invalid
a09_6000_6800,L-all,10000406,9325,157,174,18,source_missing_or_invalid
a09_6000_6800,L-all,10000407,9339,157,158,2,source_missing_or_invalid
a09_6000_6800,L-all,10000408,9346,157,178,22,source_missing_or_invalid
a09_6000_6800,L-all,10000409,9356,157,157,1,source_missing_or_invalid
a09_6000_6800,L-all,10000410,8984,158,158,1,source_missing_or_invalid
a09_6000_6800,L-all,10000411,9257,158,158,1,source_missing_or_invalid
a09_6000_6800,L-all,10000412,9354,158,176,19,source_missing_or_invalid
a09_6000_6800,L-all,10000413,9367,158,160,3,source_missing_or_invalid
a09_6000_6800,L-all,10000414,9374,158,163,6,source_missing_or_invalid
a09_6000_6800,L-all,10000415,9379,158,158,1,source_missing_or_invalid
a09_6000_6800,L-all,10000416,9383,158,158,1,source_missing_or_invalid
a09_6000_6800,L-all,10000417,9390,158,160,3,source_missing_or_invalid
a09_6000_6800,L-all,10000418,9392,158,158,1,source_missing_or_invalid
a09_6000_6800,L-all,10000419,9409,158,158,1,source_missing_or_invalid
a09_6000_6800,L-all,10000420,9416,158,175,18,source_missing_or_invalid
a09_6000_6800,L-all,10000421,9417,158,171,14,source_missing_or_invalid
a09_6000_6800,L-all,10000422,9293,159,159,1,source_missing_or_invalid
a09_6000_6800,L-all,10000423,9302,159,159,1,source_missing_or_invalid
a09_6000_6800,L-all,10000424,9420,159,167,9,source_missing_or_invalid
a09_6000_6800,L-all,10000425,9421,159,164,6,source_missing_or_invalid
a09_6000_6800,L-all,10000426,9422,159,175,17,source_missing_or_invalid
a09_6000_6800,L-all,10000427,9438,159,174,16,source_missing_or_invalid
a09_6000_6800,L-all,10000428,9440,159,181,23,source_missing_or_invalid
a09_6000_6800,L-all,10000429,9441,159,159,1,source_missing_or_invalid
a09_6000_6800,L-all,10000430,9442,159,161,3,source_missing_or_invalid
a09_6000_6800,L-all,10000431,9445,159,160,2,source_missing_or_invalid
a09_6000_6800,L-all,10000432,9448,159,163,5,source_missing_or_invalid
a09_6000_6800,L-all,10000433,9451,159,159,1,source_missing_or_invalid
a09_6000_6800,L-all,10000434,9455,159,174,16,source_missing_or_invalid
a09_6000_6800,L-all,10000435,9466,159,172,14,source_missing_or_invalid
a09_6000_6800,L-all,10000436,9474,159,159,1,source_missing_or_invalid
a09_6000_6800,L-all,10000437,9477,159,176,18,source_missing_or_invalid
a09_6000_6800,L-all,10000438,8043,160,162,3,source_missing_or_invalid
a09_6000_6800,L-all,10000439,9339,160,170,11,source_missing_or_invalid
a09_6000_6800,L-all,10000440,9392,160,174,15,source_missing_or_invalid
a09_6000_6800,L-all,10000441,9409,160,178,19,source_missing_or_invalid
a09_6000_6800,L-all,10000442,9423,160,165,6,source_missing_or_invalid
a09_6000_6800,L-all,10000443,9482,160,174,15,source_missing_or_invalid
a09_6000_6800,L-all,10000444,9485,160,166,7,source_missing_or_invalid
a09_6000_6800,L-all,10000445,9497,160,164,5,source_missing_or_invalid
a09_6000_6800,L-all,10000446,9504,160,176,17,source_missing_or_invalid
a09_6000_6800,L-all,10000447,9506,160,161,2,source_missing_or_invalid
a09_6000_6800,L-all,10000448,9508,160,172,13,source_missing_or_invalid
a09_6000_6800,L-all,10000449,9510,160,170,11,source_missing_or_invalid
a09_6000_6800,L-all,10000450,9516,160,168,9,source_missing_or_invalid
a09_6000_6800,L-all,10000451,9520,160,181,22,source_missing_or_invalid
a09_6000_6800,L-all,10000452,9522,160,160,1,source_missing_or_invalid
a09_6000_6800,L-all,10000453,9528,160,161,2,source_missing_or_invalid
a09_6000_6800,L-all,10000454,9530,160,175,16,source_missing_or_invalid
a09_6000_6800,L-all,10000455,9533,160,165,6,source_missing_or_invalid
a09_6000_6800,L-all,10000456,8342,161,165,5,source_missing_or_invalid
a09_6000_6800,L-all,10000457,9302,161,162,2,source_missing_or_invalid
a09_6000_6800,L-all,10000458,9541,161,165,5,source_missing_or_invalid
a09_6000_6800,L-all,10000459,9557,161,161,1,source_missing_or_invalid
a09_6000_6800,L-all,10000460,9571,161,165,5,source_missing_or_invalid
a09_6000_6800,L-all,10000461,9572,161,162,2,source_missing_or_invalid
a09_6000_6800,L-all,10000462,9578,161,176,16,source_missing_or_invalid
a09_6000_6800,L-all,10000463,9599,161,171,11,source_missing_or_invalid
a09_6000_6800,L-all,10000464,9441,162,167,6,source_missing_or_invalid
a09_6000_6800,L-all,10000465,9597,162,166,5,source_missing_or_invalid
a09_6000_6800,L-all,10000466,9601,162,162,1,source_missing_or_invalid
a09_6000_6800,L-all,10000467,9609,162,162,1,source_missing_or_invalid
a09_6000_6800,L-all,10000468,9620,162,162,1,source_missing_or_invalid
a09_6000_6800,L-all,10000469,9638,162,175,14,source_missing_or_invalid
a09_6000_6800,L-all,10000470,9639,162,175,14,source_missing_or_invalid
a09_6000_6800,L-all,10000471,9640,162,173,12,source_missing_or_invalid
a09_6000_6800,L-all,10000472,9642,162,162,1,source_missing_or_invalid
a09_6000_6800,L-all,10000473,9647,162,171,10,source_missing_or_invalid
a09_6000_6800,L-all,10000474,9379,163,180,18,source_missing_or_invalid
a09_6000_6800,L-all,10000475,9557,163,163,1,source_missing_or_invalid
a09_6000_6800,L-all,10000476,9608,163,163,1,source_missing_or_invalid
a09_6000_6800,L-all,10000477,9662,163,167,5,source_missing_or_invalid
a09_6000_6800,L-all,10000478,9665,163,171,9,source_missing_or_invalid
a09_6000_6800,L-all,10000479,9670,163,169,7,source_missing_or_invalid
a09_6000_6800,L-all,10000480,9675,163,171,9,source_missing_or_invalid
a09_6000_6800,L-all,10000481,9677,163,168,6,source_missing_or_invalid
a09_6000_6800,L-all,10000482,9682,163,166,4,source_missing_or_invalid
a09_6000_6800,L-all,10000483,9720,164,166,3,source_missing_or_invalid
a09_6000_6800,L-all,10000484,9733,164,176,13,source_missing_or_invalid
a09_6000_6800,L-all,10000485,9739,164,168,5,source_missing_or_invalid
a09_6000_6800,L-all,10000486,9748,164,169,6,source_missing_or_invalid
a09_6000_6800,L-all,10000487,9759,164,174,11,source_missing_or_invalid
a09_6000_6800,L-all,10000488,9769,164,170,7,source_missing_or_invalid
a09_6000_6800,L-all,10000489,9772,164,176,13,source_missing_or_invalid
a09_6000_6800,L-all,10000490,9774,164,171,8,source_missing_or_invalid
a09_6000_6800,L-all,10000491,9528,165,166,2,source_missing_or_invalid
a09_6000_6800,L-all,10000492,9567,165,174,10,source_missing_or_invalid
a09_6000_6800,L-all,10000493,9744,165,165,1,source_missing_or_invalid
a09_6000_6800,L-all,10000494,9782,165,166,2,source_missing_or_invalid
a09_6000_6800,L-all,10000495,9808,165,165,1,source_missing_or_invalid
a09_6000_6800,L-all,10000496,9810,165,169,5,source_missing_or_invalid
a09_6000_6800,L-all,10000497,9811,165,204,40,source_missing_or_invalid
a09_6000_6800,L-all,10000498,9819,165,168,4,source_missing_or_invalid
a09_6000_6800,L-all,10000499,9824,165,181,17,source_missing_or_invalid
a09_6000_6800,L-all,10000500,9836,165,166,2,source_missing_or_invalid
a09_6000_6800,L-all,10000501,9633,166,166,1,source_missing_or_invalid
a09_6000_6800,L-all,10000502,9840,166,176,11,source_missing_or_invalid
a09_6000_6800,L-all,10000503,9848,166,171,6,source_missing_or_invalid
a09_6000_6800,L-all,10000504,9855,166,176,11,source_missing_or_invalid
a09_6000_6800,L-all,10000505,9857,166,176,11,source_missing_or_invalid
a09_6000_6800,L-all,10000506,9864,166,171,6,source_missing_or_invalid
a09_6000_6800,L-all,10000507,9870,166,168,3,source_missing_or_invalid
a09_6000_6800,L-all,10000508,9871,166,166,1,source_missing_or_invalid
a09_6000_6800,L-all,10000509,9874,166,166,1,source_missing_or_invalid
a09_6000_6800,L-all,10000510,9875,166,167,2,source_missing_or_invalid
a09_6000_6800,L-all,10000511,9877,166,171,6,source_missing_or_invalid
a09_6000_6800,L-all,10000512,9881,166,175,10,source_missing_or_invalid
a09_6000_6800,L-all,10000513,8006,167,167,1,source_missing_or_invalid
a09_6000_6800,L-all,10000514,9827,167,171,5,source_missing_or_invalid
a09_6000_6800,L-all,10000515,9887,167,167,1,source_missing_or_invalid
a09_6000_6800,L-all,10000516,9897,167,167,1,source_missing_or_invalid
a09_6000_6800,L-all,10000517,9900,167,174,8,source_missing_or_invalid
a09_6000_6800,L-all,10000518,9901,167,235,69,source_missing_or_invalid
a09_6000_6800,L-all,10000519,9903,167,205,39,source_missing_or_invalid
a09_6000_6800,L-all,10000520,9904,167,172,6,source_missing_or_invalid
a09_6000_6800,L-all,10000521,9906,167,167,1,source_missing_or_invalid
a09_6000_6800,L-all,10000522,9911,167,175,9,source_missing_or_invalid
a09_6000_6800,L-all,10000523,9916,167,170,4,source_missing_or_invalid
a09_6000_6800,L-all,10000524,9922,167,174,8,source_missing_or_invalid
a09_6000_6800,L-all,10000525,9924,167,168,2,source_missing_or_invalid
a09_6000_6800,L-all,10000526,9925,167,168,2,source_missing_or_invalid
a09_6000_6800,L-all,10000527,9928,167,167,1,source_missing_or_invalid
a09_6000_6800,L-all,10000528,9929,167,172,6,source_missing_or_invalid
a09_6000_6800,L-all,10000529,9945,167,178,12,source_missing_or_invalid
a09_6000_6800,L-all,10000530,9959,167,176,10,source_missing_or_invalid
a09_6000_6800,L-all,10000531,9965,168,175,8,source_missing_or_invalid
a09_6000_6800,L-all,10000532,9970,168,171,4,source_missing_or_invalid
a09_6000_6800,L-all,10000533,9972,168,168,1,source_missing_or_invalid
a09_6000_6800,L-all,10000534,9981,168,171,4,source_missing_or_invalid
a09_6000_6800,L-all,10000535,9982,168,232,65,source_missing_or_invalid
a09_6000_6800,L-all,10000536,10010,168,215,48,source_missing_or_invalid
a09_6000_6800,L-all,10000537,10016,168,168,1,source_missing_or_invalid
a09_6000_6800,L-all,10000538,8006,169,172,4,source_missing_or_invalid
a09_6000_6800,L-all,10000539,9286,169,176,8,source_missing_or_invalid
a09_6000_6800,L-all,10000540,10020,169,170,2,source_missing_or_invalid
a09_6000_6800,L-all,10000541,10021,169,197,29,source_missing_or_invalid
a09_6000_6800,L-all,10000542,10025,169,173,5,source_missing_or_invalid
a09_6000_6800,L-all,10000543,10026,169,184,16,source_missing_or_invalid
a09_6000_6800,L-all,10000544,10030,169,176,8,source_missing_or_invalid
a09_6000_6800,L-all,10000545,10032,169,169,1,source_missing_or_invalid
a09_6000_6800,L-all,10000546,10041,169,169,1,source_missing_or_invalid
a09_6000_6800,L-all,10000547,10045,169,173,5,source_missing_or_invalid
a09_6000_6800,L-all,10000548,10072,169,171,3,source_missing_or_invalid
a09_6000_6800,L-all,10000549,10073,169,176,8,source_missing_or_invalid
a09_6000_6800,L-all,10000550,7007,170,171,2,source_missing_or_invalid
a09_6000_6800,L-all,10000551,7789,170,176,7,source_missing_or_invalid
a09_6000_6800,L-all,10000552,10016,170,173,4,source_missing_or_invalid
a09_6000_6800,L-all,10000553,10043,170,192,23,source_missing_or_invalid
a09_6000_6800,L-all,10000554,10082,170,176,7,source_missing_or_invalid
a09_6000_6800,L-all,10000555,10088,170,176,7,source_missing_or_invalid
a09_6000_6800,L-all,10000556,10104,170,171,2,source_missing_or_invalid
a09_6000_6800,L-all,10000557,10113,170,241,72,source_missing_or_invalid
a09_6000_6800,L-all,10000558,10123,170,171,2,source_missing_or_invalid
a09_6000_6800,L-all,10000559,10125,170,176,7,source_missing_or_invalid
a09_6000_6800,L-all,10000560,10127,170,200,31,source_missing_or_invalid
a09_6000_6800,L-all,10000561,10132,170,171,2,source_missing_or_invalid
a09_6000_6800,L-all,10000562,10063,171,193,23,source_missing_or_invalid
a09_6000_6800,L-all,10000563,10140,171,175,5,source_missing_or_invalid
a09_6000_6800,L-all,10000564,10142,171,172,2,source_missing_or_invalid
a09_6000_6800,L-all,10000565,10147,171,171,1,source_missing_or_invalid
a09_6000_6800,L-all,10000566,10151,171,200,30,source_missing_or_invalid
a09_6000_6800,L-all,10000567,10152,171,171,1,source_missing_or_invalid
a09_6000_6800,L-all,10000568,10166,171,188,18,source_missing_or_invalid
a09_6000_6800,L-all,10000569,10184,171,172,2,source_missing_or_invalid
a09_6000_6800,L-all,10000570,10187,171,183,13,source_missing_or_invalid
a09_6000_6800,L-all,10000571,10193,171,176,6,source_missing_or_invalid
a09_6000_6800,L-all,10000572,7242,172,172,1,source_missing_or_invalid
a09_6000_6800,L-all,10000573,8266,172,173,2,source_missing_or_invalid
a09_6000_6800,L-all,10000574,10041,172,176,5,source_missing_or_invalid
a09_6000_6800,L-all,10000575,10207,172,172,1,source_missing_or_invalid
a09_6000_6800,L-all,10000576,10213,172,203,32,source_missing_or_invalid
a09_6000_6800,L-all,10000577,10223,172,212,41,source_missing_or_invalid
a09_6000_6800,L-all,10000578,10227,172,184,13,source_missing_or_invalid
a09_6000_6800,L-all,10000579,10236,172,178,7,source_missing_or_invalid
a09_6000_6800,L-all,10000580,10250,172,184,13,source_missing_or_invalid
a09_6000_6800,L-all,10000581,10251,172,177,6,source_missing_or_invalid
a09_6000_6800,L-all,10000582,8518,173,173,1,source_missing_or_invalid
a09_6000_6800,L-all,10000583,9599,173,174,2,source_missing_or_invalid
a09_6000_6800,L-all,10000584,9675,173,176,4,source_missing_or_invalid
a09_6000_6800,L-all,10000585,9864,173,240,68,source_missing_or_invalid
a09_6000_6800,L-all,10000586,9916,173,173,1,source_missing_or_invalid
a09_6000_6800,L-all,10000587,9970,173,176,4,source_missing_or_invalid
a09_6000_6800,L-all,10000588,9981,173,176,4,source_missing_or_invalid
a09_6000_6800,L-all,10000589,10072,173,180,8,source_missing_or_invalid
a09_6000_6800,L-all,10000590,10123,173,176,4,source_missing_or_invalid
a09_6000_6800,L-all,10000591,10147,173,178,6,source_missing_or_invalid
a09_6000_6800,L-all,10000592,10152,173,200,28,source_missing_or_invalid
a09_6000_6800,L-all,10000593,10217,173,178,6,source_missing_or_invalid
a09_6000_6800,L-all,10000594,10228,173,177,5,source_missing_or_invalid
a09_6000_6800,L-all,10000595,10276,173,173,1,source_missing_or_invalid
a09_6000_6800,L-all,10000596,10284,173,176,4,source_missing_or_invalid
a09_6000_6800,L-all,10000597,10296,173,182,10,source_missing_or_invalid
a09_6000_6800,L-all,10000598,10314,173,181,9,source_missing_or_invalid
a09_6000_6800,L-all,10000599,6044,174,174,1,source_missing_or_invalid
a09_6000_6800,L-all,10000600,10290,174,174,1,source_missing_or_invalid
a09_6000_6800,L-all,10000601,10329,174,176,3,source_missing_or_invalid
a09_6000_6800,L-all,10000602,10348,174,176,3,source_missing_or_invalid
a09_6000_6800,L-all,10000603,10354,174,175,2,source_missing_or_invalid
a09_6000_6800,L-all,10000604,9268,175,184,10,source_missing_or_invalid
a09_6000_6800,L-all,10000605,10276,175,179,5,source_missing_or_invalid
a09_6000_6800,L-all,10000606,10395,175,182,8,source_missing_or_invalid
a09_6000_6800,L-all,10000607,10404,175,175,1,source_missing_or_invalid
a09_6000_6800,L-all,10000608,10418,175,184,10,source_missing_or_invalid
a09_6000_6800,L-all,10000609,10422,175,200,26,source_missing_or_invalid
a09_6000_6800,L-all,10000610,10425,175,181,7,source_missing_or_invalid
a09_6000_6800,L-all,10000611,10426,175,212,38,source_missing_or_invalid
a09_6000_6800,L-all,10000612,10428,175,217,43,source_missing_or_invalid
a09_6000_6800,L-all,10000613,10430,175,179,5,source_missing_or_invalid
a09_6000_6800,L-all,10000614,8984,176,176,1,source_missing_or_invalid
a09_6000_6800,L-all,10000615,9417,176,193,18,source_missing_or_invalid
a09_6000_6800,L-all,10000616,10267,176,246,71,source_missing_or_invalid
a09_6000_6800,L-all,10000617,10424,176,194,19,source_missing_or_invalid
a09_6000_6800,L-all,10000618,10435,176,176,1,source_missing_or_invalid
a09_6000_6800,L-all,10000619,10441,176,200,25,source_missing_or_invalid
a09_6000_6800,L-all,10000620,10446,176,176,1,source_missing_or_invalid
a09_6000_6800,L-all,10000621,10451,176,199,24,source_missing_or_invalid
a09_6000_6800,L-all,10000622,10454,176,228,53,source_missing_or_invalid
a09_6000_6800,L-all,10000623,10457,176,216,41,source_missing_or_invalid
a09_6000_6800,L-all,10000624,10460,176,176,1,source_missing_or_invalid
a09_6000_6800,L-all,10000625,10467,176,176,1,source_missing_or_invalid
a09_6000_6800,L-all,10000626,10468,176,176,1,source_missing_or_invalid
a09_6000_6800,L-all,10000627,10472,176,180,5,source_missing_or_invalid
a09_6000_6800,L-all,10000628,10483,176,176,1,source_missing_or_invalid
a09_6000_6800,L-all,10000629,10488,176,176,1,source_missing_or_invalid
a09_6000_6800,L-all,10000630,10491,176,245,70,source_missing_or_invalid
a09_6000_6800,L-all,10000631,9416,177,181,5,source_missing_or_invalid
a09_6000_6800,L-all,10000632,10404,177,182,6,source_missing_or_invalid
a09_6000_6800,L-all,10000633,10506,177,178,2,source_missing_or_invalid
a09_6000_6800,L-all,10000634,10527,177,181,5,source_missing_or_invalid
a09_6000_6800,L-all,10000635,10548,177,181,5,source_missing_or_invalid
a09_6000_6800,L-all,10000636,10555,177,196,20,source_missing_or_invalid
a09_6000_6800,L-all,10000637,8582,178,184,7,source_missing_or_invalid
a09_6000_6800,L-all,10000638,9092,178,181,4,source_missing_or_invalid
a09_6000_6800,L-all,10000639,9354,178,183,6,source_missing_or_invalid
a09_6000_6800,L-all,10000640,9504,178,179,2,source_missing_or_invalid
a09_6000_6800,L-all,10000641,9578,178,189,12,source_missing_or_invalid
a09_6000_6800,L-all,10000642,9675,178,182,5,source_missing_or_invalid
a09_6000_6800,L-all,10000643,9733,178,195,18,source_missing_or_invalid
a09_6000_6800,L-all,10000644,9772,178,186,9,source_missing_or_invalid
a09_6000_6800,L-all,10000645,9840,178,268,91,source_missing_or_invalid
a09_6000_6800,L-all,10000646,9855,178,200,23,source_missing_or_invalid
a09_6000_6800,L-all,10000647,9857,178,219,42,source_missing_or_invalid
a09_6000_6800,L-all,10000648,9959,178,200,23,source_missing_or_invalid
a09_6000_6800,L-all,10000649,9970,178,193,16,source_missing_or_invalid
a09_6000_6800,L-all,10000650,9981,178,182,5,source_missing_or_invalid
a09_6000_6800,L-all,10000651,10073,178,200,23,source_missing_or_invalid
a09_6000_6800,L-all,10000652,10082,178,183,6,source_missing_or_invalid
a09_6000_6800,L-all,10000653,10123,178,247,70,source_missing_or_invalid
a09_6000_6800,L-all,10000654,10125,178,178,1,source_missing_or_invalid
a09_6000_6800,L-all,10000655,10193,178,178,1,source_missing_or_invalid
a09_6000_6800,L-all,10000656,10307,178,206,29,source_missing_or_invalid
a09_6000_6800,L-all,10000657,10336,178,183,6,source_missing_or_invalid
a09_6000_6800,L-all,10000658,10348,178,181,4,source_missing_or_invalid
a09_6000_6800,L-all,10000659,10446,178,178,1,source_missing_or_invalid
a09_6000_6800,L-all,10000660,10460,178,194,17,source_missing_or_invalid
a09_6000_6800,L-all,10000661,10483,178,182,5,source_missing_or_invalid
a09_6000_6800,L-all,10000662,10487,178,200,23,source_missing_or_invalid
a09_6000_6800,L-all,10000663,10488,178,194,17,source_missing_or_invalid
a09_6000_6800,L-all,10000664,10514,178,179,2,source_missing_or_invalid
a09_6000_6800,L-all,10000665,10543,178,206,29,source_missing_or_invalid
a09_6000_6800,L-all,10000666,10553,178,178,1,source_missing_or_invalid
a09_6000_6800,L-all,10000667,10560,178,188,11,source_missing_or_invalid
a09_6000_6800,L-all,10000668,10569,178,178,1,source_missing_or_invalid
a09_6000_6800,L-all,10000669,10576,178,187,10,source_missing_or_invalid
a09_6000_6800,L-all,10000670,10588,178,182,5,source_missing_or_invalid
a09_6000_6800,L-all,10000671,10593,178,236,59,source_missing_or_invalid
a09_6000_6800,L-all,10000672,10609,178,200,23,source_missing_or_invalid
a09_6000_6800,L-all,10000673,10612,178,262,85,source_missing_or_invalid
a09_6000_6800,L-all,10000674,9609,179,197,19,source_missing_or_invalid
a09_6000_6800,L-all,10000675,10624,179,180,2,source_missing_or_invalid
a09_6000_6800,L-all,10000676,10625,179,200,22,source_missing_or_invalid
a09_6000_6800,L-all,10000677,10652,179,179,1,source_missing_or_invalid
a09_6000_6800,L-all,10000678,10125,180,206,27,source_missing_or_invalid
a09_6000_6800,L-all,10000679,10668,180,180,1,source_missing_or_invalid
a09_6000_6800,L-all,10000680,10685,180,182,3,source_missing_or_invalid
a09_6000_6800,L-all,10000681,10687,180,206,27,source_missing_or_invalid
a09_6000_6800,L-all,10000682,10720,180,191,12,source_missing_or_invalid
a09_6000_6800,L-all,10000683,10724,180,180,1,source_missing_or_invalid
a09_6000_6800,L-all,10000684,10728,180,200,21,source_missing_or_invalid
a09_6000_6800,L-all,10000685,10730,180,195,16,source_missing_or_invalid
a09_6000_6800,L-all,10000686,7473,181,182,2,source_missing_or_invalid
a09_6000_6800,L-all,10000687,10217,181,200,20,source_missing_or_invalid
a09_6000_6800,L-all,10000688,10718,181,181,1,source_missing_or_invalid
a09_6000_6800,L-all,10000689,10741,181,188,8,source_missing_or_invalid
a09_6000_6800,L-all,10000690,10742,181,198,18,source_missing_or_invalid
a09_6000_6800,L-all,10000691,10744,181,206,26,source_missing_or_invalid
a09_6000_6800,L-all,10000692,10757,181,182,2,source_missing_or_invalid
a09_6000_6800,L-all,10000693,10773,181,200,20,source_missing_or_invalid
a09_6000_6800,L-all,10000694,10775,181,192,12,source_missing_or_invalid
a09_6000_6800,L-all,10000695,10777,181,183,3,source_missing_or_invalid
a09_6000_6800,L-all,10000696,10779,181,200,20,source_missing_or_invalid
a09_6000_6800,L-all,10000697,10781,181,200,20,source_missing_or_invalid
a09_6000_6800,L-all,10000698,10786,181,194,14,source_missing_or_invalid
a09_6000_6800,L-all,10000699,10797,181,195,15,source_missing_or_invalid
a09_6000_6800,L-all,10000700,9911,182,232,51,source_missing_or_invalid
a09_6000_6800,L-all,10000701,10209,182,190,9,source_missing_or_invalid
a09_6000_6800,L-all,10000702,10801,182,200,19,source_missing_or_invalid
a09_6000_6800,L-all,10000703,10832,182,182,1,source_missing_or_invalid
a09_6000_6800,L-all,10000704,10834,182,206,25,source_missing_or_invalid
a09_6000_6800,L-all,10000705,10837,182,231,50,source_missing_or_invalid
a09_6000_6800,L-all,10000706,10841,182,182,1,source_missing_or_invalid
a09_6000_6800,L-all,10000707,10854,182,194,13,source_missing_or_invalid
a09_6000_6800,L-all,10000708,10518,183,186,4,source_missing_or_invalid
a09_6000_6800,L-all,10000709,10527,183,183,1,source_missing_or_invalid
a09_6000_6800,L-all,10000710,10763,183,200,18,source_missing_or_invalid
a09_6000_6800,L-all,10000711,10863,183,194,12,source_missing_or_invalid
a09_6000_6800,L-all,10000712,10874,183,200,18,source_missing_or_invalid
a09_6000_6800,L-all,10000713,10879,183,184,2,source_missing_or_invalid
a09_6000_6800,L-all,10000714,10885,183,189,7,source_missing_or_invalid
a09_6000_6800,L-all,10000715,10890,183,212,30,source_missing_or_invalid
a09_6000_6800,L-all,10000716,10910,183,200,18,source_missing_or_invalid
a09_6000_6800,L-all,10000717,10615,184,189,6,source_missing_or_invalid
a09_6000_6800,L-all,10000718,10920,184,223,40,source_missing_or_invalid
a09_6000_6800,L-all,10000719,10925,184,186,3,source_missing_or_invalid
a09_6000_6800,L-all,10000720,10934,184,184,1,source_missing_or_invalid
a09_6000_6800,L-all,10000721,10952,184,186,3,source_missing_or_invalid
a09_6000_6800,L-all,10000722,10954,184,184,1,source_missing_or_invalid
a09_6000_6800,L-all,10000723,10967,184,188,5,source_missing_or_invalid
a09_6000_6800,L-all,10000724,10977,184,188,5,source_missing_or_invalid
a09_6000_6800,L-all,10000725,10045,185,185,1,source_missing_or_invalid
a09_6000_6800,L-all,10000726,10924,185,188,4,source_missing_or_invalid
a09_6000_6800,L-all,10000727,10988,185,200,16,source_missing_or_invalid
a09_6000_6800,L-all,10000728,11005,185,200,16,source_missing_or_invalid
a09_6000_6800,L-all,10000729,11018,185,185,1,source_missing_or_invalid
a09_6000_6800,L-all,10000730,11021,185,200,16,source_missing_or_invalid
a09_6000_6800,L-all,10000731,11022,185,185,1,source_missing_or_invalid
a09_6000_6800,L-all,10000732,11023,185,190,6,source_missing_or_invalid
a09_6000_6800,L-all,10000733,11038,185,186,2,source_missing_or_invalid
a09_6000_6800,L-all,10000734,9295,186,186,1,source_missing_or_invalid
a09_6000_6800,L-all,10000735,10418,186,191,6,source_missing_or_invalid
a09_6000_6800,L-all,10000736,11041,186,187,2,source_missing_or_invalid
a09_6000_6800,L-all,10000737,11044,186,200,15,source_missing_or_invalid
a09_6000_6800,L-all,10000738,11051,186,200,15,source_missing_or_invalid
a09_6000_6800,L-all,10000739,11052,186,194,9,source_missing_or_invalid
a09_6000_6800,L-all,10000740,11055,186,307,122,source_missing_or_invalid
a09_6000_6800,L-all,10000741,11060,186,194,9,source_missing_or_invalid
a09_6000_6800,L-all,10000742,11069,186,194,9,source_missing_or_invalid
a09_6000_6800,L-all,10000743,11079,186,227,42,source_missing_or_invalid
a09_6000_6800,L-all,10000744,11080,186,223,38,source_missing_or_invalid
a09_6000_6800,L-all,10000745,11087,186,228,43,source_missing_or_invalid
a09_6000_6800,L-all,10000746,11091,186,194,9,source_missing_or_invalid
a09_6000_6800,L-all,10000747,10777,187,198,12,source_missing_or_invalid
a09_6000_6800,L-all,10000748,11109,187,210,24,source_missing_or_invalid
a09_6000_6800,L-all,10000749,11115,187,196,10,source_missing_or_invalid
a09_6000_6800,L-all,10000750,11120,187,237,51,source_missing_or_invalid
a09_6000_6800,L-all,10000751,11122,187,189,3,source_missing_or_invalid
a09_6000_6800,L-all,10000752,11130,187,191,5,source_missing_or_invalid
a09_6000_6800,L-all,10000753,10952,188,188,1,source_missing_or_invalid
a09_6000_6800,L-all,10000754,11038,188,231,44,source_missing_or_invalid
a09_6000_6800,L-all,10000755,11171,188,200,13,source_missing_or_invalid
a09_6000_6800,L-all,10000756,11176,188,195,8,source_missing_or_invalid
a09_6000_6800,L-all,10000757,11180,188,200,13,source_missing_or_invalid
a09_6000_6800,L-all,10000758,11183,188,197,10,source_missing_or_invalid
a09_6000_6800,L-all,10000759,11196,188,194,7,source_missing_or_invalid
a09_6000_6800,L-all,10000760,9916,189,210,22,source_missing_or_invalid
a09_6000_6800,L-all,10000761,10518,189,194,6,source_missing_or_invalid
a09_6000_6800,L-all,10000762,10558,189,189,1,source_missing_or_invalid
a09_6000_6800,L-all,10000763,10942,189,189,1,source_missing_or_invalid
a09_6000_6800,L-all,10000764,11206,189,194,6,source_missing_or_invalid
a09_6000_6800,L-all,10000765,11233,189,201,13,source_missing_or_invalid
a09_6000_6800,L-all,10000766,11249,189,190,2,source_missing_or_invalid
a09_6000_6800,L-all,10000767,11250,189,194,6,source_missing_or_invalid
a09_6000_6800,L-all,10000768,11252,189,206,18,source_missing_or_invalid
a09_6000_6800,L-all,10000769,11255,189,190,2,source_missing_or_invalid
a09_6000_6800,L-all,10000770,11261,189,191,3,source_missing_or_invalid
a09_6000_6800,L-all,10000771,9354,190,190,1,source_missing_or_invalid
a09_6000_6800,L-all,10000772,10952,190,190,1,source_missing_or_invalid
a09_6000_6800,L-all,10000773,11262,190,200,11,source_missing_or_invalid
a09_6000_6800,L-all,10000774,11280,190,195,6,source_missing_or_invalid
a09_6000_6800,L-all,10000775,11302,190,190,1,source_missing_or_invalid
a09_6000_6800,L-all,10000776,10615,191,191,1,source_missing_or_invalid
a09_6000_6800,L-all,10000777,11041,191,194,4,source_missing_or_invalid
a09_6000_6800,L-all,10000778,11306,191,191,1,source_missing_or_invalid
a09_6000_6800,L-all,10000779,11323,191,194,4,source_missing_or_invalid
a09_6000_6800,L-all,10000780,11325,191,206,16,source_missing_or_invalid
a09_6000_6800,L-all,10000781,11341,191,191,1,source_missing_or_invalid
a09_6000_6800,L-all,10000782,11351,191,196,6,source_missing_or_invalid
a09_6000_6800,L-all,10000783,11354,191,200,10,source_missing_or_invalid
a09_6000_6800,L-all,10000784,11356,191,200,10,source_missing_or_invalid
a09_6000_6800,L-all,10000785,11367,191,194,4,source_missing_or_invalid
a09_6000_6800,L-all,10000786,11369,191,205,15,source_missing_or_invalid
a09_6000_6800,L-all,10000787,11374,191,194,4,source_missing_or_invalid
a09_6000_6800,L-all,10000788,11375,191,200,10,source_missing_or_invalid
a09_6000_6800,L-all,10000789,11379,191,194,4,source_missing_or_invalid
a09_6000_6800,L-all,10000790,9354,192,194,3,source_missing_or_invalid
a09_6000_6800,L-all,10000791,10209,192,193,2,source_missing_or_invalid
a09_6000_6800,L-all,10000792,11104,192,370,179,source_missing_or_invalid
a09_6000_6800,L-all,10000793,11358,192,194,3,source_missing_or_invalid
a09_6000_6800,L-all,10000794,11382,192,192,1,source_missing_or_invalid
a09_6000_6800,L-all,10000795,11392,192,200,9,source_missing_or_invalid
a09_6000_6800,L-all,10000796,11403,192,192,1,source_missing_or_invalid
a09_6000_6800,L-all,10000797,11412,192,194,3,source_missing_or_invalid
a09_6000_6800,L-all,10000798,11422,192,200,9,source_missing_or_invalid
a09_6000_6800,L-all,10000799,11427,192,195,4,source_missing_or_invalid
a09_6000_6800,L-all,10000800,11430,192,200,9,source_missing_or_invalid
a09_6000_6800,L-all,10000801,10952,193,194,2,source_missing_or_invalid
a09_6000_6800,L-all,10000802,11443,193,200,8,source_missing_or_invalid
a09_6000_6800,L-all,10000803,11444,193,200,8,source_missing_or_invalid
a09_6000_6800,L-all,10000804,11450,193,331,139,source_missing_or_invalid
a09_6000_6800,L-all,10000805,11458,193,200,8,source_missing_or_invalid
a09_6000_6800,L-all,10000806,11463,193,223,31,source_missing_or_invalid
a09_6000_6800,L-all,10000807,11484,193,213,21,source_missing_or_invalid
a09_6000_6800,L-all,10000808,10741,194,194,1,source_missing_or_invalid
a09_6000_6800,L-all,10000809,10973,194,194,1,source_missing_or_invalid
a09_6000_6800,L-all,10000810,11239,194,195,2,source_missing_or_invalid
a09_6000_6800,L-all,10000811,11255,194,194,1,source_missing_or_invalid
a09_6000_6800,L-all,10000812,11382,194,253,60,source_missing_or_invalid
a09_6000_6800,L-all,10000813,11507,194,194,1,source_missing_or_invalid
a09_6000_6800,L-all,10000814,11508,194,195,2,source_missing_or_invalid
a09_6000_6800,L-all,10000815,10615,195,204,10,source_missing_or_invalid
a09_6000_6800,L-all,10000816,11531,195,353,159,source_missing_or_invalid
a09_6000_6800,L-all,10000817,11548,195,195,1,source_missing_or_invalid
a09_6000_6800,L-all,10000818,11551,195,253,59,source_missing_or_invalid
a09_6000_6800,L-all,10000819,11556,195,203,9,source_missing_or_invalid
a09_6000_6800,L-all,10000820,11560,195,237,43,source_missing_or_invalid
a09_6000_6800,L-all,10000821,11564,195,200,6,source_missing_or_invalid
a09_6000_6800,L-all,10000822,11573,195,198,4,source_missing_or_invalid
a09_6000_6800,L-all,10000823,10424,196,200,5,source_missing_or_invalid
a09_6000_6800,L-all,10000824,10460,196,200,5,source_missing_or_invalid
a09_6000_6800,L-all,10000825,10488,196,200,5,source_missing_or_invalid
a09_6000_6800,L-all,10000826,10786,196,242,47,source_missing_or_invalid
a09_6000_6800,L-all,10000827,10854,196,242,47,source_missing_or_invalid
a09_6000_6800,L-all,10000828,10863,196,237,42,source_missing_or_invalid
a09_6000_6800,L-all,10000829,10927,196,241,46,source_missing_or_invalid
a09_6000_6800,L-all,10000830,10952,196,198,3,source_missing_or_invalid
a09_6000_6800,L-all,10000831,10973,196,198,3,source_missing_or_invalid
a09_6000_6800,L-all,10000832,11041,196,226,31,source_missing_or_invalid
a09_6000_6800,L-all,10000833,11052,196,200,5,source_missing_or_invalid
a09_6000_6800,L-all,10000834,11060,196,307,112,source_missing_or_invalid
a09_6000_6800,L-all,10000835,11091,196,209,14,source_missing_or_invalid
a09_6000_6800,L-all,10000836,11196,196,200,5,source_missing_or_invalid
a09_6000_6800,L-all,10000837,11206,196,210,15,source_missing_or_invalid
a09_6000_6800,L-all,10000838,11250,196,196,1,source_missing_or_invalid
a09_6000_6800,L-all,10000839,11255,196,198,3,source_missing_or_invalid
a09_6000_6800,L-all,10000840,11323,196,200,5,source_missing_or_invalid
a09_6000_6800,L-all,10000841,11367,196,200,5,source_missing_or_invalid
a09_6000_6800,L-all,10000842,11374,196,200,5,source_missing_or_invalid
a09_6000_6800,L-all,10000843,11379,196,206,11,source_missing_or_invalid
a09_6000_6800,L-all,10000844,11412,196,200,5,source_missing_or_invalid
a09_6000_6800,L-all,10000845,11507,196,200,5,source_missing_or_invalid
a09_6000_6800,L-all,10000846,11540,196,307,112,source_missing_or_invalid
a09_6000_6800,L-all,10000847,11583,196,203,8,source_missing_or_invalid
a09_6000_6800,L-all,10000848,11584,196,196,1,source_missing_or_invalid
a09_6000_6800,L-all,10000849,11606,196,200,5,source_missing_or_invalid
a09_6000_6800,L-all,10000850,11611,196,206,11,source_missing_or_invalid
a09_6000_6800,L-all,10000851,11615,196,196,1,source_missing_or_invalid
a09_6000_6800,L-all,10000852,11239,197,197,1,source_missing_or_invalid
a09_6000_6800,L-all,10000853,11624,197,198,2,source_missing_or_invalid
a09_6000_6800,L-all,10000854,11625,197,200,4,source_missing_or_invalid
a09_6000_6800,L-all,10000855,11634,197,199,3,source_missing_or_invalid
a09_6000_6800,L-all,10000856,11636,197,240,44,source_missing_or_invalid
a09_6000_6800,L-all,10000857,11641,197,197,1,source_missing_or_invalid
a09_6000_6800,L-all,10000858,11643,197,197,1,source_missing_or_invalid
a09_6000_6800,L-all,10000859,11648,197,198,2,source_missing_or_invalid
a09_6000_6800,L-all,10000860,10437,198,227,30,source_missing_or_invalid
a09_6000_6800,L-all,10000861,10555,198,200,3,source_missing_or_invalid
a09_6000_6800,L-all,10000862,11064,198,198,1,source_missing_or_invalid
a09_6000_6800,L-all,10000863,11115,198,203,6,source_missing_or_invalid
a09_6000_6800,L-all,10000864,11250,198,200,3,source_missing_or_invalid
a09_6000_6800,L-all,10000865,11664,198,198,1,source_missing_or_invalid
a09_6000_6800,L-all,10000866,11669,198,247,50,source_missing_or_invalid
a09_6000_6800,L-all,10000867,11681,198,198,1,source_missing_or_invalid
a09_6000_6800,L-all,10000868,11688,198,274,77,source_missing_or_invalid
a09_6000_6800,L-all,10000869,11693,198,250,53,source_missing_or_invalid
a09_6000_6800,L-all,10000870,10962,199,209,11,source_missing_or_invalid
a09_6000_6800,L-all,10000871,11623,199,200,2,source_missing_or_invalid
a09_6000_6800,L-all,10000872,11657,199,200,2,source_missing_or_invalid
a09_6000_6800,L-all,10000873,11713,199,260,62,source_missing_or_invalid
a09_6000_6800,L-all,10000874,11714,199,211,13,source_missing_or_invalid
a09_6000_6800,L-all,10000875,10925,200,204,5,source_missing_or_invalid
a09_6000_6800,L-all,10000876,11726,200,257,58,source_missing_or_invalid
a09_6000_6800,L-all,10000877,11741,200,202,3,source_missing_or_invalid
a09_6000_6800,L-all,10000878,11744,200,200,1,source_missing_or_invalid
a09_6000_6800,L-all,10000879,11770,201,213,13,source_missing_or_invalid
a09_6000_6800,L-all,10000880,11780,201,278,78,source_missing_or_invalid
a09_6000_6800,L-all,10000881,11785,201,206,6,source_missing_or_invalid
a09_6000_6800,L-all,10000882,11786,201,229,29,source_missing_or_invalid
a09_6000_6800,L-all,10000883,11788,201,201,1,source_missing_or_invalid
a09_6000_6800,L-all,10000884,9855,202,222,21,source_missing_or_invalid
a09_6000_6800,L-all,10000885,9959,202,231,30,source_missing_or_invalid
a09_6000_6800,L-all,10000886,10073,202,212,11,source_missing_or_invalid
a09_6000_6800,L-all,10000887,10127,202,224,23,source_missing_or_invalid
a09_6000_6800,L-all,10000888,10151,202,257,56,source_missing_or_invalid
a09_6000_6800,L-all,10000889,10152,202,231,30,source_missing_or_invalid
a09_6000_6800,L-all,10000890,10217,202,206,5,source_missing_or_invalid
a09_6000_6800,L-all,10000891,10422,202,217,16,source_missing_or_invalid
a09_6000_6800,L-all,10000892,10424,202,212,11,source_missing_or_invalid
a09_6000_6800,L-all,10000893,10441,202,242,41,source_missing_or_invalid
a09_6000_6800,L-all,10000894,10460,202,212,11,source_missing_or_invalid
a09_6000_6800,L-all,10000895,10487,202,260,59,source_missing_or_invalid
a09_6000_6800,L-all,10000896,10555,202,323,122,source_missing_or_invalid
a09_6000_6800,L-all,10000897,10609,202,212,11,source_missing_or_invalid
a09_6000_6800,L-all,10000898,10625,202,274,73,source_missing_or_invalid
a09_6000_6800,L-all,10000899,10728,202,218,17,source_missing_or_invalid
a09_6000_6800,L-all,10000900,10757,202,222,21,source_missing_or_invalid
a09_6000_6800,L-all,10000901,10763,202,238,37,source_missing_or_invalid
a09_6000_6800,L-all,10000902,10773,202,242,41,source_missing_or_invalid
a09_6000_6800,L-all,10000903,10779,202,309,108,source_missing_or_invalid
a09_6000_6800,L-all,10000904,10781,202,244,43,source_missing_or_invalid
a09_6000_6800,L-all,10000905,10801,202,243,42,source_missing_or_invalid
a09_6000_6800,L-all,10000906,10874,202,274,73,source_missing_or_invalid
a09_6000_6800,L-all,10000907,10910,202,309,108,source_missing_or_invalid
a09_6000_6800,L-all,10000908,10988,202,278,77,source_missing_or_invalid
a09_6000_6800,L-all,10000909,11005,202,206,5,source_missing_or_invalid
a09_6000_6800,L-all,10000910,11021,202,237,36,source_missing_or_invalid
a09_6000_6800,L-all,10000911,11044,202,216,15,source_missing_or_invalid
a09_6000_6800,L-all,10000912,11051,202,307,106,source_missing_or_invalid
a09_6000_6800,L-all,10000913,11052,202,206,5,source_missing_or_invalid
a09_6000_6800,L-all,10000914,11171,202,309,108,source_missing_or_invalid
a09_6000_6800,L-all,10000915,11180,202,238,37,source_missing_or_invalid
a09_6000_6800,L-all,10000916,11262,202,205,4,source_missing_or_invalid
a09_6000_6800,L-all,10000917,11323,202,212,11,source_missing_or_invalid
a09_6000_6800,L-all,10000918,11354,202,264,63,source_missing_or_invalid
a09_6000_6800,L-all,10000919,11356,202,213,12,source_missing_or_invalid
a09_6000_6800,L-all,10000920,11367,202,210,9,source_missing_or_invalid
a09_6000_6800,L-all,10000921,11374,202,307,106,source_missing_or_invalid
a09_6000_6800,L-all,10000922,11375,202,206,5,source_missing_or_invalid
a09_6000_6800,L-all,10000923,11392,202,206,5,source_missing_or_invalid
a09_6000_6800,L-all,10000924,11412,202,212,11,source_missing_or_invalid
a09_6000_6800,L-all,10000925,11422,202,212,11,source_missing_or_invalid
a09_6000_6800,L-all,10000926,11430,202,208,7,source_missing_or_invalid
a09_6000_6800,L-all,10000927,11443,202,357,156,source_missing_or_invalid
a09_6000_6800,L-all,10000928,11444,202,229,28,source_missing_or_invalid
a09_6000_6800,L-all,10000929,11458,202,252,51,source_missing_or_invalid
a09_6000_6800,L-all,10000930,11564,202,228,27,source_missing_or_invalid
a09_6000_6800,L-all,10000931,11606,202,305,104,source_missing_or_invalid
a09_6000_6800,L-all,10000932,11625,202,203,2,source_missing_or_invalid
a09_6000_6800,L-all,10000933,11804,202,212,11,source_missing_or_invalid
a09_6000_6800,L-all,10000934,11824,202,205,4,source_missing_or_invalid
a09_6000_6800,L-all,10000935,11830,202,206,5,source_missing_or_invalid
a09_6000_6800,L-all,10000936,11842,202,215,14,source_missing_or_invalid
a09_6000_6800,L-all,10000937,10937,203,203,1,source_missing_or_invalid
a09_6000_6800,L-all,10000938,11852,203,224,22,source_missing_or_invalid
a09_6000_6800,L-all,10000939,11859,203,206,4,source_missing_or_invalid
a09_6000_6800,L-all,10000940,11860,203,227,25,source_missing_or_invalid
a09_6000_6800,L-all,10000941,11867,203,206,4,source_missing_or_invalid
a09_6000_6800,L-all,10000942,11875,203,203,1,source_missing_or_invalid
a09_6000_6800,L-all,10000943,11928,204,309,106,source_missing_or_invalid
a09_6000_6800,L-all,10000944,10430,205,206,2,source_missing_or_invalid
a09_6000_6800,L-all,10000945,10937,205,206,2,source_missing_or_invalid
a09_6000_6800,L-all,10000946,11064,205,210,6,source_missing_or_invalid
a09_6000_6800,L-all,10000947,11938,205,208,4,source_missing_or_invalid
a09_6000_6800,L-all,10000948,11939,205,239,35,source_missing_or_invalid
a09_6000_6800,L-all,10000949,11950,205,309,105,source_missing_or_invalid
a09_6000_6800,L-all,10000950,11963,205,215,11,source_missing_or_invalid
a09_6000_6800,L-all,10000951,11115,206,209,4,source_missing_or_invalid
a09_6000_6800,L-all,10000952,11239,206,206,1,source_missing_or_invalid
a09_6000_6800,L-all,10000953,11969,206,207,2,source_missing_or_invalid
a09_6000_6800,L-all,10000954,11981,206,210,5,source_missing_or_invalid
a09_6000_6800,L-all,10000955,11993,206,212,7,source_missing_or_invalid
a09_6000_6800,L-all,10000956,12000,206,206,1,source_missing_or_invalid
a09_6000_6800,L-all,10000957,12014,207,207,1,source_missing_or_invalid
a09_6000_6800,L-all,10000958,12019,207,207,1,source_missing_or_invalid
a09_6000_6800,L-all,10000959,12026,207,208,2,source_missing_or_invalid
a09_6000_6800,L-all,10000960,12041,207,364,158,source_missing_or_invalid
a09_6000_6800,L-all,10000961,12042,207,209,3,source_missing_or_invalid
a09_6000_6800,L-all,10000962,10125,208,219,12,source_missing_or_invalid
a09_6000_6800,L-all,10000963,10217,208,221,14,source_missing_or_invalid
a09_6000_6800,L-all,10000964,10307,208,237,30,source_missing_or_invalid
a09_6000_6800,L-all,10000965,10430,208,266,59,source_missing_or_invalid
a09_6000_6800,L-all,10000966,10543,208,309,102,source_missing_or_invalid
a09_6000_6800,L-all,10000967,10687,208,209,2,source_missing_or_invalid
a09_6000_6800,L-all,10000968,10744,208,387,180,source_missing_or_invalid
a09_6000_6800,L-all,10000969,10834,208,275,68,source_missing_or_invalid
a09_6000_6800,L-all,10000970,10937,208,208,1,source_missing_or_invalid
a09_6000_6800,L-all,10000971,11005,208,247,40,source_missing_or_invalid
a09_6000_6800,L-all,10000972,11252,208,223,16,source_missing_or_invalid
a09_6000_6800,L-all,10000973,11262,208,213,6,source_missing_or_invalid
a09_6000_6800,L-all,10000974,11325,208,238,31,source_missing_or_invalid
a09_6000_6800,L-all,10000975,11375,208,399,192,window_end_or_source_end
a09_6000_6800,L-all,10000976,11379,208,237,30,source_missing_or_invalid
a09_6000_6800,L-all,10000977,11392,208,209,2,source_missing_or_invalid
a09_6000_6800,L-all,10000978,11611,208,279,72,source_missing_or_invalid
a09_6000_6800,L-all,10000979,11830,208,307,100,source_missing_or_invalid
a09_6000_6800,L-all,10000980,11859,208,231,24,source_missing_or_invalid
a09_6000_6800,L-all,10000981,11867,208,211,4,source_missing_or_invalid
a09_6000_6800,L-all,10000982,12006,208,257,50,source_missing_or_invalid
a09_6000_6800,L-all,10000983,12044,208,209,2,source_missing_or_invalid
a09_6000_6800,L-all,10000984,12049,208,220,13,source_missing_or_invalid
a09_6000_6800,L-all,10000985,12059,208,208,1,source_missing_or_invalid
a09_6000_6800,L-all,10000986,12064,208,210,3,source_missing_or_invalid
a09_6000_6800,L-all,10000987,12067,208,222,15,source_missing_or_invalid
a09_6000_6800,L-all,10000988,9508,209,209,1,source_missing_or_invalid
a09_6000_6800,L-all,10000989,10973,209,209,1,source_missing_or_invalid
a09_6000_6800,L-all,10000990,11969,209,247,39,source_missing_or_invalid
a09_6000_6800,L-all,10000991,12086,209,231,23,source_missing_or_invalid
a09_6000_6800,L-all,10000992,12092,209,231,23,source_missing_or_invalid
a09_6000_6800,L-all,10000993,12108,209,214,6,source_missing_or_invalid
a09_6000_6800,L-all,10000994,12112,209,220,12,source_missing_or_invalid
a09_6000_6800,L-all,10000995,11018,210,234,25,source_missing_or_invalid
a09_6000_6800,L-all,10000996,12149,210,212,3,source_missing_or_invalid
a09_6000_6800,L-all,10000997,9508,211,315,105,source_missing_or_invalid
a09_6000_6800,L-all,10000998,10973,211,217,7,source_missing_or_invalid
a09_6000_6800,L-all,10000999,11351,211,211,1,source_missing_or_invalid
a09_6000_6800,L-all,10001000,12162,211,220,10,source_missing_or_invalid
a09_6000_6800,L-all,10001001,12165,211,238,28,source_missing_or_invalid
a09_6000_6800,L-all,10001002,12168,211,216,6,source_missing_or_invalid
a09_6000_6800,L-all,10001003,12182,211,233,23,source_missing_or_invalid
a09_6000_6800,L-all,10001004,10962,212,214,3,source_missing_or_invalid
a09_6000_6800,L-all,10001005,12046,212,278,67,source_missing_or_invalid
a09_6000_6800,L-all,10001006,12201,212,228,17,source_missing_or_invalid
a09_6000_6800,L-all,10001007,12206,212,213,2,source_missing_or_invalid
a09_6000_6800,L-all,10001008,12219,212,243,32,source_missing_or_invalid
a09_6000_6800,L-all,10001009,12232,212,231,20,source_missing_or_invalid
a09_6000_6800,L-all,10001010,12186,213,219,7,source_missing_or_invalid
a09_6000_6800,L-all,10001011,12237,213,248,36,source_missing_or_invalid
a09_6000_6800,L-all,10001012,12246,213,228,16,source_missing_or_invalid
a09_6000_6800,L-all,10001013,12256,213,217,5,source_missing_or_invalid
a09_6000_6800,L-all,10001014,10223,214,216,3,source_missing_or_invalid
a09_6000_6800,L-all,10001015,10424,214,307,94,source_missing_or_invalid
a09_6000_6800,L-all,10001016,10426,214,307,94,source_missing_or_invalid
a09_6000_6800,L-all,10001017,10460,214,278,65,source_missing_or_invalid
a09_6000_6800,L-all,10001018,10609,214,239,26,source_missing_or_invalid
a09_6000_6800,L-all,10001019,11412,214,240,27,source_missing_or_invalid
a09_6000_6800,L-all,10001020,11422,214,215,2,source_missing_or_invalid
a09_6000_6800,L-all,10001021,11804,214,299,86,source_missing_or_invalid
a09_6000_6800,L-all,10001022,12269,214,214,1,source_missing_or_invalid
a09_6000_6800,L-all,10001023,12273,214,214,1,source_missing_or_invalid
a09_6000_6800,L-all,10001024,12298,214,234,21,source_missing_or_invalid
a09_6000_6800,L-all,10001025,11481,215,215,1,source_missing_or_invalid
a09_6000_6800,L-all,10001026,12308,215,220,6,source_missing_or_invalid
a09_6000_6800,L-all,10001027,12309,215,217,3,source_missing_or_invalid
a09_6000_6800,L-all,10001028,12311,215,265,51,source_missing_or_invalid
a09_6000_6800,L-all,10001029,12331,215,353,139,source_missing_or_invalid
a09_6000_6800,L-all,10001030,11351,216,216,1,source_missing_or_invalid
a09_6000_6800,L-all,10001031,12329,216,216,1,source_missing_or_invalid
a09_6000_6800,L-all,10001032,12343,216,399,184,window_end_or_source_end
a09_6000_6800,L-all,10001033,12351,216,263,48,source_missing_or_invalid
a09_6000_6800,L-all,10001034,12354,216,280,65,source_missing_or_invalid
a09_6000_6800,L-all,10001035,12364,216,220,5,source_missing_or_invalid
a09_6000_6800,L-all,10001036,12372,216,304,89,source_missing_or_invalid
a09_6000_6800,L-all,10001037,10021,217,219,3,source_missing_or_invalid
a09_6000_6800,L-all,10001038,10778,217,239,23,source_missing_or_invalid
a09_6000_6800,L-all,10001039,11262,217,217,1,source_missing_or_invalid
a09_6000_6800,L-all,10001040,12258,217,226,10,source_missing_or_invalid
a09_6000_6800,L-all,10001041,12338,217,218,2,source_missing_or_invalid
a09_6000_6800,L-all,10001042,12379,217,217,1,source_missing_or_invalid
a09_6000_6800,L-all,10001043,12385,217,232,16,source_missing_or_invalid
a09_6000_6800,L-all,10001044,12386,217,230,14,source_missing_or_invalid
a09_6000_6800,L-all,10001045,12415,217,223,7,source_missing_or_invalid
a09_6000_6800,L-all,10001046,11441,218,258,41,source_missing_or_invalid
a09_6000_6800,L-all,10001047,12231,218,256,39,source_missing_or_invalid
a09_6000_6800,L-all,10001048,12431,218,271,54,source_missing_or_invalid
a09_6000_6800,L-all,10001049,12447,218,250,33,source_missing_or_invalid
a09_6000_6800,L-all,10001050,10952,219,226,8,source_missing_or_invalid
a09_6000_6800,L-all,10001051,10973,219,219,1,source_missing_or_invalid
a09_6000_6800,L-all,10001052,12454,219,237,19,source_missing_or_invalid
a09_6000_6800,L-all,10001053,10741,220,220,1,source_missing_or_invalid
a09_6000_6800,L-all,10001054,11481,220,220,1,source_missing_or_invalid
a09_6000_6800,L-all,10001055,12119,220,339,120,source_missing_or_invalid
a09_6000_6800,L-all,10001056,12301,221,222,2,source_missing_or_invalid
a09_6000_6800,L-all,10001057,12540,221,221,1,source_missing_or_invalid
a09_6000_6800,L-all,10001058,12545,221,247,27,source_missing_or_invalid
a09_6000_6800,L-all,10001059,10741,222,223,2,source_missing_or_invalid
a09_6000_6800,L-all,10001060,12049,222,222,1,source_missing_or_invalid
a09_6000_6800,L-all,10001061,12518,222,222,1,source_missing_or_invalid
a09_6000_6800,L-all,10001062,12553,222,222,1,source_missing_or_invalid
a09_6000_6800,L-all,10001063,12554,222,274,53,source_missing_or_invalid
a09_6000_6800,L-all,10001064,12566,222,222,1,source_missing_or_invalid
a09_6000_6800,L-all,10001065,12586,222,229,8,source_missing_or_invalid
a09_6000_6800,L-all,10001066,12590,222,233,12,source_missing_or_invalid
a09_6000_6800,L-all,10001067,10217,223,243,21,source_missing_or_invalid
a09_6000_6800,L-all,10001068,10527,223,267,45,source_missing_or_invalid
a09_6000_6800,L-all,10001069,12578,223,223,1,source_missing_or_invalid
a09_6000_6800,L-all,10001070,12598,223,259,37,source_missing_or_invalid
a09_6000_6800,L-all,10001071,12599,223,226,4,source_missing_or_invalid
a09_6000_6800,L-all,10001072,12603,223,224,2,source_missing_or_invalid
a09_6000_6800,L-all,10001073,12607,223,238,16,source_missing_or_invalid
a09_6000_6800,L-all,10001074,10973,224,226,3,source_missing_or_invalid
a09_6000_6800,L-all,10001075,11573,224,230,7,source_missing_or_invalid
a09_6000_6800,L-all,10001076,12639,224,240,17,source_missing_or_invalid
a09_6000_6800,L-all,10001077,12646,224,233,10,source_missing_or_invalid
a09_6000_6800,L-all,10001078,12653,224,228,5,source_missing_or_invalid
a09_6000_6800,L-all,10001079,12658,224,247,24,source_missing_or_invalid
a09_6000_6800,L-all,10001080,12659,224,227,4,source_missing_or_invalid
a09_6000_6800,L-all,10001081,10962,225,226,2,source_missing_or_invalid
a09_6000_6800,L-all,10001082,12663,225,268,44,source_missing_or_invalid
a09_6000_6800,L-all,10001083,12665,225,244,20,source_missing_or_invalid
a09_6000_6800,L-all,10001084,10544,226,227,2,source_missing_or_invalid
a09_6000_6800,L-all,10001085,10627,226,229,4,source_missing_or_invalid
a09_6000_6800,L-all,10001086,12705,226,226,1,source_missing_or_invalid
a09_6000_6800,L-all,10001087,12707,226,255,30,source_missing_or_invalid
a09_6000_6800,L-all,10001088,12714,226,229,4,source_missing_or_invalid
a09_6000_6800,L-all,10001089,12725,226,230,5,source_missing_or_invalid
a09_6000_6800,L-all,10001090,12540,227,236,10,source_missing_or_invalid
a09_6000_6800,L-all,10001091,10548,228,300,73,source_missing_or_invalid
a09_6000_6800,L-all,10001092,11262,228,228,1,source_missing_or_invalid
a09_6000_6800,L-all,10001093,12771,228,271,44,source_missing_or_invalid
a09_6000_6800,L-all,10001094,12784,228,228,1,source_missing_or_invalid
a09_6000_6800,L-all,10001095,10757,229,263,35,source_missing_or_invalid
a09_6000_6800,L-all,10001096,11812,229,307,79,source_missing_or_invalid
a09_6000_6800,L-all,10001097,12030,229,229,1,source_missing_or_invalid
a09_6000_6800,L-all,10001098,12810,229,267,39,source_missing_or_invalid
a09_6000_6800,L-all,10001099,12813,229,252,24,source_missing_or_invalid
a09_6000_6800,L-all,10001100,12823,229,263,35,source_missing_or_invalid
a09_6000_6800,L-all,10001101,10544,230,250,21,source_missing_or_invalid
a09_6000_6800,L-all,10001102,12784,230,230,1,source_missing_or_invalid
a09_6000_6800,L-all,10001103,12832,230,254,25,source_missing_or_invalid
a09_6000_6800,L-all,10001104,12837,230,234,5,source_missing_or_invalid
a09_6000_6800,L-all,10001105,12841,230,370,141,source_missing_or_invalid
a09_6000_6800,L-all,10001106,12846,230,235,6,source_missing_or_invalid
a09_6000_6800,L-all,10001107,12847,230,261,32,source_missing_or_invalid
a09_6000_6800,L-all,10001108,12848,230,233,4,source_missing_or_invalid
a09_6000_6800,L-all,10001109,12850,230,237,8,source_missing_or_invalid
a09_6000_6800,L-all,10001110,12855,230,231,2,source_missing_or_invalid
a09_6000_6800,L-all,10001111,12859,230,233,4,source_missing_or_invalid
a09_6000_6800,L-all,10001112,12864,230,250,21,source_missing_or_invalid
a09_6000_6800,L-all,10001113,12868,231,326,96,source_missing_or_invalid
a09_6000_6800,L-all,10001114,12878,231,238,8,source_missing_or_invalid
a09_6000_6800,L-all,10001115,12896,231,231,1,source_missing_or_invalid
a09_6000_6800,L-all,10001116,9662,232,232,1,source_missing_or_invalid
a09_6000_6800,L-all,10001117,11481,232,232,1,source_missing_or_invalid
a09_6000_6800,L-all,10001118,12901,232,254,23,source_missing_or_invalid
a09_6000_6800,L-all,10001119,12905,232,399,168,window_end_or_source_end
a09_6000_6800,L-all,10001120,12921,232,234,3,source_missing_or_invalid
a09_6000_6800,L-all,10001121,12927,232,278,47,source_missing_or_invalid
a09_6000_6800,L-all,10001122,12932,232,251,20,source_missing_or_invalid
a09_6000_6800,L-all,10001123,11038,233,233,1,source_missing_or_invalid
a09_6000_6800,L-all,10001124,11646,233,289,57,source_missing_or_invalid
a09_6000_6800,L-all,10001125,12232,233,233,1,source_missing_or_invalid
a09_6000_6800,L-all,10001126,12301,233,237,5,source_missing_or_invalid
a09_6000_6800,L-all,10001127,12947,233,294,62,source_missing_or_invalid
a09_6000_6800,L-all,10001128,12950,233,234,2,source_missing_or_invalid
a09_6000_6800,L-all,10001129,12957,233,253,21,source_missing_or_invalid
a09_6000_6800,L-all,10001130,9759,234,236,3,source_missing_or_invalid
a09_6000_6800,L-all,10001131,10730,234,237,4,source_missing_or_invalid
a09_6000_6800,L-all,10001132,11422,234,311,78,source_missing_or_invalid
a09_6000_6800,L-all,10001133,12968,234,240,7,source_missing_or_invalid
a09_6000_6800,L-all,10001134,12980,234,307,74,source_missing_or_invalid
a09_6000_6800,L-all,10001135,12993,234,246,13,source_missing_or_invalid
a09_6000_6800,L-all,10001136,12998,234,245,12,source_missing_or_invalid
a09_6000_6800,L-all,10001137,13002,234,237,4,source_missing_or_invalid
a09_6000_6800,L-all,10001138,8090,235,235,1,source_missing_or_invalid
a09_6000_6800,L-all,10001139,10505,235,236,2,source_missing_or_invalid
a09_6000_6800,L-all,10001140,12232,235,241,7,source_missing_or_invalid
a09_6000_6800,L-all,10001141,13011,235,241,7,source_missing_or_invalid
a09_6000_6800,L-all,10001142,13013,235,236,2,source_missing_or_invalid
a09_6000_6800,L-all,10001143,13015,235,241,7,source_missing_or_invalid
a09_6000_6800,L-all,10001144,13042,235,242,8,source_missing_or_invalid
a09_6000_6800,L-all,10001145,11481,236,236,1,source_missing_or_invalid
a09_6000_6800,L-all,10001146,12797,236,240,5,source_missing_or_invalid
a09_6000_6800,L-all,10001147,13059,236,236,1,source_missing_or_invalid
a09_6000_6800,L-all,10001148,13064,236,255,20,source_missing_or_invalid
a09_6000_6800,L-all,10001149,13078,236,248,13,source_missing_or_invalid
a09_6000_6800,L-all,10001150,13086,237,248,12,source_missing_or_invalid
a09_6000_6800,L-all,10001151,13091,237,240,4,source_missing_or_invalid
a09_6000_6800,L-all,10001152,13100,237,241,5,source_missing_or_invalid
a09_6000_6800,L-all,10001153,12492,238,253,16,source_missing_or_invalid
a09_6000_6800,L-all,10001154,13113,238,239,2,source_missing_or_invalid
a09_6000_6800,L-all,10001155,13115,238,238,1,source_missing_or_invalid
a09_6000_6800,L-all,10001156,13120,238,247,10,source_missing_or_invalid
a09_6000_6800,L-all,10001157,13122,238,242,5,source_missing_or_invalid
a09_6000_6800,L-all,10001158,13127,238,239,2,source_missing_or_invalid
a09_6000_6800,L-all,10001159,10505,239,244,6,source_missing_or_invalid
a09_6000_6800,L-all,10001160,10962,239,239,1,source_missing_or_invalid
a09_6000_6800,L-all,10001161,11481,239,242,4,source_missing_or_invalid
a09_6000_6800,L-all,10001162,12744,239,243,5,source_missing_or_invalid
a09_6000_6800,L-all,10001163,13163,239,241,3,source_missing_or_invalid
a09_6000_6800,L-all,10001164,11197,240,241,2,source_missing_or_invalid
a09_6000_6800,L-all,10001165,12003,240,291,52,source_missing_or_invalid
a09_6000_6800,L-all,10001166,12576,240,244,5,source_missing_or_invalid
a09_6000_6800,L-all,10001167,12878,240,243,4,source_missing_or_invalid
a09_6000_6800,L-all,10001168,12969,240,240,1,source_missing_or_invalid
a09_6000_6800,L-all,10001169,13002,240,245,6,source_missing_or_invalid
a09_6000_6800,L-all,10001170,13172,240,245,6,source_missing_or_invalid
a09_6000_6800,L-all,10001171,13179,240,246,7,source_missing_or_invalid
a09_6000_6800,L-all,10001172,13185,240,364,125,source_missing_or_invalid
a09_6000_6800,L-all,10001173,13186,240,245,6,source_missing_or_invalid
a09_6000_6800,L-all,10001174,13198,240,309,70,source_missing_or_invalid
a09_6000_6800,L-all,10001175,12500,241,269,29,source_missing_or_invalid
a09_6000_6800,L-all,10001176,13201,241,241,1,source_missing_or_invalid
a09_6000_6800,L-all,10001177,13206,241,248,8,source_missing_or_invalid
a09_6000_6800,L-all,10001178,13209,241,242,2,source_missing_or_invalid
a09_6000_6800,L-all,10001179,13213,241,267,27,source_missing_or_invalid
a09_6000_6800,L-all,10001180,13227,241,242,2,source_missing_or_invalid
a09_6000_6800,L-all,10001181,11337,242,265,24,source_missing_or_invalid
a09_6000_6800,L-all,10001182,12590,242,278,37,source_missing_or_invalid
a09_6000_6800,L-all,10001183,13243,242,252,11,source_missing_or_invalid
a09_6000_6800,L-all,10001184,13255,242,309,68,source_missing_or_invalid
a09_6000_6800,L-all,10001185,12922,243,250,8,source_missing_or_invalid
a09_6000_6800,L-all,10001186,13100,243,244,2,source_missing_or_invalid
a09_6000_6800,L-all,10001187,13268,243,257,15,source_missing_or_invalid
a09_6000_6800,L-all,10001188,13275,243,325,83,source_missing_or_invalid
a09_6000_6800,L-all,10001189,13277,243,256,14,source_missing_or_invalid
a09_6000_6800,L-all,10001190,13281,243,267,25,source_missing_or_invalid
a09_6000_6800,L-all,10001191,13283,243,315,73,source_missing_or_invalid
a09_6000_6800,L-all,10001192,13286,243,263,21,source_missing_or_invalid
a09_6000_6800,L-all,10001193,13291,243,247,5,source_missing_or_invalid
a09_6000_6800,L-all,10001194,13301,243,399,157,window_end_or_source_end
a09_6000_6800,L-all,10001195,13328,244,364,121,source_missing_or_invalid
a09_6000_6800,L-all,10001196,13331,244,244,1,source_missing_or_invalid
a09_6000_6800,L-all,10001197,13335,244,249,6,source_missing_or_invalid
a09_6000_6800,L-all,10001198,13337,244,307,64,source_missing_or_invalid
a09_6000_6800,L-all,10001199,13338,244,246,3,source_missing_or_invalid
a09_6000_6800,L-all,10001200,13341,244,244,1,source_missing_or_invalid
a09_6000_6800,L-all,10001201,13344,244,244,1,source_missing_or_invalid
a09_6000_6800,L-all,10001202,11302,245,247,3,source_missing_or_invalid
a09_6000_6800,L-all,10001203,13360,245,246,2,source_missing_or_invalid
a09_6000_6800,L-all,10001204,13367,245,246,2,source_missing_or_invalid
a09_6000_6800,L-all,10001205,13370,245,247,3,source_missing_or_invalid
a09_6000_6800,L-all,10001206,13375,245,253,9,source_missing_or_invalid
a09_6000_6800,L-all,10001207,10217,246,248,3,source_missing_or_invalid
a09_6000_6800,L-all,10001208,12921,246,246,1,source_missing_or_invalid
a09_6000_6800,L-all,10001209,13236,246,297,52,source_missing_or_invalid
a09_6000_6800,L-all,10001210,13377,246,270,25,source_missing_or_invalid
a09_6000_6800,L-all,10001211,13382,246,292,47,source_missing_or_invalid
a09_6000_6800,L-all,10001212,13394,246,307,62,source_missing_or_invalid
a09_6000_6800,L-all,10001213,13404,246,278,33,source_missing_or_invalid
a09_6000_6800,L-all,10001214,13406,246,307,62,source_missing_or_invalid
a09_6000_6800,L-all,10001215,13408,246,278,33,source_missing_or_invalid
a09_6000_6800,L-all,10001216,8358,247,256,10,source_missing_or_invalid
a09_6000_6800,L-all,10001217,13080,247,353,107,source_missing_or_invalid
a09_6000_6800,L-all,10001218,13417,247,248,2,source_missing_or_invalid
a09_6000_6800,L-all,10001219,13423,247,250,4,source_missing_or_invalid
a09_6000_6800,L-all,10001220,13427,247,248,2,source_missing_or_invalid
a09_6000_6800,L-all,10001221,13430,247,301,55,source_missing_or_invalid
a09_6000_6800,L-all,10001222,13431,247,247,1,source_missing_or_invalid
a09_6000_6800,L-all,10001223,13442,247,252,6,source_missing_or_invalid
a09_6000_6800,L-all,10001224,13445,247,248,2,source_missing_or_invalid
a09_6000_6800,L-all,10001225,13452,247,250,4,source_missing_or_invalid
a09_6000_6800,L-all,10001226,13456,248,309,62,source_missing_or_invalid
a09_6000_6800,L-all,10001227,13463,248,249,2,source_missing_or_invalid
a09_6000_6800,L-all,10001228,13466,248,248,1,source_missing_or_invalid
a09_6000_6800,L-all,10001229,13467,248,278,31,source_missing_or_invalid
a09_6000_6800,L-all,10001230,13476,248,249,2,source_missing_or_invalid
a09_6000_6800,L-all,10001231,8718,249,251,3,source_missing_or_invalid
a09_6000_6800,L-all,10001232,10775,249,249,1,source_missing_or_invalid
a09_6000_6800,L-all,10001233,10973,249,250,2,source_missing_or_invalid
a09_6000_6800,L-all,10001234,11005,249,307,59,source_missing_or_invalid
a09_6000_6800,L-all,10001235,11969,249,263,15,source_missing_or_invalid
a09_6000_6800,L-all,10001236,12545,249,272,24,source_missing_or_invalid
a09_6000_6800,L-all,10001237,13120,249,307,59,source_missing_or_invalid
a09_6000_6800,L-all,10001238,13360,249,249,1,source_missing_or_invalid
a09_6000_6800,L-all,10001239,13497,249,260,12,source_missing_or_invalid
a09_6000_6800,L-all,10001240,13500,249,254,6,source_missing_or_invalid
a09_6000_6800,L-all,10001241,13506,249,271,23,source_missing_or_invalid
a09_6000_6800,L-all,10001242,10217,250,250,1,source_missing_or_invalid
a09_6000_6800,L-all,10001243,10390,250,256,7,source_missing_or_invalid
a09_6000_6800,L-all,10001244,13078,250,276,27,source_missing_or_invalid
a09_6000_6800,L-all,10001245,13206,250,250,1,source_missing_or_invalid
a09_6000_6800,L-all,10001246,13445,250,250,1,source_missing_or_invalid
a09_6000_6800,L-all,10001247,13518,250,252,3,source_missing_or_invalid
a09_6000_6800,L-all,10001248,13520,250,254,5,source_missing_or_invalid
a09_6000_6800,L-all,10001249,13541,250,266,17,source_missing_or_invalid
a09_6000_6800,L-all,10001250,13545,250,264,15,source_missing_or_invalid
a09_6000_6800,L-all,10001251,10949,251,258,8,source_missing_or_invalid
a09_6000_6800,L-all,10001252,13550,251,252,2,source_missing_or_invalid
a09_6000_6800,L-all,10001253,13553,251,262,12,source_missing_or_invalid
a09_6000_6800,L-all,10001254,13554,251,264,14,source_missing_or_invalid
a09_6000_6800,L-all,10001255,13555,251,254,4,source_missing_or_invalid
a09_6000_6800,L-all,10001256,13562,251,399,149,window_end_or_source_end
a09_6000_6800,L-all,10001257,13564,251,253,3,source_missing_or_invalid
a09_6000_6800,L-all,10001258,8903,252,254,3,source_missing_or_invalid
a09_6000_6800,L-all,10001259,10775,252,253,2,source_missing_or_invalid
a09_6000_6800,L-all,10001260,13586,252,252,1,source_missing_or_invalid
a09_6000_6800,L-all,10001261,13588,252,307,56,source_missing_or_invalid
a09_6000_6800,L-all,10001262,13597,252,278,27,source_missing_or_invalid
a09_6000_6800,L-all,10001263,13601,252,252,1,source_missing_or_invalid
a09_6000_6800,L-all,10001264,13602,252,253,2,source_missing_or_invalid
a09_6000_6800,L-all,10001265,13604,252,254,3,source_missing_or_invalid
a09_6000_6800,L-all,10001266,13612,252,258,7,source_missing_or_invalid
a09_6000_6800,L-all,10001267,13447,253,253,1,source_missing_or_invalid
a09_6000_6800,L-all,10001268,13613,253,255,3,source_missing_or_invalid
a09_6000_6800,L-all,10001269,13616,253,263,11,source_missing_or_invalid
a09_6000_6800,L-all,10001270,13636,253,331,79,source_missing_or_invalid
a09_6000_6800,L-all,10001271,13638,253,253,1,source_missing_or_invalid
a09_6000_6800,L-all,10001272,13642,253,278,26,source_missing_or_invalid
a09_6000_6800,L-all,10001273,10962,254,341,88,source_missing_or_invalid
a09_6000_6800,L-all,10001274,12813,254,278,25,source_missing_or_invalid
a09_6000_6800,L-all,10001275,13234,254,255,2,source_missing_or_invalid
a09_6000_6800,L-all,10001276,13442,254,256,3,source_missing_or_invalid
a09_6000_6800,L-all,10001277,13550,254,254,1,source_missing_or_invalid
a09_6000_6800,L-all,10001278,13632,254,278,25,source_missing_or_invalid
a09_6000_6800,L-all,10001279,13647,254,256,3,source_missing_or_invalid
a09_6000_6800,L-all,10001280,13650,254,278,25,source_missing_or_invalid
a09_6000_6800,L-all,10001281,13653,254,272,19,source_missing_or_invalid
a09_6000_6800,L-all,10001282,13656,254,309,56,source_missing_or_invalid
a09_6000_6800,L-all,10001283,13660,254,255,2,source_missing_or_invalid
a09_6000_6800,L-all,10001284,13662,254,321,68,source_missing_or_invalid
a09_6000_6800,L-all,10001285,13667,254,266,13,source_missing_or_invalid
a09_6000_6800,L-all,10001286,13672,254,331,78,source_missing_or_invalid
a09_6000_6800,L-all,10001287,10217,255,255,1,source_missing_or_invalid
a09_6000_6800,L-all,10001288,13091,255,262,8,source_missing_or_invalid
a09_6000_6800,L-all,10001289,13674,255,256,2,source_missing_or_invalid
a09_6000_6800,L-all,10001290,13682,255,330,76,source_missing_or_invalid
a09_6000_6800,L-all,10001291,13688,255,256,2,source_missing_or_invalid
a09_6000_6800,L-all,10001292,13692,255,263,9,source_missing_or_invalid
a09_6000_6800,L-all,10001293,13695,255,364,110,source_missing_or_invalid
a09_6000_6800,L-all,10001294,13696,255,263,9,source_missing_or_invalid
a09_6000_6800,L-all,10001295,12832,256,267,12,source_missing_or_invalid
a09_6000_6800,L-all,10001296,13340,256,257,2,source_missing_or_invalid
a09_6000_6800,L-all,10001297,13584,256,269,14,source_missing_or_invalid
a09_6000_6800,L-all,10001298,13722,256,258,3,source_missing_or_invalid
a09_6000_6800,L-all,10001299,13725,256,289,34,source_missing_or_invalid
a09_6000_6800,L-all,10001300,13731,256,259,4,source_missing_or_invalid
a09_6000_6800,L-all,10001301,13733,256,257,2,source_missing_or_invalid
a09_6000_6800,L-all,10001302,13735,256,259,4,source_missing_or_invalid
a09_6000_6800,L-all,10001303,9982,257,271,15,source_missing_or_invalid
a09_6000_6800,L-all,10001304,13744,257,311,55,source_missing_or_invalid
a09_6000_6800,L-all,10001305,13757,257,283,27,source_missing_or_invalid
a09_6000_6800,L-all,10001306,13769,257,282,26,source_missing_or_invalid
a09_6000_6800,L-all,10001307,12540,258,258,1,source_missing_or_invalid
a09_6000_6800,L-all,10001308,13745,258,271,14,source_missing_or_invalid
a09_6000_6800,L-all,10001309,13775,258,265,8,source_missing_or_invalid
a09_6000_6800,L-all,10001310,13776,258,260,3,source_missing_or_invalid
a09_6000_6800,L-all,10001311,13779,258,259,2,source_missing_or_invalid
a09_6000_6800,L-all,10001312,13782,258,266,9,source_missing_or_invalid
a09_6000_6800,L-all,10001313,13793,258,262,5,source_missing_or_invalid
a09_6000_6800,L-all,10001314,13804,258,278,21,source_missing_or_invalid
a09_6000_6800,L-all,10001315,13807,258,278,21,source_missing_or_invalid
a09_6000_6800,L-all,10001316,13811,258,368,111,source_missing_or_invalid
a09_6000_6800,L-all,10001317,13340,259,263,5,source_missing_or_invalid
a09_6000_6800,L-all,10001318,13814,259,260,2,source_missing_or_invalid
a09_6000_6800,L-all,10001319,13821,259,272,14,source_missing_or_invalid
a09_6000_6800,L-all,10001320,13843,259,307,49,source_missing_or_invalid
a09_6000_6800,L-all,10001321,13849,260,276,17,source_missing_or_invalid
a09_6000_6800,L-all,10001322,13852,260,321,62,source_missing_or_invalid
a09_6000_6800,L-all,10001323,13853,260,263,4,source_missing_or_invalid
a09_6000_6800,L-all,10001324,13857,260,268,9,source_missing_or_invalid
a09_6000_6800,L-all,10001325,13858,260,271,12,source_missing_or_invalid
a09_6000_6800,L-all,10001326,13860,260,265,6,source_missing_or_invalid
a09_6000_6800,L-all,10001327,13864,260,263,4,source_missing_or_invalid
a09_6000_6800,L-all,10001328,13866,260,354,95,source_missing_or_invalid
a09_6000_6800,L-all,10001329,13871,260,343,84,source_missing_or_invalid
a09_6000_6800,L-all,10001330,13542,261,261,1,source_missing_or_invalid
a09_6000_6800,L-all,10001331,13879,261,269,9,source_missing_or_invalid
a09_6000_6800,L-all,10001332,13886,261,261,1,source_missing_or_invalid
a09_6000_6800,L-all,10001333,13888,261,285,25,source_missing_or_invalid
a09_6000_6800,L-all,10001334,13889,261,263,3,source_missing_or_invalid
a09_6000_6800,L-all,10001335,13893,261,341,81,source_missing_or_invalid
a09_6000_6800,L-all,10001336,13897,261,331,71,source_missing_or_invalid
a09_6000_6800,L-all,10001337,13898,261,263,3,source_missing_or_invalid
a09_6000_6800,L-all,10001338,13904,261,282,22,source_missing_or_invalid
a09_6000_6800,L-all,10001339,13910,261,305,45,source_missing_or_invalid
a09_6000_6800,L-all,10001340,13917,262,262,1,source_missing_or_invalid
a09_6000_6800,L-all,10001341,13921,262,262,1,source_missing_or_invalid
a09_6000_6800,L-all,10001342,13928,262,274,13,source_missing_or_invalid
a09_6000_6800,L-all,10001343,13929,262,315,54,source_missing_or_invalid
a09_6000_6800,L-all,10001344,13930,262,283,22,source_missing_or_invalid
a09_6000_6800,L-all,10001345,13940,262,309,48,source_missing_or_invalid
a09_6000_6800,L-all,10001346,11018,263,273,11,source_missing_or_invalid
a09_6000_6800,L-all,10001347,12540,263,263,1,source_missing_or_invalid
a09_6000_6800,L-all,10001348,13886,263,263,1,source_missing_or_invalid
a09_6000_6800,L-all,10001349,13946,263,263,1,source_missing_or_invalid
a09_6000_6800,L-all,10001350,13960,263,304,42,source_missing_or_invalid
a09_6000_6800,L-all,10001351,13965,263,291,29,source_missing_or_invalid
a09_6000_6800,L-all,10001352,13973,263,307,45,source_missing_or_invalid
a09_6000_6800,L-all,10001353,13981,264,278,15,source_missing_or_invalid
a09_6000_6800,L-all,10001354,13995,264,264,1,source_missing_or_invalid
a09_6000_6800,L-all,10001355,12540,265,268,4,source_missing_or_invalid
a09_6000_6800,L-all,10001356,12823,265,270,6,source_missing_or_invalid
a09_6000_6800,L-all,10001357,13286,265,283,19,source_missing_or_invalid
a09_6000_6800,L-all,10001358,13692,265,278,14,source_missing_or_invalid
a09_6000_6800,L-all,10001359,13696,265,368,104,source_missing_or_invalid
a09_6000_6800,L-all,10001360,13864,265,272,8,source_missing_or_invalid
a09_6000_6800,L-all,10001361,13889,265,268,4,source_missing_or_invalid
a09_6000_6800,L-all,10001362,13977,265,265,1,source_missing_or_invalid
a09_6000_6800,L-all,10001363,13993,265,278,14,source_missing_or_invalid
a09_6000_6800,L-all,10001364,14005,265,278,14,source_missing_or_invalid
a09_6000_6800,L-all,10001365,14017,265,329,65,source_missing_or_invalid
a09_6000_6800,L-all,10001366,14022,265,321,57,source_missing_or_invalid
a09_6000_6800,L-all,10001367,11726,266,269,4,source_missing_or_invalid
a09_6000_6800,L-all,10001368,14030,266,278,13,source_missing_or_invalid
a09_6000_6800,L-all,10001369,14034,266,269,4,source_missing_or_invalid
a09_6000_6800,L-all,10001370,14038,266,305,40,source_missing_or_invalid
a09_6000_6800,L-all,10001371,14043,266,270,5,source_missing_or_invalid
a09_6000_6800,L-all,10001372,14060,266,273,8,source_missing_or_invalid
a09_6000_6800,L-all,10001373,14012,267,270,4,source_missing_or_invalid
a09_6000_6800,L-all,10001374,14068,267,286,20,source_missing_or_invalid
a09_6000_6800,L-all,10001375,14080,267,268,2,source_missing_or_invalid
a09_6000_6800,L-all,10001376,12876,268,273,6,source_missing_or_invalid
a09_6000_6800,L-all,10001377,13667,268,275,8,source_missing_or_invalid
a09_6000_6800,L-all,10001378,14100,268,268,1,source_missing_or_invalid
a09_6000_6800,L-all,10001379,14105,268,268,1,source_missing_or_invalid
a09_6000_6800,L-all,10001380,14108,268,342,75,source_missing_or_invalid
a09_6000_6800,L-all,10001381,14112,268,268,1,source_missing_or_invalid
a09_6000_6800,L-all,10001382,14115,268,307,40,source_missing_or_invalid
a09_6000_6800,L-all,10001383,14119,268,268,1,source_missing_or_invalid
a09_6000_6800,L-all,10001384,14120,268,286,19,source_missing_or_invalid
a09_6000_6800,L-all,10001385,14121,268,269,2,source_missing_or_invalid
a09_6000_6800,L-all,10001386,14122,268,272,5,source_missing_or_invalid
a09_6000_6800,L-all,10001387,14126,269,347,79,source_missing_or_invalid
a09_6000_6800,L-all,10001388,14131,269,278,10,source_missing_or_invalid
a09_6000_6800,L-all,10001389,14132,269,270,2,source_missing_or_invalid
a09_6000_6800,L-all,10001390,14138,269,309,41,source_missing_or_invalid
a09_6000_6800,L-all,10001391,14147,270,327,58,source_missing_or_invalid
a09_6000_6800,L-all,10001392,14154,270,278,9,source_missing_or_invalid
a09_6000_6800,L-all,10001393,14166,270,278,9,source_missing_or_invalid
a09_6000_6800,L-all,10001394,14180,271,309,39,source_missing_or_invalid
a09_6000_6800,L-all,10001395,14186,271,272,2,source_missing_or_invalid
a09_6000_6800,L-all,10001396,11354,272,278,7,source_missing_or_invalid
a09_6000_6800,L-all,10001397,12823,272,275,4,source_missing_or_invalid
a09_6000_6800,L-all,10001398,13277,272,324,53,source_missing_or_invalid
a09_6000_6800,L-all,10001399,14207,272,272,1,source_missing_or_invalid
a09_6000_6800,L-all,10001400,14214,272,302,31,source_missing_or_invalid
a09_6000_6800,L-all,10001401,12246,273,365,93,source_missing_or_invalid
a09_6000_6800,L-all,10001402,14224,273,278,6,source_missing_or_invalid
a09_6000_6800,L-all,10001403,14231,273,274,2,source_missing_or_invalid
a09_6000_6800,L-all,10001404,14235,273,275,3,source_missing_or_invalid
a09_6000_6800,L-all,10001405,14239,273,325,53,source_missing_or_invalid
a09_6000_6800,L-all,10001406,14248,273,287,15,source_missing_or_invalid
a09_6000_6800,L-all,10001407,14250,273,307,35,source_missing_or_invalid
a09_6000_6800,L-all,10001408,10612,274,353,80,source_missing_or_invalid
a09_6000_6800,L-all,10001409,12545,274,278,5,source_missing_or_invalid
a09_6000_6800,L-all,10001410,13213,274,313,40,source_missing_or_invalid
a09_6000_6800,L-all,10001411,13864,274,278,5,source_missing_or_invalid
a09_6000_6800,L-all,10001412,14122,274,278,5,source_missing_or_invalid
a09_6000_6800,L-all,10001413,14186,274,277,4,source_missing_or_invalid
a09_6000_6800,L-all,10001414,14207,274,278,5,source_missing_or_invalid
a09_6000_6800,L-all,10001415,14255,274,278,5,source_missing_or_invalid
a09_6000_6800,L-all,10001416,14263,274,285,12,source_missing_or_invalid
a09_6000_6800,L-all,10001417,14264,274,387,114,source_missing_or_invalid
a09_6000_6800,L-all,10001418,14271,274,278,5,source_missing_or_invalid
a09_6000_6800,L-all,10001419,14273,274,286,13,source_missing_or_invalid
a09_6000_6800,L-all,10001420,14278,274,276,3,source_missing_or_invalid
a09_6000_6800,L-all,10001421,13091,275,278,4,source_missing_or_invalid
a09_6000_6800,L-all,10001422,13616,275,387,113,source_missing_or_invalid
a09_6000_6800,L-all,10001423,14285,275,278,4,source_missing_or_invalid
a09_6000_6800,L-all,10001424,14296,275,278,4,source_missing_or_invalid
a09_6000_6800,L-all,10001425,14297,275,331,57,source_missing_or_invalid
a09_6000_6800,L-all,10001426,14310,275,278,4,source_missing_or_invalid
a09_6000_6800,L-all,10001427,13821,276,331,56,source_missing_or_invalid
a09_6000_6800,L-all,10001428,14314,276,277,2,source_missing_or_invalid
a09_6000_6800,L-all,10001429,14325,276,277,2,source_missing_or_invalid
a09_6000_6800,L-all,10001430,14333,276,300,25,source_missing_or_invalid
a09_6000_6800,L-all,10001431,14337,276,278,3,source_missing_or_invalid
a09_6000_6800,L-all,10001432,14338,276,294,19,source_missing_or_invalid
a09_6000_6800,L-all,10001433,14339,276,276,1,source_missing_or_invalid
a09_6000_6800,L-all,10001434,9292,277,281,5,source_missing_or_invalid
a09_6000_6800,L-all,10001435,14346,277,309,33,source_missing_or_invalid
a09_6000_6800,L-all,10001436,14347,277,277,1,source_missing_or_invalid
a09_6000_6800,L-all,10001437,14350,277,278,2,source_missing_or_invalid
a09_6000_6800,L-all,10001438,14351,277,321,45,source_missing_or_invalid
a09_6000_6800,L-all,10001439,14358,277,278,2,source_missing_or_invalid
a09_6000_6800,L-all,10001440,14365,277,278,2,source_missing_or_invalid
a09_6000_6800,L-all,10001441,14367,277,297,21,source_missing_or_invalid
a09_6000_6800,L-all,10001442,14376,278,283,6,source_missing_or_invalid
a09_6000_6800,L-all,10001443,14381,278,281,4,source_missing_or_invalid
a09_6000_6800,L-all,10001444,14383,278,294,17,source_missing_or_invalid
a09_6000_6800,L-all,10001445,14386,278,331,54,source_missing_or_invalid
a09_6000_6800,L-all,10001446,14392,278,278,1,source_missing_or_invalid
a09_6000_6800,L-all,10001447,11038,279,279,1,source_missing_or_invalid
a09_6000_6800,L-all,10001448,14397,279,282,4,source_missing_or_invalid
a09_6000_6800,L-all,10001449,14398,279,282,4,source_missing_or_invalid
a09_6000_6800,L-all,10001450,14402,279,284,6,source_missing_or_invalid
a09_6000_6800,L-all,10001451,14404,279,307,29,source_missing_or_invalid
a09_6000_6800,L-all,10001452,10460,280,307,28,source_missing_or_invalid
a09_6000_6800,L-all,10001453,10988,280,281,2,source_missing_or_invalid
a09_6000_6800,L-all,10001454,11354,280,307,28,source_missing_or_invalid
a09_6000_6800,L-all,10001455,11780,280,321,42,source_missing_or_invalid
a09_6000_6800,L-all,10001456,12046,280,331,52,source_missing_or_invalid
a09_6000_6800,L-all,10001457,12545,280,321,42,source_missing_or_invalid
a09_6000_6800,L-all,10001458,12590,280,321,42,source_missing_or_invalid
a09_6000_6800,L-all,10001459,12813,280,294,15,source_missing_or_invalid
a09_6000_6800,L-all,10001460,12927,280,307,28,source_missing_or_invalid
a09_6000_6800,L-all,10001461,13404,280,331,52,source_missing_or_invalid
a09_6000_6800,L-all,10001462,13408,280,307,28,source_missing_or_invalid
a09_6000_6800,L-all,10001463,13467,280,293,14,source_missing_or_invalid
a09_6000_6800,L-all,10001464,13632,280,310,31,source_missing_or_invalid
a09_6000_6800,L-all,10001465,13642,280,309,30,source_missing_or_invalid
a09_6000_6800,L-all,10001466,13650,280,307,28,source_missing_or_invalid
a09_6000_6800,L-all,10001467,13692,280,300,21,source_missing_or_invalid
a09_6000_6800,L-all,10001468,13804,280,309,30,source_missing_or_invalid
a09_6000_6800,L-all,10001469,13864,280,331,52,source_missing_or_invalid
a09_6000_6800,L-all,10001470,13981,280,307,28,source_missing_or_invalid
a09_6000_6800,L-all,10001471,13993,280,285,6,source_missing_or_invalid
a09_6000_6800,L-all,10001472,14005,280,296,17,source_missing_or_invalid
a09_6000_6800,L-all,10001473,14030,280,331,52,source_missing_or_invalid
a09_6000_6800,L-all,10001474,14122,280,282,3,source_missing_or_invalid
a09_6000_6800,L-all,10001475,14131,280,321,42,source_missing_or_invalid
a09_6000_6800,L-all,10001476,14154,280,309,30,source_missing_or_invalid
a09_6000_6800,L-all,10001477,14166,280,288,9,source_missing_or_invalid
a09_6000_6800,L-all,10001478,14207,280,315,36,source_missing_or_invalid
a09_6000_6800,L-all,10001479,14224,280,340,61,source_missing_or_invalid
a09_6000_6800,L-all,10001480,14255,280,285,6,source_missing_or_invalid
a09_6000_6800,L-all,10001481,14271,280,353,74,source_missing_or_invalid
a09_6000_6800,L-all,10001482,14285,280,397,118,source_missing_or_invalid
a09_6000_6800,L-all,10001483,14310,280,337,58,source_missing_or_invalid
a09_6000_6800,L-all,10001484,14337,280,321,42,source_missing_or_invalid
a09_6000_6800,L-all,10001485,14350,280,381,102,source_missing_or_invalid
a09_6000_6800,L-all,10001486,14358,280,280,1,source_missing_or_invalid
a09_6000_6800,L-all,10001487,14392,280,347,68,source_missing_or_invalid
a09_6000_6800,L-all,10001488,14412,280,282,3,source_missing_or_invalid
a09_6000_6800,L-all,10001489,14418,280,296,17,source_missing_or_invalid
a09_6000_6800,L-all,10001490,14421,280,294,15,source_missing_or_invalid
a09_6000_6800,L-all,10001491,14424,280,307,28,source_missing_or_invalid
a09_6000_6800,L-all,10001492,14432,280,309,30,source_missing_or_invalid
a09_6000_6800,L-all,10001493,14434,280,321,42,source_missing_or_invalid
a09_6000_6800,L-all,10001494,14435,280,364,85,source_missing_or_invalid
a09_6000_6800,L-all,10001495,14438,280,292,13,source_missing_or_invalid
a09_6000_6800,L-all,10001496,14442,280,286,7,source_missing_or_invalid
a09_6000_6800,L-all,10001497,14447,281,300,20,source_missing_or_invalid
a09_6000_6800,L-all,10001498,14450,281,298,18,source_missing_or_invalid
a09_6000_6800,L-all,10001499,14451,281,282,2,source_missing_or_invalid
a09_6000_6800,L-all,10001500,14456,281,309,29,source_missing_or_invalid
a09_6000_6800,L-all,10001501,14457,281,284,4,source_missing_or_invalid
a09_6000_6800,L-all,10001502,14459,281,282,2,source_missing_or_invalid
a09_6000_6800,L-all,10001503,14460,281,283,3,source_missing_or_invalid
a09_6000_6800,L-all,10001504,14466,281,283,3,source_missing_or_invalid
a09_6000_6800,L-all,10001505,11038,282,283,2,source_missing_or_invalid
a09_6000_6800,L-all,10001506,12823,282,283,2,source_missing_or_invalid
a09_6000_6800,L-all,10001507,14469,282,294,13,source_missing_or_invalid
a09_6000_6800,L-all,10001508,14471,282,321,40,source_missing_or_invalid
a09_6000_6800,L-all,10001509,14472,282,287,6,source_missing_or_invalid
a09_6000_6800,L-all,10001510,14474,282,354,73,source_missing_or_invalid
a09_6000_6800,L-all,10001511,14484,282,283,2,source_missing_or_invalid
a09_6000_6800,L-all,10001512,14485,282,288,7,source_missing_or_invalid
a09_6000_6800,L-all,10001513,11860,283,301,19,source_missing_or_invalid
a09_6000_6800,L-all,10001514,14489,283,331,49,source_missing_or_invalid
a09_6000_6800,L-all,10001515,14500,283,307,25,source_missing_or_invalid
a09_6000_6800,L-all,10001516,14506,283,309,27,source_missing_or_invalid
a09_6000_6800,L-all,10001517,10988,284,284,1,source_missing_or_invalid
a09_6000_6800,L-all,10001518,14397,284,294,11,source_missing_or_invalid
a09_6000_6800,L-all,10001519,14510,284,289,6,source_missing_or_invalid
a09_6000_6800,L-all,10001520,14513,284,296,13,source_missing_or_invalid
a09_6000_6800,L-all,10001521,14516,284,315,32,source_missing_or_invalid
a09_6000_6800,L-all,10001522,14519,284,309,26,source_missing_or_invalid
a09_6000_6800,L-all,10001523,11038,285,383,99,source_missing_or_invalid
a09_6000_6800,L-all,10001524,14364,285,287,3,source_missing_or_invalid
a09_6000_6800,L-all,10001525,14548,286,288,3,source_missing_or_invalid
a09_6000_6800,L-all,10001526,14556,286,286,1,source_missing_or_invalid
a09_6000_6800,L-all,10001527,14559,286,305,20,source_missing_or_invalid
a09_6000_6800,L-all,10001528,14561,286,321,36,source_missing_or_invalid
a09_6000_6800,L-all,10001529,14562,286,286,1,source_missing_or_invalid
a09_6000_6800,L-all,10001530,13078,287,307,21,source_missing_or_invalid
a09_6000_6800,L-all,10001531,13993,287,339,53,source_missing_or_invalid
a09_6000_6800,L-all,10001532,14273,288,307,20,source_missing_or_invalid
a09_6000_6800,L-all,10001533,14583,288,290,3,source_missing_or_invalid
a09_6000_6800,L-all,10001534,14588,288,288,1,source_missing_or_invalid
a09_6000_6800,L-all,10001535,14589,288,289,2,source_missing_or_invalid
a09_6000_6800,L-all,10001536,14593,288,307,20,source_missing_or_invalid
a09_6000_6800,L-all,10001537,14596,288,290,3,source_missing_or_invalid
a09_6000_6800,L-all,10001538,14598,288,313,26,source_missing_or_invalid
a09_6000_6800,L-all,10001539,14601,288,321,34,source_missing_or_invalid
a09_6000_6800,L-all,10001540,13091,290,290,1,source_missing_or_invalid
a09_6000_6800,L-all,10001541,14627,290,290,1,source_missing_or_invalid
a09_6000_6800,L-all,10001542,14629,290,294,5,source_missing_or_invalid
a09_6000_6800,L-all,10001543,14638,290,292,3,source_missing_or_invalid
a09_6000_6800,L-all,10001544,14643,290,294,5,source_missing_or_invalid
a09_6000_6800,L-all,10001545,14644,290,304,15,source_missing_or_invalid
a09_6000_6800,L-all,10001546,11646,291,390,100,source_missing_or_invalid
a09_6000_6800,L-all,10001547,12086,291,331,41,source_missing_or_invalid
a09_6000_6800,L-all,10001548,12823,291,291,1,source_missing_or_invalid
a09_6000_6800,L-all,10001549,14647,291,299,9,source_missing_or_invalid
a09_6000_6800,L-all,10001550,14655,291,326,36,source_missing_or_invalid
a09_6000_6800,L-all,10001551,14662,291,292,2,source_missing_or_invalid
a09_6000_6800,L-all,10001552,14072,292,309,18,source_missing_or_invalid
a09_6000_6800,L-all,10001553,14245,292,294,3,source_missing_or_invalid
a09_6000_6800,L-all,10001554,14283,292,399,108,window_end_or_source_end
a09_6000_6800,L-all,10001555,14412,292,347,56,source_missing_or_invalid
a09_6000_6800,L-all,10001556,14627,292,294,3,source_missing_or_invalid
a09_6000_6800,L-all,10001557,14668,292,321,30,source_missing_or_invalid
a09_6000_6800,L-all,10001558,14681,292,294,3,source_missing_or_invalid
a09_6000_6800,L-all,10001559,14685,292,309,18,source_missing_or_invalid
a09_6000_6800,L-all,10001560,12823,293,302,10,source_missing_or_invalid
a09_6000_6800,L-all,10001561,14691,293,306,14,source_missing_or_invalid
a09_6000_6800,L-all,10001562,14692,293,307,15,source_missing_or_invalid
a09_6000_6800,L-all,10001563,14694,293,315,23,source_missing_or_invalid
a09_6000_6800,L-all,10001564,14704,293,302,10,source_missing_or_invalid
a09_6000_6800,L-all,10001565,14706,293,293,1,source_missing_or_invalid
a09_6000_6800,L-all,10001566,14707,293,299,7,source_missing_or_invalid
a09_6000_6800,L-all,10001567,14710,293,294,2,source_missing_or_invalid
a09_6000_6800,L-all,10001568,13382,294,295,2,source_missing_or_invalid
a09_6000_6800,L-all,10001569,13793,294,300,7,source_missing_or_invalid
a09_6000_6800,L-all,10001570,14490,294,341,48,source_missing_or_invalid
a09_6000_6800,L-all,10001571,14715,294,295,2,source_missing_or_invalid
a09_6000_6800,L-all,10001572,14719,294,315,22,source_missing_or_invalid
a09_6000_6800,L-all,10001573,14720,294,298,5,source_missing_or_invalid
a09_6000_6800,L-all,10001574,14226,295,385,91,source_missing_or_invalid
a09_6000_6800,L-all,10001575,14729,295,297,3,source_missing_or_invalid
a09_6000_6800,L-all,10001576,12813,296,306,11,source_missing_or_invalid
a09_6000_6800,L-all,10001577,12947,296,307,12,source_missing_or_invalid
a09_6000_6800,L-all,10001578,14338,296,309,14,source_missing_or_invalid
a09_6000_6800,L-all,10001579,14383,296,299,4,source_missing_or_invalid
a09_6000_6800,L-all,10001580,14397,296,299,4,source_missing_or_invalid
a09_6000_6800,L-all,10001581,14627,296,299,4,source_missing_or_invalid
a09_6000_6800,L-all,10001582,14629,296,298,3,source_missing_or_invalid
a09_6000_6800,L-all,10001583,14643,296,320,25,source_missing_or_invalid
a09_6000_6800,L-all,10001584,14740,296,307,12,source_missing_or_invalid
a09_6000_6800,L-all,10001585,14747,296,307,12,source_missing_or_invalid
a09_6000_6800,L-all,10001586,14749,296,300,5,source_missing_or_invalid
a09_6000_6800,L-all,10001587,12663,297,307,11,source_missing_or_invalid
a09_6000_6800,L-all,10001588,14753,297,331,35,source_missing_or_invalid
a09_6000_6800,L-all,10001589,14760,297,399,103,window_end_or_source_end
a09_6000_6800,L-all,10001590,14762,297,321,25,source_missing_or_invalid
a09_6000_6800,L-all,10001591,14771,297,299,3,source_missing_or_invalid
a09_6000_6800,L-all,10001592,12285,298,349,52,source_missing_or_invalid
a09_6000_6800,L-all,10001593,14776,298,318,21,source_missing_or_invalid
a09_6000_6800,L-all,10001594,14784,298,305,8,source_missing_or_invalid
a09_6000_6800,L-all,10001595,14786,298,298,1,source_missing_or_invalid
a09_6000_6800,L-all,10001596,12492,299,399,101,window_end_or_source_end
a09_6000_6800,L-all,10001597,14794,299,300,2,source_missing_or_invalid
a09_6000_6800,L-all,10001598,14796,299,301,3,source_missing_or_invalid
a09_6000_6800,L-all,10001599,14799,299,309,11,source_missing_or_invalid
a09_6000_6800,L-all,10001600,14801,299,309,11,source_missing_or_invalid
a09_6000_6800,L-all,10001601,14803,299,356,58,source_missing_or_invalid
a09_6000_6800,L-all,10001602,14121,300,301,2,source_missing_or_invalid
a09_6000_6800,L-all,10001603,14729,300,300,1,source_missing_or_invalid
a09_6000_6800,L-all,10001604,14786,300,300,1,source_missing_or_invalid
a09_6000_6800,L-all,10001605,14817,300,338,39,source_missing_or_invalid
a09_6000_6800,L-all,10001606,14821,300,311,12,source_missing_or_invalid
a09_6000_6800,L-all,10001607,9770,301,321,21,source_missing_or_invalid
a09_6000_6800,L-all,10001608,14627,301,303,3,source_missing_or_invalid
a09_6000_6800,L-all,10001609,14816,301,334,34,source_missing_or_invalid
a09_6000_6800,L-all,10001610,14833,301,305,5,source_missing_or_invalid
a09_6000_6800,L-all,10001611,14834,301,301,1,source_missing_or_invalid
a09_6000_6800,L-all,10001612,14847,301,309,9,source_missing_or_invalid
a09_6000_6800,L-all,10001613,10548,302,302,1,source_missing_or_invalid
a09_6000_6800,L-all,10001614,14755,302,399,98,window_end_or_source_end
a09_6000_6800,L-all,10001615,14851,302,302,1,source_missing_or_invalid
a09_6000_6800,L-all,10001616,14858,302,305,4,source_missing_or_invalid
a09_6000_6800,L-all,10001617,14868,302,302,1,source_missing_or_invalid
a09_6000_6800,L-all,10001618,14870,302,309,8,source_missing_or_invalid
a09_6000_6800,L-all,10001619,14872,302,356,55,source_missing_or_invalid
a09_6000_6800,L-all,10001620,13467,303,307,5,source_missing_or_invalid
a09_6000_6800,L-all,10001621,14121,303,309,7,source_missing_or_invalid
a09_6000_6800,L-all,10001622,14877,303,309,7,source_missing_or_invalid
a09_6000_6800,L-all,10001623,12823,304,304,1,source_missing_or_invalid
a09_6000_6800,L-all,10001624,14895,304,347,44,source_missing_or_invalid
a09_6000_6800,L-all,10001625,14907,304,305,2,source_missing_or_invalid
a09_6000_6800,L-all,10001626,14909,304,321,18,source_missing_or_invalid
a09_6000_6800,L-all,10001627,14729,305,309,5,source_missing_or_invalid
a09_6000_6800,L-all,10001628,14924,305,311,7,source_missing_or_invalid
a09_6000_6800,L-all,10001629,14933,305,329,25,source_missing_or_invalid
a09_6000_6800,L-all,10001630,14627,306,312,7,source_missing_or_invalid
a09_6000_6800,L-all,10001631,14941,306,310,5,source_missing_or_invalid
a09_6000_6800,L-all,10001632,14953,306,306,1,source_missing_or_invalid
a09_6000_6800,L-all,10001633,13910,307,399,93,window_end_or_source_end
a09_6000_6800,L-all,10001634,14907,307,307,1,source_missing_or_invalid
a09_6000_6800,L-all,10001635,14978,307,348,42,source_missing_or_invalid
a09_6000_6800,L-all,10001636,10777,308,399,92,window_end_or_source_end
a09_6000_6800,L-all,10001637,14984,308,309,2,source_missing_or_invalid
a09_6000_6800,L-all,10001638,14996,308,309,2,source_missing_or_invalid
a09_6000_6800,L-all,10001639,10424,309,399,91,window_end_or_source_end
a09_6000_6800,L-all,10001640,10426,309,321,13,source_missing_or_invalid
a09_6000_6800,L-all,10001641,10460,309,347,39,source_missing_or_invalid
a09_6000_6800,L-all,10001642,11005,309,309,1,source_missing_or_invalid
a09_6000_6800,L-all,10001643,11055,309,309,1,source_missing_or_invalid
a09_6000_6800,L-all,10001644,11060,309,316,8,source_missing_or_invalid
a09_6000_6800,L-all,10001645,11354,309,321,13,source_missing_or_invalid
a09_6000_6800,L-all,10001646,11374,309,347,39,source_missing_or_invalid
a09_6000_6800,L-all,10001647,11540,309,331,23,source_missing_or_invalid
a09_6000_6800,L-all,10001648,11812,309,315,7,source_missing_or_invalid
a09_6000_6800,L-all,10001649,11830,309,309,1,source_missing_or_invalid
a09_6000_6800,L-all,10001650,12663,309,347,39,source_missing_or_invalid
a09_6000_6800,L-all,10001651,12927,309,310,2,source_missing_or_invalid
a09_6000_6800,L-all,10001652,12947,309,317,9,source_missing_or_invalid
a09_6000_6800,L-all,10001653,12980,309,324,16,source_missing_or_invalid
a09_6000_6800,L-all,10001654,13078,309,321,13,source_missing_or_invalid
a09_6000_6800,L-all,10001655,13120,309,309,1,source_missing_or_invalid
a09_6000_6800,L-all,10001656,13337,309,309,1,source_missing_or_invalid
a09_6000_6800,L-all,10001657,13406,309,309,1,source_missing_or_invalid
a09_6000_6800,L-all,10001658,13408,309,309,1,source_missing_or_invalid
a09_6000_6800,L-all,10001659,13467,309,309,1,source_missing_or_invalid
a09_6000_6800,L-all,10001660,13588,309,309,1,source_missing_or_invalid
a09_6000_6800,L-all,10001661,13650,309,388,80,source_missing_or_invalid
a09_6000_6800,L-all,10001662,13843,309,309,1,source_missing_or_invalid
a09_6000_6800,L-all,10001663,13973,309,309,1,source_missing_or_invalid
a09_6000_6800,L-all,10001664,13981,309,353,45,source_missing_or_invalid
a09_6000_6800,L-all,10001665,14115,309,309,1,source_missing_or_invalid
a09_6000_6800,L-all,10001666,14250,309,327,19,source_missing_or_invalid
a09_6000_6800,L-all,10001667,14404,309,327,19,source_missing_or_invalid
a09_6000_6800,L-all,10001668,14424,309,309,1,source_missing_or_invalid
a09_6000_6800,L-all,10001669,14500,309,309,1,source_missing_or_invalid
a09_6000_6800,L-all,10001670,14593,309,349,41,source_missing_or_invalid
a09_6000_6800,L-all,10001671,14692,309,399,91,window_end_or_source_end
a09_6000_6800,L-all,10001672,14740,309,309,1,source_missing_or_invalid
a09_6000_6800,L-all,10001673,14747,309,347,39,source_missing_or_invalid
a09_6000_6800,L-all,10001674,14907,309,309,1,source_missing_or_invalid
a09_6000_6800,L-all,10001675,14998,309,309,1,source_missing_or_invalid
a09_6000_6800,L-all,10001676,14999,309,317,9,source_missing_or_invalid
a09_6000_6800,L-all,10001677,15011,309,309,1,source_missing_or_invalid
a09_6000_6800,L-all,10001678,15012,309,319,11,source_missing_or_invalid
a09_6000_6800,L-all,10001679,15023,309,309,1,source_missing_or_invalid
a09_6000_6800,L-all,10001680,15027,309,331,23,source_missing_or_invalid
a09_6000_6800,L-all,10001681,15040,310,312,3,source_missing_or_invalid
a09_6000_6800,L-all,10001682,10543,311,331,21,source_missing_or_invalid
a09_6000_6800,L-all,10001683,10779,311,399,89,window_end_or_source_end
a09_6000_6800,L-all,10001684,10910,311,321,11,source_missing_or_invalid
a09_6000_6800,L-all,10001685,11005,311,331,21,source_missing_or_invalid
a09_6000_6800,L-all,10001686,11055,311,341,31,source_missing_or_invalid
a09_6000_6800,L-all,10001687,11171,311,316,6,source_missing_or_invalid
a09_6000_6800,L-all,10001688,11830,311,347,37,source_missing_or_invalid
a09_6000_6800,L-all,10001689,11928,311,331,21,source_missing_or_invalid
a09_6000_6800,L-all,10001690,11950,311,331,21,source_missing_or_invalid
a09_6000_6800,L-all,10001691,13120,311,353,43,source_missing_or_invalid
a09_6000_6800,L-all,10001692,13198,311,331,21,source_missing_or_invalid
a09_6000_6800,L-all,10001693,13255,311,353,43,source_missing_or_invalid
a09_6000_6800,L-all,10001694,13337,311,318,8,source_missing_or_invalid
a09_6000_6800,L-all,10001695,13406,311,331,21,source_missing_or_invalid
a09_6000_6800,L-all,10001696,13408,311,315,5,source_missing_or_invalid
a09_6000_6800,L-all,10001697,13456,311,331,21,source_missing_or_invalid
a09_6000_6800,L-all,10001698,13467,311,321,11,source_missing_or_invalid
a09_6000_6800,L-all,10001699,13588,311,347,37,source_missing_or_invalid
a09_6000_6800,L-all,10001700,13642,311,353,43,source_missing_or_invalid
a09_6000_6800,L-all,10001701,13656,311,347,37,source_missing_or_invalid
a09_6000_6800,L-all,10001702,13804,311,321,11,source_missing_or_invalid
a09_6000_6800,L-all,10001703,13843,311,324,14,source_missing_or_invalid
a09_6000_6800,L-all,10001704,13973,311,321,11,source_missing_or_invalid
a09_6000_6800,L-all,10001705,14072,311,331,21,source_missing_or_invalid
a09_6000_6800,L-all,10001706,14115,311,319,9,source_missing_or_invalid
a09_6000_6800,L-all,10001707,14121,311,321,11,source_missing_or_invalid
a09_6000_6800,L-all,10001708,14138,311,399,89,window_end_or_source_end
a09_6000_6800,L-all,10001709,14154,311,321,11,source_missing_or_invalid
a09_6000_6800,L-all,10001710,14180,311,323,13,source_missing_or_invalid
a09_6000_6800,L-all,10001711,14338,311,321,11,source_missing_or_invalid
a09_6000_6800,L-all,10001712,14346,311,315,5,source_missing_or_invalid
a09_6000_6800,L-all,10001713,14424,311,347,37,source_missing_or_invalid
a09_6000_6800,L-all,10001714,14432,311,331,21,source_missing_or_invalid
a09_6000_6800,L-all,10001715,14456,311,347,37,source_missing_or_invalid
a09_6000_6800,L-all,10001716,14500,311,347,37,source_missing_or_invalid
a09_6000_6800,L-all,10001717,14506,311,341,31,source_missing_or_invalid
a09_6000_6800,L-all,10001718,14519,311,353,43,source_missing_or_invalid
a09_6000_6800,L-all,10001719,14685,311,312,2,source_missing_or_invalid
a09_6000_6800,L-all,10001720,14740,311,330,20,source_missing_or_invalid
a09_6000_6800,L-all,10001721,14799,311,321,11,source_missing_or_invalid
a09_6000_6800,L-all,10001722,14801,311,330,20,source_missing_or_invalid
a09_6000_6800,L-all,10001723,14847,311,315,5,source_missing_or_invalid
a09_6000_6800,L-all,10001724,14870,311,321,11,source_missing_or_invalid
a09_6000_6800,L-all,10001725,14877,311,315,5,source_missing_or_invalid
a09_6000_6800,L-all,10001726,14907,311,317,7,source_missing_or_invalid
a09_6000_6800,L-all,10001727,14984,311,331,21,source_missing_or_invalid
a09_6000_6800,L-all,10001728,14996,311,324,14,source_missing_or_invalid
a09_6000_6800,L-all,10001729,14998,311,331,21,source_missing_or_invalid
a09_6000_6800,L-all,10001730,15023,311,321,11,source_missing_or_invalid
a09_6000_6800,L-all,10001731,15034,311,316,6,source_missing_or_invalid
a09_6000_6800,L-all,10001732,15052,311,331,21,source_missing_or_invalid
a09_6000_6800,L-all,10001733,15055,311,347,37,source_missing_or_invalid
a09_6000_6800,L-all,10001734,15061,311,311,1,source_missing_or_invalid
a09_6000_6800,L-all,10001735,15069,311,315,5,source_missing_or_invalid
a09_6000_6800,L-all,10001736,15072,311,331,21,source_missing_or_invalid
a09_6000_6800,L-all,10001737,14451,312,321,10,source_missing_or_invalid
a09_6000_6800,L-all,10001738,15081,312,346,35,source_missing_or_invalid
a09_6000_6800,L-all,10001739,15083,312,315,4,source_missing_or_invalid
a09_6000_6800,L-all,10001740,15091,312,321,10,source_missing_or_invalid
a09_6000_6800,L-all,10001741,15096,312,313,2,source_missing_or_invalid
a09_6000_6800,L-all,10001742,13522,313,313,1,source_missing_or_invalid
a09_6000_6800,L-all,10001743,15103,313,314,2,source_missing_or_invalid
a09_6000_6800,L-all,10001744,11018,314,340,27,source_missing_or_invalid
a09_6000_6800,L-all,10001745,15117,314,328,15,source_missing_or_invalid
a09_6000_6800,L-all,10001746,15125,314,399,86,window_end_or_source_end
a09_6000_6800,L-all,10001747,15130,314,321,8,source_missing_or_invalid
a09_6000_6800,L-all,10001748,15134,314,315,2,source_missing_or_invalid
a09_6000_6800,L-all,10001749,11051,315,321,7,source_missing_or_invalid
a09_6000_6800,L-all,10001750,13350,315,326,12,source_missing_or_invalid
a09_6000_6800,L-all,10001751,13793,315,315,1,source_missing_or_invalid
a09_6000_6800,L-all,10001752,15153,315,338,24,source_missing_or_invalid
a09_6000_6800,L-all,10001753,10480,316,316,1,source_missing_or_invalid
a09_6000_6800,L-all,10001754,13522,316,317,2,source_missing_or_invalid
a09_6000_6800,L-all,10001755,15166,316,316,1,source_missing_or_invalid
a09_6000_6800,L-all,10001756,15170,316,316,1,source_missing_or_invalid
a09_6000_6800,L-all,10001757,15176,316,318,3,source_missing_or_invalid
a09_6000_6800,L-all,10001758,9508,317,319,3,source_missing_or_invalid
a09_6000_6800,L-all,10001759,13283,317,347,31,source_missing_or_invalid
a09_6000_6800,L-all,10001760,13408,317,346,30,source_missing_or_invalid
a09_6000_6800,L-all,10001761,13793,317,321,5,source_missing_or_invalid
a09_6000_6800,L-all,10001762,13929,317,331,15,source_missing_or_invalid
a09_6000_6800,L-all,10001763,14207,317,347,31,source_missing_or_invalid
a09_6000_6800,L-all,10001764,14449,317,323,7,source_missing_or_invalid
a09_6000_6800,L-all,10001765,14516,317,321,5,source_missing_or_invalid
a09_6000_6800,L-all,10001766,14540,317,327,11,source_missing_or_invalid
a09_6000_6800,L-all,10001767,14694,317,353,37,source_missing_or_invalid
a09_6000_6800,L-all,10001768,14719,317,321,5,source_missing_or_invalid
a09_6000_6800,L-all,10001769,14847,317,347,31,source_missing_or_invalid
a09_6000_6800,L-all,10001770,14877,317,321,5,source_missing_or_invalid
a09_6000_6800,L-all,10001771,15069,317,324,8,source_missing_or_invalid
a09_6000_6800,L-all,10001772,15179,317,321,5,source_missing_or_invalid
a09_6000_6800,L-all,10001773,15182,317,321,5,source_missing_or_invalid
a09_6000_6800,L-all,10001774,15184,317,321,5,source_missing_or_invalid
a09_6000_6800,L-all,10001775,15196,317,382,66,source_missing_or_invalid
a09_6000_6800,L-all,10001776,15198,317,317,1,source_missing_or_invalid
a09_6000_6800,L-all,10001777,15199,317,326,10,source_missing_or_invalid
a09_6000_6800,L-all,10001778,15201,317,324,8,source_missing_or_invalid
a09_6000_6800,L-all,10001779,15220,318,321,4,source_missing_or_invalid
a09_6000_6800,L-all,10001780,10072,319,350,32,source_missing_or_invalid
a09_6000_6800,L-all,10001781,13675,319,399,81,window_end_or_source_end
a09_6000_6800,L-all,10001782,15222,319,321,3,source_missing_or_invalid
a09_6000_6800,L-all,10001783,15224,319,353,35,source_missing_or_invalid
a09_6000_6800,L-all,10001784,15227,319,319,1,source_missing_or_invalid
a09_6000_6800,L-all,10001785,15238,319,347,29,source_missing_or_invalid
a09_6000_6800,L-all,10001786,15239,319,342,24,source_missing_or_invalid
a09_6000_6800,L-all,10001787,15241,319,321,3,source_missing_or_invalid
a09_6000_6800,L-all,10001788,15245,319,370,52,source_missing_or_invalid
a09_6000_6800,L-all,10001789,12927,320,330,11,source_missing_or_invalid
a09_6000_6800,L-all,10001790,13522,320,320,1,source_missing_or_invalid
a09_6000_6800,L-all,10001791,14821,320,321,2,source_missing_or_invalid
a09_6000_6800,L-all,10001792,14907,320,320,1,source_missing_or_invalid
a09_6000_6800,L-all,10001793,15250,320,321,2,source_missing_or_invalid
a09_6000_6800,L-all,10001794,9508,321,341,21,source_missing_or_invalid
a09_6000_6800,L-all,10001795,15277,321,369,49,source_missing_or_invalid
a09_6000_6800,L-all,10001796,13522,322,322,1,source_missing_or_invalid
a09_6000_6800,L-all,10001797,15296,322,323,2,source_missing_or_invalid
a09_6000_6800,L-all,10001798,15302,322,331,10,source_missing_or_invalid
a09_6000_6800,L-all,10001799,9770,323,331,9,source_missing_or_invalid
a09_6000_6800,L-all,10001800,10426,323,331,9,source_missing_or_invalid
a09_6000_6800,L-all,10001801,10910,323,353,31,source_missing_or_invalid
a09_6000_6800,L-all,10001802,11051,323,356,34,source_missing_or_invalid
a09_6000_6800,L-all,10001803,11354,323,324,2,source_missing_or_invalid
a09_6000_6800,L-all,10001804,11780,323,399,77,window_end_or_source_end
a09_6000_6800,L-all,10001805,12545,323,324,2,source_missing_or_invalid
a09_6000_6800,L-all,10001806,12590,323,325,3,source_missing_or_invalid
a09_6000_6800,L-all,10001807,13078,323,347,25,source_missing_or_invalid
a09_6000_6800,L-all,10001808,13467,323,324,2,source_missing_or_invalid
a09_6000_6800,L-all,10001809,13662,323,326,4,source_missing_or_invalid
a09_6000_6800,L-all,10001810,13804,323,324,2,source_missing_or_invalid
a09_6000_6800,L-all,10001811,13852,323,331,9,source_missing_or_invalid
a09_6000_6800,L-all,10001812,13973,323,324,2,source_missing_or_invalid
a09_6000_6800,L-all,10001813,14022,323,356,34,source_missing_or_invalid
a09_6000_6800,L-all,10001814,14131,323,353,31,source_missing_or_invalid
a09_6000_6800,L-all,10001815,14154,323,347,25,source_missing_or_invalid
a09_6000_6800,L-all,10001816,14337,323,331,9,source_missing_or_invalid
a09_6000_6800,L-all,10001817,14338,323,341,19,source_missing_or_invalid
a09_6000_6800,L-all,10001818,14351,323,331,9,source_missing_or_invalid
a09_6000_6800,L-all,10001819,14434,323,382,60,source_missing_or_invalid
a09_6000_6800,L-all,10001820,14451,323,399,77,window_end_or_source_end
a09_6000_6800,L-all,10001821,14471,323,399,77,window_end_or_source_end
a09_6000_6800,L-all,10001822,14516,323,324,2,source_missing_or_invalid
a09_6000_6800,L-all,10001823,14561,323,399,77,window_end_or_source_end
a09_6000_6800,L-all,10001824,14601,323,399,77,window_end_or_source_end
a09_6000_6800,L-all,10001825,14637,323,347,25,source_missing_or_invalid
a09_6000_6800,L-all,10001826,14668,323,331,9,source_missing_or_invalid
a09_6000_6800,L-all,10001827,14719,323,340,18,source_missing_or_invalid
a09_6000_6800,L-all,10001828,14762,323,356,34,source_missing_or_invalid
a09_6000_6800,L-all,10001829,14799,323,331,9,source_missing_or_invalid
a09_6000_6800,L-all,10001830,14821,323,353,31,source_missing_or_invalid
a09_6000_6800,L-all,10001831,14870,323,341,19,source_missing_or_invalid
a09_6000_6800,L-all,10001832,14877,323,331,9,source_missing_or_invalid
a09_6000_6800,L-all,10001833,14909,323,353,31,source_missing_or_invalid
a09_6000_6800,L-all,10001834,15023,323,341,19,source_missing_or_invalid
a09_6000_6800,L-all,10001835,15091,323,356,34,source_missing_or_invalid
a09_6000_6800,L-all,10001836,15130,323,347,25,source_missing_or_invalid
a09_6000_6800,L-all,10001837,15179,323,331,9,source_missing_or_invalid
a09_6000_6800,L-all,10001838,15182,323,338,16,source_missing_or_invalid
a09_6000_6800,L-all,10001839,15184,323,353,31,source_missing_or_invalid
a09_6000_6800,L-all,10001840,15222,323,341,19,source_missing_or_invalid
a09_6000_6800,L-all,10001841,15241,323,347,25,source_missing_or_invalid
a09_6000_6800,L-all,10001842,15250,323,329,7,source_missing_or_invalid
a09_6000_6800,L-all,10001843,15290,323,324,2,source_missing_or_invalid
a09_6000_6800,L-all,10001844,15292,323,331,9,source_missing_or_invalid
a09_6000_6800,L-all,10001845,15298,323,324,2,source_missing_or_invalid
a09_6000_6800,L-all,10001846,15299,323,356,34,source_missing_or_invalid
a09_6000_6800,L-all,10001847,15315,323,341,19,source_missing_or_invalid
a09_6000_6800,L-all,10001848,13522,324,324,1,source_missing_or_invalid
a09_6000_6800,L-all,10001849,13621,324,324,1,source_missing_or_invalid
a09_6000_6800,L-all,10001850,14786,324,324,1,source_missing_or_invalid
a09_6000_6800,L-all,10001851,15322,324,353,30,source_missing_or_invalid
a09_6000_6800,L-all,10001852,15334,324,331,8,source_missing_or_invalid
a09_6000_6800,L-all,10001853,15339,324,325,2,source_missing_or_invalid
a09_6000_6800,L-all,10001854,15343,324,331,8,source_missing_or_invalid
a09_6000_6800,L-all,10001855,9982,325,326,2,source_missing_or_invalid
a09_6000_6800,L-all,10001856,10555,325,355,31,source_missing_or_invalid
a09_6000_6800,L-all,10001857,14115,325,326,2,source_missing_or_invalid
a09_6000_6800,L-all,10001858,12545,326,347,22,source_missing_or_invalid
a09_6000_6800,L-all,10001859,13467,326,331,6,source_missing_or_invalid
a09_6000_6800,L-all,10001860,13804,326,353,28,source_missing_or_invalid
a09_6000_6800,L-all,10001861,13843,326,331,6,source_missing_or_invalid
a09_6000_6800,L-all,10001862,13973,326,351,26,source_missing_or_invalid
a09_6000_6800,L-all,10001863,14121,326,331,6,source_missing_or_invalid
a09_6000_6800,L-all,10001864,14996,326,331,6,source_missing_or_invalid
a09_6000_6800,L-all,10001865,15053,326,331,6,source_missing_or_invalid
a09_6000_6800,L-all,10001866,15069,326,339,14,source_missing_or_invalid
a09_6000_6800,L-all,10001867,15201,326,331,6,source_missing_or_invalid
a09_6000_6800,L-all,10001868,15298,326,331,6,source_missing_or_invalid
a09_6000_6800,L-all,10001869,15362,326,332,7,source_missing_or_invalid
a09_6000_6800,L-all,10001870,15370,326,341,16,source_missing_or_invalid
a09_6000_6800,L-all,10001871,15379,326,331,6,source_missing_or_invalid
a09_6000_6800,L-all,10001872,11354,327,351,25,source_missing_or_invalid
a09_6000_6800,L-all,10001873,11713,327,399,73,window_end_or_source_end
a09_6000_6800,L-all,10001874,13277,327,347,21,source_missing_or_invalid
a09_6000_6800,L-all,10001875,14786,327,327,1,source_missing_or_invalid
a09_6000_6800,L-all,10001876,15397,327,331,5,source_missing_or_invalid
a09_6000_6800,L-all,10001877,15399,327,331,5,source_missing_or_invalid
a09_6000_6800,L-all,10001878,15401,327,341,15,source_missing_or_invalid
a09_6000_6800,L-all,10001879,14180,328,330,3,source_missing_or_invalid
a09_6000_6800,L-all,10001880,14655,328,328,1,source_missing_or_invalid
a09_6000_6800,L-all,10001881,15404,328,336,9,source_missing_or_invalid
a09_6000_6800,L-all,10001882,15413,328,356,29,source_missing_or_invalid
a09_6000_6800,L-all,10001883,14786,329,330,2,source_missing_or_invalid
a09_6000_6800,L-all,10001884,15001,329,329,1,source_missing_or_invalid
a09_6000_6800,L-all,10001885,15176,329,335,7,source_missing_or_invalid
a09_6000_6800,L-all,10001886,15408,329,330,2,source_missing_or_invalid
a09_6000_6800,L-all,10001887,15430,329,374,46,source_missing_or_invalid
a09_6000_6800,L-all,10001888,15431,329,347,19,source_missing_or_invalid
a09_6000_6800,L-all,10001889,10603,330,353,24,source_missing_or_invalid
a09_6000_6800,L-all,10001890,11688,330,331,2,source_missing_or_invalid
a09_6000_6800,L-all,10001891,15445,330,344,15,source_missing_or_invalid
a09_6000_6800,L-all,10001892,15446,330,332,3,source_missing_or_invalid
a09_6000_6800,L-all,10001893,15448,330,331,2,source_missing_or_invalid
a09_6000_6800,L-all,10001894,15449,330,353,24,source_missing_or_invalid
a09_6000_6800,L-all,10001895,15452,330,331,2,source_missing_or_invalid
a09_6000_6800,L-all,10001896,15090,331,399,69,window_end_or_source_end
a09_6000_6800,L-all,10001897,15462,331,386,56,source_missing_or_invalid
a09_6000_6800,L-all,10001898,15467,331,335,5,source_missing_or_invalid
a09_6000_6800,L-all,10001899,15475,331,347,17,source_missing_or_invalid
a09_6000_6800,L-all,10001900,14344,332,341,10,source_missing_or_invalid
a09_6000_6800,L-all,10001901,14786,332,346,15,source_missing_or_invalid
a09_6000_6800,L-all,10001902,15485,332,346,15,source_missing_or_invalid
a09_6000_6800,L-all,10001903,15489,332,344,13,source_missing_or_invalid
a09_6000_6800,L-all,10001904,10426,333,399,67,window_end_or_source_end
a09_6000_6800,L-all,10001905,10543,333,341,9,source_missing_or_invalid
a09_6000_6800,L-all,10001906,11005,333,399,67,window_end_or_source_end
a09_6000_6800,L-all,10001907,11450,333,399,67,window_end_or_source_end
a09_6000_6800,L-all,10001908,11540,333,345,13,source_missing_or_invalid
a09_6000_6800,L-all,10001909,11688,333,347,15,source_missing_or_invalid
a09_6000_6800,L-all,10001910,11928,333,353,21,source_missing_or_invalid
a09_6000_6800,L-all,10001911,11950,333,353,21,source_missing_or_invalid
a09_6000_6800,L-all,10001912,12046,333,345,13,source_missing_or_invalid
a09_6000_6800,L-all,10001913,13198,333,354,22,source_missing_or_invalid
a09_6000_6800,L-all,10001914,13404,333,353,21,source_missing_or_invalid
a09_6000_6800,L-all,10001915,13406,333,356,24,source_missing_or_invalid
a09_6000_6800,L-all,10001916,13456,333,336,4,source_missing_or_invalid
a09_6000_6800,L-all,10001917,13467,333,347,15,source_missing_or_invalid
a09_6000_6800,L-all,10001918,13636,333,343,11,source_missing_or_invalid
a09_6000_6800,L-all,10001919,13672,333,353,21,source_missing_or_invalid
a09_6000_6800,L-all,10001920,13821,333,390,58,source_missing_or_invalid
a09_6000_6800,L-all,10001921,13843,333,353,21,source_missing_or_invalid
a09_6000_6800,L-all,10001922,13852,333,354,22,source_missing_or_invalid
a09_6000_6800,L-all,10001923,13864,333,334,2,source_missing_or_invalid
a09_6000_6800,L-all,10001924,13897,333,360,28,source_missing_or_invalid
a09_6000_6800,L-all,10001925,13929,333,343,11,source_missing_or_invalid
a09_6000_6800,L-all,10001926,14030,333,351,19,source_missing_or_invalid
a09_6000_6800,L-all,10001927,14072,333,349,17,source_missing_or_invalid
a09_6000_6800,L-all,10001928,14297,333,399,67,window_end_or_source_end
a09_6000_6800,L-all,10001929,14337,333,357,25,source_missing_or_invalid
a09_6000_6800,L-all,10001930,14351,333,353,21,source_missing_or_invalid
a09_6000_6800,L-all,10001931,14386,333,345,13,source_missing_or_invalid
a09_6000_6800,L-all,10001932,14432,333,351,19,source_missing_or_invalid
a09_6000_6800,L-all,10001933,14489,333,347,15,source_missing_or_invalid
a09_6000_6800,L-all,10001934,14668,333,347,15,source_missing_or_invalid
a09_6000_6800,L-all,10001935,14753,333,343,11,source_missing_or_invalid
a09_6000_6800,L-all,10001936,14799,333,353,21,source_missing_or_invalid
a09_6000_6800,L-all,10001937,14877,333,341,9,source_missing_or_invalid
a09_6000_6800,L-all,10001938,14984,333,399,67,window_end_or_source_end
a09_6000_6800,L-all,10001939,14996,333,356,24,source_missing_or_invalid
a09_6000_6800,L-all,10001940,14998,333,399,67,window_end_or_source_end
a09_6000_6800,L-all,10001941,15027,333,347,15,source_missing_or_invalid
a09_6000_6800,L-all,10001942,15052,333,353,21,source_missing_or_invalid
a09_6000_6800,L-all,10001943,15053,333,341,9,source_missing_or_invalid
a09_6000_6800,L-all,10001944,15072,333,347,15,source_missing_or_invalid
a09_6000_6800,L-all,10001945,15179,333,347,15,source_missing_or_invalid
a09_6000_6800,L-all,10001946,15292,333,347,15,source_missing_or_invalid
a09_6000_6800,L-all,10001947,15302,333,347,15,source_missing_or_invalid
a09_6000_6800,L-all,10001948,15334,333,373,41,source_missing_or_invalid
a09_6000_6800,L-all,10001949,15343,333,387,55,source_missing_or_invalid
a09_6000_6800,L-all,10001950,15379,333,333,1,source_missing_or_invalid
a09_6000_6800,L-all,10001951,15399,333,334,2,source_missing_or_invalid
a09_6000_6800,L-all,10001952,15452,333,364,32,source_missing_or_invalid
a09_6000_6800,L-all,10001953,15482,333,347,15,source_missing_or_invalid
a09_6000_6800,L-all,10001954,15508,333,399,67,window_end_or_source_end
a09_6000_6800,L-all,10001955,15510,333,347,15,source_missing_or_invalid
a09_6000_6800,L-all,10001956,15512,333,335,3,source_missing_or_invalid
a09_6000_6800,L-all,10001957,15514,333,399,67,window_end_or_source_end
a09_6000_6800,L-all,10001958,15523,334,380,47,source_missing_or_invalid
a09_6000_6800,L-all,10001959,15525,334,334,1,source_missing_or_invalid
a09_6000_6800,L-all,10001960,15530,334,334,1,source_missing_or_invalid
a09_6000_6800,L-all,10001961,15536,334,347,14,source_missing_or_invalid
a09_6000_6800,L-all,10001962,14121,335,356,22,source_missing_or_invalid
a09_6000_6800,L-all,10001963,15149,335,335,1,source_missing_or_invalid
a09_6000_6800,L-all,10001964,15540,335,339,5,source_missing_or_invalid
a09_6000_6800,L-all,10001965,15551,335,351,17,source_missing_or_invalid
a09_6000_6800,L-all,10001966,15139,336,347,12,source_missing_or_invalid
a09_6000_6800,L-all,10001967,15555,336,336,1,source_missing_or_invalid
a09_6000_6800,L-all,10001968,15557,336,347,12,source_missing_or_invalid
a09_6000_6800,L-all,10001969,15563,336,399,64,window_end_or_source_end
a09_6000_6800,L-all,10001970,15569,336,348,13,source_missing_or_invalid
a09_6000_6800,L-all,10001971,12837,337,364,28,source_missing_or_invalid
a09_6000_6800,L-all,10001972,15581,337,337,1,source_missing_or_invalid
a09_6000_6800,L-all,10001973,15584,337,353,17,source_missing_or_invalid
a09_6000_6800,L-all,10001974,15001,338,338,1,source_missing_or_invalid
a09_6000_6800,L-all,10001975,15149,338,341,4,source_missing_or_invalid
a09_6000_6800,L-all,10001976,15458,338,399,62,window_end_or_source_end
a09_6000_6800,L-all,10001977,15600,338,338,1,source_missing_or_invalid
a09_6000_6800,L-all,10001978,15601,338,377,40,source_missing_or_invalid
a09_6000_6800,L-all,10001979,15604,338,339,2,source_missing_or_invalid
a09_6000_6800,L-all,10001980,15607,338,353,16,source_missing_or_invalid
a09_6000_6800,L-all,10001981,15608,338,340,3,source_missing_or_invalid
a09_6000_6800,L-all,10001982,15610,338,339,2,source_missing_or_invalid
a09_6000_6800,L-all,10001983,15613,339,341,3,source_missing_or_invalid
a09_6000_6800,L-all,10001984,15625,339,354,16,source_missing_or_invalid
a09_6000_6800,L-all,10001985,15628,339,339,1,source_missing_or_invalid
a09_6000_6800,L-all,10001986,15632,340,357,18,source_missing_or_invalid
a09_6000_6800,L-all,10001987,15633,340,346,7,source_missing_or_invalid
a09_6000_6800,L-all,10001988,10778,341,341,1,source_missing_or_invalid
a09_6000_6800,L-all,10001989,10863,341,341,1,source_missing_or_invalid
a09_6000_6800,L-all,10001990,13264,341,399,59,window_end_or_source_end
a09_6000_6800,L-all,10001991,15647,341,342,2,source_missing_or_invalid
a09_6000_6800,L-all,10001992,15648,341,351,11,source_missing_or_invalid
a09_6000_6800,L-all,10001993,15138,342,399,58,window_end_or_source_end
a09_6000_6800,L-all,10001994,15662,342,342,1,source_missing_or_invalid
a09_6000_6800,L-all,10001995,15666,342,380,39,source_missing_or_invalid
a09_6000_6800,L-all,10001996,15672,342,399,58,window_end_or_source_end
a09_6000_6800,L-all,10001997,9508,343,343,1,source_missing_or_invalid
a09_6000_6800,L-all,10001998,10543,343,347,5,source_missing_or_invalid
a09_6000_6800,L-all,10001999,10778,343,356,14,source_missing_or_invalid
a09_6000_6800,L-all,10002000,11055,343,350,8,source_missing_or_invalid
a09_6000_6800,L-all,10002001,14490,343,360,18,source_missing_or_invalid
a09_6000_6800,L-all,10002002,14506,343,350,8,source_missing_or_invalid
a09_6000_6800,L-all,10002003,14870,343,347,5,source_missing_or_invalid
a09_6000_6800,L-all,10002004,14877,343,356,14,source_missing_or_invalid
a09_6000_6800,L-all,10002005,15023,343,346,4,source_missing_or_invalid
a09_6000_6800,L-all,10002006,15053,343,347,5,source_missing_or_invalid
a09_6000_6800,L-all,10002007,15149,343,343,1,source_missing_or_invalid
a09_6000_6800,L-all,10002008,15222,343,347,5,source_missing_or_invalid
a09_6000_6800,L-all,10002009,15370,343,346,4,source_missing_or_invalid
a09_6000_6800,L-all,10002010,15401,343,347,5,source_missing_or_invalid
a09_6000_6800,L-all,10002011,15668,343,347,5,source_missing_or_invalid
a09_6000_6800,L-all,10002012,15679,343,348,6,source_missing_or_invalid
a09_6000_6800,L-all,10002013,15681,343,365,23,source_missing_or_invalid
a09_6000_6800,L-all,10002014,15682,343,347,5,source_missing_or_invalid
a09_6000_6800,L-all,10002015,15686,343,347,5,source_missing_or_invalid
a09_6000_6800,L-all,10002016,15687,343,347,5,source_missing_or_invalid
a09_6000_6800,L-all,10002017,15690,343,369,27,source_missing_or_invalid
a09_6000_6800,L-all,10002018,15691,343,357,15,source_missing_or_invalid
a09_6000_6800,L-all,10002019,15692,343,345,3,source_missing_or_invalid
a09_6000_6800,L-all,10002020,9510,344,344,1,source_missing_or_invalid
a09_6000_6800,L-all,10002021,10863,344,353,10,source_missing_or_invalid
a09_6000_6800,L-all,10002022,12937,344,356,13,source_missing_or_invalid
a09_6000_6800,L-all,10002023,14879,344,356,13,source_missing_or_invalid
a09_6000_6800,L-all,10002024,15706,344,347,4,source_missing_or_invalid
a09_6000_6800,L-all,10002025,15709,344,399,56,window_end_or_source_end
a09_6000_6800,L-all,10002026,15712,344,345,2,source_missing_or_invalid
a09_6000_6800,L-all,10002027,14977,345,388,44,source_missing_or_invalid
a09_6000_6800,L-all,10002028,15149,345,345,1,source_missing_or_invalid
a09_6000_6800,L-all,10002029,15677,345,351,7,source_missing_or_invalid
a09_6000_6800,L-all,10002030,15714,345,345,1,source_missing_or_invalid
a09_6000_6800,L-all,10002031,9079,346,347,2,source_missing_or_invalid
a09_6000_6800,L-all,10002032,15737,346,346,1,source_missing_or_invalid
a09_6000_6800,L-all,10002033,15740,346,360,15,source_missing_or_invalid
a09_6000_6800,L-all,10002034,15748,346,372,27,source_missing_or_invalid
a09_6000_6800,L-all,10002035,11690,347,347,1,source_missing_or_invalid
a09_6000_6800,L-all,10002036,13929,347,397,51,source_missing_or_invalid
a09_6000_6800,L-all,10002037,15752,347,347,1,source_missing_or_invalid
a09_6000_6800,L-all,10002038,14655,348,399,52,window_end_or_source_end
a09_6000_6800,L-all,10002039,15767,348,399,52,window_end_or_source_end
a09_6000_6800,L-all,10002040,15770,348,356,9,source_missing_or_invalid
a09_6000_6800,L-all,10002041,15782,348,353,6,source_missing_or_invalid
a09_6000_6800,L-all,10002042,10460,349,351,3,source_missing_or_invalid
a09_6000_6800,L-all,10002043,11374,349,353,5,source_missing_or_invalid
a09_6000_6800,L-all,10002044,11688,349,365,17,source_missing_or_invalid
a09_6000_6800,L-all,10002045,11690,349,365,17,source_missing_or_invalid
a09_6000_6800,L-all,10002046,11830,349,353,5,source_missing_or_invalid
a09_6000_6800,L-all,10002047,12545,349,356,8,source_missing_or_invalid
a09_6000_6800,L-all,10002048,12663,349,353,5,source_missing_or_invalid
a09_6000_6800,L-all,10002049,13078,349,350,2,source_missing_or_invalid
a09_6000_6800,L-all,10002050,13253,349,399,51,window_end_or_source_end
a09_6000_6800,L-all,10002051,13277,349,353,5,source_missing_or_invalid
a09_6000_6800,L-all,10002052,13283,349,399,51,window_end_or_source_end
a09_6000_6800,L-all,10002053,13467,349,399,51,window_end_or_source_end
a09_6000_6800,L-all,10002054,13588,349,399,51,window_end_or_source_end
a09_6000_6800,L-all,10002055,13656,349,399,51,window_end_or_source_end
a09_6000_6800,L-all,10002056,13667,349,353,5,source_missing_or_invalid
a09_6000_6800,L-all,10002057,14126,349,364,16,source_missing_or_invalid
a09_6000_6800,L-all,10002058,14154,349,399,51,window_end_or_source_end
a09_6000_6800,L-all,10002059,14207,349,364,16,source_missing_or_invalid
a09_6000_6800,L-all,10002060,14392,349,353,5,source_missing_or_invalid
a09_6000_6800,L-all,10002061,14412,349,392,44,source_missing_or_invalid
a09_6000_6800,L-all,10002062,14424,349,387,39,source_missing_or_invalid
a09_6000_6800,L-all,10002063,14456,349,399,51,window_end_or_source_end
a09_6000_6800,L-all,10002064,14489,349,362,14,source_missing_or_invalid
a09_6000_6800,L-all,10002065,14500,349,353,5,source_missing_or_invalid
a09_6000_6800,L-all,10002066,14637,349,353,5,source_missing_or_invalid
a09_6000_6800,L-all,10002067,14668,349,355,7,source_missing_or_invalid
a09_6000_6800,L-all,10002068,14747,349,356,8,source_missing_or_invalid
a09_6000_6800,L-all,10002069,14847,349,351,3,source_missing_or_invalid
a09_6000_6800,L-all,10002070,14870,349,353,5,source_missing_or_invalid
a09_6000_6800,L-all,10002071,15027,349,353,5,source_missing_or_invalid
a09_6000_6800,L-all,10002072,15053,349,369,21,source_missing_or_invalid
a09_6000_6800,L-all,10002073,15055,349,350,2,source_missing_or_invalid
a09_6000_6800,L-all,10002074,15072,349,353,5,source_missing_or_invalid
a09_6000_6800,L-all,10002075,15130,349,353,5,source_missing_or_invalid
a09_6000_6800,L-all,10002076,15139,349,399,51,window_end_or_source_end
a09_6000_6800,L-all,10002077,15179,349,372,24,source_missing_or_invalid
a09_6000_6800,L-all,10002078,15222,349,353,5,source_missing_or_invalid
a09_6000_6800,L-all,10002079,15238,349,364,16,source_missing_or_invalid
a09_6000_6800,L-all,10002080,15241,349,383,35,source_missing_or_invalid
a09_6000_6800,L-all,10002081,15292,349,399,51,window_end_or_source_end
a09_6000_6800,L-all,10002082,15302,349,352,4,source_missing_or_invalid
a09_6000_6800,L-all,10002083,15401,349,351,3,source_missing_or_invalid
a09_6000_6800,L-all,10002084,15431,349,351,3,source_missing_or_invalid
a09_6000_6800,L-all,10002085,15482,349,399,51,window_end_or_source_end
a09_6000_6800,L-all,10002086,15510,349,349,1,source_missing_or_invalid
a09_6000_6800,L-all,10002087,15536,349,353,5,source_missing_or_invalid
a09_6000_6800,L-all,10002088,15557,349,367,19,source_missing_or_invalid
a09_6000_6800,L-all,10002089,15668,349,399,51,window_end_or_source_end
a09_6000_6800,L-all,10002090,15682,349,359,11,source_missing_or_invalid
a09_6000_6800,L-all,10002091,15687,349,351,3,source_missing_or_invalid
a09_6000_6800,L-all,10002092,15752,349,350,2,source_missing_or_invalid
a09_6000_6800,L-all,10002093,15784,349,353,5,source_missing_or_invalid
a09_6000_6800,L-all,10002094,15797,349,352,4,source_missing_or_invalid
a09_6000_6800,L-all,10002095,13286,350,353,4,source_missing_or_invalid
a09_6000_6800,L-all,10002096,13943,350,399,50,window_end_or_source_end
a09_6000_6800,L-all,10002097,15806,350,354,5,source_missing_or_invalid
a09_6000_6800,L-all,10002098,15811,350,350,1,source_missing_or_invalid
a09_6000_6800,L-all,10002099,15813,350,399,50,window_end_or_source_end
a09_6000_6800,L-all,10002100,15817,350,399,50,window_end_or_source_end
a09_6000_6800,L-all,10002101,15825,350,351,2,source_missing_or_invalid
a09_6000_6800,L-all,10002102,15830,350,356,7,source_missing_or_invalid
a09_6000_6800,L-all,10002103,15425,351,383,33,source_missing_or_invalid
a09_6000_6800,L-all,10002104,15837,351,351,1,source_missing_or_invalid
a09_6000_6800,L-all,10002105,15843,351,356,6,source_missing_or_invalid
a09_6000_6800,L-all,10002106,15846,351,353,3,source_missing_or_invalid
a09_6000_6800,L-all,10002107,10072,352,356,5,source_missing_or_invalid
a09_6000_6800,L-all,10002108,10984,352,352,1,source_missing_or_invalid
a09_6000_6800,L-all,10002109,11055,352,388,37,source_missing_or_invalid
a09_6000_6800,L-all,10002110,13078,352,356,5,source_missing_or_invalid
a09_6000_6800,L-all,10002111,15752,352,352,1,source_missing_or_invalid
a09_6000_6800,L-all,10002112,15838,352,353,2,source_missing_or_invalid
a09_6000_6800,L-all,10002113,15852,352,356,5,source_missing_or_invalid
a09_6000_6800,L-all,10002114,15862,352,353,2,source_missing_or_invalid
a09_6000_6800,L-all,10002115,15865,352,359,8,source_missing_or_invalid
a09_6000_6800,L-all,10002116,15866,352,381,30,source_missing_or_invalid
a09_6000_6800,L-all,10002117,9036,353,356,4,source_missing_or_invalid
a09_6000_6800,L-all,10002118,10460,353,356,4,source_missing_or_invalid
a09_6000_6800,L-all,10002119,11354,353,399,47,window_end_or_source_end
a09_6000_6800,L-all,10002120,13973,353,353,1,source_missing_or_invalid
a09_6000_6800,L-all,10002121,14432,353,356,4,source_missing_or_invalid
a09_6000_6800,L-all,10002122,14847,353,356,4,source_missing_or_invalid
a09_6000_6800,L-all,10002123,15401,353,356,4,source_missing_or_invalid
a09_6000_6800,L-all,10002124,15431,353,399,47,window_end_or_source_end
a09_6000_6800,L-all,10002125,15551,353,353,1,source_missing_or_invalid
a09_6000_6800,L-all,10002126,15648,353,353,1,source_missing_or_invalid
a09_6000_6800,L-all,10002127,15677,353,353,1,source_missing_or_invalid
a09_6000_6800,L-all,10002128,15687,353,388,36,source_missing_or_invalid
a09_6000_6800,L-all,10002129,15825,353,353,1,source_missing_or_invalid
a09_6000_6800,L-all,10002130,15853,353,356,4,source_missing_or_invalid
a09_6000_6800,L-all,10002131,15859,353,399,47,window_end_or_source_end
a09_6000_6800,L-all,10002132,15867,353,353,1,source_missing_or_invalid
a09_6000_6800,L-all,10002133,15868,353,353,1,source_missing_or_invalid
a09_6000_6800,L-all,10002134,15882,353,356,4,source_missing_or_invalid
a09_6000_6800,L-all,10002135,15887,353,397,45,source_missing_or_invalid
a09_6000_6800,L-all,10002136,15888,353,356,4,source_missing_or_invalid
a09_6000_6800,L-all,10002137,10984,354,388,35,source_missing_or_invalid
a09_6000_6800,L-all,10002138,14002,354,356,3,source_missing_or_invalid
a09_6000_6800,L-all,10002139,15898,354,364,11,source_missing_or_invalid
a09_6000_6800,L-all,10002140,15902,354,355,2,source_missing_or_invalid
a09_6000_6800,L-all,10002141,15904,354,367,14,source_missing_or_invalid
a09_6000_6800,L-all,10002142,10123,355,375,21,source_missing_or_invalid
a09_6000_6800,L-all,10002143,10603,355,357,3,source_missing_or_invalid
a09_6000_6800,L-all,10002144,10612,355,380,26,source_missing_or_invalid
a09_6000_6800,L-all,10002145,10863,355,399,45,window_end_or_source_end
a09_6000_6800,L-all,10002146,10910,355,356,2,source_missing_or_invalid
a09_6000_6800,L-all,10002147,11374,355,399,45,window_end_or_source_end
a09_6000_6800,L-all,10002148,11531,355,399,45,window_end_or_source_end
a09_6000_6800,L-all,10002149,11830,355,356,2,source_missing_or_invalid
a09_6000_6800,L-all,10002150,11928,355,399,45,window_end_or_source_end
a09_6000_6800,L-all,10002151,11950,355,356,2,source_missing_or_invalid
a09_6000_6800,L-all,10002152,12331,355,399,45,window_end_or_source_end
a09_6000_6800,L-all,10002153,12663,355,399,45,window_end_or_source_end
a09_6000_6800,L-all,10002154,13062,355,377,23,source_missing_or_invalid
a09_6000_6800,L-all,10002155,13080,355,368,14,source_missing_or_invalid
a09_6000_6800,L-all,10002156,13120,355,364,10,source_missing_or_invalid
a09_6000_6800,L-all,10002157,13255,355,399,45,window_end_or_source_end
a09_6000_6800,L-all,10002158,13277,355,399,45,window_end_or_source_end
a09_6000_6800,L-all,10002159,13286,355,392,38,source_missing_or_invalid
a09_6000_6800,L-all,10002160,13404,355,356,2,source_missing_or_invalid
a09_6000_6800,L-all,10002161,13642,355,399,45,window_end_or_source_end
a09_6000_6800,L-all,10002162,13667,355,360,6,source_missing_or_invalid
a09_6000_6800,L-all,10002163,13672,355,356,2,source_missing_or_invalid
a09_6000_6800,L-all,10002164,13804,355,356,2,source_missing_or_invalid
a09_6000_6800,L-all,10002165,13843,355,399,45,window_end_or_source_end
a09_6000_6800,L-all,10002166,13973,355,356,2,source_missing_or_invalid
a09_6000_6800,L-all,10002167,13981,355,356,2,source_missing_or_invalid
a09_6000_6800,L-all,10002168,14131,355,356,2,source_missing_or_invalid
a09_6000_6800,L-all,10002169,14271,355,386,32,source_missing_or_invalid
a09_6000_6800,L-all,10002170,14351,355,356,2,source_missing_or_invalid
a09_6000_6800,L-all,10002171,14392,355,355,1,source_missing_or_invalid
a09_6000_6800,L-all,10002172,14500,355,399,45,window_end_or_source_end
a09_6000_6800,L-all,10002173,14519,355,399,45,window_end_or_source_end
a09_6000_6800,L-all,10002174,14637,355,356,2,source_missing_or_invalid
a09_6000_6800,L-all,10002175,14694,355,369,15,source_missing_or_invalid
a09_6000_6800,L-all,10002176,14799,355,356,2,source_missing_or_invalid
a09_6000_6800,L-all,10002177,14821,355,399,45,window_end_or_source_end
a09_6000_6800,L-all,10002178,14870,355,399,45,window_end_or_source_end
a09_6000_6800,L-all,10002179,14909,355,399,45,window_end_or_source_end
a09_6000_6800,L-all,10002180,15027,355,356,2,source_missing_or_invalid
a09_6000_6800,L-all,10002181,15052,355,399,45,window_end_or_source_end
a09_6000_6800,L-all,10002182,15072,355,356,2,source_missing_or_invalid
a09_6000_6800,L-all,10002183,15130,355,356,2,source_missing_or_invalid
a09_6000_6800,L-all,10002184,15184,355,399,45,window_end_or_source_end
a09_6000_6800,L-all,10002185,15222,355,370,16,source_missing_or_invalid
a09_6000_6800,L-all,10002186,15224,355,356,2,source_missing_or_invalid
a09_6000_6800,L-all,10002187,15239,355,365,11,source_missing_or_invalid
a09_6000_6800,L-all,10002188,15322,355,356,2,source_missing_or_invalid
a09_6000_6800,L-all,10002189,15449,355,399,45,window_end_or_source_end
a09_6000_6800,L-all,10002190,15536,355,356,2,source_missing_or_invalid
a09_6000_6800,L-all,10002191,15584,355,399,45,window_end_or_source_end
a09_6000_6800,L-all,10002192,15607,355,399,45,window_end_or_source_end
a09_6000_6800,L-all,10002193,15648,355,367,13,source_missing_or_invalid
a09_6000_6800,L-all,10002194,15677,355,356,2,source_missing_or_invalid
a09_6000_6800,L-all,10002195,15782,355,391,37,source_missing_or_invalid
a09_6000_6800,L-all,10002196,15784,355,356,2,source_missing_or_invalid
a09_6000_6800,L-all,10002197,15825,355,383,29,source_missing_or_invalid
a09_6000_6800,L-all,10002198,15838,355,399,45,window_end_or_source_end
a09_6000_6800,L-all,10002199,15846,355,356,2,source_missing_or_invalid
a09_6000_6800,L-all,10002200,15862,355,399,45,window_end_or_source_end
a09_6000_6800,L-all,10002201,15867,355,356,2,source_missing_or_invalid
a09_6000_6800,L-all,10002202,15868,355,399,45,window_end_or_source_end
a09_6000_6800,L-all,10002203,15894,355,392,38,source_missing_or_invalid
a09_6000_6800,L-all,10002204,15896,355,399,45,window_end_or_source_end
a09_6000_6800,L-all,10002205,15916,355,359,5,source_missing_or_invalid
a09_6000_6800,L-all,10002206,15918,355,399,45,window_end_or_source_end
a09_6000_6800,L-all,10002207,15920,355,356,2,source_missing_or_invalid
a09_6000_6800,L-all,10002208,15924,355,355,1,source_missing_or_invalid
a09_6000_6800,L-all,10002209,10106,356,356,1,source_missing_or_invalid
a09_6000_6800,L-all,10002210,13621,356,399,44,window_end_or_source_end
a09_6000_6800,L-all,10002211,15928,356,359,4,source_missing_or_invalid
a09_6000_6800,L-all,10002212,15933,356,357,2,source_missing_or_invalid
a09_6000_6800,L-all,10002213,15934,356,356,1,source_missing_or_invalid
a09_6000_6800,L-all,10002214,15937,356,360,5,source_missing_or_invalid
a09_6000_6800,L-all,10002215,13769,357,375,19,source_missing_or_invalid
a09_6000_6800,L-all,10002216,10072,358,369,12,source_missing_or_invalid
a09_6000_6800,L-all,10002217,10106,358,363,6,source_missing_or_invalid
a09_6000_6800,L-all,10002218,10460,358,399,42,window_end_or_source_end
a09_6000_6800,L-all,10002219,10778,358,364,7,source_missing_or_invalid
a09_6000_6800,L-all,10002220,10910,358,364,7,source_missing_or_invalid
a09_6000_6800,L-all,10002221,11051,358,399,42,window_end_or_source_end
a09_6000_6800,L-all,10002222,11830,358,399,42,window_end_or_source_end
a09_6000_6800,L-all,10002223,11950,358,399,42,window_end_or_source_end
a09_6000_6800,L-all,10002224,12545,358,399,42,window_end_or_source_end
a09_6000_6800,L-all,10002225,12937,358,377,20,source_missing_or_invalid
a09_6000_6800,L-all,10002226,13078,358,358,1,source_missing_or_invalid
a09_6000_6800,L-all,10002227,13404,358,399,42,window_end_or_source_end
a09_6000_6800,L-all,10002228,13406,358,358,1,source_missing_or_invalid
a09_6000_6800,L-all,10002229,13672,358,364,7,source_missing_or_invalid
a09_6000_6800,L-all,10002230,13804,358,399,42,window_end_or_source_end
a09_6000_6800,L-all,10002231,13973,358,399,42,window_end_or_source_end
a09_6000_6800,L-all,10002232,13981,358,399,42,window_end_or_source_end
a09_6000_6800,L-all,10002233,14022,358,399,42,window_end_or_source_end
a09_6000_6800,L-all,10002234,14121,358,369,12,source_missing_or_invalid
a09_6000_6800,L-all,10002235,14131,358,387,30,source_missing_or_invalid
a09_6000_6800,L-all,10002236,14351,358,399,42,window_end_or_source_end
a09_6000_6800,L-all,10002237,14432,358,399,42,window_end_or_source_end
a09_6000_6800,L-all,10002238,14637,358,369,12,source_missing_or_invalid
a09_6000_6800,L-all,10002239,14747,358,399,42,window_end_or_source_end
a09_6000_6800,L-all,10002240,14762,358,399,42,window_end_or_source_end
a09_6000_6800,L-all,10002241,14799,358,399,42,window_end_or_source_end
a09_6000_6800,L-all,10002242,14803,358,399,42,window_end_or_source_end
a09_6000_6800,L-all,10002243,14847,358,359,2,source_missing_or_invalid
a09_6000_6800,L-all,10002244,14872,358,388,31,source_missing_or_invalid
a09_6000_6800,L-all,10002245,14877,358,388,31,source_missing_or_invalid
a09_6000_6800,L-all,10002246,14879,358,387,30,source_missing_or_invalid
a09_6000_6800,L-all,10002247,14996,358,399,42,window_end_or_source_end
a09_6000_6800,L-all,10002248,15027,358,399,42,window_end_or_source_end
a09_6000_6800,L-all,10002249,15072,358,393,36,source_missing_or_invalid
a09_6000_6800,L-all,10002250,15091,358,399,42,window_end_or_source_end
a09_6000_6800,L-all,10002251,15130,358,399,42,window_end_or_source_end
a09_6000_6800,L-all,10002252,15224,358,399,42,window_end_or_source_end
a09_6000_6800,L-all,10002253,15299,358,399,42,window_end_or_source_end
a09_6000_6800,L-all,10002254,15322,358,399,42,window_end_or_source_end
a09_6000_6800,L-all,10002255,15401,358,364,7,source_missing_or_invalid
a09_6000_6800,L-all,10002256,15413,358,380,23,source_missing_or_invalid
a09_6000_6800,L-all,10002257,15536,358,399,42,window_end_or_source_end
a09_6000_6800,L-all,10002258,15677,358,364,7,source_missing_or_invalid
a09_6000_6800,L-all,10002259,15770,358,367,10,source_missing_or_invalid
a09_6000_6800,L-all,10002260,15784,358,359,2,source_missing_or_invalid
a09_6000_6800,L-all,10002261,15830,358,399,42,window_end_or_source_end
a09_6000_6800,L-all,10002262,15843,358,358,1,source_missing_or_invalid
a09_6000_6800,L-all,10002263,15846,358,399,42,window_end_or_source_end
a09_6000_6800,L-all,10002264,15853,358,359,2,source_missing_or_invalid
a09_6000_6800,L-all,10002265,15867,358,399,42,window_end_or_source_end
a09_6000_6800,L-all,10002266,15882,358,399,42,window_end_or_source_end
a09_6000_6800,L-all,10002267,15920,358,373,16,source_missing_or_invalid
a09_6000_6800,L-all,10002268,15934,358,369,12,source_missing_or_invalid
a09_6000_6800,L-all,10002269,15966,358,364,7,source_missing_or_invalid
a09_6000_6800,L-all,10002270,15979,358,359,2,source_missing_or_invalid
a09_6000_6800,L-all,10002271,15981,358,376,19,source_missing_or_invalid
a09_6000_6800,L-all,10002272,11578,359,359,1,source_missing_or_invalid
a09_6000_6800,L-all,10002273,15986,359,359,1,source_missing_or_invalid
a09_6000_6800,L-all,10002274,15987,359,369,11,source_missing_or_invalid
a09_6000_6800,L-all,10002275,15993,359,399,41,window_end_or_source_end
a09_6000_6800,L-all,10002276,15994,359,373,15,source_missing_or_invalid
a09_6000_6800,L-all,10002277,15996,359,373,15,source_missing_or_invalid
a09_6000_6800,L-all,10002278,13518,360,360,1,source_missing_or_invalid
a09_6000_6800,L-all,10002279,16006,360,399,40,window_end_or_source_end
a09_6000_6800,L-all,10002280,16009,360,399,40,window_end_or_source_end
a09_6000_6800,L-all,10002281,16020,360,393,34,source_missing_or_invalid
a09_6000_6800,L-all,10002282,15682,361,369,9,source_missing_or_invalid
a09_6000_6800,L-all,10002283,15853,361,361,1,source_missing_or_invalid
a09_6000_6800,L-all,10002284,15916,361,362,2,source_missing_or_invalid
a09_6000_6800,L-all,10002285,15979,361,362,2,source_missing_or_invalid
a09_6000_6800,L-all,10002286,16027,361,382,22,source_missing_or_invalid
a09_6000_6800,L-all,10002287,16029,361,365,5,source_missing_or_invalid
a09_6000_6800,L-all,10002288,16040,361,369,9,source_missing_or_invalid
a09_6000_6800,L-all,10002289,12386,362,399,38,window_end_or_source_end
a09_6000_6800,L-all,10002290,16001,362,363,2,source_missing_or_invalid
a09_6000_6800,L-all,10002291,16042,362,368,7,source_missing_or_invalid
a09_6000_6800,L-all,10002292,16048,362,388,27,source_missing_or_invalid
a09_6000_6800,L-all,10002293,16051,362,377,16,source_missing_or_invalid
a09_6000_6800,L-all,10002294,14075,363,394,32,source_missing_or_invalid
a09_6000_6800,L-all,10002295,14474,363,399,37,window_end_or_source_end
a09_6000_6800,L-all,10002296,16026,363,363,1,source_missing_or_invalid
a09_6000_6800,L-all,10002297,16061,363,399,37,window_end_or_source_end
a09_6000_6800,L-all,10002298,16068,363,399,37,window_end_or_source_end
a09_6000_6800,L-all,10002299,16071,363,390,28,source_missing_or_invalid
a09_6000_6800,L-all,10002300,16074,363,386,24,source_missing_or_invalid
a09_6000_6800,L-all,10002301,16078,364,399,36,window_end_or_source_end
a09_6000_6800,L-all,10002302,16079,364,373,10,source_missing_or_invalid
a09_6000_6800,L-all,10002303,16082,364,368,5,source_missing_or_invalid
a09_6000_6800,L-all,10002304,16083,364,399,36,window_end_or_source_end
a09_6000_6800,L-all,10002305,16093,364,399,36,window_end_or_source_end
a09_6000_6800,L-all,10002306,16094,364,383,20,source_missing_or_invalid
a09_6000_6800,L-all,10002307,10548,365,399,35,window_end_or_source_end
a09_6000_6800,L-all,10002308,11578,365,365,1,source_missing_or_invalid
a09_6000_6800,L-all,10002309,16099,365,370,6,source_missing_or_invalid
a09_6000_6800,L-all,10002310,16104,365,399,35,window_end_or_source_end
a09_6000_6800,L-all,10002311,16105,365,399,35,window_end_or_source_end
a09_6000_6800,L-all,10002312,16107,365,399,35,window_end_or_source_end
a09_6000_6800,L-all,10002313,7515,366,369,4,source_missing_or_invalid
a09_6000_6800,L-all,10002314,10778,366,385,20,source_missing_or_invalid
a09_6000_6800,L-all,10002315,10910,366,399,34,window_end_or_source_end
a09_6000_6800,L-all,10002316,12041,366,399,34,window_end_or_source_end
a09_6000_6800,L-all,10002317,12837,366,399,34,window_end_or_source_end
a09_6000_6800,L-all,10002318,13120,366,377,12,source_missing_or_invalid
a09_6000_6800,L-all,10002319,13328,366,399,34,window_end_or_source_end
a09_6000_6800,L-all,10002320,13672,366,378,13,source_missing_or_invalid
a09_6000_6800,L-all,10002321,13695,366,399,34,window_end_or_source_end
a09_6000_6800,L-all,10002322,14126,366,368,3,source_missing_or_invalid
a09_6000_6800,L-all,10002323,14386,366,391,26,source_missing_or_invalid
a09_6000_6800,L-all,10002324,15238,366,399,34,window_end_or_source_end
a09_6000_6800,L-all,10002325,15401,366,369,4,source_missing_or_invalid
a09_6000_6800,L-all,10002326,15452,366,399,34,window_end_or_source_end
a09_6000_6800,L-all,10002327,15677,366,375,10,source_missing_or_invalid
a09_6000_6800,L-all,10002328,15898,366,399,34,window_end_or_source_end
a09_6000_6800,L-all,10002329,15966,366,375,10,source_missing_or_invalid
a09_6000_6800,L-all,10002330,16098,366,366,1,source_missing_or_invalid
a09_6000_6800,L-all,10002331,16112,366,399,34,window_end_or_source_end
a09_6000_6800,L-all,10002332,16122,366,389,24,source_missing_or_invalid
a09_6000_6800,L-all,10002333,10781,367,371,5,source_missing_or_invalid
a09_6000_6800,L-all,10002334,11578,367,368,2,source_missing_or_invalid
a09_6000_6800,L-all,10002335,16131,367,399,33,window_end_or_source_end
a09_6000_6800,L-all,10002336,16135,367,370,4,source_missing_or_invalid
a09_6000_6800,L-all,10002337,12810,368,370,3,source_missing_or_invalid
a09_6000_6800,L-all,10002338,16026,368,399,32,window_end_or_source_end
a09_6000_6800,L-all,10002339,16147,368,399,32,window_end_or_source_end
a09_6000_6800,L-all,10002340,16152,368,370,3,source_missing_or_invalid
a09_6000_6800,L-all,10002341,11064,369,386,18,source_missing_or_invalid
a09_6000_6800,L-all,10002342,14302,369,371,3,source_missing_or_invalid
a09_6000_6800,L-all,10002343,15945,369,399,31,window_end_or_source_end
a09_6000_6800,L-all,10002344,16168,369,369,1,source_missing_or_invalid
a09_6000_6800,L-all,10002345,16171,369,372,4,source_missing_or_invalid
a09_6000_6800,L-all,10002346,11578,370,373,4,source_missing_or_invalid
a09_6000_6800,L-all,10002347,16176,370,370,1,source_missing_or_invalid
a09_6000_6800,L-all,10002348,16183,370,384,15,source_missing_or_invalid
a09_6000_6800,L-all,10002349,16185,370,399,30,window_end_or_source_end
a09_6000_6800,L-all,10002350,10072,371,383,13,source_missing_or_invalid
a09_6000_6800,L-all,10002351,14637,371,371,1,source_missing_or_invalid
a09_6000_6800,L-all,10002352,14867,371,376,6,source_missing_or_invalid
a09_6000_6800,L-all,10002353,15053,371,378,8,source_missing_or_invalid
a09_6000_6800,L-all,10002354,15277,371,399,29,window_end_or_source_end
a09_6000_6800,L-all,10002355,15401,371,371,1,source_missing_or_invalid
a09_6000_6800,L-all,10002356,15682,371,388,18,source_missing_or_invalid
a09_6000_6800,L-all,10002357,15934,371,399,29,window_end_or_source_end
a09_6000_6800,L-all,10002358,15987,371,378,8,source_missing_or_invalid
a09_6000_6800,L-all,10002359,16040,371,399,29,window_end_or_source_end
a09_6000_6800,L-all,10002360,16042,371,384,14,source_missing_or_invalid
a09_6000_6800,L-all,10002361,16190,371,372,2,source_missing_or_invalid
a09_6000_6800,L-all,10002362,15971,372,372,1,source_missing_or_invalid
a09_6000_6800,L-all,10002363,12671,373,399,27,window_end_or_source_end
a09_6000_6800,L-all,10002364,15857,373,399,27,window_end_or_source_end
a09_6000_6800,L-all,10002365,16214,373,374,2,source_missing_or_invalid
a09_6000_6800,L-all,10002366,16220,373,388,16,source_missing_or_invalid
a09_6000_6800,L-all,10002367,16222,373,399,27,window_end_or_source_end
a09_6000_6800,L-all,10002368,16224,373,399,27,window_end_or_source_end
a09_6000_6800,L-all,10002369,16226,373,374,2,source_missing_or_invalid
a09_6000_6800,L-all,10002370,16230,373,373,1,source_missing_or_invalid
a09_6000_6800,L-all,10002371,16232,373,399,27,window_end_or_source_end
a09_6000_6800,L-all,10002372,10781,374,399,26,window_end_or_source_end
a09_6000_6800,L-all,10002373,11090,374,399,26,window_end_or_source_end
a09_6000_6800,L-all,10002374,12554,374,374,1,source_missing_or_invalid
a09_6000_6800,L-all,10002375,13893,374,399,26,window_end_or_source_end
a09_6000_6800,L-all,10002376,15047,374,375,2,source_missing_or_invalid
a09_6000_6800,L-all,10002377,15971,374,399,26,window_end_or_source_end
a09_6000_6800,L-all,10002378,16235,374,397,24,source_missing_or_invalid
a09_6000_6800,L-all,10002379,16237,374,374,1,source_missing_or_invalid
a09_6000_6800,L-all,10002380,16239,374,375,2,source_missing_or_invalid
a09_6000_6800,L-all,10002381,16247,374,399,26,window_end_or_source_end
a09_6000_6800,L-all,10002382,11560,375,399,25,window_end_or_source_end
a09_6000_6800,L-all,10002383,11578,375,378,4,source_missing_or_invalid
a09_6000_6800,L-all,10002384,16202,375,399,25,window_end_or_source_end
a09_6000_6800,L-all,10002385,16223,375,376,2,source_missing_or_invalid
a09_6000_6800,L-all,10002386,16253,375,396,22,source_missing_or_invalid
a09_6000_6800,L-all,10002387,16261,375,377,3,source_missing_or_invalid
a09_6000_6800,L-all,10002388,13866,376,399,24,window_end_or_source_end
a09_6000_6800,L-all,10002389,14030,376,399,24,window_end_or_source_end
a09_6000_6800,L-all,10002390,14668,376,385,10,source_missing_or_invalid
a09_6000_6800,L-all,10002391,15210,376,379,4,source_missing_or_invalid
a09_6000_6800,L-all,10002392,15381,376,399,24,window_end_or_source_end
a09_6000_6800,L-all,10002393,16266,376,399,24,window_end_or_source_end
a09_6000_6800,L-all,10002394,16268,376,397,22,source_missing_or_invalid
a09_6000_6800,L-all,10002395,16274,376,378,3,source_missing_or_invalid
a09_6000_6800,L-all,10002396,15632,377,398,22,source_missing_or_invalid
a09_6000_6800,L-all,10002397,16286,377,385,9,source_missing_or_invalid
a09_6000_6800,L-all,10002398,16288,377,377,1,source_missing_or_invalid
a09_6000_6800,L-all,10002399,16289,377,381,5,source_missing_or_invalid
a09_6000_6800,L-all,10002400,16290,377,380,4,source_missing_or_invalid
a09_6000_6800,L-all,10002401,16296,377,399,23,window_end_or_source_end
a09_6000_6800,L-all,10002402,16297,377,388,12,source_missing_or_invalid
a09_6000_6800,L-all,10002403,16301,377,399,23,window_end_or_source_end
a09_6000_6800,L-all,10002404,16302,377,385,9,source_missing_or_invalid
a09_6000_6800,L-all,10002405,10430,378,399,22,window_end_or_source_end
a09_6000_6800,L-all,10002406,16303,378,382,5,source_missing_or_invalid
a09_6000_6800,L-all,10002407,16305,378,399,22,window_end_or_source_end
a09_6000_6800,L-all,10002408,16312,378,399,22,window_end_or_source_end
a09_6000_6800,L-all,10002409,16314,378,399,22,window_end_or_source_end
a09_6000_6800,L-all,10002410,16318,378,398,21,source_missing_or_invalid
a09_6000_6800,L-all,10002411,13060,379,399,21,window_end_or_source_end
a09_6000_6800,L-all,10002412,14510,379,387,9,source_missing_or_invalid
a09_6000_6800,L-all,10002413,15551,379,379,1,source_missing_or_invalid
a09_6000_6800,L-all,10002414,15732,379,396,18,source_missing_or_invalid
a09_6000_6800,L-all,10002415,16261,379,379,1,source_missing_or_invalid
a09_6000_6800,L-all,10002416,16330,379,385,7,source_missing_or_invalid
a09_6000_6800,L-all,10002417,16334,379,399,21,window_end_or_source_end
a09_6000_6800,L-all,10002418,10344,380,388,9,source_missing_or_invalid
a09_6000_6800,L-all,10002419,16339,380,390,11,source_missing_or_invalid
a09_6000_6800,L-all,10002420,16344,380,389,10,source_missing_or_invalid
a09_6000_6800,L-all,10002421,16346,380,386,7,source_missing_or_invalid
a09_6000_6800,L-all,10002422,16348,380,399,20,window_end_or_source_end
a09_6000_6800,L-all,10002423,16351,380,380,1,source_missing_or_invalid
a09_6000_6800,L-all,10002424,16352,380,399,20,window_end_or_source_end
a09_6000_6800,L-all,10002425,9665,381,399,19,window_end_or_source_end
a09_6000_6800,L-all,10002426,16300,381,388,8,source_missing_or_invalid
a09_6000_6800,L-all,10002427,16362,381,390,10,source_missing_or_invalid
a09_6000_6800,L-all,10002428,16363,381,399,19,window_end_or_source_end
a09_6000_6800,L-all,10002429,16365,381,398,18,source_missing_or_invalid
a09_6000_6800,L-all,10002430,16366,381,399,19,window_end_or_source_end
a09_6000_6800,L-all,10002431,16370,381,382,2,source_missing_or_invalid
a09_6000_6800,L-all,10002432,14801,382,399,18,window_end_or_source_end
a09_6000_6800,L-all,10002433,15413,382,382,1,source_missing_or_invalid
a09_6000_6800,L-all,10002434,15739,382,399,18,window_end_or_source_end
a09_6000_6800,L-all,10002435,16176,382,399,18,window_end_or_source_end
a09_6000_6800,L-all,10002436,16373,382,383,2,source_missing_or_invalid
a09_6000_6800,L-all,10002437,16383,382,399,18,window_end_or_source_end
a09_6000_6800,L-all,10002438,16384,382,399,18,window_end_or_source_end
a09_6000_6800,L-all,10002439,9945,383,399,17,window_end_or_source_end
a09_6000_6800,L-all,10002440,14956,383,399,17,window_end_or_source_end
a09_6000_6800,L-all,10002441,16398,383,388,6,source_missing_or_invalid
a09_6000_6800,L-all,10002442,10741,384,388,5,source_missing_or_invalid
a09_6000_6800,L-all,10002443,13241,384,389,6,source_missing_or_invalid
a09_6000_6800,L-all,10002444,16370,384,386,3,source_missing_or_invalid
a09_6000_6800,L-all,10002445,16399,384,399,16,window_end_or_source_end
a09_6000_6800,L-all,10002446,16405,384,399,16,window_end_or_source_end
a09_6000_6800,L-all,10002447,16411,384,396,13,source_missing_or_invalid
a09_6000_6800,L-all,10002448,15551,385,386,2,source_missing_or_invalid
a09_6000_6800,L-all,10002449,16415,385,387,3,source_missing_or_invalid
a09_6000_6800,L-all,10002450,16417,385,392,8,source_missing_or_invalid
a09_6000_6800,L-all,10002451,16421,385,391,7,source_missing_or_invalid
a09_6000_6800,L-all,10002452,16422,385,399,15,window_end_or_source_end
a09_6000_6800,L-all,10002453,16423,385,399,15,window_end_or_source_end
a09_6000_6800,L-all,10002454,9367,386,399,14,window_end_or_source_end
a09_6000_6800,L-all,10002455,15061,386,399,14,window_end_or_source_end
a09_6000_6800,L-all,10002456,16426,386,399,14,window_end_or_source_end
a09_6000_6800,L-all,10002457,16427,386,399,14,window_end_or_source_end
a09_6000_6800,L-all,10002458,16429,386,388,3,source_missing_or_invalid
a09_6000_6800,L-all,10002459,16433,386,399,14,window_end_or_source_end
a09_6000_6800,L-all,10002460,16436,386,399,14,window_end_or_source_end
a09_6000_6800,L-all,10002461,16438,386,399,14,window_end_or_source_end
a09_6000_6800,L-all,10002462,16439,386,399,14,window_end_or_source_end
a09_6000_6800,L-all,10002463,16441,386,386,1,source_missing_or_invalid
a09_6000_6800,L-all,10002464,12797,387,399,13,window_end_or_source_end
a09_6000_6800,L-all,10002465,12980,387,395,9,source_missing_or_invalid
a09_6000_6800,L-all,10002466,16272,387,391,5,source_missing_or_invalid
a09_6000_6800,L-all,10002467,16450,387,399,13,window_end_or_source_end
a09_6000_6800,L-all,10002468,16452,387,399,13,window_end_or_source_end
a09_6000_6800,L-all,10002469,9028,388,389,2,source_missing_or_invalid
a09_6000_6800,L-all,10002470,10928,388,388,1,source_missing_or_invalid
a09_6000_6800,L-all,10002471,14271,388,388,1,source_missing_or_invalid
a09_6000_6800,L-all,10002472,16370,388,388,1,source_missing_or_invalid
a09_6000_6800,L-all,10002473,16462,388,399,12,window_end_or_source_end
a09_6000_6800,L-all,10002474,16463,388,388,1,source_missing_or_invalid
a09_6000_6800,L-all,10002475,16466,388,399,12,window_end_or_source_end
a09_6000_6800,L-all,10002476,16467,388,396,9,source_missing_or_invalid
a09_6000_6800,L-all,10002477,16470,388,399,12,window_end_or_source_end
a09_6000_6800,L-all,10002478,16475,388,399,12,window_end_or_source_end
a09_6000_6800,L-all,10002479,16478,389,399,11,window_end_or_source_end
a09_6000_6800,L-all,10002480,16485,389,399,11,window_end_or_source_end
a09_6000_6800,L-all,10002481,16487,389,399,11,window_end_or_source_end
a09_6000_6800,L-all,10002482,16488,389,399,11,window_end_or_source_end
a09_6000_6800,L-all,10002483,16489,389,394,6,source_missing_or_invalid
a09_6000_6800,L-all,10002484,16491,389,399,11,window_end_or_source_end
a09_6000_6800,L-all,10002485,10741,390,399,10,window_end_or_source_end
a09_6000_6800,L-all,10002486,10928,390,399,10,window_end_or_source_end
a09_6000_6800,L-all,10002487,10984,390,399,10,window_end_or_source_end
a09_6000_6800,L-all,10002488,11055,390,393,4,source_missing_or_invalid
a09_6000_6800,L-all,10002489,13650,390,399,10,window_end_or_source_end
a09_6000_6800,L-all,10002490,14872,390,399,10,window_end_or_source_end
a09_6000_6800,L-all,10002491,14877,390,399,10,window_end_or_source_end
a09_6000_6800,L-all,10002492,15682,390,391,2,source_missing_or_invalid
a09_6000_6800,L-all,10002493,15687,390,395,6,source_missing_or_invalid
a09_6000_6800,L-all,10002494,16048,390,399,10,window_end_or_source_end
a09_6000_6800,L-all,10002495,16220,390,399,10,window_end_or_source_end
a09_6000_6800,L-all,10002496,16297,390,399,10,window_end_or_source_end
a09_6000_6800,L-all,10002497,16300,390,399,10,window_end_or_source_end
a09_6000_6800,L-all,10002498,16321,390,398,9,source_missing_or_invalid
a09_6000_6800,L-all,10002499,16370,390,391,2,source_missing_or_invalid
a09_6000_6800,L-all,10002500,16398,390,399,10,window_end_or_source_end
a09_6000_6800,L-all,10002501,16481,390,399,10,window_end_or_source_end
a09_6000_6800,L-all,10002502,16486,390,399,10,window_end_or_source_end
a09_6000_6800,L-all,10002503,16495,390,399,10,window_end_or_source_end
a09_6000_6800,L-all,10002504,16499,390,399,10,window_end_or_source_end
a09_6000_6800,L-all,10002505,16508,390,399,10,window_end_or_source_end
a09_6000_6800,L-all,10002506,11382,391,399,9,window_end_or_source_end
a09_6000_6800,L-all,10002507,14271,391,395,5,source_missing_or_invalid
a09_6000_6800,L-all,10002508,16344,391,394,4,source_missing_or_invalid
a09_6000_6800,L-all,10002509,16511,391,399,9,window_end_or_source_end
a09_6000_6800,L-all,10002510,16512,391,399,9,window_end_or_source_end
a09_6000_6800,L-all,10002511,16513,391,399,9,window_end_or_source_end
a09_6000_6800,L-all,10002512,15551,392,399,8,window_end_or_source_end
a09_6000_6800,L-all,10002513,16522,392,393,2,source_missing_or_invalid
a09_6000_6800,L-all,10002514,16524,392,399,8,window_end_or_source_end
a09_6000_6800,L-all,10002515,16531,392,399,8,window_end_or_source_end
a09_6000_6800,L-all,10002516,16534,392,399,8,window_end_or_source_end
a09_6000_6800,L-all,10002517,13042,393,399,7,window_end_or_source_end
a09_6000_6800,L-all,10002518,14072,393,399,7,window_end_or_source_end
a09_6000_6800,L-all,10002519,14386,393,393,1,source_missing_or_invalid
a09_6000_6800,L-all,10002520,16134,393,399,7,window_end_or_source_end
a09_6000_6800,L-all,10002521,16189,393,399,7,window_end_or_source_end
a09_6000_6800,L-all,10002522,16537,393,393,1,source_missing_or_invalid
a09_6000_6800,L-all,10002523,16538,393,399,7,window_end_or_source_end
a09_6000_6800,L-all,10002524,16543,393,394,2,source_missing_or_invalid
a09_6000_6800,L-all,10002525,16550,393,399,7,window_end_or_source_end
a09_6000_6800,L-all,10002526,13662,394,399,6,window_end_or_source_end
a09_6000_6800,L-all,10002527,16559,394,396,3,source_missing_or_invalid
a09_6000_6800,L-all,10002528,16560,394,395,2,source_missing_or_invalid
a09_6000_6800,L-all,10002529,16565,394,399,6,window_end_or_source_end
a09_6000_6800,L-all,10002530,16566,394,399,6,window_end_or_source_end
a09_6000_6800,L-all,10002531,16570,395,399,5,window_end_or_source_end
a09_6000_6800,L-all,10002532,16573,395,399,5,window_end_or_source_end
a09_6000_6800,L-all,10002533,16574,395,395,1,source_missing_or_invalid
a09_6000_6800,L-all,10002534,16575,395,399,5,window_end_or_source_end
a09_6000_6800,L-all,10002535,16578,395,399,5,window_end_or_source_end
a09_6000_6800,L-all,10002536,16587,395,396,2,source_missing_or_invalid
a09_6000_6800,L-all,10002537,16588,395,399,5,window_end_or_source_end
a09_6000_6800,L-all,10002538,16590,395,399,5,window_end_or_source_end
a09_6000_6800,L-all,10002539,16591,395,398,4,source_missing_or_invalid
a09_6000_6800,L-all,10002540,14121,396,399,4,window_end_or_source_end
a09_6000_6800,L-all,10002541,16344,396,396,1,source_missing_or_invalid
a09_6000_6800,L-all,10002542,16597,396,399,4,window_end_or_source_end
a09_6000_6800,L-all,10002543,16603,396,399,4,window_end_or_source_end
a09_6000_6800,L-all,10002544,16109,397,399,3,window_end_or_source_end
a09_6000_6800,L-all,10002545,16607,397,399,3,window_end_or_source_end
a09_6000_6800,L-all,10002546,16613,397,399,3,window_end_or_source_end
a09_6000_6800,L-all,10002547,16617,397,399,3,window_end_or_source_end
a09_6000_6800,L-all,10002548,11171,398,398,1,source_missing_or_invalid
a09_6000_6800,L-all,10002549,16622,398,399,2,window_end_or_source_end
a09_6000_6800,L-all,10002550,16631,398,399,2,window_end_or_source_end
a09_6000_6800,L-all,10002551,15523,399,399,1,window_end_or_source_end
a09_6000_6800,L-all,10002552,16344,399,399,1,window_end_or_source_end
a09_6000_6800,L-all,10002553,16637,399,399,1,window_end_or_source_end
a09_6000_6800,L-all,10002554,16645,399,399,1,window_end_or_source_end
a09_6000_6800,C-all,10000000,274,6,6,1,source_missing_or_invalid
a09_6000_6800,C-all,10000001,950,19,20,2,source_missing_or_invalid
a09_6000_6800,C-all,10000002,953,19,19,1,source_missing_or_invalid
a09_6000_6800,C-all,10000003,277,28,28,1,source_missing_or_invalid
a09_6000_6800,C-all,10000004,827,28,28,1,source_missing_or_invalid
a09_6000_6800,C-all,10000005,1247,28,28,1,source_missing_or_invalid
a09_6000_6800,C-all,10000006,1538,29,31,3,source_missing_or_invalid
a09_6000_6800,C-all,10000007,131,30,30,1,source_missing_or_invalid
a09_6000_6800,C-all,10000008,62,31,31,1,source_missing_or_invalid
a09_6000_6800,C-all,10000009,305,32,38,7,source_missing_or_invalid
a09_6000_6800,C-all,10000010,658,32,32,1,source_missing_or_invalid
a09_6000_6800,C-all,10000011,1667,32,32,1,source_missing_or_invalid
a09_6000_6800,C-all,10000012,126,34,34,1,source_missing_or_invalid
a09_6000_6800,C-all,10000013,1572,36,37,2,source_missing_or_invalid
a09_6000_6800,C-all,10000014,1938,40,40,1,source_missing_or_invalid
a09_6000_6800,C-all,10000015,2207,42,42,1,source_missing_or_invalid
a09_6000_6800,C-all,10000016,2823,50,50,1,source_missing_or_invalid
a09_6000_6800,C-all,10000017,3166,56,56,1,source_missing_or_invalid
a09_6000_6800,C-all,10000018,3509,65,65,1,source_missing_or_invalid
a09_6000_6800,C-all,10000019,3828,67,67,1,source_missing_or_invalid
a09_6000_6800,C-all,10000020,3896,67,67,1,source_missing_or_invalid
a09_6000_6800,C-all,10000021,2739,77,77,1,source_missing_or_invalid
a09_6000_6800,C-all,10000022,4485,77,77,1,source_missing_or_invalid
a09_6000_6800,C-all,10000023,4485,81,81,1,source_missing_or_invalid
a09_6000_6800,C-all,10000024,4768,81,82,2,source_missing_or_invalid
a09_6000_6800,C-all,10000025,1709,83,83,1,source_missing_or_invalid
a09_6000_6800,C-all,10000026,4807,83,83,1,source_missing_or_invalid
a09_6000_6800,C-all,10000027,4242,84,84,1,source_missing_or_invalid
a09_6000_6800,C-all,10000028,4968,84,90,7,source_missing_or_invalid
a09_6000_6800,C-all,10000029,1709,85,88,4,source_missing_or_invalid
a09_6000_6800,C-all,10000030,5033,85,85,1,source_missing_or_invalid
a09_6000_6800,C-all,10000031,13,86,86,1,source_missing_or_invalid
a09_6000_6800,C-all,10000032,4242,86,86,1,source_missing_or_invalid
a09_6000_6800,C-all,10000033,5189,88,88,1,source_missing_or_invalid
a09_6000_6800,C-all,10000034,4931,90,90,1,source_missing_or_invalid
a09_6000_6800,C-all,10000035,5154,90,92,3,source_missing_or_invalid
a09_6000_6800,C-all,10000036,5200,90,90,1,source_missing_or_invalid
a09_6000_6800,C-all,10000037,5569,94,100,7,source_missing_or_invalid
a09_6000_6800,C-all,10000038,5058,99,119,21,source_missing_or_invalid
a09_6000_6800,C-all,10000039,5727,100,101,2,source_missing_or_invalid
a09_6000_6800,C-all,10000040,5993,101,101,1,source_missing_or_invalid
a09_6000_6800,C-all,10000041,5533,102,102,1,source_missing_or_invalid
a09_6000_6800,C-all,10000042,6056,102,109,8,source_missing_or_invalid
a09_6000_6800,C-all,10000043,6054,103,104,2,source_missing_or_invalid
a09_6000_6800,C-all,10000044,6114,103,103,1,source_missing_or_invalid
a09_6000_6800,C-all,10000045,5876,104,104,1,source_missing_or_invalid
a09_6000_6800,C-all,10000046,5908,104,104,1,source_missing_or_invalid
a09_6000_6800,C-all,10000047,6000,104,104,1,source_missing_or_invalid
a09_6000_6800,C-all,10000048,6162,104,106,3,source_missing_or_invalid
a09_6000_6800,C-all,10000049,6294,106,109,4,source_missing_or_invalid
a09_6000_6800,C-all,10000050,6141,107,107,1,source_missing_or_invalid
a09_6000_6800,C-all,10000051,6315,107,108,2,source_missing_or_invalid
a09_6000_6800,C-all,10000052,6199,108,109,2,source_missing_or_invalid
a09_6000_6800,C-all,10000053,6408,108,112,5,source_missing_or_invalid
a09_6000_6800,C-all,10000054,6409,108,115,8,source_missing_or_invalid
a09_6000_6800,C-all,10000055,6416,108,108,1,source_missing_or_invalid
a09_6000_6800,C-all,10000056,6419,108,108,1,source_missing_or_invalid
a09_6000_6800,C-all,10000057,6346,110,116,7,source_missing_or_invalid
a09_6000_6800,C-all,10000058,6354,110,113,4,source_missing_or_invalid
a09_6000_6800,C-all,10000059,6584,111,111,1,source_missing_or_invalid
a09_6000_6800,C-all,10000060,6585,111,111,1,source_missing_or_invalid
a09_6000_6800,C-all,10000061,6587,111,111,1,source_missing_or_invalid
a09_6000_6800,C-all,10000062,6590,111,123,13,source_missing_or_invalid
a09_6000_6800,C-all,10000063,5247,112,113,2,source_missing_or_invalid
a09_6000_6800,C-all,10000064,6642,112,112,1,source_missing_or_invalid
a09_6000_6800,C-all,10000065,6659,112,113,2,source_missing_or_invalid
a09_6000_6800,C-all,10000066,6715,113,122,10,source_missing_or_invalid
a09_6000_6800,C-all,10000067,6524,114,115,2,source_missing_or_invalid
a09_6000_6800,C-all,10000068,6737,114,115,2,source_missing_or_invalid
a09_6000_6800,C-all,10000069,6752,114,132,19,source_missing_or_invalid
a09_6000_6800,C-all,10000070,6766,114,114,1,source_missing_or_invalid
a09_6000_6800,C-all,10000071,6777,114,118,5,source_missing_or_invalid
a09_6000_6800,C-all,10000072,4625,115,115,1,source_missing_or_invalid
a09_6000_6800,C-all,10000073,6113,115,115,1,source_missing_or_invalid
a09_6000_6800,C-all,10000074,6801,115,117,3,source_missing_or_invalid
a09_6000_6800,C-all,10000075,6823,115,115,1,source_missing_or_invalid
a09_6000_6800,C-all,10000076,6825,115,116,2,source_missing_or_invalid
a09_6000_6800,C-all,10000077,6827,115,115,1,source_missing_or_invalid
a09_6000_6800,C-all,10000078,6835,115,133,19,source_missing_or_invalid
a09_6000_6800,C-all,10000079,5131,116,117,2,source_missing_or_invalid
a09_6000_6800,C-all,10000080,6196,116,116,1,source_missing_or_invalid
a09_6000_6800,C-all,10000081,6819,116,116,1,source_missing_or_invalid
a09_6000_6800,C-all,10000082,6872,116,127,12,source_missing_or_invalid
a09_6000_6800,C-all,10000083,6297,117,117,1,source_missing_or_invalid
a09_6000_6800,C-all,10000084,6700,117,117,1,source_missing_or_invalid
a09_6000_6800,C-all,10000085,6925,117,119,3,source_missing_or_invalid
a09_6000_6800,C-all,10000086,6935,117,117,1,source_missing_or_invalid
a09_6000_6800,C-all,10000087,6702,118,118,1,source_missing_or_invalid
a09_6000_6800,C-all,10000088,6980,118,118,1,source_missing_or_invalid
a09_6000_6800,C-all,10000089,7007,118,120,3,source_missing_or_invalid
a09_6000_6800,C-all,10000090,7016,118,127,10,source_missing_or_invalid
a09_6000_6800,C-all,10000091,6074,119,119,1,source_missing_or_invalid
a09_6000_6800,C-all,10000092,6938,119,121,3,source_missing_or_invalid
a09_6000_6800,C-all,10000093,6972,119,120,2,source_missing_or_invalid
a09_6000_6800,C-all,10000094,6998,119,119,1,source_missing_or_invalid
a09_6000_6800,C-all,10000095,7000,119,119,1,source_missing_or_invalid
a09_6000_6800,C-all,10000096,7037,119,123,5,source_missing_or_invalid
a09_6000_6800,C-all,10000097,7055,119,119,1,source_missing_or_invalid
a09_6000_6800,C-all,10000098,7064,119,128,10,source_missing_or_invalid
a09_6000_6800,C-all,10000099,7073,119,119,1,source_missing_or_invalid
a09_6000_6800,C-all,10000100,6915,120,120,1,source_missing_or_invalid
a09_6000_6800,C-all,10000101,6994,120,120,1,source_missing_or_invalid
a09_6000_6800,C-all,10000102,7116,120,122,3,source_missing_or_invalid
a09_6000_6800,C-all,10000103,7126,120,120,1,source_missing_or_invalid
a09_6000_6800,C-all,10000104,7130,120,123,4,source_missing_or_invalid
a09_6000_6800,C-all,10000105,7131,120,120,1,source_missing_or_invalid
a09_6000_6800,C-all,10000106,7133,120,124,5,source_missing_or_invalid
a09_6000_6800,C-all,10000107,7139,120,120,1,source_missing_or_invalid
a09_6000_6800,C-all,10000108,7165,121,123,3,source_missing_or_invalid
a09_6000_6800,C-all,10000109,5508,122,122,1,source_missing_or_invalid
a09_6000_6800,C-all,10000110,6583,122,128,7,source_missing_or_invalid
a09_6000_6800,C-all,10000111,7099,122,122,1,source_missing_or_invalid
a09_6000_6800,C-all,10000112,7250,122,128,7,source_missing_or_invalid
a09_6000_6800,C-all,10000113,5748,123,128,6,source_missing_or_invalid
a09_6000_6800,C-all,10000114,7120,123,125,3,source_missing_or_invalid
a09_6000_6800,C-all,10000115,7302,123,133,11,source_missing_or_invalid
a09_6000_6800,C-all,10000116,7319,123,125,3,source_missing_or_invalid
a09_6000_6800,C-all,10000117,6930,124,124,1,source_missing_or_invalid
a09_6000_6800,C-all,10000118,7354,124,134,11,source_missing_or_invalid
a09_6000_6800,C-all,10000119,7364,124,126,3,source_missing_or_invalid
a09_6000_6800,C-all,10000120,7370,124,124,1,source_missing_or_invalid
a09_6000_6800,C-all,10000121,6610,125,129,5,source_missing_or_invalid
a09_6000_6800,C-all,10000122,7413,125,129,5,source_missing_or_invalid
a09_6000_6800,C-all,10000123,6203,126,129,4,source_missing_or_invalid
a09_6000_6800,C-all,10000124,7468,126,133,8,source_missing_or_invalid
a09_6000_6800,C-all,10000125,7520,127,127,1,source_missing_or_invalid
a09_6000_6800,C-all,10000126,6141,128,128,1,source_missing_or_invalid
a09_6000_6800,C-all,10000127,7565,128,131,4,source_missing_or_invalid
a09_6000_6800,C-all,10000128,7586,128,129,2,source_missing_or_invalid
a09_6000_6800,C-all,10000129,7587,128,128,1,source_missing_or_invalid
a09_6000_6800,C-all,10000130,7594,128,128,1,source_missing_or_invalid
a09_6000_6800,C-all,10000131,7616,128,128,1,source_missing_or_invalid
a09_6000_6800,C-all,10000132,7617,128,132,5,source_missing_or_invalid
a09_6000_6800,C-all,10000133,7558,130,130,1,source_missing_or_invalid
a09_6000_6800,C-all,10000134,7625,130,131,2,source_missing_or_invalid
a09_6000_6800,C-all,10000135,7726,130,130,1,source_missing_or_invalid
a09_6000_6800,C-all,10000136,7735,130,130,1,source_missing_or_invalid
a09_6000_6800,C-all,10000137,7448,131,131,1,source_missing_or_invalid
a09_6000_6800,C-all,10000138,7767,131,139,9,source_missing_or_invalid
a09_6000_6800,C-all,10000139,7783,131,132,2,source_missing_or_invalid
a09_6000_6800,C-all,10000140,7789,131,137,7,source_missing_or_invalid
a09_6000_6800,C-all,10000141,7796,131,133,3,source_missing_or_invalid
a09_6000_6800,C-all,10000142,7798,131,133,3,source_missing_or_invalid
a09_6000_6800,C-all,10000143,6007,132,133,2,source_missing_or_invalid
a09_6000_6800,C-all,10000144,6715,132,133,2,source_missing_or_invalid
a09_6000_6800,C-all,10000145,7823,132,132,1,source_missing_or_invalid
a09_6000_6800,C-all,10000146,7835,132,132,1,source_missing_or_invalid
a09_6000_6800,C-all,10000147,7842,132,133,2,source_missing_or_invalid
a09_6000_6800,C-all,10000148,7851,132,137,6,source_missing_or_invalid
a09_6000_6800,C-all,10000149,7390,133,133,1,source_missing_or_invalid
a09_6000_6800,C-all,10000150,7565,133,137,5,source_missing_or_invalid
a09_6000_6800,C-all,10000151,7602,133,134,2,source_missing_or_invalid
a09_6000_6800,C-all,10000152,7625,133,134,2,source_missing_or_invalid
a09_6000_6800,C-all,10000153,7852,133,134,2,source_missing_or_invalid
a09_6000_6800,C-all,10000154,6819,134,134,1,source_missing_or_invalid
a09_6000_6800,C-all,10000155,7535,134,134,1,source_missing_or_invalid
a09_6000_6800,C-all,10000156,7932,134,135,2,source_missing_or_invalid
a09_6000_6800,C-all,10000157,7973,134,134,1,source_missing_or_invalid
a09_6000_6800,C-all,10000158,7978,134,137,4,source_missing_or_invalid
a09_6000_6800,C-all,10000159,6007,135,136,2,source_missing_or_invalid
a09_6000_6800,C-all,10000160,7468,135,141,7,source_missing_or_invalid
a09_6000_6800,C-all,10000161,7655,135,136,2,source_missing_or_invalid
a09_6000_6800,C-all,10000162,8000,135,142,8,source_missing_or_invalid
a09_6000_6800,C-all,10000163,8039,135,141,7,source_missing_or_invalid
a09_6000_6800,C-all,10000164,7535,136,136,1,source_missing_or_invalid
a09_6000_6800,C-all,10000165,8073,136,138,3,source_missing_or_invalid
a09_6000_6800,C-all,10000166,8078,136,139,4,source_missing_or_invalid
a09_6000_6800,C-all,10000167,6961,137,137,1,source_missing_or_invalid
a09_6000_6800,C-all,10000168,7762,137,140,4,source_missing_or_invalid
a09_6000_6800,C-all,10000169,7848,137,137,1,source_missing_or_invalid
a09_6000_6800,C-all,10000170,7967,137,150,14,source_missing_or_invalid
a09_6000_6800,C-all,10000171,8126,137,140,4,source_missing_or_invalid
a09_6000_6800,C-all,10000172,8127,137,137,1,source_missing_or_invalid
a09_6000_6800,C-all,10000173,8166,138,139,2,source_missing_or_invalid
a09_6000_6800,C-all,10000174,8189,138,138,1,source_missing_or_invalid
a09_6000_6800,C-all,10000175,8212,138,138,1,source_missing_or_invalid
a09_6000_6800,C-all,10000176,8233,139,141,3,source_missing_or_invalid
a09_6000_6800,C-all,10000177,8251,139,141,3,source_missing_or_invalid
a09_6000_6800,C-all,10000178,8271,139,140,2,source_missing_or_invalid
a09_6000_6800,C-all,10000179,8273,139,140,2,source_missing_or_invalid
a09_6000_6800,C-all,10000180,8277,139,141,3,source_missing_or_invalid
a09_6000_6800,C-all,10000181,6858,140,141,2,source_missing_or_invalid
a09_6000_6800,C-all,10000182,7848,140,140,1,source_missing_or_invalid
a09_6000_6800,C-all,10000183,8294,140,141,2,source_missing_or_invalid
a09_6000_6800,C-all,10000184,8313,140,143,4,source_missing_or_invalid
a09_6000_6800,C-all,10000185,8332,140,142,3,source_missing_or_invalid
a09_6000_6800,C-all,10000186,8333,140,141,2,source_missing_or_invalid
a09_6000_6800,C-all,10000187,8027,141,146,6,source_missing_or_invalid
a09_6000_6800,C-all,10000188,8359,141,141,1,source_missing_or_invalid
a09_6000_6800,C-all,10000189,8374,141,141,1,source_missing_or_invalid
a09_6000_6800,C-all,10000190,8391,141,141,1,source_missing_or_invalid
a09_6000_6800,C-all,10000191,8393,141,146,6,source_missing_or_invalid
a09_6000_6800,C-all,10000192,8310,142,143,2,source_missing_or_invalid
a09_6000_6800,C-all,10000193,8380,142,142,1,source_missing_or_invalid
a09_6000_6800,C-all,10000194,8413,142,142,1,source_missing_or_invalid
a09_6000_6800,C-all,10000195,8427,142,143,2,source_missing_or_invalid
a09_6000_6800,C-all,10000196,8428,142,145,4,source_missing_or_invalid
a09_6000_6800,C-all,10000197,8446,142,145,4,source_missing_or_invalid
a09_6000_6800,C-all,10000198,8205,143,145,3,source_missing_or_invalid
a09_6000_6800,C-all,10000199,8366,143,143,1,source_missing_or_invalid
a09_6000_6800,C-all,10000200,8469,143,151,9,source_missing_or_invalid
a09_6000_6800,C-all,10000201,8490,143,148,6,source_missing_or_invalid
a09_6000_6800,C-all,10000202,8495,143,144,2,source_missing_or_invalid
a09_6000_6800,C-all,10000203,8497,143,143,1,source_missing_or_invalid
a09_6000_6800,C-all,10000204,8502,143,143,1,source_missing_or_invalid
a09_6000_6800,C-all,10000205,7762,144,145,2,source_missing_or_invalid
a09_6000_6800,C-all,10000206,8332,144,144,1,source_missing_or_invalid
a09_6000_6800,C-all,10000207,8558,144,144,1,source_missing_or_invalid
a09_6000_6800,C-all,10000208,8560,144,149,6,source_missing_or_invalid
a09_6000_6800,C-all,10000209,8567,144,145,2,source_missing_or_invalid
a09_6000_6800,C-all,10000210,6858,145,147,3,source_missing_or_invalid
a09_6000_6800,C-all,10000211,7100,145,145,1,source_missing_or_invalid
a09_6000_6800,C-all,10000212,8594,145,148,4,source_missing_or_invalid
a09_6000_6800,C-all,10000213,8609,145,145,1,source_missing_or_invalid
a09_6000_6800,C-all,10000214,8630,145,145,1,source_missing_or_invalid
a09_6000_6800,C-all,10000215,8633,145,145,1,source_missing_or_invalid
a09_6000_6800,C-all,10000216,7535,146,149,4,source_missing_or_invalid
a09_6000_6800,C-all,10000217,8495,146,148,3,source_missing_or_invalid
a09_6000_6800,C-all,10000218,8659,146,146,1,source_missing_or_invalid
a09_6000_6800,C-all,10000219,8680,146,146,1,source_missing_or_invalid
a09_6000_6800,C-all,10000220,8688,146,185,40,source_missing_or_invalid
a09_6000_6800,C-all,10000221,8697,146,147,2,source_missing_or_invalid
a09_6000_6800,C-all,10000222,8012,147,150,4,source_missing_or_invalid
a09_6000_6800,C-all,10000223,8633,147,151,5,source_missing_or_invalid
a09_6000_6800,C-all,10000224,8713,147,147,1,source_missing_or_invalid
a09_6000_6800,C-all,10000225,8734,147,152,6,source_missing_or_invalid
a09_6000_6800,C-all,10000226,8747,147,151,5,source_missing_or_invalid
a09_6000_6800,C-all,10000227,8750,147,147,1,source_missing_or_invalid
a09_6000_6800,C-all,10000228,8756,147,148,2,source_missing_or_invalid
a09_6000_6800,C-all,10000229,7754,148,148,1,source_missing_or_invalid
a09_6000_6800,C-all,10000230,8302,148,149,2,source_missing_or_invalid
a09_6000_6800,C-all,10000231,8772,148,148,1,source_missing_or_invalid
a09_6000_6800,C-all,10000232,8792,148,151,4,source_missing_or_invalid
a09_6000_6800,C-all,10000233,7440,149,151,3,source_missing_or_invalid
a09_6000_6800,C-all,10000234,8027,149,151,3,source_missing_or_invalid
a09_6000_6800,C-all,10000235,8706,149,150,2,source_missing_or_invalid
a09_6000_6800,C-all,10000236,8839,149,150,2,source_missing_or_invalid
a09_6000_6800,C-all,10000237,8854,149,149,1,source_missing_or_invalid
a09_6000_6800,C-all,10000238,8875,149,157,9,source_missing_or_invalid
a09_6000_6800,C-all,10000239,7627,150,152,3,source_missing_or_invalid
a09_6000_6800,C-all,10000240,8836,150,150,1,source_missing_or_invalid
a09_6000_6800,C-all,10000241,8935,150,150,1,source_missing_or_invalid
a09_6000_6800,C-all,10000242,7093,151,151,1,source_missing_or_invalid
a09_6000_6800,C-all,10000243,8950,151,151,1,source_missing_or_invalid
a09_6000_6800,C-all,10000244,8979,151,151,1,source_missing_or_invalid
a09_6000_6800,C-all,10000245,8991,151,154,4,source_missing_or_invalid
a09_6000_6800,C-all,10000246,8987,152,152,1,source_missing_or_invalid
a09_6000_6800,C-all,10000247,7735,153,154,2,source_missing_or_invalid
a09_6000_6800,C-all,10000248,8828,153,161,9,source_missing_or_invalid
a09_6000_6800,C-all,10000249,6075,154,156,3,source_missing_or_invalid
a09_6000_6800,C-all,10000250,7093,154,156,3,source_missing_or_invalid
a09_6000_6800,C-all,10000251,8669,154,154,1,source_missing_or_invalid
a09_6000_6800,C-all,10000252,9204,155,156,2,source_missing_or_invalid
a09_6000_6800,C-all,10000253,7690,156,157,2,source_missing_or_invalid
a09_6000_6800,C-all,10000254,8991,156,161,6,source_missing_or_invalid
a09_6000_6800,C-all,10000255,9058,156,156,1,source_missing_or_invalid
a09_6000_6800,C-all,10000256,9133,156,165,10,source_missing_or_invalid
a09_6000_6800,C-all,10000257,9268,156,156,1,source_missing_or_invalid
a09_6000_6800,C-all,10000258,8676,157,158,2,source_missing_or_invalid
a09_6000_6800,C-all,10000259,8391,158,158,1,source_missing_or_invalid
a09_6000_6800,C-all,10000260,8821,158,158,1,source_missing_or_invalid
a09_6000_6800,C-all,10000261,9405,158,158,1,source_missing_or_invalid
a09_6000_6800,C-all,10000262,8233,159,160,2,source_missing_or_invalid
a09_6000_6800,C-all,10000263,7875,160,165,6,source_missing_or_invalid
a09_6000_6800,C-all,10000264,6199,161,163,3,source_missing_or_invalid
a09_6000_6800,C-all,10000265,9344,161,161,1,source_missing_or_invalid
a09_6000_6800,C-all,10000266,9581,161,162,2,source_missing_or_invalid
a09_6000_6800,C-all,10000267,9591,161,168,8,source_missing_or_invalid
a09_6000_6800,C-all,10000268,9597,161,174,14,source_missing_or_invalid
a09_6000_6800,C-all,10000269,9403,162,163,2,source_missing_or_invalid
a09_6000_6800,C-all,10000270,9543,162,166,5,source_missing_or_invalid
a09_6000_6800,C-all,10000271,9558,162,163,2,source_missing_or_invalid
a09_6000_6800,C-all,10000272,9652,162,162,1,source_missing_or_invalid
a09_6000_6800,C-all,10000273,9367,163,166,4,source_missing_or_invalid
a09_6000_6800,C-all,10000274,9711,163,163,1,source_missing_or_invalid
a09_6000_6800,C-all,10000275,9692,164,164,1,source_missing_or_invalid
a09_6000_6800,C-all,10000276,9755,164,166,3,source_missing_or_invalid
a09_6000_6800,C-all,10000277,9756,164,167,4,source_missing_or_invalid
a09_6000_6800,C-all,10000278,8882,165,165,1,source_missing_or_invalid
a09_6000_6800,C-all,10000279,9822,165,168,4,source_missing_or_invalid
a09_6000_6800,C-all,10000280,9881,166,169,4,source_missing_or_invalid
a09_6000_6800,C-all,10000281,9887,166,167,2,source_missing_or_invalid
a09_6000_6800,C-all,10000282,9694,167,173,7,source_missing_or_invalid
a09_6000_6800,C-all,10000283,9764,167,167,1,source_missing_or_invalid
a09_6000_6800,C-all,10000284,8228,168,172,5,source_missing_or_invalid
a09_6000_6800,C-all,10000285,9403,168,170,3,source_missing_or_invalid
a09_6000_6800,C-all,10000286,9978,168,168,1,source_missing_or_invalid
a09_6000_6800,C-all,10000287,10009,168,175,8,source_missing_or_invalid
a09_6000_6800,C-all,10000288,10017,168,168,1,source_missing_or_invalid
a09_6000_6800,C-all,10000289,9522,169,170,2,source_missing_or_invalid
a09_6000_6800,C-all,10000290,9635,169,174,6,source_missing_or_invalid
a09_6000_6800,C-all,10000291,9826,169,181,13,source_missing_or_invalid
a09_6000_6800,C-all,10000292,9890,169,170,2,source_missing_or_invalid
a09_6000_6800,C-all,10000293,10047,169,169,1,source_missing_or_invalid
a09_6000_6800,C-all,10000294,8400,170,171,2,source_missing_or_invalid
a09_6000_6800,C-all,10000295,9822,170,172,3,source_missing_or_invalid
a09_6000_6800,C-all,10000296,9999,170,170,1,source_missing_or_invalid
a09_6000_6800,C-all,10000297,10104,170,173,4,source_missing_or_invalid
a09_6000_6800,C-all,10000298,10135,170,184,15,source_missing_or_invalid
a09_6000_6800,C-all,10000299,10137,170,178,9,source_missing_or_invalid
a09_6000_6800,C-all,10000300,9629,171,173,3,source_missing_or_invalid
a09_6000_6800,C-all,10000301,10047,171,174,4,source_missing_or_invalid
a09_6000_6800,C-all,10000302,10145,171,171,1,source_missing_or_invalid
a09_6000_6800,C-all,10000303,10153,171,176,6,source_missing_or_invalid
a09_6000_6800,C-all,10000304,10165,171,171,1,source_missing_or_invalid
a09_6000_6800,C-all,10000305,10178,171,174,4,source_missing_or_invalid
a09_6000_6800,C-all,10000306,10187,171,172,2,source_missing_or_invalid
a09_6000_6800,C-all,10000307,8289,172,172,1,source_missing_or_invalid
a09_6000_6800,C-all,10000308,10112,172,172,1,source_missing_or_invalid
a09_6000_6800,C-all,10000309,10209,172,172,1,source_missing_or_invalid
a09_6000_6800,C-all,10000310,9969,173,173,1,source_missing_or_invalid
a09_6000_6800,C-all,10000311,9999,173,174,2,source_missing_or_invalid
a09_6000_6800,C-all,10000312,9882,174,174,1,source_missing_or_invalid
a09_6000_6800,C-all,10000313,10226,174,174,1,source_missing_or_invalid
a09_6000_6800,C-all,10000314,10288,174,174,1,source_missing_or_invalid
a09_6000_6800,C-all,10000315,10352,174,174,1,source_missing_or_invalid
a09_6000_6800,C-all,10000316,10361,174,174,1,source_missing_or_invalid
a09_6000_6800,C-all,10000317,10104,175,178,4,source_missing_or_invalid
a09_6000_6800,C-all,10000318,10396,175,177,3,source_missing_or_invalid
a09_6000_6800,C-all,10000319,9999,176,176,1,source_missing_or_invalid
a09_6000_6800,C-all,10000320,10226,176,177,2,source_missing_or_invalid
a09_6000_6800,C-all,10000321,10354,176,176,1,source_missing_or_invalid
a09_6000_6800,C-all,10000322,10455,176,182,7,source_missing_or_invalid
a09_6000_6800,C-all,10000323,10482,176,183,8,source_missing_or_invalid
a09_6000_6800,C-all,10000324,10413,177,179,3,source_missing_or_invalid
a09_6000_6800,C-all,10000325,10520,177,178,2,source_missing_or_invalid
a09_6000_6800,C-all,10000326,10526,177,177,1,source_missing_or_invalid
a09_6000_6800,C-all,10000327,10536,177,180,4,source_missing_or_invalid
a09_6000_6800,C-all,10000328,10599,178,183,6,source_missing_or_invalid
a09_6000_6800,C-all,10000329,10179,179,179,1,source_missing_or_invalid
a09_6000_6800,C-all,10000330,10274,179,180,2,source_missing_or_invalid
a09_6000_6800,C-all,10000331,10592,179,179,1,source_missing_or_invalid
a09_6000_6800,C-all,10000332,10636,179,179,1,source_missing_or_invalid
a09_6000_6800,C-all,10000333,10659,179,181,3,source_missing_or_invalid
a09_6000_6800,C-all,10000334,10665,179,179,1,source_missing_or_invalid
a09_6000_6800,C-all,10000335,10675,179,190,12,source_missing_or_invalid
a09_6000_6800,C-all,10000336,10677,179,181,3,source_missing_or_invalid
a09_6000_6800,C-all,10000337,10734,180,190,11,source_missing_or_invalid
a09_6000_6800,C-all,10000338,6662,181,186,6,source_missing_or_invalid
a09_6000_6800,C-all,10000339,10110,181,182,2,source_missing_or_invalid
a09_6000_6800,C-all,10000340,10399,181,181,1,source_missing_or_invalid
a09_6000_6800,C-all,10000341,10735,181,183,3,source_missing_or_invalid
a09_6000_6800,C-all,10000342,10746,181,181,1,source_missing_or_invalid
a09_6000_6800,C-all,10000343,10768,181,183,3,source_missing_or_invalid
a09_6000_6800,C-all,10000344,10142,182,182,1,source_missing_or_invalid
a09_6000_6800,C-all,10000345,10536,182,182,1,source_missing_or_invalid
a09_6000_6800,C-all,10000346,10837,182,184,3,source_missing_or_invalid
a09_6000_6800,C-all,10000347,10844,182,188,7,source_missing_or_invalid
a09_6000_6800,C-all,10000348,10851,182,187,6,source_missing_or_invalid
a09_6000_6800,C-all,10000349,10883,183,183,1,source_missing_or_invalid
a09_6000_6800,C-all,10000350,10900,183,183,1,source_missing_or_invalid
a09_6000_6800,C-all,10000351,10903,183,183,1,source_missing_or_invalid
a09_6000_6800,C-all,10000352,10919,183,188,6,source_missing_or_invalid
a09_6000_6800,C-all,10000353,10413,184,185,2,source_missing_or_invalid
a09_6000_6800,C-all,10000354,10859,184,201,18,source_missing_or_invalid
a09_6000_6800,C-all,10000355,10937,184,186,3,source_missing_or_invalid
a09_6000_6800,C-all,10000356,10964,184,184,1,source_missing_or_invalid
a09_6000_6800,C-all,10000357,10973,184,186,3,source_missing_or_invalid
a09_6000_6800,C-all,10000358,10012,185,187,3,source_missing_or_invalid
a09_6000_6800,C-all,10000359,10039,185,187,3,source_missing_or_invalid
a09_6000_6800,C-all,10000360,10836,185,190,6,source_missing_or_invalid
a09_6000_6800,C-all,10000361,10991,185,186,2,source_missing_or_invalid
a09_6000_6800,C-all,10000362,10992,185,189,5,source_missing_or_invalid
a09_6000_6800,C-all,10000363,11036,185,185,1,source_missing_or_invalid
a09_6000_6800,C-all,10000364,11039,185,222,38,source_missing_or_invalid
a09_6000_6800,C-all,10000365,10947,186,186,1,source_missing_or_invalid
a09_6000_6800,C-all,10000366,11017,186,186,1,source_missing_or_invalid
a09_6000_6800,C-all,10000367,11050,186,186,1,source_missing_or_invalid
a09_6000_6800,C-all,10000368,11062,186,186,1,source_missing_or_invalid
a09_6000_6800,C-all,10000369,11078,186,188,3,source_missing_or_invalid
a09_6000_6800,C-all,10000370,11086,186,186,1,source_missing_or_invalid
a09_6000_6800,C-all,10000371,11098,186,203,18,source_missing_or_invalid
a09_6000_6800,C-all,10000372,11061,187,187,1,source_missing_or_invalid
a09_6000_6800,C-all,10000373,11118,187,187,1,source_missing_or_invalid
a09_6000_6800,C-all,10000374,11119,187,187,1,source_missing_or_invalid
a09_6000_6800,C-all,10000375,11128,187,205,19,source_missing_or_invalid
a09_6000_6800,C-all,10000376,11154,187,188,2,source_missing_or_invalid
a09_6000_6800,C-all,10000377,10900,188,198,11,source_missing_or_invalid
a09_6000_6800,C-all,10000378,11206,188,194,7,source_missing_or_invalid
a09_6000_6800,C-all,10000379,11209,188,204,17,source_missing_or_invalid
a09_6000_6800,C-all,10000380,11215,188,195,8,source_missing_or_invalid
a09_6000_6800,C-all,10000381,11119,189,190,2,source_missing_or_invalid
a09_6000_6800,C-all,10000382,11264,189,196,8,source_missing_or_invalid
a09_6000_6800,C-all,10000383,11268,189,189,1,source_missing_or_invalid
a09_6000_6800,C-all,10000384,11269,189,196,8,source_missing_or_invalid
a09_6000_6800,C-all,10000385,11037,190,191,2,source_missing_or_invalid
a09_6000_6800,C-all,10000386,11078,190,192,3,source_missing_or_invalid
a09_6000_6800,C-all,10000387,11293,190,192,3,source_missing_or_invalid
a09_6000_6800,C-all,10000388,11325,190,191,2,source_missing_or_invalid
a09_6000_6800,C-all,10000389,11328,190,190,1,source_missing_or_invalid
a09_6000_6800,C-all,10000390,11329,190,212,23,source_missing_or_invalid
a09_6000_6800,C-all,10000391,11332,190,193,4,source_missing_or_invalid
a09_6000_6800,C-all,10000392,10119,191,191,1,source_missing_or_invalid
a09_6000_6800,C-all,10000393,10247,191,191,1,source_missing_or_invalid
a09_6000_6800,C-all,10000394,11446,192,198,7,source_missing_or_invalid
a09_6000_6800,C-all,10000395,11449,192,229,38,source_missing_or_invalid
a09_6000_6800,C-all,10000396,11453,192,193,2,source_missing_or_invalid
a09_6000_6800,C-all,10000397,11455,192,193,2,source_missing_or_invalid
a09_6000_6800,C-all,10000398,11457,192,195,4,source_missing_or_invalid
a09_6000_6800,C-all,10000399,11488,193,215,23,source_missing_or_invalid
a09_6000_6800,C-all,10000400,11492,193,205,13,source_missing_or_invalid
a09_6000_6800,C-all,10000401,11493,193,193,1,source_missing_or_invalid
a09_6000_6800,C-all,10000402,11494,193,195,3,source_missing_or_invalid
a09_6000_6800,C-all,10000403,11513,193,198,6,source_missing_or_invalid
a09_6000_6800,C-all,10000404,11519,193,193,1,source_missing_or_invalid
a09_6000_6800,C-all,10000405,10119,194,196,3,source_missing_or_invalid
a09_6000_6800,C-all,10000406,10668,194,194,1,source_missing_or_invalid
a09_6000_6800,C-all,10000407,11390,194,253,60,source_missing_or_invalid
a09_6000_6800,C-all,10000408,11550,194,198,5,source_missing_or_invalid
a09_6000_6800,C-all,10000409,11556,194,194,1,source_missing_or_invalid
a09_6000_6800,C-all,10000410,11577,194,195,2,source_missing_or_invalid
a09_6000_6800,C-all,10000411,11576,195,202,8,source_missing_or_invalid
a09_6000_6800,C-all,10000412,11588,195,195,1,source_missing_or_invalid
a09_6000_6800,C-all,10000413,11605,195,199,5,source_missing_or_invalid
a09_6000_6800,C-all,10000414,11608,195,196,2,source_missing_or_invalid
a09_6000_6800,C-all,10000415,11610,195,196,2,source_missing_or_invalid
a09_6000_6800,C-all,10000416,11615,195,196,2,source_missing_or_invalid
a09_6000_6800,C-all,10000417,11617,195,216,22,source_missing_or_invalid
a09_6000_6800,C-all,10000418,11618,195,197,3,source_missing_or_invalid
a09_6000_6800,C-all,10000419,11619,195,203,9,source_missing_or_invalid
a09_6000_6800,C-all,10000420,11665,196,200,5,source_missing_or_invalid
a09_6000_6800,C-all,10000421,11673,196,196,1,source_missing_or_invalid
a09_6000_6800,C-all,10000422,11680,196,198,3,source_missing_or_invalid
a09_6000_6800,C-all,10000423,11681,196,222,27,source_missing_or_invalid
a09_6000_6800,C-all,10000424,11689,196,196,1,source_missing_or_invalid
a09_6000_6800,C-all,10000425,11693,196,232,37,source_missing_or_invalid
a09_6000_6800,C-all,10000426,11698,196,234,39,source_missing_or_invalid
a09_6000_6800,C-all,10000427,11699,196,252,57,source_missing_or_invalid
a09_6000_6800,C-all,10000428,10668,197,198,2,source_missing_or_invalid
a09_6000_6800,C-all,10000429,11723,197,197,1,source_missing_or_invalid
a09_6000_6800,C-all,10000430,11733,197,198,2,source_missing_or_invalid
a09_6000_6800,C-all,10000431,11736,197,197,1,source_missing_or_invalid
a09_6000_6800,C-all,10000432,11740,197,197,1,source_missing_or_invalid
a09_6000_6800,C-all,10000433,11752,197,217,21,source_missing_or_invalid
a09_6000_6800,C-all,10000434,9784,198,222,25,source_missing_or_invalid
a09_6000_6800,C-all,10000435,11694,198,198,1,source_missing_or_invalid
a09_6000_6800,C-all,10000436,11771,198,198,1,source_missing_or_invalid
a09_6000_6800,C-all,10000437,11774,198,198,1,source_missing_or_invalid
a09_6000_6800,C-all,10000438,11781,198,226,29,source_missing_or_invalid
a09_6000_6800,C-all,10000439,11796,198,223,26,source_missing_or_invalid
a09_6000_6800,C-all,10000440,11812,198,198,1,source_missing_or_invalid
a09_6000_6800,C-all,10000441,11813,198,198,1,source_missing_or_invalid
a09_6000_6800,C-all,10000442,11078,199,200,2,source_missing_or_invalid
a09_6000_6800,C-all,10000443,11649,199,208,10,source_missing_or_invalid
a09_6000_6800,C-all,10000444,11821,199,199,1,source_missing_or_invalid
a09_6000_6800,C-all,10000445,11855,199,199,1,source_missing_or_invalid
a09_6000_6800,C-all,10000446,11857,199,202,4,source_missing_or_invalid
a09_6000_6800,C-all,10000447,11861,199,275,77,source_missing_or_invalid
a09_6000_6800,C-all,10000448,11865,199,210,12,source_missing_or_invalid
a09_6000_6800,C-all,10000449,11871,199,200,2,source_missing_or_invalid
a09_6000_6800,C-all,10000450,11897,200,209,10,source_missing_or_invalid
a09_6000_6800,C-all,10000451,11902,200,200,1,source_missing_or_invalid
a09_6000_6800,C-all,10000452,11903,200,215,16,source_missing_or_invalid
a09_6000_6800,C-all,10000453,11909,200,217,18,source_missing_or_invalid
a09_6000_6800,C-all,10000454,11920,200,200,1,source_missing_or_invalid
a09_6000_6800,C-all,10000455,11927,200,201,2,source_missing_or_invalid
a09_6000_6800,C-all,10000456,11932,200,210,11,source_missing_or_invalid
a09_6000_6800,C-all,10000457,10900,201,205,5,source_missing_or_invalid
a09_6000_6800,C-all,10000458,11889,201,201,1,source_missing_or_invalid
a09_6000_6800,C-all,10000459,11960,201,219,19,source_missing_or_invalid
a09_6000_6800,C-all,10000460,11965,201,204,4,source_missing_or_invalid
a09_6000_6800,C-all,10000461,11975,201,216,16,source_missing_or_invalid
a09_6000_6800,C-all,10000462,11976,201,218,18,source_missing_or_invalid
a09_6000_6800,C-all,10000463,11977,201,271,71,source_missing_or_invalid
a09_6000_6800,C-all,10000464,10668,202,202,1,source_missing_or_invalid
a09_6000_6800,C-all,10000465,11855,202,208,7,source_missing_or_invalid
a09_6000_6800,C-all,10000466,12011,202,202,1,source_missing_or_invalid
a09_6000_6800,C-all,10000467,12028,202,206,5,source_missing_or_invalid
a09_6000_6800,C-all,10000468,12033,202,229,28,source_missing_or_invalid
a09_6000_6800,C-all,10000469,12041,202,226,25,source_missing_or_invalid
a09_6000_6800,C-all,10000470,11889,203,205,3,source_missing_or_invalid
a09_6000_6800,C-all,10000471,11902,203,209,7,source_missing_or_invalid
a09_6000_6800,C-all,10000472,12065,203,209,7,source_missing_or_invalid
a09_6000_6800,C-all,10000473,12074,203,229,27,source_missing_or_invalid
a09_6000_6800,C-all,10000474,12082,203,215,13,source_missing_or_invalid
a09_6000_6800,C-all,10000475,12099,203,351,149,source_missing_or_invalid
a09_6000_6800,C-all,10000476,12101,203,212,10,source_missing_or_invalid
a09_6000_6800,C-all,10000477,11078,204,231,28,source_missing_or_invalid
a09_6000_6800,C-all,10000478,11982,204,223,20,source_missing_or_invalid
a09_6000_6800,C-all,10000479,12111,204,205,2,source_missing_or_invalid
a09_6000_6800,C-all,10000480,12116,204,205,2,source_missing_or_invalid
a09_6000_6800,C-all,10000481,12144,204,208,5,source_missing_or_invalid
a09_6000_6800,C-all,10000482,12147,204,231,28,source_missing_or_invalid
a09_6000_6800,C-all,10000483,12154,204,268,65,source_missing_or_invalid
a09_6000_6800,C-all,10000484,12162,205,205,1,source_missing_or_invalid
a09_6000_6800,C-all,10000485,12166,205,205,1,source_missing_or_invalid
a09_6000_6800,C-all,10000486,12182,205,214,10,source_missing_or_invalid
a09_6000_6800,C-all,10000487,12186,205,207,3,source_missing_or_invalid
a09_6000_6800,C-all,10000488,12204,205,247,43,source_missing_or_invalid
a09_6000_6800,C-all,10000489,10226,206,212,7,source_missing_or_invalid
a09_6000_6800,C-all,10000490,11772,206,207,2,source_missing_or_invalid
a09_6000_6800,C-all,10000491,12238,206,206,1,source_missing_or_invalid
a09_6000_6800,C-all,10000492,12263,206,208,3,source_missing_or_invalid
a09_6000_6800,C-all,10000493,12271,207,207,1,source_missing_or_invalid
a09_6000_6800,C-all,10000494,12283,207,208,2,source_missing_or_invalid
a09_6000_6800,C-all,10000495,12304,207,212,6,source_missing_or_invalid
a09_6000_6800,C-all,10000496,12307,207,210,4,source_missing_or_invalid
a09_6000_6800,C-all,10000497,12312,207,209,3,source_missing_or_invalid
a09_6000_6800,C-all,10000498,12317,207,210,4,source_missing_or_invalid
a09_6000_6800,C-all,10000499,12319,207,231,25,source_missing_or_invalid
a09_6000_6800,C-all,10000500,12320,207,240,34,source_missing_or_invalid
a09_6000_6800,C-all,10000501,10900,208,213,6,source_missing_or_invalid
a09_6000_6800,C-all,10000502,12335,208,209,2,source_missing_or_invalid
a09_6000_6800,C-all,10000503,12347,208,211,4,source_missing_or_invalid
a09_6000_6800,C-all,10000504,12348,208,208,1,source_missing_or_invalid
a09_6000_6800,C-all,10000505,12354,208,249,42,source_missing_or_invalid
a09_6000_6800,C-all,10000506,11889,209,227,19,source_missing_or_invalid
a09_6000_6800,C-all,10000507,12376,209,209,1,source_missing_or_invalid
a09_6000_6800,C-all,10000508,12389,209,209,1,source_missing_or_invalid
a09_6000_6800,C-all,10000509,12400,209,216,8,source_missing_or_invalid
a09_6000_6800,C-all,10000510,12406,209,227,19,source_missing_or_invalid
a09_6000_6800,C-all,10000511,12408,209,248,40,source_missing_or_invalid
a09_6000_6800,C-all,10000512,12415,209,209,1,source_missing_or_invalid
a09_6000_6800,C-all,10000513,11772,210,216,7,source_missing_or_invalid
a09_6000_6800,C-all,10000514,12439,210,210,1,source_missing_or_invalid
a09_6000_6800,C-all,10000515,12441,210,210,1,source_missing_or_invalid
a09_6000_6800,C-all,10000516,12451,210,231,22,source_missing_or_invalid
a09_6000_6800,C-all,10000517,12459,210,227,18,source_missing_or_invalid
a09_6000_6800,C-all,10000518,12475,210,210,1,source_missing_or_invalid
a09_6000_6800,C-all,10000519,12476,210,212,3,source_missing_or_invalid
a09_6000_6800,C-all,10000520,11649,211,211,1,source_missing_or_invalid
a09_6000_6800,C-all,10000521,12497,211,247,37,source_missing_or_invalid
a09_6000_6800,C-all,10000522,12507,211,232,22,source_missing_or_invalid
a09_6000_6800,C-all,10000523,12510,211,211,1,source_missing_or_invalid
a09_6000_6800,C-all,10000524,12513,211,211,1,source_missing_or_invalid
a09_6000_6800,C-all,10000525,12520,211,213,3,source_missing_or_invalid
a09_6000_6800,C-all,10000526,12065,212,212,1,source_missing_or_invalid
a09_6000_6800,C-all,10000527,12531,212,212,1,source_missing_or_invalid
a09_6000_6800,C-all,10000528,12538,212,217,6,source_missing_or_invalid
a09_6000_6800,C-all,10000529,12546,212,213,2,source_missing_or_invalid
a09_6000_6800,C-all,10000530,12547,212,215,4,source_missing_or_invalid
a09_6000_6800,C-all,10000531,12562,212,399,188,window_end_or_source_end
a09_6000_6800,C-all,10000532,12574,212,220,9,source_missing_or_invalid
a09_6000_6800,C-all,10000533,12579,212,242,31,source_missing_or_invalid
a09_6000_6800,C-all,10000534,12581,212,228,17,source_missing_or_invalid
a09_6000_6800,C-all,10000535,12583,212,213,2,source_missing_or_invalid
a09_6000_6800,C-all,10000536,12585,212,212,1,source_missing_or_invalid
a09_6000_6800,C-all,10000537,11649,213,216,4,source_missing_or_invalid
a09_6000_6800,C-all,10000538,11705,213,214,2,source_missing_or_invalid
a09_6000_6800,C-all,10000539,12513,213,214,2,source_missing_or_invalid
a09_6000_6800,C-all,10000540,12602,213,221,9,source_missing_or_invalid
a09_6000_6800,C-all,10000541,12607,213,232,20,source_missing_or_invalid
a09_6000_6800,C-all,10000542,12611,213,248,36,source_missing_or_invalid
a09_6000_6800,C-all,10000543,12622,213,213,1,source_missing_or_invalid
a09_6000_6800,C-all,10000544,12441,214,217,4,source_missing_or_invalid
a09_6000_6800,C-all,10000545,12681,214,217,4,source_missing_or_invalid
a09_6000_6800,C-all,10000546,12688,214,229,16,source_missing_or_invalid
a09_6000_6800,C-all,10000547,12692,214,266,53,source_missing_or_invalid
a09_6000_6800,C-all,10000548,12716,215,224,10,source_missing_or_invalid
a09_6000_6800,C-all,10000549,12735,215,221,7,source_missing_or_invalid
a09_6000_6800,C-all,10000550,12743,215,223,9,source_missing_or_invalid
a09_6000_6800,C-all,10000551,12182,216,225,10,source_missing_or_invalid
a09_6000_6800,C-all,10000552,12750,216,221,6,source_missing_or_invalid
a09_6000_6800,C-all,10000553,12768,216,216,1,source_missing_or_invalid
a09_6000_6800,C-all,10000554,12794,216,217,2,source_missing_or_invalid
a09_6000_6800,C-all,10000555,10900,217,217,1,source_missing_or_invalid
a09_6000_6800,C-all,10000556,11705,217,217,1,source_missing_or_invalid
a09_6000_6800,C-all,10000557,11820,217,219,3,source_missing_or_invalid
a09_6000_6800,C-all,10000558,12046,217,217,1,source_missing_or_invalid
a09_6000_6800,C-all,10000559,12515,217,218,2,source_missing_or_invalid
a09_6000_6800,C-all,10000560,12805,217,217,1,source_missing_or_invalid
a09_6000_6800,C-all,10000561,12838,217,217,1,source_missing_or_invalid
a09_6000_6800,C-all,10000562,12843,217,218,2,source_missing_or_invalid
a09_6000_6800,C-all,10000563,11649,218,220,3,source_missing_or_invalid
a09_6000_6800,C-all,10000564,12800,218,219,2,source_missing_or_invalid
a09_6000_6800,C-all,10000565,12876,218,218,1,source_missing_or_invalid
a09_6000_6800,C-all,10000566,12879,218,218,1,source_missing_or_invalid
a09_6000_6800,C-all,10000567,12881,218,218,1,source_missing_or_invalid
a09_6000_6800,C-all,10000568,12885,218,219,2,source_missing_or_invalid
a09_6000_6800,C-all,10000569,12402,219,222,4,source_missing_or_invalid
a09_6000_6800,C-all,10000570,12708,219,220,2,source_missing_or_invalid
a09_6000_6800,C-all,10000571,12838,219,221,3,source_missing_or_invalid
a09_6000_6800,C-all,10000572,12923,219,222,4,source_missing_or_invalid
a09_6000_6800,C-all,10000573,12927,219,237,19,source_missing_or_invalid
a09_6000_6800,C-all,10000574,12931,219,219,1,source_missing_or_invalid
a09_6000_6800,C-all,10000575,12944,219,225,7,source_missing_or_invalid
a09_6000_6800,C-all,10000576,12945,219,241,23,source_missing_or_invalid
a09_6000_6800,C-all,10000577,12946,219,262,44,source_missing_or_invalid
a09_6000_6800,C-all,10000578,12869,220,220,1,source_missing_or_invalid
a09_6000_6800,C-all,10000579,12985,220,222,3,source_missing_or_invalid
a09_6000_6800,C-all,10000580,12987,220,232,13,source_missing_or_invalid
a09_6000_6800,C-all,10000581,12991,220,220,1,source_missing_or_invalid
a09_6000_6800,C-all,10000582,13000,220,275,56,source_missing_or_invalid
a09_6000_6800,C-all,10000583,9849,221,239,19,source_missing_or_invalid
a09_6000_6800,C-all,10000584,12808,221,222,2,source_missing_or_invalid
a09_6000_6800,C-all,10000585,13031,221,221,1,source_missing_or_invalid
a09_6000_6800,C-all,10000586,11820,222,229,8,source_missing_or_invalid
a09_6000_6800,C-all,10000587,12574,222,222,1,source_missing_or_invalid
a09_6000_6800,C-all,10000588,13104,222,222,1,source_missing_or_invalid
a09_6000_6800,C-all,10000589,13111,222,222,1,source_missing_or_invalid
a09_6000_6800,C-all,10000590,11649,223,223,1,source_missing_or_invalid
a09_6000_6800,C-all,10000591,12708,223,225,3,source_missing_or_invalid
a09_6000_6800,C-all,10000592,13129,223,226,4,source_missing_or_invalid
a09_6000_6800,C-all,10000593,13140,223,223,1,source_missing_or_invalid
a09_6000_6800,C-all,10000594,13150,223,223,1,source_missing_or_invalid
a09_6000_6800,C-all,10000595,13156,223,226,4,source_missing_or_invalid
a09_6000_6800,C-all,10000596,13171,223,274,52,source_missing_or_invalid
a09_6000_6800,C-all,10000597,11705,224,224,1,source_missing_or_invalid
a09_6000_6800,C-all,10000598,12020,224,224,1,source_missing_or_invalid
a09_6000_6800,C-all,10000599,13201,224,235,12,source_missing_or_invalid
a09_6000_6800,C-all,10000600,13206,224,307,84,source_missing_or_invalid
a09_6000_6800,C-all,10000601,13215,224,276,53,source_missing_or_invalid
a09_6000_6800,C-all,10000602,13217,224,226,3,source_missing_or_invalid
a09_6000_6800,C-all,10000603,13221,224,225,2,source_missing_or_invalid
a09_6000_6800,C-all,10000604,12402,225,225,1,source_missing_or_invalid
a09_6000_6800,C-all,10000605,12923,225,225,1,source_missing_or_invalid
a09_6000_6800,C-all,10000606,13234,225,234,10,source_missing_or_invalid
a09_6000_6800,C-all,10000607,13276,225,244,20,source_missing_or_invalid
a09_6000_6800,C-all,10000608,13282,225,228,4,source_missing_or_invalid
a09_6000_6800,C-all,10000609,12020,226,228,3,source_missing_or_invalid
a09_6000_6800,C-all,10000610,13259,226,227,2,source_missing_or_invalid
a09_6000_6800,C-all,10000611,13304,226,231,6,source_missing_or_invalid
a09_6000_6800,C-all,10000612,13316,226,226,1,source_missing_or_invalid
a09_6000_6800,C-all,10000613,13318,226,227,2,source_missing_or_invalid
a09_6000_6800,C-all,10000614,13326,226,226,1,source_missing_or_invalid
a09_6000_6800,C-all,10000615,13328,226,232,7,source_missing_or_invalid
a09_6000_6800,C-all,10000616,13337,226,230,5,source_missing_or_invalid
a09_6000_6800,C-all,10000617,13359,227,228,2,source_missing_or_invalid
a09_6000_6800,C-all,10000618,12481,228,228,1,source_missing_or_invalid
a09_6000_6800,C-all,10000619,13409,228,228,1,source_missing_or_invalid
a09_6000_6800,C-all,10000620,13428,228,229,2,source_missing_or_invalid
a09_6000_6800,C-all,10000621,13432,228,228,1,source_missing_or_invalid
a09_6000_6800,C-all,10000622,12984,229,233,5,source_missing_or_invalid
a09_6000_6800,C-all,10000623,13190,229,229,1,source_missing_or_invalid
a09_6000_6800,C-all,10000624,13259,229,229,1,source_missing_or_invalid
a09_6000_6800,C-all,10000625,13396,229,231,3,source_missing_or_invalid
a09_6000_6800,C-all,10000626,13452,229,231,3,source_missing_or_invalid
a09_6000_6800,C-all,10000627,13454,229,230,2,source_missing_or_invalid
a09_6000_6800,C-all,10000628,13464,229,231,3,source_missing_or_invalid
a09_6000_6800,C-all,10000629,13479,229,229,1,source_missing_or_invalid
a09_6000_6800,C-all,10000630,13480,229,239,11,source_missing_or_invalid
a09_6000_6800,C-all,10000631,13487,229,232,4,source_missing_or_invalid
a09_6000_6800,C-all,10000632,13489,229,230,2,source_missing_or_invalid
a09_6000_6800,C-all,10000633,11042,230,230,1,source_missing_or_invalid
a09_6000_6800,C-all,10000634,12897,230,233,4,source_missing_or_invalid
a09_6000_6800,C-all,10000635,13356,230,231,2,source_missing_or_invalid
a09_6000_6800,C-all,10000636,13501,230,231,2,source_missing_or_invalid
a09_6000_6800,C-all,10000637,13503,230,230,1,source_missing_or_invalid
a09_6000_6800,C-all,10000638,13507,231,231,1,source_missing_or_invalid
a09_6000_6800,C-all,10000639,13565,231,269,39,source_missing_or_invalid
a09_6000_6800,C-all,10000640,13570,231,235,5,source_missing_or_invalid
a09_6000_6800,C-all,10000641,13573,231,232,2,source_missing_or_invalid
a09_6000_6800,C-all,10000642,13579,231,291,61,source_missing_or_invalid
a09_6000_6800,C-all,10000643,13581,231,231,1,source_missing_or_invalid
a09_6000_6800,C-all,10000644,8330,232,234,3,source_missing_or_invalid
a09_6000_6800,C-all,10000645,11705,232,232,1,source_missing_or_invalid
a09_6000_6800,C-all,10000646,13540,232,234,3,source_missing_or_invalid
a09_6000_6800,C-all,10000647,13563,232,233,2,source_missing_or_invalid
a09_6000_6800,C-all,10000648,13606,232,232,1,source_missing_or_invalid
a09_6000_6800,C-all,10000649,13621,232,236,5,source_missing_or_invalid
a09_6000_6800,C-all,10000650,13623,232,232,1,source_missing_or_invalid
a09_6000_6800,C-all,10000651,13631,232,236,5,source_missing_or_invalid
a09_6000_6800,C-all,10000652,13464,233,233,1,source_missing_or_invalid
a09_6000_6800,C-all,10000653,13604,233,233,1,source_missing_or_invalid
a09_6000_6800,C-all,10000654,13671,233,233,1,source_missing_or_invalid
a09_6000_6800,C-all,10000655,13689,233,238,6,source_missing_or_invalid
a09_6000_6800,C-all,10000656,10322,234,235,2,source_missing_or_invalid
a09_6000_6800,C-all,10000657,12147,234,274,41,source_missing_or_invalid
a09_6000_6800,C-all,10000658,13606,234,240,7,source_missing_or_invalid
a09_6000_6800,C-all,10000659,13705,234,271,38,source_missing_or_invalid
a09_6000_6800,C-all,10000660,13707,234,236,3,source_missing_or_invalid
a09_6000_6800,C-all,10000661,13712,234,239,6,source_missing_or_invalid
a09_6000_6800,C-all,10000662,13721,234,346,113,source_missing_or_invalid
a09_6000_6800,C-all,10000663,13724,234,320,87,source_missing_or_invalid
a09_6000_6800,C-all,10000664,13730,234,234,1,source_missing_or_invalid
a09_6000_6800,C-all,10000665,10952,235,235,1,source_missing_or_invalid
a09_6000_6800,C-all,10000666,13019,235,239,5,source_missing_or_invalid
a09_6000_6800,C-all,10000667,13761,235,236,2,source_missing_or_invalid
a09_6000_6800,C-all,10000668,13780,235,235,1,source_missing_or_invalid
a09_6000_6800,C-all,10000669,13786,235,313,79,source_missing_or_invalid
a09_6000_6800,C-all,10000670,13791,235,244,10,source_missing_or_invalid
a09_6000_6800,C-all,10000671,13793,235,254,20,source_missing_or_invalid
a09_6000_6800,C-all,10000672,11705,236,237,2,source_missing_or_invalid
a09_6000_6800,C-all,10000673,13578,236,243,8,source_missing_or_invalid
a09_6000_6800,C-all,10000674,13816,236,243,8,source_missing_or_invalid
a09_6000_6800,C-all,10000675,13836,236,247,12,source_missing_or_invalid
a09_6000_6800,C-all,10000676,10322,237,237,1,source_missing_or_invalid
a09_6000_6800,C-all,10000677,13858,237,237,1,source_missing_or_invalid
a09_6000_6800,C-all,10000678,13874,237,240,4,source_missing_or_invalid
a09_6000_6800,C-all,10000679,13893,237,344,108,source_missing_or_invalid
a09_6000_6800,C-all,10000680,13904,238,238,1,source_missing_or_invalid
a09_6000_6800,C-all,10000681,13905,238,241,4,source_missing_or_invalid
a09_6000_6800,C-all,10000682,13919,238,262,25,source_missing_or_invalid
a09_6000_6800,C-all,10000683,13928,238,240,3,source_missing_or_invalid
a09_6000_6800,C-all,10000684,13934,238,239,2,source_missing_or_invalid
a09_6000_6800,C-all,10000685,13936,238,239,2,source_missing_or_invalid
a09_6000_6800,C-all,10000686,13939,238,278,41,source_missing_or_invalid
a09_6000_6800,C-all,10000687,13945,238,238,1,source_missing_or_invalid
a09_6000_6800,C-all,10000688,13948,238,259,22,source_missing_or_invalid
a09_6000_6800,C-all,10000689,13949,238,238,1,source_missing_or_invalid
a09_6000_6800,C-all,10000690,13952,238,249,12,source_missing_or_invalid
a09_6000_6800,C-all,10000691,12257,239,291,53,source_missing_or_invalid
a09_6000_6800,C-all,10000692,13969,239,239,1,source_missing_or_invalid
a09_6000_6800,C-all,10000693,13972,239,240,2,source_missing_or_invalid
a09_6000_6800,C-all,10000694,13977,239,250,12,source_missing_or_invalid
a09_6000_6800,C-all,10000695,13982,239,240,2,source_missing_or_invalid
a09_6000_6800,C-all,10000696,13985,239,240,2,source_missing_or_invalid
a09_6000_6800,C-all,10000697,13994,239,399,161,window_end_or_source_end
a09_6000_6800,C-all,10000698,14000,239,241,3,source_missing_or_invalid
a09_6000_6800,C-all,10000699,14001,239,249,11,source_missing_or_invalid
a09_6000_6800,C-all,10000700,14005,239,239,1,source_missing_or_invalid
a09_6000_6800,C-all,10000701,14008,239,248,10,source_missing_or_invalid
a09_6000_6800,C-all,10000702,14012,239,242,4,source_missing_or_invalid
a09_6000_6800,C-all,10000703,14013,239,240,2,source_missing_or_invalid
a09_6000_6800,C-all,10000704,12302,240,242,3,source_missing_or_invalid
a09_6000_6800,C-all,10000705,12402,240,240,1,source_missing_or_invalid
a09_6000_6800,C-all,10000706,12923,240,240,1,source_missing_or_invalid
a09_6000_6800,C-all,10000707,12973,240,244,5,source_missing_or_invalid
a09_6000_6800,C-all,10000708,13926,240,253,14,source_missing_or_invalid
a09_6000_6800,C-all,10000709,14023,240,240,1,source_missing_or_invalid
a09_6000_6800,C-all,10000710,14035,240,263,24,source_missing_or_invalid
a09_6000_6800,C-all,10000711,14043,240,243,4,source_missing_or_invalid
a09_6000_6800,C-all,10000712,14052,240,300,61,source_missing_or_invalid
a09_6000_6800,C-all,10000713,14055,240,358,119,source_missing_or_invalid
a09_6000_6800,C-all,10000714,14059,240,257,18,source_missing_or_invalid
a09_6000_6800,C-all,10000715,14063,240,253,14,source_missing_or_invalid
a09_6000_6800,C-all,10000716,8760,241,242,2,source_missing_or_invalid
a09_6000_6800,C-all,10000717,11388,241,241,1,source_missing_or_invalid
a09_6000_6800,C-all,10000718,14066,241,399,159,window_end_or_source_end
a09_6000_6800,C-all,10000719,14088,241,241,1,source_missing_or_invalid
a09_6000_6800,C-all,10000720,14091,241,247,7,source_missing_or_invalid
a09_6000_6800,C-all,10000721,14096,241,248,8,source_missing_or_invalid
a09_6000_6800,C-all,10000722,14100,241,327,87,source_missing_or_invalid
a09_6000_6800,C-all,10000723,14103,241,241,1,source_missing_or_invalid
a09_6000_6800,C-all,10000724,13606,242,242,1,source_missing_or_invalid
a09_6000_6800,C-all,10000725,14101,242,244,3,source_missing_or_invalid
a09_6000_6800,C-all,10000726,14106,242,257,16,source_missing_or_invalid
a09_6000_6800,C-all,10000727,14132,242,251,10,source_missing_or_invalid
a09_6000_6800,C-all,10000728,14142,242,247,6,source_missing_or_invalid
a09_6000_6800,C-all,10000729,14145,242,257,16,source_missing_or_invalid
a09_6000_6800,C-all,10000730,14153,242,251,10,source_missing_or_invalid
a09_6000_6800,C-all,10000731,14158,242,324,83,source_missing_or_invalid
a09_6000_6800,C-all,10000732,9404,243,244,2,source_missing_or_invalid
a09_6000_6800,C-all,10000733,11388,243,244,2,source_missing_or_invalid
a09_6000_6800,C-all,10000734,14176,243,253,11,source_missing_or_invalid
a09_6000_6800,C-all,10000735,14190,243,312,70,source_missing_or_invalid
a09_6000_6800,C-all,10000736,14208,243,359,117,source_missing_or_invalid
a09_6000_6800,C-all,10000737,14213,244,244,1,source_missing_or_invalid
a09_6000_6800,C-all,10000738,14247,244,245,2,source_missing_or_invalid
a09_6000_6800,C-all,10000739,14258,244,246,3,source_missing_or_invalid
a09_6000_6800,C-all,10000740,14259,244,248,5,source_missing_or_invalid
a09_6000_6800,C-all,10000741,14260,244,258,15,source_missing_or_invalid
a09_6000_6800,C-all,10000742,9835,245,245,1,source_missing_or_invalid
a09_6000_6800,C-all,10000743,11119,245,255,11,source_missing_or_invalid
a09_6000_6800,C-all,10000744,13816,245,245,1,source_missing_or_invalid
a09_6000_6800,C-all,10000745,14274,245,246,2,source_missing_or_invalid
a09_6000_6800,C-all,10000746,14276,245,253,9,source_missing_or_invalid
a09_6000_6800,C-all,10000747,14277,245,250,6,source_missing_or_invalid
a09_6000_6800,C-all,10000748,14289,245,247,3,source_missing_or_invalid
a09_6000_6800,C-all,10000749,14293,245,253,9,source_missing_or_invalid
a09_6000_6800,C-all,10000750,14303,245,329,85,source_missing_or_invalid
a09_6000_6800,C-all,10000751,14306,245,258,14,source_missing_or_invalid
a09_6000_6800,C-all,10000752,14309,245,259,15,source_missing_or_invalid
a09_6000_6800,C-all,10000753,14312,245,247,3,source_missing_or_invalid
a09_6000_6800,C-all,10000754,8271,246,256,11,source_missing_or_invalid
a09_6000_6800,C-all,10000755,12969,246,246,1,source_missing_or_invalid
a09_6000_6800,C-all,10000756,13486,246,250,5,source_missing_or_invalid
a09_6000_6800,C-all,10000757,14268,246,246,1,source_missing_or_invalid
a09_6000_6800,C-all,10000758,14316,246,247,2,source_missing_or_invalid
a09_6000_6800,C-all,10000759,14332,246,277,32,source_missing_or_invalid
a09_6000_6800,C-all,10000760,14336,246,246,1,source_missing_or_invalid
a09_6000_6800,C-all,10000761,14345,246,341,96,source_missing_or_invalid
a09_6000_6800,C-all,10000762,14356,246,250,5,source_missing_or_invalid
a09_6000_6800,C-all,10000763,14359,246,282,37,source_missing_or_invalid
a09_6000_6800,C-all,10000764,11690,247,247,1,source_missing_or_invalid
a09_6000_6800,C-all,10000765,14163,247,249,3,source_missing_or_invalid
a09_6000_6800,C-all,10000766,14384,247,247,1,source_missing_or_invalid
a09_6000_6800,C-all,10000767,14385,247,247,1,source_missing_or_invalid
a09_6000_6800,C-all,10000768,14386,247,263,17,source_missing_or_invalid
a09_6000_6800,C-all,10000769,14391,247,255,9,source_missing_or_invalid
a09_6000_6800,C-all,10000770,14393,247,256,10,source_missing_or_invalid
a09_6000_6800,C-all,10000771,14395,247,266,20,source_missing_or_invalid
a09_6000_6800,C-all,10000772,14402,247,253,7,source_missing_or_invalid
a09_6000_6800,C-all,10000773,11841,248,248,1,source_missing_or_invalid
a09_6000_6800,C-all,10000774,12890,248,248,1,source_missing_or_invalid
a09_6000_6800,C-all,10000775,13661,248,260,13,source_missing_or_invalid
a09_6000_6800,C-all,10000776,13931,248,248,1,source_missing_or_invalid
a09_6000_6800,C-all,10000777,14417,248,271,24,source_missing_or_invalid
a09_6000_6800,C-all,10000778,14430,248,250,3,source_missing_or_invalid
a09_6000_6800,C-all,10000779,14431,248,248,1,source_missing_or_invalid
a09_6000_6800,C-all,10000780,14434,248,248,1,source_missing_or_invalid
a09_6000_6800,C-all,10000781,12497,249,249,1,source_missing_or_invalid
a09_6000_6800,C-all,10000782,13918,249,280,32,source_missing_or_invalid
a09_6000_6800,C-all,10000783,14238,249,257,9,source_missing_or_invalid
a09_6000_6800,C-all,10000784,14472,249,257,9,source_missing_or_invalid
a09_6000_6800,C-all,10000785,13626,250,264,15,source_missing_or_invalid
a09_6000_6800,C-all,10000786,14407,250,293,44,source_missing_or_invalid
a09_6000_6800,C-all,10000787,14502,250,255,6,source_missing_or_invalid
a09_6000_6800,C-all,10000788,14520,250,253,4,source_missing_or_invalid
a09_6000_6800,C-all,10000789,14526,250,253,4,source_missing_or_invalid
a09_6000_6800,C-all,10000790,11690,251,251,1,source_missing_or_invalid
a09_6000_6800,C-all,10000791,13750,251,269,19,source_missing_or_invalid
a09_6000_6800,C-all,10000792,13877,251,260,10,source_missing_or_invalid
a09_6000_6800,C-all,10000793,14543,251,253,3,source_missing_or_invalid
a09_6000_6800,C-all,10000794,14564,251,253,3,source_missing_or_invalid
a09_6000_6800,C-all,10000795,8589,252,291,40,source_missing_or_invalid
a09_6000_6800,C-all,10000796,14277,252,256,5,source_missing_or_invalid
a09_6000_6800,C-all,10000797,14583,252,258,7,source_missing_or_invalid
a09_6000_6800,C-all,10000798,14585,252,262,11,source_missing_or_invalid
a09_6000_6800,C-all,10000799,12354,253,255,3,source_missing_or_invalid
a09_6000_6800,C-all,10000800,14507,253,253,1,source_missing_or_invalid
a09_6000_6800,C-all,10000801,14597,253,253,1,source_missing_or_invalid
a09_6000_6800,C-all,10000802,14638,253,253,1,source_missing_or_invalid
a09_6000_6800,C-all,10000803,14643,253,253,1,source_missing_or_invalid
a09_6000_6800,C-all,10000804,14647,253,399,147,window_end_or_source_end
a09_6000_6800,C-all,10000805,14651,253,381,129,source_missing_or_invalid
a09_6000_6800,C-all,10000806,14653,253,254,2,source_missing_or_invalid
a09_6000_6800,C-all,10000807,14377,254,332,79,source_missing_or_invalid
a09_6000_6800,C-all,10000808,14616,254,254,1,source_missing_or_invalid
a09_6000_6800,C-all,10000809,14664,254,257,4,source_missing_or_invalid
a09_6000_6800,C-all,10000810,14679,254,260,7,source_missing_or_invalid
a09_6000_6800,C-all,10000811,14690,254,271,18,source_missing_or_invalid
a09_6000_6800,C-all,10000812,14691,254,399,146,window_end_or_source_end
a09_6000_6800,C-all,10000813,14693,254,255,2,source_missing_or_invalid
a09_6000_6800,C-all,10000814,14695,254,381,128,source_missing_or_invalid
a09_6000_6800,C-all,10000815,14179,255,261,7,source_missing_or_invalid
a09_6000_6800,C-all,10000816,14725,255,260,6,source_missing_or_invalid
a09_6000_6800,C-all,10000817,14741,255,255,1,source_missing_or_invalid
a09_6000_6800,C-all,10000818,14745,255,262,8,source_missing_or_invalid
a09_6000_6800,C-all,10000819,14746,255,275,21,source_missing_or_invalid
a09_6000_6800,C-all,10000820,14749,255,271,17,source_missing_or_invalid
a09_6000_6800,C-all,10000821,14784,256,257,2,source_missing_or_invalid
a09_6000_6800,C-all,10000822,14786,256,382,127,source_missing_or_invalid
a09_6000_6800,C-all,10000823,14789,256,301,46,source_missing_or_invalid
a09_6000_6800,C-all,10000824,14791,256,349,94,source_missing_or_invalid
a09_6000_6800,C-all,10000825,14813,257,259,3,source_missing_or_invalid
a09_6000_6800,C-all,10000826,14814,257,257,1,source_missing_or_invalid
a09_6000_6800,C-all,10000827,14277,258,264,7,source_missing_or_invalid
a09_6000_6800,C-all,10000828,14529,258,258,1,source_missing_or_invalid
a09_6000_6800,C-all,10000829,14643,258,258,1,source_missing_or_invalid
a09_6000_6800,C-all,10000830,14853,258,259,2,source_missing_or_invalid
a09_6000_6800,C-all,10000831,14857,258,318,61,source_missing_or_invalid
a09_6000_6800,C-all,10000832,14867,258,262,5,source_missing_or_invalid
a09_6000_6800,C-all,10000833,14868,258,290,33,source_missing_or_invalid
a09_6000_6800,C-all,10000834,14873,258,275,18,source_missing_or_invalid
a09_6000_6800,C-all,10000835,14875,258,278,21,source_missing_or_invalid
a09_6000_6800,C-all,10000836,14879,259,259,1,source_missing_or_invalid
a09_6000_6800,C-all,10000837,14915,259,259,1,source_missing_or_invalid
a09_6000_6800,C-all,10000838,14921,259,345,87,source_missing_or_invalid
a09_6000_6800,C-all,10000839,14922,259,260,2,source_missing_or_invalid
a09_6000_6800,C-all,10000840,14923,259,260,2,source_missing_or_invalid
a09_6000_6800,C-all,10000841,14925,259,318,60,source_missing_or_invalid
a09_6000_6800,C-all,10000842,9209,260,272,13,source_missing_or_invalid
a09_6000_6800,C-all,10000843,14931,260,261,2,source_missing_or_invalid
a09_6000_6800,C-all,10000844,14943,260,299,40,source_missing_or_invalid
a09_6000_6800,C-all,10000845,14948,260,260,1,source_missing_or_invalid
a09_6000_6800,C-all,10000846,14956,260,286,27,source_missing_or_invalid
a09_6000_6800,C-all,10000847,14155,261,262,2,source_missing_or_invalid
a09_6000_6800,C-all,10000848,14972,261,263,3,source_missing_or_invalid
a09_6000_6800,C-all,10000849,14988,261,261,1,source_missing_or_invalid
a09_6000_6800,C-all,10000850,14996,261,261,1,source_missing_or_invalid
a09_6000_6800,C-all,10000851,14997,261,265,5,source_missing_or_invalid
a09_6000_6800,C-all,10000852,15004,261,305,45,source_missing_or_invalid
a09_6000_6800,C-all,10000853,10374,262,344,83,source_missing_or_invalid
a09_6000_6800,C-all,10000854,15008,262,263,2,source_missing_or_invalid
a09_6000_6800,C-all,10000855,15026,262,285,24,source_missing_or_invalid
a09_6000_6800,C-all,10000856,15037,262,264,3,source_missing_or_invalid
a09_6000_6800,C-all,10000857,15042,262,275,14,source_missing_or_invalid
a09_6000_6800,C-all,10000858,9260,263,291,29,source_missing_or_invalid
a09_6000_6800,C-all,10000859,15050,263,264,2,source_missing_or_invalid
a09_6000_6800,C-all,10000860,15059,263,267,5,source_missing_or_invalid
a09_6000_6800,C-all,10000861,15062,263,265,3,source_missing_or_invalid
a09_6000_6800,C-all,10000862,14155,264,266,3,source_missing_or_invalid
a09_6000_6800,C-all,10000863,14719,264,264,1,source_missing_or_invalid
a09_6000_6800,C-all,10000864,15103,264,265,2,source_missing_or_invalid
a09_6000_6800,C-all,10000865,15107,264,264,1,source_missing_or_invalid
a09_6000_6800,C-all,10000866,15114,264,289,26,source_missing_or_invalid
a09_6000_6800,C-all,10000867,15116,264,269,6,source_missing_or_invalid
a09_6000_6800,C-all,10000868,15123,264,370,107,source_missing_or_invalid
a09_6000_6800,C-all,10000869,15130,264,399,136,window_end_or_source_end
a09_6000_6800,C-all,10000870,15135,264,266,3,source_missing_or_invalid
a09_6000_6800,C-all,10000871,15149,265,270,6,source_missing_or_invalid
a09_6000_6800,C-all,10000872,15153,265,267,3,source_missing_or_invalid
a09_6000_6800,C-all,10000873,15158,265,270,6,source_missing_or_invalid
a09_6000_6800,C-all,10000874,15165,265,271,7,source_missing_or_invalid
a09_6000_6800,C-all,10000875,15168,265,277,13,source_missing_or_invalid
a09_6000_6800,C-all,10000876,15176,265,328,64,source_missing_or_invalid
a09_6000_6800,C-all,10000877,14719,266,270,5,source_missing_or_invalid
a09_6000_6800,C-all,10000878,15184,266,275,10,source_missing_or_invalid
a09_6000_6800,C-all,10000879,15208,266,267,2,source_missing_or_invalid
a09_6000_6800,C-all,10000880,15211,266,266,1,source_missing_or_invalid
a09_6000_6800,C-all,10000881,15212,266,279,14,source_missing_or_invalid
a09_6000_6800,C-all,10000882,11119,267,274,8,source_missing_or_invalid
a09_6000_6800,C-all,10000883,14035,267,267,1,source_missing_or_invalid
a09_6000_6800,C-all,10000884,15222,267,268,2,source_missing_or_invalid
a09_6000_6800,C-all,10000885,15235,267,271,5,source_missing_or_invalid
a09_6000_6800,C-all,10000886,15239,267,287,21,source_missing_or_invalid
a09_6000_6800,C-all,10000887,15240,267,267,1,source_missing_or_invalid
a09_6000_6800,C-all,10000888,15244,267,362,96,source_missing_or_invalid
a09_6000_6800,C-all,10000889,15250,267,399,133,window_end_or_source_end
a09_6000_6800,C-all,10000890,15254,267,338,72,source_missing_or_invalid
a09_6000_6800,C-all,10000891,9730,268,310,43,source_missing_or_invalid
a09_6000_6800,C-all,10000892,14155,268,340,73,source_missing_or_invalid
a09_6000_6800,C-all,10000893,15062,268,268,1,source_missing_or_invalid
a09_6000_6800,C-all,10000894,15276,268,273,6,source_missing_or_invalid
a09_6000_6800,C-all,10000895,15285,268,283,16,source_missing_or_invalid
a09_6000_6800,C-all,10000896,15288,268,301,34,source_missing_or_invalid
a09_6000_6800,C-all,10000897,15294,269,270,2,source_missing_or_invalid
a09_6000_6800,C-all,10000898,15296,269,270,2,source_missing_or_invalid
a09_6000_6800,C-all,10000899,15303,269,269,1,source_missing_or_invalid
a09_6000_6800,C-all,10000900,15311,269,399,131,window_end_or_source_end
a09_6000_6800,C-all,10000901,15314,269,277,9,source_missing_or_invalid
a09_6000_6800,C-all,10000902,15315,269,276,8,source_missing_or_invalid
a09_6000_6800,C-all,10000903,14408,270,398,129,source_missing_or_invalid
a09_6000_6800,C-all,10000904,15326,270,272,3,source_missing_or_invalid
a09_6000_6800,C-all,10000905,15331,270,272,3,source_missing_or_invalid
a09_6000_6800,C-all,10000906,15339,270,270,1,source_missing_or_invalid
a09_6000_6800,C-all,10000907,15344,270,272,3,source_missing_or_invalid
a09_6000_6800,C-all,10000908,15356,270,270,1,source_missing_or_invalid
a09_6000_6800,C-all,10000909,15380,271,271,1,source_missing_or_invalid
a09_6000_6800,C-all,10000910,15383,271,273,3,source_missing_or_invalid
a09_6000_6800,C-all,10000911,15385,271,271,1,source_missing_or_invalid
a09_6000_6800,C-all,10000912,15387,271,273,3,source_missing_or_invalid
a09_6000_6800,C-all,10000913,15388,271,271,1,source_missing_or_invalid
a09_6000_6800,C-all,10000914,15393,271,271,1,source_missing_or_invalid
a09_6000_6800,C-all,10000915,15179,272,274,3,source_missing_or_invalid
a09_6000_6800,C-all,10000916,15296,272,272,1,source_missing_or_invalid
a09_6000_6800,C-all,10000917,15399,272,273,2,source_missing_or_invalid
a09_6000_6800,C-all,10000918,15419,272,287,16,source_missing_or_invalid
a09_6000_6800,C-all,10000919,15423,272,321,50,source_missing_or_invalid
a09_6000_6800,C-all,10000920,15149,273,275,3,source_missing_or_invalid
a09_6000_6800,C-all,10000921,15425,273,273,1,source_missing_or_invalid
a09_6000_6800,C-all,10000922,15436,273,273,1,source_missing_or_invalid
a09_6000_6800,C-all,10000923,15439,273,292,20,source_missing_or_invalid
a09_6000_6800,C-all,10000924,15441,273,273,1,source_missing_or_invalid
a09_6000_6800,C-all,10000925,15443,273,279,7,source_missing_or_invalid
a09_6000_6800,C-all,10000926,15447,273,279,7,source_missing_or_invalid
a09_6000_6800,C-all,10000927,15453,273,312,40,source_missing_or_invalid
a09_6000_6800,C-all,10000928,15456,273,274,2,source_missing_or_invalid
a09_6000_6800,C-all,10000929,15459,273,277,5,source_missing_or_invalid
a09_6000_6800,C-all,10000930,15466,273,326,54,source_missing_or_invalid
a09_6000_6800,C-all,10000931,15296,274,276,3,source_missing_or_invalid
a09_6000_6800,C-all,10000932,15469,274,278,5,source_missing_or_invalid
a09_6000_6800,C-all,10000933,15473,274,296,23,source_missing_or_invalid
a09_6000_6800,C-all,10000934,15475,274,276,3,source_missing_or_invalid
a09_6000_6800,C-all,10000935,15479,274,274,1,source_missing_or_invalid
a09_6000_6800,C-all,10000936,15481,274,399,126,window_end_or_source_end
a09_6000_6800,C-all,10000937,15494,274,323,50,source_missing_or_invalid
a09_6000_6800,C-all,10000938,15496,274,327,54,source_missing_or_invalid
a09_6000_6800,C-all,10000939,15383,275,338,64,source_missing_or_invalid
a09_6000_6800,C-all,10000940,15502,275,276,2,source_missing_or_invalid
a09_6000_6800,C-all,10000941,15508,275,276,2,source_missing_or_invalid
a09_6000_6800,C-all,10000942,15517,275,305,31,source_missing_or_invalid
a09_6000_6800,C-all,10000943,15532,275,286,12,source_missing_or_invalid
a09_6000_6800,C-all,10000944,15467,276,276,1,source_missing_or_invalid
a09_6000_6800,C-all,10000945,15533,276,286,11,source_missing_or_invalid
a09_6000_6800,C-all,10000946,15535,276,277,2,source_missing_or_invalid
a09_6000_6800,C-all,10000947,15550,276,278,3,source_missing_or_invalid
a09_6000_6800,C-all,10000948,15553,276,278,3,source_missing_or_invalid
a09_6000_6800,C-all,10000949,15558,276,276,1,source_missing_or_invalid
a09_6000_6800,C-all,10000950,15561,276,281,6,source_missing_or_invalid
a09_6000_6800,C-all,10000951,15563,276,399,124,window_end_or_source_end
a09_6000_6800,C-all,10000952,12804,277,284,8,source_missing_or_invalid
a09_6000_6800,C-all,10000953,15149,277,280,4,source_missing_or_invalid
a09_6000_6800,C-all,10000954,15425,277,287,11,source_missing_or_invalid
a09_6000_6800,C-all,10000955,15570,277,277,1,source_missing_or_invalid
a09_6000_6800,C-all,10000956,15575,277,277,1,source_missing_or_invalid
a09_6000_6800,C-all,10000957,15580,277,318,42,source_missing_or_invalid
a09_6000_6800,C-all,10000958,15582,277,399,123,window_end_or_source_end
a09_6000_6800,C-all,10000959,15588,277,277,1,source_missing_or_invalid
a09_6000_6800,C-all,10000960,15589,277,286,10,source_missing_or_invalid
a09_6000_6800,C-all,10000961,15590,277,375,99,source_missing_or_invalid
a09_6000_6800,C-all,10000962,15296,278,293,16,source_missing_or_invalid
a09_6000_6800,C-all,10000963,15604,278,357,80,source_missing_or_invalid
a09_6000_6800,C-all,10000964,15606,278,294,17,source_missing_or_invalid
a09_6000_6800,C-all,10000965,15609,278,314,37,source_missing_or_invalid
a09_6000_6800,C-all,10000966,11119,279,327,49,source_missing_or_invalid
a09_6000_6800,C-all,10000967,14597,279,284,6,source_missing_or_invalid
a09_6000_6800,C-all,10000968,15184,279,279,1,source_missing_or_invalid
a09_6000_6800,C-all,10000969,15279,279,322,44,source_missing_or_invalid
a09_6000_6800,C-all,10000970,15459,279,279,1,source_missing_or_invalid
a09_6000_6800,C-all,10000971,15467,279,284,6,source_missing_or_invalid
a09_6000_6800,C-all,10000972,15620,279,286,8,source_missing_or_invalid
a09_6000_6800,C-all,10000973,15621,279,279,1,source_missing_or_invalid
a09_6000_6800,C-all,10000974,15623,279,302,24,source_missing_or_invalid
a09_6000_6800,C-all,10000975,15624,279,289,11,source_missing_or_invalid
a09_6000_6800,C-all,10000976,15626,279,286,8,source_missing_or_invalid
a09_6000_6800,C-all,10000977,15629,279,300,22,source_missing_or_invalid
a09_6000_6800,C-all,10000978,15631,279,302,24,source_missing_or_invalid
a09_6000_6800,C-all,10000979,15633,279,399,121,window_end_or_source_end
a09_6000_6800,C-all,10000980,15637,279,294,16,source_missing_or_invalid
a09_6000_6800,C-all,10000981,15642,279,281,3,source_missing_or_invalid
a09_6000_6800,C-all,10000982,15650,280,284,5,source_missing_or_invalid
a09_6000_6800,C-all,10000983,15662,280,286,7,source_missing_or_invalid
a09_6000_6800,C-all,10000984,15689,281,330,50,source_missing_or_invalid
a09_6000_6800,C-all,10000985,14483,282,283,2,source_missing_or_invalid
a09_6000_6800,C-all,10000986,14596,282,330,49,source_missing_or_invalid
a09_6000_6800,C-all,10000987,15584,282,362,81,source_missing_or_invalid
a09_6000_6800,C-all,10000988,15701,282,399,118,window_end_or_source_end
a09_6000_6800,C-all,10000989,15710,282,283,2,source_missing_or_invalid
a09_6000_6800,C-all,10000990,15712,282,337,56,source_missing_or_invalid
a09_6000_6800,C-all,10000991,13126,283,307,25,source_missing_or_invalid
a09_6000_6800,C-all,10000992,14855,283,306,24,source_missing_or_invalid
a09_6000_6800,C-all,10000993,15541,283,284,2,source_missing_or_invalid
a09_6000_6800,C-all,10000994,15726,283,283,1,source_missing_or_invalid
a09_6000_6800,C-all,10000995,15556,284,351,68,source_missing_or_invalid
a09_6000_6800,C-all,10000996,15738,284,285,2,source_missing_or_invalid
a09_6000_6800,C-all,10000997,15743,284,286,3,source_missing_or_invalid
a09_6000_6800,C-all,10000998,15745,284,295,12,source_missing_or_invalid
a09_6000_6800,C-all,10000999,15184,285,285,1,source_missing_or_invalid
a09_6000_6800,C-all,10001000,15726,285,308,24,source_missing_or_invalid
a09_6000_6800,C-all,10001001,15755,285,329,45,source_missing_or_invalid
a09_6000_6800,C-all,10001002,15759,285,311,27,source_missing_or_invalid
a09_6000_6800,C-all,10001003,15767,285,384,100,source_missing_or_invalid
a09_6000_6800,C-all,10001004,15769,285,343,59,source_missing_or_invalid
a09_6000_6800,C-all,10001005,15786,286,399,114,window_end_or_source_end
a09_6000_6800,C-all,10001006,12402,287,290,4,source_missing_or_invalid
a09_6000_6800,C-all,10001007,15793,287,288,2,source_missing_or_invalid
a09_6000_6800,C-all,10001008,15796,287,294,8,source_missing_or_invalid
a09_6000_6800,C-all,10001009,15801,287,287,1,source_missing_or_invalid
a09_6000_6800,C-all,10001010,15811,287,399,113,window_end_or_source_end
a09_6000_6800,C-all,10001011,15815,287,399,113,window_end_or_source_end
a09_6000_6800,C-all,10001012,15816,287,343,57,source_missing_or_invalid
a09_6000_6800,C-all,10001013,15818,287,399,113,window_end_or_source_end
a09_6000_6800,C-all,10001014,13019,288,295,8,source_missing_or_invalid
a09_6000_6800,C-all,10001015,15541,288,289,2,source_missing_or_invalid
a09_6000_6800,C-all,10001016,15841,288,399,112,window_end_or_source_end
a09_6000_6800,C-all,10001017,14956,289,289,1,source_missing_or_invalid
a09_6000_6800,C-all,10001018,15846,289,293,5,source_missing_or_invalid
a09_6000_6800,C-all,10001019,15850,289,320,32,source_missing_or_invalid
a09_6000_6800,C-all,10001020,15860,289,291,3,source_missing_or_invalid
a09_6000_6800,C-all,10001021,15866,289,293,5,source_missing_or_invalid
a09_6000_6800,C-all,10001022,15869,289,399,111,window_end_or_source_end
a09_6000_6800,C-all,10001023,15877,290,292,3,source_missing_or_invalid
a09_6000_6800,C-all,10001024,15882,290,290,1,source_missing_or_invalid
a09_6000_6800,C-all,10001025,15886,290,302,13,source_missing_or_invalid
a09_6000_6800,C-all,10001026,15888,290,398,109,source_missing_or_invalid
a09_6000_6800,C-all,10001027,15897,290,350,61,source_missing_or_invalid
a09_6000_6800,C-all,10001028,15900,290,311,22,source_missing_or_invalid
a09_6000_6800,C-all,10001029,15912,291,291,1,source_missing_or_invalid
a09_6000_6800,C-all,10001030,15914,291,291,1,source_missing_or_invalid
a09_6000_6800,C-all,10001031,15915,291,295,5,source_missing_or_invalid
a09_6000_6800,C-all,10001032,15918,291,303,13,source_missing_or_invalid
a09_6000_6800,C-all,10001033,15922,291,293,3,source_missing_or_invalid
a09_6000_6800,C-all,10001034,15925,291,292,2,source_missing_or_invalid
a09_6000_6800,C-all,10001035,15926,291,294,4,source_missing_or_invalid
a09_6000_6800,C-all,10001036,9788,292,331,40,source_missing_or_invalid
a09_6000_6800,C-all,10001037,14846,292,292,1,source_missing_or_invalid
a09_6000_6800,C-all,10001038,15929,292,292,1,source_missing_or_invalid
a09_6000_6800,C-all,10001039,15933,292,338,47,source_missing_or_invalid
a09_6000_6800,C-all,10001040,15936,292,292,1,source_missing_or_invalid
a09_6000_6800,C-all,10001041,15940,292,292,1,source_missing_or_invalid
a09_6000_6800,C-all,10001042,15944,292,306,15,source_missing_or_invalid
a09_6000_6800,C-all,10001043,15960,293,300,8,source_missing_or_invalid
a09_6000_6800,C-all,10001044,15965,293,399,107,window_end_or_source_end
a09_6000_6800,C-all,10001045,15969,293,293,1,source_missing_or_invalid
a09_6000_6800,C-all,10001046,15970,293,399,107,window_end_or_source_end
a09_6000_6800,C-all,10001047,15972,293,318,26,source_missing_or_invalid
a09_6000_6800,C-all,10001048,11529,294,332,39,source_missing_or_invalid
a09_6000_6800,C-all,10001049,14846,294,294,1,source_missing_or_invalid
a09_6000_6800,C-all,10001050,15182,294,299,6,source_missing_or_invalid
a09_6000_6800,C-all,10001051,15459,294,399,106,window_end_or_source_end
a09_6000_6800,C-all,10001052,15982,294,294,1,source_missing_or_invalid
a09_6000_6800,C-all,10001053,15988,294,399,106,window_end_or_source_end
a09_6000_6800,C-all,10001054,15995,294,296,3,source_missing_or_invalid
a09_6000_6800,C-all,10001055,16002,295,306,12,source_missing_or_invalid
a09_6000_6800,C-all,10001056,16024,295,399,105,window_end_or_source_end
a09_6000_6800,C-all,10001057,14846,296,371,76,source_missing_or_invalid
a09_6000_6800,C-all,10001058,15541,296,301,6,source_missing_or_invalid
a09_6000_6800,C-all,10001059,16033,296,298,3,source_missing_or_invalid
a09_6000_6800,C-all,10001060,16034,296,296,1,source_missing_or_invalid
a09_6000_6800,C-all,10001061,16035,296,338,43,source_missing_or_invalid
a09_6000_6800,C-all,10001062,16040,296,355,60,source_missing_or_invalid
a09_6000_6800,C-all,10001063,16042,296,337,42,source_missing_or_invalid
a09_6000_6800,C-all,10001064,16047,296,360,65,source_missing_or_invalid
a09_6000_6800,C-all,10001065,16051,296,399,104,window_end_or_source_end
a09_6000_6800,C-all,10001066,16052,296,394,99,source_missing_or_invalid
a09_6000_6800,C-all,10001067,16053,297,297,1,source_missing_or_invalid
a09_6000_6800,C-all,10001068,16054,297,297,1,source_missing_or_invalid
a09_6000_6800,C-all,10001069,16062,297,364,68,source_missing_or_invalid
a09_6000_6800,C-all,10001070,16065,297,313,17,source_missing_or_invalid
a09_6000_6800,C-all,10001071,16069,297,299,3,source_missing_or_invalid
a09_6000_6800,C-all,10001072,16070,297,399,103,window_end_or_source_end
a09_6000_6800,C-all,10001073,16075,298,365,68,source_missing_or_invalid
a09_6000_6800,C-all,10001074,16076,298,299,2,source_missing_or_invalid
a09_6000_6800,C-all,10001075,16089,298,301,4,source_missing_or_invalid
a09_6000_6800,C-all,10001076,16096,299,316,18,source_missing_or_invalid
a09_6000_6800,C-all,10001077,16099,299,328,30,source_missing_or_invalid
a09_6000_6800,C-all,10001078,16105,299,300,2,source_missing_or_invalid
a09_6000_6800,C-all,10001079,16111,299,340,42,source_missing_or_invalid
a09_6000_6800,C-all,10001080,13342,300,304,5,source_missing_or_invalid
a09_6000_6800,C-all,10001081,15715,300,304,5,source_missing_or_invalid
a09_6000_6800,C-all,10001082,16113,300,300,1,source_missing_or_invalid
a09_6000_6800,C-all,10001083,11644,301,330,30,source_missing_or_invalid
a09_6000_6800,C-all,10001084,15595,301,334,34,source_missing_or_invalid
a09_6000_6800,C-all,10001085,16129,301,304,4,source_missing_or_invalid
a09_6000_6800,C-all,10001086,16131,301,301,1,source_missing_or_invalid
a09_6000_6800,C-all,10001087,16136,301,302,2,source_missing_or_invalid
a09_6000_6800,C-all,10001088,16141,301,301,1,source_missing_or_invalid
a09_6000_6800,C-all,10001089,16143,301,301,1,source_missing_or_invalid
a09_6000_6800,C-all,10001090,16145,301,399,99,window_end_or_source_end
a09_6000_6800,C-all,10001091,15807,302,326,25,source_missing_or_invalid
a09_6000_6800,C-all,10001092,16150,302,315,14,source_missing_or_invalid
a09_6000_6800,C-all,10001093,16151,302,307,6,source_missing_or_invalid
a09_6000_6800,C-all,10001094,16152,302,308,7,source_missing_or_invalid
a09_6000_6800,C-all,10001095,16153,302,362,61,source_missing_or_invalid
a09_6000_6800,C-all,10001096,16155,302,399,98,window_end_or_source_end
a09_6000_6800,C-all,10001097,16157,302,380,79,source_missing_or_invalid
a09_6000_6800,C-all,10001098,16158,302,316,15,source_missing_or_invalid
a09_6000_6800,C-all,10001099,16172,303,307,5,source_missing_or_invalid
a09_6000_6800,C-all,10001100,16182,304,305,2,source_missing_or_invalid
a09_6000_6800,C-all,10001101,16185,304,307,4,source_missing_or_invalid
a09_6000_6800,C-all,10001102,16192,304,317,14,source_missing_or_invalid
a09_6000_6800,C-all,10001103,15945,305,322,18,source_missing_or_invalid
a09_6000_6800,C-all,10001104,16199,305,306,2,source_missing_or_invalid
a09_6000_6800,C-all,10001105,16202,305,352,48,source_missing_or_invalid
a09_6000_6800,C-all,10001106,16205,305,308,4,source_missing_or_invalid
a09_6000_6800,C-all,10001107,16207,305,399,95,window_end_or_source_end
a09_6000_6800,C-all,10001108,16211,305,341,37,source_missing_or_invalid
a09_6000_6800,C-all,10001109,15790,306,399,94,window_end_or_source_end
a09_6000_6800,C-all,10001110,16221,306,307,2,source_missing_or_invalid
a09_6000_6800,C-all,10001111,16224,306,385,80,source_missing_or_invalid
a09_6000_6800,C-all,10001112,16226,306,382,77,source_missing_or_invalid
a09_6000_6800,C-all,10001113,16228,306,399,94,window_end_or_source_end
a09_6000_6800,C-all,10001114,16235,307,310,4,source_missing_or_invalid
a09_6000_6800,C-all,10001115,16236,307,311,5,source_missing_or_invalid
a09_6000_6800,C-all,10001116,16237,307,307,1,source_missing_or_invalid
a09_6000_6800,C-all,10001117,16244,307,310,4,source_missing_or_invalid
a09_6000_6800,C-all,10001118,16253,308,309,2,source_missing_or_invalid
a09_6000_6800,C-all,10001119,16259,308,308,1,source_missing_or_invalid
a09_6000_6800,C-all,10001120,16261,308,338,31,source_missing_or_invalid
a09_6000_6800,C-all,10001121,16264,308,313,6,source_missing_or_invalid
a09_6000_6800,C-all,10001122,16151,309,309,1,source_missing_or_invalid
a09_6000_6800,C-all,10001123,16268,309,309,1,source_missing_or_invalid
a09_6000_6800,C-all,10001124,16274,309,312,4,source_missing_or_invalid
a09_6000_6800,C-all,10001125,16279,309,309,1,source_missing_or_invalid
a09_6000_6800,C-all,10001126,16281,309,362,54,source_missing_or_invalid
a09_6000_6800,C-all,10001127,16282,309,363,55,source_missing_or_invalid
a09_6000_6800,C-all,10001128,16291,309,387,79,source_missing_or_invalid
a09_6000_6800,C-all,10001129,16296,310,399,90,window_end_or_source_end
a09_6000_6800,C-all,10001130,16299,310,399,90,window_end_or_source_end
a09_6000_6800,C-all,10001131,16302,310,368,59,source_missing_or_invalid
a09_6000_6800,C-all,10001132,16304,310,359,50,source_missing_or_invalid
a09_6000_6800,C-all,10001133,14964,311,326,16,source_missing_or_invalid
a09_6000_6800,C-all,10001134,15726,311,327,17,source_missing_or_invalid
a09_6000_6800,C-all,10001135,16312,311,365,55,source_missing_or_invalid
a09_6000_6800,C-all,10001136,16317,312,313,2,source_missing_or_invalid
a09_6000_6800,C-all,10001137,16319,312,315,4,source_missing_or_invalid
a09_6000_6800,C-all,10001138,16327,312,315,4,source_missing_or_invalid
a09_6000_6800,C-all,10001139,16332,312,319,8,source_missing_or_invalid
a09_6000_6800,C-all,10001140,16288,313,315,3,source_missing_or_invalid
a09_6000_6800,C-all,10001141,16337,313,318,6,source_missing_or_invalid
a09_6000_6800,C-all,10001142,16341,313,372,60,source_missing_or_invalid
a09_6000_6800,C-all,10001143,16343,313,336,24,source_missing_or_invalid
a09_6000_6800,C-all,10001144,16345,313,324,12,source_missing_or_invalid
a09_6000_6800,C-all,10001145,16346,313,327,15,source_missing_or_invalid
a09_6000_6800,C-all,10001146,16347,313,330,18,source_missing_or_invalid
a09_6000_6800,C-all,10001147,16348,313,399,87,window_end_or_source_end
a09_6000_6800,C-all,10001148,16351,313,328,16,source_missing_or_invalid
a09_6000_6800,C-all,10001149,16354,313,313,1,source_missing_or_invalid
a09_6000_6800,C-all,10001150,16342,314,321,8,source_missing_or_invalid
a09_6000_6800,C-all,10001151,16364,314,382,69,source_missing_or_invalid
a09_6000_6800,C-all,10001152,16369,314,368,55,source_missing_or_invalid
a09_6000_6800,C-all,10001153,13786,315,316,2,source_missing_or_invalid
a09_6000_6800,C-all,10001154,14256,315,315,1,source_missing_or_invalid
a09_6000_6800,C-all,10001155,15919,315,321,7,source_missing_or_invalid
a09_6000_6800,C-all,10001156,16374,315,315,1,source_missing_or_invalid
a09_6000_6800,C-all,10001157,16375,315,328,14,source_missing_or_invalid
a09_6000_6800,C-all,10001158,15821,316,326,11,source_missing_or_invalid
a09_6000_6800,C-all,10001159,16001,316,363,48,source_missing_or_invalid
a09_6000_6800,C-all,10001160,16389,316,382,67,source_missing_or_invalid
a09_6000_6800,C-all,10001161,16390,316,317,2,source_missing_or_invalid
a09_6000_6800,C-all,10001162,16399,316,331,16,source_missing_or_invalid
a09_6000_6800,C-all,10001163,16400,316,399,84,window_end_or_source_end
a09_6000_6800,C-all,10001164,16319,317,318,2,source_missing_or_invalid
a09_6000_6800,C-all,10001165,16382,317,322,6,source_missing_or_invalid
a09_6000_6800,C-all,10001166,16403,317,320,4,source_missing_or_invalid
a09_6000_6800,C-all,10001167,16410,317,322,6,source_missing_or_invalid
a09_6000_6800,C-all,10001168,16415,317,387,71,source_missing_or_invalid
a09_6000_6800,C-all,10001169,16416,318,384,67,source_missing_or_invalid
a09_6000_6800,C-all,10001170,16419,318,320,3,source_missing_or_invalid
a09_6000_6800,C-all,10001171,16424,318,318,1,source_missing_or_invalid
a09_6000_6800,C-all,10001172,14256,319,319,1,source_missing_or_invalid
a09_6000_6800,C-all,10001173,16192,319,319,1,source_missing_or_invalid
a09_6000_6800,C-all,10001174,16429,319,320,2,source_missing_or_invalid
a09_6000_6800,C-all,10001175,16432,319,354,36,source_missing_or_invalid
a09_6000_6800,C-all,10001176,16433,319,399,81,window_end_or_source_end
a09_6000_6800,C-all,10001177,16439,320,347,28,source_missing_or_invalid
a09_6000_6800,C-all,10001178,16441,320,325,6,source_missing_or_invalid
a09_6000_6800,C-all,10001179,16442,320,336,17,source_missing_or_invalid
a09_6000_6800,C-all,10001180,16445,320,320,1,source_missing_or_invalid
a09_6000_6800,C-all,10001181,14256,321,321,1,source_missing_or_invalid
a09_6000_6800,C-all,10001182,16450,321,340,20,source_missing_or_invalid
a09_6000_6800,C-all,10001183,13724,322,323,2,source_missing_or_invalid
a09_6000_6800,C-all,10001184,16458,322,322,1,source_missing_or_invalid
a09_6000_6800,C-all,10001185,16464,322,325,4,source_missing_or_invalid
a09_6000_6800,C-all,10001186,16468,322,327,6,source_missing_or_invalid
a09_6000_6800,C-all,10001187,16471,322,351,30,source_missing_or_invalid
a09_6000_6800,C-all,10001188,14063,323,344,22,source_missing_or_invalid
a09_6000_6800,C-all,10001189,16342,323,343,21,source_missing_or_invalid
a09_6000_6800,C-all,10001190,16485,323,386,64,source_missing_or_invalid
a09_6000_6800,C-all,10001191,16486,323,355,33,source_missing_or_invalid
a09_6000_6800,C-all,10001192,16488,324,329,6,source_missing_or_invalid
a09_6000_6800,C-all,10001193,16499,324,325,2,source_missing_or_invalid
a09_6000_6800,C-all,10001194,16500,324,324,1,source_missing_or_invalid
a09_6000_6800,C-all,10001195,13724,325,325,1,source_missing_or_invalid
a09_6000_6800,C-all,10001196,15629,325,399,75,window_end_or_source_end
a09_6000_6800,C-all,10001197,16472,325,325,1,source_missing_or_invalid
a09_6000_6800,C-all,10001198,16502,325,329,5,source_missing_or_invalid
a09_6000_6800,C-all,10001199,14603,326,341,16,source_missing_or_invalid
a09_6000_6800,C-all,10001200,16517,326,328,3,source_missing_or_invalid
a09_6000_6800,C-all,10001201,16518,326,327,2,source_missing_or_invalid
a09_6000_6800,C-all,10001202,16520,326,328,3,source_missing_or_invalid
a09_6000_6800,C-all,10001203,16528,327,327,1,source_missing_or_invalid
a09_6000_6800,C-all,10001204,16535,327,399,73,window_end_or_source_end
a09_6000_6800,C-all,10001205,16538,327,392,66,source_missing_or_invalid
a09_6000_6800,C-all,10001206,16539,327,399,73,window_end_or_source_end
a09_6000_6800,C-all,10001207,10447,328,347,20,source_missing_or_invalid
a09_6000_6800,C-all,10001208,13724,328,328,1,source_missing_or_invalid
a09_6000_6800,C-all,10001209,16441,328,331,4,source_missing_or_invalid
a09_6000_6800,C-all,10001210,16472,328,328,1,source_missing_or_invalid
a09_6000_6800,C-all,10001211,16544,328,329,2,source_missing_or_invalid
a09_6000_6800,C-all,10001212,16548,329,329,1,source_missing_or_invalid
a09_6000_6800,C-all,10001213,16551,329,332,4,source_missing_or_invalid
a09_6000_6800,C-all,10001214,16554,329,341,13,source_missing_or_invalid
a09_6000_6800,C-all,10001215,16557,329,354,26,source_missing_or_invalid
a09_6000_6800,C-all,10001216,13724,330,330,1,source_missing_or_invalid
a09_6000_6800,C-all,10001217,16472,330,330,1,source_missing_or_invalid
a09_6000_6800,C-all,10001218,16558,330,331,2,source_missing_or_invalid
a09_6000_6800,C-all,10001219,16565,330,335,6,source_missing_or_invalid
a09_6000_6800,C-all,10001220,16568,330,332,3,source_missing_or_invalid
a09_6000_6800,C-all,10001221,15812,331,380,50,source_missing_or_invalid
a09_6000_6800,C-all,10001222,16320,331,353,23,source_missing_or_invalid
a09_6000_6800,C-all,10001223,16375,331,331,1,source_missing_or_invalid
a09_6000_6800,C-all,10001224,16572,331,373,43,source_missing_or_invalid
a09_6000_6800,C-all,10001225,16581,331,399,69,window_end_or_source_end
a09_6000_6800,C-all,10001226,16583,331,399,69,window_end_or_source_end
a09_6000_6800,C-all,10001227,16578,332,332,1,source_missing_or_invalid
a09_6000_6800,C-all,10001228,16584,332,332,1,source_missing_or_invalid
a09_6000_6800,C-all,10001229,16585,332,335,4,source_missing_or_invalid
a09_6000_6800,C-all,10001230,16590,332,365,34,source_missing_or_invalid
a09_6000_6800,C-all,10001231,9788,333,338,6,source_missing_or_invalid
a09_6000_6800,C-all,10001232,14303,333,347,15,source_missing_or_invalid
a09_6000_6800,C-all,10001233,16375,333,334,2,source_missing_or_invalid
a09_6000_6800,C-all,10001234,16399,333,334,2,source_missing_or_invalid
a09_6000_6800,C-all,10001235,16558,333,343,11,source_missing_or_invalid
a09_6000_6800,C-all,10001236,16596,333,393,61,source_missing_or_invalid
a09_6000_6800,C-all,10001237,16598,333,343,11,source_missing_or_invalid
a09_6000_6800,C-all,10001238,16441,334,399,66,window_end_or_source_end
a09_6000_6800,C-all,10001239,16578,334,334,1,source_missing_or_invalid
a09_6000_6800,C-all,10001240,16607,334,344,11,source_missing_or_invalid
a09_6000_6800,C-all,10001241,16608,334,399,66,window_end_or_source_end
a09_6000_6800,C-all,10001242,15476,335,370,36,source_missing_or_invalid
a09_6000_6800,C-all,10001243,16616,335,399,65,window_end_or_source_end
a09_6000_6800,C-all,10001244,16617,335,389,55,source_missing_or_invalid
a09_6000_6800,C-all,10001245,16578,336,336,1,source_missing_or_invalid
a09_6000_6800,C-all,10001246,16632,337,337,1,source_missing_or_invalid
a09_6000_6800,C-all,10001247,16636,337,399,63,window_end_or_source_end
a09_6000_6800,C-all,10001248,15289,338,399,62,window_end_or_source_end
a09_6000_6800,C-all,10001249,15517,338,341,4,source_missing_or_invalid
a09_6000_6800,C-all,10001250,16630,338,380,43,source_missing_or_invalid
a09_6000_6800,C-all,10001251,16646,338,399,62,window_end_or_source_end
a09_6000_6800,C-all,10001252,16647,338,361,24,source_missing_or_invalid
a09_6000_6800,C-all,10001253,16648,338,373,36,source_missing_or_invalid
a09_6000_6800,C-all,10001254,16375,339,340,2,source_missing_or_invalid
a09_6000_6800,C-all,10001255,16476,339,339,1,source_missing_or_invalid
a09_6000_6800,C-all,10001256,16652,339,347,9,source_missing_or_invalid
a09_6000_6800,C-all,10001257,16654,339,380,42,source_missing_or_invalid
a09_6000_6800,C-all,10001258,16655,339,376,38,source_missing_or_invalid
a09_6000_6800,C-all,10001259,16035,340,340,1,source_missing_or_invalid
a09_6000_6800,C-all,10001260,16671,340,344,5,source_missing_or_invalid
a09_6000_6800,C-all,10001261,14035,341,386,46,source_missing_or_invalid
a09_6000_6800,C-all,10001262,16672,341,341,1,source_missing_or_invalid
a09_6000_6800,C-all,10001263,16677,341,344,4,source_missing_or_invalid
a09_6000_6800,C-all,10001264,16681,341,399,59,window_end_or_source_end
a09_6000_6800,C-all,10001265,14332,342,343,2,source_missing_or_invalid
a09_6000_6800,C-all,10001266,16686,342,378,37,source_missing_or_invalid
a09_6000_6800,C-all,10001267,16554,343,344,2,source_missing_or_invalid
a09_6000_6800,C-all,10001268,16694,343,344,2,source_missing_or_invalid
a09_6000_6800,C-all,10001269,6928,344,348,5,source_missing_or_invalid
a09_6000_6800,C-all,10001270,16697,344,373,30,source_missing_or_invalid
a09_6000_6800,C-all,10001271,16699,344,344,1,source_missing_or_invalid
a09_6000_6800,C-all,10001272,16700,344,360,17,source_missing_or_invalid
a09_6000_6800,C-all,10001273,16701,344,345,2,source_missing_or_invalid
a09_6000_6800,C-all,10001274,16704,344,350,7,source_missing_or_invalid
a09_6000_6800,C-all,10001275,16706,344,399,56,window_end_or_source_end
a09_6000_6800,C-all,10001276,16709,344,344,1,source_missing_or_invalid
a09_6000_6800,C-all,10001277,14789,345,394,50,source_missing_or_invalid
a09_6000_6800,C-all,10001278,15713,345,399,55,window_end_or_source_end
a09_6000_6800,C-all,10001279,16714,345,399,55,window_end_or_source_end
a09_6000_6800,C-all,10001280,16715,345,399,55,window_end_or_source_end
a09_6000_6800,C-all,10001281,16716,345,348,4,source_missing_or_invalid
a09_6000_6800,C-all,10001282,16718,345,345,1,source_missing_or_invalid
a09_6000_6800,C-all,10001283,16554,346,359,14,source_missing_or_invalid
a09_6000_6800,C-all,10001284,16607,346,346,1,source_missing_or_invalid
a09_6000_6800,C-all,10001285,16722,346,347,2,source_missing_or_invalid
a09_6000_6800,C-all,10001286,11281,347,364,18,source_missing_or_invalid
a09_6000_6800,C-all,10001287,14921,347,347,1,source_missing_or_invalid
a09_6000_6800,C-all,10001288,16731,347,385,39,source_missing_or_invalid
a09_6000_6800,C-all,10001289,15356,348,349,2,source_missing_or_invalid
a09_6000_6800,C-all,10001290,16607,348,378,31,source_missing_or_invalid
a09_6000_6800,C-all,10001291,16734,348,357,10,source_missing_or_invalid
a09_6000_6800,C-all,10001292,14158,349,350,2,source_missing_or_invalid
a09_6000_6800,C-all,10001293,16545,349,352,4,source_missing_or_invalid
a09_6000_6800,C-all,10001294,16741,349,349,1,source_missing_or_invalid
a09_6000_6800,C-all,10001295,16742,349,366,18,source_missing_or_invalid
a09_6000_6800,C-all,10001296,16743,349,357,9,source_missing_or_invalid
a09_6000_6800,C-all,10001297,15949,350,380,31,source_missing_or_invalid
a09_6000_6800,C-all,10001298,16754,350,350,1,source_missing_or_invalid
a09_6000_6800,C-all,10001299,16756,350,399,50,window_end_or_source_end
a09_6000_6800,C-all,10001300,8851,351,351,1,source_missing_or_invalid
a09_6000_6800,C-all,10001301,16267,351,375,25,source_missing_or_invalid
a09_6000_6800,C-all,10001302,16759,351,399,49,window_end_or_source_end
a09_6000_6800,C-all,10001303,16760,351,354,4,source_missing_or_invalid
a09_6000_6800,C-all,10001304,16762,351,355,5,source_missing_or_invalid
a09_6000_6800,C-all,10001305,16763,351,351,1,source_missing_or_invalid
a09_6000_6800,C-all,10001306,16764,351,351,1,source_missing_or_invalid
a09_6000_6800,C-all,10001307,16767,351,352,2,source_missing_or_invalid
a09_6000_6800,C-all,10001308,16768,352,352,1,source_missing_or_invalid
a09_6000_6800,C-all,10001309,16770,352,355,4,source_missing_or_invalid
a09_6000_6800,C-all,10001310,16771,352,352,1,source_missing_or_invalid
a09_6000_6800,C-all,10001311,16775,352,352,1,source_missing_or_invalid
a09_6000_6800,C-all,10001312,14791,353,399,47,window_end_or_source_end
a09_6000_6800,C-all,10001313,16376,353,399,47,window_end_or_source_end
a09_6000_6800,C-all,10001314,14158,354,399,46,window_end_or_source_end
a09_6000_6800,C-all,10001315,16780,354,359,6,source_missing_or_invalid
a09_6000_6800,C-all,10001316,16782,354,364,11,source_missing_or_invalid
a09_6000_6800,C-all,10001317,16786,354,355,2,source_missing_or_invalid
a09_6000_6800,C-all,10001318,16787,354,399,46,window_end_or_source_end
a09_6000_6800,C-all,10001319,16789,354,399,46,window_end_or_source_end
a09_6000_6800,C-all,10001320,16790,355,361,7,source_missing_or_invalid
a09_6000_6800,C-all,10001321,10308,356,357,2,source_missing_or_invalid
a09_6000_6800,C-all,10001322,15254,356,356,1,source_missing_or_invalid
a09_6000_6800,C-all,10001323,16412,356,399,44,window_end_or_source_end
a09_6000_6800,C-all,10001324,16795,356,390,35,source_missing_or_invalid
a09_6000_6800,C-all,10001325,16796,356,399,44,window_end_or_source_end
a09_6000_6800,C-all,10001326,16802,357,390,34,source_missing_or_invalid
a09_6000_6800,C-all,10001327,14950,358,399,42,window_end_or_source_end
a09_6000_6800,C-all,10001328,16809,358,399,42,window_end_or_source_end
a09_6000_6800,C-all,10001329,16811,358,376,19,source_missing_or_invalid
a09_6000_6800,C-all,10001330,16813,358,396,39,source_missing_or_invalid
a09_6000_6800,C-all,10001331,16815,358,380,23,source_missing_or_invalid
a09_6000_6800,C-all,10001332,16817,358,387,30,source_missing_or_invalid
a09_6000_6800,C-all,10001333,16040,359,399,41,window_end_or_source_end
a09_6000_6800,C-all,10001334,16808,359,399,41,window_end_or_source_end
a09_6000_6800,C-all,10001335,16821,359,399,41,window_end_or_source_end
a09_6000_6800,C-all,10001336,16823,359,399,41,window_end_or_source_end
a09_6000_6800,C-all,10001337,16825,359,399,41,window_end_or_source_end
a09_6000_6800,C-all,10001338,16589,360,399,40,window_end_or_source_end
a09_6000_6800,C-all,10001339,16794,360,360,1,source_missing_or_invalid
a09_6000_6800,C-all,10001340,16829,360,365,6,source_missing_or_invalid
a09_6000_6800,C-all,10001341,16830,360,382,23,source_missing_or_invalid
a09_6000_6800,C-all,10001342,16832,360,382,23,source_missing_or_invalid
a09_6000_6800,C-all,10001343,10166,361,362,2,source_missing_or_invalid
a09_6000_6800,C-all,10001344,16835,361,399,39,window_end_or_source_end
a09_6000_6800,C-all,10001345,16836,361,362,2,source_missing_or_invalid
a09_6000_6800,C-all,10001346,16839,361,399,39,window_end_or_source_end
a09_6000_6800,C-all,10001347,16840,361,373,13,source_missing_or_invalid
a09_6000_6800,C-all,10001348,16841,361,399,39,window_end_or_source_end
a09_6000_6800,C-all,10001349,15254,362,363,2,source_missing_or_invalid
a09_6000_6800,C-all,10001350,16232,362,364,3,source_missing_or_invalid
a09_6000_6800,C-all,10001351,16842,362,363,2,source_missing_or_invalid
a09_6000_6800,C-all,10001352,16846,362,399,38,window_end_or_source_end
a09_6000_6800,C-all,10001353,16848,362,399,38,window_end_or_source_end
a09_6000_6800,C-all,10001354,16849,362,363,2,source_missing_or_invalid
a09_6000_6800,C-all,10001355,12048,363,399,37,window_end_or_source_end
a09_6000_6800,C-all,10001356,16852,363,363,1,source_missing_or_invalid
a09_6000_6800,C-all,10001357,16853,363,363,1,source_missing_or_invalid
a09_6000_6800,C-all,10001358,13579,364,373,10,source_missing_or_invalid
a09_6000_6800,C-all,10001359,13786,364,399,36,window_end_or_source_end
a09_6000_6800,C-all,10001360,16855,364,378,15,source_missing_or_invalid
a09_6000_6800,C-all,10001361,16856,364,364,1,source_missing_or_invalid
a09_6000_6800,C-all,10001362,14876,365,399,35,window_end_or_source_end
a09_6000_6800,C-all,10001363,16712,365,399,35,window_end_or_source_end
a09_6000_6800,C-all,10001364,16842,365,371,7,source_missing_or_invalid
a09_6000_6800,C-all,10001365,16858,365,383,19,source_missing_or_invalid
a09_6000_6800,C-all,10001366,16860,365,399,35,window_end_or_source_end
a09_6000_6800,C-all,10001367,16861,365,399,35,window_end_or_source_end
a09_6000_6800,C-all,10001368,16212,366,366,1,source_missing_or_invalid
a09_6000_6800,C-all,10001369,16863,366,399,34,window_end_or_source_end
a09_6000_6800,C-all,10001370,16868,366,399,34,window_end_or_source_end
a09_6000_6800,C-all,10001371,16870,367,369,3,source_missing_or_invalid
a09_6000_6800,C-all,10001372,16872,367,367,1,source_missing_or_invalid
a09_6000_6800,C-all,10001373,16873,367,385,19,source_missing_or_invalid
a09_6000_6800,C-all,10001374,14746,368,370,3,source_missing_or_invalid
a09_6000_6800,C-all,10001375,16344,368,381,14,source_missing_or_invalid
a09_6000_6800,C-all,10001376,16687,368,383,16,source_missing_or_invalid
a09_6000_6800,C-all,10001377,16875,368,393,26,source_missing_or_invalid
a09_6000_6800,C-all,10001378,16876,368,399,32,window_end_or_source_end
a09_6000_6800,C-all,10001379,16877,368,399,32,window_end_or_source_end
a09_6000_6800,C-all,10001380,16879,368,399,32,window_end_or_source_end
a09_6000_6800,C-all,10001381,16881,369,399,31,window_end_or_source_end
a09_6000_6800,C-all,10001382,16885,369,399,31,window_end_or_source_end
a09_6000_6800,C-all,10001383,16886,369,399,31,window_end_or_source_end
a09_6000_6800,C-all,10001384,14483,370,399,30,window_end_or_source_end
a09_6000_6800,C-all,10001385,16711,370,386,17,source_missing_or_invalid
a09_6000_6800,C-all,10001386,10157,371,376,6,source_missing_or_invalid
a09_6000_6800,C-all,10001387,16896,371,399,29,window_end_or_source_end
a09_6000_6800,C-all,10001388,16897,371,399,29,window_end_or_source_end
a09_6000_6800,C-all,10001389,15254,372,373,2,source_missing_or_invalid
a09_6000_6800,C-all,10001390,16900,372,374,3,source_missing_or_invalid
a09_6000_6800,C-all,10001391,16901,372,399,28,window_end_or_source_end
a09_6000_6800,C-all,10001392,16905,373,399,27,window_end_or_source_end
a09_6000_6800,C-all,10001393,13171,374,375,2,source_missing_or_invalid
a09_6000_6800,C-all,10001394,16806,374,399,26,window_end_or_source_end
a09_6000_6800,C-all,10001395,16907,374,399,26,window_end_or_source_end
a09_6000_6800,C-all,10001396,16910,374,399,26,window_end_or_source_end
a09_6000_6800,C-all,10001397,15254,375,375,1,source_missing_or_invalid
a09_6000_6800,C-all,10001398,16911,375,376,2,source_missing_or_invalid
a09_6000_6800,C-all,10001399,16913,375,399,25,window_end_or_source_end
a09_6000_6800,C-all,10001400,15953,376,377,2,source_missing_or_invalid
a09_6000_6800,C-all,10001401,16047,376,388,13,source_missing_or_invalid
a09_6000_6800,C-all,10001402,16904,376,385,10,source_missing_or_invalid
a09_6000_6800,C-all,10001403,16917,377,399,23,window_end_or_source_end
a09_6000_6800,C-all,10001404,16918,377,399,23,window_end_or_source_end
a09_6000_6800,C-all,10001405,15254,378,399,22,window_end_or_source_end
a09_6000_6800,C-all,10001406,16920,378,399,22,window_end_or_source_end
a09_6000_6800,C-all,10001407,16921,378,381,4,source_missing_or_invalid
a09_6000_6800,C-all,10001408,16922,378,399,22,window_end_or_source_end
a09_6000_6800,C-all,10001409,11115,379,385,7,source_missing_or_invalid
a09_6000_6800,C-all,10001410,16840,379,386,8,source_missing_or_invalid
a09_6000_6800,C-all,10001411,16923,379,383,5,source_missing_or_invalid
a09_6000_6800,C-all,10001412,16927,379,399,21,window_end_or_source_end
a09_6000_6800,C-all,10001413,16928,379,399,21,window_end_or_source_end
a09_6000_6800,C-all,10001414,16929,379,399,21,window_end_or_source_end
a09_6000_6800,C-all,10001415,10849,380,389,10,source_missing_or_invalid
a09_6000_6800,C-all,10001416,16931,380,383,4,source_missing_or_invalid
a09_6000_6800,C-all,10001417,10528,381,399,19,window_end_or_source_end
a09_6000_6800,C-all,10001418,13579,381,399,19,window_end_or_source_end
a09_6000_6800,C-all,10001419,16934,381,399,19,window_end_or_source_end
a09_6000_6800,C-all,10001420,16935,381,382,2,source_missing_or_invalid
a09_6000_6800,C-all,10001421,16937,382,382,1,source_missing_or_invalid
a09_6000_6800,C-all,10001422,16938,382,399,18,window_end_or_source_end
a09_6000_6800,C-all,10001423,16940,382,399,18,window_end_or_source_end
a09_6000_6800,C-all,10001424,16308,383,383,1,source_missing_or_invalid
a09_6000_6800,C-all,10001425,16654,383,399,17,window_end_or_source_end
a09_6000_6800,C-all,10001426,16944,383,399,17,window_end_or_source_end
a09_6000_6800,C-all,10001427,16945,383,399,17,window_end_or_source_end
a09_6000_6800,C-all,10001428,16947,383,399,17,window_end_or_source_end
a09_6000_6800,C-all,10001429,9576,384,389,6,source_missing_or_invalid
a09_6000_6800,C-all,10001430,11693,384,391,8,source_missing_or_invalid
a09_6000_6800,C-all,10001431,16952,384,399,16,window_end_or_source_end
a09_6000_6800,C-all,10001432,16870,385,399,15,window_end_or_source_end
a09_6000_6800,C-all,10001433,16955,385,392,8,source_missing_or_invalid
a09_6000_6800,C-all,10001434,16957,386,386,1,source_missing_or_invalid
a09_6000_6800,C-all,10001435,16958,386,399,14,window_end_or_source_end
a09_6000_6800,C-all,10001436,16961,386,399,14,window_end_or_source_end
a09_6000_6800,C-all,10001437,13495,387,395,9,source_missing_or_invalid
a09_6000_6800,C-all,10001438,14857,387,399,13,window_end_or_source_end
a09_6000_6800,C-all,10001439,15649,387,388,2,source_missing_or_invalid
a09_6000_6800,C-all,10001440,16653,387,391,5,source_missing_or_invalid
a09_6000_6800,C-all,10001441,16964,387,399,13,window_end_or_source_end
a09_6000_6800,C-all,10001442,16942,388,399,12,window_end_or_source_end
a09_6000_6800,C-all,10001443,16951,388,399,12,window_end_or_source_end
a09_6000_6800,C-all,10001444,16968,388,388,1,source_missing_or_invalid
a09_6000_6800,C-all,10001445,16969,388,399,12,window_end_or_source_end
a09_6000_6800,C-all,10001446,16970,388,396,9,source_missing_or_invalid
a09_6000_6800,C-all,10001447,16973,389,399,11,window_end_or_source_end
a09_6000_6800,C-all,10001448,16974,389,399,11,window_end_or_source_end
a09_6000_6800,C-all,10001449,16976,389,399,11,window_end_or_source_end
a09_6000_6800,C-all,10001450,16977,389,399,11,window_end_or_source_end
a09_6000_6800,C-all,10001451,16978,389,399,11,window_end_or_source_end
a09_6000_6800,C-all,10001452,16979,389,399,11,window_end_or_source_end
a09_6000_6800,C-all,10001453,16980,390,399,10,window_end_or_source_end
a09_6000_6800,C-all,10001454,16981,390,393,4,source_missing_or_invalid
a09_6000_6800,C-all,10001455,13081,391,391,1,source_missing_or_invalid
a09_6000_6800,C-all,10001456,14922,392,398,7,source_missing_or_invalid
a09_6000_6800,C-all,10001457,16987,392,393,2,source_missing_or_invalid
a09_6000_6800,C-all,10001458,16988,393,399,7,window_end_or_source_end
a09_6000_6800,C-all,10001459,15114,394,399,6,window_end_or_source_end
a09_6000_6800,C-all,10001460,16993,395,395,1,source_missing_or_invalid
a09_6000_6800,C-all,10001461,12257,396,399,4,window_end_or_source_end
a09_6000_6800,C-all,10001462,16994,396,399,4,window_end_or_source_end
a09_6000_6800,C-all,10001463,16995,396,396,1,source_missing_or_invalid
a09_6000_6800,C-all,10001464,16996,396,399,4,window_end_or_source_end
a09_6000_6800,C-all,10001465,16998,396,399,4,window_end_or_source_end
a09_6000_6800,C-all,10001466,16995,398,398,1,source_missing_or_invalid
a09_6000_6800,C-all,10001467,16999,398,399,2,window_end_or_source_end
a09_6000_6800,C-all,10001468,17000,398,399,2,window_end_or_source_end
a09_6000_6800,C-all,10001469,17002,398,398,1,source_missing_or_invalid
a09_6000_6800,C-all,10001470,15244,399,399,1,window_end_or_source_end
a09_6000_6800,C-all,10001471,16576,399,399,1,window_end_or_source_end
a09_6000_6800,C-all,10001472,16972,399,399,1,window_end_or_source_end
a09_6000_6800,C-all,10001473,17005,399,399,1,window_end_or_source_end
