index,timestamp,event,reference_index,keypoints,octave0,nmatches,disp_q10_px,disp_median_px,disp_q90_px,H_inliers,F_inliers,E_inliers,recover_pose_inliers,initializer_success,triangulated,official_SH,official_SF,official_RH,official_H_inliers,official_F_inliers,official_H_reconstruct,official_F_reconstruct,official_H_relaxed00,official_F_relaxed00,H_best_good,H_second_good,H_best_parallax_deg,H_d1_d2,H_d2_d3,H_svd_ok,H_ambiguity_ok,H_parallax_ok,H_min_good_ok,H_fraction_ok
0,1542829016.7004354,set_reference,0,609,79,-1,-1,-1,-1,-1,-1,-1,-1,0,0,-1,-1,-1,-1,-1,0,0,0,0,-1,-1,-1,-1,-1,0,0,0,0,0
1,1542829016.7512712,reset_too_few_matches,0,583,74,53,1.4837522894351436,2.269470194325248,2.9177936692098241,53,51,53,0,0,0,-1,-1,-1,-1,-1,0,0,0,0,0,0,-1,-1,-1,0,0,0,0,0
2,1542829016.8024397,set_reference,2,633,76,-1,-1,-1,-1,-1,-1,-1,-1,0,0,-1,-1,-1,-1,-1,0,0,0,0,-1,-1,-1,-1,-1,0,0,0,0,0
3,1542829016.8543098,reset_too_few_matches,2,599,72,54,1.5648618546852435,2.2632918215613334,2.9197189998800934,51,50,52,3,0,0,-1,-1,-1,-1,-1,0,0,0,0,0,0,-1,-1,-1,0,0,0,0,0
4,1542829016.8995593,set_reference,4,578,60,-1,-1,-1,-1,-1,-1,-1,-1,0,0,-1,-1,-1,-1,-1,0,0,0,0,-1,-1,-1,-1,-1,0,0,0,0,0
5,1542829016.9497368,reset_too_few_matches,4,599,65,39,2.0083985339535571,2.2673792174760399,3.0735734167220823,37,35,37,37,0,0,-1,-1,-1,-1,-1,0,0,0,0,0,0,-1,-1,-1,0,0,0,0,0
6,1542829016.9991241,set_reference,6,585,65,-1,-1,-1,-1,-1,-1,-1,-1,0,0,-1,-1,-1,-1,-1,0,0,0,0,-1,-1,-1,-1,-1,0,0,0,0,0
7,1542829017.0492642,reset_too_few_matches,6,595,59,43,1.4283473048258049,2.2576592586827169,2.9896617885925947,40,36,41,1,0,0,-1,-1,-1,-1,-1,0,0,0,0,0,0,-1,-1,-1,0,0,0,0,0
8,1542829017.0999393,set_reference,8,619,70,-1,-1,-1,-1,-1,-1,-1,-1,0,0,-1,-1,-1,-1,-1,0,0,0,0,-1,-1,-1,-1,-1,0,0,0,0,0
9,1542829017.1495199,reset_too_few_matches,8,612,72,37,1.4375377666315523,2.135264416923274,2.8833687541536919,34,34,36,0,0,0,-1,-1,-1,-1,-1,0,0,0,0,0,0,-1,-1,-1,0,0,0,0,0
10,1542829017.199913,set_reference,10,614,72,-1,-1,-1,-1,-1,-1,-1,-1,0,0,-1,-1,-1,-1,-1,0,0,0,0,-1,-1,-1,-1,-1,0,0,0,0,0
11,1542829017.2500739,reset_too_few_matches,10,619,65,49,1.1505738924589071,2.0628331458996385,2.3351733666695629,44,43,46,3,0,0,-1,-1,-1,-1,-1,0,0,0,0,0,0,-1,-1,-1,0,0,0,0,0
12,1542829017.3018978,set_reference,12,625,61,-1,-1,-1,-1,-1,-1,-1,-1,0,0,-1,-1,-1,-1,-1,0,0,0,0,-1,-1,-1,-1,-1,0,0,0,0,0
13,1542829017.3491328,reset_too_few_matches,12,619,73,38,1.4265558643469083,2.0748653349551938,2.3317379658023301,35,33,37,0,0,0,-1,-1,-1,-1,-1,0,0,0,0,0,0,-1,-1,-1,0,0,0,0,0
14,1542829017.4004672,set_reference,14,621,71,-1,-1,-1,-1,-1,-1,-1,-1,0,0,-1,-1,-1,-1,-1,0,0,0,0,-1,-1,-1,-1,-1,0,0,0,0,0
15,1542829017.4502184,reset_too_few_matches,14,601,65,43,1.0211688651848285,1.7419995230032606,2.266430624488402,42,40,41,4,0,0,-1,-1,-1,-1,-1,0,0,0,0,0,0,-1,-1,-1,0,0,0,0,0
16,1542829017.5002844,set_reference,16,616,65,-1,-1,-1,-1,-1,-1,-1,-1,0,0,-1,-1,-1,-1,-1,0,0,0,0,-1,-1,-1,-1,-1,0,0,0,0,0
17,1542829017.5490537,reset_too_few_matches,16,639,70,44,1.0251724698140237,1.4799189470051033,2.3073864423182635,39,38,42,1,0,0,-1,-1,-1,-1,-1,0,0,0,0,0,0,-1,-1,-1,0,0,0,0,0
18,1542829017.5988002,set_reference,18,622,69,-1,-1,-1,-1,-1,-1,-1,-1,0,0,-1,-1,-1,-1,-1,0,0,0,0,-1,-1,-1,-1,-1,0,0,0,0,0
19,1542829017.6490269,reset_too_few_matches,18,668,67,43,1.014015186962709,1.9749478364665844,2.2778511590135171,38,36,43,0,0,0,-1,-1,-1,-1,-1,0,0,0,0,0,0,-1,-1,-1,0,0,0,0,0
20,1542829017.6990292,set_reference,20,691,74,-1,-1,-1,-1,-1,-1,-1,-1,0,0,-1,-1,-1,-1,-1,0,0,0,0,-1,-1,-1,-1,-1,0,0,0,0,0
21,1542829017.7494562,reset_too_few_matches,20,656,75,44,1.0168546315988294,1.4301268575220201,2.2492300930930753,42,36,44,0,0,0,-1,-1,-1,-1,-1,0,0,0,0,0,0,-1,-1,-1,0,0,0,0,0
22,1542829017.7994888,set_reference,22,699,76,-1,-1,-1,-1,-1,-1,-1,-1,0,0,-1,-1,-1,-1,-1,0,0,0,0,-1,-1,-1,-1,-1,0,0,0,0,0
23,1542829017.8501575,reset_too_few_matches,22,695,73,49,1.0159350731231995,1.4343835674733332,2.2679536222255141,47,44,47,2,0,0,-1,-1,-1,-1,-1,0,0,0,0,0,0,-1,-1,-1,0,0,0,0,0
24,1542829017.8993416,set_reference,24,687,78,-1,-1,-1,-1,-1,-1,-1,-1,0,0,-1,-1,-1,-1,-1,0,0,0,0,-1,-1,-1,-1,-1,0,0,0,0,0
25,1542829017.950798,reset_too_few_matches,24,726,74,50,1.0170584374114076,1.4418013250994151,2.2637304913672311,45,44,49,1,0,0,-1,-1,-1,-1,-1,0,0,0,0,0,0,-1,-1,-1,0,0,0,0,0
26,1542829017.9993265,set_reference,26,744,89,-1,-1,-1,-1,-1,-1,-1,-1,0,0,-1,-1,-1,-1,-1,0,0,0,0,-1,-1,-1,-1,-1,0,0,0,0,0
27,1542829018.0499742,reset_too_few_matches,26,779,92,57,1.0068253573059336,1.4199355900691089,2.2704600240283339,56,51,55,0,0,0,-1,-1,-1,-1,-1,0,0,0,0,0,0,-1,-1,-1,0,0,0,0,0
28,1542829018.100631,set_reference,28,775,93,-1,-1,-1,-1,-1,-1,-1,-1,0,0,-1,-1,-1,-1,-1,0,0,0,0,-1,-1,-1,-1,-1,0,0,0,0,0
29,1542829018.1500623,reset_too_few_matches,28,761,77,60,1.008583880334635,1.419417321852783,2.2417722954753994,55,57,59,3,0,0,-1,-1,-1,-1,-1,0,0,0,0,0,0,-1,-1,-1,0,0,0,0,0
30,1542829018.1989706,set_reference,30,771,87,-1,-1,-1,-1,-1,-1,-1,-1,0,0,-1,-1,-1,-1,-1,0,0,0,0,-1,-1,-1,-1,-1,0,0,0,0,0
31,1542829018.2490706,reset_too_few_matches,30,807,88,59,1.0084964635148503,1.039337387149901,2.0707295524420601,59,54,58,1,0,0,-1,-1,-1,-1,-1,0,0,0,0,0,0,-1,-1,-1,0,0,0,0,0
32,1542829018.2987115,set_reference,32,827,100,-1,-1,-1,-1,-1,-1,-1,-1,0,0,-1,-1,-1,-1,-1,0,0,0,0,-1,-1,-1,-1,-1,0,0,0,0,0
33,1542829018.350395,reset_too_few_matches,32,838,91,71,1.0129399238708534,1.4148311702504994,2.0737253309832493,71,62,71,0,0,0,-1,-1,-1,-1,-1,0,0,0,0,0,0,-1,-1,-1,0,0,0,0,0
34,1542829018.3990157,set_reference,34,842,106,-1,-1,-1,-1,-1,-1,-1,-1,0,0,-1,-1,-1,-1,-1,0,0,0,0,-1,-1,-1,-1,-1,0,0,0,0,0
35,1542829018.4508669,reset_too_few_matches,34,894,98,73,1.0038103115207579,1.0290253573358736,1.9082534816756831,73,70,72,2,0,0,-1,-1,-1,-1,-1,0,0,0,0,0,0,-1,-1,-1,0,0,0,0,0
36,1542829018.4995191,set_reference,36,877,90,-1,-1,-1,-1,-1,-1,-1,-1,0,0,-1,-1,-1,-1,-1,0,0,0,0,-1,-1,-1,-1,-1,0,0,0,0,0
37,1542829018.5500772,reset_too_few_matches,36,898,112,70,1.0046023247130464,1.0263698200256495,2.0366186176635717,65,67,70,2,0,0,-1,-1,-1,-1,-1,0,0,0,0,0,0,-1,-1,-1,0,0,0,0,0
38,1542829018.5989537,set_reference,38,886,113,-1,-1,-1,-1,-1,-1,-1,-1,0,0,-1,-1,-1,-1,-1,0,0,0,0,-1,-1,-1,-1,-1,0,0,0,0,0
39,1542829018.6488371,reset_too_few_matches,38,917,109,77,1.0048401056845904,1.0268405164064438,2.0862846585204693,74,71,76,0,0,0,-1,-1,-1,-1,-1,0,0,0,0,0,0,-1,-1,-1,0,0,0,0,0
40,1542829018.6996717,set_reference,40,909,105,-1,-1,-1,-1,-1,-1,-1,-1,0,0,-1,-1,-1,-1,-1,0,0,0,0,-1,-1,-1,-1,-1,0,0,0,0,0
41,1542829018.7488894,reset_too_few_matches,40,949,105,77,0.96680950642181329,1.0421695169537333,2.1560356218907071,75,71,76,2,0,0,-1,-1,-1,-1,-1,0,0,0,0,0,0,-1,-1,-1,0,0,0,0,0
42,1542829018.7994406,set_reference,42,996,136,-1,-1,-1,-1,-1,-1,-1,-1,0,0,-1,-1,-1,-1,-1,0,0,0,0,-1,-1,-1,-1,-1,0,0,0,0,0
43,1542829018.8489709,reset_too_few_matches,42,1048,133,97,1.0046777400076481,1.0238691140549292,2.0278477827788643,96,94,96,0,0,0,-1,-1,-1,-1,-1,0,0,0,0,0,0,-1,-1,-1,0,0,0,0,0
44,1542829018.9001405,set_reference,44,1014,125,-1,-1,-1,-1,-1,-1,-1,-1,0,0,-1,-1,-1,-1,-1,0,0,0,0,-1,-1,-1,-1,-1,0,0,0,0,0
45,1542829018.9487371,reset_too_few_matches,44,1009,130,92,1.0050939248267476,1.0263274538765015,2.0830358442965196,92,87,91,0,0,0,-1,-1,-1,-1,-1,0,0,0,0,0,0,-1,-1,-1,0,0,0,0,0
46,1542829019.0004292,set_reference,46,1012,130,-1,-1,-1,-1,-1,-1,-1,-1,0,0,-1,-1,-1,-1,-1,0,0,0,0,-1,-1,-1,-1,-1,0,0,0,0,0
47,1542829019.0487337,reset_too_few_matches,46,1020,112,90,1.0047916015010312,1.0258402042756403,2.0686706273198658,88,84,88,0,0,0,-1,-1,-1,-1,-1,0,0,0,0,0,0,-1,-1,-1,0,0,0,0,0
48,1542829019.0989003,set_reference,48,1037,128,-1,-1,-1,-1,-1,-1,-1,-1,0,0,-1,-1,-1,-1,-1,0,0,0,0,-1,-1,-1,-1,-1,0,0,0,0,0
49,1542829019.1488552,reset_too_few_matches,48,1035,125,90,1.0049872318779076,1.0308241211695117,2.0377241741813643,81,83,87,2,0,0,-1,-1,-1,-1,-1,0,0,0,0,0,0,-1,-1,-1,0,0,0,0,0
50,1542829019.1991942,set_reference,50,1047,123,-1,-1,-1,-1,-1,-1,-1,-1,0,0,-1,-1,-1,-1,-1,0,0,0,0,-1,-1,-1,-1,-1,0,0,0,0,0
51,1542829019.2500987,reset_too_few_matches,50,1077,133,89,0.90048089030268341,1.0269745740866973,2.0175112785919982,87,84,87,5,0,0,-1,-1,-1,-1,-1,0,0,0,0,0,0,-1,-1,-1,0,0,0,0,0
52,1542829019.2998445,set_reference,52,1073,136,-1,-1,-1,-1,-1,-1,-1,-1,0,0,-1,-1,-1,-1,-1,0,0,0,0,-1,-1,-1,-1,-1,0,0,0,0,0
53,1542829019.3487871,initializer_geometry_reject,52,1121,145,105,1.0052252542889279,1.0324456429929949,2.0841601219161139,101,95,102,0,0,0,1120.497314453125,1216.9029541015625,0.47937756776809692,102,105,0,0,0,0,102,102,0.21397885680198669,1.0009810924530029,1.0051313638687134,1,0,0,1,1
54,1542829019.3986504,reset_too_few_matches,52,1114,137,94,2.0098103453771081,2.051760765384409,3.1047271546317874,93,87,92,0,0,0,-1,-1,-1,-1,-1,0,0,0,0,0,0,-1,-1,-1,0,0,0,0,0
55,1542829019.449523,set_reference,55,1146,141,-1,-1,-1,-1,-1,-1,-1,-1,0,0,-1,-1,-1,-1,-1,0,0,0,0,-1,-1,-1,-1,-1,0,0,0,0,0
56,1542829019.4987886,reset_too_few_matches,55,1174,139,94,1.0050341529633751,1.0300978005299912,2.1176572661299735,92,91,92,0,0,0,-1,-1,-1,-1,-1,0,0,0,0,0,0,-1,-1,-1,0,0,0,0,0
57,1542829019.5500724,set_reference,57,1181,159,-1,-1,-1,-1,-1,-1,-1,-1,0,0,-1,-1,-1,-1,-1,0,0,0,0,-1,-1,-1,-1,-1,0,0,0,0,0
58,1542829019.601181,initializer_geometry_reject,57,1209,149,113,1.0072275977275955,1.0392394614288689,2.0701322930765036,103,109,111,4,0,0,1232.367919921875,1301.115478515625,0.48643219470977783,113,113,0,0,0,0,113,113,0.4379018247127533,1.0043250322341919,1.0034945011138916,1,0,0,1,1
59,1542829019.6501553,initializer_geometry_reject,57,1236,158,102,2.0097971024588159,2.0769490029504265,3.2303724574913533,98,93,101,4,0,0,1077.674560546875,1159.0064697265625,0.48181858658790588,100,101,0,0,0,1,100,100,1.263620138168335,1.0099849700927734,1.0130698680877686,1,0,1,1,1
60,1542829019.7006474,initializer_geometry_reject,57,1232,156,108,3.0264403261236725,3.6988324304470188,4.3534199020242763,94,97,103,4,0,0,1121.853759765625,1218.8485107421875,0.47928085923194885,104,106,0,0,0,0,104,104,0.8972206711769104,1.0086498260498047,1.0084543228149414,1,0,0,1,1
61,1542829019.7488501,initializer_geometry_reject,57,1280,166,109,4.0333524293621847,5.0612808569978007,5.9205452193016139,108,99,107,0,0,0,1146.541015625,1230.875244140625,0.4822634756565094,109,109,0,0,0,0,109,109,0.89197099208831787,1.004480242729187,1.014426589012146,1,0,0,1,1
62,1542829019.8001699,initializer_geometry_reject,57,1281,168,109,5.1570053519354415,6.1625462606142838,7.349011955641557,91,97,104,4,0,0,1131.37255859375,1227.1927490234375,0.47968673706054688,105,107,0,0,0,0,105,105,0.41590079665184021,1.0043941736221313,1.0057239532470703,1,0,0,1,1
63,1542829019.8497791,reset_too_few_matches,57,1287,173,96,6.1835742603048134,7.1743099049369405,8.3694459403272266,81,88,94,6,0,0,-1,-1,-1,-1,-1,0,0,0,0,0,0,-1,-1,-1,0,0,0,0,0
64,1542829019.9000421,set_reference,64,1321,180,-1,-1,-1,-1,-1,-1,-1,-1,0,0,-1,-1,-1,-1,-1,0,0,0,0,-1,-1,-1,-1,-1,0,0,0,0,0
65,1542829019.9487143,initializer_geometry_reject,64,1299,167,128,1.0099587855843619,1.0364455030385331,2.25115048236102,109,113,123,1,0,0,1358.2977294921875,1451.8515625,0.48335427045822144,124,126,0,0,0,0,124,124,0.61516696214675903,1.0073071718215942,1.0042678117752075,1,0,0,1,1
66,1542829019.9990253,initializer_geometry_reject,64,1306,162,114,2.0256520808555862,3.0393759602200721,3.2982527317940522,112,105,112,0,0,0,1214.4796142578125,1306.2711181640625,0.48179283738136292,111,114,0,0,0,1,111,111,0.64102447032928467,1.0039212703704834,1.0075101852416992,1,0,0,1,1
67,1542829020.0492005,initializer_geometry_reject,64,1305,174,117,3.1879365520410872,4.1439191930774504,5.2396418425800508,107,108,112,3,0,0,1250.33740234375,1322.812255859375,0.48591709136962891,115,116,0,0,0,0,115,115,0.4383484423160553,1.0035004615783691,1.0060313940048218,1,0,0,1,1
68,1542829020.0997686,initializer_geometry_reject,64,1315,180,123,5.0399824376022133,5.4653097956741945,6.5417878016356736,120,110,121,8,0,0,1304.8612060546875,1387.771728515625,0.48460420966148376,121,121,0,0,0,0,121,121,0.72739273309707642,1.0054831504821777,1.0092301368713379,1,0,0,1,1
69,1542829020.149184,initializer_geometry_reject,64,1336,175,121,6.1339879072803853,7.1973373855289768,8.398598140965591,115,110,119,119,0,0,1271.6529541015625,1361.801513671875,0.48288396000862122,118,119,0,0,0,0,118,118,1.0135564804077148,1.0066816806793213,1.0131134986877441,1,0,1,1,1
70,1542829020.199796,initializer_geometry_reject,64,1353,184,111,7.1950031590935275,8.2881318398740955,9.7606661162434332,107,100,109,19,0,0,1199.194091796875,1268.9642333984375,0.48586598038673401,110,110,0,0,0,0,110,110,0.85660845041275024,1.006949782371521,1.01084303855896,1,0,0,1,1
71,1542829020.2509325,initializer_geometry_reject,64,1335,174,115,9.1964459287524054,10.306955667995465,11.618253343672526,113,100,112,6,0,0,1203.873779296875,1282.7064208984375,0.48414841294288635,113,113,0,0,0,0,113,113,0.58080875873565674,1.0096786022186279,1.0079898834228516,1,0,0,1,1
72,1542829020.2985301,initializer_geometry_reject,64,1338,171,112,10.296054981483257,11.486208989964702,13.759018275340086,107,103,106,25,0,0,1210.0999755859375,1284.18994140625,0.48514807224273682,111,112,0,0,0,0,111,111,1.0857045650482178,1.0104156732559204,1.0119534730911255,1,0,1,1,1
73,1542829020.3483613,initializer_geometry_reject,64,1380,176,106,11.887852673396981,13.531080781462901,15.21987756489912,97,95,103,23,0,0,1129.9212646484375,1202.3487548828125,0.48447275161743164,104,105,0,0,0,0,104,104,1.1629793643951416,1.0151138305664062,1.0098956823348999,1,0,1,1,1
74,1542829020.3985114,initializer_geometry_reject,64,1371,177,117,13.368691081349789,14.687103465236408,16.967891861029237,101,110,110,27,0,0,1255.9522705078125,1323.123291015625,0.48697766661643982,116,117,0,0,0,0,116,116,0.86998158693313599,1.0098464488983154,1.0143430233001709,1,0,0,1,1
75,1542829020.4488614,initializer_geometry_reject,64,1345,175,119,14.690400496464164,16.796623854118018,19.125041783780322,115,106,114,114,0,0,1215.716064453125,1307.3192138671875,0.48184666037559509,115,115,0,0,0,0,115,115,1.7574712038040161,1.0160716772079468,1.0178498029708862,1,0,1,1,1
76,1542829020.4996886,initializer_geometry_reject,64,1320,164,113,16.560744707157156,18.131310606633988,20.564295234628155,96,102,104,43,0,0,1174.8648681640625,1271.5687255859375,0.480235755443573,112,113,0,0,0,1,112,112,2.0320138931274414,1.0220675468444824,1.0165164470672607,1,0,1,1,1
77,1542829020.5487909,initializer_geometry_reject,64,1298,166,108,18.065337387968125,20.12441443516612,22.804349015159417,105,95,100,1,0,0,1136.0860595703125,1213.5308837890625,0.48351970314979553,105,107,0,0,0,0,105,105,2.195528507232666,1.0248478651046753,1.0179795026779175,1,0,1,1,1
78,1542829020.5988243,initializer_geometry_reject,64,1282,157,111,20.085891457364507,22.082863873801426,24.589324276162245,103,105,105,67,0,0,1172.014404296875,1239.8336181640625,0.4859403669834137,110,110,0,0,0,0,110,110,2.6857669353485107,1.0259662866592407,1.0242810249328613,1,0,1,1,1
79,1542829020.6497488,initializer_geometry_reject,64,1319,168,113,21.403689642881421,23.638340158084489,26.424123968919208,106,101,105,31,0,0,1181.28173828125,1279.7440185546875,0.47999566793441772,112,113,0,1,0,1,112,112,1.3599869012832642,1.0166255235671997,1.0129361152648926,1,0,1,1,1
80,1542829020.6998146,initializer_geometry_reject,64,1307,160,113,23.462864556514539,25.780319474019244,28.341749541542754,105,98,106,47,0,0,1175.1602783203125,1250.5379638671875,0.4844626784324646,110,110,0,0,0,1,110,110,2.7003762722015381,1.0295858383178711,1.0223711729049683,1,0,1,1,1
81,1542829020.7495918,initializer_geometry_reject,64,1282,154,106,24.997265732189454,27.234945682149942,30.53009662840309,91,93,100,61,0,0,1089.30224609375,1172.777587890625,0.48154899477958679,105,104,0,0,0,1,105,105,3.0092780590057373,1.0342944860458374,1.0232048034667969,1,0,1,1,1
82,1542829020.798259,initializer_geometry_reject,64,1268,155,107,26.943428529116503,29.396252806300595,33.090553648630738,104,95,98,28,0,0,1105.46044921875,1198.2999267578125,0.47985047101974487,104,105,0,0,0,0,104,104,2.1879382133483887,1.0294994115829468,1.017406702041626,1,0,1,1,1
83,1542829020.848309,initializer_geometry_reject,64,1218,152,113,28.633499864784458,31.539093728699083,35.106388883984579,92,99,99,88,0,0,1179.543701171875,1280.679443359375,0.47944581508636475,112,112,0,0,0,1,112,112,3.0274381637573242,1.0327898263931274,1.0252867937088013,1,0,1,1,1
84,1542829020.8990843,initializer_geometry_reject,64,1214,160,103,30.753318409554012,33.765893758631954,37.438151030587633,97,92,91,91,0,0,1043.3043212890625,1158.9798583984375,0.47373735904693604,100,102,0,0,0,0,100,100,2.7915494441986084,1.0343308448791504,1.021126389503479,1,0,1,1,1
85,1542829020.9484811,initializer_geometry_reject,64,1212,147,102,32.885620426037406,36.124292056820394,39.704341025332965,87,87,102,10,0,0,1034.7747802734375,1142.90185546875,0.4751737117767334,100,102,0,0,0,0,100,100,3.2529928684234619,1.0360772609710693,1.0272210836410522,1,0,1,1,1
86,1542829020.9987776,reset_too_few_matches,64,1198,145,93,35.250020930300131,37.752390749688757,41.432297727795437,92,82,88,84,0,0,-1,-1,-1,-1,-1,0,0,0,0,0,0,-1,-1,-1,0,0,0,0,0
87,1542829021.0498505,set_reference,87,1191,139,-1,-1,-1,-1,-1,-1,-1,-1,0,0,-1,-1,-1,-1,-1,0,0,0,0,-1,-1,-1,-1,-1,0,0,0,0,0
88,1542829021.1002145,reset_too_few_matches,87,1178,137,87,2.1058470963174747,2.2904797317103833,2.8969100364252882,85,80,84,4,0,0,-1,-1,-1,-1,-1,0,0,0,0,0,0,-1,-1,-1,0,0,0,0,0
89,1542829021.1490047,set_reference,89,1145,145,-1,-1,-1,-1,-1,-1,-1,-1,0,0,-1,-1,-1,-1,-1,0,0,0,0,-1,-1,-1,-1,-1,0,0,0,0,0
90,1542829021.1996729,reset_too_few_matches,89,1119,143,97,2.248060173320702,2.305201646263364,3.4807696871321325,94,87,90,2,0,0,-1,-1,-1,-1,-1,0,0,0,0,0,0,-1,-1,-1,0,0,0,0,0
91,1542829021.2481987,set_reference,91,1142,140,-1,-1,-1,-1,-1,-1,-1,-1,0,0,-1,-1,-1,-1,-1,0,0,0,0,-1,-1,-1,-1,-1,0,0,0,0,0
92,1542829021.2983983,reset_too_few_matches,91,1116,134,85,2.1292197414207599,2.3197853329610512,3.3082012180494256,85,75,83,0,0,0,-1,-1,-1,-1,-1,0,0,0,0,0,0,-1,-1,-1,0,0,0,0,0
93,1542829021.3495591,set_reference,93,1151,132,-1,-1,-1,-1,-1,-1,-1,-1,0,0,-1,-1,-1,-1,-1,0,0,0,0,-1,-1,-1,-1,-1,0,0,0,0,0
94,1542829021.400166,reset_too_few_matches,93,1132,142,92,1.4693034178650537,2.3083361728046468,3.2669028652904371,90,81,87,3,0,0,-1,-1,-1,-1,-1,0,0,0,0,0,0,-1,-1,-1,0,0,0,0,0
95,1542829021.4486523,set_reference,95,1133,137,-1,-1,-1,-1,-1,-1,-1,-1,0,0,-1,-1,-1,-1,-1,0,0,0,0,-1,-1,-1,-1,-1,0,0,0,0,0
96,1542829021.4995172,reset_too_few_matches,95,1140,132,91,1.4443171272961604,2.2930893492624147,3.2457585834538003,86,80,88,3,0,0,-1,-1,-1,-1,-1,0,0,0,0,0,0,-1,-1,-1,0,0,0,0,0
97,1542829021.5494146,set_reference,97,1131,138,-1,-1,-1,-1,-1,-1,-1,-1,0,0,-1,-1,-1,-1,-1,0,0,0,0,-1,-1,-1,-1,-1,0,0,0,0,0
98,1542829021.5994761,reset_too_few_matches,97,1129,141,99,1.4325941234875244,2.2779340633261014,2.9862227024243069,95,80,94,0,0,0,-1,-1,-1,-1,-1,0,0,0,0,0,0,-1,-1,-1,0,0,0,0,0
99,1542829021.6496413,set_reference,99,1101,147,-1,-1,-1,-1,-1,-1,-1,-1,0,0,-1,-1,-1,-1,-1,0,0,0,0,-1,-1,-1,-1,-1,0,0,0,0,0
100,1542829021.6988578,initializer_geometry_reject,99,1151,139,103,1.3068664292865153,1.486481964694099,2.3540037206708382,94,95,97,0,0,0,1073.8482666015625,1178.565673828125,0.47675436735153198,102,102,0,0,0,0,102,102,1.6103404760360718,1.0167124271392822,1.013117790222168,1,0,1,1,1
101,1542829021.7489839,initializer_geometry_reject,99,1199,155,106,2.8751743929649747,3.6498619361913827,4.3169214967364216,91,91,100,100,0,0,1086.293212890625,1195.0587158203125,0.47616201639175415,101,104,0,0,0,0,101,101,1.3671624660491943,1.0091979503631592,1.01576828956604,1,0,1,1,1
102,1542829021.7995205,reset_too_few_matches,99,1227,148,95,4.2944847187675581,5.0583135755562614,5.9226123251549145,95,94,95,0,0,0,-1,-1,-1,-1,-1,0,0,0,0,0,0,-1,-1,-1,0,0,0,0,0
103,1542829021.8490596,set_reference,103,1223,151,-1,-1,-1,-1,-1,-1,-1,-1,0,0,-1,-1,-1,-1,-1,0,0,0,0,-1,-1,-1,-1,-1,0,0,0,0,0
104,1542829021.899956,initializer_geometry_reject,103,1277,155,104,1.0235091110397085,1.440894626662121,2.2724453219505651,99,91,100,4,0,0,1065.2122802734375,1161.573974609375,0.47836309671401978,102,102,0,0,0,0,102,102,0.56440597772598267,1.0050283670425415,1.0058823823928833,1,0,0,1,1
105,1542829021.9482601,reset_too_few_matches,103,1284,164,99,1.9575528412864363,2.8445280295859035,3.5904084800733442,97,84,96,0,0,0,-1,-1,-1,-1,-1,0,0,0,0,0,0,-1,-1,-1,0,0,0,0,0
106,1542829021.9996343,set_reference,106,1290,158,-1,-1,-1,-1,-1,-1,-1,-1,0,0,-1,-1,-1,-1,-1,0,0,0,0,-1,-1,-1,-1,-1,0,0,0,0,0
107,1542829022.0481386,initializer_geometry_reject,106,1267,160,107,1.0118024481507615,1.4260612255362126,2.2961496309013132,102,91,102,0,0,0,1057.317138671875,1193.421142578125,0.4697645902633667,101,105,0,0,0,0,101,101,0.84464645385742188,1.0058203935623169,1.0098289251327515,1,0,0,1,1
108,1542829022.098928,initializer_geometry_reject,106,1261,166,104,1.0541763426631587,2.2533541532065966,3.2072301162832209,100,90,98,6,0,0,1072.7379150390625,1156.451171875,0.48122340440750122,99,102,0,0,0,0,99,99,0.36530500650405884,1.0031710863113403,1.0052660703659058,1,0,0,1,1
109,1542829022.1483886,initializer_geometry_reject,106,1264,152,105,2.051282033754648,3.0314397193341454,4.4539308805221545,100,90,101,0,0,0,1089.0360107421875,1154.7315673828125,0.48536044359207153,101,101,0,0,0,0,101,101,0.3981127142906189,1.0005952119827271,1.0110622644424438,1,0,0,1,1
110,1542829022.1990504,initializer_geometry_reject,106,1331,167,102,2.0970337437447379,3.247583268736669,4.6450480602729494,90,93,98,98,0,0,1099.1182861328125,1164.3802490234375,0.4855838418006897,101,102,0,0,0,0,101,101,0.53886651992797852,1.0037121772766113,1.00971519947052,1,0,0,1,1
111,1542829022.2492659,initializer_geometry_reject,106,1416,185,100,2.2899233007846855,4.2189611308529198,5.6911098162561959,93,91,99,24,0,0,1074.4393310546875,1145.5469970703125,0.48398464918136597,98,99,0,0,0,1,98,98,0.94253063201904297,1.0062175989151001,1.0139291286468506,1,0,0,1,1
112,1542829022.2988365,initializer_geometry_reject,106,1447,192,110,2.8667493196586018,4.5282718211449158,6.6901010335955169,110,100,104,104,0,0,1163.52099609375,1234.3045654296875,0.48524001240730286,109,109,0,0,0,0,109,109,0.91962271928787231,1.0066772699356079,1.0150587558746338,1,0,0,1,1
113,1542829022.3484502,initializer_geometry_reject,106,1458,185,113,3.1127664092778256,5.2525437819286251,7.4096048337311959,103,97,106,60,0,0,1175.58056640625,1264.71337890625,0.48173728585243225,111,111,0,0,0,0,111,111,1.2574105262756348,1.0072382688522339,1.0194180011749268,1,0,1,1,1
114,1542829022.3994546,reset_too_few_matches,106,1503,194,98,3.2376210684981381,5.464898553304482,8.2009381043334439,98,86,95,94,0,0,-1,-1,-1,-1,-1,0,0,0,0,0,0,-1,-1,-1,0,0,0,0,0
115,1542829022.4509168,set_reference,115,1489,198,-1,-1,-1,-1,-1,-1,-1,-1,0,0,-1,-1,-1,-1,-1,0,0,0,0,-1,-1,-1,-1,-1,0,0,0,0,0
116,1542829022.4992127,initializer_geometry_reject,115,1554,206,143,0,0.64955629856211772,1.5107128525268085,127,121,138,1,0,0,1464.1839599609375,1585.127685546875,0.48016870021820068,138,139,0,0,0,0,138,138,0.47560113668441772,1.0037258863449097,1.0050878524780273,1,0,0,1,1
117,1542829022.5486107,initializer_geometry_reject,115,1544,197,127,0,1.0310326061713331,2.093947575636034,111,109,121,0,0,0,1302.70068359375,1413.30908203125,0.47963771224021912,124,126,0,0,0,0,124,124,1.6331470012664795,1.0119608640670776,1.017889142036438,1,0,1,1,1
118,1542829022.5996504,initializer_geometry_reject,115,1581,201,126,0.22964529449302834,1.0804154063506806,2.3178028595219309,115,111,120,2,0,0,1317.384521484375,1405.8255615234375,0.48376163840293884,120,123,0,0,0,0,120,120,0.21306245028972626,1.0030988454818726,1.0074774026870728,1,0,0,1,1
119,1542829022.6485436,initializer_geometry_reject,115,1584,216,132,1.0167351858985192,1.4891997854270884,2.4768987117220904,124,110,123,11,0,0,1354.056640625,1447.6556396484375,0.48329609632492065,128,127,0,0,0,1,128,128,0.28871405124664307,1.0032498836517334,1.0094059705734253,1,0,0,1,1
120,1542829022.699039,initializer_geometry_reject,115,1613,217,122,1.0136306027814506,2.0801084898938633,3.3117158122915611,119,110,116,35,0,0,1253.491943359375,1360.8515625,0.47946718335151672,120,121,0,0,0,0,120,120,0.39909449219703674,1.0022982358932495,1.0108294486999512,1,0,0,1,1
121,1542829022.7497461,initializer_geometry_reject,115,1647,223,120,1.0260578747465126,2.2485151983731022,3.5243650954892027,112,104,118,48,0,0,1284.0802001953125,1364.0291748046875,0.48490452766418457,119,119,0,0,0,0,119,119,0.78907114267349243,1.0054153203964233,1.0126336812973022,1,0,0,1,1
122,1542829022.798249,initializer_geometry_reject,115,1680,231,136,1.3979411713348082,2.3707781419559462,4.2942219470627379,134,118,128,72,0,0,1409.2099609375,1536.5098876953125,0.47839242219924927,133,134,0,0,0,0,133,133,1.081551194190979,1.0028859376907349,1.0245896577835083,1,0,1,1,1
123,1542829022.8493862,initializer_geometry_reject,115,1735,244,134,1.4496410272059725,3.041003238958166,4.5328672187696064,116,117,129,77,0,0,1398.5201416015625,1525.320556640625,0.47831609845161438,131,133,0,0,0,0,131,131,0.85934531688690186,1.0041540861129761,1.0204870700836182,1,0,0,1,1
124,1542829022.8985691,initializer_geometry_reject,115,1752,236,128,2.0428113466130986,3.3109726265146824,5.354049515211071,124,113,120,80,0,0,1336.8870849609375,1440.0833740234375,0.48141926527023315,125,125,0,0,0,1,125,125,1.4045813083648682,1.0098063945770264,1.0226913690567017,1,0,1,1,1
125,1542829022.9499917,initializer_geometry_reject,115,1783,233,122,2.0471474442219715,3.7625767962754906,5.8453569879704039,118,113,120,94,0,0,1288.9586181640625,1379.05029296875,0.48311632871627808,121,121,0,0,0,1,121,121,1.0671621561050415,1.0039620399475098,1.0290716886520386,1,0,1,1,1
126,1542829022.9999068,initializer_geometry_reject,115,1829,249,126,2.3010917545219045,3.877549779183485,6.2689182043867966,114,109,122,101,0,0,1312.48046875,1408.8912353515625,0.48228639364242554,124,125,0,0,0,1,124,124,1.0755640268325806,1.0057787895202637,1.0256873369216919,1,0,1,1,1
127,1542829023.048327,initializer_geometry_reject,115,1798,240,125,2.2590410818509032,4.2458583236604035,6.873262448600248,119,111,122,110,0,0,1345.4681396484375,1415.834716796875,0.48725846409797668,124,124,0,0,0,1,124,124,1.321750283241272,1.0080102682113647,1.0295730829238892,1,0,1,1,1
128,1542829023.098201,initializer_geometry_reject,115,1862,261,128,2.3287539426494268,4.7017691000995221,7.4780575290584892,126,110,123,120,0,0,1347.923828125,1455.9207763671875,0.48074126243591309,127,127,0,0,0,1,127,127,1.2567877769470215,1.004204273223877,1.0340052843093872,1,0,1,1,1
129,1542829023.1496389,initializer_geometry_reject,115,1943,271,125,2.9063167221779529,5.1496865692174865,7.8091949159364411,124,111,123,109,0,0,1342.0968017578125,1431.2159423828125,0.4839327335357666,124,125,0,0,0,1,124,124,1.499852180480957,1.0067857503890991,1.0354397296905518,1,0,1,1,1
130,1542829023.2025688,initializer_geometry_reject,115,2013,282,121,3.1362065400896419,5.674750298836968,9.2517573342656085,112,104,111,111,0,0,1224.3348388671875,1315.6646728515625,0.48202168941497803,113,114,0,0,0,1,113,113,1.6265431642532349,1.0096791982650757,1.0360404253005981,1,0,1,1,1
131,1542829023.2502041,initializer_geometry_reject,115,1797,236,121,3.2566313033035161,6.0289376578631915,8.8150479765051557,117,106,111,111,0,0,1236.530029296875,1334.314208984375,0.48098209500312805,118,118,0,0,0,1,118,118,2.2593209743499756,1.0174859762191772,1.0348693132400513,1,0,1,1,1
132,1542829023.2980838,initializer_geometry_reject,115,1812,240,115,3.3681897506501817,6.3719016217231736,10.008763830905741,112,103,110,110,0,0,1191.368408203125,1279.4573974609375,0.48217421770095825,112,113,0,0,0,1,112,112,2.3354833126068115,1.0145459175109863,1.04219651222229,1,0,1,1,1
133,1542829023.3478191,initializer_geometry_reject,115,1863,256,119,4.0171275759653984,6.7868586855497623,10.083737193296619,113,100,112,108,0,0,1224.626708984375,1323.640869140625,0.48057225346565247,117,117,0,1,0,1,117,117,2.495753288269043,1.0138332843780518,1.0447676181793213,1,0,1,1,1
134,1542829023.3999634,initializer_geometry_reject,115,1905,252,113,3.7387275988389574,7.4357169445364173,11.227918405404914,100,96,108,104,0,0,1165.7965087890625,1261.66259765625,0.48025384545326233,110,111,0,0,0,1,110,110,2.1499485969543457,1.0117278099060059,1.0462501049041748,1,0,1,1,1
135,1542829023.4500892,initializer_geometry_reject,115,1958,278,124,4.191257643085069,7.4615502209574673,11.675416176501692,111,113,118,118,0,0,1312.66064453125,1412.767333984375,0.48163467645645142,123,124,0,0,0,0,123,123,2.3362376689910889,1.0130133628845215,1.049321174621582,1,0,1,1,1
136,1542829023.4997854,initializer_geometry_reject,115,1721,219,117,4.453712939255289,7.7598395827749052,11.783405129212285,115,103,112,112,0,0,1210.1832275390625,1327.8138427734375,0.47682610154151917,114,116,0,0,0,1,114,114,2.7399542331695557,1.0184465646743774,1.049129843711853,1,0,1,1,1
137,1542829023.5487761,initializer_geometry_reject,115,1808,249,116,3.9361878648714823,8.3215103327635234,12.776752038377325,112,101,109,104,0,0,1177.439208984375,1293.0592041015625,0.47659984230995178,112,115,0,1,0,1,112,112,2.2301993370056152,1.0126038789749146,1.0538746118545532,1,0,1,1,1
138,1542829023.5986838,initializer_geometry_reject,115,1734,230,112,4.2550923008220662,8.8703020711078615,12.720237322847909,105,100,107,107,0,0,1148.7850341796875,1261.8486328125,0.47654896974563599,109,111,0,0,0,1,109,109,2.636336088180542,1.0182608366012573,1.0503097772598267,1,0,1,1,1
139,1542829023.6506293,initializer_geometry_reject,115,1780,240,120,5.1338180514949947,9.0197816645541025,13.753888187670926,106,104,103,103,0,0,1200.6739501953125,1305.8572998046875,0.47901815176010132,116,117,0,0,0,1,116,116,3.0696275234222412,1.0208704471588135,1.0544641017913818,1,0,1,1,1
140,1542829023.7021136,initializer_geometry_reject,115,1797,232,116,4.3692754624270993,9.4139603927858637,14.146768742911995,114,103,111,111,0,0,1180.9014892578125,1307.89306640625,0.47448736429214478,116,116,0,0,0,1,116,116,2.7186539173126221,1.0177875757217407,1.0554766654968262,1,0,1,1,1
141,1542829023.7490921,initializer_geometry_reject,115,1632,206,109,4.8247001642311025,9.9842621055527569,14.854408820492228,93,92,106,106,0,0,1128.9112548828125,1235.4698486328125,0.47746586799621582,108,109,0,0,0,1,108,108,2.6153149604797363,1.020464301109314,1.0544456243515015,1,0,1,1,1
142,1542829023.7993052,initializer_geometry_reject,115,1679,214,104,3.3795375464470889,9.5801335238034451,14.741109834712356,95,95,99,99,0,0,1084.5076904296875,1182.712158203125,0.47834256291389465,103,104,0,0,0,1,103,103,2.6416025161743164,1.0156742334365845,1.0636348724365234,1,0,1,1,1
143,1542829023.8492706,initializer_geometry_reject,115,1698,225,114,4.3170290593785143,10.463793431429153,15.614740256739099,79,97,105,105,0,0,1151.1297607421875,1271.400634765625,0.47517663240432739,113,113,0,0,0,1,113,113,3.5985851287841797,1.0211232900619507,1.068115234375,1,0,1,1,1
144,1542829023.8982785,initializer_geometry_reject,115,1782,232,108,4.384051396220773,11.56630533170927,17.188615699506453,105,90,98,97,0,0,1091.0755615234375,1203.609130859375,0.47547954320907593,105,106,0,0,0,1,105,105,3.111182689666748,1.0186833143234253,1.0689775943756104,1,0,1,1,1
145,1542829023.9483781,initializer_geometry_reject,115,1800,237,107,4.7248967368708898,11.572467831482763,17.569871600184776,96,91,100,99,0,0,1078.5184326171875,1187.9793701171875,0.47585240006446838,102,106,0,1,0,1,102,102,3.6443796157836914,1.0239213705062866,1.0693399906158447,1,0,1,1,1
146,1542829023.9983997,initializer_geometry_reject,115,1819,233,101,5.917575644744332,12.064539950118416,18.788893030020951,96,96,99,99,0,0,1072.4945068359375,1163.586669921875,0.47963130474090576,100,101,0,0,0,1,100,100,3.1546118259429932,1.021572470664978,1.0705329179763794,1,0,1,1,1
147,1542829024.0479879,initializer_geometry_reject,115,1927,270,112,5.7773796920925227,12.492538998015956,19.817894981500434,110,103,103,102,0,0,1151.6922607421875,1249.193603515625,0.47969475388526917,110,110,0,0,0,1,110,110,3.4907636642456055,1.0207703113555908,1.0732872486114502,1,0,1,1,1
148,1542829024.0983336,initializer_geometry_reject,115,1862,249,112,6.3958649316199487,13.470171413111313,20.969745903772008,96,95,101,101,0,0,1115.8341064453125,1227.0762939453125,0.47625982761383057,107,108,0,0,0,1,107,107,4.0346851348876953,1.0233438014984131,1.0801887512207031,1,0,1,1,1
149,1542829024.1478522,initializer_geometry_reject,115,1891,258,106,7.4790571561260499,14.572188735339219,22.160127723966767,82,89,98,98,0,0,1102.2962646484375,1197.97900390625,0.47920188307762146,104,105,0,0,0,1,104,104,3.9177165031433105,1.0290679931640625,1.0706104040145874,1,0,1,1,1
150,1542829024.200243,initializer_geometry_reject,115,1871,252,106,6.4124228441689581,14.639992208691815,23.322013886249998,103,89,96,96,0,0,1085.265869140625,1187.7757568359375,0.47745096683502197,103,106,0,0,0,0,103,103,3.9033448696136475,1.0258893966674805,1.0793495178222656,1,0,1,1,1
151,1542829024.2493944,initializer_geometry_reject,115,1680,220,100,6.7519320806097305,15.531595741139586,23.028569388341722,93,86,95,95,0,0,1051.523681640625,1122.55859375,0.48366323113441467,100,99,0,0,0,1,100,100,4.3735857009887695,1.0278068780899048,1.0870407819747925,1,0,1,1,1
152,1542829024.2993429,initializer_geometry_reject,115,1717,216,101,7.3691467732647267,17.058617265032996,26.322600737100977,95,85,93,92,0,0,998.9932861328125,1127.139892578125,0.4698638916015625,98,100,0,0,0,1,98,98,4.1241679191589355,1.0253193378448486,1.0879391431808472,1,0,1,1,1
153,1542829024.3483498,initializer_geometry_reject,115,1739,219,114,8.2090617880388184,17.682248478005221,27.442013743049809,106,99,104,104,0,0,1149.901611328125,1274.603759765625,0.47428297996520996,113,114,0,0,0,1,113,113,4.5525975227355957,1.0303266048431396,1.0856462717056274,1,0,1,1,1
154,1542829024.399051,initializer_geometry_reject,115,1747,229,106,8.8417029689533724,19.778451680693912,29.159455004378309,85,87,101,101,0,0,1037.43408203125,1167.1256103515625,0.47058564424514771,102,104,0,0,0,1,102,102,4.5340161323547363,1.0302836894989014,1.0875701904296875,1,0,1,1,1
155,1542829024.4491596,reset_too_few_matches,115,1778,230,94,11.346484686414257,21.100415339004236,30.794360230868826,83,77,86,86,0,0,-1,-1,-1,-1,-1,0,0,0,0,0,0,-1,-1,-1,0,0,0,0,0
156,1542829024.4978671,set_reference,156,1696,217,-1,-1,-1,-1,-1,-1,-1,-1,0,0,-1,-1,-1,-1,-1,0,0,0,0,-1,-1,-1,-1,-1,0,0,0,0,0
157,1542829024.5480967,initializer_geometry_reject,156,1734,226,151,1.4300863984328946,1.4559205890234466,2.3379887868594587,150,140,148,3,0,0,1660.7767333984375,1747.904541015625,0.48721975088119507,150,150,0,0,0,0,150,150,0.25256422162055969,1.0012499094009399,1.00423264503479,1,0,0,1,1
158,1542829024.5985603,initializer_geometry_reject,156,1747,226,145,2.8642777197462537,3.3704448027810283,4.3223060644688491,143,131,141,0,0,0,1522.6376953125,1632.246337890625,0.48262873291969299,142,141,0,0,0,0,142,142,0.14401765167713165,1.0032358169555664,1.0086629390716553,1,0,0,1,1
159,1542829024.6478319,initializer_geometry_reject,156,1700,215,152,4.3531335214045912,5.1116296196866582,5.9640142794632034,142,141,149,8,0,0,1627.50439453125,1735.8050537109375,0.48389968276023865,152,152,0,0,0,0,152,152,0.90913671255111694,1.0034890174865723,1.0146946907043457,1,0,0,1,1
160,1542829024.6990669,initializer_geometry_reject,156,1698,212,131,6.019371056343628,6.7227340795698636,8.0028291725051464,118,118,126,1,0,0,1387.572021484375,1489.7991943359375,0.48223602771759033,130,130,0,0,0,0,130,130,0.50474214553833008,1.0028733015060425,1.0080866813659668,1,0,0,1,1
161,1542829024.7478466,initializer_geometry_reject,156,1678,214,142,7.9813234272212981,8.8371059933316403,10.227789717269658,139,129,138,13,0,0,1509.87255859375,1596.8765869140625,0.48599758744239807,139,138,0,0,0,0,139,139,1.0753821134567261,1.0098035335540771,1.0107769966125488,1,0,1,1,1
162,1542829024.7994144,initializer_geometry_reject,156,1746,226,139,9.6122880827844419,10.789480291898414,11.792921323661696,138,121,137,14,0,0,1483.3739013671875,1592.8056640625,0.48221302032470703,137,139,0,0,0,0,137,137,0.99720734357833862,1.0062873363494873,1.0149332284927368,1,0,0,1,1
163,1542829024.8485823,initializer_geometry_reject,156,1767,213,134,11.280990751326895,12.910172031904938,14.034124602289618,127,122,130,2,0,0,1444.8546142578125,1512.027099609375,0.48864132165908813,132,132,0,0,0,0,132,132,1.3417342901229858,1.0112371444702148,1.0136622190475464,1,0,1,1,1
164,1542829024.899364,initializer_geometry_reject,156,1666,203,133,13.257029922711229,14.529134145796643,16.235623333433033,106,122,128,37,0,0,1439.6375732421875,1509.626220703125,0.48813456296920776,133,133,0,0,0,0,133,133,1.3131351470947266,1.01362144947052,1.0129094123840332,1,0,1,1,1
165,1542829024.9514332,initializer_geometry_reject,156,1750,222,137,15.303760677562408,16.604093108703903,18.340192177063805,135,120,133,39,0,0,1441.1507568359375,1538.5999755859375,0.48364809155464172,135,135,0,0,0,0,135,135,1.7594743967056274,1.0162633657455444,1.0174635648727417,1,0,1,1,1
166,1542829024.9990568,initializer_geometry_reject,156,1748,205,125,17.213048980468493,18.458814907602804,20.532506335064436,121,115,123,4,0,0,1350.29248046875,1447.3519287109375,0.48265334963798523,125,125,0,0,0,0,125,125,1.2051224708557129,1.0125107765197754,1.01149582862854,1,0,1,1,1
167,1542829025.0488009,initializer_geometry_reject,156,1715,218,131,18.917555136356384,20.572372173495893,22.736826420800941,128,119,128,37,0,0,1419.216796875,1493.1964111328125,0.48729929327964783,131,131,0,0,0,0,131,131,1.124483585357666,1.008731484413147,1.0166929960250854,1,0,1,1,1
168,1542829025.0981636,initializer_geometry_reject,156,1652,196,137,21.056226950373059,22.70934045206846,24.93330321243657,132,122,130,52,0,0,1423.71240234375,1558.30029296875,0.47743338346481323,135,137,0,0,0,0,135,135,2.2064661979675293,1.0195764303207397,1.0218428373336792,1,0,1,1,1
169,1542829025.1489923,initializer_geometry_reject,156,1710,220,139,23.051798036903623,24.683209998240425,27.129618795141976,129,121,136,58,0,0,1468.8905029296875,1570.8045654296875,0.48323613405227661,138,137,0,0,0,0,138,138,1.8562508821487427,1.0149803161621094,1.0208455324172974,1,0,1,1,1
170,1542829025.1990573,initializer_geometry_reject,156,1691,208,133,25.065684025845446,26.974850232189961,29.448750776135334,128,124,132,132,0,0,1420.756591796875,1509.7183837890625,0.48482125997543335,132,132,0,0,0,0,132,132,1.6159209012985229,1.0157372951507568,1.017198920249939,1,0,1,1,1
171,1542829025.2478824,initializer_geometry_reject,156,1665,212,145,26.92892389701527,28.854553741726132,31.639110162668768,134,137,144,30,0,0,1598.6478271484375,1668.7874755859375,0.48926687240600586,145,145,0,0,0,0,145,145,2.0856277942657471,1.0212885141372681,1.0190479755401611,1,0,1,1,1
172,1542829025.2976084,initializer_geometry_reject,156,1657,194,130,28.740677781654814,30.925656974667426,34.032813302026348,123,115,125,42,0,0,1362.4141845703125,1471.4949951171875,0.48075434565544128,129,129,0,0,0,0,129,129,2.3711631298065186,1.0255476236343384,1.0204561948776245,1,0,1,1,1
173,1542829025.3482318,initializer_geometry_reject,156,1618,180,125,30.710845688982509,33.102434036392573,36.34486044054642,105,106,116,52,0,0,1285.916259765625,1390.314208984375,0.48049533367156982,122,122,0,0,0,0,122,122,1.6343449354171753,1.0149126052856445,1.0191620588302612,1,0,1,1,1
174,1542829025.3988042,initializer_geometry_reject,156,1633,195,130,32.843233935062258,35.015861729708192,38.329103068462324,112,110,118,91,0,0,1309.5450439453125,1433.9456787109375,0.47732803225517273,126,127,0,0,0,0,126,126,2.7813634872436523,1.0233608484268188,1.0295817852020264,1,0,1,1,1
175,1542829025.448365,initializer_geometry_reject,156,1707,207,132,34.398454281662481,37.310341830484944,40.532035476885689,118,117,118,118,0,0,1388.79931640625,1500.25732421875,0.48071029782295227,131,132,0,0,0,0,131,131,2.5597908496856689,1.0234607458114624,1.0250073671340942,1,0,1,1,1
176,1542829025.4981987,initializer_geometry_reject,156,1642,195,131,36.418744170720508,38.881902559372541,42.694821605757113,127,118,129,54,0,0,1400.149658203125,1503.2301025390625,0.48224818706512451,130,131,0,0,0,0,130,130,3.2254326343536377,1.0299290418624878,1.0297399759292603,1,0,1,1,1
177,1542829025.5477681,initializer_geometry_reject,156,1643,190,120,38.759444422407036,40.909686860605213,44.308137727228235,116,106,104,104,0,0,1213.0849609375,1320.1297607421875,0.47887173295021057,115,118,0,0,0,0,115,115,3.4311378002166748,1.0314414501190186,1.0336500406265259,1,0,1,1,1
178,1542829025.5995076,initializer_geometry_reject,156,1607,182,117,40.536057062048762,43.234728997838559,47.717069111269204,100,101,114,72,0,0,1226.5020751953125,1322.58740234375,0.48115304112434387,115,115,0,0,0,1,115,115,2.8513543605804443,1.0248780250549316,1.0308198928833008,1,0,1,1,1
179,1542829025.6501856,initializer_geometry_reject,156,1583,182,120,42.359601730794196,44.881269018291576,49.253349264854094,105,107,112,111,0,0,1241.3629150390625,1322.0870361328125,0.48425477743148804,116,116,0,0,0,1,116,116,3.5785613059997559,1.0346543788909912,1.0329831838607788,1,0,1,1,1
180,1542829025.6978314,initializer_geometry_reject,156,1552,180,130,44.021886121876861,47.055468665351512,51.588116683676134,114,115,122,122,0,0,1323.8028564453125,1435.5880126953125,0.47974458336830139,126,128,0,0,0,1,126,126,3.8363995552062988,1.0415688753128052,1.0321071147918701,1,0,1,1,1
181,1542829025.7487972,initializer_geometry_reject,156,1558,179,112,45.560366929645689,48.833695279982337,52.72022071870547,100,102,100,30,0,0,1168.1385498046875,1259.328125,0.48121711611747742,110,110,0,0,0,1,110,110,4.301793098449707,1.0418353080749512,1.0400844812393188,1,0,1,1,1
182,1542829025.798485,initializer_geometry_reject,156,1501,156,110,47.634576503043498,50.635406668113419,55.01372425673803,97,104,100,92,0,0,1159.697265625,1266.98046875,0.47789505124092102,109,110,0,0,0,0,109,109,3.3182988166809082,1.0345691442489624,1.0312279462814331,1,0,1,1,1
183,1542829025.8486018,reset_too_few_matches,156,1526,164,97,49.637904492319031,53.297579703240586,58.196882939763945,81,89,91,52,0,0,-1,-1,-1,-1,-1,0,0,0,0,0,0,-1,-1,-1,0,0,0,0,0
184,1542829025.8987899,set_reference,184,1493,179,-1,-1,-1,-1,-1,-1,-1,-1,0,0,-1,-1,-1,-1,-1,0,0,0,0,-1,-1,-1,-1,-1,0,0,0,0,0
185,1542829025.9485197,initializer_geometry_reject,184,1505,158,117,1.4224078718809872,2.1163732330465312,2.3381913353143329,112,106,113,4,0,0,1253.52392578125,1337.7332763671875,0.48375123739242554,116,116,0,0,0,0,116,116,0.79154711961746216,1.0055861473083496,1.0093226432800293,1,0,0,1,1
186,1542829025.9976218,initializer_geometry_reject,184,1480,170,115,3.2369177051090925,3.6963800184782705,4.6268569864733182,105,106,111,10,0,0,1216.067626953125,1308.5377197265625,0.48168620467185974,114,115,0,0,0,0,114,114,0.5169987678527832,1.0035346746444702,1.0064892768859863,1,0,0,1,1
187,1542829026.0488641,initializer_geometry_reject,184,1464,171,108,5.0762281212753084,5.600960319350337,6.6390776973087364,102,102,107,3,0,0,1159.15869140625,1236.4652099609375,0.48386502265930176,107,107,0,0,0,0,107,107,0.23069989681243896,1.0000865459442139,1.0088815689086914,1,0,0,1,1
188,1542829026.0976067,initializer_geometry_reject,184,1486,171,124,6.7360966520350773,7.5061830637534595,8.3266036394018368,123,105,121,2,0,0,1312.1805419921875,1401.458984375,0.48355004191398621,123,123,0,0,0,0,123,123,1.148247241973877,1.0095266103744507,1.0114395618438721,1,0,1,1,1
189,1542829026.1500611,initializer_geometry_reject,184,1484,177,122,8.2282147082982764,9.1575837514833474,10.266846842030905,103,112,121,7,0,0,1295.376953125,1390.039794921875,0.4823746383190155,121,121,0,0,0,0,121,121,0.93272197246551514,1.0102469921112061,1.0069308280944824,1,0,0,1,1
190,1542829026.1997178,initializer_geometry_reject,184,1454,170,121,9.9302639754511581,11.097925957131828,12.330908762759536,115,107,119,2,0,0,1289.50732421875,1368.97314453125,0.48505428433418274,119,119,0,0,0,0,119,119,1.2849657535552979,1.0133638381958008,1.0103572607040405,1,0,1,1,1
191,1542829026.2486677,initializer_geometry_reject,184,1461,168,105,11.354446524882533,12.561896940869376,14.079193275162362,98,96,105,1,0,0,1132.3016357421875,1193.649658203125,0.4868122935295105,105,105,0,1,0,1,105,105,1.1661717891693115,1.0095881223678589,1.011909008026123,1,0,1,1,1
192,1542829026.2987726,initializer_geometry_reject,184,1471,177,116,13.265126657343671,14.487300288739048,15.927991543739626,116,104,113,3,0,0,1250.77685546875,1327.8753662109375,0.48505058884620667,116,116,0,0,0,0,116,116,1.0262196063995361,1.0088015794754028,1.0100613832473755,1,0,1,1,1
193,1542829026.3492339,initializer_geometry_reject,184,1478,180,115,14.604117702934703,15.918069474656345,18.001267087161089,106,105,111,10,0,0,1234.063232421875,1305.9169921875,0.48585546016693115,114,114,0,0,0,0,114,114,0.074018746614456177,1.0131376981735229,1.0089735984802246,1,0,0,1,1
194,1542829026.3977914,initializer_geometry_reject,184,1448,163,108,15.992776870036723,17.816476451385569,19.433601050074628,107,96,105,4,0,0,1162.48095703125,1235.0244140625,0.48487105965614319,107,107,0,0,0,0,107,107,1.690843939781189,1.0155328512191772,1.0155847072601318,1,0,1,1,1
195,1542829026.4494309,initializer_geometry_reject,184,1409,169,105,17.471241563657671,19.281827079501628,21.474625801433501,95,93,102,3,0,0,1123.5174560546875,1204.017333984375,0.48270708322525024,103,104,0,0,0,1,103,103,1.6856276988983154,1.0155643224716187,1.0152033567428589,1,0,1,1,1
196,1542829026.4979062,initializer_geometry_reject,184,1365,148,100,18.954368899990623,21.269726201717759,22.982856846303143,83,88,93,4,0,0,1031.50927734375,1108.4522705078125,0.48202237486839294,97,98,0,0,0,0,97,97,1.432448148727417,1.0135753154754639,1.013859748840332,1,0,1,1,1
197,1542829026.5488179,initializer_geometry_reject,184,1362,159,105,20.43880225850052,22.413447193637367,24.786223704650592,91,96,101,6,0,0,1110.82080078125,1193.4019775390625,0.48208048939704895,104,104,0,0,0,0,104,104,1.8292757272720337,1.0161287784576416,1.0174354314804077,1,0,1,1,1
198,1542829026.597707,initializer_geometry_reject,184,1411,157,103,21.637477524200136,24.467842974361282,27.289324122750948,97,95,100,16,0,0,1090.6500244140625,1168.2835693359375,0.48281633853912354,101,101,0,0,0,0,101,101,2.0741481781005859,1.0179725885391235,1.0218163728713989,1,0,1,1,1
199,1542829026.6495645,initializer_geometry_reject,184,1341,147,108,23.279032542812271,25.709341515384672,28.30603331344928,97,97,102,18,0,0,1123.385009765625,1203.79248046875,0.48272424936294556,105,105,0,0,0,0,105,105,1.6259415149688721,1.0211032629013062,1.0113414525985718,1,0,1,1,1
200,1542829026.6982565,initializer_geometry_reject,184,1338,148,101,24.752433879891711,27.671096406117066,30.424216380314043,95,90,97,16,0,0,1061.041748046875,1132.6280517578125,0.48368340730667114,100,101,0,0,0,0,100,100,2.0954580307006836,1.0236096382141113,1.0159139633178711,1,0,1,1,1
201,1542829026.7475522,initializer_geometry_reject,184,1309,146,105,25.924286798780297,28.903880415849038,31.7711921717172,94,94,102,38,0,0,1102.3343505859375,1196.9122314453125,0.4794328510761261,103,104,0,0,0,1,103,103,2.2271256446838379,1.0236843824386597,1.0179446935653687,1,0,1,1,1
202,1542829026.7982266,initializer_geometry_reject,184,1387,157,102,27.171156266946213,30.740537702429638,33.878200793513685,100,91,92,1,0,0,1057.358642578125,1133.4757080078125,0.48262825608253479,99,100,0,0,0,0,99,99,2.0492768287658691,1.0197027921676636,1.0200338363647461,1,0,1,1,1
203,1542829026.8477011,initializer_geometry_reject,184,1338,159,107,28.732035230136628,32.123906983739808,35.809810265711157,100,101,101,101,0,0,1138.3182373046875,1217.1109619140625,0.48327422142028809,105,106,0,0,0,0,105,105,2.3895001411437988,1.0239627361297607,1.0214756727218628,1,0,1,1,1
204,1542829026.8975759,initializer_geometry_reject,184,1344,146,106,30.034340300690467,33.368393239152617,37.165901227686263,83,95,93,93,0,0,1093.2183837890625,1192.1126708984375,0.47836324572563171,104,105,0,0,0,0,104,104,1.8626711368560791,1.0168358087539673,1.0201148986816406,1,0,1,1,1
205,1542829026.9485674,reset_too_few_matches,184,1287,144,92,31.646548695108713,35.175545539615534,38.253507070844428,82,85,88,18,0,0,-1,-1,-1,-1,-1,0,0,0,0,0,0,-1,-1,-1,0,0,0,0,0
206,1542829026.9974997,set_reference,206,1303,146,-1,-1,-1,-1,-1,-1,-1,-1,0,0,-1,-1,-1,-1,-1,0,0,0,0,-1,-1,-1,-1,-1,0,0,0,0,0
207,1542829027.0479066,reset_too_few_matches,206,1271,128,99,1.0198385366782694,1.4462380049281434,2.2384927280021185,95,83,97,1,0,0,-1,-1,-1,-1,-1,0,0,0,0,0,0,-1,-1,-1,0,0,0,0,0
208,1542829027.0980418,set_reference,208,1309,142,-1,-1,-1,-1,-1,-1,-1,-1,0,0,-1,-1,-1,-1,-1,0,0,0,0,-1,-1,-1,-1,-1,0,0,0,0,0
209,1542829027.1492329,reset_too_few_matches,208,1325,145,97,1.0143471352715343,1.4467717008709176,2.1381003406112757,96,90,97,2,0,0,-1,-1,-1,-1,-1,0,0,0,0,0,0,-1,-1,-1,0,0,0,0,0
210,1542829027.1985705,set_reference,210,1333,144,-1,-1,-1,-1,-1,-1,-1,-1,0,0,-1,-1,-1,-1,-1,0,0,0,0,-1,-1,-1,-1,-1,0,0,0,0,0
211,1542829027.2485631,initializer_geometry_reject,210,1275,145,106,1.0078557520007703,1.4212820033017932,2.2689659099811808,97,98,103,2,0,0,1117.07470703125,1186.64013671875,0.48490145802497864,103,104,0,0,0,0,103,103,1.061278223991394,1.0088105201721191,1.0104870796203613,1,0,1,1,1
212,1542829027.2988036,initializer_geometry_reject,210,1293,146,104,2.2427896609373867,3.0710079629475868,3.3555047465820107,102,92,101,2,0,0,1112.4088134765625,1190.119384765625,0.48312491178512573,102,103,0,0,0,0,102,102,0.06255725771188736,1.0003166198730469,1.0040053129196167,1,0,0,1,1
213,1542829027.3475325,reset_too_few_matches,210,1221,138,98,3.1719239676312418,4.2225968704975827,4.6016472473111225,94,88,96,0,0,0,-1,-1,-1,-1,-1,0,0,0,0,0,0,-1,-1,-1,0,0,0,0,0
214,1542829027.399446,set_reference,214,1269,135,-1,-1,-1,-1,-1,-1,-1,-1,0,0,-1,-1,-1,-1,-1,0,0,0,0,-1,-1,-1,-1,-1,0,0,0,0,0
215,1542829027.4495964,reset_too_few_matches,214,1233,126,90,1.0083155893015578,1.3929598328368518,2.0976736047774724,86,82,88,3,0,0,-1,-1,-1,-1,-1,0,0,0,0,0,0,-1,-1,-1,0,0,0,0,0
216,1542829027.4984658,set_reference,216,1238,125,-1,-1,-1,-1,-1,-1,-1,-1,0,0,-1,-1,-1,-1,-1,0,0,0,0,-1,-1,-1,-1,-1,0,0,0,0,0
217,1542829027.5485077,reset_too_few_matches,216,1210,125,89,1.0092060430450041,1.4293336534629129,2.1816980076505326,89,84,87,4,0,0,-1,-1,-1,-1,-1,0,0,0,0,0,0,-1,-1,-1,0,0,0,0,0
218,1542829027.5988512,set_reference,218,1298,144,-1,-1,-1,-1,-1,-1,-1,-1,0,0,-1,-1,-1,-1,-1,0,0,0,0,-1,-1,-1,-1,-1,0,0,0,0,0
219,1542829027.6482944,initializer_geometry_reject,218,1261,123,100,1.0143441144035998,1.3989466050994337,2.0873872316895827,97,88,96,60,0,0,1048.490478515625,1127.7998046875,0.48177877068519592,97,98,0,0,0,0,97,97,0.12820425629615784,1.002901554107666,1.0015373229980469,1,0,0,1,1
220,1542829027.698889,reset_too_few_matches,218,1241,128,94,1.6559414130717429,2.3064841971520225,3.2596392825128744,90,87,93,0,0,0,-1,-1,-1,-1,-1,0,0,0,0,0,0,-1,-1,-1,0,0,0,0,0
221,1542829027.748601,set_reference,221,1251,129,-1,-1,-1,-1,-1,-1,-1,-1,0,0,-1,-1,-1,-1,-1,0,0,0,0,-1,-1,-1,-1,-1,0,0,0,0,0
222,1542829027.797514,reset_too_few_matches,221,1243,131,93,1.0120735372727963,1.3343909231951123,2.2374673708551893,91,82,90,1,0,0,-1,-1,-1,-1,-1,0,0,0,0,0,0,-1,-1,-1,0,0,0,0,0
223,1542829027.8491559,set_reference,223,1209,131,-1,-1,-1,-1,-1,-1,-1,-1,0,0,-1,-1,-1,-1,-1,0,0,0,0,-1,-1,-1,-1,-1,0,0,0,0,0
224,1542829027.897928,reset_too_few_matches,223,1194,128,93,1.0095732242360473,1.0762667276636506,2.1177584670168428,90,83,90,2,0,0,-1,-1,-1,-1,-1,0,0,0,0,0,0,-1,-1,-1,0,0,0,0,0
225,1542829027.9486647,set_reference,225,1208,124,-1,-1,-1,-1,-1,-1,-1,-1,0,0,-1,-1,-1,-1,-1,0,0,0,0,-1,-1,-1,-1,-1,0,0,0,0,0
226,1542829027.9984922,reset_too_few_matches,225,1182,125,90,1.0034317369096903,1.0589324206869939,2.0732238929542746,88,84,87,3,0,0,-1,-1,-1,-1,-1,0,0,0,0,0,0,-1,-1,-1,0,0,0,0,0
227,1542829028.0480521,set_reference,227,1193,129,-1,-1,-1,-1,-1,-1,-1,-1,0,0,-1,-1,-1,-1,-1,0,0,0,0,-1,-1,-1,-1,-1,0,0,0,0,0
228,1542829028.0979869,reset_too_few_matches,227,1222,117,87,0,1.0345722963684272,1.4465055721686342,83,81,86,0,0,0,-1,-1,-1,-1,-1,0,0,0,0,0,0,-1,-1,-1,0,0,0,0,0
229,1542829028.1471038,set_reference,229,1243,126,-1,-1,-1,-1,-1,-1,-1,-1,0,0,-1,-1,-1,-1,-1,0,0,0,0,-1,-1,-1,-1,-1,0,0,0,0,0
230,1542829028.1972749,reset_too_few_matches,229,1227,123,92,0,1.0461950490359215,2.2683639366735706,89,84,88,3,0,0,-1,-1,-1,-1,-1,0,0,0,0,0,0,-1,-1,-1,0,0,0,0,0
231,1542829028.2484515,set_reference,231,1193,125,-1,-1,-1,-1,-1,-1,-1,-1,0,0,-1,-1,-1,-1,-1,0,0,0,0,-1,-1,-1,-1,-1,0,0,0,0,0
232,1542829028.2982926,reset_too_few_matches,231,1186,123,94,0,1.0438659251625018,1.4504274938323647,94,87,94,2,0,0,-1,-1,-1,-1,-1,0,0,0,0,0,0,-1,-1,-1,0,0,0,0,0
233,1542829028.3494213,set_reference,233,1237,132,-1,-1,-1,-1,-1,-1,-1,-1,0,0,-1,-1,-1,-1,-1,0,0,0,0,-1,-1,-1,-1,-1,0,0,0,0,0
234,1542829028.3982244,reset_too_few_matches,233,1231,129,98,0,1.05180226228178,1.4841595212492535,93,88,94,0,0,0,-1,-1,-1,-1,-1,0,0,0,0,0,0,-1,-1,-1,0,0,0,0,0
235,1542829028.447067,set_reference,235,1182,121,-1,-1,-1,-1,-1,-1,-1,-1,0,0,-1,-1,-1,-1,-1,0,0,0,0,-1,-1,-1,-1,-1,0,0,0,0,0
236,1542829028.4979603,reset_too_few_matches,235,1204,121,89,0,1.0458742547645492,1.5813015023103343,85,83,86,0,0,0,-1,-1,-1,-1,-1,0,0,0,0,0,0,-1,-1,-1,0,0,0,0,0
237,1542829028.5482507,set_reference,237,1182,114,-1,-1,-1,-1,-1,-1,-1,-1,0,0,-1,-1,-1,-1,-1,0,0,0,0,-1,-1,-1,-1,-1,0,0,0,0,0
238,1542829028.5985098,reset_too_few_matches,237,1224,128,86,0,1.0440644379390742,1.525463992912464,77,78,84,0,0,0,-1,-1,-1,-1,-1,0,0,0,0,0,0,-1,-1,-1,0,0,0,0,0
239,1542829028.6475034,set_reference,239,1146,111,-1,-1,-1,-1,-1,-1,-1,-1,0,0,-1,-1,-1,-1,-1,0,0,0,0,-1,-1,-1,-1,-1,0,0,0,0,0
240,1542829028.6985357,reset_too_few_matches,239,1173,111,79,0,1.0532628632229297,1.5393991727521961,79,72,79,0,0,0,-1,-1,-1,-1,-1,0,0,0,0,0,0,-1,-1,-1,0,0,0,0,0
241,1542829028.7483001,set_reference,241,1166,119,-1,-1,-1,-1,-1,-1,-1,-1,0,0,-1,-1,-1,-1,-1,0,0,0,0,-1,-1,-1,-1,-1,0,0,0,0,0
242,1542829028.7970443,reset_too_few_matches,241,1159,110,89,0,1.0340661401029279,1.4982173410562012,89,82,87,2,0,0,-1,-1,-1,-1,-1,0,0,0,0,0,0,-1,-1,-1,0,0,0,0,0
243,1542829028.8488131,set_reference,243,1180,110,-1,-1,-1,-1,-1,-1,-1,-1,0,0,-1,-1,-1,-1,-1,0,0,0,0,-1,-1,-1,-1,-1,0,0,0,0,0
244,1542829028.8996513,reset_too_few_matches,243,1183,112,88,0,1.0269822869164074,1.4990909182903429,87,81,86,2,0,0,-1,-1,-1,-1,-1,0,0,0,0,0,0,-1,-1,-1,0,0,0,0,0
245,1542829028.9488032,set_reference,245,1201,127,-1,-1,-1,-1,-1,-1,-1,-1,0,0,-1,-1,-1,-1,-1,0,0,0,0,-1,-1,-1,-1,-1,0,0,0,0,0
246,1542829028.9983568,reset_too_few_matches,245,1160,98,91,0,1.0296413493957164,1.4602816239891496,89,82,88,1,0,0,-1,-1,-1,-1,-1,0,0,0,0,0,0,-1,-1,-1,0,0,0,0,0
247,1542829029.0472169,set_reference,247,1184,107,-1,-1,-1,-1,-1,-1,-1,-1,0,0,-1,-1,-1,-1,-1,0,0,0,0,-1,-1,-1,-1,-1,0,0,0,0,0
248,1542829029.0974724,reset_too_few_matches,247,1150,111,85,0,1.0303073987064024,2.2532309865223756,81,76,83,5,0,0,-1,-1,-1,-1,-1,0,0,0,0,0,0,-1,-1,-1,0,0,0,0,0
249,1542829029.1477935,set_reference,249,1167,98,-1,-1,-1,-1,-1,-1,-1,-1,0,0,-1,-1,-1,-1,-1,0,0,0,0,-1,-1,-1,-1,-1,0,0,0,0,0
250,1542829029.1974277,reset_too_few_matches,249,1133,105,72,0,1.0269314076220144,1.4762950084348181,71,67,70,0,0,0,-1,-1,-1,-1,-1,0,0,0,0,0,0,-1,-1,-1,0,0,0,0,0
251,1542829029.2473376,set_reference,251,1155,95,-1,-1,-1,-1,-1,-1,-1,-1,0,0,-1,-1,-1,-1,-1,0,0,0,0,-1,-1,-1,-1,-1,0,0,0,0,0
252,1542829029.2987654,reset_too_few_matches,251,1203,106,67,0,1.0340662553849957,1.4556750103196283,67,61,67,0,0,0,-1,-1,-1,-1,-1,0,0,0,0,0,0,-1,-1,-1,0,0,0,0,0
253,1542829029.3491418,set_reference,253,1145,103,-1,-1,-1,-1,-1,-1,-1,-1,0,0,-1,-1,-1,-1,-1,0,0,0,0,-1,-1,-1,-1,-1,0,0,0,0,0
254,1542829029.3972359,reset_too_few_matches,253,1176,103,77,0,1.0168608720433376,1.4227855857616802,76,68,75,2,0,0,-1,-1,-1,-1,-1,0,0,0,0,0,0,-1,-1,-1,0,0,0,0,0
255,1542829029.4493957,set_reference,255,1155,100,-1,-1,-1,-1,-1,-1,-1,-1,0,0,-1,-1,-1,-1,-1,0,0,0,0,-1,-1,-1,-1,-1,0,0,0,0,0
256,1542829029.4994121,reset_too_few_matches,255,1162,103,75,0,1.0217825763624555,1.459540017149864,71,69,73,2,0,0,-1,-1,-1,-1,-1,0,0,0,0,0,0,-1,-1,-1,0,0,0,0,0
257,1542829029.5477943,set_reference,257,1172,106,-1,-1,-1,-1,-1,-1,-1,-1,0,0,-1,-1,-1,-1,-1,0,0,0,0,-1,-1,-1,-1,-1,0,0,0,0,0
258,1542829029.598259,reset_too_few_matches,257,1201,110,80,0,1.0267460694040671,1.4962124565945039,80,71,78,2,0,0,-1,-1,-1,-1,-1,0,0,0,0,0,0,-1,-1,-1,0,0,0,0,0
259,1542829029.6476681,set_reference,259,1189,112,-1,-1,-1,-1,-1,-1,-1,-1,0,0,-1,-1,-1,-1,-1,0,0,0,0,-1,-1,-1,-1,-1,0,0,0,0,0
260,1542829029.6982877,reset_too_few_matches,259,1161,109,79,0,1.0384302797275995,1.4837441816507813,78,73,77,3,0,0,-1,-1,-1,-1,-1,0,0,0,0,0,0,-1,-1,-1,0,0,0,0,0
261,1542829029.7480469,set_reference,261,1192,110,-1,-1,-1,-1,-1,-1,-1,-1,0,0,-1,-1,-1,-1,-1,0,0,0,0,-1,-1,-1,-1,-1,0,0,0,0,0
262,1542829029.7970705,reset_too_few_matches,261,1225,115,78,0,1.0261434632392659,1.4815048858515532,75,65,76,0,0,0,-1,-1,-1,-1,-1,0,0,0,0,0,0,-1,-1,-1,0,0,0,0,0
263,1542829029.8474305,set_reference,263,1188,106,-1,-1,-1,-1,-1,-1,-1,-1,0,0,-1,-1,-1,-1,-1,0,0,0,0,-1,-1,-1,-1,-1,0,0,0,0,0
264,1542829029.8969822,reset_too_few_matches,263,1238,113,81,0,1.0244775866948976,1.4783971240126781,80,74,80,0,0,0,-1,-1,-1,-1,-1,0,0,0,0,0,0,-1,-1,-1,0,0,0,0,0
265,1542829029.9484832,set_reference,265,1229,121,-1,-1,-1,-1,-1,-1,-1,-1,0,0,-1,-1,-1,-1,-1,0,0,0,0,-1,-1,-1,-1,-1,0,0,0,0,0
266,1542829029.9980578,reset_too_few_matches,265,1271,127,94,0.13514346592176724,1.0271532651786628,1.4751249082544697,86,85,92,0,0,0,-1,-1,-1,-1,-1,0,0,0,0,0,0,-1,-1,-1,0,0,0,0,0
267,1542829030.0474243,set_reference,267,1236,126,-1,-1,-1,-1,-1,-1,-1,-1,0,0,-1,-1,-1,-1,-1,0,0,0,0,-1,-1,-1,-1,-1,0,0,0,0,0
268,1542829030.097796,reset_too_few_matches,267,1238,117,88,0.46280986700136156,1.0499131095721661,1.9683536932584471,85,81,83,2,0,0,-1,-1,-1,-1,-1,0,0,0,0,0,0,-1,-1,-1,0,0,0,0,0
269,1542829030.1475468,set_reference,269,1225,118,-1,-1,-1,-1,-1,-1,-1,-1,0,0,-1,-1,-1,-1,-1,0,0,0,0,-1,-1,-1,-1,-1,0,0,0,0,0
270,1542829030.1980419,reset_too_few_matches,269,1187,114,87,0.84485915132669043,1.3826270814281081,2.1072035481484992,79,77,82,0,0,0,-1,-1,-1,-1,-1,0,0,0,0,0,0,-1,-1,-1,0,0,0,0,0
271,1542829030.2484908,set_reference,271,1228,114,-1,-1,-1,-1,-1,-1,-1,-1,0,0,-1,-1,-1,-1,-1,0,0,0,0,-1,-1,-1,-1,-1,0,0,0,0,0
272,1542829030.2994888,reset_too_few_matches,271,1235,117,80,1.0042744650569764,1.1209832564513831,1.8187135685723741,70,71,78,0,0,0,-1,-1,-1,-1,-1,0,0,0,0,0,0,-1,-1,-1,0,0,0,0,0
273,1542829030.3469334,set_reference,273,1227,109,-1,-1,-1,-1,-1,-1,-1,-1,0,0,-1,-1,-1,-1,-1,0,0,0,0,-1,-1,-1,-1,-1,0,0,0,0,0
274,1542829030.398073,reset_too_few_matches,273,1212,112,88,0,1.4222651980949115,2.1676550319830183,73,79,84,1,0,0,-1,-1,-1,-1,-1,0,0,0,0,0,0,-1,-1,-1,0,0,0,0,0
275,1542829030.4483948,set_reference,275,1200,102,-1,-1,-1,-1,-1,-1,-1,-1,0,0,-1,-1,-1,-1,-1,0,0,0,0,-1,-1,-1,-1,-1,0,0,0,0,0
276,1542829030.4976382,reset_too_few_matches,275,1180,104,77,1.01903741555385,1.4440642214775969,2.3183538771711127,75,70,75,0,0,0,-1,-1,-1,-1,-1,0,0,0,0,0,0,-1,-1,-1,0,0,0,0,0
277,1542829030.5473173,set_reference,277,1158,106,-1,-1,-1,-1,-1,-1,-1,-1,0,0,-1,-1,-1,-1,-1,0,0,0,0,-1,-1,-1,-1,-1,0,0,0,0,0
278,1542829030.5971601,reset_too_few_matches,277,1177,113,80,1.0136073627179512,1.4426393658357042,2.3193787096850285,76,76,78,3,0,0,-1,-1,-1,-1,-1,0,0,0,0,0,0,-1,-1,-1,0,0,0,0,0
279,1542829030.6471567,set_reference,279,1164,111,-1,-1,-1,-1,-1,-1,-1,-1,0,0,-1,-1,-1,-1,-1,0,0,0,0,-1,-1,-1,-1,-1,0,0,0,0,0
280,1542829030.6971784,reset_too_few_matches,279,1233,136,88,1.032421160920914,1.4549935772985896,2.3285463509968967,83,83,87,0,0,0,-1,-1,-1,-1,-1,0,0,0,0,0,0,-1,-1,-1,0,0,0,0,0
281,1542829030.7481821,set_reference,281,1245,118,-1,-1,-1,-1,-1,-1,-1,-1,0,0,-1,-1,-1,-1,-1,0,0,0,0,-1,-1,-1,-1,-1,0,0,0,0,0
282,1542829030.7973223,reset_too_few_matches,281,1266,123,86,1.0855990552347989,1.562073428160665,2.363168157330926,81,81,83,1,0,0,-1,-1,-1,-1,-1,0,0,0,0,0,0,-1,-1,-1,0,0,0,0,0
283,1542829030.8484404,set_reference,283,1262,119,-1,-1,-1,-1,-1,-1,-1,-1,0,0,-1,-1,-1,-1,-1,0,0,0,0,-1,-1,-1,-1,-1,0,0,0,0,0
284,1542829030.8968103,reset_too_few_matches,283,1314,128,92,1.0200382117778437,1.4722900433837183,2.3349075497262382,82,82,90,1,0,0,-1,-1,-1,-1,-1,0,0,0,0,0,0,-1,-1,-1,0,0,0,0,0
285,1542829030.9469857,set_reference,285,1297,126,-1,-1,-1,-1,-1,-1,-1,-1,0,0,-1,-1,-1,-1,-1,0,0,0,0,-1,-1,-1,-1,-1,0,0,0,0,0
286,1542829030.9970114,reset_too_few_matches,285,1301,126,95,1.4168679900526482,2.0227470529422034,2.9003817844494648,93,87,92,3,0,0,-1,-1,-1,-1,-1,0,0,0,0,0,0,-1,-1,-1,0,0,0,0,0
287,1542829031.0470085,set_reference,287,1339,133,-1,-1,-1,-1,-1,-1,-1,-1,0,0,-1,-1,-1,-1,-1,0,0,0,0,-1,-1,-1,-1,-1,0,0,0,0,0
288,1542829031.0993195,reset_too_few_matches,287,1327,138,95,1.030748192416479,2.0598505742544639,2.3456095659049869,94,85,94,0,0,0,-1,-1,-1,-1,-1,0,0,0,0,0,0,-1,-1,-1,0,0,0,0,0
289,1542829031.1494069,set_reference,289,1291,133,-1,-1,-1,-1,-1,-1,-1,-1,0,0,-1,-1,-1,-1,-1,0,0,0,0,-1,-1,-1,-1,-1,0,0,0,0,0
290,1542829031.1969988,initializer_geometry_reject,289,1260,130,102,1.4164324143910156,2.2516712006217698,2.573899732591002,84,90,98,2,0,0,1050.36181640625,1143.4892578125,0.47877535223960876,100,100,0,0,0,0,100,100,0.048456642776727676,1.0017008781433105,1.0050569772720337,1,0,0,1,1
291,1542829031.2470672,reset_too_few_matches,289,1301,128,94,2.9772230385606524,3.6830919290759065,5.1840090268363559,93,89,92,2,0,0,-1,-1,-1,-1,-1,0,0,0,0,0,0,-1,-1,-1,0,0,0,0,0
292,1542829031.2977901,set_reference,292,1339,145,-1,-1,-1,-1,-1,-1,-1,-1,0,0,-1,-1,-1,-1,-1,0,0,0,0,-1,-1,-1,-1,-1,0,0,0,0,0
293,1542829031.3468387,initializer_geometry_reject,292,1380,150,111,1.4166525076075014,2.250966582255467,2.9077360521663302,109,100,106,7,0,0,1160.735107421875,1248.75244140625,0.48173525929450989,108,110,0,0,0,0,108,108,0.18767185509204865,1.0028859376907349,1.0015517473220825,1,0,0,1,1
294,1542829031.396663,initializer_geometry_reject,292,1368,140,107,2.926896483327142,4.134887080983237,5.2062092438532241,93,95,102,5,0,0,1098.2890625,1176.454833984375,0.48281878232955933,104,105,0,0,0,0,104,104,0.39712852239608765,1.0051397085189819,1.0024540424346924,1,0,0,1,1
295,1542829031.4473062,initializer_geometry_reject,292,1339,137,102,4.4965697681020353,6.1416074914569121,7.4209141219474146,97,94,100,2,0,0,1077.4691162109375,1152.9749755859375,0.48307380080223083,100,101,0,0,0,0,100,100,0.64437347650527954,1.0061242580413818,1.0064325332641602,1,0,0,1,1
296,1542829031.4967098,initializer_geometry_reject,292,1340,145,102,5.8636565081476082,8.1754455174322356,9.6771481102830368,95,89,97,6,0,0,1059.499755859375,1147.0672607421875,0.48015755414962769,100,100,0,0,0,0,100,100,0.33861958980560303,1.0043344497680664,1.0028632879257202,1,0,0,1,1
297,1542829031.5479112,reset_too_few_matches,292,1311,130,93,7.6708260472484389,10.173063917848939,11.934903192140718,86,86,90,0,0,0,-1,-1,-1,-1,-1,0,0,0,0,0,0,-1,-1,-1,0,0,0,0,0
298,1542829031.5979936,set_reference,298,1369,149,-1,-1,-1,-1,-1,-1,-1,-1,0,0,-1,-1,-1,-1,-1,0,0,0,0,-1,-1,-1,-1,-1,0,0,0,0,0
299,1542829031.6473544,initializer_geometry_reject,298,1358,149,111,1.4303119815324781,2.265290749491887,2.9418055851339107,96,101,108,0,0,0,1185.586181640625,1258.23583984375,0.48513606190681458,109,111,0,0,0,0,109,109,0.46267122030258179,1.0054531097412109,1.0032052993774414,1,0,0,1,1
300,1542829031.6967237,initializer_geometry_reject,298,1349,148,117,2.9876396843342672,4.1478997239364457,5.3236370103152195,110,99,114,0,0,0,1240.3983154296875,1316.522705078125,0.48511406779289246,114,115,0,0,0,0,114,114,0.055952906608581543,1.0010441541671753,1.0021121501922607,1,0,0,1,1
301,1542829031.7465763,initializer_geometry_reject,298,1371,143,110,4.4712077582979761,5.9861041776239805,7.636125717077606,108,100,107,2,0,0,1166.8292236328125,1247.834716796875,0.48322632908821106,108,109,0,0,0,0,108,108,0.62557560205459595,1.0053136348724365,1.0062712430953979,1,0,0,1,1
302,1542829031.7971325,reset_too_few_matches,298,1327,137,96,6.4870140454772747,8.157010166664346,10.354940941290096,93,88,94,0,0,0,-1,-1,-1,-1,-1,0,0,0,0,0,0,-1,-1,-1,0,0,0,0,0
303,1542829031.8472974,set_reference,303,1404,158,-1,-1,-1,-1,-1,-1,-1,-1,0,0,-1,-1,-1,-1,-1,0,0,0,0,-1,-1,-1,-1,-1,0,0,0,0,0
304,1542829031.8967793,initializer_geometry_reject,303,1403,154,124,1.4253805261961696,2.2834314878625404,2.9650263706824984,111,114,124,2,0,0,1352.6826171875,1416.0396728515625,0.48855844140052795,124,124,0,0,0,0,124,124,0.048456642776727676,1.0011720657348633,1.0022985935211182,1,0,0,1,1
305,1542829031.9472051,initializer_geometry_reject,303,1380,145,120,3.4454954093608299,4.3352138723216527,5.2908086566732608,108,110,117,6,0,0,1303.1417236328125,1376.19287109375,0.48636770248413086,119,119,0,0,0,0,119,119,0.17693869769573212,1.0051823854446411,1.0003052949905396,1,0,0,1,1
306,1542829031.9979434,initializer_geometry_reject,303,1369,153,117,5.0503999950995633,6.6304232438473116,7.9710881436559395,110,106,114,0,0,0,1239.766845703125,1320.5806884765625,0.48421818017959595,117,117,0,0,0,0,117,117,0.052339155226945877,1.0044378042221069,1.0023765563964844,1,0,0,1,1
307,1542829032.0466781,initializer_geometry_reject,303,1423,160,125,6.6611710412415999,8.6686407652720678,10.401696669861478,115,113,125,3,0,0,1372.5909423828125,1439.7728271484375,0.48805597424507141,125,125,0,0,0,0,125,125,0.55284690856933594,1.004615306854248,1.0051980018615723,1,0,0,1,1
308,1542829032.0970178,initializer_geometry_reject,303,1463,164,115,8.5812065672689943,10.900520195105049,12.820528929305594,103,102,110,0,0,0,1231.76953125,1317.099853515625,0.48326113820075989,114,115,0,0,0,0,114,114,0.2157999724149704,1.0049988031387329,1.004223108291626,1,0,0,1,1
309,1542829032.1467252,initializer_geometry_reject,303,1407,152,118,10.176564140638034,12.91708689961531,15.396907145838496,113,106,116,74,0,0,1269.459716796875,1340.7430419921875,0.48634526133537292,118,118,0,0,0,0,118,118,0.58684158325195312,1.0052750110626221,1.005495548248291,1,0,0,1,1
310,1542829032.1978917,initializer_geometry_reject,303,1437,166,118,11.536632076583977,14.485077179093805,17.88425252274363,114,108,115,2,0,0,1282.3321533203125,1344.4332275390625,0.48817917704582214,117,117,0,0,0,1,117,117,0.06255725771188736,1.0060673952102661,1.0060651302337646,1,0,0,1,1
311,1542829032.2482462,initializer_geometry_reject,303,1405,148,111,13.576675966037874,16.653275707522976,19.721024209520145,108,100,105,0,0,0,1171.9287109375,1253.46533203125,0.48319104313850403,110,110,0,0,0,0,110,110,0.052339155226945877,1.0032427310943604,1.0065703392028809,1,0,0,1,1
312,1542829032.2963979,initializer_geometry_reject,303,1396,153,110,14.712885742180076,18.060367801363558,22.067974098855164,100,97,103,103,0,0,1133.63671875,1237.632080078125,0.47807177901268005,109,109,0,0,0,0,109,109,1.4118075370788574,1.0181151628494263,1.0087482929229736,1,0,1,1,1
313,1542829032.3465931,initializer_geometry_reject,303,1376,146,107,16.600165598665708,20.2273898499731,24.31766243783569,100,93,103,103,0,0,1124.400634765625,1195.884033203125,0.48459598422050476,105,106,0,0,0,0,105,105,0.15825876593589783,1.0137590169906616,1.0058549642562866,1,0,0,1,1
314,1542829032.3993256,initializer_geometry_reject,303,1380,155,108,17.364312614255528,21.925025341947133,26.499555389491338,98,92,104,5,0,0,1146.555419921875,1227.9560546875,0.48285949230194092,108,108,0,0,0,0,108,108,0.083929374814033508,1.0110392570495605,1.0096040964126587,1,0,0,1,1
315,1542829032.4484255,initializer_geometry_reject,303,1355,149,113,19.287070748736511,23.881913632426585,29.036628582190449,111,102,110,6,0,0,1199.9833984375,1294.525146484375,0.48105001449584961,111,112,0,0,0,0,111,111,0.90849077701568604,1.0163369178771973,1.0028467178344727,1,0,0,1,1
316,1542829032.4964974,initializer_geometry_reject,303,1383,163,109,20.393612137545173,25.410940216250552,31.060101782691319,107,100,107,4,0,0,1151.8800048828125,1240.629638671875,0.4814525842666626,107,108,0,0,0,0,107,107,0.25333777070045471,1.0173220634460449,1.0036013126373291,1,0,0,1,1
317,1542829032.5466852,initializer_geometry_reject,303,1346,140,109,22.06649911807212,27.187330865886263,32.808402152886785,104,101,103,103,0,0,1138.121337890625,1232.6259765625,0.48006859421730042,108,109,0,0,0,0,108,108,0.40445175766944885,1.0211323499679565,1.003787636756897,1,0,0,1,1
318,1542829032.5997496,initializer_geometry_reject,303,1326,149,106,23.30888882344389,28.625673284051128,34.515657334899537,101,95,100,10,0,0,1102.1552734375,1191.2603759765625,0.48057374358177185,105,106,0,0,0,0,105,105,0.15576635301113129,1.0206897258758545,1.0070244073867798,1,0,0,1,1
319,1542829032.6464767,initializer_geometry_reject,303,1323,145,109,24.696949002293664,30.16115279200891,36.497452677003686,106,99,100,5,0,0,1180.95751953125,1250.042236328125,0.48579087853431702,109,109,0,0,0,0,109,109,1.1016286611557007,1.0176804065704346,1.005311131477356,1,0,1,1,1
320,1542829032.699887,initializer_geometry_reject,303,1276,137,107,26.166765532473946,32.12300352549871,38.534345495044029,95,95,102,10,0,0,1119.4642333984375,1198.2725830078125,0.48299884796142578,106,107,0,0,0,0,106,106,1.261139988899231,1.0257514715194702,1.0034331083297729,1,0,1,1,1
321,1542829032.7476025,initializer_geometry_reject,303,1277,142,107,26.720022608519695,33.086056798305513,39.874232562366991,97,96,101,0,0,0,1134.734130859375,1216.1787109375,0.48267808556556702,104,106,0,0,0,0,104,104,0.14265252649784088,1.0219229459762573,1.0123478174209595,1,0,0,1,1
322,1542829032.7965291,initializer_geometry_reject,303,1313,149,103,28.646642052814595,35.176158791726877,41.891254717431451,88,97,92,0,0,0,1093.4893798828125,1152.4559326171875,0.48687267303466797,101,101,0,0,0,0,101,101,0.13562092185020447,1.0231766700744629,1.0112332105636597,1,0,0,1,1
323,1542829032.8471408,reset_too_few_matches,303,1296,160,96,30.078555445228616,36.881356003753794,43.357316737307244,84,82,88,13,0,0,-1,-1,-1,-1,-1,0,0,0,0,0,0,-1,-1,-1,0,0,0,0,0
324,1542829032.896934,set_reference,324,1232,128,-1,-1,-1,-1,-1,-1,-1,-1,0,0,-1,-1,-1,-1,-1,0,0,0,0,-1,-1,-1,-1,-1,0,0,0,0,0
325,1542829032.9496672,initializer_geometry_reject,324,1309,147,104,1.0104234703387402,2.0191892329460011,2.3071008104625781,94,96,104,0,0,0,1115.140869140625,1182.2987060546875,0.48538422584533691,104,104,0,0,0,0,104,104,0.26466989517211914,1.0034607648849487,1.002863883972168,1,0,0,1,1
326,1542829032.9965742,reset_too_few_matches,324,1449,168,98,2.9634879382102035,3.1228634400416944,4.2011292521986068,98,88,97,0,0,0,-1,-1,-1,-1,-1,0,0,0,0,0,0,-1,-1,-1,0,0,0,0,0
327,1542829033.0468378,set_reference,327,1483,176,-1,-1,-1,-1,-1,-1,-1,-1,0,0,-1,-1,-1,-1,-1,0,0,0,0,-1,-1,-1,-1,-1,0,0,0,0,0
328,1542829033.0978091,initializer_geometry_reject,327,1470,175,138,1.0073283790682817,2.0262622917078406,2.296071235286949,136,122,135,0,0,0,1477.331298828125,1575.781005859375,0.48387715220451355,136,138,0,0,0,0,136,136,0.048456642776727676,1.0019482374191284,1.0040041208267212,1,0,0,1,1
329,1542829033.1468763,initializer_geometry_reject,327,1469,163,125,3.0061167252644641,3.1109317526235545,4.1675977141796423,118,111,119,3,0,0,1331.5205078125,1430.8353271484375,0.48202350735664368,125,124,0,0,0,0,125,125,0.034264020621776581,1.0038402080535889,1.0026639699935913,1,0,0,1,1
330,1542829033.1980505,initializer_geometry_reject,327,1453,176,130,4.0422674653378081,5.1018679341952238,5.7490776376912258,105,113,125,5,0,0,1361.198974609375,1449.9796142578125,0.4842093288898468,125,128,0,0,0,0,125,125,0.36637470126152039,1.0059758424758911,1.0014041662216187,1,0,0,1,1
331,1542829033.2481983,initializer_geometry_reject,327,1429,157,116,5.1490594902937303,6.1814126764026671,7.3700413762888726,103,101,113,6,0,0,1214.6514892578125,1306.772216796875,0.48173236846923828,114,115,0,0,0,0,114,114,0.43700721859931946,1.0062935352325439,1.0020201206207275,1,0,0,1,1
332,1542829033.2992306,initializer_geometry_reject,327,1421,161,119,6.7471253221941776,8.0834729836910402,9.3457147300866001,116,106,113,0,0,0,1245.9859619140625,1338.19677734375,0.48215863108634949,117,117,0,0,0,0,117,117,0.71326696872711182,1.0079203844070435,1.0053176879882812,1,0,0,1,1
333,1542829033.3475456,initializer_geometry_reject,327,1358,159,124,8.1006098305973104,9.2388692607988769,10.476311308315973,100,105,118,2,0,0,1318.773681640625,1415.6561279296875,0.48228472471237183,121,123,0,0,0,0,121,121,0.071326248347759247,1.0128438472747803,1.0032756328582764,1,0,0,1,1
334,1542829033.398906,initializer_geometry_reject,327,1298,146,114,9.1328821452065494,11.158848243603224,12.493695331082307,113,102,113,3,0,0,1196.350341796875,1281.742431640625,0.48277059197425842,112,113,0,0,0,0,112,112,1.3694508075714111,1.0158915519714355,1.0092442035675049,1,0,1,1,1
335,1542829033.4482365,initializer_geometry_reject,327,1325,154,116,10.969173105815816,12.386320313372824,14.344082000526305,112,103,111,5,0,0,1221.8089599609375,1310.5079345703125,0.48248660564422607,112,114,0,0,0,1,112,112,1.3328078985214233,1.0145361423492432,1.0099902153015137,1,0,1,1,1
336,1542829033.4964268,initializer_geometry_reject,327,1318,156,118,12.070727242354568,14.165519450009292,15.801788957841266,108,100,113,1,0,0,1267.7066650390625,1332.65869140625,0.48751100897789001,115,117,0,0,0,1,115,115,0.1153499037027359,1.0110950469970703,1.0020036697387695,1,0,0,1,1
337,1542829033.547929,initializer_geometry_reject,327,1340,157,117,13.180511046043936,15.327222858095158,17.606244240919033,109,104,110,110,0,0,1255.792724609375,1341.327392578125,0.48353278636932373,116,117,0,0,0,0,116,116,0.15065784752368927,1.0157486200332642,1.003309965133667,1,0,0,1,1
338,1542829033.5974948,initializer_geometry_reject,327,1347,148,106,14.757568470256718,17.152232824527513,18.812295294568614,85,92,106,2,0,0,1140.5037841796875,1216.4945068359375,0.48387977480888367,106,106,0,0,0,0,106,106,0.068528041243553162,1.0126632452011108,1.0053210258483887,1,0,0,1,1
339,1542829033.6463113,initializer_geometry_reject,327,1271,142,115,16.10891444469322,18.296273732084007,20.956289077766069,111,108,107,107,0,0,1225.66943359375,1312.4796142578125,0.48289895057678223,114,114,0,0,0,0,114,114,0.29408594965934753,1.0141235589981079,1.0002137422561646,1,0,0,1,1
340,1542829033.698477,initializer_geometry_reject,327,1285,166,112,17.120938024470295,19.940412925287703,21.873991096769252,110,99,100,8,0,0,1207.4542236328125,1284.260009765625,0.48458772897720337,111,111,0,0,0,0,111,111,0.70359975099563599,1.0153039693832397,1.0029462575912476,1,0,0,1,1
341,1542829033.7470658,initializer_geometry_reject,327,1448,172,114,18.50256158608298,21.370686997375763,23.900840147496346,111,99,109,5,0,0,1196.719970703125,1279.7904052734375,0.48322835564613342,112,112,0,0,0,0,112,112,0.10467831790447235,1.0188167095184326,1.0064810514450073,1,0,0,1,1
342,1542829033.7975123,initializer_geometry_reject,327,1414,169,120,19.646061925632132,22.472625656738494,25.252343530141268,116,104,110,2,0,0,1239.546142578125,1326.8895263671875,0.48298355937004089,118,118,0,0,0,0,118,118,1.7914401292800903,1.023287296295166,1.0101876258850098,1,0,1,1,1
343,1542829033.8475485,initializer_geometry_reject,327,1422,175,120,21.059882936166453,24.499262689025446,27.12106417916814,106,103,113,113,0,0,1260.6114501953125,1335.0185546875,0.48566687107086182,118,118,0,0,0,0,118,118,1.7727714776992798,1.0275551080703735,1.0073496103286743,1,0,1,1,1
344,1542829033.8976328,initializer_geometry_reject,327,1449,180,119,22.275288183684527,25.473679054017932,28.307598856610625,114,109,111,111,0,0,1264.572509765625,1343.861083984375,0.48480150103569031,118,118,0,0,0,0,118,118,0.22293579578399658,1.0276323556900024,1.0056363344192505,1,0,0,1,1
345,1542829033.9485528,initializer_geometry_reject,327,1429,178,123,23.187584012385425,26.479541595996032,30.390741491216069,115,114,119,5,0,0,1289.3189697265625,1376.114013671875,0.48371836543083191,120,120,0,0,0,0,120,120,0.25256422162055969,1.0248498916625977,1.0065414905548096,1,0,0,1,1
346,1542829033.9984586,initializer_geometry_reject,327,1447,179,118,24.288514666358548,27.578439448112746,31.341214930835498,115,105,114,13,0,0,1265.05078125,1329.1312255859375,0.48764917254447937,116,116,0,0,0,0,116,116,0.30774137377738953,1.0268839597702026,1.0031979084014893,1,0,0,1,1
347,1542829034.0479846,initializer_geometry_reject,327,1433,182,116,26.06330873095013,29.075719175909057,32.754384756323475,106,101,112,12,0,0,1199.57421875,1293.4581298828125,0.48117077350616455,113,115,0,0,0,0,113,113,2.4323649406433105,1.0337964296340942,1.0129575729370117,1,0,1,1,1
348,1542829034.0993335,initializer_geometry_reject,327,1464,185,118,27.238413965885336,30.687003971765684,34.620586756889963,117,107,111,14,0,0,1255.6949462890625,1335.537109375,0.48459380865097046,117,117,0,0,0,0,117,117,0.22814123332500458,1.0340418815612793,1.008513331413269,1,0,0,1,1
349,1542829034.1462369,initializer_geometry_reject,327,1433,169,121,28.141236287163018,31.692661211475844,35.929185326432581,94,109,115,4,0,0,1242.55517578125,1349.849853515625,0.47930595278739929,119,120,0,0,0,0,119,119,0.37377697229385376,1.0265694856643677,1.0034795999526978,1,0,0,1,1
350,1542829034.1988714,initializer_geometry_reject,327,1402,169,105,29.247810408292839,32.976220262347681,36.804441939185338,104,97,98,2,0,0,1145.971923828125,1202.2012939453125,0.48802697658538818,105,105,0,0,0,0,105,105,0.28599026799201965,1.036953330039978,1.0079349279403687,1,0,0,1,1
351,1542829034.2466826,initializer_geometry_reject,327,1584,219,132,30.202880701432903,34.150022834118317,38.03980885952663,129,116,126,34,0,0,1364.703125,1481.5745849609375,0.47946938872337341,129,132,0,0,0,0,129,129,0.21939690411090851,1.0303921699523926,1.0067707300186157,1,0,0,1,1
352,1542829034.2965932,initializer_geometry_reject,327,1548,209,121,31.275121761332141,35.322879610019768,39.688102906378575,108,108,114,22,0,0,1283.4158935546875,1360.64306640625,0.48539608716964722,119,120,0,1,0,1,119,119,2.9058246612548828,1.0423605442047119,1.0140618085861206,1,0,1,1,1
353,1542829034.3486245,initializer_geometry_reject,327,1551,202,112,32.144920800103748,36.741568416512067,40.830177439535895,104,101,107,15,0,0,1146.10595703125,1244.4632568359375,0.47942802309989929,109,110,0,0,0,0,109,109,0.30390241742134094,1.0363471508026123,1.0066494941711426,1,0,0,1,1
354,1542829034.396281,initializer_geometry_reject,327,1563,196,117,33.313665728027949,37.771791074865128,41.749911323870222,110,100,110,13,0,0,1197.8626708984375,1301.9954833984375,0.47917225956916809,114,116,0,0,0,0,114,114,2.7577567100524902,1.0387160778045654,1.0146864652633667,1,0,1,1,1
355,1542829034.4462802,initializer_geometry_reject,327,1582,204,114,34.555677332748637,38.910075678119085,42.950038510430453,98,94,107,93,0,0,1153.052734375,1236.0545654296875,0.48262909054756165,109,111,0,0,0,0,109,109,0.31527900695800781,1.0362709760665894,1.0063859224319458,1,0,0,1,1
356,1542829034.4977038,initializer_geometry_reject,327,1593,205,123,35.265728657801482,39.799717452333674,43.974680969698262,118,108,111,22,0,0,1265.6539306640625,1381.253662109375,0.4781632125377655,121,123,0,0,0,0,121,121,0.47928959131240845,1.0337895154953003,1.0025337934494019,1,0,0,1,1
357,1542829034.5470486,initializer_geometry_reject,327,1575,208,120,36.283199719755103,40.261198973645136,45.43553056133679,115,106,110,110,0,0,1272.200439453125,1346.876220703125,0.48574388027191162,118,119,0,0,0,1,118,118,0.29408594965934753,1.0430564880371094,1.0106922388076782,1,0,0,1,1
358,1542829034.5964103,initializer_geometry_reject,327,1558,210,116,37.061967620893462,41.787535846992768,46.444053782552913,111,99,108,108,0,0,1212.3851318359375,1309.1431884765625,0.48081362247467041,114,116,0,0,0,0,114,114,1.9753623008728027,1.038393497467041,1.0054209232330322,1,0,1,1,1
359,1542829034.6484611,initializer_geometry_reject,327,1533,203,116,38.110040081116296,42.851072468050319,47.501521592110528,113,101,109,33,0,0,1221.060546875,1314.2757568359375,0.48161676526069641,113,114,0,0,0,0,113,113,0.35608267784118652,1.0405733585357666,1.0092495679855347,1,0,0,1,1
360,1542829034.6968954,initializer_geometry_reject,327,1528,192,112,39.672933522110753,43.896053192355794,49.11020894860944,107,98,107,40,0,0,1156.2684326171875,1249.6580810546875,0.48059174418449402,111,110,0,0,0,0,111,111,0.3981127142906189,1.0453747510910034,1.0081216096878052,1,0,0,1,1
361,1542829034.7467113,initializer_geometry_reject,327,1495,176,109,39.839225282024671,44.925203720474066,50.098358478921874,101,89,98,23,0,0,1072.4437255859375,1177.0804443359375,0.47674247622489929,104,104,0,0,0,0,104,104,0.22028696537017822,1.0392234325408936,1.0111527442932129,1,0,0,1,1
362,1542829034.7974372,initializer_geometry_reject,327,1516,183,113,40.629549612750594,45.527608061360858,50.83789799423468,98,98,105,17,0,0,1137.350830078125,1247.1109619140625,0.47698426246643066,109,111,0,0,0,0,109,109,2.6174840927124023,1.0449097156524658,1.0093569755554199,1,0,1,1,1
363,1542829034.8462875,initializer_geometry_reject,327,1499,203,106,41.210020447258465,46.239648227530751,51.731185248499742,100,97,92,0,0,0,1087.3372802734375,1177.9163818359375,0.48000684380531311,103,103,0,0,0,0,103,103,0.18974563479423523,1.0465378761291504,1.0152769088745117,1,0,0,1,1
364,1542829034.8973043,initializer_geometry_reject,327,1516,189,111,42.106984359660622,47.486632090554615,52.194353641050071,93,99,100,100,0,0,1169.5107421875,1245.6337890625,0.48424047231674194,108,109,0,0,0,1,108,108,3.2481746673583984,1.0478296279907227,1.0157401561737061,1,0,1,1,1
365,1542829034.948962,initializer_geometry_reject,327,1535,204,106,43.480554061074727,48.316649330190884,53.057287070036693,92,88,100,43,0,0,1063.1419677734375,1153.18310546875,0.47968682646751404,102,104,0,0,0,0,102,102,2.706820011138916,1.0408622026443481,1.0142883062362671,1,0,1,1,1
366,1542829034.9960492,initializer_geometry_reject,327,1687,220,104,43.450893441306732,48.55924371095157,53.758643672522417,104,89,102,102,0,0,1108.28515625,1181.188232421875,0.48407864570617676,104,104,0,0,0,0,104,104,0.24787220358848572,1.0430734157562256,1.0161535739898682,1,0,0,1,1
367,1542829035.0471356,initializer_geometry_reject,327,1655,212,106,44.437188679071255,49.664520637197839,54.68726782017356,96,89,92,2,0,0,1081.5224609375,1178.2442626953125,0.4785991907119751,105,104,0,0,0,0,105,105,0.29607528448104858,1.046845555305481,1.0132083892822266,1,0,0,1,1
368,1542829035.0962257,initializer_geometry_reject,327,1689,210,107,45.036429758896318,50.406539246249785,55.192031521502805,105,97,100,32,0,0,1114.106201171875,1186.375244140625,0.48429262638092041,105,106,0,0,0,0,105,105,3.8596553802490234,1.0559577941894531,1.0191545486450195,1,0,1,1,1
369,1542829035.1464312,initializer_geometry_reject,327,1670,224,113,46.514435336401306,51.191530358108764,55.944135678012522,103,100,105,26,0,0,1173.1552734375,1270.414306640625,0.48009899258613586,110,112,0,0,0,0,110,110,0.28735539317131042,1.0568163394927979,1.0167415142059326,1,0,0,1,1
370,1542829035.1977344,initializer_geometry_reject,327,1672,215,102,46.911847939976255,51.841861642643266,57.530786758583425,93,91,94,46,0,0,994.79315185546875,1105.950927734375,0.47354322671890259,99,98,0,0,0,0,99,99,0.3800070583820343,1.0467633008956909,1.0090209245681763,1,0,0,1,1
371,1542829035.24613,initializer_geometry_reject,327,1634,230,106,47.657532979772313,52.722313251834805,57.768295005352961,105,93,98,98,0,0,1100.8648681640625,1181.2298583984375,0.48239228129386902,105,104,0,0,0,1,105,105,0.39515271782875061,1.0527549982070923,1.0109477043151855,1,0,0,1,1
372,1542829035.2960334,initializer_geometry_reject,327,1616,204,101,48.451082589490511,53.647143770961058,59.230113587652404,86,90,86,51,0,0,1015.8736572265625,1125.494140625,0.47440412640571594,98,99,0,0,0,0,98,98,0.26761078834533691,1.0523926019668579,1.0140470266342163,1,0,0,1,1
373,1542829035.3460758,initializer_geometry_reject,327,1605,203,102,48.864640460586237,54.383935594599578,61.306829473939302,94,80,93,93,0,0,995.1124267578125,1082.2574462890625,0.47902515530586243,97,98,0,0,0,0,97,97,0.32264062762260437,1.0584876537322998,1.015824556350708,1,0,0,1,1
374,1542829035.3973217,initializer_geometry_reject,327,1578,192,105,49.719113632090334,55.097811282751813,60.826978955287458,80,93,94,24,0,0,1075.776123046875,1146.664794921875,0.48405161499977112,103,103,0,0,0,0,103,103,0.45197463035583496,1.0557867288589478,1.0104315280914307,1,0,0,1,1
375,1542829035.4463239,initializer_geometry_reject,327,1536,193,111,50.290181009305726,55.532333455393342,60.733950775018059,100,100,99,99,0,0,1131.743896484375,1217.761474609375,0.4816945493221283,108,108,0,0,0,0,108,108,0.35277023911476135,1.0504199266433716,1.0120919942855835,1,0,0,1,1
376,1542829035.4963768,initializer_geometry_reject,327,1516,188,109,51.378957808428893,56.49365775728922,62.430754814503736,105,88,105,30,0,0,1055.4478759765625,1201.496337890625,0.46764463186264038,103,106,0,0,0,0,103,103,4.5036740303039551,1.0709257125854492,1.0198204517364502,1,0,1,1,1
377,1542829035.5460739,reset_too_few_matches,327,1490,195,99,52.164350972014319,57.07437420141062,62.041405097563647,89,80,94,94,0,0,-1,-1,-1,-1,-1,0,0,0,0,0,0,-1,-1,-1,0,0,0,0,0
378,1542829035.5960488,set_reference,378,1472,178,-1,-1,-1,-1,-1,-1,-1,-1,0,0,-1,-1,-1,-1,-1,0,0,0,0,-1,-1,-1,-1,-1,0,0,0,0,0
379,1542829035.6463826,initializer_geometry_reject,378,1444,178,127,1.0141882309482624,1.4303475732927684,2.2803817250748999,114,112,120,1,0,0,1339.26953125,1425.193115234375,0.48445925116539001,125,125,0,0,0,0,125,125,0.36584025621414185,1.0023441314697266,1.0047930479049683,1,0,0,1,1
380,1542829035.6985266,initializer_geometry_reject,378,1422,183,130,2.1561466628387418,3.1874460147453751,3.4506973008610431,114,115,127,0,0,0,1370.460205078125,1477.1290283203125,0.48127031326293945,130,129,0,0,0,0,130,130,0.58983486890792847,1.0028700828552246,1.0087505578994751,1,0,0,1,1
381,1542829035.7483847,initializer_geometry_reject,378,1420,182,124,4.1525938046550603,4.4627238806174816,5.4568468654389974,118,114,121,0,0,0,1296.2572021484375,1398.8040771484375,0.48097503185272217,122,123,0,0,0,0,122,122,0.048456642776727676,1.0051037073135376,1.0017318725585938,1,0,0,1,1
382,1542829035.7968347,initializer_geometry_reject,378,1394,166,129,5.5143861616648282,6.3898413805520544,7.4525589469368025,126,116,124,6,0,0,1369.1673583984375,1450.6434326171875,0.48555290699005127,127,127,0,0,0,0,127,127,0.74019253253936768,1.0046622753143311,1.0087497234344482,1,0,0,1,1
383,1542829035.8472228,initializer_geometry_reject,378,1469,187,123,7.2871311321697032,8.3884622684360668,8.8710644971788088,120,106,119,5,0,0,1302.3482666015625,1383.35791015625,0.48491838574409485,121,122,0,0,0,0,121,121,1.1563985347747803,1.0134055614471436,1.0077003240585327,1,0,1,1,1
384,1542829035.8963218,initializer_geometry_reject,378,1401,192,125,9.2210807191830639,10.334731700055872,11.057016039356691,118,115,122,4,0,0,1340.0660400390625,1416.6636962890625,0.48610714077949524,123,124,0,0,0,0,123,123,0.50975698232650757,1.0057705640792847,1.0042279958724976,1,0,0,1,1
385,1542829035.9476619,initializer_geometry_reject,378,1469,185,118,10.539344057297749,11.773782083127028,12.903381158781155,104,105,113,0,0,0,1275.603515625,1343.954345703125,0.4869537353515625,117,117,0,0,0,0,117,117,1.0585089921951294,1.0095763206481934,1.0104262828826904,1,0,1,1,1
386,1542829035.9978139,initializer_geometry_reject,378,1629,207,124,12.441540490195576,13.877293458938802,15.38955653764358,123,114,120,6,0,0,1310.54345703125,1389.0313720703125,0.48546293377876282,122,122,0,0,0,0,122,122,0.98158299922943115,1.0101836919784546,1.0078643560409546,1,0,0,1,1
387,1542829036.0476284,initializer_geometry_reject,378,1633,208,123,14.452239899340656,15.881695486448214,17.832200179996523,111,114,116,0,0,0,1285.1080322265625,1374.4329833984375,0.48320668935775757,120,122,0,0,0,0,120,120,0.81996053457260132,1.0127602815628052,1.0042940378189087,1,0,0,1,1
388,1542829036.0961826,initializer_geometry_reject,378,1601,206,123,16.394913143743718,18.213124502383167,20.260032385951373,113,112,117,0,0,0,1294.8675537109375,1375.3916015625,0.48492202162742615,122,122,0,0,0,0,122,122,1.6828389167785645,1.022557258605957,1.0098831653594971,1,0,1,1,1
389,1542829036.1472774,initializer_geometry_reject,378,1553,200,120,18.538264370988706,20.689342056714175,22.439699269458355,114,107,112,4,0,0,1259.221435546875,1353.18115234375,0.48201662302017212,118,119,0,0,0,0,118,118,1.9415862560272217,1.0187132358551025,1.0175197124481201,1,0,1,1,1
390,1542829036.1965129,initializer_geometry_reject,378,1564,194,127,20.371272701918986,22.842841842894558,25.215758939502724,103,117,123,2,0,0,1354.3265380859375,1435.808349609375,0.48539826273918152,126,126,0,0,0,0,126,126,1.2516390085220337,1.0107177495956421,1.0125691890716553,1,0,1,1,1
391,1542829036.2462192,initializer_geometry_reject,378,1584,212,120,21.890406261016167,25.097835036051119,27.469353871666502,112,108,108,108,0,0,1247.118408203125,1337.5078125,0.48251402378082275,118,118,0,0,0,0,118,118,1.8404748439788818,1.0183781385421753,1.0158160924911499,1,0,1,1,1
392,1542829036.2963786,initializer_geometry_reject,378,1593,210,123,24.555061439233349,27.38817897953761,30.249897260716573,104,111,113,0,0,0,1323.890380859375,1397.6768798828125,0.48644408583641052,121,122,0,0,0,0,121,121,2.5525929927825928,1.0270835161209106,1.0202111005783081,1,0,1,1,1
393,1542829036.3460474,initializer_geometry_reject,378,1593,214,122,26.218158672330937,29.467424062397583,32.522473400123623,116,106,116,0,0,0,1281.91796875,1358.5601806640625,0.48548707365989685,119,120,0,0,0,0,119,119,1.8391982316970825,1.0209389925003052,1.0151417255401611,1,0,1,1,1
394,1542829036.3964937,initializer_geometry_reject,378,1604,212,122,28.035331795904433,31.370843084595506,34.538459715493076,108,106,114,3,0,0,1248.4715576171875,1339.904052734375,0.48233789205551147,118,119,0,0,0,0,118,118,1.5330175161361694,1.0192402601242065,1.0108907222747803,1,0,1,1,1
395,1542829036.445807,initializer_geometry_reject,378,1564,187,115,30.051312658900642,33.497181288800391,37.486702306890152,98,100,108,16,0,0,1198.86181640625,1295.25,0.48067685961723328,112,114,0,0,0,0,112,112,2.4095661640167236,1.0252305269241333,1.0198581218719482,1,0,1,1,1
396,1542829036.4965231,initializer_geometry_reject,378,1557,193,118,32.366799795449232,36.250538972071979,39.705517541890728,117,103,113,111,0,0,1246.5172119140625,1315.6473388671875,0.48650944232940674,117,117,0,0,0,1,117,117,2.2888414859771729,1.0267273187637329,1.0163265466690063,1,0,1,1,1
397,1542829036.5469778,initializer_geometry_reject,378,1584,220,121,34.442365716134823,38.307640897800063,41.973906549618313,120,104,117,117,0,0,1263.4710693359375,1359.1231689453125,0.48176383972167969,120,120,0,0,0,0,120,120,2.6927542686462402,1.0313732624053955,1.0199609994888306,1,0,1,1,1
398,1542829036.5959246,initializer_geometry_reject,378,1511,197,120,36.139104345958764,40.493567850971758,44.85779566654783,105,106,105,92,0,0,1232.7696533203125,1326.34716796875,0.48171687126159668,118,119,0,0,0,0,118,118,2.8995530605316162,1.0324385166168213,1.022075891494751,1,0,1,1,1
399,1542829036.6458499,initializer_geometry_reject,378,1540,205,115,39.095379497312074,43.115318992073774,47.219846045270813,104,102,111,111,0,0,1191.3037109375,1295.45361328125,0.47905910015106201,113,114,0,0,0,0,113,113,2.7302930355072021,1.0289511680603027,1.0224862098693848,1,0,1,1,1
400,1542829036.696183,initializer_geometry_reject,378,1553,200,122,40.613946023678579,45.633684830995151,50.260451189034676,117,110,112,112,0,0,1284.970458984375,1371.537841796875,0.48370653390884399,120,121,0,0,0,0,120,120,2.8776638507843018,1.0305899381637573,1.0246031284332275,1,0,1,1,1
401,1542829036.7465215,initializer_geometry_reject,378,1544,203,115,42.448390749622462,47.714027831900729,52.247631157332677,102,97,105,105,0,0,1181.665283203125,1290.793701171875,0.47793120145797729,113,115,0,0,0,0,113,113,3.198981761932373,1.0338667631149292,1.0265799760818481,1,0,1,1,1
402,1542829036.7960522,initializer_geometry_reject,378,1463,190,113,44.966107599260859,49.910250157731582,55.330592811260495,110,100,107,107,0,0,1185.8564453125,1248.58544921875,0.48711633682250977,111,111,0,0,0,0,111,111,3.7289865016937256,1.0418516397476196,1.0301672220230103,1,0,1,1,1
403,1542829036.8460376,initializer_geometry_reject,378,1456,179,117,45.953933174817479,52.065087338643657,57.664123522806747,116,97,106,106,0,0,1181.5841064453125,1275.9052734375,0.48080947995185852,114,115,0,0,0,0,114,114,3.586977481842041,1.0411667823791504,1.0268850326538086,1,0,1,1,1
404,1542829036.8964694,initializer_geometry_reject,378,1508,187,111,49.328921510242715,54.262675855661087,59.441255383525444,105,101,107,107,0,0,1156.05810546875,1253.8245849609375,0.479715496301651,109,110,0,0,0,0,109,109,3.7769870758056641,1.0402164459228516,1.0321913957595825,1,0,1,1,1
405,1542829036.9465435,initializer_geometry_reject,378,1495,181,109,50.949016363514403,56.605654268143063,61.53503195568409,106,96,100,100,0,0,1103.8121337890625,1204.958251953125,0.47809520363807678,105,107,0,0,0,0,105,105,3.7887890338897705,1.0436543226242065,1.0293281078338623,1,0,1,1,1
406,1542829036.9969301,initializer_geometry_reject,378,1484,190,107,52.197214890396658,59.143535276587748,64.771425721212907,88,90,94,3,0,0,1023.317626953125,1133.81396484375,0.47438812255859375,99,99,0,0,0,1,99,99,4.2335519790649414,1.0449283123016357,1.0369911193847656,1,0,1,1,1
407,1542829037.0464129,reset_too_few_matches,378,1502,194,99,55.9606923471408,61.231571483545949,67.250166972598677,90,86,89,23,0,0,-1,-1,-1,-1,-1,0,0,0,0,0,0,-1,-1,-1,0,0,0,0,0
408,1542829037.0958824,set_reference,408,1481,194,-1,-1,-1,-1,-1,-1,-1,-1,0,0,-1,-1,-1,-1,-1,0,0,0,0,-1,-1,-1,-1,-1,0,0,0,0,0
409,1542829037.1496022,initializer_geometry_reject,408,1536,201,136,2.0264710647896047,2.2797536088243628,3.2555527821290218,103,118,130,1,0,0,1410.3304443359375,1522.7186279296875,0.48084107041358948,133,134,0,0,0,0,133,133,0.31775182485580444,1.0018172264099121,1.0044046640396118,1,0,0,1,1
410,1542829037.1948419,initializer_geometry_reject,408,1521,204,131,4.1897721870453983,5.12237191716883,5.4366055698959093,127,119,126,4,0,0,1353.0565185546875,1433.7935791015625,0.48551464080810547,125,126,0,0,0,0,125,125,0.18662630021572113,1.003018856048584,1.0015048980712891,1,0,0,1,1
411,1542829037.2450917,initializer_geometry_reject,408,1448,180,118,6.3431755312973443,7.4018713931997944,8.5305395064338096,112,106,113,2,0,0,1229.1805419921875,1317.625732421875,0.48263609409332275,115,115,0,0,0,0,115,115,0.24308964610099792,1.0025352239608765,1.00260329246521,1,0,0,1,1
412,1542829037.29496,initializer_geometry_reject,408,1481,207,123,8.5754580716297628,9.5899124541220342,10.810473790427055,116,102,117,3,0,0,1282.9945068359375,1351.7923583984375,0.48694431781768799,120,120,0,0,0,0,120,120,0.5784456729888916,1.0059658288955688,1.0064588785171509,1,0,0,1,1
413,1542829037.3455074,initializer_geometry_reject,408,1434,190,117,10.67420454806779,11.855875618385159,13.682079097768911,99,97,112,14,0,0,1241.863037109375,1343.342041015625,0.48037311434745789,116,117,0,0,0,0,116,116,1.0621998310089111,1.0095735788345337,1.0101709365844727,1,0,1,1,1
414,1542829037.3969719,initializer_geometry_reject,408,1464,187,116,12.917606716149693,14.734400352161471,15.992338813057952,108,98,112,4,0,0,1201.889404296875,1280.9273681640625,0.48408296704292297,114,114,0,0,0,0,114,114,1.0315448045730591,1.0121595859527588,1.0078804492950439,1,0,1,1,1
415,1542829037.4450874,initializer_geometry_reject,408,1497,199,122,14.964906002226808,16.963396088670216,19.02170072126626,107,103,116,1,0,0,1279.08984375,1361.0650634765625,0.48447531461715698,119,121,0,0,0,0,119,119,1.0114306211471558,1.0115704536437988,1.0080310106277466,1,0,1,1,1
416,1542829037.4981799,initializer_geometry_reject,408,1477,186,123,17.120577260860131,19.250122771267375,21.739426536985277,120,106,114,10,0,0,1261.1314697265625,1375.931396484375,0.47823333740234375,119,121,0,0,0,0,119,119,1.1269172430038452,1.00816810131073,1.0154974460601807,1,0,1,1,1
417,1542829037.5470176,initializer_geometry_reject,408,1527,206,125,19.304809563249176,21.574037795453638,24.306233609721769,105,109,113,17,0,0,1227.9781494140625,1328.9990234375,0.48024606704711914,117,117,0,0,0,0,117,117,1.7583619356155396,1.0200233459472656,1.0134075880050659,1,0,1,1,1
418,1542829037.5958052,initializer_geometry_reject,408,1541,201,121,21.361026375087565,24.044618326706146,26.710359183447842,119,107,114,114,0,0,1266.0819091796875,1353.3236083984375,0.48334702849388123,119,120,0,0,0,1,119,119,1.9989988803863525,1.0181430578231812,1.0193591117858887,1,0,1,1,1
419,1542829037.6469724,initializer_geometry_reject,408,1546,203,114,23.561089587795593,26.358297405730994,28.875433066004224,107,103,109,109,0,0,1204.4471435546875,1282.91015625,0.48422759771347046,112,112,0,0,0,0,112,112,1.9913477897644043,1.0146571397781372,1.024084210395813,1,0,1,1,1
420,1542829037.6974926,initializer_geometry_reject,408,1525,200,115,25.826366297075985,28.649694955202783,31.893939581648137,97,97,103,7,0,0,1178.966064453125,1281.638671875,0.47913670539855957,111,113,0,0,0,0,111,111,1.6090030670166016,1.0165122747421265,1.0147385597229004,1,0,1,1,1
421,1542829037.746084,initializer_geometry_reject,408,1506,200,115,27.953003715047103,31.324906218088127,34.775161700821108,111,96,110,16,0,0,1160.922607421875,1243.8800048828125,0.48275169730186462,110,112,0,0,0,0,110,110,2.448805570602417,1.0257914066314697,1.0213963985443115,1,0,1,1,1
422,1542829037.7968099,initializer_geometry_reject,408,1478,186,110,29.35776060456179,32.976648786786228,37.803926850531916,94,95,103,14,0,0,1168.7098388671875,1236.3564453125,0.48593661189079285,109,109,0,0,0,0,109,109,0.20558421313762665,1.0200276374816895,1.0224924087524414,1,0,0,1,1
423,1542829037.8461373,initializer_geometry_reject,408,1511,216,113,31.483843146865603,35.048923219619276,38.85128624829089,94,99,100,48,0,0,1173.3203125,1252.42724609375,0.48369431495666504,111,111,0,0,0,1,111,111,2.167898416519165,1.0212342739105225,1.021007776260376,1,0,1,1,1
424,1542829037.8971832,initializer_geometry_reject,408,1578,218,119,33.715044726938153,37.78455249988891,43.143433733130699,94,101,106,32,0,0,1174.64990234375,1271.10400390625,0.48028132319450378,114,113,0,0,0,0,114,114,2.9506151676177979,1.0283448696136475,1.0271304845809937,1,0,1,1,1
425,1542829037.9469848,initializer_geometry_reject,408,1554,220,110,36.19160450629947,40.232529537923185,45.464925932174687,91,90,91,15,0,0,1077.924072265625,1161.0780029296875,0.48143061995506287,103,105,0,0,0,0,103,103,2.1223709583282471,1.0246877670288086,1.0179417133331299,1,0,1,1,1
426,1542829037.9958622,initializer_geometry_reject,408,1542,214,120,37.967569056518215,42.481427521105658,47.682059004869217,108,101,112,3,0,0,1216.578857421875,1321.4483642578125,0.4793403148651123,116,116,0,0,0,0,116,116,2.6458964347839355,1.0283339023590088,1.0233883857727051,1,0,1,1,1
427,1542829038.0462668,initializer_geometry_reject,408,1603,224,117,40.159124753323972,44.478981372936467,49.901536760637967,103,97,109,15,0,0,1167.25927734375,1278.959228515625,0.47716885805130005,114,113,0,0,0,1,114,114,3.4441235065460205,1.0353538990020752,1.0308378934860229,1,0,1,1,1
428,1542829038.0977836,initializer_geometry_reject,408,1575,223,110,41.519246294984256,46.968961950028408,53.736770188607302,91,90,99,3,0,0,1134.775390625,1213.98876953125,0.48313722014427185,108,109,0,0,0,0,108,108,3.0649046897888184,1.0303933620452881,1.0295801162719727,1,0,1,1,1
429,1542829038.1455612,initializer_geometry_reject,408,1538,203,108,44.348950343399665,49.298291605204767,54.812115134439701,99,90,99,47,0,0,1074.81884765625,1183.02734375,0.47603723406791687,104,105,0,0,0,0,104,104,3.8948571681976318,1.0386025905609131,1.0357989072799683,1,0,1,1,1
430,1542829038.1958268,initializer_geometry_reject,408,1552,217,113,44.329199313275637,50.991543372470645,57.808880584026291,112,101,101,101,0,0,1159.3929443359375,1250.8155517578125,0.48103430867195129,111,112,0,0,0,0,111,111,3.5065450668334961,1.0323648452758789,1.0347723960876465,1,0,1,1,1
431,1542829038.2461412,initializer_geometry_reject,408,1579,216,106,47.448775710992606,53.287057499879012,60.148522202712499,101,88,97,97,0,0,1053.927490234375,1139.1412353515625,0.48057201504707336,102,104,0,0,0,0,102,102,4.067171573638916,1.0423585176467896,1.036236047744751,1,0,1,1,1
432,1542829038.2969,initializer_geometry_reject,408,1544,220,113,47.998057631908992,55.595775941185948,63.249075686243131,99,97,100,100,0,0,1136.7781982421875,1233.8411865234375,0.47952792048454285,108,110,0,0,0,0,108,108,3.6001086235046387,1.0385172367095947,1.0327053070068359,1,0,1,1,1
433,1542829038.3461452,initializer_geometry_reject,408,1570,216,102,50.522939756107441,57.98498374260457,64.967429782477311,100,87,94,94,0,0,1037.0313720703125,1132.7352294921875,0.47794604301452637,101,100,0,0,0,1,101,101,4.3419895172119141,1.0422463417053223,1.0421788692474365,1,0,1,1,1
434,1542829038.3962967,reset_too_few_matches,408,1589,217,97,52.515262747760119,60.06556066534629,68.198513457272725,90,80,87,87,0,0,-1,-1,-1,-1,-1,0,0,0,0,0,0,-1,-1,-1,0,0,0,0,0
435,1542829038.446434,set_reference,435,1589,220,-1,-1,-1,-1,-1,-1,-1,-1,0,0,-1,-1,-1,-1,-1,0,0,0,0,-1,-1,-1,-1,-1,0,0,0,0,0
436,1542829038.4958575,initializer_geometry_reject,435,1598,212,150,2.0225729107370753,2.2599277374528377,3.2172792658030298,145,128,142,8,0,0,1540.3447265625,1675.9129638671875,0.47892451286315918,144,147,0,0,0,0,144,144,0.51358115673065186,1.004116415977478,1.0055909156799316,1,0,0,1,1
437,1542829038.54566,initializer_geometry_reject,435,1614,233,152,4.1480464074378061,4.5983412074442214,5.8084738314676088,138,131,145,0,0,0,1595.870849609375,1713.3145751953125,0.48225486278533936,148,150,0,0,0,0,148,148,0.081564687192440033,1.0013905763626099,1.003803014755249,1,0,0,1,1
438,1542829038.5969148,initializer_geometry_reject,435,1645,240,146,5.7686690580684221,7.2390446713897276,8.3699587311351884,129,129,142,3,0,0,1526.087890625,1631.239501953125,0.48334801197052002,143,144,0,0,0,0,143,143,0.88845407962799072,1.0051718950271606,1.011458158493042,1,0,0,1,1
439,1542829038.6455591,initializer_geometry_reject,435,1676,240,144,7.5571141637094774,9.4064274513379971,10.835003295903114,136,124,134,8,0,0,1476.1712646484375,1597.09375,0.48032668232917786,141,141,0,0,0,0,141,141,1.3462480306625366,1.0128875970840454,1.0116094350814819,1,0,1,1,1
440,1542829038.6963544,initializer_geometry_reject,435,1681,247,141,9.6800433747038159,11.603062219370285,13.483576049762126,126,129,134,0,0,0,1485.785400390625,1590.5230712890625,0.48297670483589172,139,139,0,0,0,0,139,139,1.7673540115356445,1.0151684284210205,1.0174381732940674,1,0,1,1,1
441,1542829038.7477758,initializer_geometry_reject,435,1639,239,137,11.745688331784097,13.94130501963561,16.155415131560659,134,124,133,1,0,0,1460.492919921875,1547.5362548828125,0.48553147912025452,134,135,0,0,0,0,134,134,1.1869616508483887,1.0102970600128174,1.0122847557067871,1,0,1,1,1
442,1542829038.7957985,initializer_geometry_reject,435,1630,220,134,13.843849988390096,16.321195911850268,18.526715579915173,128,124,128,0,0,0,1422.087890625,1507.34375,0.48544839024543762,131,134,0,0,0,0,131,131,1.3125388622283936,1.0116397142410278,1.013385534286499,1,0,1,1,1
443,1542829038.8465967,initializer_geometry_reject,435,1600,204,131,15.789914566843072,18.771282833019821,21.600127002610673,122,122,119,6,0,0,1388.0240478515625,1469.1380615234375,0.48580515384674072,128,129,0,0,0,0,128,128,1.4490189552307129,1.0135923624038696,1.0142438411712646,1,0,1,1,1
444,1542829038.8966365,initializer_geometry_reject,435,1659,229,132,17.24558148483781,21.033765970135061,24.108536482985883,128,115,123,123,0,0,1368.4788818359375,1467.0263671875,0.48262256383895874,129,130,0,0,0,0,129,129,1.8513947725296021,1.0185431241989136,1.0163748264312744,1,0,1,1,1
445,1542829038.9466372,initializer_geometry_reject,435,1651,226,127,19.362291394059021,23.375063320844863,27.053085568108408,117,114,122,6,0,0,1335.0125732421875,1426.728515625,0.48339524865150452,126,126,0,0,0,1,126,126,2.2979731559753418,1.0231094360351562,1.0206196308135986,1,0,1,1,1
446,1542829038.99828,initializer_geometry_reject,435,1648,235,135,20.551299036604888,25.80765687011149,30.33435918151784,111,112,124,39,0,0,1379.42041015625,1449.719970703125,0.48757579922676086,130,129,0,0,0,1,130,130,2.3233001232147217,1.0199183225631714,1.0234973430633545,1,0,1,1,1
447,1542829039.0454221,initializer_geometry_reject,435,1656,219,128,22.596742685586491,27.922685934464106,31.784381432726612,117,116,118,49,0,0,1340.0091552734375,1450.356689453125,0.48022708296775818,126,126,0,0,0,1,126,126,1.7131506204605103,1.0150002241134644,1.019768238067627,1,0,1,1,1
448,1542829039.0968482,initializer_geometry_reject,435,1695,239,129,24.667971352732234,30.429752744474968,34.857100685939798,122,113,121,51,0,0,1373.10107421875,1455.5216064453125,0.48543098568916321,128,128,0,0,0,0,128,128,2.5057721138000488,1.0233663320541382,1.0245593786239624,1,0,1,1,1
449,1542829039.1482732,initializer_geometry_reject,435,1690,237,125,26.915014355719769,33.017836917191879,37.753898177453387,122,107,115,98,0,0,1293.74658203125,1392.846435546875,0.48155659437179565,123,123,0,0,0,0,123,123,2.5002195835113525,1.023921012878418,1.0257236957550049,1,0,1,1,1
450,1542829039.1969914,initializer_geometry_reject,435,1651,219,117,30.410867957487309,35.749843443733241,41.014332422977212,112,102,105,105,0,0,1230.19580078125,1312.5235595703125,0.48381111025810242,115,115,0,0,0,1,115,115,2.6407871246337891,1.021852970123291,1.0298198461532593,1,0,1,1,1
451,1542829039.2483227,initializer_geometry_reject,435,1666,238,119,30.185014663093465,37.846681490413197,43.128442204544363,113,106,111,72,0,0,1270.35302734375,1345.3673095703125,0.48566091060638428,118,118,0,0,0,0,118,118,2.5808091163635254,1.0215359926223755,1.0309067964553833,1,0,1,1,1
452,1542829039.2969787,initializer_geometry_reject,435,1633,235,125,32.798712009024101,40.150622570071455,46.259473027099723,120,104,113,113,0,0,1278.5767822265625,1401.9686279296875,0.47698381543159485,122,124,0,0,0,1,122,122,2.9478273391723633,1.0254048109054565,1.0324761867523193,1,0,1,1,1
453,1542829039.3456311,initializer_geometry_reject,435,1655,235,118,34.466098132751284,42.541979013223532,49.538744191408497,113,101,112,68,0,0,1222.3614501953125,1314.1314697265625,0.48191004991531372,113,115,0,0,0,0,113,113,3.3443341255187988,1.0306451320648193,1.0355494022369385,1,0,1,1,1
454,1542829039.3974872,initializer_geometry_reject,435,1674,240,113,36.882552035945182,45.143942771234336,51.957643388985154,93,94,108,108,0,0,1209.50634765625,1287.39501953125,0.48440292477607727,112,112,0,0,0,1,112,112,3.4626059532165527,1.0329520702362061,1.0358089208602905,1,0,1,1,1
455,1542829039.4458055,initializer_geometry_reject,435,1688,237,121,37.89353527539447,47.601712949408387,55.832479210148897,117,107,108,84,0,0,1268.1124267578125,1351.130615234375,0.48415222764015198,119,119,0,0,0,1,119,119,3.429368257522583,1.0312931537628174,1.0375406742095947,1,0,1,1,1
456,1542829039.4969573,initializer_geometry_reject,435,1640,217,111,41.281086734794322,50.420629118089842,59.158757685725782,99,95,106,106,0,0,1144.6099853515625,1208.9521484375,0.48633092641830444,107,107,0,0,0,1,107,107,3.9029936790466309,1.0358141660690308,1.0417323112487793,1,0,1,1,1
457,1542829039.5465779,initializer_geometry_reject,435,1676,230,130,42.428685747816296,53.178232748753096,61.937528648464209,121,110,111,111,0,0,1309.9896240234375,1421.999267578125,0.47950038313865662,125,126,0,0,0,1,125,125,4.2208571434020996,1.0354621410369873,1.0469725131988525,1,0,1,1,1
458,1542829039.5965214,initializer_geometry_reject,435,1645,229,121,45.591188526494918,54.726378209820076,64.554137071906794,118,102,111,87,0,0,1241.6690673828125,1328.591552734375,0.48309069871902466,118,117,0,0,0,0,118,118,4.513188362121582,1.0393610000610352,1.0490000247955322,1,0,1,1,1
459,1542829039.6454113,initializer_geometry_reject,435,1629,233,131,46.100158114432688,57.972920467916367,67.66571841579993,127,107,111,93,0,0,1343.19921875,1444.6142578125,0.48181101679801941,128,128,0,0,0,0,128,128,4.7531204223632812,1.0406438112258911,1.0512504577636719,1,0,1,1,1
460,1542829039.6981838,initializer_geometry_reject,435,1655,244,116,48.968026520643178,59.205765977806138,70.497500743608498,111,102,95,81,0,0,1180.6683349609375,1283.322509765625,0.47916916012763977,113,114,0,0,0,1,113,113,4.9426050186157227,1.0480564832687378,1.0491212606430054,1,0,1,1,1
461,1542829039.7462666,initializer_geometry_reject,435,1638,222,124,52.023828022968551,63.178448768697478,72.690212356459625,120,102,116,97,0,0,1254.03662109375,1379.7279052734375,0.47613844275474548,123,123,0,0,0,1,123,123,5.7261495590209961,1.0515416860580444,1.0597344636917114,1,0,1,1,1
462,1542829039.7973073,initializer_geometry_reject,435,1644,234,110,54.753148280300316,66.203744660697083,77.142122377357609,108,91,97,77,0,0,1109.2672119140625,1216.728271484375,0.47689995169639587,108,108,0,0,0,1,108,108,5.5437960624694824,1.0533541440963745,1.0559080839157104,1,0,1,1,1
463,1542829039.8469455,initializer_geometry_reject,435,1606,228,130,56.343851643146266,68.792702117192775,79.530691370488498,101,110,111,96,0,0,1286.9195556640625,1428.3809814453125,0.47395104169845581,125,127,0,0,0,1,125,125,5.6782007217407227,1.0483249425888062,1.0639607906341553,1,0,1,1,1
464,1542829039.8964684,initializer_geometry_reject,435,1586,209,122,56.749148414575586,71.388783691983377,83.638230369289332,109,104,103,102,0,0,1161.1629638671875,1311.251953125,0.46964725852012634,115,115,0,0,0,0,115,115,5.3829216957092285,1.0466299057006836,1.0615625381469727,1,0,1,1,1
465,1542829039.9460435,initializer_geometry_reject,435,1607,221,121,59.036575390917626,74.381093050120356,85.472531900843734,109,94,108,92,0,0,1189.5186767578125,1304.38427734375,0.47697073221206665,117,117,0,0,0,1,117,117,6.4114189147949219,1.0566141605377197,1.0692096948623657,1,0,1,1,1
466,1542829039.9952321,initializer_geometry_reject,435,1583,225,113,62.77562769130752,78.149281892030132,90.488291579256483,95,90,90,85,0,0,1075.3841552734375,1185.0361328125,0.47574520111083984,105,106,0,0,0,1,105,105,6.1236224174499512,1.0554053783416748,1.0677347183227539,1,0,1,1,1
467,1542829040.0452428,initializer_geometry_reject,435,1652,209,106,63.741239349151414,78.080817603181572,91.696237596272312,101,87,100,100,0,0,1015.11279296875,1120.809326171875,0.47525739669799805,101,100,0,0,0,0,101,101,6.3256430625915527,1.0598748922348022,1.0671321153640747,1,0,1,1,1
468,1542829040.097723,reset_too_few_matches,435,1606,203,98,65.418247105868971,81.308092533636454,94.594919073769177,93,84,91,83,0,0,-1,-1,-1,-1,-1,0,0,0,0,0,0,-1,-1,-1,0,0,0,0,0
469,1542829040.1456885,set_reference,469,1631,216,-1,-1,-1,-1,-1,-1,-1,-1,0,0,-1,-1,-1,-1,-1,0,0,0,0,-1,-1,-1,-1,-1,0,0,0,0,0
470,1542829040.1973202,initializer_geometry_reject,469,1675,211,154,2.0762079218510681,2.8310277712122729,3.958435608498275,136,130,146,5,0,0,1560.1353759765625,1683.0299072265625,0.48105329275131226,148,151,0,0,0,0,148,148,0.12511454522609711,1.0003631114959717,1.0048828125,1,0,0,1,1
471,1542829040.2465067,initializer_geometry_reject,469,1459,201,132,4.2015364445619188,5.2993904004703909,6.4507414057766486,126,115,127,4,0,0,1390.4281005859375,1476.5494384765625,0.48498046398162842,128,129,0,0,0,0,128,128,0.40830376744270325,1.003404974937439,1.004391074180603,1,0,0,1,1
472,1542829040.296406,initializer_geometry_reject,469,1482,188,135,6.3459263474536325,7.8308718813176306,9.845763239673186,124,116,130,1,0,0,1414.634033203125,1510.0684814453125,0.48368474841117859,132,133,0,0,0,0,132,132,0.10087055712938309,1.003565788269043,1.0073928833007812,1,0,0,1,1
473,1542829040.3453717,initializer_geometry_reject,469,1511,218,133,8.1963427481565301,10.454455508398892,12.518136024513982,126,115,129,4,0,0,1381.2708740234375,1490.24365234375,0.48102518916130066,131,132,0,0,0,0,131,131,0.8764801025390625,1.0069414377212524,1.0093499422073364,1,0,0,1,1
474,1542829040.3952816,initializer_geometry_reject,469,1507,204,121,9.6046153065984416,12.613627042132819,15.027393258710825,112,105,107,107,0,0,1259.3017578125,1343.06103515625,0.4839070737361908,118,118,0,0,0,0,118,118,1.4542765617370605,1.0132989883422852,1.0145524740219116,1,0,1,1,1
475,1542829040.4455395,initializer_geometry_reject,469,1510,211,118,11.973073933237155,15.089887283976402,18.279244850874647,109,103,111,16,0,0,1259.707763671875,1336.068603515625,0.48529133200645447,117,117,0,0,0,0,117,117,1.3316327333450317,1.0108141899108887,1.0150109529495239,1,0,1,1,1
476,1542829040.4963217,initializer_geometry_reject,469,1508,206,123,13.037304929016031,17.087847976362109,20.873098918543459,117,109,114,114,0,0,1272.0048828125,1356.386474609375,0.48394805192947388,117,119,0,0,0,1,117,117,0.99090808629989624,1.0098721981048584,1.0124815702438354,1,0,0,1,1
477,1542829040.5461292,initializer_geometry_reject,469,1566,240,123,14.614459986071935,18.968175197679635,23.65503285058978,112,106,117,32,0,0,1297.0533447265625,1371.5601806640625,0.4860401451587677,120,121,0,0,0,0,120,120,1.76535964012146,1.0149005651473999,1.0195153951644897,1,0,1,1,1
478,1542829040.5964506,initializer_geometry_reject,469,1616,226,123,16.014093310479527,21.484099674996596,26.330559490567911,111,115,118,118,0,0,1282.52880859375,1392.9482421875,0.4793645441532135,121,121,0,0,0,0,121,121,2.1938340663909912,1.0151985883712769,1.0266156196594238,1,0,1,1,1
479,1542829040.6452188,initializer_geometry_reject,469,1669,253,119,18.229719556647929,23.649490961379918,29.397416944813063,117,105,115,39,0,0,1261.7012939453125,1336.5709228515625,0.48559242486953735,117,118,0,0,0,0,117,117,2.0964851379394531,1.0171589851379395,1.0238543748855591,1,0,1,1,1
480,1542829040.6985948,initializer_geometry_reject,469,1657,239,119,19.873304743720333,26.312893884524851,32.874419997884317,109,105,109,71,0,0,1215.443603515625,1312.6572265625,0.48077338933944702,115,116,0,0,0,1,115,115,2.7963838577270508,1.0188958644866943,1.0350557565689087,1,0,1,1,1
481,1542829040.7486775,initializer_geometry_reject,469,1473,213,122,20.673867946920677,27.721141471482742,35.067611878653004,114,105,111,64,0,0,1241.567138671875,1342.548828125,0.48046109080314636,118,118,0,0,0,0,118,118,2.5065531730651855,1.0203111171722412,1.0301333665847778,1,0,1,1,1
482,1542829040.7955976,initializer_geometry_reject,469,1474,215,114,21.945842162815147,29.311426123685045,37.814865337126314,107,101,106,58,0,0,1171.5267333984375,1240.359130859375,0.4857306182384491,109,110,0,0,0,0,109,109,2.4388740062713623,1.0209568738937378,1.0296165943145752,1,0,1,1,1
483,1542829040.8453455,initializer_geometry_reject,469,1530,216,107,22.234155837470368,30.542423202498284,38.086860751186329,95,90,100,80,0,0,1099.2547607421875,1196.5601806640625,0.47880807518959045,105,105,0,0,0,1,105,105,2.8692166805267334,1.0198917388916016,1.0388871431350708,1,0,1,1,1
484,1542829040.8963602,initializer_geometry_reject,469,1541,217,110,25.467544626342541,32.671950511091595,42.031947231913655,90,90,103,90,0,0,1113.9781494140625,1202.677490234375,0.48085615038871765,106,106,0,0,0,1,106,106,3.2186276912689209,1.0220972299575806,1.0431419610977173,1,0,1,1,1
485,1542829040.9471657,initializer_geometry_reject,469,1592,217,117,26.5150735030888,35.386649905482685,50.079321252698854,106,95,105,90,0,0,1103.66455078125,1191.4786376953125,0.48086962103843689,107,107,0,0,0,1,107,107,3.4488952159881592,1.0233317613601685,1.0462205410003662,1,0,1,1,1
486,1542829040.996314,initializer_geometry_reject,469,1406,193,102,27.268926471243912,37.370897484963521,50.119219479505034,81,88,87,80,0,0,1001.0921020507812,1093.8907470703125,0.47785216569900513,96,98,0,0,0,1,96,96,3.6512506008148193,1.0275570154190063,1.0478148460388184,1,0,1,1,1
487,1542829041.0464416,initializer_geometry_reject,469,1455,203,112,27.806346943231631,37.823090747398382,49.066507529199683,101,88,97,94,0,0,1108.4659423828125,1187.1353759765625,0.48286518454551697,102,104,0,0,0,1,102,102,3.5165255069732666,1.0267884731292725,1.046952486038208,1,0,1,1,1
488,1542829041.0955114,initializer_geometry_reject,469,1502,215,109,29.366525975473117,38.978726314583675,53.471094297950302,100,90,99,99,0,0,1075.2265625,1174.8360595703125,0.47786518931388855,101,104,0,0,0,1,101,101,3.9764580726623535,1.0311335325241089,1.0511536598205566,1,0,1,1,1
489,1542829041.1461132,initializer_geometry_reject,469,1558,212,104,30.019171224706341,40.089800121957509,52.320685093226786,91,92,91,85,0,0,1054.203125,1127.28564453125,0.48324939608573914,99,101,0,0,0,1,99,99,3.9628918170928955,1.0329504013061523,1.0501852035522461,1,0,1,1,1
490,1542829041.1961699,initializer_geometry_reject,469,1593,218,109,30.572090542828683,42.61413423464473,58.351060507749295,103,96,100,100,0,0,1121.521240234375,1205.2979736328125,0.48199754953384399,103,105,0,1,0,1,103,103,4.681236743927002,1.0369211435317993,1.0592025518417358,1,0,1,1,1
491,1542829041.2463753,reset_too_few_matches,469,1582,216,93,31.093593720802868,47.14711897472251,58.362183647458643,89,77,77,75,0,0,-1,-1,-1,-1,-1,0,0,0,0,0,0,-1,-1,-1,0,0,0,0,0
492,1542829041.2952435,set_reference,492,1610,244,-1,-1,-1,-1,-1,-1,-1,-1,0,0,-1,-1,-1,-1,-1,0,0,0,0,-1,-1,-1,-1,-1,0,0,0,0,0
493,1542829041.3458548,initializer_geometry_reject,492,1695,240,169,1.0099331433226093,2.0122767757778171,3.104405791961049,149,150,164,3,0,0,1813.8009033203125,1915.7509765625,0.48633214831352234,165,166,0,0,0,0,165,165,0.39416110515594482,1.0011571645736694,1.0071042776107788,1,0,0,1,1
494,1542829041.3951468,initializer_geometry_reject,492,1704,234,148,2.0290512775628371,4.0159333543276494,5.3924099347183994,141,129,142,0,0,0,1571.9952392578125,1656.3760986328125,0.48693135380744934,143,145,0,0,0,1,143,143,0.57061225175857544,1.0043516159057617,1.0073548555374146,1,0,0,1,1
495,1542829041.4469309,initializer_geometry_reject,492,1776,233,149,3.0425707220908893,5.3862585701242667,8.2645167797590187,142,141,144,5,0,0,1609.452880859375,1702.9940185546875,0.48588037490844727,145,147,0,0,0,0,145,145,0.92619550228118896,1.0073647499084473,1.0108189582824707,1,0,0,1,1
496,1542829041.4958584,initializer_geometry_reject,492,1582,198,135,4.1947356276444543,7.1246157096686344,10.247012175647603,118,121,130,19,0,0,1463.3087158203125,1548.5904541015625,0.48584252595901489,133,134,0,0,0,1,133,133,1.1793537139892578,1.0095149278640747,1.0140752792358398,1,0,1,1,1
497,1542829041.5452621,initializer_geometry_reject,492,1620,224,145,5.1839739000523322,9.01135442421654,12.685305828162354,142,131,140,140,0,0,1548.133544921875,1647.8714599609375,0.48439648747444153,144,144,0,0,0,0,144,144,1.5770634412765503,1.0100277662277222,1.0215264558792114,1,0,1,1,1
498,1542829041.5964608,initializer_geometry_reject,492,1666,230,138,6.1819358042481065,10.860918724306195,15.470666139940903,121,122,126,10,0,0,1470.47509765625,1560.7613525390625,0.48510736227035522,134,135,0,0,0,0,134,134,1.2313055992126465,1.0093011856079102,1.0176246166229248,1,0,1,1,1
499,1542829041.6462154,initializer_geometry_reject,492,1703,232,126,7.2608873935303588,12.872268155485632,18.013586245392951,102,110,120,61,0,0,1323.8475341796875,1410.5311279296875,0.48414930701255798,123,124,0,0,0,1,123,123,1.7437210083007812,1.0126776695251465,1.0232734680175781,1,0,1,1,1
500,1542829041.6966505,initializer_geometry_reject,492,1747,240,134,8.201473626602283,14.260642471288872,20.219302208294284,128,124,122,117,0,0,1432.44677734375,1525.5233154296875,0.48426678776741028,131,133,0,0,0,1,131,131,1.9835684299468994,1.0119771957397461,1.0295165777206421,1,0,1,1,1
501,1542829041.7464397,initializer_geometry_reject,492,1758,241,132,9.4505164555901988,16.963082325529051,22.88921583735668,125,121,127,127,0,0,1388.30908203125,1486.8388671875,0.48286527395248413,128,130,0,1,0,1,128,128,1.8762800693511963,1.0120357275009155,1.0286253690719604,1,0,1,1,1
502,1542829041.7957129,initializer_geometry_reject,492,1765,235,131,10.293663290207114,17.567373958817406,25.627337000731313,130,117,122,110,0,0,1384.0263671875,1493.554443359375,0.48096871376037598,129,130,0,0,0,1,129,129,2.235283374786377,1.0164154767990112,1.0321550369262695,1,0,1,1,1
503,1542829041.8450272,initializer_geometry_reject,492,1792,234,132,11.667668817346962,19.717612279460354,27.565692696526391,128,117,123,118,0,0,1372.825439453125,1467.488037109375,0.48333588242530823,128,130,0,0,0,0,128,128,2.7598857879638672,1.0172523260116577,1.0411877632141113,1,0,1,1,1
504,1542829041.8965197,initializer_geometry_reject,492,1870,250,128,13.172754657213982,21.989990793156217,30.152584775378859,111,111,118,108,0,0,1343.3341064453125,1435.7606201171875,0.48337110877037048,125,127,0,1,0,1,125,125,3.1116230487823486,1.020533561706543,1.0447134971618652,1,0,1,1,1
505,1542829041.9480522,initializer_geometry_reject,492,1960,260,132,14.800183592220307,24.170448412085129,32.391106723433069,129,118,116,116,0,0,1372.7298583984375,1475.9461669921875,0.4818834662437439,127,129,0,0,0,1,127,127,3.0303466320037842,1.0195802450180054,1.0458861589431763,1,0,1,1,1
506,1542829041.9959612,initializer_geometry_reject,492,1827,255,123,15.382672146735079,26.224692136302668,34.754786447306891,117,102,117,114,0,0,1276.0863037109375,1388.296630859375,0.47894254326820374,118,121,0,0,0,0,118,118,3.639110803604126,1.0247037410736084,1.0525062084197998,1,0,1,1,1
507,1542829042.0477502,initializer_geometry_reject,492,1839,240,127,17.247192694767982,28.477722932659468,39.027224408579492,123,109,119,119,0,0,1322.50048828125,1426.6854248046875,0.48105165362358093,123,125,0,0,0,0,123,123,3.5935218334197998,1.024117112159729,1.0532479286193848,1,0,1,1,1
508,1542829042.0960989,initializer_geometry_reject,492,1895,263,126,18.071046723186605,30.666559323461847,41.390907388025958,124,105,124,124,0,0,1332.4710693359375,1437.186279296875,0.48109602928161621,123,125,0,0,0,1,123,123,4.2714090347290039,1.0268197059631348,1.0627964735031128,1,0,1,1,1
509,1542829042.1476562,initializer_geometry_reject,492,1907,257,126,19.460412002273504,33.381257796996067,44.810447482619338,118,106,116,116,0,0,1260.27392578125,1376.138427734375,0.47802609205245972,120,121,0,0,0,1,120,120,4.5677604675292969,1.0343499183654785,1.0608887672424316,1,0,1,1,1
510,1542829042.1970973,initializer_geometry_reject,492,1964,269,123,21.829421190007118,36.045673250626272,46.702763854263949,120,111,114,111,0,0,1285.8189697265625,1390.75341796875,0.48039764165878296,121,122,0,0,0,1,121,121,4.5771422386169434,1.0329279899597168,1.0630010366439819,1,0,1,1,1
511,1542829042.2455652,initializer_geometry_reject,492,2045,281,132,24.167693010732066,37.715678800733407,48.586414233157711,119,114,131,131,0,0,1371.11962890625,1476.1927490234375,0.48154869675636292,131,132,0,1,0,1,131,131,5.009732723236084,1.0340481996536255,1.0708787441253662,1,0,1,1,1
512,1542829042.295409,initializer_geometry_reject,492,2053,282,128,25.346153026598913,40.079761949219723,53.129109181611213,124,109,118,114,0,0,1313.50634765625,1422.3260498046875,0.48011210560798645,124,126,0,0,0,0,124,124,5.0552825927734375,1.0344594717025757,1.0716621875762939,1,0,1,1,1
513,1542829042.345396,initializer_geometry_reject,492,2079,296,128,26.881533717289656,42.212705912797844,55.014084394874565,110,115,122,120,0,0,1325.4580078125,1436.1849365234375,0.47995269298553467,126,126,0,1,0,1,126,126,5.1921815872192383,1.0326135158538818,1.0770047903060913,1,0,1,1,1
514,1542829042.39522,initializer_geometry_reject,492,2189,306,118,27.568772709581161,44.591330929649821,57.230806632040796,115,104,105,102,0,0,1236.16162109375,1338.8798828125,0.48005503416061401,117,117,0,1,0,1,117,117,5.9097599983215332,1.0396205186843872,1.0840883255004883,1,0,1,1,1
515,1542829042.4472554,initializer_geometry_reject,492,2239,328,127,30.196904022277426,47.297396454996125,61.705675182327994,125,106,112,111,0,0,1294.5517578125,1420.5693359375,0.47679337859153748,125,125,0,0,0,0,125,125,6.1373414993286133,1.0430419445037842,1.0845488309860229,1,0,1,1,1
516,1542829042.4951417,initializer_geometry_reject,492,2249,305,136,33.538081772186246,50.778425574659366,64.107992525719411,124,117,129,129,0,0,1333.64306640625,1458.5391845703125,0.47763469815254211,128,129,0,1,0,1,128,128,6.3063030242919922,1.0415487289428711,1.0889804363250732,1,0,1,1,1
517,1542829042.5449293,initializer_geometry_reject,492,2200,300,131,32.412900698657353,52.028728950020309,65.276401836623251,114,112,113,112,0,0,1315.4306640625,1455.30810546875,0.4747580885887146,124,129,0,0,0,0,124,124,6.3138852119445801,1.0452005863189697,1.0881720781326294,1,0,1,1,1
518,1542829042.5949771,initializer_geometry_reject,492,2310,317,141,34.35025068264531,55.255389896889305,70.417932084269438,128,116,129,129,0,0,1377.0406494140625,1566.59130859375,0.46780329942703247,135,137,0,0,0,0,135,135,6.6472959518432617,1.0478518009185791,1.0916893482208252,1,0,1,1,1
519,1542829042.6452906,initializer_geometry_reject,492,2309,313,124,36.952376346834093,57.114615316761061,72.329733851091618,109,98,106,105,0,0,1185.6287841796875,1342.6285400390625,0.46895098686218262,114,119,0,1,0,1,114,114,7.1055312156677246,1.0513414144515991,1.0988221168518066,1,0,1,1,1
520,1542829042.6972647,initializer_geometry_reject,492,2374,312,124,38.509005902288848,59.639571404521391,75.199386216342205,118,111,104,103,0,0,1208.583251953125,1368.7735595703125,0.46892350912094116,121,121,0,0,0,0,121,121,6.8626708984375,1.0506535768508911,1.0956078767776489,1,0,1,1,1
521,1542829042.7459803,initializer_geometry_reject,492,2427,340,118,41.009293439215654,62.846180036818808,79.563189256516907,110,101,101,101,0,0,1144.387451171875,1301.0732421875,0.46796396374702454,115,115,0,0,0,0,115,115,7.4791855812072754,1.049531102180481,1.107451319694519,1,0,1,1,1
522,1542829042.7951188,initializer_geometry_reject,492,2358,342,129,43.317155185497732,66.159316740128162,82.453364263320623,116,99,114,114,0,0,1229.224609375,1386.4892578125,0.4699384868144989,122,124,0,0,0,0,122,122,7.6339888572692871,1.0525716543197632,1.1075372695922852,1,0,1,1,1
523,1542829042.8450832,initializer_geometry_reject,492,2408,326,127,44.518616060846057,64.590488081164565,83.913801273054943,117,101,118,118,0,0,1184.7725830078125,1362.6146240234375,0.46509325504302979,118,121,0,0,0,0,118,118,8.2185745239257812,1.056361198425293,1.1161959171295166,1,0,1,1,1
524,1542829042.8956084,initializer_geometry_reject,492,2417,341,109,46.045587100904854,70.179102314359255,87.617229954447552,105,88,97,96,0,0,1028.31494140625,1168.9029541015625,0.46800774335861206,102,106,0,0,0,0,102,102,8.500248908996582,1.0603606700897217,1.1178950071334839,1,0,1,1,1
525,1542829042.9465446,initializer_geometry_reject,492,2489,353,119,49.795895541890552,72.364538162399214,90.735402838705099,100,98,102,102,0,0,1080.1685791015625,1278.2244873046875,0.45801040530204773,111,115,0,0,0,0,111,111,8.9155721664428711,1.0634878873825073,1.1235965490341187,1,0,1,1,1
526,1542829042.9947927,initializer_geometry_reject,492,2485,329,118,51.289064443186241,73.630258148784264,95.037549006335382,110,99,104,104,0,0,1083.8634033203125,1279.5223388671875,0.45860621333122253,110,113,0,0,0,0,110,110,8.7783422470092773,1.0605162382125854,1.1242756843566895,1,0,1,1,1
527,1542829043.0451317,initializer_geometry_reject,492,2321,326,113,51.550099714414358,78.06827822584728,98.096994706452577,81,87,95,95,0,0,1013.1080932617188,1206.4024658203125,0.45645564794540405,105,108,0,0,0,0,105,105,8.8619089126586914,1.0617431402206421,1.1247446537017822,1,0,1,1,1
528,1542829043.0946054,initializer_geometry_reject,492,2395,328,121,55.520145326381872,81.362173134394595,101.32629943810601,100,97,108,108,0,0,1074.804931640625,1267.797119140625,0.45880815386772156,107,114,0,0,0,0,107,107,9.6149473190307617,1.0720890760421753,1.1265524625778198,1,0,1,1,1
529,1542829043.1455407,initializer_geometry_reject,492,2422,340,120,57.001996948342516,84.142841699814539,104.54322819036585,101,102,106,106,0,0,1041.3275146484375,1231.1536865234375,0.45823371410369873,107,110,0,0,0,0,107,107,9.8175439834594727,1.0690689086914062,1.1358710527420044,1,0,1,1,1
530,1542829043.1996419,initializer_geometry_reject,492,2428,333,127,60.817875887795402,86.593495978032209,107.31946812129591,107,100,103,103,0,0,1120.878662109375,1355.7606201171875,0.45258054137229919,113,119,0,0,0,0,113,113,1.5764428377151489,1.0702041387557983,1.1317614316940308,1,0,1,1,1
531,1542829043.2459872,initializer_geometry_reject,492,2450,332,102,61.318184711537647,81.76396265206661,107.79127125365635,83,80,92,91,0,0,904.223388671875,1096.2171630859375,0.45201212167739868,92,98,0,0,0,0,92,92,9.4593706130981445,1.0724805593490601,1.139879584312439,1,0,1,1,1
532,1542829043.294878,initializer_geometry_reject,492,2372,340,114,63.634083927362092,88.261681280496944,113.18571643143035,88,86,103,103,0,0,968.27227783203125,1173.9171142578125,0.45200124382972717,102,105,0,0,0,0,102,102,9.7255058288574219,1.0729836225509644,1.1372456550598145,1,0,1,1,1
533,1542829043.3456945,initializer_geometry_reject,492,2378,334,107,66.914984157362284,92.92410077541561,117.58582095874226,94,79,95,95,0,0,865.52581787109375,1059.1505126953125,0.44969943165779114,93,97,0,0,0,0,93,93,9.620915412902832,1.0719783306121826,1.1359288692474365,1,0,1,1,1
534,1542829043.3949971,reset_too_few_matches,492,2317,326,93,71.169355282426736,95.591839539913124,118.23460370498188,75,70,76,76,0,0,-1,-1,-1,-1,-1,0,0,0,0,0,0,-1,-1,-1,0,0,0,0,0
535,1542829043.4461343,set_reference,535,2386,336,-1,-1,-1,-1,-1,-1,-1,-1,0,0,-1,-1,-1,-1,-1,0,0,0,0,-1,-1,-1,-1,-1,0,0,0,0,0
536,1542829043.495106,initializer_geometry_reject,535,2330,307,226,2.2399034135900728,3.1087231758569569,3.8782550002198146,223,213,222,1,0,0,2422.526123046875,2556.295654296875,0.48656615614891052,221,223,0,0,0,0,221,221,0.059347022324800491,1.0025026798248291,1.0057079792022705,1,0,0,1,1
537,1542829043.5460141,initializer_geometry_reject,535,2382,325,237,5.1331712911535536,6.156540384862816,7.3519416359094834,222,214,233,3,0,0,2544.6845703125,2709.409912109375,0.48432406783103943,236,236,0,0,0,0,236,236,0.16902045905590057,1.0027559995651245,1.0036157369613647,1,0,0,1,1
538,1542829043.5953259,initializer_geometry_reject,535,2411,340,230,8.1269772146825776,9.230934716507976,10.888887940043718,209,212,222,4,0,0,2472.962158203125,2597.56689453125,0.48771283030509949,225,225,0,0,0,0,225,225,0.66793245077133179,1.0057169198989868,1.0067270994186401,1,0,0,1,1
539,1542829043.6454973,initializer_geometry_reject,535,2381,334,226,10.51607172429439,12.32190029796967,14.465155587122247,208,197,210,8,0,0,2424.643310546875,2579.93017578125,0.48448553681373596,224,224,0,0,0,0,224,224,1.3195275068283081,1.0109447240829468,1.0128456354141235,1,0,1,1,1
540,1542829043.696517,initializer_geometry_reject,535,2408,328,203,13.318935788358388,15.324527302621389,18.395371726700471,181,179,197,197,0,0,2190.42822265625,2331.51953125,0.48439928889274597,203,203,0,0,0,0,203,203,1.554818868637085,1.0133103132247925,1.0150774717330933,1,0,1,1,1
541,1542829043.7459726,initializer_geometry_reject,535,2418,335,209,16.335979295461687,18.384139947290933,21.539942931019766,208,184,203,6,0,0,2241.47900390625,2367.55419921875,0.4863230288028717,206,208,0,0,0,0,206,206,2.1599390506744385,1.0183393955230713,1.0207210779190063,1,0,1,1,1
542,1542829043.7948658,initializer_geometry_reject,535,2404,342,225,18.655797097846918,21.443218812052699,25.814209082977605,215,199,213,16,0,0,2396.206787109375,2539.76025390625,0.48545846343040466,222,221,0,0,0,0,222,222,1.8829437494277954,1.0149524211883545,1.0191770792007446,1,0,1,1,1
543,1542829043.8465648,initializer_geometry_reject,535,2373,331,199,21.603416696212882,24.590867232580194,29.118304186646977,191,173,194,38,0,0,2067.722900390625,2230.9248046875,0.48101708292961121,196,195,0,0,0,0,196,196,1.8811759948730469,1.0162875652313232,1.0180596113204956,1,0,1,1,1
544,1542829043.8949974,initializer_geometry_reject,535,2370,327,205,24.602165011960764,27.660888445752025,32.203299891232824,205,186,198,38,0,0,2202.782470703125,2353.723876953125,0.4834367036819458,204,205,0,0,0,1,204,204,2.9243588447570801,1.024366021156311,1.0288108587265015,1,0,1,1,1
545,1542829043.9456785,initializer_geometry_reject,535,2406,338,215,27.421055343015617,30.740310156295131,35.932395851024154,200,201,208,23,0,0,2272.369140625,2445.517578125,0.48164978623390198,214,215,0,0,0,0,214,214,2.9030613899230957,1.0260266065597534,1.0269496440887451,1,0,1,1,1
546,1542829043.9947443,initializer_geometry_reject,535,2405,328,211,29.813293461908362,33.755352081177818,39.318142395539788,203,185,192,36,0,0,2189.98876953125,2361.93115234375,0.48111319541931152,207,209,0,0,0,0,207,207,3.0955383777618408,1.0275982618331909,1.0288964509963989,1,0,1,1,1
547,1542829044.0448079,initializer_geometry_reject,535,2365,313,200,32.780506271976783,36.894585104117766,43.025920480643137,195,179,175,13,0,0,2108.011962890625,2248.72900390625,0.4838506281375885,197,198,0,0,0,0,197,197,3.4586455821990967,1.031639575958252,1.0319555997848511,1,0,1,1,1
548,1542829044.0967884,initializer_geometry_reject,535,2366,328,193,35.197750521540009,39.752663569714983,46.466165534359291,166,174,177,58,0,0,1999.1619873046875,2175.606201171875,0.4788677990436554,191,191,0,0,0,0,191,191,3.7328178882598877,1.0330126285552979,1.035078763961792,1,0,1,1,1
549,1542829044.1452603,initializer_geometry_reject,535,2318,318,185,38.020875196276748,42.677880614525819,49.132458385015497,162,162,176,57,0,0,1903.4276123046875,2065.163818359375,0.47962298989295959,181,183,0,0,0,0,181,181,3.9289968013763428,1.0353546142578125,1.0370742082595825,1,0,1,1,1
550,1542829044.1957924,initializer_geometry_reject,535,2333,329,195,40.994218044915471,45.595064943669527,53.104237142021191,176,179,178,178,0,0,2031.633056640625,2188.678955078125,0.48139405250549316,191,193,0,0,0,0,191,191,4.133512020111084,1.0347186326980591,1.0412184000015259,1,0,1,1,1
551,1542829044.245893,initializer_geometry_reject,535,2374,319,184,43.533816284436114,48.998439457911701,57.064782764390706,179,167,171,54,0,0,1919.462646484375,2065.572265625,0.48166769742965698,182,181,0,0,0,0,182,182,4.8340778350830078,1.0418602228164673,1.0471955537796021,1,0,1,1,1
552,1542829044.2953808,initializer_geometry_reject,535,2402,331,192,46.112523936887719,52.005463710728023,60.475920558536082,181,167,178,44,0,0,1976.373779296875,2124.4599609375,0.48194435238838196,187,188,0,0,0,1,187,187,4.5173964500427246,1.0416023731231689,1.0416678190231323,1,0,1,1,1
553,1542829044.3454554,initializer_geometry_reject,535,2390,334,181,48.791088542768833,55.055436515789538,64.002856679192377,176,153,170,80,0,0,1838.40869140625,2005.802734375,0.47822776436805725,175,176,0,0,0,0,175,175,5.0723452568054199,1.0437746047973633,1.0496695041656494,1,0,1,1,1
554,1542829044.3954306,initializer_geometry_reject,535,2380,346,174,51.318759756498743,58.08754368521241,67.239261051695479,158,150,154,66,0,0,1784.9747314453125,1937.450927734375,0.47951921820640564,171,172,0,0,0,0,171,171,5.1553707122802734,1.0456211566925049,1.0494605302810669,1,0,1,1,1
555,1542829044.4452405,initializer_geometry_reject,535,2382,343,173,53.307298894511071,60.487138858861563,72.419525434440331,163,143,146,77,0,0,1680.2608642578125,1844.1629638671875,0.47674766182899475,163,165,0,0,0,0,163,163,5.5920867919921875,1.0502036809921265,1.053611159324646,1,0,1,1,1
556,1542829044.4952331,initializer_geometry_reject,535,2345,339,178,56.207585649473785,63.338155318284564,73.772355193775454,157,143,164,82,0,0,1701.3184814453125,1905.7318115234375,0.47166475653648376,168,170,0,0,0,0,168,168,6.0896897315979004,1.0563251972198486,1.0565962791442871,1,0,1,1,1
557,1542829044.5452397,initializer_geometry_reject,535,2399,328,163,59.185222631478119,66.03968242740055,74.697270696279432,143,140,146,145,0,0,1621.718505859375,1813.60302734375,0.47207182645797729,159,160,0,0,0,0,159,159,5.8856310844421387,1.0514394044876099,1.0588753223419189,1,0,1,1,1
558,1542829044.5956988,initializer_geometry_reject,535,2450,354,168,61.366125496622345,69.516108942439928,79.829818028896767,164,144,155,155,0,0,1699.046142578125,1894.6353759765625,0.47278705239295959,165,166,0,0,0,0,165,165,5.8907570838928223,1.0530315637588501,1.0566871166229248,1,0,1,1,1
559,1542829044.6447725,initializer_geometry_reject,535,2359,345,164,63.637402666826596,71.545201977341605,81.499854073037795,156,135,148,148,0,0,1668.216064453125,1788.515380859375,0.48259925842285156,161,158,0,0,0,1,161,161,6.4886660575866699,1.0576236248016357,1.0631828308105469,1,0,1,1,1
560,1542829044.6962109,initializer_geometry_reject,535,2412,341,167,66.235042360245814,75.178809046289516,85.903402225304831,159,137,150,150,0,0,1614.2197265625,1795.1650390625,0.47346365451812744,158,157,0,0,0,0,158,158,7.2939586639404297,1.0647531747817993,1.0715775489807129,1,0,1,1,1
561,1542829044.7448361,initializer_geometry_reject,535,2481,359,158,68.440153533154785,77.651732468196371,88.312909566525022,145,138,146,145,0,0,1531.328857421875,1722.6417236328125,0.47060313820838928,152,152,0,0,0,0,152,152,6.7383389472961426,1.0638496875762939,1.0623927116394043,1,0,1,1,1
562,1542829044.7958882,initializer_geometry_reject,535,2449,348,156,70.458568517423743,79.962374238271082,91.263936408821849,128,131,135,135,0,0,1494.4591064453125,1656.7877197265625,0.47424376010894775,144,147,0,0,0,0,144,144,7.6841855049133301,1.0708357095718384,1.0744011402130127,1,0,1,1,1
563,1542829044.8451903,initializer_geometry_reject,535,2456,341,139,73.21470088628503,82.12177683477735,92.750262255221557,117,110,125,125,0,0,1366.11767578125,1496.8826904296875,0.4771629273891449,134,133,0,0,0,0,134,134,7.5970869064331055,1.0695545673370361,1.0743663311004639,1,0,1,1,1
564,1542829044.8958011,initializer_geometry_reject,535,2451,360,148,75.337269186323738,85.233142173592199,96.414015952121275,137,128,140,71,0,0,1449.34765625,1616.5284423828125,0.47273525595664978,143,143,0,0,0,1,143,143,8.0944900512695312,1.0763038396835327,1.0770536661148071,1,0,1,1,1
565,1542829044.9466522,initializer_geometry_reject,535,2461,347,147,77.898382694275284,87.121271063650653,99.64814171163718,125,122,136,136,0,0,1408.738525390625,1566.7176513671875,0.47345298528671265,137,140,0,0,0,1,137,137,8.5138225555419922,1.0811494588851929,1.0810097455978394,1,0,1,1,1
566,1542829044.9964118,initializer_geometry_reject,535,2456,352,145,80.085692030827559,89.31019009504223,102.82466475750653,117,124,133,76,0,0,1381.36962890625,1609.420166015625,0.46187451481819153,136,141,0,0,0,0,136,136,8.2222280502319336,1.0768932104110718,1.0815670490264893,1,0,1,1,1
567,1542829045.045593,initializer_geometry_reject,535,2502,358,142,80.421190089377205,92.4763124226196,104.94844014507092,126,111,129,129,0,0,1306.1776123046875,1486.678466796875,0.4676852822303772,131,132,0,0,0,0,131,131,8.9978742599487305,1.0841989517211914,1.0868909358978271,1,0,1,1,1
568,1542829045.095762,initializer_geometry_reject,535,2540,371,126,82.390551840961763,94.168256331534906,106.49625019515416,106,97,115,66,0,0,1195.4638671875,1335.6195068359375,0.47231307625770569,120,121,0,0,0,0,120,120,9.6020164489746094,1.096716046333313,1.0869282484054565,1,0,1,1,1
569,1542829045.1458831,initializer_geometry_reject,535,2495,368,137,86.884636426629541,96.670094964493558,110.13180009964155,130,111,127,126,0,0,1338.486083984375,1512.8878173828125,0.46941792964935303,128,135,0,0,0,0,128,127,9.9042682647705078,1.0996708869934082,1.0905482769012451,1,0,1,1,1
570,1542829045.1974812,initializer_geometry_reject,535,2490,361,132,88.744105054344374,98.427132243461728,112.54559443418219,107,110,123,123,0,0,1272.750244140625,1410.371826171875,0.47435420751571655,122,125,0,0,0,0,122,121,9.6325559616088867,1.0929299592971802,1.0935486555099487,1,0,1,1,1
571,1542829045.24456,initializer_geometry_reject,535,2562,354,131,90.563458905280584,101.18946023935695,115.21347225847397,120,117,118,117,0,0,1285.6549072265625,1413.2589111328125,0.47636011242866516,120,126,0,0,0,0,120,119,9.3267898559570312,1.0909147262573242,1.0904430150985718,1,0,1,1,1
572,1542829045.2944822,initializer_geometry_reject,535,2522,360,127,90.270370229366861,102.31423386347038,115.82636565370878,108,105,111,111,0,0,1181.9200439453125,1319.5054931640625,0.47249859571456909,111,119,0,0,0,1,111,111,10.689770698547363,1.1095820665359497,1.0989255905151367,1,0,1,1,1
573,1542829045.3449831,initializer_geometry_reject,535,2530,381,126,93.300769519616949,104.48273603712576,118.83447021156421,99,103,114,114,0,0,1211.3187255859375,1339.820068359375,0.47481492161750793,116,121,0,0,0,0,116,116,10.281203269958496,1.1044254302978516,1.0979330539703369,1,0,1,1,1
574,1542829045.3953547,initializer_geometry_reject,535,2525,380,113,96.620804103717816,106.52398162259738,121.11420194813391,91,93,103,103,0,0,1024.0914306640625,1225.238037109375,0.4552873969078064,100,108,0,0,0,0,100,100,11.363090515136719,1.1196520328521729,1.1030669212341309,1,0,1,1,1
575,1542829045.4478111,initializer_geometry_reject,535,2486,341,124,96.603926515792452,108.61305144155438,123.9123904171971,110,98,105,69,0,0,1133.8250732421875,1257.669677734375,0.4741072952747345,111,111,0,0,0,0,111,111,10.71595573425293,1.1057136058807373,1.1036181449890137,1,0,1,1,1
576,1542829045.4969556,initializer_geometry_reject,535,2582,373,122,99.802133641431084,110.93687127339976,127.0964224990182,91,96,108,71,0,0,1132.361083984375,1332.9576416015625,0.45931628346443176,112,118,0,0,0,0,112,112,11.50819206237793,1.1195929050445557,1.1058311462402344,1,0,1,1,1
577,1542829045.5462415,initializer_geometry_reject,535,2569,383,122,102.21850277866392,114.16342362148821,128.89513707371054,83,95,108,108,0,0,1089.9659423828125,1282.306396484375,0.45946067571640015,107,114,0,0,0,0,107,107,11.260977745056152,1.1143543720245361,1.1070590019226074,1,0,1,1,1
578,1542829045.5951481,initializer_geometry_reject,535,2612,367,104,99.483961034193882,116.75376743611993,131.4235125958744,84,85,94,94,0,0,932.84442138671875,1085.72802734375,0.46213075518608093,89,95,0,0,0,0,89,89,11.235329627990723,1.1195838451385498,1.1042637825012207,1,0,1,1,1
579,1542829045.6456187,initializer_geometry_reject,535,2597,385,119,104.0553616353945,115.59218617118825,132.62644037643446,104,94,97,97,0,0,1082.1619873046875,1236.9814453125,0.46662139892578125,107,114,0,0,0,0,107,107,11.568290710449219,1.1201978921890259,1.1072512865066528,1,0,1,1,1
580,1542829045.6949797,initializer_geometry_reject,535,2656,379,113,104.97432652896163,119.30515735138518,135.75492538328936,97,90,99,99,0,0,1061.870361328125,1214.211669921875,0.4665343165397644,102,108,0,0,0,0,102,101,11.797137260437012,1.1223679780960083,1.111392617225647,1,0,1,1,1
581,1542829045.7458439,initializer_geometry_reject,535,2545,366,105,106.12792288879403,121.92710758026702,139.70218255863418,87,82,85,85,0,0,917.08294677734375,1043.8424072265625,0.46767866611480713,89,92,0,0,0,0,89,88,12.048435211181641,1.1258435249328613,1.1138049364089966,1,0,1,1,1
582,1542829045.7957153,initializer_geometry_reject,535,2576,376,114,106.90074240174586,123.30155781510427,140.91796375213684,92,93,93,93,0,0,996.57611083984375,1193.1669921875,0.45511096715927124,100,107,0,0,0,0,100,100,12.711469650268555,1.1249233484268188,1.1267123222351074,1,0,1,1,1
583,1542829045.8455482,initializer_geometry_reject,535,2628,380,106,112.89769934013361,124.59912542360405,140.70011773476591,86,89,98,98,0,0,998.1983642578125,1151.7427978515625,0.46429100632667542,98,103,0,0,0,0,98,97,12.264193534851074,1.1294716596603394,1.1140732765197754,1,0,1,1,1
584,1542829045.8951356,initializer_geometry_reject,535,2580,364,116,113.64738092847705,127.54523266791837,142.8850179834742,104,90,104,104,0,0,1010.3973999023438,1211.9725341796875,0.45464861392974854,99,108,0,0,0,0,99,99,12.157499313354492,1.1246881484985352,1.1165381669998169,1,0,1,1,1
585,1542829045.9450753,initializer_geometry_reject,535,2570,390,100,112.05694751598918,126.78269569497533,145.44079333872662,76,79,82,82,0,0,859.12310791015625,998.4188232421875,0.46250534057617188,87,90,0,0,0,0,87,85,12.956296920776367,1.135157585144043,1.1256616115570068,1,0,1,1,1
586,1542829045.99453,reset_too_few_matches,535,2625,384,93,110.83292806725477,128.9386117932348,146.84198275984886,74,72,83,83,0,0,-1,-1,-1,-1,-1,0,0,0,0,0,0,-1,-1,-1,0,0,0,0,0
587,1542829046.0445957,set_reference,587,2617,374,-1,-1,-1,-1,-1,-1,-1,-1,0,0,-1,-1,-1,-1,-1,0,0,0,0,-1,-1,-1,-1,-1,0,0,0,0,0
588,1542829046.0958114,initializer_geometry_reject,587,2620,382,277,1.0126529675531848,2.0354552216412274,2.3936742416932462,273,252,269,3,0,0,2971.85986328125,3135.72216796875,0.4865853488445282,271,275,0,0,0,0,271,271,0.24469421803951263,1.0025225877761841,1.0017228126525879,1,0,0,1,1
589,1542829046.14586,initializer_geometry_reject,587,2659,386,260,3.0232208303120274,4.0229333308865254,4.4582507907398838,246,251,256,6,0,0,2813.902099609375,2978.109130859375,0.48582470417022705,260,259,0,0,0,0,260,260,0.4379018247127533,1.0043789148330688,1.0030279159545898,1,0,0,1,1
590,1542829046.194876,initializer_geometry_reject,587,2632,373,245,4.1710724448977246,5.2809121840156195,6.5707455945792681,220,224,237,4,0,0,2621.959716796875,2777.410400390625,0.48560473322868347,241,241,0,0,0,0,241,241,0.67666411399841309,1.0075440406799316,1.0043593645095825,1,0,0,1,1
591,1542829046.2443995,initializer_geometry_reject,587,2621,373,256,6.1069520684017995,7.319008810618862,8.6805944915272057,226,226,250,2,0,0,2790.354736328125,2927.681884765625,0.48799175024032593,254,254,0,0,0,0,254,254,0.78409582376480103,1.008436918258667,1.0058091878890991,1,0,0,1,1
592,1542829046.2943563,initializer_geometry_reject,587,2598,370,242,7.4011365012742871,9.1405574061821966,10.771102879415981,211,228,233,3,0,0,2637.477783203125,2759.31103515625,0.48871240019798279,238,240,0,0,0,0,238,238,0.7798418402671814,1.0085921287536621,1.0054293870925903,1,0,0,1,1
593,1542829046.3443911,initializer_geometry_reject,587,2581,375,253,9.1275377147935615,10.841088406571027,12.896767203991951,222,233,246,8,0,0,2722.63232421875,2889.732421875,0.48511320352554321,251,251,0,0,0,0,251,251,1.2033349275588989,1.0123052597045898,1.0091220140457153,1,0,1,1,1
594,1542829046.3951042,initializer_geometry_reject,587,2624,368,244,10.617223840275965,12.635273403903369,15.202973455445653,204,205,229,3,0,0,2577.477783203125,2756.163330078125,0.48324918746948242,240,241,0,0,0,0,240,240,1.4155449867248535,1.013916015625,1.0112457275390625,1,0,1,1,1
595,1542829046.4452021,initializer_geometry_reject,587,2601,380,250,12.185232661835419,14.463866202076012,16.927893815354047,248,224,225,225,0,0,2748.5302734375,2871.570068359375,0.48905357718467712,250,250,0,0,0,0,250,250,1.8363231420516968,1.0178155899047852,1.0154095888137817,1,0,1,1,1
596,1542829046.4967048,initializer_geometry_reject,587,2562,383,237,13.453855881660136,16.404222797450682,18.781181613578465,237,211,230,8,0,0,2586.695556640625,2723.013671875,0.48716333508491516,236,237,0,0,0,0,236,236,2.0514724254608154,1.0182349681854248,1.0184986591339111,1,0,1,1,1
597,1542829046.5452313,initializer_geometry_reject,587,2490,360,230,15.16090425300505,18.030726587824653,20.899571672744209,214,210,222,5,0,0,2422.830322265625,2588.733642578125,0.48344793915748596,226,227,0,0,0,0,226,226,2.2819046974182129,1.0221329927444458,1.0193687677383423,1,0,1,1,1
598,1542829046.5947883,initializer_geometry_reject,587,2546,356,216,16.700987846217501,19.613332621854248,22.719782005531286,201,204,197,0,0,0,2361.76708984375,2468.671142578125,0.48893430829048157,213,215,0,0,0,0,213,213,2.195885181427002,1.0205410718917847,1.0190585851669312,1,0,1,1,1
599,1542829046.6458569,initializer_geometry_reject,587,2519,355,225,18.246601053842149,21.4714888956625,25.238410450110688,222,212,215,5,0,0,2402.906982421875,2543.87890625,0.48575112223625183,222,224,0,1,0,1,222,222,2.278728723526001,1.022796630859375,1.0188339948654175,1,0,1,1,1
600,1542829046.6950157,initializer_geometry_reject,587,2529,364,230,19.434090404958798,23.064575806990796,26.934322793347214,222,216,215,13,0,0,2491.905029296875,2631.994140625,0.4863298237323761,226,229,0,0,0,1,226,226,2.5618548393249512,1.0274417400360107,1.0196177959442139,1,0,1,1,1
601,1542829046.7453744,initializer_geometry_reject,587,2493,370,218,21.469538152308555,24.987282156610604,29.170782372773164,186,198,213,213,0,0,2328.547119140625,2471.251220703125,0.48513436317443848,216,216,0,0,0,0,216,216,2.5903477668762207,1.0267126560211182,1.0207464694976807,1,0,1,1,1
602,1542829046.794945,initializer_geometry_reject,587,2439,360,219,22.583516323184902,26.684532656141343,30.932134028104922,204,191,202,8,0,0,2313.956298828125,2448.817626953125,0.48584213852882385,215,217,0,0,0,0,215,215,0.25178828835487366,1.0276665687561035,1.0204148292541504,1,0,0,1,1
603,1542829046.844172,initializer_geometry_reject,587,2411,342,215,24.487587370269143,28.663671184810713,32.997926884131935,213,199,206,15,0,0,2305.0595703125,2449.4296875,0.4848175048828125,214,215,0,0,0,0,214,214,2.7184379100799561,1.0289750099182129,1.0205719470977783,1,0,1,1,1
604,1542829046.8943634,initializer_geometry_reject,587,2372,337,205,26.030492250259812,30.443614099460145,34.861225264710775,176,171,195,21,0,0,2124.73388671875,2294.328857421875,0.48081099987030029,203,202,0,0,0,0,203,201,2.871330738067627,1.0318542718887329,1.021439790725708,1,0,1,1,1
605,1542829046.9463804,initializer_geometry_reject,587,2336,339,221,27.477910979086822,31.904926974213634,36.761168828164656,207,201,212,212,0,0,2375.8916015625,2522.6181640625,0.48502334952354431,220,221,0,0,0,0,220,218,3.550161600112915,1.038385272026062,1.0271250009536743,1,0,1,1,1
606,1542829046.9969702,initializer_geometry_reject,587,2374,355,208,29.056282437021217,33.617397215893305,38.384998281360829,176,184,196,196,0,0,2223.048583984375,2347.344482421875,0.48640206456184387,205,206,0,0,0,0,205,199,3.4645845890045166,1.0361769199371338,1.0278242826461792,1,0,1,1,1
607,1542829047.0453937,initializer_geometry_reject,587,2363,339,208,31.154406382606705,35.47451210890447,40.962226793096193,199,188,204,204,0,0,2241.49267578125,2354.17236328125,0.48774066567420959,205,205,0,0,0,0,205,201,3.373826265335083,1.0381442308425903,1.0244916677474976,1,0,1,1,1
608,1542829047.0946126,initializer_geometry_reject,587,2292,320,211,31.923105651394255,37.295283956086074,42.598728575375517,172,182,184,184,0,0,2228.955322265625,2399.353759765625,0.48159173130989075,209,209,0,0,0,0,209,204,3.8046739101409912,1.0406249761581421,1.0296493768692017,1,0,1,1,1
609,1542829047.1448152,initializer_geometry_reject,587,2290,336,196,33.392609369422587,39.193610510216367,44.534722375680076,170,178,183,183,0,0,2049.883056640625,2195.92626953125,0.48280146718025208,193,192,0,0,0,0,193,187,4.2333669662475586,1.0421488285064697,1.035521388053894,1,0,1,1,1
610,1542829047.194813,initializer_geometry_reject,587,2321,344,220,35.429539011186336,41.212740555633232,46.901654134560985,218,197,201,201,0,0,2363.359130859375,2504.700439453125,0.48548278212547302,217,219,0,0,0,0,217,209,4.7231459617614746,1.0483400821685791,1.0382413864135742,1,0,1,1,1
611,1542829047.2446189,initializer_geometry_reject,587,2282,332,202,37.201340747627277,43.041082318666298,49.011165733558649,173,178,175,53,0,0,2111.24267578125,2251.02587890625,0.48397815227508545,199,199,0,0,0,0,199,190,4.8410024642944336,1.0494186878204346,1.0399479866027832,1,0,1,1,1
612,1542829047.2956896,initializer_geometry_reject,587,2246,331,197,38.291999216339057,44.523004248703792,50.994217780883005,184,177,179,179,0,0,2015.869873046875,2150.6298828125,0.48382812738418579,188,190,0,0,0,0,188,182,4.2528910636901855,1.0473158359527588,1.0315603017807007,1,0,1,1,1
613,1542829047.344496,initializer_geometry_reject,587,2218,332,183,40.278899410339498,46.359303894085265,53.602207034481381,179,161,173,173,0,0,1905.60009765625,2067.150146484375,0.47966772317886353,179,181,0,0,0,0,179,171,5.0878491401672363,1.0537259578704834,1.0403677225112915,1,0,1,1,1
614,1542829047.3946085,initializer_geometry_reject,587,2190,298,186,42.218159737423676,48.572903619189837,54.938366943068381,185,172,184,184,0,0,1984.56298828125,2102.217529296875,0.48560547828674316,185,185,0,0,0,0,185,176,5.0160250663757324,1.0522606372833252,1.0402750968933105,1,0,1,1,1
615,1542829047.4445314,initializer_geometry_reject,587,2175,305,189,43.562562819574154,50.206435381366894,56.943255413996866,180,166,172,172,0,0,1928.7591552734375,2079.773681640625,0.4811633825302124,183,184,0,0,0,0,183,172,5.7355203628540039,1.0599948167800903,1.0463584661483765,1,0,1,1,1
616,1542829047.4953947,initializer_geometry_reject,587,2142,295,185,45.552498556210978,52.031730094655074,59.01787939661839,164,160,163,10,0,0,1882.470458984375,2041.407470703125,0.47974744439125061,178,181,0,0,0,0,178,167,4.7927274703979492,1.0566391944885254,1.0340473651885986,1,0,1,1,1
617,1542829047.5441999,initializer_geometry_reject,587,2151,316,182,47.12206330239475,53.681973731446959,61.329421972320318,153,160,155,20,0,0,1855.8836669921875,1999.4727783203125,0.48137795925140381,176,176,0,0,0,0,176,166,6.0361452102661133,1.0655990839004517,1.046717643737793,1,0,1,1,1
618,1542829047.5941343,initializer_geometry_reject,587,2128,286,171,48.227949738508862,55.289811882727577,63.125806494157523,165,144,151,151,0,0,1723.6512451171875,1870.4105224609375,0.47958308458328247,164,165,0,0,0,0,164,152,5.5891423225402832,1.0624569654464722,1.0430649518966675,1,0,1,1,1
619,1542829047.6439428,initializer_geometry_reject,587,2081,289,164,50.411427801820111,57.471914059825281,65.610278166840985,137,136,140,35,0,0,1635.1446533203125,1787.9423828125,0.47768130898475647,159,158,0,0,0,0,159,145,6.238065242767334,1.0659538507461548,1.0502957105636597,1,0,1,1,1
620,1542829047.6947281,initializer_geometry_reject,587,2056,279,160,51.978914573462831,59.364216743833687,67.315772386374249,151,147,153,153,0,0,1646.77294921875,1786.50341796875,0.47965055704116821,158,158,0,0,0,0,158,145,6.3614664077758789,1.0673772096633911,1.0510764122009277,1,0,1,1,1
621,1542829047.7443433,initializer_geometry_reject,587,2047,279,154,54.091595574678017,60.802382360434365,68.337728857894689,146,134,142,35,0,0,1584.27197265625,1725.1341552734375,0.47871789336204529,149,151,0,0,0,0,149,137,5.9838271141052246,1.0675861835479736,1.0455095767974854,1,0,1,1,1
622,1542829047.7955322,initializer_geometry_reject,587,2020,285,151,55.210486362872331,62.57139334568673,70.479486745229281,144,125,137,34,0,0,1528.73876953125,1666.7701416015625,0.47840231657028198,145,148,0,0,0,0,145,133,6.3221702575683594,1.0698444843292236,1.0498957633972168,1,0,1,1,1
623,1542829047.8445852,initializer_geometry_reject,587,1988,291,161,57.216180970101028,64.541546402624718,73.131333108068574,139,132,143,143,0,0,1637.24365234375,1785.600830078125,0.47832837700843811,155,157,0,0,0,0,155,139,6.568084716796875,1.0765962600708008,1.0477372407913208,1,0,1,1,1
624,1542829047.8952453,initializer_geometry_reject,587,1973,276,148,58.280064229786539,66.755338454818883,75.488458280305807,142,129,138,138,0,0,1464.3018798828125,1619.057861328125,0.4749046266078949,142,143,0,0,0,0,142,126,6.7879276275634766,1.0731210708618164,1.0551103353500366,1,0,1,1,1
625,1542829047.9464924,initializer_geometry_reject,587,1977,286,149,60.110201428754955,67.673132042741429,77.326473983048686,136,124,148,148,0,0,1551.1512451171875,1669.47705078125,0.48162999749183655,147,147,0,0,0,0,147,131,6.7809891700744629,1.0775449275970459,1.0513778924942017,1,0,1,1,1
626,1542829047.9941995,initializer_geometry_reject,587,1971,288,153,61.244142651894727,69.709443100409402,79.772457043282344,130,129,137,39,0,0,1459.9146728515625,1600.4979248046875,0.47703197598457336,139,142,0,0,0,0,139,125,6.9199085235595703,1.0782871246337891,1.0537766218185425,1,0,1,1,1
627,1542829048.0443835,initializer_geometry_reject,587,1942,272,156,63.349678781147048,71.697534608834843,80.959701320216539,140,135,138,138,0,0,1609.26611328125,1702.8944091796875,0.48586595058441162,150,151,0,0,0,0,150,132,6.8789424896240234,1.0805633068084717,1.0516451597213745,1,0,1,1,1
628,1542829048.0943961,initializer_geometry_reject,587,1957,290,152,65.244211645131557,73.874491968315255,83.516055037749695,123,131,131,43,0,0,1521.83203125,1686.4803466796875,0.47434034943580627,145,148,0,0,0,0,145,125,7.4812588691711426,1.0860069990158081,1.0576907396316528,1,0,1,1,1
629,1542829048.145669,initializer_geometry_reject,587,1915,264,130,66.928366496847104,75.410112973567138,85.731277654659607,119,109,118,41,0,0,1307.1290283203125,1442.146484375,0.47544491291046143,128,128,0,0,0,0,128,114,6.9387893676757812,1.0835281610488892,1.0506157875061035,1,0,1,1,1
630,1542829048.1959398,initializer_geometry_reject,587,1928,258,134,67.694760006965552,77.032615309338837,86.740181248051414,116,109,121,42,0,0,1315.619140625,1434.1444091796875,0.47844806313514709,126,128,0,0,0,0,126,108,7.9748892784118652,1.0895378589630127,1.0643619298934937,1,0,1,1,1
631,1542829048.2450342,initializer_geometry_reject,587,1916,279,145,69.465265129945493,78.842740808861606,89.008711578800558,129,121,134,134,0,0,1401.0123291015625,1518.0325927734375,0.47995573282241821,134,135,0,0,0,0,134,117,8.551478385925293,1.095434308052063,1.0684056282043457,1,0,1,1,1
632,1542829048.2953389,initializer_geometry_reject,587,1893,267,123,71.367217066721267,80.541629531705297,91.845869812055199,107,98,112,111,0,0,1166.004150390625,1282.930419921875,0.47612711787223816,111,113,0,0,0,0,111,98,7.841273307800293,1.0911685228347778,1.0607842206954956,1,0,1,1,1
633,1542829048.3448417,initializer_geometry_reject,587,1929,273,138,72.943411519009501,82.265329161578251,94.194968766832972,103,116,122,40,0,0,1358.0540771484375,1529.8724365234375,0.47025230526924133,130,134,0,0,0,0,130,109,7.7559032440185547,1.0899760723114014,1.0597856044769287,1,0,1,1,1
634,1542829048.3960371,initializer_geometry_reject,587,1864,255,139,74.354252044456004,83.898672803139121,95.845073131859905,127,118,120,120,0,0,1330.74560546875,1473.9171142578125,0.47447618842124939,129,130,0,0,0,0,129,109,7.9055690765380859,1.0928550958633423,1.0595324039459229,1,0,1,1,1
635,1542829048.4448056,initializer_geometry_reject,587,1819,256,134,76.15549155214724,86.03247029722192,98.05237656921534,119,113,120,120,0,0,1271.09716796875,1432.53515625,0.47014424204826355,123,126,0,0,0,0,123,105,8.3709287643432617,1.098987340927124,1.0626585483551025,1,0,1,1,1
636,1542829048.4953284,initializer_geometry_reject,587,1767,248,131,76.340194540112876,87.01666665079324,99.614313045569787,105,98,105,34,0,0,1160.55517578125,1301.541259765625,0.4713687002658844,113,116,0,0,0,0,113,96,9.3730344772338867,1.1059027910232544,1.076056957244873,1,0,1,1,1
637,1542829048.5448084,initializer_geometry_reject,587,1751,236,131,78.572009974665036,88.414743939475798,100.91756537174375,106,99,108,40,0,0,1182.9429931640625,1323.1778564453125,0.47202152013778687,115,117,0,0,0,0,115,102,8.8237199783325195,1.1029059886932373,1.068526029586792,1,0,1,1,1
638,1542829048.5939777,initializer_geometry_reject,587,1814,260,121,81.246617661211133,90.142149105137577,99.628397821125986,109,100,111,30,0,0,1189.735595703125,1282.0440673828125,0.48132750391960144,112,113,0,0,0,0,112,98,9.5544414520263672,1.1087082624435425,1.0762417316436768,1,0,1,1,1
639,1542829048.6440091,initializer_geometry_reject,587,1761,241,113,81.368086874405606,90.989788622173393,105.51597818294674,100,92,96,43,0,0,1099.4713134765625,1197.00830078125,0.47876381874084473,104,105,0,0,0,0,104,91,9.3476076126098633,1.1097648143768311,1.0736000537872314,1,0,1,1,1
640,1542829048.6944842,initializer_geometry_reject,587,1722,241,114,83.105289658159307,93.918126963745834,108.14727228093783,80,84,86,86,0,0,981.83282470703125,1117.66357421875,0.4676516056060791,94,100,0,0,0,0,94,82,9.2489213943481445,1.1086809635162354,1.0730222463607788,1,0,1,1,1
641,1542829048.743953,initializer_geometry_reject,587,1732,249,117,84.414144594628922,94.30147510194945,105.76445048664309,98,89,100,100,0,0,1083.3267822265625,1200.8909912109375,0.47426599264144897,105,107,0,0,0,0,105,93,9.047480583190918,1.1062135696411133,1.0707581043243408,1,0,1,1,1
642,1542829048.7942417,initializer_geometry_reject,587,1671,229,101,85.140184043927135,95.979847255467959,105.45913161058989,91,90,95,95,0,0,1007.9072265625,1087.88720703125,0.48091894388198853,96,97,0,0,0,0,96,89,9.5683193206787109,1.1159230470657349,1.0736221075057983,1,0,1,1,1
643,1542829048.8440142,initializer_geometry_reject,587,1678,234,117,84.36717265839215,96.287184090413064,110.79627873182979,96,87,90,37,0,0,982.16143798828125,1102.0067138671875,0.47124862670898438,95,98,0,0,0,0,95,83,10.184295654296875,1.1204630136489868,1.0804789066314697,1,0,1,1,1
644,1542829048.8940911,initializer_geometry_reject,587,1634,231,108,87.085945152058258,100.21615824274193,114.76408054290816,90,84,90,90,0,0,941.05523681640625,1072.004150390625,0.46747517585754395,92,96,0,0,0,0,92,80,10.067807197570801,1.1211423873901367,1.0784112215042114,1,0,1,1,1
645,1542829048.9459844,reset_too_few_matches,587,1615,214,95,89.890605645275031,100.83168818177118,113.30453115531176,77,73,82,82,0,0,-1,-1,-1,-1,-1,0,0,0,0,0,0,-1,-1,-1,0,0,0,0,0
646,1542829048.9937799,set_reference,646,1607,212,-1,-1,-1,-1,-1,-1,-1,-1,0,0,-1,-1,-1,-1,-1,0,0,0,0,-1,-1,-1,-1,-1,0,0,0,0,0
647,1542829049.0463645,initializer_geometry_reject,646,1679,243,172,1.0064212665337859,2.0074480189666688,2.2943109070028753,158,156,165,3,0,0,1812.719482421875,1943.1719970703125,0.48263359069824219,167,170,0,0,0,0,167,167,0.33396482467651367,1.0036811828613281,1.0022494792938232,1,0,0,1,1
648,1542829049.0948622,initializer_geometry_reject,646,1691,252,165,2.7424521210053086,3.1661671951378052,4.2227389530251802,146,156,163,2,0,0,1767.5755615234375,1901.6614990234375,0.48172837495803833,164,165,0,0,0,0,164,164,0.059347022324800491,1.0016565322875977,1.001478910446167,1,0,0,1,1
649,1542829049.143904,initializer_geometry_reject,646,1681,239,164,4.0413264201239221,5.0972265501082417,5.5845042258891455,140,146,160,0,0,0,1740.1556396484375,1848.0538330078125,0.48496490716934204,162,162,0,0,0,0,162,162,0.068528041243553162,1.003636360168457,1.0057737827301025,1,0,0,1,1
650,1542829049.1944497,initializer_geometry_reject,646,1625,211,155,5.264069476401529,6.1757086695894587,7.3752654499372836,147,144,150,4,0,0,1655.252197265625,1790.1937255859375,0.48041743040084839,153,155,0,0,0,0,153,153,0.48497149348258972,1.0060508251190186,1.0032423734664917,1,0,0,1,1
651,1542829049.2447047,initializer_geometry_reject,646,1605,218,154,7.0176224891446948,8.0888729184111803,9.0730554043046734,149,140,147,7,0,0,1646.372314453125,1749.468994140625,0.484820157289505,152,152,0,0,0,1,152,152,0.8204377293586731,1.009128212928772,1.0057293176651001,1,0,0,1,1
652,1542829049.2950637,initializer_geometry_reject,646,1593,220,149,8.1587077928094427,9.1559305334668473,10.556044377725931,148,140,147,0,0,0,1657.4566650390625,1722.51708984375,0.49037560820579529,149,149,0,0,0,0,149,149,0.88911455869674683,1.0101147890090942,1.0065052509307861,1,0,0,1,1
653,1542829049.3438003,initializer_geometry_reject,646,1601,209,138,9.954006942108121,11.100237626085978,12.564113035081968,116,120,135,0,0,0,1501.8460693359375,1584.9237060546875,0.48654294013977051,138,138,0,0,0,1,138,138,1.301910400390625,1.013411283493042,1.0107352733612061,1,0,1,1,1
654,1542829049.3948205,initializer_geometry_reject,646,1559,210,141,10.546264257949282,12.195734635163898,13.840894607250881,126,131,135,2,0,0,1509.7828369140625,1611.6990966796875,0.4836750328540802,140,140,0,0,0,0,140,140,1.1781915426254272,1.0130666494369507,1.0091854333877563,1,0,1,1,1
655,1542829049.4483759,initializer_geometry_reject,646,1532,202,136,12.123937088113014,13.290941139787568,15.605264416843927,117,118,130,8,0,0,1442.2255859375,1552.762939453125,0.48154628276824951,135,136,0,0,0,0,135,135,1.5058420896530151,1.0158971548080444,1.0126487016677856,1,0,1,1,1
656,1542829049.495332,initializer_geometry_reject,646,1529,207,129,13.699337805912945,15.256938441120896,17.364630551627101,111,108,117,9,0,0,1323.2625732421875,1455.265625,0.47624585032463074,128,128,0,0,0,0,128,128,1.4781670570373535,1.0158144235610962,1.0115101337432861,1,0,1,1,1
657,1542829049.5450954,initializer_geometry_reject,646,1592,214,146,14.894495041972323,16.254014596448322,18.900650836070973,136,132,131,4,0,0,1520.8095703125,1664.405517578125,0.47745898365974426,142,146,0,0,0,0,142,142,1.4964560270309448,1.0204517841339111,1.0091533660888672,1,0,1,1,1
658,1542829049.5949967,initializer_geometry_reject,646,1558,211,143,16.085394958035646,18.15013824251708,20.331101145732767,129,125,130,130,0,0,1512.1890869140625,1613.465576171875,0.48379912972450256,141,141,0,0,0,0,141,140,1.9101859331130981,1.0198028087615967,1.0157228708267212,1,0,1,1,1
659,1542829049.6451883,initializer_geometry_reject,646,1523,207,138,17.28706791298498,19.23172901803072,22.009326439053172,134,123,125,125,0,0,1488.85205078125,1576.4708251953125,0.485708087682724,136,138,0,0,0,0,136,135,1.8354703187942505,1.0221433639526367,1.0126368999481201,1,0,1,1,1
660,1542829049.6946139,initializer_geometry_reject,646,1562,205,144,18.381043085695921,20.277167461235535,23.539131157750134,129,132,136,6,0,0,1551.972412109375,1613.995361328125,0.49020475149154663,140,140,0,0,0,0,140,140,2.108771800994873,1.0242730379104614,1.0152390003204346,1,0,1,1,1
661,1542829049.7462053,initializer_geometry_reject,646,1564,219,130,20.025004054776556,22.22445480420938,25.232195723377345,117,120,129,129,0,0,1406.8441162109375,1483.6036376953125,0.48672187328338623,129,129,0,0,0,0,129,129,2.198824405670166,1.0242171287536621,1.0170419216156006,1,0,1,1,1
662,1542829049.794965,initializer_geometry_reject,646,1565,226,146,21.093042671233423,23.287461671247257,26.458738207590713,124,129,136,136,0,0,1558.794189453125,1634.8985595703125,0.48808518052101135,145,144,0,0,0,0,145,145,2.5340456962585449,1.026642918586731,1.0203509330749512,1,0,1,1,1
663,1542829049.8436561,initializer_geometry_reject,646,1583,209,132,22.088123932691637,24.443739310802705,28.238091433896763,110,114,125,2,0,0,1401.111328125,1494.6053466796875,0.48385646939277649,130,131,0,0,0,0,130,130,2.5038185119628906,1.0293160676956177,1.0180116891860962,1,0,1,1,1
664,1542829049.8938084,initializer_geometry_reject,646,1545,193,132,23.437247479406221,26.281467149432167,29.798562759236113,128,115,128,128,0,0,1409.687255859375,1500.7529296875,0.48435533046722412,129,132,0,0,0,0,129,129,2.8077008724212646,1.0305156707763672,1.0213277339935303,1,0,1,1,1
665,1542829049.9445786,initializer_geometry_reject,646,1535,206,124,24.272021905308812,27.380157316403086,31.282740559860613,115,110,116,3,0,0,1290.7032470703125,1388.3482666015625,0.48177620768547058,122,123,0,0,0,0,122,121,2.7918300628662109,1.0314204692840576,1.0216662883758545,1,0,1,1,1
666,1542829049.9937439,initializer_geometry_reject,646,1509,201,123,25.913316975058208,28.462283926327743,32.797426016310169,111,108,117,13,0,0,1315.724365234375,1408.4356689453125,0.48298346996307373,122,123,0,0,0,0,122,122,2.9710447788238525,1.0317102670669556,1.0237621068954468,1,0,1,1,1
667,1542829050.0441918,initializer_geometry_reject,646,1502,196,116,27.064396327438853,30.279159836163061,34.309674149877679,100,101,105,12,0,0,1223.9437255859375,1303.284912109375,0.48430275917053223,114,114,0,0,0,0,114,113,2.987602710723877,1.0347516536712646,1.0218410491943359,1,0,1,1,1
668,1542829050.0943296,initializer_geometry_reject,646,1515,203,117,27.928953958057168,31.265692050536426,35.854957651011688,88,104,107,30,0,0,1226.312255859375,1292.65576171875,0.48683121800422668,114,114,0,0,0,0,114,114,3.1027395725250244,1.0329387187957764,1.025596022605896,1,0,1,1,1
669,1542829050.1438286,initializer_geometry_reject,646,1506,202,123,29.742398574700314,32.613760554719477,37.168668361884293,113,112,110,10,0,0,1296.7353515625,1388.35546875,0.48293909430503845,122,122,0,0,0,0,122,121,3.1579611301422119,1.0361623764038086,1.0234963893890381,1,0,1,1,1
670,1542829050.1963968,initializer_geometry_reject,646,1495,183,122,30.095212177786863,34.314128807895258,38.901576095421724,115,107,108,108,0,0,1258.572021484375,1360.0831298828125,0.48061767220497131,118,120,0,0,0,0,118,114,3.511845588684082,1.0389246940612793,1.0274825096130371,1,0,1,1,1
671,1542829050.2449994,initializer_geometry_reject,646,1509,197,132,31.59350974391165,35.435983318162144,40.642575277180775,112,113,109,109,0,0,1333.421142578125,1471.108154296875,0.47545275092124939,128,129,0,0,0,0,128,120,3.8954603672027588,1.0407389402389526,1.0326693058013916,1,0,1,1,1
672,1542829050.2950394,initializer_geometry_reject,646,1433,179,119,32.580293011519075,36.458237127893817,41.444166524040767,103,106,109,109,0,0,1199.8953857421875,1325.2666015625,0.47517558932304382,114,116,0,0,0,0,114,109,3.8995802402496338,1.0411287546157837,1.0325911045074463,1,0,1,1,1
673,1542829050.3448811,initializer_geometry_reject,646,1515,188,118,33.652706559553849,38.009319866304978,43.464483320173365,98,105,105,7,0,0,1230.017578125,1339.0802001953125,0.47877416014671326,116,117,0,0,0,0,116,109,3.8505630493164062,1.0448766946792603,1.0289106369018555,1,0,1,1,1
674,1542829050.3955266,initializer_geometry_reject,646,1459,184,111,35.091764957774721,39.33672665749792,44.931577144438357,99,96,102,21,0,0,1136.811279296875,1248.396728515625,0.47660887241363525,107,110,0,0,0,0,107,102,4.3760924339294434,1.0486029386520386,1.03473961353302,1,0,1,1,1
675,1542829050.4448121,initializer_geometry_reject,646,1484,208,119,36.152996986469397,40.521921280649281,46.404941359069944,112,100,113,113,0,0,1229.1455078125,1329.5118408203125,0.48038694262504578,115,116,0,0,0,0,115,112,4.1955399513244629,1.0461912155151367,1.032929539680481,1,0,1,1,1
676,1542829050.4949851,initializer_geometry_reject,646,1483,187,105,37.640934270215524,42.386230580281349,47.691979597426851,101,93,96,34,0,0,1105.0849609375,1180.3740234375,0.48352867364883423,104,104,0,0,0,0,104,97,4.5442867279052734,1.0491409301757812,1.0375040769577026,1,0,1,1,1
677,1542829050.5451066,initializer_geometry_reject,646,1464,197,115,38.629716087926965,43.530038785810127,50.19248500593897,104,105,103,37,0,0,1210.47900390625,1292.974853515625,0.48352360725402832,113,113,0,0,0,0,113,107,4.8359417915344238,1.0533087253570557,1.0384653806686401,1,0,1,1,1
678,1542829050.5960715,initializer_geometry_reject,646,1484,202,123,39.810116513405269,44.413497218365329,50.306540857102554,121,113,119,119,0,0,1276.0257568359375,1386.5186767578125,0.47925049066543579,121,122,0,0,0,0,121,116,4.689598560333252,1.0554355382919312,1.0344581604003906,1,0,1,1,1
679,1542829050.6448534,initializer_geometry_reject,646,1489,180,116,40.602072227004413,45.995528742273144,52.192746425493127,103,103,112,112,0,0,1184.0869140625,1309.5982666015625,0.47483417391777039,114,116,0,0,0,0,114,108,4.9692883491516113,1.052212119102478,1.0415351390838623,1,0,1,1,1
680,1542829050.694905,initializer_geometry_reject,646,1455,180,108,40.965904966279908,47.406767939616657,53.927954618713201,95,91,95,95,0,0,1105.88330078125,1209.777099609375,0.47756713628768921,105,106,0,0,0,0,105,97,4.8314833641052246,1.0538321733474731,1.0391875505447388,1,0,1,1,1
681,1542829050.7442377,reset_too_few_matches,646,1449,174,92,42.219818617986022,48.201491793691936,55.853510733708362,84,78,80,80,0,0,-1,-1,-1,-1,-1,0,0,0,0,0,0,-1,-1,-1,0,0,0,0,0
682,1542829050.7944665,set_reference,682,1419,182,-1,-1,-1,-1,-1,-1,-1,-1,0,0,-1,-1,-1,-1,-1,0,0,0,0,-1,-1,-1,-1,-1,0,0,0,0,0
683,1542829050.8444607,initializer_geometry_reject,682,1442,188,135,1.0050508375627991,1.0515508890928014,2.1042714281912844,121,126,134,0,0,0,1481.611083984375,1563.370849609375,0.4865746796131134,134,135,0,0,0,0,134,134,0.034264020621776581,1.0023742914199829,1.0020661354064941,1,0,0,1,1
684,1542829050.8936369,initializer_geometry_reject,682,1412,179,121,2.0060760147514243,2.2610515646445606,3.2676520383413514,103,108,117,4,0,0,1285.650390625,1380.1611328125,0.48227354884147644,121,121,0,0,0,0,121,121,0.14935344457626343,1.0028517246246338,1.001248836517334,1,0,0,1,1
685,1542829050.9485576,initializer_geometry_reject,682,1380,158,115,3.0248517128885801,4.0537857541794082,4.3380492356705389,113,111,114,4,0,0,1249.5374755859375,1322.016357421875,0.48590758442878723,114,114,0,0,0,0,114,114,0.66175174713134766,1.00697922706604,1.0052794218063354,1,0,0,1,1
686,1542829050.9935417,initializer_geometry_reject,682,1341,165,127,4.0584232992704887,5.0952805635959866,6.1512043500268385,113,119,121,3,0,0,1382.6888427734375,1456.3629150390625,0.48702487349510193,125,127,0,0,0,0,125,125,0.40782424807548523,1.0034301280975342,1.0037750005722046,1,0,0,1,1
687,1542829051.0450716,initializer_geometry_reject,682,1443,181,121,5.1786446726266124,6.1282379633655024,7.3824348459710638,120,113,118,0,0,0,1311.24560546875,1385.5389404296875,0.48622554540634155,120,121,0,0,0,0,120,120,0.90935194492340088,1.0104162693023682,1.0067158937454224,1,0,0,1,1
688,1542829051.0939176,initializer_geometry_reject,682,1415,171,129,6.4547673169492761,7.7423631001637947,8.8269560862843317,117,116,126,3,0,0,1389.2596435546875,1464.9326171875,0.4867435097694397,127,128,0,0,0,0,127,127,0.63735091686248779,1.0052307844161987,1.0063474178314209,1,0,0,1,1
689,1542829051.1441789,initializer_geometry_reject,682,1424,170,120,7.8917675300878054,9.1224180459602486,10.488454376253854,109,115,118,0,0,0,1324.6005859375,1385.773681640625,0.48871502280235291,120,120,0,0,0,0,120,120,0.98952490091323853,1.0109971761703491,1.0073444843292236,1,0,0,1,1
690,1542829051.1959391,initializer_geometry_reject,682,1432,175,107,9.0135772483875165,10.183261398039827,11.675487839471632,90,99,102,0,0,0,1122.223876953125,1201.3216552734375,0.48297908902168274,105,106,0,0,0,0,105,105,1.1019837856292725,1.0112730264663696,1.0090383291244507,1,0,1,1,1
691,1542829051.2436233,initializer_geometry_reject,682,1404,171,109,10.092163475423616,11.309821819379192,12.979157975686194,102,96,105,3,0,0,1170.047119140625,1230.9970703125,0.48730760812759399,108,108,0,0,0,0,108,108,1.3558076620101929,1.0130432844161987,1.0120376348495483,1,0,1,1,1
692,1542829051.2935205,initializer_geometry_reject,682,1414,185,120,11.135970100430734,13.120957944989073,14.461862525349359,118,115,119,3,0,0,1326.7181396484375,1382.5718994140625,0.48969218134880066,119,120,0,0,0,0,119,119,1.5040215253829956,1.0154337882995605,1.0127763748168945,1,0,1,1,1
693,1542829051.3455029,initializer_geometry_reject,682,1391,164,111,12.653003391863113,14.201898126442956,15.865424178534449,102,99,103,5,0,0,1187.3446044921875,1260.3975830078125,0.48507747054100037,110,111,0,0,0,0,110,110,1.5222569704055786,1.016297459602356,1.0121433734893799,1,0,1,1,1
694,1542829051.3935626,initializer_geometry_reject,682,1371,160,112,14.001269535214067,15.350013473334545,17.802974434445424,101,100,103,2,0,0,1158.488037109375,1259.49755859375,0.47911286354064941,108,110,0,0,0,0,108,108,1.5713449716567993,1.0167744159698486,1.013127326965332,1,0,1,1,1
695,1542829051.444139,initializer_geometry_reject,682,1370,158,113,15.019938614681889,17.219486681424144,19.106935417498445,101,102,109,10,0,0,1195.8841552734375,1274.3502197265625,0.48411768674850464,111,111,0,0,0,0,111,111,1.7976562976837158,1.0181940793991089,1.0156309604644775,1,0,1,1,1
696,1542829051.4953017,initializer_geometry_reject,682,1388,162,110,16.027519773236158,18.251280110024528,21.018408634784564,92,99,108,7,0,0,1188.634765625,1262.67724609375,0.48489737510681152,109,110,0,0,0,0,109,109,1.7553542852401733,1.0171749591827393,1.0157663822174072,1,0,1,1,1
697,1542829051.5448792,initializer_geometry_reject,682,1381,175,114,17.337949280101206,19.364147317738031,22.096252749668746,107,105,106,12,0,0,1224.494140625,1301.5184326171875,0.48475375771522522,113,114,0,0,0,0,113,113,2.2696061134338379,1.025005578994751,1.0177038908004761,1,0,1,1,1
698,1542829051.5939441,initializer_geometry_reject,682,1393,161,109,18.352433047862679,21.190224256688364,23.362416379013904,109,98,105,1,0,0,1166.9327392578125,1240.5904541015625,0.48470258712768555,109,109,0,0,0,0,109,109,2.4975564479827881,1.0249311923980713,1.0212925672531128,1,0,1,1,1
699,1542829051.6449449,initializer_geometry_reject,682,1322,142,100,20.054859632805229,22.289808214082292,25.170721909568279,88,93,98,2,0,0,1076.8909912109375,1139.2728271484375,0.48592570424079895,99,100,0,0,0,0,99,99,2.4015107154846191,1.0258342027664185,1.0195317268371582,1,0,1,1,1
700,1542829051.695646,initializer_geometry_reject,682,1313,150,101,21.471480830736869,24.190783870119684,26.697448966674898,101,92,94,94,0,0,1087.3929443359375,1154.778564453125,0.48497316241264343,101,101,0,0,0,0,101,101,2.4312379360198975,1.0250228643417358,1.020846962928772,1,0,1,1,1
701,1542829051.7452006,initializer_geometry_reject,682,1283,144,102,22.144401036210198,25.284088719687677,28.728416983061607,92,85,93,16,0,0,1061.37646484375,1155.37548828125,0.4787980318069458,100,101,0,0,0,0,100,100,2.4876625537872314,1.0264163017272949,1.0205280780792236,1,0,1,1,1
702,1542829051.7950668,reset_too_few_matches,682,1293,152,97,23.467181906041198,26.310744710545453,29.953511303431153,85,83,91,4,0,0,-1,-1,-1,-1,-1,0,0,0,0,0,0,-1,-1,-1,0,0,0,0,0
703,1542829051.8441317,set_reference,703,1286,147,-1,-1,-1,-1,-1,-1,-1,-1,0,0,-1,-1,-1,-1,-1,0,0,0,0,-1,-1,-1,-1,-1,0,0,0,0,0
704,1542829051.8939292,reset_too_few_matches,703,1241,145,98,1.00853796561026,1.4346004912313779,2.2528648892961369,96,91,96,3,0,0,-1,-1,-1,-1,-1,0,0,0,0,0,0,-1,-1,-1,0,0,0,0,0
705,1542829051.9442911,set_reference,705,1247,147,-1,-1,-1,-1,-1,-1,-1,-1,0,0,-1,-1,-1,-1,-1,0,0,0,0,-1,-1,-1,-1,-1,0,0,0,0,0
706,1542829051.9937403,initializer_geometry_reject,705,1260,145,106,1.0066533064881527,1.0556518795354781,2.2223642219256692,104,97,105,0,0,0,1156.518310546875,1219.58203125,0.48672956228256226,104,105,0,0,0,0,104,104,0.17582935094833374,1.0008089542388916,1.0027426481246948,1,0,0,1,1
707,1542829052.0434957,initializer_geometry_reject,705,1256,143,101,2.0097122648697741,3.0413468830657853,3.2438509197111314,93,93,101,0,0,0,1090.02490234375,1161.110107421875,0.484211266040802,100,101,0,0,0,0,100,100,0.034264020621776581,1.0026481151580811,1.0009294748306274,1,0,0,1,1
708,1542829052.0945928,initializer_geometry_reject,705,1240,140,105,3.0875177169031667,4.0710270825499908,4.4861745875743155,103,98,104,2,0,0,1141.128173828125,1222.427490234375,0.48280146718025208,105,105,0,0,0,0,105,105,0.33977335691452026,1.0031473636627197,1.0032151937484741,1,0,0,1,1
709,1542829052.143693,reset_too_few_matches,705,1230,138,94,4.2536977411880761,5.1501384529895171,6.2110161599400406,82,88,92,1,0,0,-1,-1,-1,-1,-1,0,0,0,0,0,0,-1,-1,-1,0,0,0,0,0
710,1542829052.1955214,set_reference,710,1243,145,-1,-1,-1,-1,-1,-1,-1,-1,0,0,-1,-1,-1,-1,-1,0,0,0,0,-1,-1,-1,-1,-1,0,0,0,0,0
711,1542829052.2433817,initializer_geometry_reject,710,1220,137,102,1.0065888036906285,1.0345944858561094,2.021515022414369,94,97,100,0,0,0,1116.0631103515625,1178.9932861328125,0.48629006743431091,101,102,0,0,0,0,101,101,0.1219465509057045,1.0013490915298462,1.0018318891525269,1,0,0,1,1
712,1542829052.2933059,reset_too_few_matches,710,1210,140,94,1.639952804435344,2.2269762666920334,3.2158115605196609,92,85,92,4,0,0,-1,-1,-1,-1,-1,0,0,0,0,0,0,-1,-1,-1,0,0,0,0,0
713,1542829052.3445747,set_reference,713,1210,140,-1,-1,-1,-1,-1,-1,-1,-1,0,0,-1,-1,-1,-1,-1,0,0,0,0,-1,-1,-1,-1,-1,0,0,0,0,0
714,1542829052.3945961,reset_too_few_matches,713,1201,136,95,0.28172645470680746,1.0338921692091003,1.5037747445065517,93,85,93,0,0,0,-1,-1,-1,-1,-1,0,0,0,0,0,0,-1,-1,-1,0,0,0,0,0
715,1542829052.4455099,set_reference,715,1202,144,-1,-1,-1,-1,-1,-1,-1,-1,0,0,-1,-1,-1,-1,-1,0,0,0,0,-1,-1,-1,-1,-1,0,0,0,0,0
716,1542829052.4943647,initializer_geometry_reject,715,1195,151,104,0,1.0258934572475855,1.4577130336647184,103,94,103,0,0,0,1144.573974609375,1203.008544921875,0.48755431175231934,103,104,0,0,0,0,103,103,0.039564680308103561,1.0028444528579712,1.0008449554443359,1,0,0,1,1
717,1542829052.5444193,reset_too_few_matches,715,1259,150,93,1.0079090198212382,2.0060732663842749,2.3171057319377009,79,81,91,0,0,0,-1,-1,-1,-1,-1,0,0,0,0,0,0,-1,-1,-1,0,0,0,0,0
718,1542829052.595355,set_reference,718,1288,146,-1,-1,-1,-1,-1,-1,-1,-1,0,0,-1,-1,-1,-1,-1,0,0,0,0,-1,-1,-1,-1,-1,0,0,0,0,0
719,1542829052.6445091,initializer_geometry_reject,718,1318,162,116,0,1.0161029877288232,1.4641081689847704,113,109,113,4,0,0,1241.234130859375,1317.859130859375,0.48502886295318604,113,115,0,0,0,0,113,113,0.24944603443145752,1.0046976804733276,1.000887393951416,1,0,0,1,1
720,1542829052.6945884,initializer_geometry_reject,718,1275,153,102,0.69561765922975871,1.310590369395825,2.2913325630353429,82,95,98,0,0,0,1079.825439453125,1166.749267578125,0.48065415024757385,100,101,0,0,0,0,100,100,0.039564680308103561,1.0015919208526611,1.0011979341506958,1,0,0,1,1
721,1542829052.743367,reset_too_few_matches,718,1266,145,94,1.1264276591379172,2.0843109056283771,3.1831245184650414,77,87,91,0,0,0,-1,-1,-1,-1,-1,0,0,0,0,0,0,-1,-1,-1,0,0,0,0,0
722,1542829052.7946975,set_reference,722,1250,150,-1,-1,-1,-1,-1,-1,-1,-1,0,0,-1,-1,-1,-1,-1,0,0,0,0,-1,-1,-1,-1,-1,0,0,0,0,0
723,1542829052.8446648,initializer_geometry_reject,722,1240,157,111,0,1.0019531417311283,1.4417129335072163,110,105,109,0,0,0,1191.4923095703125,1260.4527587890625,0.48593759536743164,109,109,0,0,0,0,109,109,0.034264020621776581,1.002299427986145,1.0035459995269775,1,0,0,1,1
724,1542829052.8950741,reset_too_few_matches,722,1218,137,93,0.33726347846269594,1.0782084864619983,2.0875974733914306,91,84,89,2,0,0,-1,-1,-1,-1,-1,0,0,0,0,0,0,-1,-1,-1,0,0,0,0,0
725,1542829052.9435754,set_reference,725,1242,155,-1,-1,-1,-1,-1,-1,-1,-1,0,0,-1,-1,-1,-1,-1,0,0,0,0,-1,-1,-1,-1,-1,0,0,0,0,0
726,1542829052.9934666,initializer_geometry_reject,725,1242,150,114,0,1.0114796570503541,1.4327519824174639,112,105,112,0,0,0,1229.5306396484375,1299.123779296875,0.48623910546302795,114,114,0,0,0,0,114,114,0.18767185509204865,1.0028756856918335,1.0006599426269531,1,0,0,1,1
727,1542829053.0432825,initializer_geometry_reject,725,1244,140,107,1.0059005581191314,1.4188981245271579,2.2277492669838903,105,104,105,0,0,0,1148.8470458984375,1215.270751953125,0.48595172166824341,105,106,0,0,0,0,105,105,0.039564680308103561,1.0009282827377319,1.0021343231201172,1,0,0,1,1
728,1542829053.0934625,initializer_geometry_reject,725,1232,150,105,1.1220743500892332,1.4600897103870107,2.8839258687126037,103,99,101,2,0,0,1110.93359375,1182.684326171875,0.48435860872268677,102,103,0,0,0,0,102,102,0.034264020621776581,1.0009032487869263,1.0018376111984253,1,0,0,1,1
729,1542829053.1430397,initializer_geometry_reject,725,1198,136,112,1.4560333372428722,2.3263331473866318,3.6201705744855635,106,105,108,1,0,0,1189.2861328125,1255.09326171875,0.4865390956401825,110,110,0,0,0,0,110,110,0.044234655797481537,1.0029919147491455,1.0047131776809692,1,0,0,1,1
730,1542829053.1958122,initializer_geometry_reject,725,1205,141,101,2.2438776106544429,2.9336078361866393,4.2845111959527911,87,94,97,0,0,0,1092.2388916015625,1150.8480224609375,0.48693561553955078,100,100,0,0,0,0,100,100,0.039564680308103561,1.0029327869415283,1.0011659860610962,1,0,0,1,1
731,1542829053.2432387,initializer_geometry_reject,725,1198,146,103,2.8397030243647077,3.6519850784276469,5.1286330980079864,100,95,100,1,0,0,1090.9764404296875,1164.09326171875,0.48378831148147583,100,102,0,0,0,0,100,100,0.39762094616889954,1.0052331686019897,1.0024574995040894,1,0,0,1,1
732,1542829053.2932169,reset_too_few_matches,725,1221,142,99,3.6227145944126389,4.4777869423212708,5.957873427513702,93,88,97,2,0,0,-1,-1,-1,-1,-1,0,0,0,0,0,0,-1,-1,-1,0,0,0,0,0
733,1542829053.3433232,set_reference,733,1203,141,-1,-1,-1,-1,-1,-1,-1,-1,0,0,-1,-1,-1,-1,-1,0,0,0,0,-1,-1,-1,-1,-1,0,0,0,0,0
734,1542829053.394505,initializer_geometry_reject,733,1146,135,100,0,1.014576540544974,1.4656760337827399,94,95,98,1,0,0,1075.4112548828125,1151.2652587890625,0.48296698927879333,99,100,0,0,0,0,99,99,0.019782340154051781,1.0021336078643799,1.0045351982116699,1,0,0,1,1
735,1542829053.4448955,reset_too_few_matches,733,1168,136,99,1.0106764813220244,1.5044137559756272,2.3252611280326674,87,88,95,2,0,0,-1,-1,-1,-1,-1,0,0,0,0,0,0,-1,-1,-1,0,0,0,0,0
736,1542829053.4942608,set_reference,736,1169,143,-1,-1,-1,-1,-1,-1,-1,-1,0,0,-1,-1,-1,-1,-1,0,0,0,0,-1,-1,-1,-1,-1,0,0,0,0,0
737,1542829053.544451,initializer_geometry_reject,736,1222,139,111,0,1.0162616349449922,1.4489095684516626,103,105,110,0,0,0,1210.291748046875,1290.6829833984375,0.48392805457115173,111,111,0,0,0,0,111,111,0.06255725771188736,1.0003039836883545,1.0012890100479126,1,0,0,1,1
738,1542829053.5943277,reset_too_few_matches,736,1241,134,97,1.0130227759891699,1.9368916499083721,2.3426617877683151,90,89,94,1,0,0,-1,-1,-1,-1,-1,0,0,0,0,0,0,-1,-1,-1,0,0,0,0,0
739,1542829053.6439583,set_reference,739,1233,148,-1,-1,-1,-1,-1,-1,-1,-1,0,0,-1,-1,-1,-1,-1,0,0,0,0,-1,-1,-1,-1,-1,0,0,0,0,0
740,1542829053.693109,initializer_geometry_reject,739,1229,133,102,0.47348840456462421,1.0219391724947147,1.5838722480628218,102,93,102,0,0,0,1111.09033203125,1172.61083984375,0.48653051257133484,101,102,0,0,0,0,101,101,0.14670979976654053,1.0025497674942017,1.0004498958587646,1,0,0,1,1
741,1542829053.7431226,initializer_geometry_reject,739,1267,148,106,1.0137813051317486,2.0260215848039289,2.5364139182346053,106,99,105,0,0,0,1158.798828125,1215.45947265625,0.48806771636009216,105,106,0,0,0,0,105,105,0.06255725771188736,1.0018969774246216,1.0010411739349365,1,0,0,1,1
742,1542829053.7934651,initializer_geometry_reject,739,1238,140,111,2.0228895217241467,3.0044261165665396,3.4854305688053873,96,100,110,4,0,0,1214.5389404296875,1275.880126953125,0.48768457770347595,111,111,0,0,0,0,111,111,0.044234655797481537,1.003217339515686,1.0045912265777588,1,0,0,1,1
743,1542829053.8442388,initializer_geometry_reject,739,1235,137,109,3.0248460652604727,3.9506436348180118,5.0436752027408644,105,99,107,0,0,0,1152.12451171875,1225.564697265625,0.4845564067363739,106,108,0,0,0,0,106,106,0.034264020621776581,1.0005055665969849,1.0026154518127441,1,0,0,1,1
744,1542829053.8932171,initializer_geometry_reject,739,1204,146,103,4.0263668936625789,4.3384049071872886,6.2574136416011328,102,97,103,2,0,0,1140.640380859375,1185.4085693359375,0.4903768002986908,102,102,0,0,0,0,102,102,0.092787407338619232,1.0013350248336792,1.0007309913635254,1,0,0,1,1
745,1542829053.943109,initializer_geometry_reject,739,1246,152,108,4.3808338152824753,5.3261446436144029,7.6779742013754353,107,97,106,3,0,0,1156.7257080078125,1220.9931640625,0.48648551106452942,107,107,0,0,0,0,107,107,0.27836248278617859,1.0037590265274048,1.0018726587295532,1,0,0,1,1
746,1542829053.9944203,initializer_geometry_reject,739,1216,153,103,5.1887515303516514,6.4893470849870818,8.925544804580678,92,92,99,0,0,0,1074.271240234375,1146.2332763671875,0.48379603028297424,101,102,0,0,0,0,101,101,0.06255725771188736,1.0007126331329346,1.0056236982345581,1,0,0,1,1
747,1542829054.0442235,reset_too_few_matches,739,1251,152,99,6.1806637800750304,7.4050734117032828,9.9320561171513848,92,94,96,7,0,0,-1,-1,-1,-1,-1,0,0,0,0,0,0,-1,-1,-1,0,0,0,0,0
748,1542829054.0937235,set_reference,748,1250,137,-1,-1,-1,-1,-1,-1,-1,-1,0,0,-1,-1,-1,-1,-1,0,0,0,0,-1,-1,-1,-1,-1,0,0,0,0,0
749,1542829054.1450639,initializer_geometry_reject,748,1259,140,102,0.63853683055002375,1.0364385222170163,1.5890661036360867,102,95,101,0,0,0,1123.94775390625,1181.733642578125,0.48746880888938904,101,102,0,0,0,0,101,101,0.027976453304290771,1.00188148021698,1.0004054307937622,1,0,0,1,1
750,1542829054.1942873,initializer_geometry_reject,748,1280,151,102,1.0202275369743863,2.0585480230416868,3.0308470190106802,98,91,99,1,0,0,1072.300048828125,1150.7562255859375,0.48235401511192322,99,101,0,0,0,0,99,99,0.31090423464775085,1.003279447555542,1.002861499786377,1,0,0,1,1
751,1542829054.244643,reset_too_few_matches,748,1268,142,98,2.0308584968511236,3.0641768230262487,4.2234057514147318,94,83,97,4,0,0,-1,-1,-1,-1,-1,0,0,0,0,0,0,-1,-1,-1,0,0,0,0,0
752,1542829054.2942984,set_reference,752,1271,149,-1,-1,-1,-1,-1,-1,-1,-1,0,0,-1,-1,-1,-1,-1,0,0,0,0,-1,-1,-1,-1,-1,0,0,0,0,0
753,1542829054.3430102,initializer_geometry_reject,752,1276,130,102,0,1.0201198758904781,1.5624719154319844,102,98,101,2,0,0,1134.7130126953125,1190.172607421875,0.48807260394096375,102,102,0,0,0,0,102,102,0,1.0017496347427368,1.0008848905563354,1,0,0,1,1
754,1542829054.3940537,initializer_geometry_reject,752,1307,137,106,1.0156304659790789,2.0078598194213013,2.5034020087935374,88,96,102,2,0,0,1129.5562744140625,1206.3095703125,0.48357072472572327,104,105,0,0,0,0,104,104,0.027976453304290771,1.0010089874267578,1.0013614892959595,1,0,0,1,1
755,1542829054.4431124,initializer_geometry_reject,752,1304,146,102,2.0184108000919152,2.3740986932083246,3.3840604539836434,96,93,100,2,0,0,1093.322265625,1162.5423583984375,0.48465773463249207,101,101,0,0,0,0,101,101,0.15450505912303925,1.0017713308334351,1.0019543170928955,1,0,0,1,1
756,1542829054.4933383,initializer_geometry_reject,752,1329,159,116,3.0110503238243682,3.177130127195845,4.3060278984760156,111,101,113,1,0,0,1267.37939453125,1324.7235107421875,0.48893865942955017,115,115,0,0,0,0,115,115,0.22028696537017822,1.0029991865158081,1.001262903213501,1,0,0,1,1
757,1542829054.5437896,initializer_geometry_reject,752,1302,154,116,3.0588893970037496,4.1397052086853474,5.361327264994344,105,107,115,0,0,0,1262.402587890625,1320.404296875,0.48877158761024475,114,116,0,0,0,0,114,114,0.071326248347759247,1.000931978225708,1.0018616914749146,1,0,0,1,1
758,1542829054.5928631,initializer_geometry_reject,752,1295,146,120,4.0545498926411119,5.1038738837077346,6.9247298760146441,104,110,115,2,0,0,1271.4521484375,1349.4190673828125,0.48512578010559082,118,119,0,0,0,0,118,118,0.044234655797481537,1.0015909671783447,1.0021307468414307,1,0,0,1,1
759,1542829054.6428819,initializer_geometry_reject,752,1307,143,104,5.0574776154359151,6.0457864633932612,7.3987861717658641,93,97,102,4,0,0,1130.9844970703125,1192.556396484375,0.48675039410591125,104,104,0,0,0,0,104,104,0.044234655797481537,1.0026794672012329,1.0032395124435425,1,0,0,1,1
760,1542829054.6946404,initializer_geometry_reject,752,1315,149,105,5.0905077071614508,6.4071205623436152,8.7934623040097613,95,98,103,0,0,0,1131.5703125,1210.37060546875,0.48317629098892212,104,105,0,0,0,0,104,104,0.059347022324800491,1.0033912658691406,1.0042324066162109,1,0,0,1,1
761,1542829054.7433341,initializer_geometry_reject,752,1351,153,108,6.0990095563447442,7.3817009737230386,9.8217211548153767,105,100,104,2,0,0,1161.933349609375,1233.52880859375,0.48505601286888123,106,108,0,0,0,0,106,106,0.044234655797481537,1.003606915473938,1.0066479444503784,1,0,0,1,1
762,1542829054.7931039,initializer_geometry_reject,752,1326,155,112,7.1087743139814714,8.1974692508547573,10.746817980574612,105,102,108,2,0,0,1194.77294921875,1275.916259765625,0.48357880115509033,111,112,0,0,0,0,111,111,0.048456642776727676,1.0027258396148682,1.0051141977310181,1,0,0,1,1
763,1542829054.8429275,initializer_geometry_reject,752,1287,144,108,7.2667005122583417,9.0351563574662705,11.792076450451148,107,90,104,0,0,0,1158.5289306640625,1227.2481689453125,0.48559814691543579,107,108,0,0,0,0,107,107,0.065610602498054504,1.004763126373291,1.0042362213134766,1,0,0,1,1
764,1542829054.8940167,initializer_geometry_reject,752,1324,148,107,8.122635444367603,9.7993593454501262,12.825522910561645,100,96,101,4,0,0,1148.74169921875,1217.777587890625,0.485414057970047,106,107,0,0,0,0,106,106,0.81301045417785645,1.0106585025787354,1.004951000213623,1,0,0,1,1
765,1542829054.9441428,initializer_geometry_reject,752,1289,154,106,8.2118597152922881,10.217747697948537,13.483541960079084,95,97,105,3,0,0,1161.41259765625,1212.6978759765625,0.48919907212257385,106,106,0,0,0,1,106,106,0.052339155226945877,1.0037970542907715,1.0062505006790161,1,0,0,1,1
766,1542829054.9949522,initializer_geometry_reject,752,1311,150,107,9.1872921545975181,10.982794574028796,14.534144618862495,99,102,104,3,0,0,1163.121826171875,1226.718994140625,0.48669427633285522,107,107,0,0,0,0,107,107,0.052339155226945877,1.0049335956573486,1.0046751499176025,1,0,0,1,1
767,1542829055.0451903,initializer_geometry_reject,752,1305,155,107,10.144331345259447,11.879763426653151,15.630883271575557,96,99,102,5,0,0,1166.8448486328125,1223.060302734375,0.48823896050453186,107,107,0,0,0,0,107,107,0.065610602498054504,1.0052758455276489,1.0059152841567993,1,0,0,1,1
768,1542829055.0949585,reset_too_few_matches,752,1281,145,99,10.750419900406088,12.627959391901422,16.615193373269928,98,88,98,0,0,0,-1,-1,-1,-1,-1,0,0,0,0,0,0,-1,-1,-1,0,0,0,0,0
769,1542829055.1427381,set_reference,769,1297,153,-1,-1,-1,-1,-1,-1,-1,-1,0,0,-1,-1,-1,-1,-1,0,0,0,0,-1,-1,-1,-1,-1,0,0,0,0,0
770,1542829055.1940045,initializer_geometry_reject,769,1307,150,110,0,1.0119525358570962,1.4767944513773217,102,101,108,0,0,0,1199.3033447265625,1262.3897705078125,0.48718637228012085,109,109,0,0,0,0,109,109,0.034264020621776581,1.0008728504180908,1.0024147033691406,1,0,0,1,1
771,1542829055.2441978,initializer_geometry_reject,769,1332,163,120,1.0021548529966848,1.0803681622858605,2.2627193954408855,93,106,116,0,0,0,1296.219970703125,1371.8350830078125,0.48582953214645386,118,119,0,0,0,0,118,118,0.15825876593589783,1.0019804239273071,1.0009979009628296,1,0,0,1,1
772,1542829055.2933571,initializer_geometry_reject,769,1334,162,118,1.0299805944493856,2.0524388762879369,3.1332210498787783,114,105,114,2,0,0,1262.7974853515625,1344.7723388671875,0.48428136110305786,117,118,0,0,0,0,117,117,0.06255725771188736,1.0006355047225952,1.0038164854049683,1,0,0,1,1
773,1542829055.3442194,initializer_geometry_reject,769,1335,168,113,2.0228718725919377,3.0135511411524143,4.0384193824994865,113,107,108,1,0,0,1219.12255859375,1295.765380859375,0.48476219177246094,112,113,0,0,0,0,112,112,0.048456642776727676,1.0004905462265015,1.0007226467132568,1,0,0,1,1
774,1542829055.3928211,initializer_geometry_reject,769,1331,158,112,2.0554089745391413,3.2505617973214127,4.4737372384248655,107,104,109,1,0,0,1192.8858642578125,1268.125732421875,0.48471361398696899,111,111,0,0,0,0,111,111,0.15701751410961151,1.0009734630584717,1.0022480487823486,1,0,0,1,1
775,1542829055.4439955,initializer_geometry_reject,769,1330,155,102,3.0363668907206263,4.1358071292795389,5.6872198393762226,100,93,95,0,0,0,1073.6285400390625,1151.16552734375,0.48257437348365784,100,100,0,0,0,0,100,100,0.039564680308103561,1.0017478466033936,1.0022135972976685,1,0,0,1,1
776,1542829055.4948037,initializer_geometry_reject,769,1362,174,107,3.3231581304962154,5.0167263788517005,6.3437684556161624,100,96,104,3,0,0,1131.6346435546875,1216.1556396484375,0.48199987411499023,107,107,0,0,0,0,107,107,0.39366436004638672,1.0040336847305298,1.0034581422805786,1,0,0,1,1
777,1542829055.5440574,initializer_geometry_reject,769,1378,170,109,4.1689095667172449,5.7777323730766517,7.587283097454657,108,102,108,1,0,0,1173.94970703125,1249.007080078125,0.48451119661331177,108,108,0,0,0,0,108,108,0.052339155226945877,1.0051558017730713,1.002995491027832,1,0,0,1,1
778,1542829055.5930712,initializer_geometry_reject,769,1369,172,105,5.093434500800166,6.3186380908580633,8.4461343007080707,95,97,103,4,0,0,1136.1773681640625,1201.441650390625,0.48604041337966919,105,105,0,0,0,0,105,105,0.044234655797481537,1.0045925378799438,1.0065881013870239,1,0,0,1,1
779,1542829055.6434433,initializer_geometry_reject,769,1338,171,112,5.4053562322761621,7.2547907219565202,9.7206880062408825,109,106,110,0,0,0,1212.6575927734375,1286.7353515625,0.48518082499504089,111,112,0,0,0,0,111,111,0.40251192450523376,1.0031787157058716,1.0043343305587769,1,0,0,1,1
780,1542829055.6939487,initializer_geometry_reject,769,1357,164,108,6.2322917039762471,8.318244588796464,10.874894523386667,101,100,102,13,0,0,1164.035400390625,1229.072509765625,0.48641157150268555,107,107,0,0,0,0,107,107,0.048456642776727676,1.0028249025344849,1.0040823221206665,1,0,0,1,1
781,1542829055.7429965,initializer_geometry_reject,769,1327,171,103,7.1346582948523771,9.0831103855354378,11.950649953465918,91,90,102,5,0,0,1098.23291015625,1177.937255859375,0.48249155282974243,101,103,0,0,0,0,101,101,0.46055179834365845,1.0026612281799316,1.006632924079895,1,0,0,1,1
782,1542829055.7952135,reset_too_few_matches,769,1347,155,92,7.3289642817597036,10.057649716002574,13.027086604214318,79,81,89,0,0,0,-1,-1,-1,-1,-1,0,0,0,0,0,0,-1,-1,-1,0,0,0,0,0
783,1542829055.8448441,set_reference,783,1315,160,-1,-1,-1,-1,-1,-1,-1,-1,0,0,-1,-1,-1,-1,-1,0,0,0,0,-1,-1,-1,-1,-1,0,0,0,0,0
784,1542829055.8941433,initializer_geometry_reject,783,1310,156,114,1.0012177828530138,1.0389313376006022,2.0518735174350855,112,108,112,0,0,0,1244.597412109375,1306.3968505859375,0.48788720369338989,112,113,0,0,0,0,112,112,0.027976453304290771,1.0016112327575684,1.0007755756378174,1,0,0,1,1
785,1542829055.9443154,initializer_geometry_reject,783,1396,164,123,1.6034397455198628,2.2940342992653124,3.2486950077974348,109,114,122,0,0,0,1340.8028564453125,1407.256103515625,0.48790904879570007,122,122,0,0,0,0,122,122,0.1153499037027359,1.0007208585739136,1.0019748210906982,1,0,0,1,1
786,1542829055.9935532,initializer_geometry_reject,783,1405,179,124,2.676744760227205,3.3863860677713182,4.5416441596998789,121,107,121,3,0,0,1327.3040771484375,1428.792236328125,0.4815884530544281,124,124,0,0,0,0,124,124,0.22293579578399658,1.0031362771987915,1.0011782646179199,1,0,0,1,1
787,1542829056.0432446,initializer_geometry_reject,783,1411,185,125,3.4836379745648616,4.6784958687472091,5.9605993824845536,103,113,122,3,0,0,1360.4061279296875,1423.1173095703125,0.48873528838157654,123,125,0,0,0,0,123,123,0.26614439487457275,1.0013830661773682,1.0045461654663086,1,0,0,1,1
788,1542829056.0925906,initializer_geometry_reject,783,1417,178,113,4.6912003883427227,6.0136915146693459,7.6743031760691309,103,106,110,5,0,0,1206.0552978515625,1284.5213623046875,0.48424741625785828,111,112,0,0,0,0,111,111,0.17913678288459778,1.0006194114685059,1.0034701824188232,1,0,0,1,1
789,1542829056.1426892,initializer_geometry_reject,783,1388,164,113,5.7289685507584505,7.1712207999664752,9.2287803999652116,113,107,113,2,0,0,1247.28759765625,1305.2142333984375,0.48865294456481934,113,113,0,0,0,0,113,113,0.43431240320205688,1.0028566122055054,1.0051877498626709,1,0,0,1,1
790,1542829056.1941218,initializer_geometry_reject,783,1388,178,113,6.5838278385649955,8.2844375573926623,10.45013014207073,100,99,110,4,0,0,1212.8160400390625,1284.6300048828125,0.48562252521514893,112,113,0,0,0,1,112,112,0.67983752489089966,1.005846381187439,1.0065951347351074,1,0,0,1,1
791,1542829056.2443299,initializer_geometry_reject,783,1365,170,109,7.8531916151658745,9.6520105937009699,12.535628673326176,105,104,109,1,0,0,1183.809814453125,1254.740966796875,0.48545628786087036,107,109,0,0,0,0,107,107,0.63087069988250732,1.003892183303833,1.0082567930221558,1,0,0,1,1
792,1542829056.2958174,initializer_geometry_reject,783,1371,158,105,8.7844212579176766,11.199001606282083,14.00864293942568,87,96,100,5,0,0,1127.556640625,1181.5703125,0.48830431699752808,102,102,0,0,0,0,102,102,0.76258856058120728,1.0044163465499878,1.0106726884841919,1,0,0,1,1
793,1542829056.3463905,initializer_geometry_reject,783,1372,163,105,9.814690448115412,12.165740794131841,15.201748262847971,97,92,104,4,0,0,1140.591796875,1193.8134765625,0.48860058188438416,104,104,0,0,0,0,104,104,0.92450374364852905,1.0072101354598999,1.0103505849838257,1,0,0,1,1
794,1542829056.3938596,initializer_geometry_reject,783,1351,153,106,10.860983402358436,13.449230065974284,16.896758890249089,83,101,96,0,0,0,1152.857421875,1223.05029296875,0.48522821068763733,106,106,0,0,0,0,106,106,0.89175158739089966,1.006488561630249,1.0108119249343872,1,0,0,1,1
795,1542829056.4442759,initializer_geometry_reject,783,1347,166,108,11.863788052870731,14.819792470872677,18.894490764493696,98,104,108,3,0,0,1174.941650390625,1251.0657958984375,0.48431083559989929,108,108,0,0,0,0,108,108,1.1060605049133301,1.0094555616378784,1.0109348297119141,1,0,1,1,1
796,1542829056.4929192,initializer_geometry_reject,783,1332,158,103,13.326578768934773,16.210235021721438,20.11927772943007,98,98,102,2,0,0,1126.568115234375,1178.0721435546875,0.48882603645324707,102,102,0,0,0,0,102,102,1.0013196468353271,1.005900502204895,1.0138055086135864,1,0,1,1,1
797,1542829056.543973,initializer_geometry_reject,783,1360,159,105,14.330087059948585,17.860101195529783,21.994864680608153,98,96,98,3,0,0,1110.891845703125,1191.11376953125,0.48257565498352051,105,105,0,0,0,0,105,105,1.3153685331344604,1.010219931602478,1.0148217678070068,1,0,1,1,1
798,1542829056.5939462,initializer_geometry_reject,783,1356,154,100,15.384314312572323,19.609935531421492,24.085882777960478,74,92,97,4,0,0,1082.5128173828125,1142.9930419921875,0.48641201853752136,100,99,0,0,0,0,100,100,1.4941002130508423,1.0107865333557129,1.0170693397521973,1,0,1,1,1
799,1542829056.6432979,reset_too_few_matches,783,1361,150,97,16.991314953301892,21.145123042196929,26.54291200153385,95,86,94,6,0,0,-1,-1,-1,-1,-1,0,0,0,0,0,0,-1,-1,-1,0,0,0,0,0
800,1542829056.6939771,set_reference,800,1287,156,-1,-1,-1,-1,-1,-1,-1,-1,0,0,-1,-1,-1,-1,-1,0,0,0,0,-1,-1,-1,-1,-1,0,0,0,0,0
801,1542829056.7424181,initializer_geometry_reject,800,1342,156,112,1.3064702028960342,1.8262266058509851,2.9682898093011283,108,105,107,0,0,0,1166.78125,1240.7459716796875,0.48463883996009827,109,108,0,0,0,0,109,109,0.11703392863273621,1.0021429061889648,1.0011587142944336,1,0,0,1,1
802,1542829056.7934854,initializer_geometry_reject,800,1343,147,102,2.8825412463615154,4.2786460206033308,5.257397701666445,99,89,99,0,0,0,1066.8385009765625,1149.9493408203125,0.4812542200088501,100,101,0,0,0,0,100,100,0.51964133977890015,1.0042729377746582,1.005558967590332,1,0,0,1,1
803,1542829056.8425026,initializer_geometry_reject,800,1362,162,116,4.4005970711204858,6.472796350771624,7.8387504573567259,99,107,114,3,0,0,1245.935546875,1316.0487060546875,0.48631659150123596,115,115,0,0,0,0,115,115,0.30518743395805359,1.000999927520752,1.005479097366333,1,0,0,1,1
804,1542829056.8931043,initializer_geometry_reject,800,1358,175,104,5.8152997942896762,8.7034887142655055,10.329279072749129,94,96,102,4,0,0,1156.1885986328125,1207.83056640625,0.48907753825187683,104,104,0,0,0,0,104,104,0.55953133106231689,1.0044991970062256,1.0057469606399536,1,0,0,1,1
805,1542829056.942965,initializer_geometry_reject,800,1419,166,107,7.8534105016434825,11.391140315916449,13.517360615572258,106,98,102,0,0,0,1134.1307373046875,1215.0531005859375,0.48277649283409119,106,106,0,0,0,0,106,106,0.92365676164627075,1.0074248313903809,1.0102076530456543,1,0,0,1,1
806,1542829056.99406,initializer_geometry_reject,800,1371,149,108,9.4627648823309229,13.980827399319162,17.0871984181058,101,98,103,16,0,0,1140.3670654296875,1229.0079345703125,0.48129445314407349,106,107,0,0,0,0,106,106,0.76770329475402832,1.0050939321517944,1.0099103450775146,1,0,0,1,1
807,1542829057.0437794,initializer_geometry_reject,800,1398,152,102,11.363857286243009,16.383760892243828,19.008425632172845,95,93,99,7,0,0,1105.20458984375,1170.4876708984375,0.48565641045570374,102,102,0,0,0,0,102,102,1.292406439781189,1.0101050138473511,1.0148986577987671,1,0,1,1,1
808,1542829057.0930219,initializer_geometry_reject,800,1361,157,104,12.821324309807009,19.538382742039502,23.563758211483595,93,97,100,95,0,0,1111.0657958984375,1194.0184326171875,0.48200657963752747,104,104,0,0,0,0,104,104,1.5367151498794556,1.0126432180404663,1.0166994333267212,1,0,1,1,1
809,1542829057.1452441,reset_too_few_matches,800,1385,165,98,14.943912432469638,22.220822382647377,26.147485483551947,91,87,89,4,0,0,-1,-1,-1,-1,-1,0,0,0,0,0,0,-1,-1,-1,0,0,0,0,0
810,1542829057.193151,set_reference,810,1385,154,-1,-1,-1,-1,-1,-1,-1,-1,0,0,-1,-1,-1,-1,-1,0,0,0,0,-1,-1,-1,-1,-1,0,0,0,0,0
811,1542829057.2426703,initializer_geometry_reject,810,1413,165,119,2.2752028945758509,2.9243261757822969,3.9561029422929548,111,110,117,0,0,0,1287.03173828125,1363.6512451171875,0.48554718494415283,119,119,0,0,0,0,119,119,0.22814123332500458,1.0020483732223511,1.0022095441818237,1,0,0,1,1
812,1542829057.2929113,initializer_geometry_reject,810,1339,153,116,4.7421336067339626,6.4549845074333625,7.567909914662537,115,108,112,1,0,0,1245.9737548828125,1328.791748046875,0.48391735553741455,115,115,0,0,0,0,115,115,0.074018746614456177,1.0017517805099487,1.0057240724563599,1,0,0,1,1
813,1542829057.3429804,reset_too_few_matches,810,1334,145,98,6.5847184213164711,9.4473277015892148,10.935277557685982,81,86,93,6,0,0,-1,-1,-1,-1,-1,0,0,0,0,0,0,-1,-1,-1,0,0,0,0,0
814,1542829057.393821,set_reference,814,1331,147,-1,-1,-1,-1,-1,-1,-1,-1,0,0,-1,-1,-1,-1,-1,0,0,0,0,-1,-1,-1,-1,-1,0,0,0,0,0
815,1542829057.4450424,initializer_geometry_reject,814,1327,146,100,2.5470410245893769,3.3843316193523725,4.332428942566585,89,94,96,0,0,0,1064.2347412109375,1135.26708984375,0.48385259509086609,99,99,0,0,0,0,99,99,0.239031121134758,1.0014796257019043,1.0033309459686279,1,0,0,1,1
816,1542829057.4936202,initializer_geometry_reject,814,1332,150,103,4.702866445692182,6.8755830224954808,8.1660190707312186,96,91,99,3,0,0,1082.76953125,1165.636474609375,0.48157206177711487,101,101,0,0,0,0,101,101,0.401050865650177,1.0021287202835083,1.0057599544525146,1,0,0,1,1
817,1542829057.5424752,initializer_geometry_reject,814,1331,149,102,7.3098029193684582,10.433672173432097,12.378148065066924,85,88,97,5,0,0,1076.99267578125,1156.2520751953125,0.48225468397140503,100,101,0,0,0,0,100,100,0.52525931596755981,1.0040016174316406,1.0060877799987793,1,0,0,1,1
818,1542829057.5947287,initializer_geometry_reject,814,1276,128,101,9.9744639755345759,13.901602919354879,16.21122036161449,98,91,96,2,0,0,1061.8560791015625,1139.2220458984375,0.48242545127868652,99,100,0,0,0,0,99,99,0.91642540693283081,1.0071702003479004,1.0113582611083984,1,0,0,1,1
819,1542829057.6430569,reset_too_few_matches,814,1288,134,98,12.21486519371653,17.549588201835,20.280861252009494,93,89,95,3,0,0,-1,-1,-1,-1,-1,0,0,0,0,0,0,-1,-1,-1,0,0,0,0,0
820,1542829057.6944129,set_reference,820,1289,155,-1,-1,-1,-1,-1,-1,-1,-1,0,0,-1,-1,-1,-1,-1,0,0,0,0,-1,-1,-1,-1,-1,0,0,0,0,0
821,1542829057.7436328,initializer_geometry_reject,820,1272,121,103,2.8368418672813882,3.7595718105942786,4.6049260059811976,103,98,103,0,0,0,1143.4183349609375,1184.58837890625,0.4911576509475708,103,103,0,0,0,0,103,103,0.4788811206817627,1.0030257701873779,1.0060873031616211,1,0,0,1,1
822,1542829057.7935367,initializer_geometry_reject,820,1151,121,108,5.1229874338416046,7.3050231623176076,8.7727325080185974,95,98,104,0,0,0,1151.36474609375,1209.285400390625,0.48773205280303955,107,107,0,0,0,0,107,107,0.64921396970748901,1.0081429481506348,1.0041595697402954,1,0,0,1,1
823,1542829057.8422785,initializer_geometry_reject,820,1178,123,102,8.0355763803577958,11.165820779565589,12.967753418355748,91,94,100,1,0,0,1113.3150634765625,1178.879638671875,0.48569828271865845,102,102,0,0,0,0,102,102,0.76258856058120728,1.0061570405960083,1.0083849430084229,1,0,0,1,1
824,1542829057.8925049,reset_too_few_matches,820,1165,111,94,10.400388151144078,15.373167500544817,17.571886309115303,84,86,86,1,0,0,-1,-1,-1,-1,-1,0,0,0,0,0,0,-1,-1,-1,0,0,0,0,0
825,1542829057.9449193,set_reference,825,1120,113,-1,-1,-1,-1,-1,-1,-1,-1,0,0,-1,-1,-1,-1,-1,0,0,0,0,-1,-1,-1,-1,-1,0,0,0,0,0
826,1542829057.9926138,reset_too_few_matches,825,1182,121,89,2.8430827764484108,3.8293656406728704,5.0284300473507626,84,82,85,0,0,0,-1,-1,-1,-1,-1,0,0,0,0,0,0,-1,-1,-1,0,0,0,0,0
827,1542829058.0440946,set_reference,827,1151,103,-1,-1,-1,-1,-1,-1,-1,-1,0,0,-1,-1,-1,-1,-1,0,0,0,0,-1,-1,-1,-1,-1,0,0,0,0,0
828,1542829058.0945206,reset_too_few_matches,827,1124,109,76,2.8520073332424438,4.1320903935386033,5.2453391759430366,75,70,73,3,0,0,-1,-1,-1,-1,-1,0,0,0,0,0,0,-1,-1,-1,0,0,0,0,0
829,1542829058.1432121,set_reference,829,1118,107,-1,-1,-1,-1,-1,-1,-1,-1,0,0,-1,-1,-1,-1,-1,0,0,0,0,-1,-1,-1,-1,-1,0,0,0,0,0
830,1542829058.1949713,reset_too_few_matches,829,1123,99,74,2.8762332323179738,4.294338949091328,5.2050213054396046,68,71,71,0,0,0,-1,-1,-1,-1,-1,0,0,0,0,0,0,-1,-1,-1,0,0,0,0,0
831,1542829058.2431562,set_reference,831,1110,101,-1,-1,-1,-1,-1,-1,-1,-1,0,0,-1,-1,-1,-1,-1,0,0,0,0,-1,-1,-1,-1,-1,0,0,0,0,0
832,1542829058.2938387,reset_too_few_matches,831,1066,97,78,2.5973391005215212,3.9690484291845181,5.2402880214290946,62,73,76,0,0,0,-1,-1,-1,-1,-1,0,0,0,0,0,0,-1,-1,-1,0,0,0,0,0
833,1542829058.3433993,set_reference,833,1051,97,-1,-1,-1,-1,-1,-1,-1,-1,0,0,-1,-1,-1,-1,-1,0,0,0,0,-1,-1,-1,-1,-1,0,0,0,0,0
834,1542829058.3936908,reset_too_few_matches,833,1016,100,68,2.5345699715446726,4.3105421957530066,5.3860667740320478,66,61,68,0,0,0,-1,-1,-1,-1,-1,0,0,0,0,0,0,-1,-1,-1,0,0,0,0,0
835,1542829058.4455678,set_reference,835,1033,101,-1,-1,-1,-1,-1,-1,-1,-1,0,0,-1,-1,-1,-1,-1,0,0,0,0,-1,-1,-1,-1,-1,0,0,0,0,0
836,1542829058.4929545,reset_too_few_matches,835,1008,98,72,2.9149855748346671,4.3086879758101482,5.436100049766222,72,67,71,0,0,0,-1,-1,-1,-1,-1,0,0,0,0,0,0,-1,-1,-1,0,0,0,0,0
837,1542829058.5437272,set_reference,837,937,90,-1,-1,-1,-1,-1,-1,-1,-1,0,0,-1,-1,-1,-1,-1,0,0,0,0,-1,-1,-1,-1,-1,0,0,0,0,0
838,1542829058.5932662,reset_too_few_matches,837,915,78,57,2.8971327368973494,4.6220932397166976,5.3739528868794837,53,54,56,1,0,0,-1,-1,-1,-1,-1,0,0,0,0,0,0,-1,-1,-1,0,0,0,0,0
839,1542829058.6424131,set_reference,839,920,76,-1,-1,-1,-1,-1,-1,-1,-1,0,0,-1,-1,-1,-1,-1,0,0,0,0,-1,-1,-1,-1,-1,0,0,0,0,0
840,1542829058.69417,reset_too_few_matches,839,929,78,54,2.8621356365330097,4.5572176466773122,5.4296516427105885,48,52,52,2,0,0,-1,-1,-1,-1,-1,0,0,0,0,0,0,-1,-1,-1,0,0,0,0,0
841,1542829058.7421918,set_reference,841,946,80,-1,-1,-1,-1,-1,-1,-1,-1,0,0,-1,-1,-1,-1,-1,0,0,0,0,-1,-1,-1,-1,-1,0,0,0,0,0
842,1542829058.7928307,reset_too_few_matches,841,936,78,62,2.3768434091649318,4.3561269803911911,5.7534147829292754,62,54,59,3,0,0,-1,-1,-1,-1,-1,0,0,0,0,0,0,-1,-1,-1,0,0,0,0,0
843,1542829058.8423796,set_reference,843,928,77,-1,-1,-1,-1,-1,-1,-1,-1,0,0,-1,-1,-1,-1,-1,0,0,0,0,-1,-1,-1,-1,-1,0,0,0,0,0
844,1542829058.8947325,reset_too_few_matches,843,879,69,54,2.9679674804733023,4.6603656646817768,5.4978010194405167,53,50,52,1,0,0,-1,-1,-1,-1,-1,0,0,0,0,0,0,-1,-1,-1,0,0,0,0,0
845,1542829058.9431832,set_reference,845,893,76,-1,-1,-1,-1,-1,-1,-1,-1,0,0,-1,-1,-1,-1,-1,0,0,0,0,-1,-1,-1,-1,-1,0,0,0,0,0
846,1542829058.9922817,reset_too_few_matches,845,897,73,53,2.4600917735262895,4.4840124205680851,5.4192067132101061,48,46,49,1,0,0,-1,-1,-1,-1,-1,0,0,0,0,0,0,-1,-1,-1,0,0,0,0,0
847,1542829059.0445206,set_reference,847,875,68,-1,-1,-1,-1,-1,-1,-1,-1,0,0,-1,-1,-1,-1,-1,0,0,0,0,-1,-1,-1,-1,-1,0,0,0,0,0
848,1542829059.093616,reset_too_few_matches,847,876,75,51,2.3725762179156411,3.8825335960124794,5.3843297575287208,47,44,49,2,0,0,-1,-1,-1,-1,-1,0,0,0,0,0,0,-1,-1,-1,0,0,0,0,0
849,1542829059.1435394,set_reference,849,871,61,-1,-1,-1,-1,-1,-1,-1,-1,0,0,-1,-1,-1,-1,-1,0,0,0,0,-1,-1,-1,-1,-1,0,0,0,0,0
850,1542829059.1972208,reset_too_few_matches,849,879,67,44,3.2652377209917285,4.4834644144960496,5.3703486989126956,42,42,44,0,0,0,-1,-1,-1,-1,-1,0,0,0,0,0,0,-1,-1,-1,0,0,0,0,0
851,1542829059.2426414,set_reference,851,864,68,-1,-1,-1,-1,-1,-1,-1,-1,0,0,-1,-1,-1,-1,-1,0,0,0,0,-1,-1,-1,-1,-1,0,0,0,0,0
852,1542829059.2930613,reset_too_few_matches,851,816,59,50,2.841297668366265,4.3262145129931131,5.3718326639398208,50,46,48,2,0,0,-1,-1,-1,-1,-1,0,0,0,0,0,0,-1,-1,-1,0,0,0,0,0
853,1542829059.3422143,set_reference,853,809,59,-1,-1,-1,-1,-1,-1,-1,-1,0,0,-1,-1,-1,-1,-1,0,0,0,0,-1,-1,-1,-1,-1,0,0,0,0,0
854,1542829059.3932519,reset_too_few_matches,853,784,65,41,3.0113717119182657,4.5648424908208476,5.4230457061117026,40,38,39,3,0,0,-1,-1,-1,-1,-1,0,0,0,0,0,0,-1,-1,-1,0,0,0,0,0
855,1542829059.4430389,set_reference,855,805,50,-1,-1,-1,-1,-1,-1,-1,-1,0,0,-1,-1,-1,-1,-1,0,0,0,0,-1,-1,-1,-1,-1,0,0,0,0,0
856,1542829059.4921944,reset_too_few_matches,855,822,65,35,3.0471406502807623,4.1557596448916225,4.8350535015863985,35,33,34,0,0,0,-1,-1,-1,-1,-1,0,0,0,0,0,0,-1,-1,-1,0,0,0,0,0
857,1542829059.5426126,set_reference,857,804,56,-1,-1,-1,-1,-1,-1,-1,-1,0,0,-1,-1,-1,-1,-1,0,0,0,0,-1,-1,-1,-1,-1,0,0,0,0,0
858,1542829059.5926967,reset_too_few_matches,857,818,55,36,3.2064677627978755,3.6950877224058223,4.6908319845847348,36,32,36,4,0,0,-1,-1,-1,-1,-1,0,0,0,0,0,0,-1,-1,-1,0,0,0,0,0
859,1542829059.6428564,set_reference,859,791,64,-1,-1,-1,-1,-1,-1,-1,-1,0,0,-1,-1,-1,-1,-1,0,0,0,0,-1,-1,-1,-1,-1,0,0,0,0,0
860,1542829059.6928191,reset_too_few_matches,859,785,59,40,2.980808623348743,3.6139714430499783,4.6898400287456843,40,35,40,0,0,0,-1,-1,-1,-1,-1,0,0,0,0,0,0,-1,-1,-1,0,0,0,0,0
861,1542829059.7427754,set_reference,861,800,65,-1,-1,-1,-1,-1,-1,-1,-1,0,0,-1,-1,-1,-1,-1,0,0,0,0,-1,-1,-1,-1,-1,0,0,0,0,0
862,1542829059.7934968,reset_too_few_matches,861,813,62,47,3.1407024316359218,4.1812050984351243,4.7166248619421101,46,43,46,1,0,0,-1,-1,-1,-1,-1,0,0,0,0,0,0,-1,-1,-1,0,0,0,0,0
863,1542829059.8428013,set_reference,863,806,63,-1,-1,-1,-1,-1,-1,-1,-1,0,0,-1,-1,-1,-1,-1,0,0,0,0,-1,-1,-1,-1,-1,0,0,0,0,0
864,1542829059.892205,reset_too_few_matches,863,796,64,43,3.1736009116471959,3.6476517522708178,4.6364908804300562,35,37,41,0,0,0,-1,-1,-1,-1,-1,0,0,0,0,0,0,-1,-1,-1,0,0,0,0,0
865,1542829059.9435689,set_reference,865,785,63,-1,-1,-1,-1,-1,-1,-1,-1,0,0,-1,-1,-1,-1,-1,0,0,0,0,-1,-1,-1,-1,-1,0,0,0,0,0
866,1542829059.992624,reset_too_few_matches,865,820,73,47,3.1555880985658695,3.6488775854757574,4.6347550579785306,47,43,46,3,0,0,-1,-1,-1,-1,-1,0,0,0,0,0,0,-1,-1,-1,0,0,0,0,0
867,1542829060.043283,set_reference,867,831,69,-1,-1,-1,-1,-1,-1,-1,-1,0,0,-1,-1,-1,-1,-1,0,0,0,0,-1,-1,-1,-1,-1,0,0,0,0,0
868,1542829060.0937796,reset_too_few_matches,867,812,69,50,3.1732272877505019,4.1873637505827377,4.6407443158927082,50,45,49,1,0,0,-1,-1,-1,-1,-1,0,0,0,0,0,0,-1,-1,-1,0,0,0,0,0
869,1542829060.142494,set_reference,869,867,80,-1,-1,-1,-1,-1,-1,-1,-1,0,0,-1,-1,-1,-1,-1,0,0,0,0,-1,-1,-1,-1,-1,0,0,0,0,0
870,1542829060.1941633,reset_too_few_matches,869,843,73,58,3.1360599964982514,3.7098143009807862,4.3918957250857611,50,49,57,1,0,0,-1,-1,-1,-1,-1,0,0,0,0,0,0,-1,-1,-1,0,0,0,0,0
871,1542829060.2431884,set_reference,871,869,84,-1,-1,-1,-1,-1,-1,-1,-1,0,0,-1,-1,-1,-1,-1,0,0,0,0,-1,-1,-1,-1,-1,0,0,0,0,0
872,1542829060.2924731,reset_too_few_matches,871,892,82,64,3.1747203807515318,3.6757544449151478,4.9500591170807144,56,54,60,1,0,0,-1,-1,-1,-1,-1,0,0,0,0,0,0,-1,-1,-1,0,0,0,0,0
873,1542829060.3431094,set_reference,873,882,83,-1,-1,-1,-1,-1,-1,-1,-1,0,0,-1,-1,-1,-1,-1,0,0,0,0,-1,-1,-1,-1,-1,0,0,0,0,0
874,1542829060.3920288,reset_too_few_matches,873,896,87,60,2.9108600816164438,3.3551094356315172,4.5417092488699176,50,54,60,2,0,0,-1,-1,-1,-1,-1,0,0,0,0,0,0,-1,-1,-1,0,0,0,0,0
875,1542829060.4439061,set_reference,875,922,89,-1,-1,-1,-1,-1,-1,-1,-1,0,0,-1,-1,-1,-1,-1,0,0,0,0,-1,-1,-1,-1,-1,0,0,0,0,0
876,1542829060.4934628,reset_too_few_matches,875,921,79,65,3.1576758894414239,3.3096795984587652,4.3060104052033799,64,62,64,2,0,0,-1,-1,-1,-1,-1,0,0,0,0,0,0,-1,-1,-1,0,0,0,0,0
877,1542829060.5433304,set_reference,877,936,94,-1,-1,-1,-1,-1,-1,-1,-1,0,0,-1,-1,-1,-1,-1,0,0,0,0,-1,-1,-1,-1,-1,0,0,0,0,0
878,1542829060.5919621,reset_too_few_matches,877,928,98,58,2.7889351459391429,3.2888546852382397,4.0802392236951599,57,58,57,0,0,0,-1,-1,-1,-1,-1,0,0,0,0,0,0,-1,-1,-1,0,0,0,0,0
879,1542829060.6419585,set_reference,879,967,102,-1,-1,-1,-1,-1,-1,-1,-1,0,0,-1,-1,-1,-1,-1,0,0,0,0,-1,-1,-1,-1,-1,0,0,0,0,0
880,1542829060.694371,reset_too_few_matches,879,970,105,76,2.6304207854559216,3.2993968514880256,4.169967291976997,71,68,72,0,0,0,-1,-1,-1,-1,-1,0,0,0,0,0,0,-1,-1,-1,0,0,0,0,0
881,1542829060.7426076,set_reference,881,984,100,-1,-1,-1,-1,-1,-1,-1,-1,0,0,-1,-1,-1,-1,-1,0,0,0,0,-1,-1,-1,-1,-1,0,0,0,0,0
882,1542829060.7933197,reset_too_few_matches,881,1013,120,71,2.4238786594086963,3.2906985264551269,4.1579231698332277,70,65,70,2,0,0,-1,-1,-1,-1,-1,0,0,0,0,0,0,-1,-1,-1,0,0,0,0,0
883,1542829060.8435137,set_reference,883,974,103,-1,-1,-1,-1,-1,-1,-1,-1,0,0,-1,-1,-1,-1,-1,0,0,0,0,-1,-1,-1,-1,-1,0,0,0,0,0
884,1542829060.8941901,reset_too_few_matches,883,1008,105,80,2.2869353773507592,3.2654866342780391,3.8399734788444477,67,68,75,2,0,0,-1,-1,-1,-1,-1,0,0,0,0,0,0,-1,-1,-1,0,0,0,0,0
885,1542829060.9430435,set_reference,885,1008,115,-1,-1,-1,-1,-1,-1,-1,-1,0,0,-1,-1,-1,-1,-1,0,0,0,0,-1,-1,-1,-1,-1,0,0,0,0,0
886,1542829060.9918072,reset_too_few_matches,885,1027,107,86,2.265711004638967,3.1865636214415405,3.859457412878931,85,78,84,3,0,0,-1,-1,-1,-1,-1,0,0,0,0,0,0,-1,-1,-1,0,0,0,0,0
887,1542829061.0424471,set_reference,887,1020,106,-1,-1,-1,-1,-1,-1,-1,-1,0,0,-1,-1,-1,-1,-1,0,0,0,0,-1,-1,-1,-1,-1,0,0,0,0,0
888,1542829061.0930784,reset_too_few_matches,887,1059,121,80,2.2421620794224153,2.9412255699064236,3.7502039816874575,79,75,77,0,0,0,-1,-1,-1,-1,-1,0,0,0,0,0,0,-1,-1,-1,0,0,0,0,0
889,1542829061.1435544,set_reference,889,1093,117,-1,-1,-1,-1,-1,-1,-1,-1,0,0,-1,-1,-1,-1,-1,0,0,0,0,-1,-1,-1,-1,-1,0,0,0,0,0
890,1542829061.1929047,reset_too_few_matches,889,1112,124,95,2.2388170154922515,2.9130739319848389,3.7232786511865674,85,87,94,2,0,0,-1,-1,-1,-1,-1,0,0,0,0,0,0,-1,-1,-1,0,0,0,0,0
891,1542829061.2429681,set_reference,891,1132,111,-1,-1,-1,-1,-1,-1,-1,-1,0,0,-1,-1,-1,-1,-1,0,0,0,0,-1,-1,-1,-1,-1,0,0,0,0,0
892,1542829061.2922611,reset_too_few_matches,891,1137,125,85,2.2718972100203105,2.9316774020661533,3.8555711240880344,82,82,83,0,0,0,-1,-1,-1,-1,-1,0,0,0,0,0,0,-1,-1,-1,0,0,0,0,0
893,1542829061.3432467,set_reference,893,1150,139,-1,-1,-1,-1,-1,-1,-1,-1,0,0,-1,-1,-1,-1,-1,0,0,0,0,-1,-1,-1,-1,-1,0,0,0,0,0
894,1542829061.392988,initializer_geometry_reject,893,1161,135,103,2.2487595121146984,2.9125008642928023,3.8133919938132839,102,97,102,1,0,0,1094.025390625,1184.391357421875,0.48016911745071411,101,103,0,0,0,0,101,101,0.43655925989151001,1.0039558410644531,1.0044409036636353,1,0,0,1,1
895,1542829061.4440885,initializer_geometry_reject,893,1182,141,107,4.898141626555252,5.7441593086849361,6.7627900109365555,104,102,105,3,0,0,1161.2515869140625,1223.9422607421875,0.48685836791992188,107,107,0,0,0,0,107,107,0.51548266410827637,1.0037271976470947,1.0061585903167725,1,0,0,1,1
896,1542829061.4931231,reset_too_few_matches,893,1196,129,95,7.1577488757824268,8.5813779389098865,9.7628395412780691,82,88,93,0,0,0,-1,-1,-1,-1,-1,0,0,0,0,0,0,-1,-1,-1,0,0,0,0,0
897,1542829061.5429323,set_reference,897,1211,134,-1,-1,-1,-1,-1,-1,-1,-1,0,0,-1,-1,-1,-1,-1,0,0,0,0,-1,-1,-1,-1,-1,0,0,0,0,0
898,1542829061.592941,reset_too_few_matches,897,1198,126,99,2.2401253801944989,2.8525544916745833,3.5599038877812266,96,89,96,1,0,0,-1,-1,-1,-1,-1,0,0,0,0,0,0,-1,-1,-1,0,0,0,0,0
899,1542829061.642312,set_reference,899,1256,147,-1,-1,-1,-1,-1,-1,-1,-1,0,0,-1,-1,-1,-1,-1,0,0,0,0,-1,-1,-1,-1,-1,0,0,0,0,0
900,1542829061.6926866,initializer_geometry_reject,899,1328,150,110,2.243594489649364,2.8671060142749445,3.7433771351247294,110,101,103,4,0,0,1173.41845703125,1254.5975341796875,0.48328280448913574,109,110,0,0,0,0,109,109,0.60068267583847046,1.0069725513458252,1.0049840211868286,1,0,0,1,1
