timestamp,reference_valid,full_valid,drop_valid,klt_valid,common_valid,segment_id
1725640001.1289287,1,0,0,0,0,-1
1725640001.2289286,1,0,0,0,0,-1
1725640001.3289287,1,0,0,0,0,-1
1725640001.4289286,1,0,0,0,0,-1
1725640001.5289288,1,0,0,0,0,-1
1725640001.6289287,1,0,0,0,0,-1
1725640001.7289286,1,0,0,0,0,-1
1725640001.8289287,1,0,0,0,0,-1
1725640001.9289286,1,0,0,0,0,-1
1725640002.0289288,1,0,0,0,0,-1
1725640002.1289287,1,0,0,0,0,-1
1725640002.2289286,1,0,0,0,0,-1
1725640002.3289287,1,0,0,0,0,-1
1725640002.4289286,1,0,0,0,0,-1
1725640002.5289288,1,0,0,0,0,-1
1725640002.6289287,1,0,0,0,0,-1
1725640002.7289286,1,0,0,0,0,-1
1725640002.8289287,1,0,0,0,0,-1
1725640002.9289286,1,0,0,0,0,-1
1725640003.0289288,1,0,0,0,0,-1
1725640003.1289287,1,0,0,0,0,-1
1725640003.2289286,1,0,0,0,0,-1
1725640003.3289287,1,0,0,0,0,-1
1725640003.4289286,1,0,0,0,0,-1
1725640003.5289288,1,0,0,0,0,-1
1725640003.6289287,1,0,0,0,0,-1
1725640003.7289286,1,0,0,0,0,-1
1725640003.8289287,1,0,0,0,0,-1
1725640003.9289286,1,0,0,0,0,-1
1725640004.0289288,1,0,0,0,0,-1
1725640004.1289287,1,0,0,0,0,-1
1725640004.2289286,1,0,0,0,0,-1
1725640004.3289287,1,0,0,0,0,-1
1725640004.4289286,1,0,0,0,0,-1
1725640004.5289288,1,0,0,0,0,-1
1725640004.6289287,1,0,0,0,0,-1
1725640004.7289286,1,0,0,0,0,-1
1725640004.8289287,1,0,0,0,0,-1
1725640004.9289286,1,0,0,0,0,-1
1725640005.0289288,1,0,0,0,0,-1
1725640005.1289287,1,0,0,0,0,-1
1725640005.2289286,1,0,0,0,0,-1
1725640005.3289287,1,0,0,0,0,-1
1725640005.4289286,1,0,0,0,0,-1
1725640005.5289288,1,0,0,0,0,-1
1725640005.6289287,1,0,0,0,0,-1
1725640005.7289286,1,0,0,0,0,-1
1725640005.8289287,1,0,0,0,0,-1
1725640005.9289286,1,0,0,0,0,-1
1725640006.0289288,1,0,0,0,0,-1
1725640006.1289287,1,0,0,0,0,-1
1725640006.2289286,1,0,0,0,0,-1
1725640006.3289287,1,0,0,0,0,-1
1725640006.4289286,1,0,0,0,0,-1
1725640006.5289288,1,0,0,0,0,-1
1725640006.6289287,1,0,0,0,0,-1
1725640006.7289286,1,0,0,0,0,-1
1725640006.8289287,1,0,0,0,0,-1
1725640006.9289286,1,0,0,0,0,-1
1725640007.0289288,1,0,0,0,0,-1
1725640007.1289287,1,0,0,0,0,-1
1725640007.2289286,1,0,0,0,0,-1
1725640007.3289287,1,0,0,0,0,-1
1725640007.4289286,1,0,0,0,0,-1
1725640007.5289288,1,0,0,0,0,-1
1725640007.6289287,1,0,0,0,0,-1
1725640007.7289286,1,0,0,0,0,-1
1725640007.8289287,1,0,0,0,0,-1
1725640007.9289286,1,0,0,0,0,-1
1725640008.0289288,1,0,0,0,0,-1
1725640008.1289287,1,0,0,0,0,-1
1725640008.2289286,1,0,0,0,0,-1
1725640008.3289287,1,0,0,0,0,-1
1725640008.4289286,1,0,0,0,0,-1
1725640008.5289288,1,0,0,0,0,-1
1725640008.6289287,1,0,0,0,0,-1
1725640008.7289286,1,0,0,0,0,-1
1725640008.8289287,1,0,0,0,0,-1
1725640008.9289286,1,0,0,0,0,-1
1725640009.0289288,1,0,0,0,0,-1
1725640009.1289287,1,0,0,0,0,-1
1725640009.2289286,1,0,0,0,0,-1
1725640009.3289287,1,0,0,0,0,-1
1725640009.4289286,1,0,0,0,0,-1
1725640009.5289288,1,0,0,0,0,-1
1725640009.6289287,1,0,0,0,0,-1
1725640009.7289286,1,0,0,0,0,-1
1725640009.8289287,1,0,0,0,0,-1
1725640009.9289286,1,0,0,0,0,-1
1725640010.0289288,1,0,0,0,0,-1
1725640010.1289287,1,0,0,0,0,-1
1725640010.2289286,1,0,0,0,0,-1
1725640010.3289287,1,0,0,0,0,-1
1725640010.4289286,1,0,0,0,0,-1
1725640010.5289288,1,0,0,0,0,-1
1725640010.6289287,1,0,0,0,0,-1
1725640010.7289286,1,0,0,0,0,-1
1725640010.8289287,1,0,0,0,0,-1
1725640010.9289286,1,0,0,0,0,-1
1725640011.0289288,1,0,0,0,0,-1
1725640011.1289287,1,0,0,0,0,-1
1725640011.2289286,1,0,0,0,0,-1
1725640011.3289287,1,0,0,0,0,-1
1725640011.4289286,1,0,0,0,0,-1
1725640011.5289288,1,0,0,0,0,-1
1725640011.6289287,1,0,0,0,0,-1
1725640011.7289286,1,0,0,0,0,-1
1725640011.8289287,1,0,0,0,0,-1
1725640011.9289286,1,0,0,0,0,-1
1725640012.0289288,1,0,0,0,0,-1
1725640012.1289287,1,0,0,0,0,-1
1725640012.2289286,1,0,0,0,0,-1
1725640012.3289287,1,0,0,0,0,-1
1725640012.4289286,1,0,0,0,0,-1
1725640012.5289288,1,0,0,0,0,-1
1725640012.6289287,1,0,0,0,0,-1
1725640012.7289286,1,0,0,0,0,-1
1725640012.8289287,1,0,0,0,0,-1
1725640012.9289286,1,0,0,0,0,-1
1725640013.0289288,1,0,0,0,0,-1
1725640013.1289287,1,0,0,0,0,-1
1725640013.2289286,1,0,0,0,0,-1
1725640013.3289287,1,0,0,0,0,-1
1725640013.4289286,1,0,0,0,0,-1
1725640013.5289288,1,0,0,0,0,-1
1725640013.6289287,1,0,0,0,0,-1
1725640013.7289286,1,0,0,0,0,-1
1725640013.8289287,1,0,0,0,0,-1
1725640013.9289286,1,0,0,0,0,-1
1725640014.0289288,1,0,0,0,0,-1
1725640014.1289287,1,0,0,0,0,-1
1725640014.2289286,1,0,0,0,0,-1
1725640014.3289287,1,0,0,0,0,-1
1725640014.4289286,1,0,0,0,0,-1
1725640014.5289288,1,0,0,0,0,-1
1725640014.6289287,1,0,0,0,0,-1
1725640014.7289286,1,0,0,0,0,-1
1725640014.8289287,1,0,0,0,0,-1
1725640014.9289286,1,0,0,0,0,-1
1725640015.0289288,1,0,0,0,0,-1
1725640015.1289287,1,0,0,0,0,-1
1725640015.2289286,1,0,0,0,0,-1
1725640015.3289287,1,0,0,0,0,-1
1725640015.4289286,1,0,0,0,0,-1
1725640015.5289288,1,0,0,0,0,-1
1725640015.6289287,1,0,0,0,0,-1
1725640015.7289286,1,0,0,0,0,-1
1725640015.8289287,1,0,0,0,0,-1
1725640015.9289286,1,0,0,0,0,-1
1725640016.0289288,1,0,0,0,0,-1
1725640016.1289287,1,0,0,0,0,-1
1725640016.2289286,1,0,0,0,0,-1
1725640016.3289287,1,0,0,0,0,-1
1725640016.4289286,1,0,0,0,0,-1
1725640016.5289288,1,0,0,0,0,-1
1725640016.6289287,1,0,0,0,0,-1
1725640016.7289286,1,0,0,0,0,-1
1725640016.8289287,1,0,0,0,0,-1
1725640016.9289286,1,0,0,0,0,-1
1725640017.0289288,1,0,0,0,0,-1
1725640017.1289287,1,0,0,0,0,-1
1725640017.2289286,1,0,0,0,0,-1
1725640017.3289287,1,0,0,0,0,-1
1725640017.4289286,1,0,0,0,0,-1
1725640017.5289288,1,0,0,0,0,-1
1725640017.6289287,1,0,0,0,0,-1
1725640017.7289286,1,0,0,0,0,-1
1725640017.8289287,1,0,0,0,0,-1
1725640017.9289286,1,0,0,0,0,-1
1725640018.0289288,1,0,0,0,0,-1
1725640018.1289287,1,0,0,0,0,-1
1725640018.2289286,1,0,0,0,0,-1
1725640018.3289287,1,0,0,0,0,-1
1725640018.4289286,1,0,0,0,0,-1
1725640018.5289288,1,0,0,0,0,-1
1725640018.6289287,1,0,0,0,0,-1
1725640018.7289286,1,0,0,0,0,-1
1725640018.8289287,1,0,0,0,0,-1
1725640018.9289286,1,0,0,0,0,-1
1725640019.0289288,1,0,0,0,0,-1
1725640019.1289287,1,0,0,0,0,-1
1725640019.2289286,1,0,0,0,0,-1
1725640019.3289287,1,0,0,0,0,-1
1725640019.4289286,1,0,0,0,0,-1
1725640019.5289288,1,0,0,0,0,-1
1725640019.6289287,1,0,0,0,0,-1
1725640019.7289286,1,0,0,0,0,-1
1725640019.8289287,1,0,0,0,0,-1
1725640019.9289286,1,0,0,0,0,-1
1725640020.0289288,1,0,0,0,0,-1
1725640020.1289287,1,0,0,0,0,-1
1725640020.2289286,1,0,0,0,0,-1
1725640020.3289287,1,0,0,0,0,-1
1725640020.4289286,1,0,0,0,0,-1
1725640020.5289288,1,0,0,0,0,-1
1725640020.6289287,1,0,0,0,0,-1
1725640020.7289286,1,0,0,0,0,-1
1725640020.8289287,1,0,0,0,0,-1
1725640020.9289286,1,0,0,0,0,-1
1725640021.0289288,1,0,0,0,0,-1
1725640021.1289287,1,0,0,0,0,-1
1725640021.2289286,1,0,0,0,0,-1
1725640021.3289287,1,0,0,0,0,-1
1725640021.4289286,1,0,0,0,0,-1
1725640021.5289288,1,0,0,0,0,-1
1725640021.6289287,1,0,0,0,0,-1
1725640021.7289286,1,0,0,0,0,-1
1725640021.8289287,1,0,0,0,0,-1
1725640021.9289286,1,0,0,0,0,-1
1725640022.0289288,1,0,0,0,0,-1
1725640022.1289287,1,0,0,0,0,-1
1725640022.2289286,1,0,0,0,0,-1
1725640022.3289287,1,0,0,0,0,-1
1725640022.4289286,0,0,0,0,0,-1
1725640022.5289288,0,0,0,0,0,-1
1725640022.6289287,1,0,0,0,0,-1
1725640022.7289286,1,0,0,0,0,-1
1725640022.8289287,1,0,0,0,0,-1
1725640022.9289286,1,0,0,0,0,-1
1725640023.0289288,1,0,0,0,0,-1
1725640023.1289287,1,0,0,0,0,-1
1725640023.2289286,1,0,0,0,0,-1
1725640023.3289287,1,0,0,0,0,-1
1725640023.4289286,1,0,0,0,0,-1
1725640023.5289288,1,0,0,0,0,-1
1725640023.6289287,1,0,0,0,0,-1
1725640023.7289286,1,0,0,0,0,-1
1725640023.8289287,1,0,0,0,0,-1
1725640023.9289286,1,0,0,0,0,-1
1725640024.0289288,1,0,0,0,0,-1
1725640024.1289287,1,0,0,0,0,-1
1725640024.2289286,1,0,0,0,0,-1
1725640024.3289287,1,0,0,0,0,-1
1725640024.4289286,1,0,0,0,0,-1
1725640024.5289288,1,0,0,0,0,-1
1725640024.6289287,1,0,0,0,0,-1
1725640024.7289286,1,0,0,0,0,-1
1725640024.8289287,1,0,0,0,0,-1
1725640024.9289286,1,0,0,0,0,-1
1725640025.0289288,1,0,0,0,0,-1
1725640025.1289287,1,0,0,0,0,-1
1725640025.2289286,1,0,0,0,0,-1
1725640025.3289287,1,0,0,0,0,-1
1725640025.4289286,1,0,0,0,0,-1
1725640025.5289288,1,0,0,0,0,-1
1725640025.6289287,1,0,0,0,0,-1
1725640025.7289286,1,0,0,0,0,-1
1725640025.8289287,1,0,0,0,0,-1
1725640025.9289286,1,0,0,0,0,-1
1725640026.0289288,1,0,0,0,0,-1
1725640026.1289287,1,0,0,0,0,-1
1725640026.2289286,1,0,0,0,0,-1
1725640026.3289287,1,0,0,0,0,-1
1725640026.4289286,1,0,0,0,0,-1
1725640026.5289288,1,0,0,0,0,-1
1725640026.6289287,1,0,0,0,0,-1
1725640026.7289286,1,0,0,0,0,-1
1725640026.8289287,1,0,0,0,0,-1
1725640026.9289286,1,0,0,0,0,-1
1725640027.0289288,1,0,0,0,0,-1
1725640027.1289287,1,0,0,0,0,-1
1725640027.2289286,1,0,0,0,0,-1
1725640027.3289287,1,0,0,0,0,-1
1725640027.4289286,1,0,0,0,0,-1
1725640027.5289288,1,0,0,0,0,-1
1725640027.6289287,1,0,0,0,0,-1
1725640027.7289286,1,0,0,0,0,-1
1725640027.8289287,1,0,0,0,0,-1
1725640027.9289286,1,0,0,0,0,-1
1725640028.0289288,1,0,0,0,0,-1
1725640028.1289287,1,0,0,0,0,-1
1725640028.2289286,1,0,0,0,0,-1
1725640028.3289287,1,0,0,0,0,-1
1725640028.4289286,1,0,0,0,0,-1
1725640028.5289288,1,0,0,0,0,-1
1725640028.6289287,1,0,0,0,0,-1
1725640028.7289286,1,0,0,0,0,-1
1725640028.8289287,1,0,0,0,0,-1
1725640028.9289286,1,0,0,0,0,-1
1725640029.0289288,1,0,0,0,0,-1
1725640029.1289287,1,0,0,0,0,-1
1725640029.2289286,1,0,0,0,0,-1
1725640029.3289287,1,0,0,0,0,-1
1725640029.4289286,1,0,0,0,0,-1
1725640029.5289288,1,0,0,0,0,-1
1725640029.6289287,1,0,0,0,0,-1
1725640029.7289286,1,0,0,0,0,-1
1725640029.8289287,1,0,0,0,0,-1
1725640029.9289286,1,0,0,0,0,-1
1725640030.0289288,1,0,0,0,0,-1
1725640030.1289287,1,0,0,0,0,-1
1725640030.2289286,1,0,0,0,0,-1
1725640030.3289287,1,0,0,0,0,-1
1725640030.4289286,1,0,0,0,0,-1
1725640030.5289288,1,0,0,0,0,-1
1725640030.6289287,1,0,0,0,0,-1
1725640030.7289286,1,0,0,0,0,-1
1725640030.8289287,1,0,0,0,0,-1
1725640030.9289286,1,0,0,0,0,-1
1725640031.0289288,1,0,0,0,0,-1
1725640031.1289287,1,0,0,0,0,-1
1725640031.2289286,1,0,0,0,0,-1
1725640031.3289287,1,0,0,0,0,-1
1725640031.4289286,1,0,0,0,0,-1
1725640031.5289288,1,0,0,0,0,-1
1725640031.6289287,1,0,0,0,0,-1
1725640031.7289286,1,0,0,0,0,-1
1725640031.8289287,1,0,0,0,0,-1
1725640031.9289286,1,0,0,0,0,-1
1725640032.0289288,1,0,0,0,0,-1
1725640032.1289287,1,0,0,0,0,-1
1725640032.2289286,1,0,0,0,0,-1
1725640032.3289287,1,0,0,0,0,-1
1725640032.4289286,1,0,0,0,0,-1
1725640032.5289288,1,0,0,0,0,-1
1725640032.6289287,1,0,0,0,0,-1
1725640032.7289286,1,0,0,0,0,-1
1725640032.8289287,1,0,0,0,0,-1
1725640032.9289286,1,0,0,0,0,-1
1725640033.0289288,1,0,0,0,0,-1
1725640033.1289287,1,0,0,0,0,-1
1725640033.2289286,1,0,0,0,0,-1
1725640033.3289287,1,0,0,0,0,-1
1725640033.4289286,1,0,0,0,0,-1
1725640033.5289288,1,0,0,0,0,-1
1725640033.6289287,1,0,0,0,0,-1
1725640033.7289286,1,0,0,0,0,-1
1725640033.8289287,1,0,0,0,0,-1
1725640033.9289286,1,0,0,0,0,-1
1725640034.0289288,1,0,0,0,0,-1
1725640034.1289287,1,0,0,0,0,-1
1725640034.2289286,1,0,0,0,0,-1
1725640034.3289287,1,0,0,0,0,-1
1725640034.4289286,1,0,0,0,0,-1
1725640034.5289288,1,0,0,0,0,-1
1725640034.6289287,1,0,0,0,0,-1
1725640034.7289286,1,0,0,0,0,-1
1725640034.8289287,1,0,0,0,0,-1
1725640034.9289286,1,0,0,0,0,-1
1725640035.0289288,1,0,0,0,0,-1
1725640035.1289287,1,0,0,0,0,-1
1725640035.2289286,1,0,0,0,0,-1
1725640035.3289287,1,0,0,0,0,-1
1725640035.4289286,1,0,0,0,0,-1
1725640035.5289288,1,0,0,0,0,-1
1725640035.6289287,1,0,0,0,0,-1
1725640035.7289286,1,0,0,0,0,-1
1725640035.8289287,1,0,0,0,0,-1
1725640035.9289286,1,0,0,0,0,-1
1725640036.0289288,1,0,0,0,0,-1
1725640036.1289287,1,0,0,0,0,-1
1725640036.2289286,1,0,0,0,0,-1
1725640036.3289287,1,0,0,0,0,-1
1725640036.4289286,1,0,0,0,0,-1
1725640036.5289288,1,0,0,0,0,-1
1725640036.6289287,1,0,0,0,0,-1
1725640036.7289286,1,0,0,0,0,-1
1725640036.8289287,1,0,0,0,0,-1
1725640036.9289286,1,0,0,0,0,-1
1725640037.0289288,1,0,0,0,0,-1
1725640037.1289287,1,0,0,0,0,-1
1725640037.2289286,1,0,0,0,0,-1
1725640037.3289287,1,0,0,0,0,-1
1725640037.4289286,1,0,0,0,0,-1
1725640037.5289288,1,0,0,0,0,-1
1725640037.6289287,1,0,0,0,0,-1
1725640037.7289286,1,0,0,0,0,-1
1725640037.8289287,1,0,0,0,0,-1
1725640037.9289286,1,0,0,0,0,-1
1725640038.0289288,1,0,0,0,0,-1
1725640038.1289287,1,0,0,0,0,-1
1725640038.2289286,1,0,0,0,0,-1
1725640038.3289287,1,0,0,0,0,-1
1725640038.4289286,1,0,0,0,0,-1
1725640038.5289288,1,0,0,0,0,-1
1725640038.6289287,1,0,0,0,0,-1
1725640038.7289286,1,0,0,0,0,-1
1725640038.8289287,1,0,0,0,0,-1
1725640038.9289286,1,0,0,0,0,-1
1725640039.0289288,1,0,0,0,0,-1
1725640039.1289287,1,0,0,0,0,-1
1725640039.2289286,1,0,0,0,0,-1
1725640039.3289287,1,0,0,0,0,-1
1725640039.4289286,1,0,0,0,0,-1
1725640039.5289288,1,0,0,0,0,-1
1725640039.6289287,1,0,0,0,0,-1
1725640039.7289286,1,0,0,0,0,-1
1725640039.8289287,1,0,0,0,0,-1
1725640039.9289286,1,0,0,0,0,-1
1725640040.0289288,1,0,0,0,0,-1
1725640040.1289287,1,0,0,0,0,-1
1725640040.2289286,1,0,0,0,0,-1
1725640040.3289287,1,0,0,0,0,-1
1725640040.4289286,1,0,0,0,0,-1
1725640040.5289288,1,0,0,0,0,-1
1725640040.6289287,1,0,0,0,0,-1
1725640040.7289286,1,0,0,0,0,-1
1725640040.8289287,1,0,0,0,0,-1
1725640040.9289286,1,0,0,0,0,-1
1725640041.0289288,1,0,0,0,0,-1
1725640041.1289287,1,0,0,0,0,-1
1725640041.2289286,1,0,0,0,0,-1
1725640041.3289287,1,0,0,0,0,-1
1725640041.4289286,1,0,0,0,0,-1
1725640041.5289288,1,0,0,0,0,-1
1725640041.6289287,1,0,0,0,0,-1
1725640041.7289286,1,0,0,0,0,-1
1725640041.8289287,1,0,0,0,0,-1
1725640041.9289286,1,0,0,0,0,-1
1725640042.0289288,1,0,0,0,0,-1
1725640042.1289287,1,0,0,0,0,-1
1725640042.2289286,1,0,0,0,0,-1
1725640042.3289287,1,0,0,0,0,-1
1725640042.4289286,1,0,0,0,0,-1
1725640042.5289288,1,0,0,0,0,-1
1725640042.6289287,1,0,0,0,0,-1
1725640042.7289286,1,0,0,0,0,-1
1725640042.8289287,1,0,0,0,0,-1
1725640042.9289286,1,0,0,0,0,-1
1725640043.0289288,1,0,0,0,0,-1
1725640043.1289287,1,0,0,0,0,-1
1725640043.2289286,1,0,0,0,0,-1
1725640043.3289287,1,0,0,0,0,-1
1725640043.4289286,1,0,0,0,0,-1
1725640043.5289288,1,0,0,0,0,-1
1725640043.6289287,1,0,0,0,0,-1
1725640043.7289286,1,0,0,0,0,-1
1725640043.8289287,1,0,0,0,0,-1
1725640043.9289286,1,0,0,0,0,-1
1725640044.0289288,1,0,0,0,0,-1
1725640044.1289287,1,0,0,0,0,-1
1725640044.2289286,1,0,0,0,0,-1
1725640044.3289287,1,0,0,0,0,-1
1725640044.4289286,1,0,0,0,0,-1
1725640044.5289288,1,0,0,0,0,-1
1725640044.6289287,1,0,0,0,0,-1
1725640044.7289286,1,0,0,0,0,-1
1725640044.8289287,1,0,0,0,0,-1
1725640044.9289286,1,0,0,0,0,-1
1725640045.0289288,1,0,0,0,0,-1
1725640045.1289287,1,0,0,0,0,-1
1725640045.2289286,1,0,0,0,0,-1
1725640045.3289287,1,0,0,0,0,-1
1725640045.4289286,1,0,0,0,0,-1
1725640045.5289288,1,0,0,0,0,-1
1725640045.6289287,1,0,0,0,0,-1
1725640045.7289286,1,0,0,0,0,-1
1725640045.8289287,1,0,0,0,0,-1
1725640045.9289286,1,0,0,0,0,-1
1725640046.0289288,1,0,0,0,0,-1
1725640046.1289287,1,0,0,0,0,-1
1725640046.2289286,1,0,0,0,0,-1
1725640046.3289287,1,0,0,0,0,-1
1725640046.4289286,1,0,0,0,0,-1
1725640046.5289288,1,0,0,0,0,-1
1725640046.6289287,1,0,0,0,0,-1
1725640046.7289286,1,0,0,0,0,-1
1725640046.8289287,1,0,0,0,0,-1
1725640046.9289286,1,0,0,0,0,-1
1725640047.0289288,1,0,0,0,0,-1
1725640047.1289287,1,0,0,0,0,-1
1725640047.2289286,1,0,0,0,0,-1
1725640047.3289287,1,0,0,0,0,-1
1725640047.4289286,1,0,0,0,0,-1
1725640047.5289288,1,0,0,0,0,-1
1725640047.6289287,1,0,0,0,0,-1
1725640047.7289286,1,0,0,0,0,-1
1725640047.8289287,1,0,0,0,0,-1
1725640047.9289286,1,0,0,0,0,-1
1725640048.0289288,1,0,0,0,0,-1
1725640048.1289287,1,0,0,0,0,-1
1725640048.2289286,1,0,0,0,0,-1
1725640048.3289287,1,0,0,0,0,-1
1725640048.4289286,1,0,0,0,0,-1
1725640048.5289288,1,0,0,0,0,-1
1725640048.6289287,1,0,0,0,0,-1
1725640048.7289286,1,0,0,0,0,-1
1725640048.8289287,1,0,0,0,0,-1
1725640048.9289286,1,0,0,0,0,-1
1725640049.0289288,1,0,0,0,0,-1
1725640049.1289287,1,0,0,0,0,-1
1725640049.2289286,1,0,0,0,0,-1
1725640049.3289287,1,0,0,0,0,-1
1725640049.4289286,1,0,0,0,0,-1
1725640049.5289288,1,0,0,0,0,-1
1725640049.6289287,1,0,0,0,0,-1
1725640049.7289286,1,0,0,0,0,-1
1725640049.8289287,1,0,0,0,0,-1
1725640049.9289286,1,0,0,0,0,-1
1725640050.0289288,1,0,0,0,0,-1
1725640050.1289287,1,0,0,0,0,-1
1725640050.2289286,1,0,0,0,0,-1
1725640050.3289287,1,0,0,0,0,-1
1725640050.4289286,1,0,0,0,0,-1
1725640050.5289288,1,0,0,0,0,-1
1725640050.6289287,1,0,0,0,0,-1
1725640050.7289286,1,0,0,0,0,-1
1725640050.8289287,1,0,0,0,0,-1
1725640050.9289286,1,0,0,0,0,-1
1725640051.0289288,1,0,0,0,0,-1
1725640051.1289287,1,0,0,0,0,-1
1725640051.2289286,0,0,0,0,0,-1
1725640051.3289287,1,0,0,0,0,-1
1725640051.4289286,1,0,0,0,0,-1
1725640051.5289288,1,0,0,0,0,-1
1725640051.6289287,1,0,0,0,0,-1
1725640051.7289286,1,0,0,0,0,-1
1725640051.8289287,1,0,0,0,0,-1
1725640051.9289286,1,0,0,0,0,-1
1725640052.0289288,1,0,0,0,0,-1
1725640052.1289287,1,0,0,0,0,-1
1725640052.2289286,1,0,0,0,0,-1
1725640052.3289287,1,0,0,0,0,-1
1725640052.4289286,1,0,0,0,0,-1
1725640052.5289288,1,0,0,0,0,-1
1725640052.6289287,1,0,0,0,0,-1
1725640052.7289286,1,0,0,0,0,-1
1725640052.8289287,1,0,0,0,0,-1
1725640052.9289286,1,0,0,0,0,-1
1725640053.0289288,1,0,0,0,0,-1
1725640053.1289287,1,0,0,0,0,-1
1725640053.2289286,1,0,0,0,0,-1
1725640053.3289287,1,0,0,0,0,-1
1725640053.4289286,1,0,0,0,0,-1
1725640053.5289288,1,0,0,0,0,-1
1725640053.6289287,1,0,0,0,0,-1
1725640053.7289286,1,0,0,0,0,-1
1725640053.8289287,1,0,0,0,0,-1
1725640053.9289286,1,0,0,0,0,-1
1725640054.0289288,1,0,0,0,0,-1
1725640054.1289287,1,0,0,0,0,-1
1725640054.2289286,1,0,0,0,0,-1
1725640054.3289287,1,0,0,0,0,-1
1725640054.4289286,1,0,0,0,0,-1
1725640054.5289288,1,0,0,0,0,-1
1725640054.6289287,1,0,0,0,0,-1
1725640054.7289286,1,0,0,0,0,-1
1725640054.8289287,1,0,0,0,0,-1
1725640054.9289286,1,0,0,0,0,-1
1725640055.0289288,1,0,0,0,0,-1
1725640055.1289287,1,0,0,0,0,-1
1725640055.2289286,1,0,0,0,0,-1
1725640055.3289287,1,0,0,0,0,-1
1725640055.4289286,1,0,0,0,0,-1
1725640055.5289288,1,0,0,0,0,-1
1725640055.6289287,1,0,0,0,0,-1
1725640055.7289286,1,0,0,0,0,-1
1725640055.8289287,1,0,0,0,0,-1
1725640055.9289286,1,0,0,0,0,-1
1725640056.0289288,1,0,0,0,0,-1
1725640056.1289287,1,0,0,0,0,-1
1725640056.2289286,1,0,0,0,0,-1
1725640056.3289287,1,0,0,0,0,-1
1725640056.4289286,1,0,0,0,0,-1
1725640056.5289288,1,0,0,0,0,-1
1725640056.6289287,1,0,0,0,0,-1
1725640056.7289286,1,0,0,0,0,-1
1725640056.8289287,1,0,0,0,0,-1
1725640056.9289286,1,0,0,0,0,-1
1725640057.0289288,1,0,0,0,0,-1
1725640057.1289287,1,0,0,0,0,-1
1725640057.2289286,1,0,0,0,0,-1
1725640057.3289287,1,0,0,0,0,-1
1725640057.4289286,1,0,0,0,0,-1
1725640057.5289288,1,0,0,0,0,-1
1725640057.6289287,1,0,0,0,0,-1
1725640057.7289286,1,0,0,0,0,-1
1725640057.8289287,1,0,0,0,0,-1
1725640057.9289286,1,0,0,0,0,-1
1725640058.0289288,1,0,0,0,0,-1
1725640058.1289287,1,0,0,0,0,-1
1725640058.2289286,1,0,0,0,0,-1
1725640058.3289287,1,0,0,0,0,-1
1725640058.4289286,1,0,0,0,0,-1
1725640058.5289288,1,0,0,0,0,-1
1725640058.6289287,1,0,0,0,0,-1
1725640058.7289286,0,0,0,0,0,-1
1725640058.8289287,1,0,0,0,0,-1
1725640058.9289286,1,0,0,0,0,-1
1725640059.0289288,1,0,0,0,0,-1
1725640059.1289287,1,0,0,0,0,-1
1725640059.2289286,1,0,0,0,0,-1
1725640059.3289287,1,0,0,0,0,-1
1725640059.4289286,1,0,0,0,0,-1
1725640059.5289288,1,0,0,0,0,-1
1725640059.6289287,1,0,0,0,0,-1
1725640059.7289286,1,0,0,0,0,-1
1725640059.8289287,1,0,0,0,0,-1
1725640059.9289286,1,0,0,0,0,-1
1725640060.0289288,1,0,0,0,0,-1
1725640060.1289287,1,0,0,0,0,-1
1725640060.2289286,1,0,0,0,0,-1
1725640060.3289287,1,0,0,0,0,-1
1725640060.4289286,1,0,0,0,0,-1
1725640060.5289288,1,0,0,0,0,-1
1725640060.6289287,1,0,0,0,0,-1
1725640060.7289286,1,0,0,0,0,-1
1725640060.8289287,1,0,0,0,0,-1
1725640060.9289286,1,0,0,0,0,-1
1725640061.0289288,1,0,0,0,0,-1
1725640061.1289287,1,0,0,0,0,-1
1725640061.2289286,1,0,0,0,0,-1
1725640061.3289287,1,0,0,0,0,-1
1725640061.4289286,1,0,0,0,0,-1
1725640061.5289288,1,0,0,0,0,-1
1725640061.6289287,1,0,0,0,0,-1
1725640061.7289286,1,0,0,0,0,-1
1725640061.8289287,1,0,0,0,0,-1
1725640061.9289286,0,0,0,0,0,-1
1725640062.0289288,1,0,0,0,0,-1
1725640062.1289287,1,0,0,0,0,-1
1725640062.2289286,1,0,0,0,0,-1
1725640062.3289287,1,0,0,0,0,-1
1725640062.4289286,1,0,0,0,0,-1
1725640062.5289288,1,0,0,0,0,-1
1725640062.6289287,1,0,0,0,0,-1
1725640062.7289286,1,0,0,0,0,-1
1725640062.8289287,1,0,0,0,0,-1
1725640062.9289286,1,0,0,0,0,-1
1725640063.0289288,1,0,0,0,0,-1
1725640063.1289287,1,0,0,0,0,-1
1725640063.2289286,1,0,0,0,0,-1
1725640063.3289287,1,0,0,0,0,-1
1725640063.4289286,1,0,0,0,0,-1
1725640063.5289288,1,0,0,0,0,-1
1725640063.6289287,1,0,0,0,0,-1
1725640063.7289286,1,0,0,0,0,-1
1725640063.8289287,1,0,0,0,0,-1
1725640063.9289286,1,0,0,0,0,-1
1725640064.0289288,1,0,0,0,0,-1
1725640064.1289287,1,0,0,0,0,-1
1725640064.2289286,1,0,0,0,0,-1
1725640064.3289287,1,0,0,0,0,-1
1725640064.4289286,1,0,0,0,0,-1
1725640064.5289288,1,0,0,0,0,-1
1725640064.6289287,1,0,0,0,0,-1
1725640064.7289286,1,0,0,0,0,-1
1725640064.8289287,1,0,0,0,0,-1
1725640064.9289286,1,0,0,0,0,-1
1725640065.0289288,1,0,0,0,0,-1
1725640065.1289287,1,0,0,0,0,-1
1725640065.2289286,1,0,0,0,0,-1
1725640065.3289287,1,0,0,0,0,-1
1725640065.4289286,1,0,0,0,0,-1
1725640065.5289288,1,0,0,0,0,-1
1725640065.6289287,1,0,0,0,0,-1
1725640065.7289286,1,0,0,0,0,-1
1725640065.8289287,1,0,0,0,0,-1
1725640065.9289286,1,0,0,0,0,-1
1725640066.0289288,1,0,0,0,0,-1
1725640066.1289287,1,0,0,0,0,-1
1725640066.2289286,1,0,0,0,0,-1
1725640066.3289287,1,0,0,0,0,-1
1725640066.4289286,1,0,0,0,0,-1
1725640066.5289288,1,0,0,0,0,-1
1725640066.6289287,1,0,0,0,0,-1
1725640066.7289286,1,0,0,0,0,-1
1725640066.8289287,1,0,0,0,0,-1
1725640066.9289286,1,0,0,0,0,-1
1725640067.0289288,1,0,0,0,0,-1
1725640067.1289287,1,0,0,0,0,-1
1725640067.2289286,1,0,0,0,0,-1
1725640067.3289287,1,0,0,0,0,-1
1725640067.4289286,1,0,0,0,0,-1
1725640067.5289288,1,0,0,0,0,-1
1725640067.6289287,1,0,0,0,0,-1
1725640067.7289286,1,0,0,0,0,-1
1725640067.8289287,1,0,0,0,0,-1
1725640067.9289286,1,0,0,0,0,-1
1725640068.0289288,1,0,0,0,0,-1
1725640068.1289287,1,0,0,0,0,-1
1725640068.2289286,1,0,0,0,0,-1
1725640068.3289287,1,0,0,0,0,-1
1725640068.4289286,1,0,0,0,0,-1
1725640068.5289288,1,0,0,0,0,-1
1725640068.6289287,1,0,0,0,0,-1
1725640068.7289286,1,0,0,0,0,-1
1725640068.8289287,1,0,0,0,0,-1
1725640068.9289286,1,0,0,0,0,-1
1725640069.0289288,1,0,0,0,0,-1
1725640069.1289287,1,0,0,0,0,-1
1725640069.2289286,1,0,0,0,0,-1
1725640069.3289287,1,0,0,0,0,-1
1725640069.4289286,1,0,0,0,0,-1
1725640069.5289288,1,0,0,0,0,-1
1725640069.6289287,1,0,0,0,0,-1
1725640069.7289286,1,0,0,0,0,-1
1725640069.8289287,1,0,0,0,0,-1
1725640069.9289286,1,0,0,0,0,-1
1725640070.0289288,1,0,0,0,0,-1
1725640070.1289287,1,0,0,0,0,-1
1725640070.2289286,1,0,0,0,0,-1
1725640070.3289287,1,0,0,0,0,-1
1725640070.4289286,1,0,0,0,0,-1
1725640070.5289288,1,0,0,0,0,-1
1725640070.6289287,1,0,0,0,0,-1
1725640070.7289286,1,0,0,0,0,-1
1725640070.8289287,1,0,0,0,0,-1
1725640070.9289286,1,0,0,0,0,-1
1725640071.0289288,1,0,0,0,0,-1
1725640071.1289287,1,0,0,0,0,-1
1725640071.2289286,1,0,0,0,0,-1
1725640071.3289287,1,0,0,0,0,-1
1725640071.4289286,1,0,0,0,0,-1
1725640071.5289288,1,0,0,0,0,-1
1725640071.6289287,1,0,0,0,0,-1
1725640071.7289286,1,0,0,0,0,-1
1725640071.8289287,1,0,0,0,0,-1
1725640071.9289286,1,0,0,0,0,-1
1725640072.0289288,1,0,0,0,0,-1
1725640072.1289287,1,0,0,0,0,-1
1725640072.2289286,1,0,0,0,0,-1
1725640072.3289287,1,0,0,0,0,-1
1725640072.4289286,1,0,0,0,0,-1
1725640072.5289288,1,0,0,0,0,-1
1725640072.6289287,1,0,0,0,0,-1
1725640072.7289286,1,0,0,0,0,-1
1725640072.8289287,1,0,0,0,0,-1
1725640072.9289286,1,0,0,0,0,-1
1725640073.0289288,1,0,0,0,0,-1
1725640073.1289287,1,0,0,0,0,-1
1725640073.2289286,1,0,0,0,0,-1
1725640073.3289287,1,0,0,0,0,-1
1725640073.4289286,1,0,0,0,0,-1
1725640073.5289288,1,0,0,0,0,-1
1725640073.6289287,1,0,0,0,0,-1
1725640073.7289286,1,0,0,0,0,-1
1725640073.8289287,1,0,0,0,0,-1
1725640073.9289286,1,0,0,0,0,-1
1725640074.0289288,1,0,0,0,0,-1
1725640074.1289287,1,0,0,0,0,-1
1725640074.2289286,1,0,0,0,0,-1
1725640074.3289287,1,0,0,0,0,-1
1725640074.4289286,1,0,0,0,0,-1
1725640074.5289288,1,0,0,0,0,-1
1725640074.6289287,1,0,0,0,0,-1
1725640074.7289286,1,0,0,0,0,-1
1725640074.8289287,1,0,0,0,0,-1
1725640074.9289286,1,0,0,0,0,-1
1725640075.0289288,1,0,0,0,0,-1
1725640075.1289287,1,0,0,0,0,-1
1725640075.2289286,1,0,0,0,0,-1
1725640075.3289287,1,0,0,0,0,-1
1725640075.4289286,1,0,0,0,0,-1
1725640075.5289288,1,0,0,0,0,-1
1725640075.6289287,1,0,0,0,0,-1
1725640075.7289286,1,0,0,0,0,-1
1725640075.8289287,1,0,0,0,0,-1
1725640075.9289286,1,0,0,0,0,-1
1725640076.0289288,1,0,0,0,0,-1
1725640076.1289287,1,0,0,0,0,-1
1725640076.2289286,1,0,0,0,0,-1
1725640076.3289287,1,0,0,0,0,-1
1725640076.4289286,1,0,0,0,0,-1
1725640076.5289288,1,0,0,0,0,-1
1725640076.6289287,1,0,0,0,0,-1
1725640076.7289286,1,0,0,0,0,-1
1725640076.8289287,1,0,0,0,0,-1
1725640076.9289286,1,0,0,0,0,-1
1725640077.0289288,1,0,0,0,0,-1
1725640077.1289287,1,0,0,0,0,-1
1725640077.2289286,1,0,0,0,0,-1
1725640077.3289287,1,0,0,0,0,-1
1725640077.4289286,1,0,0,0,0,-1
1725640077.5289288,1,0,0,0,0,-1
1725640077.6289287,1,0,0,0,0,-1
1725640077.7289286,1,0,0,0,0,-1
1725640077.8289287,1,0,0,0,0,-1
1725640077.9289286,1,0,0,0,0,-1
1725640078.0289288,1,0,0,0,0,-1
1725640078.1289287,1,0,0,0,0,-1
1725640078.2289286,1,0,0,0,0,-1
1725640078.3289287,1,0,0,0,0,-1
1725640078.4289286,1,0,0,0,0,-1
1725640078.5289288,1,0,0,0,0,-1
1725640078.6289287,1,0,0,0,0,-1
1725640078.7289286,1,0,0,0,0,-1
1725640078.8289287,1,0,0,0,0,-1
1725640078.9289286,1,0,0,0,0,-1
1725640079.0289288,1,0,0,0,0,-1
1725640079.1289287,1,1,1,1,1,0
1725640079.2289286,1,1,1,1,1,0
1725640079.3289287,1,1,1,1,1,0
1725640079.4289286,1,1,1,1,1,0
1725640079.5289288,1,1,1,1,1,0
1725640079.6289287,1,1,1,1,1,0
1725640079.7289286,1,1,1,1,1,0
1725640079.8289287,1,1,1,1,1,0
1725640079.9289286,1,1,1,1,1,0
1725640080.0289288,1,1,1,1,1,0
1725640080.1289287,1,1,1,1,1,0
1725640080.2289286,1,1,1,1,1,0
1725640080.3289287,1,1,1,1,1,0
1725640080.4289286,0,1,1,1,0,-1
1725640080.5289288,1,1,1,1,1,1
1725640080.6289287,1,1,1,1,1,1
1725640080.7289286,1,1,1,1,1,1
1725640080.8289287,1,1,1,1,1,1
1725640080.9289286,1,1,1,1,1,1
1725640081.0289288,1,1,1,1,1,1
1725640081.1289287,1,1,1,1,1,1
1725640081.2289286,1,1,1,1,1,1
1725640081.3289287,1,1,1,1,1,1
1725640081.4289286,1,1,1,1,1,1
1725640081.5289288,1,1,1,1,1,1
1725640081.6289287,1,1,1,1,1,1
1725640081.7289286,1,1,1,1,1,1
1725640081.8289287,1,1,1,1,1,1
1725640081.9289286,1,1,1,1,1,1
1725640082.0289288,1,1,1,1,1,1
1725640082.1289287,1,1,1,1,1,1
1725640082.2289286,1,1,1,1,1,1
1725640082.3289287,1,1,1,1,1,1
1725640082.4289286,1,1,1,1,1,1
1725640082.5289288,1,1,1,1,1,1
1725640082.6289287,1,1,1,1,1,1
1725640082.7289286,1,1,1,1,1,1
1725640082.8289287,1,1,1,1,1,1
1725640082.9289286,1,1,1,1,1,1
1725640083.0289288,1,1,1,1,1,1
1725640083.1289287,1,1,1,1,1,1
1725640083.2289286,1,1,1,1,1,1
1725640083.3289287,1,1,1,1,1,1
1725640083.4289286,1,1,1,1,1,1
1725640083.5289288,1,1,1,1,1,1
1725640083.6289287,1,1,1,1,1,1
1725640083.7289286,1,1,1,1,1,1
1725640083.8289287,1,1,1,1,1,1
1725640083.9289286,1,1,1,1,1,1
1725640084.0289288,1,1,1,1,1,1
1725640084.1289287,1,1,1,1,1,1
1725640084.2289286,1,1,1,1,1,1
1725640084.3289287,1,1,1,1,1,1
1725640084.4289286,1,1,1,1,1,1
1725640084.5289288,1,1,1,1,1,1
1725640084.6289287,1,1,1,1,1,1
1725640084.7289286,1,1,1,1,1,1
1725640084.8289287,1,1,1,1,1,1
1725640084.9289286,1,1,1,1,1,1
1725640085.0289288,1,1,1,1,1,1
1725640085.1289287,1,1,1,1,1,1
1725640085.2289286,1,1,1,1,1,1
1725640085.3289287,1,1,1,1,1,1
1725640085.4289286,1,1,1,1,1,1
1725640085.5289288,1,1,1,1,1,1
1725640085.6289287,1,1,1,1,1,1
1725640085.7289286,1,1,1,1,1,1
1725640085.8289287,1,1,1,1,1,1
1725640085.9289286,1,1,1,1,1,1
1725640086.0289288,1,0,0,0,0,-1
1725640086.1289287,1,0,0,0,0,-1
1725640086.2289286,1,0,0,0,0,-1
1725640086.3289287,1,0,0,0,0,-1
1725640086.4289286,1,0,0,0,0,-1
1725640086.5289288,1,0,0,0,0,-1
1725640086.6289287,1,0,0,0,0,-1
1725640086.7289286,1,0,0,0,0,-1
1725640086.8289287,1,0,0,0,0,-1
1725640086.9289286,1,0,0,0,0,-1
1725640087.0289288,1,0,0,0,0,-1
1725640087.1289287,1,0,0,0,0,-1
1725640087.2289286,1,0,0,0,0,-1
1725640087.3289287,1,0,0,0,0,-1
1725640087.4289286,1,0,0,0,0,-1
1725640087.5289288,1,0,0,0,0,-1
1725640087.6289287,1,0,0,0,0,-1
1725640087.7289286,1,0,0,0,0,-1
1725640087.8289287,1,0,0,0,0,-1
1725640087.9289286,0,0,0,0,0,-1
1725640088.0289288,1,0,0,0,0,-1
1725640088.1289287,1,0,0,0,0,-1
1725640088.2289286,1,0,0,0,0,-1
1725640088.3289287,1,0,0,0,0,-1
1725640088.4289286,1,0,0,0,0,-1
1725640088.5289288,1,0,0,0,0,-1
1725640088.6289287,1,0,0,0,0,-1
1725640088.7289286,1,0,0,0,0,-1
1725640088.8289287,1,0,0,0,0,-1
1725640088.9289286,1,0,0,0,0,-1
1725640089.0289288,1,0,0,0,0,-1
1725640089.1289287,1,0,0,0,0,-1
1725640089.2289286,1,0,0,0,0,-1
1725640089.3289287,1,0,0,0,0,-1
1725640089.4289286,1,0,0,0,0,-1
1725640089.5289288,1,0,0,0,0,-1
1725640089.6289287,1,0,0,0,0,-1
1725640089.7289286,1,0,0,0,0,-1
1725640089.8289287,1,0,0,0,0,-1
1725640089.9289286,1,0,0,0,0,-1
1725640090.0289288,1,0,0,0,0,-1
1725640090.1289287,1,0,0,0,0,-1
1725640090.2289286,1,0,0,0,0,-1
1725640090.3289287,1,0,0,0,0,-1
1725640090.4289286,1,0,0,0,0,-1
1725640090.5289288,1,0,0,0,0,-1
1725640090.6289287,1,0,0,0,0,-1
1725640090.7289286,1,0,0,0,0,-1
1725640090.8289287,1,0,0,0,0,-1
1725640090.9289286,1,0,0,0,0,-1
1725640091.0289288,1,0,0,0,0,-1
1725640091.1289287,1,0,0,0,0,-1
1725640091.2289286,1,0,0,0,0,-1
1725640091.3289287,1,0,0,0,0,-1
1725640091.4289286,1,0,0,0,0,-1
1725640091.5289288,1,0,0,0,0,-1
1725640091.6289287,1,0,0,0,0,-1
1725640091.7289286,1,0,0,0,0,-1
1725640091.8289287,1,0,0,0,0,-1
1725640091.9289286,1,0,0,0,0,-1
1725640092.0289288,1,0,0,0,0,-1
1725640092.1289287,1,0,0,0,0,-1
1725640092.2289286,1,0,0,0,0,-1
1725640092.3289287,1,0,0,0,0,-1
1725640092.4289286,1,0,0,0,0,-1
1725640092.5289288,1,0,0,0,0,-1
1725640092.6289287,1,0,0,0,0,-1
1725640092.7289286,1,0,0,0,0,-1
1725640092.8289287,1,0,0,0,0,-1
1725640092.9289286,1,0,0,0,0,-1
1725640093.0289288,1,0,0,0,0,-1
1725640093.1289287,1,0,0,0,0,-1
1725640093.2289286,1,0,0,0,0,-1
1725640093.3289287,1,0,0,0,0,-1
1725640093.4289286,1,0,0,0,0,-1
1725640093.5289288,1,0,0,0,0,-1
1725640093.6289287,1,0,0,0,0,-1
1725640093.7289286,1,0,0,0,0,-1
1725640093.8289287,1,0,0,0,0,-1
1725640093.9289286,1,0,0,0,0,-1
1725640094.0289288,1,0,0,0,0,-1
1725640094.1289287,1,0,0,0,0,-1
1725640094.2289286,1,0,0,0,0,-1
1725640094.3289287,0,0,0,0,0,-1
1725640094.4289286,1,0,0,0,0,-1
1725640094.5289288,1,0,0,0,0,-1
1725640094.6289287,1,0,0,0,0,-1
1725640094.7289286,1,0,0,0,0,-1
1725640094.8289287,1,0,0,0,0,-1
1725640094.9289286,1,0,0,0,0,-1
1725640095.0289288,1,0,0,0,0,-1
1725640095.1289287,1,0,0,0,0,-1
1725640095.2289286,1,0,0,0,0,-1
1725640095.3289287,1,0,0,0,0,-1
1725640095.4289286,1,0,0,0,0,-1
1725640095.5289288,1,0,0,0,0,-1
1725640095.6289287,1,0,0,0,0,-1
1725640095.7289286,1,0,0,0,0,-1
1725640095.8289287,1,0,0,0,0,-1
1725640095.9289286,1,0,0,0,0,-1
1725640096.0289288,1,0,0,0,0,-1
1725640096.1289287,1,0,0,0,0,-1
1725640096.2289286,1,0,0,0,0,-1
1725640096.3289287,1,0,0,0,0,-1
1725640096.4289286,1,0,0,0,0,-1
1725640096.5289288,1,0,0,0,0,-1
1725640096.6289287,1,0,0,0,0,-1
1725640096.7289286,1,0,0,0,0,-1
1725640096.8289287,1,0,0,0,0,-1
1725640096.9289286,1,0,0,0,0,-1
1725640097.0289288,1,0,0,0,0,-1
1725640097.1289287,1,0,0,0,0,-1
1725640097.2289286,1,0,0,0,0,-1
1725640097.3289287,1,0,0,0,0,-1
1725640097.4289286,1,0,0,0,0,-1
1725640097.5289288,1,0,0,0,0,-1
1725640097.6289287,1,0,0,0,0,-1
1725640097.7289286,1,0,0,0,0,-1
1725640097.8289287,1,0,0,0,0,-1
1725640097.9289286,1,0,0,0,0,-1
1725640098.0289288,1,0,0,0,0,-1
1725640098.1289287,1,0,0,0,0,-1
1725640098.2289286,1,0,0,0,0,-1
1725640098.3289287,1,0,0,0,0,-1
1725640098.4289286,1,0,0,0,0,-1
1725640098.5289288,1,0,0,0,0,-1
1725640098.6289287,0,0,0,0,0,-1
1725640098.7289286,1,0,0,0,0,-1
1725640098.8289287,1,0,0,0,0,-1
1725640098.9289286,1,0,0,0,0,-1
1725640099.0289288,1,0,0,0,0,-1
1725640099.1289287,1,0,0,0,0,-1
1725640099.2289286,1,0,0,0,0,-1
1725640099.3289287,1,0,0,0,0,-1
1725640099.4289286,1,0,0,0,0,-1
1725640099.5289288,1,0,0,0,0,-1
1725640099.6289287,1,0,0,0,0,-1
1725640099.7289286,1,0,0,0,0,-1
1725640099.8289287,1,0,0,0,0,-1
1725640099.9289286,1,0,0,0,0,-1
1725640100.0289288,1,0,0,0,0,-1
1725640100.1289287,1,0,0,0,0,-1
1725640100.2289286,1,0,0,0,0,-1
1725640100.3289287,1,0,0,0,0,-1
1725640100.4289286,1,0,0,0,0,-1
1725640100.5289288,1,0,0,0,0,-1
1725640100.6289287,1,0,0,0,0,-1
1725640100.7289286,1,0,0,0,0,-1
1725640100.8289287,1,0,0,0,0,-1
1725640100.9289286,1,0,0,0,0,-1
1725640101.0289288,1,0,0,0,0,-1
1725640101.1289287,1,0,0,0,0,-1
1725640101.2289286,1,0,0,0,0,-1
1725640101.3289287,1,0,0,0,0,-1
1725640101.4289286,1,0,0,0,0,-1
1725640101.5289288,1,0,0,0,0,-1
1725640101.6289287,1,0,0,0,0,-1
1725640101.7289286,1,0,0,0,0,-1
1725640101.8289287,1,0,0,0,0,-1
1725640101.9289286,1,0,0,0,0,-1
1725640102.0289288,1,0,0,0,0,-1
1725640102.1289287,1,0,0,0,0,-1
1725640102.2289286,1,0,0,0,0,-1
1725640102.3289287,1,0,0,0,0,-1
1725640102.4289286,1,0,0,0,0,-1
1725640102.5289288,1,0,0,0,0,-1
1725640102.6289287,1,0,0,0,0,-1
1725640102.7289286,1,0,0,0,0,-1
1725640102.8289287,1,0,0,0,0,-1
1725640102.9289286,1,0,0,0,0,-1
1725640103.0289288,1,0,0,0,0,-1
1725640103.1289287,1,0,0,0,0,-1
1725640103.2289286,1,0,0,0,0,-1
1725640103.3289287,1,0,0,0,0,-1
1725640103.4289286,1,0,0,0,0,-1
1725640103.5289288,1,0,0,0,0,-1
1725640103.6289287,1,0,0,0,0,-1
1725640103.7289286,1,0,0,0,0,-1
1725640103.8289287,1,0,0,0,0,-1
1725640103.9289286,1,0,0,0,0,-1
1725640104.0289288,1,0,0,0,0,-1
1725640104.1289287,1,0,0,0,0,-1
1725640104.2289286,1,0,0,0,0,-1
1725640104.3289287,1,0,0,0,0,-1
1725640104.4289286,1,0,0,0,0,-1
1725640104.5289288,1,0,0,0,0,-1
1725640104.6289287,1,0,0,0,0,-1
1725640104.7289286,1,0,0,0,0,-1
1725640104.8289287,1,0,0,0,0,-1
1725640104.9289286,1,0,0,0,0,-1
1725640105.0289288,1,0,0,0,0,-1
1725640105.1289287,1,0,0,0,0,-1
1725640105.2289286,1,0,0,0,0,-1
1725640105.3289287,1,0,0,0,0,-1
1725640105.4289286,1,0,0,0,0,-1
1725640105.5289288,1,0,0,0,0,-1
1725640105.6289287,1,0,0,0,0,-1
1725640105.7289286,1,0,0,0,0,-1
1725640105.8289287,1,0,0,0,0,-1
1725640105.9289286,1,0,0,0,0,-1
1725640106.0289288,1,0,0,0,0,-1
1725640106.1289287,1,0,0,0,0,-1
1725640106.2289286,1,0,0,0,0,-1
1725640106.3289287,1,0,0,0,0,-1
1725640106.4289286,1,0,0,0,0,-1
1725640106.5289288,1,0,0,0,0,-1
1725640106.6289287,1,0,0,0,0,-1
1725640106.7289286,1,0,0,0,0,-1
1725640106.8289287,1,0,0,0,0,-1
1725640106.9289286,1,0,0,0,0,-1
1725640107.0289288,1,0,0,0,0,-1
1725640107.1289287,1,0,0,0,0,-1
1725640107.2289286,1,0,0,0,0,-1
1725640107.3289287,1,0,0,0,0,-1
1725640107.4289286,1,0,0,0,0,-1
1725640107.5289288,1,0,0,0,0,-1
1725640107.6289287,1,0,0,0,0,-1
1725640107.7289286,0,0,0,0,0,-1
1725640107.8289287,0,0,0,0,0,-1
1725640107.9289286,1,0,0,0,0,-1
1725640108.0289288,1,0,0,0,0,-1
1725640108.1289287,1,0,0,0,0,-1
1725640108.2289286,1,0,0,0,0,-1
1725640108.3289287,1,0,0,0,0,-1
1725640108.4289286,1,0,0,0,0,-1
1725640108.5289288,1,0,0,0,0,-1
1725640108.6289287,1,0,0,0,0,-1
1725640108.7289286,1,0,0,0,0,-1
1725640108.8289287,1,0,0,0,0,-1
1725640108.9289286,1,0,0,0,0,-1
1725640109.0289288,1,0,0,0,0,-1
1725640109.1289287,1,0,0,0,0,-1
1725640109.2289286,1,0,0,0,0,-1
1725640109.3289287,0,0,0,0,0,-1
1725640109.4289286,1,0,0,0,0,-1
1725640109.5289288,1,0,0,0,0,-1
1725640109.6289287,1,0,0,0,0,-1
1725640109.7289286,1,0,0,0,0,-1
1725640109.8289287,1,0,0,0,0,-1
1725640109.9289286,1,0,0,0,0,-1
1725640110.0289288,1,0,0,0,0,-1
1725640110.1289287,1,0,0,0,0,-1
1725640110.2289286,1,0,0,0,0,-1
1725640110.3289287,1,0,0,0,0,-1
1725640110.4289286,1,0,0,0,0,-1
1725640110.5289288,1,0,0,0,0,-1
1725640110.6289287,1,0,0,0,0,-1
1725640110.7289286,1,0,0,0,0,-1
1725640110.8289287,1,0,0,0,0,-1
1725640110.9289286,1,0,0,0,0,-1
1725640111.0289288,1,0,0,0,0,-1
1725640111.1289287,1,0,0,0,0,-1
1725640111.2289286,0,0,0,0,0,-1
1725640111.3289287,1,0,0,0,0,-1
1725640111.4289286,1,0,0,0,0,-1
1725640111.5289288,1,0,0,0,0,-1
1725640111.6289287,1,0,0,0,0,-1
1725640111.7289286,1,0,0,0,0,-1
1725640111.8289287,1,0,0,0,0,-1
1725640111.9289286,1,0,0,0,0,-1
1725640112.0289288,1,0,0,0,0,-1
1725640112.1289287,1,0,0,0,0,-1
1725640112.2289286,1,0,0,0,0,-1
1725640112.3289287,1,0,0,0,0,-1
1725640112.4289286,1,0,0,0,0,-1
1725640112.5289288,1,0,0,0,0,-1
1725640112.6289287,1,0,0,0,0,-1
1725640112.7289286,1,0,0,0,0,-1
1725640112.8289287,1,0,0,0,0,-1
1725640112.9289286,1,0,0,0,0,-1
1725640113.0289288,1,0,0,0,0,-1
1725640113.1289287,1,0,0,0,0,-1
1725640113.2289286,1,0,0,0,0,-1
1725640113.3289287,1,0,0,0,0,-1
1725640113.4289286,1,0,0,0,0,-1
1725640113.5289288,1,0,0,0,0,-1
1725640113.6289287,1,0,0,0,0,-1
1725640113.7289286,1,0,0,0,0,-1
1725640113.8289287,1,0,0,0,0,-1
1725640113.9289286,1,0,0,0,0,-1
1725640114.0289288,1,0,0,0,0,-1
1725640114.1289287,1,0,0,0,0,-1
1725640114.2289286,1,0,0,0,0,-1
1725640114.3289287,1,0,0,0,0,-1
1725640114.4289286,1,0,0,0,0,-1
1725640114.5289288,1,0,0,0,0,-1
1725640114.6289287,1,0,0,0,0,-1
1725640114.7289286,1,0,0,0,0,-1
1725640114.8289287,1,0,0,0,0,-1
1725640114.9289286,1,0,0,0,0,-1
1725640115.0289288,1,0,0,0,0,-1
1725640115.1289287,1,0,0,0,0,-1
1725640115.2289286,1,0,0,0,0,-1
1725640115.3289287,1,0,0,0,0,-1
1725640115.4289286,1,0,0,0,0,-1
1725640115.5289288,1,0,0,0,0,-1
1725640115.6289287,1,0,0,0,0,-1
1725640115.7289286,1,0,0,0,0,-1
1725640115.8289287,1,0,0,0,0,-1
1725640115.9289286,1,0,0,0,0,-1
1725640116.0289288,1,0,0,0,0,-1
1725640116.1289287,1,0,0,0,0,-1
1725640116.2289286,1,0,0,0,0,-1
1725640116.3289287,1,0,0,0,0,-1
1725640116.4289286,1,0,0,0,0,-1
1725640116.5289288,1,0,0,0,0,-1
1725640116.6289287,1,0,0,0,0,-1
1725640116.7289286,1,0,0,0,0,-1
1725640116.8289287,1,0,0,0,0,-1
1725640116.9289286,1,0,0,0,0,-1
1725640117.0289288,1,0,0,0,0,-1
1725640117.1289287,1,0,0,0,0,-1
1725640117.2289286,1,0,0,0,0,-1
1725640117.3289287,1,0,0,0,0,-1
1725640117.4289286,1,0,0,0,0,-1
1725640117.5289288,1,0,0,0,0,-1
1725640117.6289287,1,0,0,0,0,-1
1725640117.7289286,1,0,0,0,0,-1
1725640117.8289287,0,0,0,0,0,-1
1725640117.9289286,1,0,0,0,0,-1
1725640118.0289288,1,0,0,0,0,-1
1725640118.1289287,1,0,0,0,0,-1
1725640118.2289286,1,0,0,0,0,-1
1725640118.3289287,1,0,0,0,0,-1
1725640118.4289286,1,0,0,0,0,-1
1725640118.5289288,1,0,0,0,0,-1
1725640118.6289287,1,0,0,0,0,-1
1725640118.7289286,1,0,0,0,0,-1
1725640118.8289287,1,0,0,0,0,-1
1725640118.9289286,1,0,0,0,0,-1
1725640119.0289288,1,0,0,0,0,-1
1725640119.1289287,1,0,0,0,0,-1
1725640119.2289286,1,0,0,0,0,-1
1725640119.3289287,1,0,0,0,0,-1
1725640119.4289286,1,0,0,0,0,-1
1725640119.5289288,1,0,0,0,0,-1
1725640119.6289287,1,0,0,0,0,-1
1725640119.7289286,1,0,0,0,0,-1
1725640119.8289287,1,0,0,0,0,-1
1725640119.9289286,1,0,0,0,0,-1
1725640120.0289288,1,0,0,0,0,-1
1725640120.1289287,1,0,0,0,0,-1
1725640120.2289286,1,0,0,0,0,-1
1725640120.3289287,1,0,0,0,0,-1
1725640120.4289286,1,0,0,0,0,-1
1725640120.5289288,1,0,0,0,0,-1
1725640120.6289287,1,0,0,0,0,-1
1725640120.7289286,1,0,0,0,0,-1
1725640120.8289287,1,0,0,0,0,-1
1725640120.9289286,1,0,0,0,0,-1
1725640121.0289288,0,0,0,0,0,-1
1725640121.1289287,1,0,0,0,0,-1
1725640121.2289286,1,0,0,0,0,-1
1725640121.3289287,1,0,0,0,0,-1
1725640121.4289286,1,0,0,0,0,-1
1725640121.5289288,1,0,0,0,0,-1
1725640121.6289287,1,0,0,0,0,-1
1725640121.7289286,1,0,0,0,0,-1
1725640121.8289287,1,0,0,0,0,-1
1725640121.9289286,1,0,0,0,0,-1
1725640122.0289288,1,0,0,0,0,-1
1725640122.1289287,1,0,0,0,0,-1
1725640122.2289286,1,0,0,0,0,-1
1725640122.3289287,1,0,0,0,0,-1
1725640122.4289286,1,0,0,0,0,-1
1725640122.5289288,1,0,0,0,0,-1
1725640122.6289287,1,0,0,0,0,-1
1725640122.7289286,1,0,0,0,0,-1
1725640122.8289287,1,0,0,0,0,-1
1725640122.9289286,1,0,0,0,0,-1
1725640123.0289288,1,0,0,0,0,-1
1725640123.1289287,1,0,0,0,0,-1
1725640123.2289286,0,0,0,0,0,-1
1725640123.3289287,1,0,0,0,0,-1
1725640123.4289286,1,0,0,0,0,-1
1725640123.5289288,1,0,0,0,0,-1
1725640123.6289287,1,0,0,0,0,-1
1725640123.7289286,0,0,0,0,0,-1
1725640123.8289287,0,0,0,0,0,-1
1725640123.9289286,1,0,0,0,0,-1
1725640124.0289288,1,0,0,0,0,-1
1725640124.1289287,1,0,0,0,0,-1
1725640124.2289286,1,0,0,0,0,-1
1725640124.3289287,1,0,0,0,0,-1
1725640124.4289286,1,0,0,0,0,-1
1725640124.5289288,1,0,0,0,0,-1
1725640124.6289287,1,0,0,0,0,-1
1725640124.7289286,1,0,0,0,0,-1
1725640124.8289287,1,0,0,0,0,-1
1725640124.9289286,1,0,0,0,0,-1
1725640125.0289288,1,0,0,0,0,-1
1725640125.1289287,1,0,0,0,0,-1
1725640125.2289286,1,0,0,0,0,-1
1725640125.3289287,1,0,0,0,0,-1
1725640125.4289286,1,0,0,0,0,-1
1725640125.5289288,1,0,0,0,0,-1
1725640125.6289287,1,0,0,0,0,-1
1725640125.7289286,1,0,0,0,0,-1
1725640125.8289287,1,0,0,0,0,-1
1725640125.9289286,1,0,0,0,0,-1
1725640126.0289288,1,0,0,0,0,-1
1725640126.1289287,1,0,0,0,0,-1
1725640126.2289286,1,0,0,0,0,-1
1725640126.3289287,1,0,0,0,0,-1
1725640126.4289286,1,0,0,0,0,-1
1725640126.5289288,1,0,0,0,0,-1
1725640126.6289287,1,0,0,0,0,-1
1725640126.7289286,1,0,0,0,0,-1
1725640126.8289287,1,0,0,0,0,-1
1725640126.9289286,1,0,0,0,0,-1
1725640127.0289288,1,0,0,0,0,-1
1725640127.1289287,1,0,0,0,0,-1
1725640127.2289286,1,0,0,0,0,-1
1725640127.3289287,1,0,0,0,0,-1
1725640127.4289286,1,0,0,0,0,-1
1725640127.5289288,1,0,0,0,0,-1
1725640127.6289287,1,0,0,0,0,-1
1725640127.7289286,1,0,0,0,0,-1
1725640127.8289287,1,0,0,0,0,-1
1725640127.9289286,1,0,0,0,0,-1
1725640128.0289288,1,0,0,0,0,-1
1725640128.1289287,1,0,0,0,0,-1
1725640128.2289286,1,0,0,0,0,-1
1725640128.3289287,1,0,0,0,0,-1
1725640128.4289286,1,0,0,0,0,-1
1725640128.5289288,1,0,0,0,0,-1
1725640128.6289287,0,0,0,0,0,-1
1725640128.7289286,1,0,0,0,0,-1
1725640128.8289287,1,0,0,0,0,-1
1725640128.9289286,1,0,0,0,0,-1
1725640129.0289288,1,0,0,0,0,-1
1725640129.1289287,1,0,0,0,0,-1
1725640129.2289286,1,0,0,0,0,-1
1725640129.3289287,1,0,0,0,0,-1
1725640129.4289286,1,0,0,0,0,-1
1725640129.5289288,1,0,0,0,0,-1
1725640129.6289287,1,0,0,0,0,-1
1725640129.7289286,1,0,0,0,0,-1
1725640129.8289287,1,0,0,0,0,-1
1725640129.9289286,1,0,0,0,0,-1
1725640130.0289288,1,0,0,0,0,-1
1725640130.1289287,1,0,0,0,0,-1
1725640130.2289286,1,0,0,0,0,-1
1725640130.3289287,1,0,0,0,0,-1
1725640130.4289286,1,0,0,0,0,-1
1725640130.5289288,1,0,0,0,0,-1
1725640130.6289287,1,0,0,0,0,-1
1725640130.7289286,1,0,0,0,0,-1
1725640130.8289287,1,0,0,0,0,-1
1725640130.9289286,0,0,0,0,0,-1
1725640131.0289288,1,0,0,0,0,-1
1725640131.1289287,1,0,0,0,0,-1
1725640131.2289286,1,0,0,0,0,-1
1725640131.3289287,1,0,0,0,0,-1
1725640131.4289286,1,0,0,0,0,-1
1725640131.5289288,1,0,0,0,0,-1
1725640131.6289287,1,0,0,0,0,-1
1725640131.7289286,1,0,0,0,0,-1
1725640131.8289287,1,0,0,0,0,-1
1725640131.9289286,1,0,0,0,0,-1
1725640132.0289288,1,0,0,0,0,-1
1725640132.1289287,1,0,0,0,0,-1
1725640132.2289286,1,0,0,0,0,-1
1725640132.3289287,1,0,0,0,0,-1
1725640132.4289286,1,0,0,0,0,-1
1725640132.5289288,1,0,0,0,0,-1
1725640132.6289287,1,0,0,0,0,-1
1725640132.7289286,1,0,0,0,0,-1
1725640132.8289287,1,0,0,0,0,-1
1725640132.9289286,1,0,0,0,0,-1
1725640133.0289288,1,0,0,0,0,-1
1725640133.1289287,1,0,0,0,0,-1
1725640133.2289286,1,0,0,0,0,-1
1725640133.3289287,1,0,0,0,0,-1
1725640133.4289286,1,0,0,0,0,-1
1725640133.5289288,1,0,0,0,0,-1
1725640133.6289287,1,0,0,0,0,-1
1725640133.7289286,1,0,0,0,0,-1
1725640133.8289287,1,0,0,0,0,-1
1725640133.9289286,1,0,0,0,0,-1
1725640134.0289288,1,0,0,0,0,-1
1725640134.1289287,1,0,0,0,0,-1
1725640134.2289286,1,0,0,0,0,-1
1725640134.3289287,1,0,0,0,0,-1
1725640134.4289286,1,0,0,0,0,-1
1725640134.5289288,1,0,0,0,0,-1
1725640134.6289287,1,0,0,0,0,-1
1725640134.7289286,1,0,0,0,0,-1
1725640134.8289287,1,0,0,0,0,-1
1725640134.9289286,1,0,0,0,0,-1
1725640135.0289288,1,0,0,0,0,-1
1725640135.1289287,1,0,0,0,0,-1
1725640135.2289286,0,0,0,0,0,-1
1725640135.3289287,0,0,0,0,0,-1
1725640135.4289286,1,0,0,0,0,-1
1725640135.5289288,1,0,0,0,0,-1
1725640135.6289287,1,0,0,0,0,-1
1725640135.7289286,1,0,0,0,0,-1
1725640135.8289287,1,0,0,0,0,-1
1725640135.9289286,1,0,0,0,0,-1
1725640136.0289288,1,0,0,0,0,-1
1725640136.1289287,1,0,0,0,0,-1
1725640136.2289286,1,0,0,0,0,-1
1725640136.3289287,1,0,0,0,0,-1
1725640136.4289286,1,0,0,0,0,-1
1725640136.5289288,1,0,0,0,0,-1
1725640136.6289287,1,0,0,0,0,-1
1725640136.7289286,1,0,0,0,0,-1
1725640136.8289287,1,0,0,0,0,-1
1725640136.9289286,1,0,0,0,0,-1
1725640137.0289288,1,0,0,0,0,-1
1725640137.1289287,1,0,0,0,0,-1
1725640137.2289286,1,0,0,0,0,-1
1725640137.3289287,1,0,0,0,0,-1
1725640137.4289286,1,0,0,0,0,-1
1725640137.5289288,1,0,0,0,0,-1
1725640137.6289287,1,0,0,0,0,-1
1725640137.7289286,1,0,0,0,0,-1
1725640137.8289287,1,0,0,0,0,-1
1725640137.9289286,1,0,0,0,0,-1
1725640138.0289288,1,0,0,0,0,-1
1725640138.1289287,1,0,0,0,0,-1
1725640138.2289286,1,0,0,0,0,-1
1725640138.3289287,1,0,0,0,0,-1
1725640138.4289286,1,0,0,0,0,-1
1725640138.5289288,1,0,0,0,0,-1
1725640138.6289287,1,0,0,0,0,-1
1725640138.7289286,1,0,0,0,0,-1
1725640138.8289287,1,0,0,0,0,-1
1725640138.9289286,1,0,0,0,0,-1
1725640139.0289288,1,0,0,0,0,-1
1725640139.1289287,1,0,0,0,0,-1
1725640139.2289286,1,0,0,0,0,-1
1725640139.3289287,1,0,0,0,0,-1
1725640139.4289286,1,0,0,0,0,-1
1725640139.5289288,1,0,0,0,0,-1
1725640139.6289287,1,0,0,0,0,-1
1725640139.7289286,1,0,0,0,0,-1
1725640139.8289287,1,0,0,0,0,-1
1725640139.9289286,1,0,0,0,0,-1
1725640140.0289288,1,0,0,0,0,-1
1725640140.1289287,1,0,0,0,0,-1
1725640140.2289286,1,0,0,0,0,-1
1725640140.3289287,1,0,0,0,0,-1
1725640140.4289286,1,0,0,0,0,-1
1725640140.5289288,1,0,0,0,0,-1
1725640140.6289287,1,0,0,0,0,-1
1725640140.7289286,1,0,0,0,0,-1
1725640140.8289287,1,0,0,0,0,-1
1725640140.9289286,1,0,0,0,0,-1
1725640141.0289288,1,0,0,0,0,-1
1725640141.1289287,1,0,0,0,0,-1
1725640141.2289286,1,0,0,0,0,-1
1725640141.3289287,1,0,0,0,0,-1
1725640141.4289286,1,0,0,0,0,-1
1725640141.5289288,1,0,0,0,0,-1
1725640141.6289287,1,0,0,0,0,-1
1725640141.7289286,1,0,0,0,0,-1
1725640141.8289287,1,0,0,0,0,-1
1725640141.9289286,1,0,0,0,0,-1
1725640142.0289288,1,0,0,0,0,-1
1725640142.1289287,1,0,0,0,0,-1
1725640142.2289286,1,0,0,0,0,-1
1725640142.3289287,1,0,0,0,0,-1
1725640142.4289286,1,0,0,0,0,-1
1725640142.5289288,1,0,0,0,0,-1
1725640142.6289287,1,0,0,0,0,-1
1725640142.7289286,1,0,0,0,0,-1
1725640142.8289287,1,0,0,0,0,-1
1725640142.9289286,1,0,0,0,0,-1
1725640143.0289288,1,0,0,0,0,-1
1725640143.1289287,1,0,0,0,0,-1
1725640143.2289286,1,0,0,0,0,-1
1725640143.3289287,1,0,0,0,0,-1
1725640143.4289286,1,0,0,0,0,-1
1725640143.5289288,1,0,0,0,0,-1
1725640143.6289287,1,0,0,0,0,-1
1725640143.7289286,1,0,0,0,0,-1
1725640143.8289287,1,0,0,0,0,-1
1725640143.9289286,1,0,0,0,0,-1
1725640144.0289288,1,0,0,0,0,-1
1725640144.1289287,1,0,0,0,0,-1
1725640144.2289286,1,0,0,0,0,-1
1725640144.3289287,1,0,0,0,0,-1
1725640144.4289286,1,0,0,0,0,-1
1725640144.5289288,1,0,0,0,0,-1
1725640144.6289287,1,0,0,0,0,-1
1725640144.7289286,1,0,0,0,0,-1
1725640144.8289287,1,0,0,0,0,-1
1725640144.9289286,1,0,0,0,0,-1
1725640145.0289288,1,0,0,0,0,-1
1725640145.1289287,1,0,0,0,0,-1
1725640145.2289286,1,0,0,0,0,-1
1725640145.3289287,1,0,0,0,0,-1
1725640145.4289286,1,0,0,0,0,-1
1725640145.5289288,1,0,0,0,0,-1
1725640145.6289287,1,0,0,0,0,-1
1725640145.7289286,1,0,0,0,0,-1
1725640145.8289287,1,0,0,0,0,-1
1725640145.9289286,1,0,0,0,0,-1
1725640146.0289288,1,0,0,0,0,-1
1725640146.1289287,1,0,0,0,0,-1
1725640146.2289286,1,0,0,0,0,-1
1725640146.3289287,1,0,0,0,0,-1
1725640146.4289286,1,0,0,0,0,-1
1725640146.5289288,1,0,0,0,0,-1
1725640146.6289287,1,0,0,0,0,-1
1725640146.7289286,1,0,0,0,0,-1
1725640146.8289287,1,0,0,0,0,-1
1725640146.9289286,1,0,0,0,0,-1
1725640147.0289288,1,0,0,0,0,-1
1725640147.1289287,1,0,0,0,0,-1
1725640147.2289286,1,0,0,0,0,-1
1725640147.3289287,1,0,0,0,0,-1
1725640147.4289286,1,0,0,0,0,-1
1725640147.5289288,1,0,0,0,0,-1
1725640147.6289287,1,0,0,0,0,-1
1725640147.7289286,1,0,0,0,0,-1
1725640147.8289287,1,0,0,0,0,-1
1725640147.9289286,1,0,0,0,0,-1
1725640148.0289288,1,0,0,0,0,-1
1725640148.1289287,1,0,0,0,0,-1
1725640148.2289286,1,0,0,0,0,-1
1725640148.3289287,1,0,0,0,0,-1
1725640148.4289286,1,0,0,0,0,-1
1725640148.5289288,1,0,0,0,0,-1
1725640148.6289287,1,0,0,0,0,-1
1725640148.7289286,1,0,0,0,0,-1
1725640148.8289287,1,0,0,0,0,-1
1725640148.9289286,1,0,0,0,0,-1
1725640149.0289288,1,0,0,0,0,-1
1725640149.1289287,1,0,0,0,0,-1
1725640149.2289286,0,0,0,0,0,-1
1725640149.3289287,1,0,0,0,0,-1
1725640149.4289286,1,0,0,0,0,-1
1725640149.5289288,1,0,0,0,0,-1
1725640149.6289287,1,0,0,0,0,-1
1725640149.7289286,1,0,0,0,0,-1
1725640149.8289287,1,0,0,0,0,-1
1725640149.9289286,1,0,0,0,0,-1
1725640150.0289288,1,0,0,0,0,-1
1725640150.1289287,1,0,0,0,0,-1
1725640150.2289286,1,0,0,0,0,-1
1725640150.3289287,1,0,0,0,0,-1
1725640150.4289286,1,0,0,0,0,-1
1725640150.5289288,1,0,0,0,0,-1
1725640150.6289287,1,0,0,0,0,-1
1725640150.7289286,1,0,0,0,0,-1
1725640150.8289287,1,0,0,0,0,-1
1725640150.9289286,1,0,0,0,0,-1
1725640151.0289288,1,0,0,0,0,-1
1725640151.1289287,1,0,0,0,0,-1
1725640151.2289286,1,0,0,0,0,-1
1725640151.3289287,1,0,0,0,0,-1
1725640151.4289286,1,0,0,0,0,-1
1725640151.5289288,1,0,0,0,0,-1
1725640151.6289287,1,0,0,0,0,-1
1725640151.7289286,1,0,0,0,0,-1
1725640151.8289287,1,0,0,0,0,-1
1725640151.9289286,1,0,0,0,0,-1
1725640152.0289288,1,0,0,0,0,-1
1725640152.1289287,1,0,0,0,0,-1
1725640152.2289286,1,0,0,0,0,-1
1725640152.3289287,1,0,0,0,0,-1
1725640152.4289286,1,0,0,0,0,-1
1725640152.5289288,1,0,0,0,0,-1
1725640152.6289287,1,0,0,0,0,-1
1725640152.7289286,1,0,0,0,0,-1
1725640152.8289287,1,0,0,0,0,-1
1725640152.9289286,1,0,0,0,0,-1
1725640153.0289288,1,0,0,0,0,-1
1725640153.1289287,1,0,0,0,0,-1
1725640153.2289286,1,0,0,0,0,-1
1725640153.3289287,1,0,0,0,0,-1
1725640153.4289286,1,0,0,0,0,-1
1725640153.5289288,0,0,0,0,0,-1
1725640153.6289287,1,0,0,0,0,-1
1725640153.7289286,1,0,0,0,0,-1
1725640153.8289287,1,0,0,0,0,-1
1725640153.9289286,1,0,0,0,0,-1
1725640154.0289288,1,0,0,0,0,-1
1725640154.1289287,1,0,0,0,0,-1
1725640154.2289286,1,0,0,0,0,-1
1725640154.3289287,1,0,0,0,0,-1
1725640154.4289286,1,0,0,0,0,-1
1725640154.5289288,1,0,0,0,0,-1
1725640154.6289287,1,0,0,0,0,-1
1725640154.7289286,1,0,0,0,0,-1
1725640154.8289287,1,0,0,0,0,-1
1725640154.9289286,1,0,0,0,0,-1
1725640155.0289288,1,0,0,0,0,-1
1725640155.1289287,1,0,0,0,0,-1
1725640155.2289286,1,0,0,0,0,-1
1725640155.3289287,1,0,0,0,0,-1
1725640155.4289286,1,0,0,0,0,-1
1725640155.5289288,1,0,0,0,0,-1
1725640155.6289287,0,0,0,0,0,-1
1725640155.7289286,0,0,0,0,0,-1
1725640155.8289287,1,0,0,0,0,-1
1725640155.9289286,1,0,0,0,0,-1
1725640156.0289288,1,0,0,0,0,-1
1725640156.1289287,1,0,0,0,0,-1
1725640156.2289286,1,0,0,0,0,-1
1725640156.3289287,1,0,0,0,0,-1
1725640156.4289286,1,0,0,0,0,-1
1725640156.5289288,1,0,0,0,0,-1
1725640156.6289287,1,0,0,0,0,-1
1725640156.7289286,1,0,0,0,0,-1
1725640156.8289287,1,0,0,0,0,-1
1725640156.9289286,1,0,0,0,0,-1
1725640157.0289288,1,0,0,0,0,-1
1725640157.1289287,1,0,0,0,0,-1
1725640157.2289286,1,0,0,0,0,-1
1725640157.3289287,1,0,0,0,0,-1
1725640157.4289286,1,0,0,0,0,-1
1725640157.5289288,1,0,0,0,0,-1
1725640157.6289287,1,0,0,0,0,-1
1725640157.7289286,1,0,0,0,0,-1
1725640157.8289287,0,0,0,0,0,-1
1725640157.9289286,1,0,0,0,0,-1
1725640158.0289288,1,0,0,0,0,-1
1725640158.1289287,1,0,0,0,0,-1
1725640158.2289286,1,0,0,0,0,-1
1725640158.3289287,0,0,0,0,0,-1
1725640158.4289286,0,0,0,0,0,-1
1725640158.5289288,1,0,0,0,0,-1
1725640158.6289287,1,0,0,0,0,-1
1725640158.7289286,1,0,0,0,0,-1
1725640158.8289287,1,0,0,0,0,-1
1725640158.9289286,1,0,0,0,0,-1
1725640159.0289288,1,0,0,0,0,-1
1725640159.1289287,1,0,0,0,0,-1
1725640159.2289286,1,0,0,0,0,-1
1725640159.3289287,1,0,0,0,0,-1
1725640159.4289286,1,0,0,0,0,-1
1725640159.5289288,1,0,0,0,0,-1
1725640159.6289287,1,0,0,0,0,-1
1725640159.7289286,1,0,0,0,0,-1
1725640159.8289287,1,0,0,0,0,-1
1725640159.9289286,0,0,0,0,0,-1
1725640160.0289288,1,0,0,0,0,-1
1725640160.1289287,1,0,0,0,0,-1
1725640160.2289286,1,0,0,0,0,-1
1725640160.3289287,1,0,0,0,0,-1
1725640160.4289286,1,0,0,0,0,-1
1725640160.5289288,1,0,0,0,0,-1
1725640160.6289287,1,0,0,0,0,-1
1725640160.7289286,1,0,0,0,0,-1
1725640160.8289287,1,0,0,0,0,-1
1725640160.9289286,1,0,0,0,0,-1
1725640161.0289288,1,0,0,0,0,-1
1725640161.1289287,1,0,0,0,0,-1
1725640161.2289286,1,0,0,0,0,-1
1725640161.3289287,1,0,0,0,0,-1
1725640161.4289286,1,0,0,0,0,-1
1725640161.5289288,1,0,0,0,0,-1
1725640161.6289287,1,0,0,0,0,-1
1725640161.7289286,1,0,0,0,0,-1
1725640161.8289287,1,0,0,0,0,-1
1725640161.9289286,1,0,0,0,0,-1
1725640162.0289288,1,0,0,0,0,-1
1725640162.1289287,1,0,0,0,0,-1
1725640162.2289286,1,0,0,0,0,-1
1725640162.3289287,1,0,0,0,0,-1
1725640162.4289286,1,0,0,0,0,-1
1725640162.5289288,1,0,0,0,0,-1
1725640162.6289287,1,0,0,0,0,-1
1725640162.7289286,1,0,0,0,0,-1
1725640162.8289287,1,0,0,0,0,-1
1725640162.9289286,1,0,0,0,0,-1
1725640163.0289288,1,0,0,0,0,-1
1725640163.1289287,1,0,0,0,0,-1
1725640163.2289286,1,0,0,0,0,-1
1725640163.3289287,1,0,0,0,0,-1
1725640163.4289286,1,0,0,0,0,-1
1725640163.5289288,1,0,0,0,0,-1
1725640163.6289287,1,0,0,0,0,-1
1725640163.7289286,1,0,0,0,0,-1
1725640163.8289287,1,0,0,0,0,-1
1725640163.9289286,1,0,0,0,0,-1
1725640164.0289288,1,0,0,0,0,-1
1725640164.1289287,1,0,0,0,0,-1
1725640164.2289286,1,0,0,0,0,-1
1725640164.3289287,1,0,0,0,0,-1
1725640164.4289286,1,0,0,0,0,-1
1725640164.5289288,1,0,0,0,0,-1
1725640164.6289287,1,0,0,0,0,-1
1725640164.7289286,1,0,0,0,0,-1
1725640164.8289287,1,0,0,0,0,-1
1725640164.9289286,1,0,0,0,0,-1
1725640165.0289288,1,0,0,0,0,-1
1725640165.1289287,1,0,0,0,0,-1
1725640165.2289286,1,0,0,0,0,-1
1725640165.3289287,1,0,0,0,0,-1
1725640165.4289286,1,0,0,0,0,-1
1725640165.5289288,1,0,0,0,0,-1
1725640165.6289287,1,0,0,0,0,-1
1725640165.7289286,1,0,0,0,0,-1
1725640165.8289287,1,0,0,0,0,-1
1725640165.9289286,1,0,0,0,0,-1
1725640166.0289288,1,0,0,0,0,-1
1725640166.1289287,1,0,0,0,0,-1
1725640166.2289286,1,0,0,0,0,-1
1725640166.3289287,1,0,0,0,0,-1
1725640166.4289286,1,0,0,0,0,-1
1725640166.5289288,1,0,0,0,0,-1
1725640166.6289287,1,0,0,0,0,-1
1725640166.7289286,1,0,0,0,0,-1
1725640166.8289287,1,0,0,0,0,-1
1725640166.9289286,1,0,0,0,0,-1
1725640167.0289288,1,0,0,0,0,-1
1725640167.1289287,1,0,0,0,0,-1
1725640167.2289286,1,0,0,0,0,-1
1725640167.3289287,1,0,0,0,0,-1
1725640167.4289286,1,0,0,0,0,-1
1725640167.5289288,1,0,0,0,0,-1
1725640167.6289287,1,0,0,0,0,-1
1725640167.7289286,1,0,0,0,0,-1
1725640167.8289287,1,0,0,0,0,-1
1725640167.9289286,1,0,0,0,0,-1
1725640168.0289288,1,0,0,0,0,-1
1725640168.1289287,1,0,0,0,0,-1
1725640168.2289286,1,0,0,0,0,-1
1725640168.3289287,1,0,0,0,0,-1
1725640168.4289286,1,0,0,0,0,-1
1725640168.5289288,1,0,0,0,0,-1
1725640168.6289287,1,0,0,0,0,-1
1725640168.7289286,1,0,0,0,0,-1
1725640168.8289287,1,0,0,0,0,-1
1725640168.9289286,1,0,0,0,0,-1
1725640169.0289288,1,0,0,0,0,-1
1725640169.1289287,1,0,0,0,0,-1
1725640169.2289286,1,0,0,0,0,-1
1725640169.3289287,1,0,0,0,0,-1
1725640169.4289286,1,0,0,0,0,-1
1725640169.5289288,1,0,0,0,0,-1
1725640169.6289287,1,0,0,0,0,-1
1725640169.7289286,1,0,0,0,0,-1
1725640169.8289287,1,0,0,0,0,-1
1725640169.9289286,1,0,0,0,0,-1
1725640170.0289288,1,0,0,0,0,-1
1725640170.1289287,1,0,0,0,0,-1
1725640170.2289286,1,0,0,0,0,-1
1725640170.3289287,1,0,0,0,0,-1
1725640170.4289286,1,0,0,0,0,-1
1725640170.5289288,1,0,0,0,0,-1
1725640170.6289287,1,0,0,0,0,-1
1725640170.7289286,1,0,0,0,0,-1
1725640170.8289287,1,0,0,0,0,-1
1725640170.9289286,1,0,0,0,0,-1
1725640171.0289288,1,0,0,0,0,-1
1725640171.1289287,1,0,0,0,0,-1
1725640171.2289286,1,0,0,0,0,-1
1725640171.3289287,1,0,0,0,0,-1
1725640171.4289286,1,0,0,0,0,-1
1725640171.5289288,1,0,0,0,0,-1
1725640171.6289287,1,0,0,0,0,-1
1725640171.7289286,1,0,0,0,0,-1
1725640171.8289287,1,0,0,0,0,-1
1725640171.9289286,1,0,0,0,0,-1
1725640172.0289288,1,0,0,0,0,-1
1725640172.1289287,1,0,0,0,0,-1
1725640172.2289286,1,0,0,0,0,-1
1725640172.3289287,1,0,0,0,0,-1
1725640172.4289286,1,0,0,0,0,-1
1725640172.5289288,1,0,0,0,0,-1
1725640172.6289287,1,0,0,0,0,-1
1725640172.7289286,1,0,0,0,0,-1
1725640172.8289287,0,0,0,0,0,-1
1725640172.9289286,0,0,0,0,0,-1
1725640173.0289288,1,0,0,0,0,-1
1725640173.1289287,1,0,0,0,0,-1
1725640173.2289286,1,0,0,0,0,-1
1725640173.3289287,1,0,0,0,0,-1
1725640173.4289286,1,0,0,0,0,-1
1725640173.5289288,1,0,0,0,0,-1
1725640173.6289287,1,0,0,0,0,-1
1725640173.7289286,1,0,0,0,0,-1
1725640173.8289287,1,0,0,0,0,-1
1725640173.9289286,1,0,0,0,0,-1
1725640174.0289288,1,0,0,0,0,-1
1725640174.1289287,1,0,0,0,0,-1
1725640174.2289286,1,0,0,0,0,-1
1725640174.3289287,1,0,0,0,0,-1
1725640174.4289286,1,0,0,0,0,-1
1725640174.5289288,1,0,0,0,0,-1
1725640174.6289287,1,0,0,0,0,-1
1725640174.7289286,1,0,0,0,0,-1
1725640174.8289287,1,0,0,0,0,-1
1725640174.9289286,1,0,0,0,0,-1
1725640175.0289288,0,0,0,0,0,-1
1725640175.1289287,1,0,0,0,0,-1
1725640175.2289286,1,0,0,0,0,-1
1725640175.3289287,1,0,0,0,0,-1
1725640175.4289286,1,0,0,0,0,-1
1725640175.5289288,1,0,0,0,0,-1
1725640175.6289287,1,0,0,0,0,-1
1725640175.7289286,1,0,0,0,0,-1
1725640175.8289287,1,0,0,0,0,-1
1725640175.9289286,1,0,0,0,0,-1
1725640176.0289288,1,0,0,0,0,-1
1725640176.1289287,1,0,0,0,0,-1
1725640176.2289286,1,0,0,0,0,-1
1725640176.3289287,1,0,0,0,0,-1
1725640176.4289286,1,0,0,0,0,-1
1725640176.5289288,1,0,0,0,0,-1
1725640176.6289287,1,0,0,0,0,-1
1725640176.7289286,1,0,0,0,0,-1
1725640176.8289287,1,0,0,0,0,-1
1725640176.9289286,1,0,0,0,0,-1
1725640177.0289288,1,0,0,0,0,-1
1725640177.1289287,1,0,0,0,0,-1
1725640177.2289286,1,0,0,0,0,-1
1725640177.3289287,1,0,0,0,0,-1
1725640177.4289286,1,0,0,0,0,-1
1725640177.5289288,1,0,0,0,0,-1
1725640177.6289287,1,0,0,0,0,-1
1725640177.7289286,1,0,0,0,0,-1
1725640177.8289287,1,0,0,0,0,-1
1725640177.9289286,1,0,0,0,0,-1
1725640178.0289288,1,0,0,0,0,-1
1725640178.1289287,1,0,0,0,0,-1
1725640178.2289286,1,0,0,0,0,-1
1725640178.3289287,1,0,0,0,0,-1
1725640178.4289286,1,0,0,0,0,-1
1725640178.5289288,1,0,0,0,0,-1
1725640178.6289287,1,0,0,0,0,-1
1725640178.7289286,1,0,0,0,0,-1
1725640178.8289287,1,0,0,0,0,-1
1725640178.9289286,1,0,0,0,0,-1
1725640179.0289288,1,0,0,0,0,-1
1725640179.1289287,1,0,0,0,0,-1
1725640179.2289286,1,0,0,0,0,-1
1725640179.3289287,1,0,0,0,0,-1
1725640179.4289286,1,0,0,0,0,-1
1725640179.5289288,1,0,0,0,0,-1
1725640179.6289287,1,0,0,0,0,-1
1725640179.7289286,1,0,0,0,0,-1
1725640179.8289287,1,0,0,0,0,-1
1725640179.9289286,1,0,0,0,0,-1
1725640180.0289288,1,0,0,0,0,-1
1725640180.1289287,1,0,0,0,0,-1
1725640180.2289286,1,0,0,0,0,-1
1725640180.3289287,1,0,0,0,0,-1
1725640180.4289286,1,0,0,0,0,-1
1725640180.5289288,1,0,0,0,0,-1
1725640180.6289287,1,0,0,0,0,-1
1725640180.7289286,1,0,0,0,0,-1
1725640180.8289287,1,0,0,0,0,-1
1725640180.9289286,1,0,0,0,0,-1
1725640181.0289288,1,0,0,0,0,-1
1725640181.1289287,1,0,0,0,0,-1
1725640181.2289286,1,0,0,0,0,-1
1725640181.3289287,1,0,0,0,0,-1
1725640181.4289286,1,0,0,0,0,-1
1725640181.5289288,1,0,0,0,0,-1
1725640181.6289287,1,0,0,0,0,-1
1725640181.7289286,1,0,0,0,0,-1
1725640181.8289287,1,0,0,0,0,-1
1725640181.9289286,1,0,0,0,0,-1
1725640182.0289288,1,0,0,0,0,-1
1725640182.1289287,1,0,0,0,0,-1
1725640182.2289286,1,0,0,0,0,-1
1725640182.3289287,1,0,0,0,0,-1
1725640182.4289286,1,0,0,0,0,-1
1725640182.5289288,0,0,0,0,0,-1
1725640182.6289287,1,0,0,0,0,-1
1725640182.7289286,1,0,0,0,0,-1
1725640182.8289287,1,0,0,0,0,-1
1725640182.9289286,1,0,0,0,0,-1
1725640183.0289288,1,0,0,0,0,-1
1725640183.1289287,1,0,0,0,0,-1
1725640183.2289286,1,0,0,0,0,-1
1725640183.3289287,1,0,0,0,0,-1
1725640183.4289286,1,0,0,0,0,-1
1725640183.5289288,1,0,0,0,0,-1
1725640183.6289287,1,0,0,0,0,-1
1725640183.7289286,1,0,0,0,0,-1
1725640183.8289287,1,0,0,0,0,-1
1725640183.9289286,1,0,0,0,0,-1
1725640184.0289288,1,0,0,0,0,-1
1725640184.1289287,1,0,0,0,0,-1
1725640184.2289286,1,0,0,0,0,-1
1725640184.3289287,1,0,0,0,0,-1
1725640184.4289286,1,0,0,0,0,-1
1725640184.5289288,1,0,0,0,0,-1
1725640184.6289287,1,0,0,0,0,-1
1725640184.7289286,1,0,0,0,0,-1
1725640184.8289287,1,0,0,0,0,-1
1725640184.9289286,1,0,0,0,0,-1
1725640185.0289288,1,0,0,0,0,-1
1725640185.1289287,1,0,0,0,0,-1
1725640185.2289286,1,0,0,0,0,-1
1725640185.3289287,1,0,0,0,0,-1
1725640185.4289286,1,0,0,0,0,-1
1725640185.5289288,1,0,0,0,0,-1
1725640185.6289287,1,0,0,0,0,-1
1725640185.7289286,0,0,0,0,0,-1
1725640185.8289287,1,0,0,0,0,-1
1725640185.9289286,1,0,0,0,0,-1
1725640186.0289288,1,0,0,0,0,-1
1725640186.1289287,1,0,0,0,0,-1
1725640186.2289286,1,0,0,0,0,-1
1725640186.3289287,1,0,0,0,0,-1
1725640186.4289286,1,0,0,0,0,-1
1725640186.5289288,1,0,0,0,0,-1
1725640186.6289287,1,0,0,0,0,-1
1725640186.7289286,1,0,0,0,0,-1
1725640186.8289287,1,0,0,0,0,-1
1725640186.9289286,1,0,0,0,0,-1
1725640187.0289288,1,0,0,0,0,-1
1725640187.1289287,1,0,0,0,0,-1
1725640187.2289286,1,0,0,0,0,-1
1725640187.3289287,1,0,0,0,0,-1
1725640187.4289286,1,0,0,0,0,-1
1725640187.5289288,1,0,0,0,0,-1
1725640187.6289287,1,0,0,0,0,-1
1725640187.7289286,1,0,0,0,0,-1
1725640187.8289287,1,0,0,0,0,-1
1725640187.9289286,1,0,0,0,0,-1
1725640188.0289288,1,0,0,0,0,-1
1725640188.1289287,1,0,0,0,0,-1
1725640188.2289286,1,0,0,0,0,-1
1725640188.3289287,1,0,0,0,0,-1
1725640188.4289286,1,0,0,0,0,-1
1725640188.5289288,1,0,0,0,0,-1
1725640188.6289287,1,0,0,0,0,-1
1725640188.7289286,1,0,0,0,0,-1
1725640188.8289287,1,0,0,0,0,-1
1725640188.9289286,1,0,0,0,0,-1
1725640189.0289288,1,0,0,0,0,-1
1725640189.1289287,1,0,0,0,0,-1
1725640189.2289286,1,0,0,0,0,-1
1725640189.3289287,1,0,0,0,0,-1
1725640189.4289286,1,0,0,0,0,-1
1725640189.5289288,1,0,0,0,0,-1
1725640189.6289287,1,0,0,0,0,-1
1725640189.7289286,1,0,0,0,0,-1
1725640189.8289287,1,0,0,0,0,-1
1725640189.9289286,1,0,0,0,0,-1
1725640190.0289288,1,0,0,0,0,-1
1725640190.1289287,1,0,0,0,0,-1
1725640190.2289286,1,0,0,0,0,-1
1725640190.3289287,1,0,0,0,0,-1
1725640190.4289286,1,0,0,0,0,-1
1725640190.5289288,1,0,0,0,0,-1
1725640190.6289287,1,0,0,0,0,-1
1725640190.7289286,1,0,0,0,0,-1
1725640190.8289287,1,0,0,0,0,-1
1725640190.9289286,1,0,0,0,0,-1
1725640191.0289288,0,0,0,0,0,-1
1725640191.1289287,0,0,0,0,0,-1
1725640191.2289286,1,0,0,0,0,-1
1725640191.3289287,1,0,0,0,0,-1
1725640191.4289286,1,0,0,0,0,-1
1725640191.5289288,1,0,0,0,0,-1
1725640191.6289287,1,0,0,0,0,-1
1725640191.7289286,1,0,0,0,0,-1
1725640191.8289287,1,0,0,0,0,-1
1725640191.9289286,1,0,0,0,0,-1
1725640192.0289288,1,0,0,0,0,-1
1725640192.1289287,1,0,0,0,0,-1
1725640192.2289286,1,0,0,0,0,-1
1725640192.3289287,1,0,0,0,0,-1
1725640192.4289286,1,0,0,0,0,-1
1725640192.5289288,1,0,0,0,0,-1
1725640192.6289287,1,0,0,0,0,-1
1725640192.7289286,1,0,0,0,0,-1
1725640192.8289287,1,0,0,0,0,-1
1725640192.9289286,1,0,0,0,0,-1
1725640193.0289288,1,0,0,0,0,-1
1725640193.1289287,1,0,0,0,0,-1
1725640193.2289286,1,0,0,0,0,-1
1725640193.3289287,1,0,0,0,0,-1
1725640193.4289286,1,0,0,0,0,-1
1725640193.5289288,1,0,0,0,0,-1
1725640193.6289287,1,0,0,0,0,-1
1725640193.7289286,1,0,0,0,0,-1
1725640193.8289287,1,0,0,0,0,-1
1725640193.9289286,1,0,0,0,0,-1
1725640194.0289288,1,0,0,0,0,-1
1725640194.1289287,1,0,0,0,0,-1
1725640194.2289286,1,0,0,0,0,-1
1725640194.3289287,1,0,0,0,0,-1
1725640194.4289286,1,0,0,0,0,-1
1725640194.5289288,1,0,0,0,0,-1
1725640194.6289287,1,0,0,0,0,-1
1725640194.7289286,1,0,0,0,0,-1
1725640194.8289287,1,0,0,0,0,-1
1725640194.9289286,1,0,0,0,0,-1
1725640195.0289288,1,0,0,0,0,-1
1725640195.1289287,1,0,0,0,0,-1
1725640195.2289286,1,0,0,0,0,-1
1725640195.3289287,0,0,0,0,0,-1
1725640195.4289286,0,0,0,0,0,-1
1725640195.5289288,1,0,0,0,0,-1
1725640195.6289287,1,0,0,0,0,-1
1725640195.7289286,1,0,0,0,0,-1
1725640195.8289287,1,0,0,0,0,-1
1725640195.9289286,1,0,0,0,0,-1
1725640196.0289288,1,0,0,0,0,-1
1725640196.1289287,1,0,0,0,0,-1
1725640196.2289286,1,0,0,0,0,-1
1725640196.3289287,1,0,0,0,0,-1
1725640196.4289286,1,0,0,0,0,-1
1725640196.5289288,1,0,0,0,0,-1
1725640196.6289287,1,0,0,0,0,-1
1725640196.7289286,1,0,0,0,0,-1
1725640196.8289287,1,0,0,0,0,-1
1725640196.9289286,1,0,0,0,0,-1
1725640197.0289288,1,0,0,0,0,-1
1725640197.1289287,1,0,0,0,0,-1
1725640197.2289286,1,0,0,0,0,-1
1725640197.3289287,1,0,0,0,0,-1
1725640197.4289286,1,0,0,0,0,-1
1725640197.5289288,0,0,0,0,0,-1
1725640197.6289287,1,0,0,0,0,-1
1725640197.7289286,1,0,0,0,0,-1
1725640197.8289287,1,0,0,0,0,-1
1725640197.9289286,1,0,0,0,0,-1
1725640198.0289288,1,0,0,0,0,-1
1725640198.1289287,1,0,0,0,0,-1
1725640198.2289286,1,0,0,0,0,-1
1725640198.3289287,1,0,0,0,0,-1
1725640198.4289286,1,0,0,0,0,-1
1725640198.5289288,1,0,0,0,0,-1
1725640198.6289287,1,0,0,0,0,-1
1725640198.7289286,1,0,0,0,0,-1
1725640198.8289287,1,0,0,0,0,-1
1725640198.9289286,1,0,0,0,0,-1
1725640199.0289288,1,0,0,0,0,-1
1725640199.1289287,1,0,0,0,0,-1
1725640199.2289286,1,0,0,0,0,-1
1725640199.3289287,1,0,0,0,0,-1
1725640199.4289286,1,0,0,0,0,-1
1725640199.5289288,1,0,0,0,0,-1
1725640199.6289287,1,0,0,0,0,-1
1725640199.7289286,1,0,0,0,0,-1
1725640199.8289287,1,0,0,0,0,-1
1725640199.9289286,1,0,0,0,0,-1
1725640200.0289288,1,0,0,0,0,-1
1725640200.1289287,1,0,0,0,0,-1
1725640200.2289286,1,0,0,0,0,-1
1725640200.3289287,1,0,0,0,0,-1
1725640200.4289286,1,0,0,0,0,-1
1725640200.5289288,1,0,0,0,0,-1
1725640200.6289287,1,0,0,0,0,-1
1725640200.7289286,0,0,0,0,0,-1
1725640200.8289287,1,0,0,0,0,-1
1725640200.9289286,1,0,0,0,0,-1
1725640201.0289288,1,0,0,0,0,-1
1725640201.1289287,1,0,0,0,0,-1
1725640201.2289286,1,0,0,0,0,-1
1725640201.3289287,1,0,0,0,0,-1
1725640201.4289286,1,0,0,0,0,-1
1725640201.5289288,1,0,0,0,0,-1
1725640201.6289287,1,0,0,0,0,-1
1725640201.7289286,1,0,0,0,0,-1
1725640201.8289287,0,0,0,0,0,-1
1725640201.9289286,1,0,0,0,0,-1
1725640202.0289288,1,0,0,0,0,-1
1725640202.1289287,1,0,0,0,0,-1
1725640202.2289286,1,0,0,0,0,-1
1725640202.3289287,1,0,0,0,0,-1
1725640202.4289286,1,0,0,0,0,-1
1725640202.5289288,1,0,0,0,0,-1
1725640202.6289287,1,0,0,0,0,-1
1725640202.7289286,1,0,0,0,0,-1
1725640202.8289287,1,0,0,0,0,-1
1725640202.9289286,1,0,0,0,0,-1
1725640203.0289288,1,0,0,0,0,-1
1725640203.1289287,1,0,0,0,0,-1
1725640203.2289286,1,0,0,0,0,-1
1725640203.3289287,1,0,0,0,0,-1
1725640203.4289286,1,0,0,0,0,-1
1725640203.5289288,1,0,0,0,0,-1
1725640203.6289287,1,0,0,0,0,-1
1725640203.7289286,1,0,0,0,0,-1
1725640203.8289287,1,0,0,0,0,-1
1725640203.9289286,1,0,0,0,0,-1
1725640204.0289288,1,0,0,0,0,-1
1725640204.1289287,1,0,0,0,0,-1
1725640204.2289286,1,0,0,0,0,-1
1725640204.3289287,1,0,0,0,0,-1
1725640204.4289286,1,0,0,0,0,-1
1725640204.5289288,1,0,0,0,0,-1
1725640204.6289287,1,0,0,0,0,-1
1725640204.7289286,1,0,0,0,0,-1
1725640204.8289287,1,0,0,0,0,-1
1725640204.9289286,1,0,0,0,0,-1
1725640205.0289288,1,0,0,0,0,-1
1725640205.1289287,1,0,0,0,0,-1
1725640205.2289286,1,0,0,0,0,-1
1725640205.3289287,1,0,0,0,0,-1
1725640205.4289286,1,0,0,0,0,-1
1725640205.5289288,1,0,0,0,0,-1
1725640205.6289287,1,0,0,0,0,-1
1725640205.7289286,1,0,0,0,0,-1
1725640205.8289287,1,0,0,0,0,-1
1725640205.9289286,1,0,0,0,0,-1
1725640206.0289288,1,0,0,0,0,-1
1725640206.1289287,1,0,0,0,0,-1
1725640206.2289286,1,0,0,0,0,-1
1725640206.3289287,1,0,0,0,0,-1
1725640206.4289286,1,0,0,0,0,-1
1725640206.5289288,1,0,0,0,0,-1
1725640206.6289287,0,0,0,0,0,-1
1725640206.7289286,0,0,0,0,0,-1
1725640206.8289287,1,0,0,0,0,-1
1725640206.9289286,1,0,0,0,0,-1
1725640207.0289288,1,0,0,0,0,-1
1725640207.1289287,1,0,0,0,0,-1
1725640207.2289286,1,0,0,0,0,-1
1725640207.3289287,1,0,0,0,0,-1
1725640207.4289286,1,0,0,0,0,-1
1725640207.5289288,1,0,0,0,0,-1
1725640207.6289287,1,0,0,0,0,-1
1725640207.7289286,1,0,0,0,0,-1
1725640207.8289287,1,0,0,0,0,-1
1725640207.9289286,1,0,0,0,0,-1
1725640208.0289288,1,0,0,0,0,-1
1725640208.1289287,1,0,0,0,0,-1
1725640208.2289286,1,0,0,0,0,-1
1725640208.3289287,1,0,0,0,0,-1
1725640208.4289286,1,0,0,0,0,-1
1725640208.5289288,1,0,0,0,0,-1
1725640208.6289287,1,0,0,0,0,-1
1725640208.7289286,1,0,0,0,0,-1
1725640208.8289287,1,0,0,0,0,-1
1725640208.9289286,1,0,0,0,0,-1
1725640209.0289288,1,0,0,0,0,-1
1725640209.1289287,1,0,0,0,0,-1
1725640209.2289286,1,0,0,0,0,-1
1725640209.3289287,1,0,0,0,0,-1
1725640209.4289286,1,0,0,0,0,-1
1725640209.5289288,1,0,0,0,0,-1
1725640209.6289287,1,0,0,0,0,-1
1725640209.7289286,1,0,0,0,0,-1
1725640209.8289287,1,0,0,0,0,-1
1725640209.9289286,1,0,0,0,0,-1
1725640210.0289288,1,0,0,0,0,-1
1725640210.1289287,1,0,0,0,0,-1
1725640210.2289286,1,0,0,0,0,-1
1725640210.3289287,1,0,0,0,0,-1
1725640210.4289286,1,0,0,0,0,-1
1725640210.5289288,1,0,0,0,0,-1
1725640210.6289287,1,0,0,0,0,-1
1725640210.7289286,1,0,0,0,0,-1
1725640210.8289287,1,0,0,0,0,-1
1725640210.9289286,1,0,0,0,0,-1
1725640211.0289288,1,0,0,0,0,-1
1725640211.1289287,1,0,0,0,0,-1
1725640211.2289286,1,0,0,0,0,-1
1725640211.3289287,1,0,0,0,0,-1
1725640211.4289286,1,0,0,0,0,-1
1725640211.5289288,1,0,0,0,0,-1
1725640211.6289287,1,0,0,0,0,-1
1725640211.7289286,1,0,0,0,0,-1
1725640211.8289287,1,0,0,0,0,-1
1725640211.9289286,1,0,0,0,0,-1
1725640212.0289288,1,0,0,0,0,-1
1725640212.1289287,1,0,0,0,0,-1
1725640212.2289286,1,0,0,0,0,-1
1725640212.3289287,1,0,0,0,0,-1
1725640212.4289286,1,0,0,0,0,-1
1725640212.5289288,1,0,0,0,0,-1
1725640212.6289287,1,0,0,0,0,-1
1725640212.7289286,1,0,0,0,0,-1
1725640212.8289287,1,0,0,0,0,-1
1725640212.9289286,1,0,0,0,0,-1
1725640213.0289288,1,0,0,0,0,-1
1725640213.1289287,1,0,0,0,0,-1
1725640213.2289286,1,0,0,0,0,-1
1725640213.3289287,1,0,0,0,0,-1
1725640213.4289286,1,0,0,0,0,-1
1725640213.5289288,1,0,0,0,0,-1
1725640213.6289287,1,0,0,0,0,-1
1725640213.7289286,1,0,0,0,0,-1
1725640213.8289287,1,0,0,0,0,-1
1725640213.9289286,1,0,0,0,0,-1
1725640214.0289288,1,0,0,0,0,-1
1725640214.1289287,1,0,0,0,0,-1
1725640214.2289286,1,0,0,0,0,-1
1725640214.3289287,1,0,0,0,0,-1
1725640214.4289286,1,0,0,0,0,-1
1725640214.5289288,1,0,0,0,0,-1
1725640214.6289287,1,0,0,0,0,-1
1725640214.7289286,1,0,0,0,0,-1
1725640214.8289287,1,0,0,0,0,-1
1725640214.9289286,1,0,0,0,0,-1
1725640215.0289288,1,0,0,0,0,-1
1725640215.1289287,1,0,0,0,0,-1
1725640215.2289286,1,0,0,0,0,-1
1725640215.3289287,1,0,0,0,0,-1
1725640215.4289286,1,0,0,0,0,-1
1725640215.5289288,1,0,0,0,0,-1
1725640215.6289287,1,0,0,0,0,-1
1725640215.7289286,1,0,0,0,0,-1
1725640215.8289287,1,0,0,0,0,-1
1725640215.9289286,1,0,0,0,0,-1
1725640216.0289288,1,0,0,0,0,-1
1725640216.1289287,1,0,0,0,0,-1
1725640216.2289286,1,0,0,0,0,-1
1725640216.3289287,1,0,0,0,0,-1
1725640216.4289286,1,0,0,0,0,-1
1725640216.5289288,1,0,0,0,0,-1
1725640216.6289287,1,0,0,0,0,-1
1725640216.7289286,1,0,0,0,0,-1
1725640216.8289287,1,0,0,0,0,-1
1725640216.9289286,1,0,0,0,0,-1
1725640217.0289288,1,0,0,0,0,-1
1725640217.1289287,1,0,0,0,0,-1
1725640217.2289286,1,0,0,0,0,-1
1725640217.3289287,1,0,0,0,0,-1
1725640217.4289286,1,0,0,0,0,-1
1725640217.5289288,1,0,0,0,0,-1
1725640217.6289287,1,0,0,0,0,-1
1725640217.7289286,1,0,0,0,0,-1
1725640217.8289287,1,0,0,0,0,-1
1725640217.9289286,1,0,0,0,0,-1
1725640218.0289288,1,0,0,0,0,-1
1725640218.1289287,1,0,0,0,0,-1
1725640218.2289286,1,0,0,0,0,-1
1725640218.3289287,1,0,0,0,0,-1
1725640218.4289286,1,0,0,0,0,-1
1725640218.5289288,1,0,0,0,0,-1
1725640218.6289287,1,0,0,0,0,-1
1725640218.7289286,1,0,0,0,0,-1
1725640218.8289287,1,0,0,0,0,-1
1725640218.9289286,1,0,0,0,0,-1
1725640219.0289288,1,0,0,0,0,-1
1725640219.1289287,1,0,0,0,0,-1
1725640219.2289286,1,0,0,0,0,-1
1725640219.3289287,1,0,0,0,0,-1
1725640219.4289286,1,0,0,0,0,-1
1725640219.5289288,1,0,0,0,0,-1
1725640219.6289287,1,0,0,0,0,-1
1725640219.7289286,1,0,0,0,0,-1
1725640219.8289287,1,0,0,0,0,-1
1725640219.9289286,1,0,0,0,0,-1
1725640220.0289288,1,0,0,0,0,-1
1725640220.1289287,1,0,0,0,0,-1
1725640220.2289286,0,0,0,0,0,-1
1725640220.3289287,0,0,0,0,0,-1
1725640220.4289286,1,0,0,0,0,-1
1725640220.5289288,1,0,0,0,0,-1
1725640220.6289287,1,0,0,0,0,-1
1725640220.7289286,1,0,0,0,0,-1
1725640220.8289287,1,0,0,0,0,-1
1725640220.9289286,1,0,0,0,0,-1
1725640221.0289288,1,0,0,0,0,-1
1725640221.1289287,1,0,0,0,0,-1
1725640221.2289286,1,0,0,0,0,-1
1725640221.3289287,1,0,0,0,0,-1
1725640221.4289286,1,0,0,0,0,-1
1725640221.5289288,1,0,0,0,0,-1
1725640221.6289287,1,0,0,0,0,-1
1725640221.7289286,1,0,0,0,0,-1
1725640221.8289287,1,0,0,0,0,-1
1725640221.9289286,1,0,0,0,0,-1
1725640222.0289288,1,0,0,0,0,-1
1725640222.1289287,1,0,0,0,0,-1
1725640222.2289286,1,0,0,0,0,-1
1725640222.3289287,1,0,0,0,0,-1
1725640222.4289286,1,0,0,0,0,-1
1725640222.5289288,1,0,0,0,0,-1
1725640222.6289287,1,0,0,0,0,-1
1725640222.7289286,1,0,0,0,0,-1
1725640222.8289287,1,0,0,0,0,-1
1725640222.9289286,1,0,0,0,0,-1
1725640223.0289288,1,0,0,0,0,-1
1725640223.1289287,1,0,0,0,0,-1
1725640223.2289286,1,0,0,0,0,-1
1725640223.3289287,1,0,0,0,0,-1
1725640223.4289286,0,0,0,0,0,-1
1725640223.5289288,0,0,0,0,0,-1
1725640223.6289287,1,0,0,0,0,-1
1725640223.7289286,1,0,0,0,0,-1
1725640223.8289287,1,0,0,0,0,-1
1725640223.9289286,1,0,0,0,0,-1
1725640224.0289288,1,0,0,0,0,-1
1725640224.1289287,1,0,0,0,0,-1
1725640224.2289286,1,0,0,0,0,-1
1725640224.3289287,1,0,0,0,0,-1
1725640224.4289286,1,0,0,0,0,-1
1725640224.5289288,1,0,0,0,0,-1
1725640224.6289287,1,0,0,0,0,-1
1725640224.7289286,1,0,0,0,0,-1
1725640224.8289287,1,0,0,0,0,-1
1725640224.9289286,1,0,0,0,0,-1
1725640225.0289288,1,0,0,0,0,-1
1725640225.1289287,1,0,0,0,0,-1
1725640225.2289286,1,0,0,0,0,-1
1725640225.3289287,1,0,0,0,0,-1
1725640225.4289286,1,0,0,0,0,-1
1725640225.5289288,1,0,0,0,0,-1
1725640225.6289287,1,0,0,0,0,-1
1725640225.7289286,1,0,0,0,0,-1
1725640225.8289287,1,0,0,0,0,-1
1725640225.9289286,1,0,0,0,0,-1
1725640226.0289288,1,0,0,0,0,-1
1725640226.1289287,1,0,0,0,0,-1
1725640226.2289286,1,0,0,0,0,-1
1725640226.3289287,1,0,0,0,0,-1
1725640226.4289286,1,0,0,0,0,-1
1725640226.5289288,1,0,0,0,0,-1
1725640226.6289287,1,0,0,0,0,-1
1725640226.7289286,1,0,0,0,0,-1
1725640226.8289287,1,0,0,0,0,-1
1725640226.9289286,1,0,0,0,0,-1
1725640227.0289288,1,0,0,0,0,-1
1725640227.1289287,1,0,0,0,0,-1
1725640227.2289286,1,0,0,0,0,-1
1725640227.3289287,1,0,0,0,0,-1
1725640227.4289286,1,0,0,0,0,-1
1725640227.5289288,1,0,0,0,0,-1
1725640227.6289287,1,0,0,0,0,-1
1725640227.7289286,1,0,0,0,0,-1
1725640227.8289287,1,0,0,0,0,-1
1725640227.9289286,1,0,0,0,0,-1
1725640228.0289288,1,0,0,0,0,-1
1725640228.1289287,1,0,0,0,0,-1
1725640228.2289286,1,0,0,0,0,-1
1725640228.3289287,1,0,0,0,0,-1
1725640228.4289286,1,0,0,0,0,-1
1725640228.5289288,1,0,0,0,0,-1
1725640228.6289287,1,0,0,0,0,-1
1725640228.7289286,1,0,0,0,0,-1
1725640228.8289287,0,0,0,0,0,-1
1725640228.9289286,0,0,0,0,0,-1
1725640229.0289288,1,0,0,0,0,-1
1725640229.1289287,1,0,0,0,0,-1
1725640229.2289286,1,0,0,0,0,-1
1725640229.3289287,1,0,0,0,0,-1
1725640229.4289286,1,0,0,0,0,-1
1725640229.5289288,1,0,0,0,0,-1
1725640229.6289287,1,0,0,0,0,-1
1725640229.7289286,1,0,0,0,0,-1
1725640229.8289287,1,0,0,0,0,-1
1725640229.9289286,1,0,0,0,0,-1
1725640230.0289288,1,0,0,0,0,-1
1725640230.1289287,1,0,0,0,0,-1
1725640230.2289286,1,0,0,0,0,-1
1725640230.3289287,1,0,0,0,0,-1
1725640230.4289286,1,0,0,0,0,-1
1725640230.5289288,1,0,0,0,0,-1
1725640230.6289287,1,0,0,0,0,-1
1725640230.7289286,1,0,0,0,0,-1
1725640230.8289287,1,0,0,0,0,-1
1725640230.9289286,1,0,0,0,0,-1
1725640231.0289288,1,0,0,0,0,-1
1725640231.1289287,1,0,0,0,0,-1
1725640231.2289286,1,0,0,0,0,-1
1725640231.3289287,1,0,0,0,0,-1
1725640231.4289286,1,0,0,0,0,-1
1725640231.5289288,1,0,0,0,0,-1
1725640231.6289287,1,0,0,0,0,-1
1725640231.7289286,1,0,0,0,0,-1
1725640231.8289287,1,0,0,0,0,-1
1725640231.9289286,1,0,0,0,0,-1
1725640232.0289288,1,0,0,0,0,-1
1725640232.1289287,1,0,0,0,0,-1
1725640232.2289286,1,0,0,0,0,-1
1725640232.3289287,1,0,0,0,0,-1
1725640232.4289286,1,0,0,0,0,-1
1725640232.5289288,1,0,0,0,0,-1
1725640232.6289287,1,0,0,0,0,-1
1725640232.7289286,1,0,0,0,0,-1
1725640232.8289287,1,0,0,0,0,-1
1725640232.9289286,1,0,0,0,0,-1
1725640233.0289288,1,0,0,0,0,-1
1725640233.1289287,0,0,0,0,0,-1
1725640233.2289286,0,0,0,0,0,-1
1725640233.3289287,1,0,0,0,0,-1
1725640233.4289286,1,0,0,0,0,-1
1725640233.5289288,1,0,0,0,0,-1
1725640233.6289287,1,0,0,0,0,-1
1725640233.7289286,0,0,0,0,0,-1
1725640233.8289287,1,0,0,0,0,-1
1725640233.9289286,1,0,0,0,0,-1
1725640234.0289288,1,0,0,0,0,-1
1725640234.1289287,1,0,0,0,0,-1
1725640234.2289286,1,0,0,0,0,-1
1725640234.3289287,1,0,0,0,0,-1
1725640234.4289286,1,0,0,0,0,-1
1725640234.5289288,1,0,0,0,0,-1
1725640234.6289287,1,0,0,0,0,-1
1725640234.7289286,1,0,0,0,0,-1
1725640234.8289287,1,0,0,0,0,-1
1725640234.9289286,1,0,0,0,0,-1
1725640235.0289288,1,0,0,0,0,-1
1725640235.1289287,1,0,0,0,0,-1
1725640235.2289286,1,0,0,0,0,-1
1725640235.3289287,1,0,0,0,0,-1
1725640235.4289286,1,0,0,0,0,-1
1725640235.5289288,1,0,0,0,0,-1
1725640235.6289287,1,0,0,0,0,-1
1725640235.7289286,1,0,0,0,0,-1
1725640235.8289287,1,0,0,0,0,-1
1725640235.9289286,1,0,0,0,0,-1
1725640236.0289288,1,0,0,0,0,-1
1725640236.1289287,1,0,0,0,0,-1
1725640236.2289286,1,0,0,0,0,-1
1725640236.3289287,1,0,0,0,0,-1
1725640236.4289286,1,0,0,0,0,-1
1725640236.5289288,1,0,0,0,0,-1
1725640236.6289287,1,0,0,0,0,-1
1725640236.7289286,1,0,0,0,0,-1
1725640236.8289287,1,0,0,0,0,-1
1725640236.9289286,1,0,0,0,0,-1
1725640237.0289288,1,0,0,0,0,-1
1725640237.1289287,1,0,0,0,0,-1
1725640237.2289286,1,0,0,0,0,-1
1725640237.3289287,1,0,0,0,0,-1
1725640237.4289286,1,0,0,0,0,-1
1725640237.5289288,1,0,0,0,0,-1
1725640237.6289287,1,0,0,0,0,-1
1725640237.7289286,1,0,0,0,0,-1
1725640237.8289287,1,0,0,0,0,-1
1725640237.9289286,1,0,0,0,0,-1
1725640238.0289288,1,0,0,0,0,-1
1725640238.1289287,1,0,0,0,0,-1
1725640238.2289286,1,0,0,0,0,-1
1725640238.3289287,1,0,0,0,0,-1
1725640238.4289286,1,0,0,0,0,-1
1725640238.5289288,1,0,0,0,0,-1
1725640238.6289287,1,0,0,0,0,-1
1725640238.7289286,1,0,0,0,0,-1
1725640238.8289287,1,0,0,0,0,-1
1725640238.9289286,1,0,0,0,0,-1
1725640239.0289288,1,0,0,0,0,-1
1725640239.1289287,1,0,0,0,0,-1
1725640239.2289286,1,0,0,0,0,-1
1725640239.3289287,1,0,0,0,0,-1
1725640239.4289286,1,0,0,0,0,-1
1725640239.5289288,1,0,0,0,0,-1
1725640239.6289287,1,0,0,0,0,-1
1725640239.7289286,1,0,0,0,0,-1
1725640239.8289287,1,0,0,0,0,-1
1725640239.9289286,1,0,0,0,0,-1
1725640240.0289288,1,0,0,0,0,-1
1725640240.1289287,0,0,0,0,0,-1
1725640240.2289286,1,0,0,0,0,-1
1725640240.3289287,1,0,0,0,0,-1
1725640240.4289286,1,0,0,0,0,-1
1725640240.5289288,1,0,0,0,0,-1
1725640240.6289287,1,0,0,0,0,-1
1725640240.7289286,1,0,0,0,0,-1
1725640240.8289287,1,0,0,0,0,-1
1725640240.9289286,1,0,0,0,0,-1
1725640241.0289288,1,0,0,0,0,-1
1725640241.1289287,1,0,0,0,0,-1
1725640241.2289286,1,0,0,0,0,-1
1725640241.3289287,1,0,0,0,0,-1
1725640241.4289286,1,0,0,0,0,-1
1725640241.5289288,1,0,0,0,0,-1
1725640241.6289287,1,0,0,0,0,-1
1725640241.7289286,1,0,0,0,0,-1
1725640241.8289287,1,0,0,0,0,-1
1725640241.9289286,1,0,0,0,0,-1
1725640242.0289288,1,0,0,0,0,-1
1725640242.1289287,1,0,0,0,0,-1
1725640242.2289286,1,0,0,0,0,-1
1725640242.3289287,1,0,0,0,0,-1
1725640242.4289286,1,0,0,0,0,-1
1725640242.5289288,1,0,0,0,0,-1
1725640242.6289287,1,0,0,0,0,-1
1725640242.7289286,1,0,0,0,0,-1
1725640242.8289287,1,0,0,0,0,-1
1725640242.9289286,1,0,0,0,0,-1
1725640243.0289288,1,0,0,0,0,-1
1725640243.1289287,1,0,0,0,0,-1
1725640243.2289286,1,0,0,0,0,-1
1725640243.3289287,1,0,0,0,0,-1
1725640243.4289286,1,0,0,0,0,-1
1725640243.5289288,1,0,0,0,0,-1
1725640243.6289287,1,0,0,0,0,-1
1725640243.7289286,1,0,0,0,0,-1
1725640243.8289287,1,0,0,0,0,-1
1725640243.9289286,1,0,0,0,0,-1
1725640244.0289288,1,0,0,0,0,-1
1725640244.1289287,1,0,0,0,0,-1
1725640244.2289286,1,0,0,0,0,-1
1725640244.3289287,1,0,0,0,0,-1
1725640244.4289286,1,0,0,0,0,-1
1725640244.5289288,1,0,0,0,0,-1
1725640244.6289287,1,0,0,0,0,-1
1725640244.7289286,1,0,0,0,0,-1
1725640244.8289287,1,0,0,0,0,-1
1725640244.9289286,1,0,0,0,0,-1
1725640245.0289288,1,0,0,0,0,-1
1725640245.1289287,1,0,0,0,0,-1
1725640245.2289286,1,0,0,0,0,-1
1725640245.3289287,1,0,0,0,0,-1
1725640245.4289286,1,0,0,0,0,-1
1725640245.5289288,1,0,0,0,0,-1
1725640245.6289287,1,0,0,0,0,-1
1725640245.7289286,1,0,0,0,0,-1
1725640245.8289287,1,0,0,0,0,-1
1725640245.9289286,1,0,0,0,0,-1
1725640246.0289288,1,0,0,0,0,-1
1725640246.1289287,1,0,0,0,0,-1
1725640246.2289286,1,0,0,0,0,-1
1725640246.3289287,1,0,0,0,0,-1
1725640246.4289286,1,0,0,0,0,-1
1725640246.5289288,1,0,0,0,0,-1
1725640246.6289287,1,0,0,0,0,-1
1725640246.7289286,1,0,0,0,0,-1
1725640246.8289287,1,0,0,0,0,-1
1725640246.9289286,1,0,0,0,0,-1
1725640247.0289288,1,0,0,0,0,-1
1725640247.1289287,1,0,0,0,0,-1
1725640247.2289286,1,0,0,0,0,-1
1725640247.3289287,1,0,0,0,0,-1
1725640247.4289286,1,0,0,0,0,-1
1725640247.5289288,1,0,0,0,0,-1
1725640247.6289287,1,0,0,0,0,-1
1725640247.7289286,1,0,0,0,0,-1
1725640247.8289287,1,0,0,0,0,-1
1725640247.9289286,1,0,0,0,0,-1
1725640248.0289288,1,0,0,0,0,-1
1725640248.1289287,1,0,0,0,0,-1
1725640248.2289286,1,0,0,0,0,-1
1725640248.3289287,1,0,0,0,0,-1
1725640248.4289286,1,0,0,0,0,-1
1725640248.5289288,1,0,0,0,0,-1
1725640248.6289287,1,0,0,0,0,-1
1725640248.7289286,1,0,0,0,0,-1
1725640248.8289287,1,0,0,0,0,-1
1725640248.9289286,1,0,0,0,0,-1
1725640249.0289288,1,0,0,0,0,-1
1725640249.1289287,1,0,0,0,0,-1
1725640249.2289286,1,0,0,0,0,-1
1725640249.3289287,1,0,0,0,0,-1
1725640249.4289286,1,0,0,0,0,-1
1725640249.5289288,1,0,0,0,0,-1
1725640249.6289287,1,0,0,0,0,-1
1725640249.7289286,1,0,0,0,0,-1
1725640249.8289287,1,0,0,0,0,-1
1725640249.9289286,1,0,0,0,0,-1
1725640250.0289288,1,0,0,0,0,-1
1725640250.1289287,1,0,0,0,0,-1
1725640250.2289286,0,0,0,0,0,-1
1725640250.3289287,0,0,0,0,0,-1
1725640250.4289286,1,0,0,0,0,-1
1725640250.5289288,1,0,0,0,0,-1
1725640250.6289287,1,0,0,0,0,-1
1725640250.7289286,1,0,0,0,0,-1
1725640250.8289287,0,0,0,0,0,-1
1725640250.9289286,1,0,0,0,0,-1
1725640251.0289288,1,0,0,0,0,-1
1725640251.1289287,1,0,0,0,0,-1
1725640251.2289286,1,0,0,0,0,-1
1725640251.3289287,1,0,0,0,0,-1
1725640251.4289286,1,0,0,0,0,-1
1725640251.5289288,1,0,0,0,0,-1
1725640251.6289287,1,0,0,0,0,-1
1725640251.7289286,1,0,0,0,0,-1
1725640251.8289287,0,0,0,0,0,-1
1725640251.9289286,1,0,0,0,0,-1
1725640252.0289288,1,0,0,0,0,-1
1725640252.1289287,1,0,0,0,0,-1
1725640252.2289286,1,0,0,0,0,-1
1725640252.3289287,1,0,0,0,0,-1
1725640252.4289286,1,0,0,0,0,-1
1725640252.5289288,1,0,0,0,0,-1
1725640252.6289287,1,0,0,0,0,-1
1725640252.7289286,1,0,0,0,0,-1
1725640252.8289287,1,0,0,0,0,-1
1725640252.9289286,1,0,0,0,0,-1
1725640253.0289288,1,0,0,0,0,-1
1725640253.1289287,1,0,0,0,0,-1
1725640253.2289286,1,0,0,0,0,-1
1725640253.3289287,1,0,0,0,0,-1
1725640253.4289286,1,0,0,0,0,-1
1725640253.5289288,1,0,0,0,0,-1
1725640253.6289287,1,0,0,0,0,-1
1725640253.7289286,1,0,0,0,0,-1
1725640253.8289287,1,0,0,0,0,-1
1725640253.9289286,1,0,0,0,0,-1
1725640254.0289288,1,0,0,0,0,-1
1725640254.1289287,1,0,0,0,0,-1
1725640254.2289286,1,0,0,0,0,-1
1725640254.3289287,1,0,0,0,0,-1
1725640254.4289286,1,0,0,0,0,-1
1725640254.5289288,1,0,0,0,0,-1
1725640254.6289287,1,0,0,0,0,-1
1725640254.7289286,1,0,0,0,0,-1
1725640254.8289287,1,0,0,0,0,-1
1725640254.9289286,1,0,0,0,0,-1
1725640255.0289288,1,0,0,0,0,-1
1725640255.1289287,0,0,0,0,0,-1
1725640255.2289286,1,0,0,0,0,-1
1725640255.3289287,1,0,0,0,0,-1
1725640255.4289286,1,0,0,0,0,-1
1725640255.5289288,1,0,0,0,0,-1
1725640255.6289287,1,0,0,0,0,-1
1725640255.7289286,1,0,0,0,0,-1
1725640255.8289287,1,0,0,0,0,-1
1725640255.9289286,1,0,0,0,0,-1
1725640256.0289288,1,0,0,0,0,-1
1725640256.1289287,1,0,0,0,0,-1
1725640256.2289286,1,0,0,0,0,-1
1725640256.3289287,1,0,0,0,0,-1
1725640256.4289286,1,0,0,0,0,-1
1725640256.5289288,1,0,0,0,0,-1
1725640256.6289287,1,0,0,0,0,-1
1725640256.7289286,1,0,0,0,0,-1
1725640256.8289287,1,0,0,0,0,-1
1725640256.9289286,1,0,0,0,0,-1
1725640257.0289288,1,0,0,0,0,-1
1725640257.1289287,1,0,0,0,0,-1
1725640257.2289286,1,0,0,0,0,-1
1725640257.3289287,1,0,0,0,0,-1
1725640257.4289286,1,0,0,0,0,-1
1725640257.5289288,1,0,0,0,0,-1
1725640257.6289287,1,0,0,0,0,-1
1725640257.7289286,1,0,0,0,0,-1
1725640257.8289287,1,0,0,0,0,-1
1725640257.9289286,1,0,0,0,0,-1
1725640258.0289288,1,0,0,0,0,-1
1725640258.1289287,1,0,0,0,0,-1
1725640258.2289286,1,0,0,0,0,-1
1725640258.3289287,1,0,0,0,0,-1
1725640258.4289286,1,0,0,0,0,-1
1725640258.5289288,1,0,0,0,0,-1
1725640258.6289287,1,0,0,0,0,-1
1725640258.7289286,1,0,0,0,0,-1
1725640258.8289287,1,0,0,0,0,-1
1725640258.9289286,1,0,0,0,0,-1
1725640259.0289288,1,0,0,0,0,-1
1725640259.1289287,1,0,0,0,0,-1
1725640259.2289286,1,0,0,0,0,-1
1725640259.3289287,1,0,0,0,0,-1
1725640259.4289286,0,0,0,0,0,-1
1725640259.5289288,1,0,0,0,0,-1
1725640259.6289287,1,0,0,0,0,-1
1725640259.7289286,1,0,0,0,0,-1
1725640259.8289287,1,0,0,0,0,-1
1725640259.9289286,1,0,0,0,0,-1
1725640260.0289288,1,0,0,0,0,-1
1725640260.1289287,1,0,0,0,0,-1
1725640260.2289286,1,0,0,0,0,-1
1725640260.3289287,1,0,0,0,0,-1
1725640260.4289286,1,0,0,0,0,-1
1725640260.5289288,1,0,0,0,0,-1
1725640260.6289287,1,0,0,0,0,-1
1725640260.7289286,1,0,0,0,0,-1
1725640260.8289287,1,0,0,0,0,-1
1725640260.9289286,1,0,0,0,0,-1
1725640261.0289288,1,0,0,0,0,-1
1725640261.1289287,1,0,0,0,0,-1
1725640261.2289286,1,0,0,0,0,-1
1725640261.3289287,1,0,0,0,0,-1
1725640261.4289286,1,0,0,0,0,-1
1725640261.5289288,1,0,0,0,0,-1
1725640261.6289287,1,0,0,0,0,-1
1725640261.7289286,1,0,0,0,0,-1
1725640261.8289287,1,0,0,0,0,-1
1725640261.9289286,1,0,0,0,0,-1
1725640262.0289288,1,0,0,0,0,-1
1725640262.1289287,1,0,0,0,0,-1
1725640262.2289286,1,0,0,0,0,-1
1725640262.3289287,1,0,0,0,0,-1
1725640262.4289286,1,0,0,0,0,-1
1725640262.5289288,1,0,0,0,0,-1
1725640262.6289287,1,0,0,0,0,-1
1725640262.7289286,1,0,0,0,0,-1
1725640262.8289287,1,0,0,0,0,-1
1725640262.9289286,1,0,0,0,0,-1
1725640263.0289288,1,0,0,0,0,-1
1725640263.1289287,1,0,0,0,0,-1
1725640263.2289286,1,0,0,0,0,-1
1725640263.3289287,1,0,0,0,0,-1
1725640263.4289286,1,0,0,0,0,-1
1725640263.5289288,1,0,0,0,0,-1
1725640263.6289287,1,0,0,0,0,-1
1725640263.7289286,1,0,0,0,0,-1
1725640263.8289287,1,0,0,0,0,-1
1725640263.9289286,1,0,0,0,0,-1
1725640264.0289288,1,0,0,0,0,-1
1725640264.1289287,1,0,0,0,0,-1
1725640264.2289286,1,0,0,0,0,-1
1725640264.3289287,1,0,0,0,0,-1
1725640264.4289286,1,0,0,0,0,-1
1725640264.5289288,1,0,0,0,0,-1
1725640264.6289287,1,0,0,0,0,-1
1725640264.7289286,1,0,0,0,0,-1
1725640264.8289287,1,0,0,0,0,-1
1725640264.9289286,1,0,0,0,0,-1
1725640265.0289288,1,0,0,0,0,-1
1725640265.1289287,1,0,0,0,0,-1
1725640265.2289286,1,0,0,0,0,-1
1725640265.3289287,1,0,0,0,0,-1
1725640265.4289286,1,0,0,0,0,-1
1725640265.5289288,1,0,0,0,0,-1
1725640265.6289287,1,0,0,0,0,-1
1725640265.7289286,1,0,0,0,0,-1
1725640265.8289287,1,0,0,0,0,-1
1725640265.9289286,1,0,0,0,0,-1
1725640266.0289288,1,0,0,0,0,-1
1725640266.1289287,1,0,0,0,0,-1
1725640266.2289286,1,0,0,0,0,-1
1725640266.3289287,1,0,0,0,0,-1
1725640266.4289286,1,0,0,0,0,-1
1725640266.5289288,1,0,0,0,0,-1
1725640266.6289287,1,0,0,0,0,-1
1725640266.7289286,1,0,0,0,0,-1
1725640266.8289287,1,0,0,0,0,-1
1725640266.9289286,0,0,0,0,0,-1
1725640267.0289288,1,0,0,0,0,-1
1725640267.1289287,1,0,0,0,0,-1
1725640267.2289286,1,0,0,0,0,-1
1725640267.3289287,1,0,0,0,0,-1
1725640267.4289286,1,0,0,0,0,-1
1725640267.5289288,1,0,0,0,0,-1
1725640267.6289287,1,0,0,0,0,-1
1725640267.7289286,1,0,0,0,0,-1
1725640267.8289287,1,0,0,0,0,-1
1725640267.9289286,1,0,0,0,0,-1
1725640268.0289288,1,0,0,0,0,-1
1725640268.1289287,1,0,0,0,0,-1
1725640268.2289286,1,0,0,0,0,-1
1725640268.3289287,1,0,0,0,0,-1
1725640268.4289286,1,0,0,0,0,-1
1725640268.5289288,1,0,0,0,0,-1
1725640268.6289287,1,0,0,0,0,-1
1725640268.7289286,1,0,0,0,0,-1
1725640268.8289287,1,0,0,0,0,-1
1725640268.9289286,1,0,0,0,0,-1
1725640269.0289288,1,0,0,0,0,-1
1725640269.1289287,1,0,0,0,0,-1
1725640269.2289286,1,0,0,0,0,-1
1725640269.3289287,1,0,0,0,0,-1
1725640269.4289286,1,0,0,0,0,-1
1725640269.5289288,1,0,0,0,0,-1
1725640269.6289287,1,0,0,0,0,-1
1725640269.7289286,1,0,0,0,0,-1
1725640269.8289287,1,0,0,0,0,-1
1725640269.9289286,1,0,0,0,0,-1
1725640270.0289288,1,0,0,0,0,-1
1725640270.1289287,1,0,0,0,0,-1
1725640270.2289286,1,0,0,0,0,-1
1725640270.3289287,1,0,0,0,0,-1
1725640270.4289286,1,0,0,0,0,-1
1725640270.5289288,1,0,0,0,0,-1
1725640270.6289287,1,0,0,0,0,-1
1725640270.7289286,1,0,0,0,0,-1
1725640270.8289287,1,0,0,0,0,-1
1725640270.9289286,1,0,0,0,0,-1
1725640271.0289288,1,0,0,0,0,-1
1725640271.1289287,1,0,0,0,0,-1
1725640271.2289286,1,0,0,0,0,-1
1725640271.3289287,1,0,0,0,0,-1
1725640271.4289286,1,0,0,0,0,-1
1725640271.5289288,1,0,0,0,0,-1
1725640271.6289287,1,0,0,0,0,-1
1725640271.7289286,1,0,0,0,0,-1
1725640271.8289287,1,0,0,0,0,-1
1725640271.9289286,1,0,0,0,0,-1
1725640272.0289288,1,0,0,0,0,-1
1725640272.1289287,1,0,0,0,0,-1
1725640272.2289286,1,0,0,0,0,-1
1725640272.3289287,1,0,0,0,0,-1
1725640272.4289286,1,0,0,0,0,-1
1725640272.5289288,1,0,0,0,0,-1
1725640272.6289287,1,0,0,0,0,-1
1725640272.7289286,1,0,0,0,0,-1
1725640272.8289287,1,0,0,0,0,-1
1725640272.9289286,1,0,0,0,0,-1
1725640273.0289288,1,0,0,0,0,-1
1725640273.1289287,1,0,0,0,0,-1
1725640273.2289286,1,0,0,0,0,-1
1725640273.3289287,1,0,0,0,0,-1
1725640273.4289286,1,0,0,0,0,-1
1725640273.5289288,1,0,0,0,0,-1
1725640273.6289287,1,0,0,0,0,-1
1725640273.7289286,1,0,0,0,0,-1
1725640273.8289287,1,0,0,0,0,-1
1725640273.9289286,1,0,0,0,0,-1
1725640274.0289288,1,0,0,0,0,-1
1725640274.1289287,1,0,0,0,0,-1
1725640274.2289286,1,0,0,0,0,-1
1725640274.3289287,1,0,0,0,0,-1
1725640274.4289286,1,0,0,0,0,-1
1725640274.5289288,1,0,0,0,0,-1
1725640274.6289287,1,0,0,0,0,-1
1725640274.7289286,1,0,0,0,0,-1
1725640274.8289287,1,0,0,0,0,-1
1725640274.9289286,1,0,0,0,0,-1
1725640275.0289288,1,0,0,0,0,-1
1725640275.1289287,1,0,0,0,0,-1
1725640275.2289286,1,0,0,0,0,-1
1725640275.3289287,1,0,0,0,0,-1
1725640275.4289286,1,0,0,0,0,-1
1725640275.5289288,1,0,0,0,0,-1
1725640275.6289287,1,0,0,0,0,-1
1725640275.7289286,1,0,0,0,0,-1
1725640275.8289287,1,0,0,0,0,-1
1725640275.9289286,1,0,0,0,0,-1
1725640276.0289288,1,0,0,0,0,-1
1725640276.1289287,1,0,0,0,0,-1
1725640276.2289286,1,0,0,0,0,-1
1725640276.3289287,1,0,0,0,0,-1
1725640276.4289286,1,0,0,0,0,-1
1725640276.5289288,1,0,0,0,0,-1
1725640276.6289287,1,0,0,0,0,-1
1725640276.7289286,1,0,0,0,0,-1
1725640276.8289287,1,0,0,0,0,-1
1725640276.9289286,1,0,0,0,0,-1
1725640277.0289288,1,0,0,0,0,-1
1725640277.1289287,1,0,0,0,0,-1
1725640277.2289286,1,0,0,0,0,-1
1725640277.3289287,1,0,0,0,0,-1
1725640277.4289286,1,0,0,0,0,-1
1725640277.5289288,1,0,0,0,0,-1
1725640277.6289287,1,0,0,0,0,-1
1725640277.7289286,1,0,0,0,0,-1
1725640277.8289287,1,0,0,0,0,-1
1725640277.9289286,1,0,0,0,0,-1
1725640278.0289288,1,0,0,0,0,-1
1725640278.1289287,1,0,0,0,0,-1
1725640278.2289286,1,0,0,0,0,-1
1725640278.3289287,1,0,0,0,0,-1
1725640278.4289286,1,0,0,0,0,-1
1725640278.5289288,1,0,0,0,0,-1
1725640278.6289287,1,0,0,0,0,-1
1725640278.7289286,1,0,0,0,0,-1
1725640278.8289287,1,0,0,0,0,-1
1725640278.9289286,1,0,0,0,0,-1
1725640279.0289288,1,0,0,0,0,-1
1725640279.1289287,1,0,0,0,0,-1
1725640279.2289286,1,0,0,0,0,-1
1725640279.3289287,1,0,0,0,0,-1
1725640279.4289286,1,0,0,0,0,-1
1725640279.5289288,1,0,0,0,0,-1
1725640279.6289287,1,0,0,0,0,-1
1725640279.7289286,1,0,0,0,0,-1
1725640279.8289287,1,0,0,0,0,-1
1725640279.9289286,1,0,0,0,0,-1
1725640280.0289288,1,0,0,0,0,-1
1725640280.1289287,1,0,0,0,0,-1
1725640280.2289286,1,0,0,0,0,-1
1725640280.3289287,1,0,0,0,0,-1
1725640280.4289286,1,0,0,0,0,-1
1725640280.5289288,1,0,0,0,0,-1
1725640280.6289287,1,0,0,0,0,-1
1725640280.7289286,1,0,0,0,0,-1
1725640280.8289287,1,0,0,0,0,-1
1725640280.9289286,1,0,0,0,0,-1
1725640281.0289288,1,0,0,0,0,-1
1725640281.1289287,1,0,0,0,0,-1
1725640281.2289286,1,0,0,0,0,-1
1725640281.3289287,1,0,0,0,0,-1
1725640281.4289286,1,0,0,0,0,-1
1725640281.5289288,1,0,0,0,0,-1
1725640281.6289287,1,0,0,0,0,-1
1725640281.7289286,1,0,0,0,0,-1
1725640281.8289287,1,0,0,0,0,-1
1725640281.9289286,1,0,0,0,0,-1
1725640282.0289288,1,0,0,0,0,-1
1725640282.1289287,1,0,0,0,0,-1
1725640282.2289286,1,0,0,0,0,-1
1725640282.3289287,1,0,0,0,0,-1
1725640282.4289286,1,0,0,0,0,-1
1725640282.5289288,1,0,0,0,0,-1
1725640282.6289287,1,0,0,0,0,-1
1725640282.7289286,1,0,0,0,0,-1
1725640282.8289287,1,0,0,0,0,-1
1725640282.9289286,1,0,0,0,0,-1
1725640283.0289288,1,0,0,0,0,-1
1725640283.1289287,1,0,0,0,0,-1
1725640283.2289286,0,0,0,0,0,-1
1725640283.3289287,0,0,0,0,0,-1
1725640283.4289286,1,0,0,0,0,-1
1725640283.5289288,1,0,0,0,0,-1
1725640283.6289287,1,0,0,0,0,-1
1725640283.7289286,1,0,0,0,0,-1
1725640283.8289287,1,0,0,0,0,-1
1725640283.9289286,1,0,0,0,0,-1
1725640284.0289288,1,0,0,0,0,-1
1725640284.1289287,1,0,0,0,0,-1
1725640284.2289286,1,0,0,0,0,-1
1725640284.3289287,1,0,0,0,0,-1
1725640284.4289286,1,0,0,0,0,-1
1725640284.5289288,1,0,0,0,0,-1
1725640284.6289287,1,0,0,0,0,-1
1725640284.7289286,1,0,0,0,0,-1
1725640284.8289287,1,0,0,0,0,-1
1725640284.9289286,1,0,0,0,0,-1
1725640285.0289288,1,0,0,0,0,-1
1725640285.1289287,1,0,0,0,0,-1
1725640285.2289286,1,0,0,0,0,-1
1725640285.3289287,1,0,0,0,0,-1
1725640285.4289286,1,0,0,0,0,-1
1725640285.5289288,1,0,0,0,0,-1
1725640285.6289287,1,0,0,0,0,-1
1725640285.7289286,1,0,0,0,0,-1
1725640285.8289287,1,0,0,0,0,-1
1725640285.9289286,1,0,0,0,0,-1
1725640286.0289288,1,0,0,0,0,-1
1725640286.1289287,1,0,0,0,0,-1
1725640286.2289286,1,0,0,0,0,-1
1725640286.3289287,1,0,0,0,0,-1
1725640286.4289286,1,0,0,0,0,-1
1725640286.5289288,1,0,0,0,0,-1
1725640286.6289287,1,0,0,0,0,-1
1725640286.7289286,1,0,0,0,0,-1
1725640286.8289287,1,0,0,0,0,-1
1725640286.9289286,1,0,0,0,0,-1
1725640287.0289288,1,0,0,0,0,-1
1725640287.1289287,1,0,0,0,0,-1
1725640287.2289286,1,0,0,0,0,-1
1725640287.3289287,1,0,0,0,0,-1
1725640287.4289286,1,0,0,0,0,-1
1725640287.5289288,1,0,0,0,0,-1
1725640287.6289287,1,0,0,0,0,-1
1725640287.7289286,1,0,0,0,0,-1
1725640287.8289287,1,0,0,0,0,-1
1725640287.9289286,1,0,0,0,0,-1
1725640288.0289288,1,0,0,0,0,-1
1725640288.1289287,1,0,0,0,0,-1
1725640288.2289286,1,0,0,0,0,-1
1725640288.3289287,1,0,0,0,0,-1
1725640288.4289286,1,0,0,0,0,-1
1725640288.5289288,1,0,0,0,0,-1
1725640288.6289287,1,0,0,0,0,-1
1725640288.7289286,1,0,0,0,0,-1
1725640288.8289287,1,0,0,0,0,-1
1725640288.9289286,0,0,0,0,0,-1
1725640289.0289288,1,0,0,0,0,-1
1725640289.1289287,1,0,0,0,0,-1
1725640289.2289286,1,0,0,0,0,-1
1725640289.3289287,1,0,0,0,0,-1
1725640289.4289286,1,0,0,0,0,-1
1725640289.5289288,1,0,0,0,0,-1
1725640289.6289287,1,0,0,0,0,-1
1725640289.7289286,1,0,0,0,0,-1
1725640289.8289287,1,0,0,0,0,-1
1725640289.9289286,1,0,0,0,0,-1
1725640290.0289288,1,0,0,0,0,-1
1725640290.1289287,1,0,0,0,0,-1
1725640290.2289286,1,0,0,0,0,-1
1725640290.3289287,1,0,0,0,0,-1
1725640290.4289286,1,0,0,0,0,-1
1725640290.5289288,1,0,0,0,0,-1
1725640290.6289287,1,0,0,0,0,-1
1725640290.7289286,1,0,0,0,0,-1
1725640290.8289287,1,0,0,0,0,-1
1725640290.9289286,1,0,0,0,0,-1
1725640291.0289288,1,0,0,0,0,-1
1725640291.1289287,1,0,0,0,0,-1
1725640291.2289286,1,0,0,0,0,-1
1725640291.3289287,1,0,0,0,0,-1
1725640291.4289286,1,0,0,0,0,-1
1725640291.5289288,1,0,0,0,0,-1
1725640291.6289287,1,0,0,0,0,-1
1725640291.7289286,1,0,0,0,0,-1
1725640291.8289287,1,0,0,0,0,-1
1725640291.9289286,1,0,0,0,0,-1
1725640292.0289288,1,0,0,0,0,-1
1725640292.1289287,1,0,0,0,0,-1
1725640292.2289286,1,0,0,0,0,-1
1725640292.3289287,1,0,0,0,0,-1
1725640292.4289286,1,0,0,0,0,-1
1725640292.5289288,1,0,0,0,0,-1
1725640292.6289287,1,0,0,0,0,-1
1725640292.7289286,1,0,0,0,0,-1
1725640292.8289287,1,0,0,0,0,-1
1725640292.9289286,1,0,0,0,0,-1
1725640293.0289288,1,0,0,0,0,-1
1725640293.1289287,1,0,0,0,0,-1
1725640293.2289286,1,0,0,0,0,-1
1725640293.3289287,1,0,0,0,0,-1
1725640293.4289286,1,0,0,0,0,-1
1725640293.5289288,1,0,0,0,0,-1
1725640293.6289287,1,0,0,0,0,-1
1725640293.7289286,1,0,0,0,0,-1
1725640293.8289287,1,0,0,0,0,-1
1725640293.9289286,1,0,0,0,0,-1
1725640294.0289288,1,0,0,0,0,-1
1725640294.1289287,1,0,0,0,0,-1
1725640294.2289286,1,0,0,0,0,-1
1725640294.3289287,1,0,0,0,0,-1
1725640294.4289286,1,0,0,0,0,-1
1725640294.5289288,1,0,0,0,0,-1
1725640294.6289287,1,0,0,0,0,-1
1725640294.7289286,1,0,0,0,0,-1
1725640294.8289287,1,0,0,0,0,-1
1725640294.9289286,1,0,0,0,0,-1
1725640295.0289288,1,0,0,0,0,-1
1725640295.1289287,1,0,0,0,0,-1
1725640295.2289286,1,0,0,0,0,-1
1725640295.3289287,1,0,0,0,0,-1
1725640295.4289286,1,0,0,0,0,-1
1725640295.5289288,1,0,0,0,0,-1
1725640295.6289287,1,0,0,0,0,-1
1725640295.7289286,1,0,0,0,0,-1
1725640295.8289287,1,0,0,0,0,-1
1725640295.9289286,1,0,0,0,0,-1
1725640296.0289288,1,0,0,0,0,-1
1725640296.1289287,1,0,0,0,0,-1
1725640296.2289286,1,0,0,0,0,-1
1725640296.3289287,0,0,0,0,0,-1
1725640296.4289286,1,0,0,0,0,-1
1725640296.5289288,1,0,0,0,0,-1
1725640296.6289287,1,0,0,0,0,-1
1725640296.7289286,1,0,0,0,0,-1
1725640296.8289287,1,0,0,0,0,-1
1725640296.9289286,1,0,0,0,0,-1
1725640297.0289288,1,0,0,0,0,-1
1725640297.1289287,1,0,0,0,0,-1
1725640297.2289286,1,0,0,0,0,-1
1725640297.3289287,1,0,0,0,0,-1
1725640297.4289286,1,0,0,0,0,-1
1725640297.5289288,1,0,0,0,0,-1
1725640297.6289287,1,0,0,0,0,-1
1725640297.7289286,1,0,0,0,0,-1
1725640297.8289287,1,0,0,0,0,-1
1725640297.9289286,1,0,0,0,0,-1
1725640298.0289288,1,0,0,0,0,-1
1725640298.1289287,1,0,0,0,0,-1
1725640298.2289286,1,0,0,0,0,-1
1725640298.3289287,1,0,0,0,0,-1
1725640298.4289286,1,0,0,0,0,-1
1725640298.5289288,1,0,0,0,0,-1
1725640298.6289287,1,0,0,0,0,-1
1725640298.7289286,1,0,0,0,0,-1
1725640298.8289287,1,0,0,0,0,-1
1725640298.9289286,1,0,0,0,0,-1
1725640299.0289288,1,0,0,0,0,-1
1725640299.1289287,1,0,0,0,0,-1
1725640299.2289286,1,0,0,0,0,-1
1725640299.3289287,1,0,0,0,0,-1
1725640299.4289286,1,0,0,0,0,-1
1725640299.5289288,0,0,0,0,0,-1
1725640299.6289287,1,0,0,0,0,-1
1725640299.7289286,1,0,0,0,0,-1
1725640299.8289287,1,0,0,0,0,-1
1725640299.9289286,1,0,0,0,0,-1
1725640300.0289288,1,0,0,0,0,-1
1725640300.1289287,1,0,0,0,0,-1
1725640300.2289286,1,0,0,0,0,-1
1725640300.3289287,1,0,0,0,0,-1
1725640300.4289286,1,0,0,0,0,-1
1725640300.5289288,1,0,0,0,0,-1
1725640300.6289287,0,0,0,0,0,-1
1725640300.7289286,1,0,0,0,0,-1
1725640300.8289287,1,0,0,0,0,-1
1725640300.9289286,1,0,0,0,0,-1
1725640301.0289288,1,0,0,0,0,-1
1725640301.1289287,1,0,0,0,0,-1
1725640301.2289286,1,0,0,0,0,-1
1725640301.3289287,1,0,0,0,0,-1
1725640301.4289286,1,0,0,0,0,-1
1725640301.5289288,1,0,0,0,0,-1
1725640301.6289287,0,0,0,0,0,-1
1725640301.7289286,0,0,0,0,0,-1
1725640301.8289287,1,0,0,0,0,-1
1725640301.9289286,1,0,0,0,0,-1
1725640302.0289288,1,0,0,0,0,-1
1725640302.1289287,1,0,0,0,0,-1
1725640302.2289286,1,0,0,0,0,-1
1725640302.3289287,1,0,0,0,0,-1
1725640302.4289286,1,0,0,0,0,-1
1725640302.5289288,1,0,0,0,0,-1
1725640302.6289287,1,0,0,0,0,-1
1725640302.7289286,1,0,0,0,0,-1
1725640302.8289287,1,0,0,0,0,-1
1725640302.9289286,1,0,0,0,0,-1
1725640303.0289288,1,0,0,0,0,-1
1725640303.1289287,1,0,0,0,0,-1
1725640303.2289286,1,0,0,0,0,-1
1725640303.3289287,1,0,0,0,0,-1
1725640303.4289286,1,0,0,0,0,-1
1725640303.5289288,1,0,0,0,0,-1
1725640303.6289287,1,0,0,0,0,-1
1725640303.7289286,1,0,0,0,0,-1
1725640303.8289287,0,0,0,0,0,-1
1725640303.9289286,1,0,0,0,0,-1
1725640304.0289288,1,0,0,0,0,-1
1725640304.1289287,1,0,0,0,0,-1
1725640304.2289286,1,0,0,0,0,-1
1725640304.3289287,1,0,0,0,0,-1
1725640304.4289286,1,0,0,0,0,-1
1725640304.5289288,1,0,0,0,0,-1
1725640304.6289287,1,0,0,0,0,-1
1725640304.7289286,1,0,0,0,0,-1
1725640304.8289287,1,0,0,0,0,-1
1725640304.9289286,1,0,0,0,0,-1
1725640305.0289288,1,0,0,0,0,-1
1725640305.1289287,1,0,0,0,0,-1
1725640305.2289286,1,0,0,0,0,-1
1725640305.3289287,1,0,0,0,0,-1
1725640305.4289286,1,0,0,0,0,-1
1725640305.5289288,1,0,0,0,0,-1
1725640305.6289287,1,0,0,0,0,-1
1725640305.7289286,1,0,0,0,0,-1
1725640305.8289287,1,0,0,0,0,-1
