frame_index,frame_name,num_features,added_features,dropped_features,dropout_ratio,tracked_before_filter,tracked_after_filter,grid_coverage,grid_occupied,grid_total,median_track_age,mean_track_age,long_track_ratio,median_fb_error,median_ncc,median_quality,mean_quality,median_visual_sigma,mean_visual_sigma,low_texture_feature_ratio,low_texture_track_age_median,low_texture_quality_median,mean_intensity,contrast,gradient_mean,laplacian_var,underexposed_ratio,overexposed_ratio,illumination_nonuniformity,local_contrast,flat_region_ratio,texture_score,blur_score,exposure_score,contrast_score,illumination_score,backscatter_score,highlight_shadow_score,grid_texture_score,underwater_score,degradation_score,image_quality,fundamental_inlier_ratio,homography_inlier_ratio,median_epipolar_error,median_homography_error,planar_score,tracker_mode,tracker_recovery_reason,tracker_recovered_count,track_health_score,track_health_reason,frontend_state_score,frontend_state_reason,semidense_acceptance,geometry_safe_acceptance,learned_mode_before_sparse_homography,learned_mode_after_sparse_homography,base_learned_mode_before_sparse_override,learned_mode_after_sparse_override,learned_mode_sparse_homography_allowed,learned_mode_sparse_homography_reason,last_loftr_sparse_homography_check_allowed,last_loftr_sparse_homography_check_reason,loftr_sparse_homography_allowed,loftr_sparse_homography_reason,semidense_raw_candidates,semidense_post_validate_candidates,semidense_accepted_candidates,semidense_queued_pending,semidense_grid_gain,semidense_new_cell_ratio,semidense_before_f_inlier,semidense_after_f_inlier,semidense_before_h_inlier,semidense_after_h_inlier,semidense_before_epipolar,semidense_after_epipolar,semidense_before_homography,semidense_after_homography,pending_loftr_count,pending_loftr_age_median,loftr_confirmed_promoted,klt_degeneracy_loftr_allowed,klt_degeneracy_loftr_reason,klt_degeneracy_loftr_score,scheduler_mode,scheduler_reason,geometry_mode,geometry_reason,planar_confidence,adaptive_geometry_model,klt_tracks,gftt_tracks,orb_tracks,orb_match_tracks,orb_recovery_tracks,lk_recovery_tracks,homography_recovery_tracks,xfeat_tracks,xfeat_recovery_tracks,xfeat_init_tracks,xfeat_confirmed_tracks,xfeat_star_tracks,xfeat_star_recovery_tracks,xfeat_star_init_tracks,xfeat_star_confirmed_tracks,superpoint_lightglue_tracks,superpoint_lightglue_recovery_tracks,superpoint_lightglue_init_tracks,superpoint_lightglue_confirmed_tracks,learned_memory_tracks,loftr_tracks,loftr_recovery_tracks,loftr_init_tracks,loftr_confirmed_tracks,candidate_bank_count,candidate_bank_coverage,candidate_bank_grid_gain,stable_candidate_grid_coverage,runtime_ms
2210,raw_data/images_sequence_6/frame002210.png,350,350,0,0.0,0,0,0.8333333333333334,20,24,1.0,1.0,0.0,0.0,1.0,0.722257137298584,0.7222571969032288,1.1758545637130737,1.1758546829223633,0.0,nan,nan,92.8983154296875,36.47954559326172,18.788246154785156,559.8944091796875,0.022173363418877774,0.0,0.30278290094113813,0.061089180409908295,0.25,0.671008791242327,1.0,0.9445665914528055,0.8106565687391493,0.2733210377412685,0.5441673307557299,0.9240569948890822,0.75,0.7222571579641567,0.2777428420358433,0.7222571579641567,0.0,0.0,nan,nan,0.0,klt,n/a,0,nan,n/a,nan,n/a,n/a,n/a,n/a,n/a,n/a,n/a,False,n/a,False,n/a,False,n/a,0,0,0,0,nan,nan,nan,nan,nan,nan,nan,nan,nan,nan,0,nan,0,False,n/a,0.0,klt,healthy,normal,healthy,0.0,n/a,0,350,0,0,0,0,0,0,0,0,0,0,0,0,0,0,0,0,0,0,0,0,0,0,0,0.0,0.0,0.0,609.1981967911124
2211,raw_data/images_sequence_6/frame002211.png,350,51,51,0.1457142857142857,350,299,0.875,21,24,2.0,1.854285717010498,0.0,0.02559031918644905,0.8777862787246704,0.2750304043292999,0.31987327337265015,1.9033637046813965,1.9126278162002563,0.0,nan,nan,92.99665832519531,36.4793701171875,18.75924301147461,561.66259765625,0.022137682144410614,0.0,0.30267194112141926,0.06091552972793579,0.20833333333333334,0.6699729646955218,1.0,0.9446557946389734,0.8106526692708333,0.27358734130859375,0.5437707203807253,0.9245708052414093,0.7916666666666666,0.7245600304455663,0.27543996955443373,0.7245600304455663,0.979933110367893,0.979933110367893,0.23849909152421175,0.16759779435473862,0.9999989795232257,klt,n/a,0,nan,n/a,nan,n/a,n/a,n/a,n/a,n/a,n/a,n/a,False,n/a,False,n/a,False,n/a,0,0,0,0,nan,nan,nan,nan,nan,nan,nan,nan,nan,nan,0,nan,0,False,n/a,0.0,klt,healthy,normal,healthy,0.6923156960689478,n/a,299,51,0,0,0,0,0,0,0,0,0,0,0,0,0,0,0,0,0,0,0,0,0,0,0,0.0,0.0,0.0,642.2184989787638
2212,raw_data/images_sequence_6/frame002212.png,350,40,40,0.11428571428571428,350,310,0.875,21,24,3.0,2.6942856311798096,0.0,0.020631320774555206,0.8568395376205444,0.2708422541618347,0.30414682626724243,1.9179713726043701,1.9530130624771118,0.0,nan,nan,92.92455291748047,36.468177795410156,18.734960556030273,562.4888305664062,0.02233138049151805,0.0,0.3023196366254021,0.060977231711149216,0.20833333333333334,0.6691057341439384,1.0,0.9441715487712049,0.8104039510091146,0.2744328720990349,0.5437865930298964,0.9239438342757721,0.7916666666666666,0.7243639447993035,0.27563605520069645,0.7243639447993035,0.9806451612903225,0.9838709677419355,0.14373019317226335,0.19312041164454252,1.0032884505940143,klt,n/a,0,nan,n/a,nan,n/a,n/a,n/a,n/a,n/a,n/a,n/a,False,n/a,False,n/a,False,n/a,0,0,0,0,nan,nan,nan,nan,nan,nan,nan,nan,nan,nan,0,nan,0,False,n/a,0.0,klt,healthy,normal,healthy,0.6912947913773556,n/a,310,40,0,0,0,0,0,0,0,0,0,0,0,0,0,0,0,0,0,0,0,0,0,0,0,0.0,0.0,0.0,636.7498813197017
2213,raw_data/images_sequence_6/frame002213.png,350,36,36,0.10285714285714286,350,314,0.875,21,24,4.0,3.5142858028411865,0.0,0.024744361639022827,0.8579579591751099,0.28141820430755615,0.30843406915664673,1.8817143440246582,1.929787278175354,0.0,nan,nan,92.95215606689453,36.490726470947266,18.63116455078125,559.7737426757812,0.022706883427577207,0.0,0.30238224702722893,0.06084093824028969,0.20833333333333334,0.6653987339564732,1.0,0.943232791431057,0.810905032687717,0.2742826071346506,0.5437273759808805,0.9240569948890822,0.7916666666666666,0.7234745301745787,0.27652546982542126,0.7234745301745787,0.9840764331210191,0.9808917197452229,0.1539970203694927,0.19752988185844017,0.9967627411537193,klt,n/a,0,nan,n/a,nan,n/a,n/a,n/a,n/a,n/a,n/a,n/a,False,n/a,False,n/a,False,n/a,0,0,0,0,nan,nan,nan,nan,nan,nan,nan,nan,nan,nan,0,nan,0,False,n/a,0.0,klt,healthy,normal,healthy,0.6911184125687997,n/a,314,36,0,0,0,0,0,0,0,0,0,0,0,0,0,0,0,0,0,0,0,0,0,0,0,0.0,0.0,0.0,636.6253369487822
2214,raw_data/images_sequence_6/frame002214.png,350,31,31,0.08857142857142856,350,319,0.8333333333333334,20,24,5.0,4.305714130401611,0.7485714285714286,0.02604619972407818,0.8565372824668884,0.28958338499069214,0.3099901080131531,1.8550941944122314,1.9143638610839844,0.0,nan,nan,92.84623718261719,36.512977600097656,18.628690719604492,560.1671142578125,0.02264061820356677,0.0,0.3026759054146561,0.061178285628557205,0.20833333333333334,0.6653103828430176,1.0,0.9433984544910831,0.8113995022243924,0.27357782700482536,0.5447413093589171,0.9245799804262723,0.7916666666666666,0.7235886907606428,0.2764113092393572,0.7235886907606428,0.9749216300940439,0.9843260188087775,0.1724759645322284,0.19715864622672233,1.0096452666339548,klt,n/a,0,nan,n/a,nan,n/a,n/a,n/a,n/a,n/a,n/a,n/a,False,n/a,False,n/a,False,n/a,0,0,0,0,nan,nan,nan,nan,nan,nan,nan,nan,nan,nan,0,nan,0,False,n/a,0.0,klt,healthy,normal,healthy,0.6911332619940684,n/a,319,31,0,0,0,0,0,0,0,0,0,0,0,0,0,0,0,0,0,0,0,0,0,0,0,0.0,0.0,0.0,651.1293742805719
2215,raw_data/images_sequence_6/frame002215.png,350,34,34,0.09714285714285714,350,316,0.8333333333333334,20,24,6.0,5.028571605682373,0.7628571428571429,0.02539253607392311,0.8561543226242065,0.3048117458820343,0.3223780691623688,1.8083107471466064,1.8704066276550293,0.0,nan,nan,92.90472412109375,36.526641845703125,18.619171142578125,562.0101928710938,0.022715378969117007,0.0,0.30265384599274275,0.06152152270078659,0.20833333333333334,0.6649703979492188,1.0,0.9432115525772075,0.8117031521267362,0.2736307696174174,0.5456732185651558,0.9254240974336668,0.7916666666666666,0.7236977919335785,0.2763022080664215,0.7236977919335785,0.9778481012658228,0.9810126582278481,0.12766949257304344,0.19227030485495356,1.003235219992461,klt,n/a,0,nan,n/a,nan,n/a,n/a,n/a,n/a,n/a,n/a,n/a,False,n/a,False,n/a,False,n/a,0,0,0,0,nan,nan,nan,nan,nan,nan,nan,nan,nan,nan,0,nan,0,False,n/a,0.0,klt,healthy,normal,healthy,0.6913287956489392,n/a,316,34,0,0,0,0,0,0,0,0,0,0,0,0,0,0,0,0,0,0,0,0,0,0,0,0.0,0.0,0.0,648.6674891784787
2216,raw_data/images_sequence_6/frame002216.png,350,35,35,0.1,350,315,0.875,21,24,7.0,5.674285888671875,0.7457142857142857,0.01982632838189602,0.8636243939399719,0.31412845849990845,0.3324483633041382,1.7813892364501953,1.8492982387542725,0.0,nan,nan,92.8640365600586,36.60015869140625,18.59731674194336,559.784912109375,0.022813927250978687,0.0,0.30371450835583264,0.06150643527507782,0.20833333333333334,0.6641898836408343,1.0,0.9429651818725533,0.8133368598090278,0.2710851799460017,0.546455782802418,0.9250693236189648,0.7916666666666666,0.7234087979486417,0.27659120205135834,0.7234087979486417,0.9714285714285714,0.9777777777777777,0.19149397470478885,0.17561061218807653,1.0065349115735387,klt,n/a,0,nan,n/a,nan,n/a,n/a,n/a,n/a,n/a,n/a,n/a,False,n/a,False,n/a,False,n/a,0,0,0,0,nan,nan,nan,nan,nan,nan,nan,nan,nan,nan,0,nan,0,False,n/a,0.0,klt,healthy,normal,healthy,0.6919951833556143,n/a,315,35,0,0,0,0,0,0,0,0,0,0,0,0,0,0,0,0,0,0,0,0,0,0,0,0.0,0.0,0.0,646.2892671115696
2217,raw_data/images_sequence_6/frame002217.png,350,32,32,0.09142857142857143,350,318,0.875,21,24,8.0,6.405714511871338,0.7714285714285715,0.02422036975622177,0.8588881492614746,0.3228908181190491,0.33738502860069275,1.7571172714233398,1.8319404125213623,0.0,nan,nan,92.83572387695312,36.53438949584961,18.566627502441406,562.480224609375,0.023002528273162244,0.0,0.30282688664455043,0.06098601222038269,0.20833333333333334,0.6630938393729073,1.0,0.9424936793170944,0.8118753221299914,0.27321547205307894,0.5445422342931382,0.9245004621574597,0.7916666666666666,0.722970186767745,0.27702981323225495,0.722970186767745,0.9748427672955975,0.9874213836477987,0.16792649960810624,0.1847491530460828,1.0129021867648536,klt,n/a,0,nan,n/a,nan,n/a,n/a,n/a,n/a,n/a,n/a,n/a,False,n/a,False,n/a,False,n/a,0,0,0,0,nan,nan,nan,nan,nan,nan,nan,nan,nan,nan,0,nan,0,False,n/a,0.0,klt,healthy,normal,healthy,0.691629641721294,n/a,318,32,0,0,0,0,0,0,0,0,0,0,0,0,0,0,0,0,0,0,0,0,0,0,0,0.0,0.0,0.0,648.5502030700445
2218,raw_data/images_sequence_6/frame002218.png,350,24,24,0.06857142857142857,350,326,0.875,21,24,9.0,7.105714321136475,0.7714285714285715,0.026457691565155983,0.8528554439544678,0.3227195143699646,0.33330419659614563,1.7575883865356445,1.8377904891967773,0.0,nan,nan,92.77960205078125,36.562400817871094,18.582244873046875,561.3817138671875,0.023119766746411485,0.0,0.30318190481148505,0.060998477041721344,0.20833333333333334,0.663651602608817,1.0,0.9422005831339713,0.812497795952691,0.2723634284524359,0.544881800343894,0.9248674695519791,0.7916666666666666,0.7230759022620662,0.2769240977379338,0.7230759022620662,0.9785276073619632,0.9815950920245399,0.21333762976697923,0.1863096251809396,1.0031337710921335,klt,n/a,0,nan,n/a,nan,n/a,n/a,n/a,n/a,n/a,n/a,n/a,False,n/a,False,n/a,False,n/a,0,0,0,0,nan,nan,nan,nan,nan,nan,nan,nan,nan,nan,0,nan,0,False,n/a,0.0,klt,healthy,normal,healthy,0.6915672228358998,n/a,326,24,0,0,0,0,0,0,0,0,0,0,0,0,0,0,0,0,0,0,0,0,0,0,0,0.0,0.0,0.0,660.8048267662525
2219,raw_data/images_sequence_6/frame002219.png,350,38,38,0.10857142857142857,350,312,0.875,21,24,10.0,7.619999885559082,0.76,0.024015767499804497,0.8665471076965332,0.34831127524375916,0.36330074071884155,1.6919888257980347,1.7605761289596558,0.0,nan,nan,92.79135131835938,36.61076736450195,18.646739959716797,564.1927490234375,0.02329647401043932,0.0,0.30440931133195465,0.060932110995054245,0.25,0.6659549985613141,1.0,0.9417588149739017,0.8135726081000434,0.26941765280330887,0.5452683744933268,0.9251488418877774,0.75,0.7208094772972916,0.2791905227027084,0.7208094772972916,0.9775641025641025,0.9711538461538461,0.22797464110409904,0.18891117659951132,0.9934416067089138,klt,n/a,0,nan,n/a,nan,n/a,n/a,n/a,n/a,n/a,n/a,n/a,False,n/a,False,n/a,False,n/a,0,0,0,0,nan,nan,nan,nan,nan,nan,nan,nan,nan,nan,0,nan,0,False,n/a,0.0,klt,healthy,normal,healthy,0.7012670823477843,n/a,312,38,0,0,0,0,0,0,0,0,0,0,0,0,0,0,0,0,0,0,0,0,0,0,0,0.0,0.0,0.0,641.3198872469366
2220,raw_data/images_sequence_6/frame002220.png,350,27,27,0.07714285714285714,350,323,0.875,21,24,11.0,8.371428489685059,0.78,0.028595080599188805,0.8521265387535095,0.3451875150203705,0.35179755091667175,1.6995925903320312,1.7878764867782593,0.0,nan,nan,92.80040740966797,36.682579040527344,18.61686897277832,561.5823364257812,0.02333895171813832,0.0,0.3059594113219018,0.06088166683912277,0.25,0.6648881775992257,1.0,0.9416526207046542,0.8151684231228299,0.26569741282743575,0.5459516361957849,0.9252191849717268,0.75,0.7203189095687667,0.27968109043123335,0.7203189095687667,0.9752321981424149,0.9814241486068112,0.1365904157589632,0.17783691729349851,1.006348174442983,klt,n/a,0,nan,n/a,nan,n/a,n/a,n/a,n/a,n/a,n/a,n/a,False,n/a,False,n/a,False,n/a,0,0,0,0,nan,nan,nan,nan,nan,nan,nan,nan,nan,nan,0,nan,0,False,n/a,0.0,klt,healthy,normal,healthy,0.7017100527200248,n/a,323,27,0,0,0,0,0,0,0,0,0,0,0,0,0,0,0,0,0,0,0,0,0,0,0,0.0,0.0,0.0,649.0795379504561
2221,raw_data/images_sequence_6/frame002221.png,350,33,33,0.09428571428571429,350,317,0.8333333333333334,20,24,12.0,8.931428909301758,0.7885714285714286,0.023862551897764206,0.85819411277771,0.35298943519592285,0.36658382415771484,1.680757999420166,1.7518411874771118,0.0,nan,nan,92.7554702758789,36.6983642578125,18.603940963745117,561.5689697265625,0.0234969687907786,0.0,0.30605816560633037,0.0608789436519146,0.2916666666666667,0.664426462990897,1.0,0.9412575780230535,0.8155192057291667,0.2654604025448072,0.5461208384371166,0.9243322504349717,0.7083333333333333,0.717645927903089,0.282354072096911,0.717645927903089,0.9810725552050473,0.9873817034700315,0.15774043546082167,0.17330694320679932,1.0064298423207072,klt,n/a,0,nan,n/a,nan,n/a,n/a,n/a,n/a,n/a,n/a,n/a,False,n/a,False,n/a,False,n/a,0,0,0,0,nan,nan,nan,nan,nan,nan,nan,nan,nan,nan,0,nan,0,False,n/a,0.0,klt,healthy,normal,healthy,0.7116951732521202,n/a,317,33,0,0,0,0,0,0,0,0,0,0,0,0,0,0,0,0,0,0,0,0,0,0,0,0.0,0.0,0.0,647.1369648352265
2222,raw_data/images_sequence_6/frame002222.png,350,24,24,0.06857142857142857,350,326,0.8333333333333334,20,24,13.0,9.654285430908203,0.7971428571428572,0.025470592081546783,0.8568400144577026,0.3555278778076172,0.3639533817768097,1.6747642755508423,1.7598929405212402,0.0,nan,nan,92.86946868896484,36.793235778808594,18.59679412841797,563.3720092773438,0.02363799478033928,0.0,0.3073659635057636,0.06073874235153198,0.25,0.6641712188720703,1.0,0.9409050130491519,0.8176274617513021,0.26232168758616736,0.5468563271291328,0.9247787760983036,0.75,0.7199760872113677,0.28002391278863226,0.7199760872113677,0.9938650306748467,0.9938650306748467,0.17702228909012985,0.18131263342260606,0.9999989938281728,klt,n/a,0,nan,n/a,nan,n/a,n/a,n/a,n/a,n/a,n/a,n/a,False,n/a,False,n/a,False,n/a,0,0,0,0,nan,nan,nan,nan,nan,nan,nan,nan,nan,nan,0,nan,0,False,n/a,0.0,klt,healthy,normal,healthy,0.7015710240748605,n/a,326,24,0,0,0,0,0,0,0,0,0,0,0,0,0,0,0,0,0,0,0,0,0,0,0,0.0,0.0,0.0,645.6610318273306
2223,raw_data/images_sequence_6/frame002223.png,350,33,33,0.09428571428571429,350,317,0.8333333333333334,20,24,14.0,10.14571475982666,0.7971428571428572,0.021712975576519966,0.8587683439254761,0.36904066801071167,0.38019242882728577,1.6439019441604614,1.7299333810806274,0.0,nan,nan,93.00818634033203,36.85302734375,18.66773796081543,563.63623046875,0.023590419747716397,0.0,0.30728828579771755,0.06048884987831116,0.2916666666666667,0.6667049271719796,1.0,0.941023950630709,0.8189561631944444,0.2625081140854779,0.5469527404115657,0.9254607981731188,0.7083333333333333,0.7182858103485958,0.28171418965140416,0.7182858103485958,0.9810725552050473,0.9684542586750788,0.2178213549353413,0.17388611943964624,0.9871372574838886,klt,n/a,0,nan,n/a,nan,n/a,n/a,n/a,n/a,n/a,n/a,n/a,False,n/a,False,n/a,False,n/a,0,0,0,0,nan,nan,nan,nan,nan,nan,nan,nan,nan,nan,0,nan,0,False,n/a,0.0,klt,healthy,normal,healthy,0.7116720062028064,n/a,317,33,0,0,0,0,0,0,0,0,0,0,0,0,0,0,0,0,0,0,0,0,0,0,0,0.0,0.0,0.0,645.2352218329906
2224,raw_data/images_sequence_6/frame002224.png,350,34,34,0.09714285714285714,350,316,0.7916666666666666,19,24,14.5,10.45714282989502,0.7685714285714286,0.023112371563911438,0.8516754508018494,0.3699215054512024,0.3847053349018097,1.64194655418396,1.7272275686264038,0.0,nan,nan,93.10118103027344,36.94779968261719,18.6307315826416,564.0645141601562,0.023923444976076555,0.0,0.30838572932224656,0.06048848479986191,0.2916666666666667,0.6653832708086286,1.0,0.9401913875598086,0.8210622151692708,0.2598742496266083,0.5480049366752306,0.9249898053501522,0.7083333333333333,0.7178771275751498,0.28212287242485024,0.7178771275751498,0.9873417721518988,0.990506329113924,0.13573926411502893,0.17390106081135018,1.0032041121394248,klt,n/a,0,nan,n/a,nan,n/a,n/a,n/a,n/a,n/a,n/a,n/a,False,n/a,False,n/a,False,n/a,0,0,0,0,nan,nan,nan,nan,nan,nan,nan,nan,nan,nan,0,nan,0,False,n/a,0.0,klt,healthy,normal,healthy,0.7116714085479382,n/a,316,34,0,0,0,0,0,0,0,0,0,0,0,0,0,0,0,0,0,0,0,0,0,0,0,0.0,0.0,0.0,639.3458829261363
2225,raw_data/images_sequence_6/frame002225.png,350,34,34,0.09714285714285714,350,316,0.7916666666666666,19,24,15.0,10.931428909301758,0.7742857142857142,0.023742619901895523,0.8469020128250122,0.37728941440582275,0.3902526795864105,1.6258797645568848,1.7124148607254028,0.0,nan,nan,93.20589447021484,37.03020095825195,18.60247039794922,564.982666015625,0.023998205741626793,0.0,0.3098593184527229,0.060278646647930145,0.2916666666666667,0.6643739427839007,1.0,0.940004485645933,0.8228933546278212,0.256337635713465,0.5484436015137518,0.9246564403001305,0.7083333333333333,0.7173898958448519,0.2826101041551481,0.7173898958448519,0.9841772151898734,0.9968354430379747,0.19825441815752903,0.16610962667387413,1.0128607071897637,klt,n/a,0,nan,n/a,nan,n/a,n/a,n/a,n/a,n/a,n/a,n/a,False,n/a,False,n/a,False,n/a,0,0,0,0,nan,nan,nan,nan,nan,nan,nan,nan,nan,nan,0,nan,0,False,n/a,0.0,klt,healthy,normal,healthy,0.7119830659134372,n/a,316,34,0,0,0,0,0,0,0,0,0,0,0,0,0,0,0,0,0,0,0,0,0,0,0,0.0,0.0,0.0,650.1216390170157
2226,raw_data/images_sequence_6/frame002226.png,350,33,33,0.09428571428571429,350,317,0.75,18,24,15.0,11.465714454650879,0.7714285714285715,0.024192998185753822,0.8548500537872314,0.39257723093032837,0.39575645327568054,1.5939884185791016,1.7055792808532715,0.0,nan,nan,93.18748474121094,36.939186096191406,18.57811737060547,563.6310424804688,0.024061072749021313,0.0,0.30857433842677695,0.06033430993556976,0.2916666666666667,0.6635041918073382,1.0,0.9398473181274467,0.8208708021375868,0.2594215877757353,0.5475588327405428,0.9249102870813397,0.7083333333333333,0.7172777960717669,0.2827222039282331,0.7172777960717669,0.9905362776025236,0.9936908517350158,0.15579243981789068,0.1639214441659061,1.003183700607538,klt,n/a,0,nan,n/a,nan,n/a,n/a,n/a,n/a,n/a,n/a,n/a,False,n/a,False,n/a,False,n/a,0,0,0,0,nan,nan,nan,nan,nan,nan,nan,nan,nan,nan,0,nan,0,False,n/a,0.0,klt,healthy,normal,healthy,0.7120705932137559,n/a,317,33,0,0,0,0,0,0,0,0,0,0,0,0,0,0,0,0,0,0,0,0,0,0,0,0.0,0.0,0.0,643.3236859738827
2227,raw_data/images_sequence_6/frame002227.png,350,34,34,0.09714285714285714,350,316,0.75,18,24,15.0,11.960000038146973,0.7714285714285715,0.022667130455374718,0.8537492156028748,0.3890022337436676,0.40339094400405884,1.6012848615646362,1.6957122087478638,0.0,nan,nan,93.21036529541016,36.89631652832031,18.549482345581055,562.8922729492188,0.023986311983471075,0.0,0.3080157620299096,0.060047708451747894,0.2916666666666667,0.6624815123421806,1.0,0.9400342200413223,0.8199181450737847,0.260762171128217,0.5464311371999557,0.9251702506524576,0.7083333333333333,0.7170288719901852,0.28297112800981483,0.7170288719901852,0.990506329113924,0.9936708860759493,0.14288955565341716,0.1844266675950204,1.0031938753697616,klt,n/a,0,nan,n/a,nan,n/a,n/a,n/a,n/a,n/a,n/a,n/a,False,n/a,False,n/a,False,n/a,0,0,0,0,nan,nan,nan,nan,nan,nan,nan,nan,nan,nan,0,nan,0,False,n/a,0.0,klt,healthy,normal,healthy,0.7112503842765914,n/a,316,34,0,0,0,0,0,0,0,0,0,0,0,0,0,0,0,0,0,0,0,0,0,0,0,0.0,0.0,0.0,634.6676019020379
2228,raw_data/images_sequence_6/frame002228.png,350,37,37,0.10571428571428572,350,313,0.75,18,24,15.0,12.30571460723877,0.7685714285714286,0.021690327674150467,0.852642834186554,0.41457295417785645,0.41318216919898987,1.5512428283691406,1.6874679327011108,0.0,nan,nan,93.24237060546875,37.007686614990234,18.548425674438477,563.72705078125,0.023880967268377556,0.0,0.3093213578766467,0.06006108224391937,0.25,0.6624437740870884,1.0,0.9402975818290561,0.8223930358886719,0.25762874109604794,0.5476989775896073,0.9245096373423227,0.75,0.7195229837300259,0.2804770162699741,0.7195229837300259,0.9968051118210862,0.9968051118210862,0.1560627441067347,0.18205117148007396,0.9999989967958782,klt,n/a,0,nan,n/a,nan,n/a,n/a,n/a,n/a,n/a,n/a,n/a,False,n/a,False,n/a,False,n/a,0,0,0,0,nan,nan,nan,nan,nan,nan,nan,nan,nan,nan,0,nan,0,False,n/a,0.0,klt,healthy,normal,healthy,0.7015414825525618,n/a,313,37,0,0,0,0,0,0,0,0,0,0,0,0,0,0,0,0,0,0,0,0,0,0,0,0.0,0.0,0.0,648.821217007935
2229,raw_data/images_sequence_6/frame002229.png,350,36,36,0.10285714285714286,350,314,0.7916666666666666,19,24,15.0,12.78857135772705,0.76,0.02468802221119404,0.8571992516517639,0.410891592502594,0.4121057093143463,1.5581494569778442,1.6968666315078735,0.0,nan,nan,93.14888763427734,36.89596176147461,18.545045852661133,564.3897094726562,0.023848684210526317,0.0,0.3078930514466529,0.060409627854824066,0.2916666666666667,0.6623230661664691,1.0,0.9403782894736842,0.8199102613661025,0.261056676528033,0.547249739444015,0.9249989805350152,0.7083333333333333,0.7171635429367048,0.2828364570632952,0.7171635429367048,0.9872611464968153,0.9777070063694268,0.12310485566336943,0.17580548955857372,0.9903215775452407,klt,n/a,0,nan,n/a,nan,n/a,n/a,n/a,n/a,n/a,n/a,n/a,False,n/a,False,n/a,False,n/a,0,0,0,0,nan,nan,nan,nan,nan,nan,nan,nan,nan,nan,0,nan,0,False,n/a,0.0,klt,healthy,normal,healthy,0.7115952313980493,n/a,314,36,0,0,0,0,0,0,0,0,0,0,0,0,0,0,0,0,0,0,0,0,0,0,0,0.0,0.0,0.0,644.4193217903376
2230,raw_data/images_sequence_6/frame002230.png,350,30,30,0.08571428571428572,350,320,0.75,18,24,16.0,13.30571460723877,0.7628571428571429,0.02377602830529213,0.8517612218856812,0.40090081095695496,0.4095577597618103,1.5774271488189697,1.7001873254776,0.0,nan,nan,93.18184661865234,36.84437942504883,18.54896354675293,565.1309204101562,0.023916648542844716,0.0,0.30722980574065567,0.060492806136608124,0.2916666666666667,0.6624629838126046,1.0,0.9402083786428882,0.8187639872233073,0.26264846622242644,0.5468656439221267,0.9248827615267508,0.7083333333333333,0.7172061685761164,0.2827938314238836,0.7172061685761164,0.99375,0.990625,0.142815326133159,0.1598294477406311,0.9968543427880826,klt,n/a,0,nan,n/a,nan,n/a,n/a,n/a,n/a,n/a,n/a,n/a,False,n/a,False,n/a,False,n/a,0,0,0,0,nan,nan,nan,nan,nan,nan,nan,nan,nan,nan,0,nan,0,False,n/a,0.0,klt,healthy,normal,healthy,0.7122342730707669,n/a,320,30,0,0,0,0,0,0,0,0,0,0,0,0,0,0,0,0,0,0,0,0,0,0,0,0.0,0.0,0.0,644.6941760368645
2231,raw_data/images_sequence_6/frame002231.png,350,38,38,0.10857142857142857,350,312,0.75,18,24,16.0,13.654285430908203,0.7571428571428571,0.026010386645793915,0.8611595630645752,0.41896605491638184,0.421051949262619,1.5430965423583984,1.6727497577667236,0.0,nan,nan,93.13956451416016,36.78367233276367,18.4854793548584,564.0359497070312,0.023991409308394954,0.0,0.3063674807081035,0.06047292426228523,0.25,0.6601956912449428,1.0,0.9400214767290126,0.8174149407280816,0.2647180463005516,0.5461459345965073,0.9255464332318399,0.75,0.7192662467963072,0.28073375320369276,0.7192662467963072,0.9903846153846154,0.9935897435897436,0.15046049020951335,0.1815040281904472,1.0032352329793117,klt,n/a,0,nan,n/a,nan,n/a,n/a,n/a,n/a,n/a,n/a,n/a,False,n/a,False,n/a,False,n/a,0,0,0,0,nan,nan,nan,nan,nan,nan,nan,nan,nan,nan,0,nan,0,False,n/a,0.0,klt,healthy,normal,healthy,0.7015633682841469,n/a,312,38,0,0,0,0,0,0,0,0,0,0,0,0,0,0,0,0,0,0,0,0,0,0,0,0.0,0.0,0.0,656.6608939319849
2232,raw_data/images_sequence_6/frame002232.png,350,23,23,0.06571428571428571,350,327,0.7916666666666666,19,24,16.0,14.14571475982666,0.7571428571428571,0.025180205702781677,0.8478732109069824,0.40427860617637634,0.40005239844322205,1.5708284378051758,1.712558627128601,0.0,nan,nan,93.09135437011719,36.75971984863281,18.4967041015625,562.7217407226562,0.024015196824706393,0.0,0.3061350414799709,0.06059451401233673,0.25,0.6605965750558036,1.0,0.939962007938234,0.8168826633029513,0.2652759004480699,0.5461561362249683,0.9253017616354937,0.75,0.7193480751690748,0.28065192483092516,0.7193480751690748,0.9908256880733946,0.9877675840978594,0.20425405926644563,0.1862578685870515,0.9969125741036674,klt,n/a,0,nan,n/a,nan,n/a,n/a,n/a,n/a,n/a,n/a,n/a,False,n/a,False,n/a,False,n/a,0,0,0,0,nan,nan,nan,nan,nan,nan,nan,nan,nan,nan,0,nan,0,False,n/a,0.0,klt,healthy,normal,healthy,0.7013732146682827,n/a,327,23,0,0,0,0,0,0,0,0,0,0,0,0,0,0,0,0,0,0,0,0,0,0,0,0.0,0.0,0.0,637.8293908201158
2233,raw_data/images_sequence_6/frame002233.png,350,33,33,0.09428571428571429,350,317,0.7916666666666666,19,24,15.5,14.265714645385742,0.7457142857142857,0.021900899708271027,0.8572204113006592,0.4164847135543823,0.4084400236606598,1.5476751327514648,1.6859861612319946,0.0,nan,nan,93.08702087402344,36.63621520996094,18.479007720947266,562.047607421875,0.024015196824706393,0.0,0.30469893212411925,0.06050410494208336,0.2916666666666667,0.6599645614624023,1.0,0.939962007938234,0.8141381157769098,0.2687225629021138,0.5445783873022807,0.9262070465419747,0.7083333333333333,0.7167272064426338,0.28327279355736623,0.7167272064426338,0.9873817034700315,0.9905362776025236,0.15866777547893834,0.18058130599076208,1.0031938721646725,klt,n/a,0,nan,n/a,nan,n/a,n/a,n/a,n/a,n/a,n/a,n/a,False,n/a,False,n/a,False,n/a,0,0,0,0,nan,nan,nan,nan,nan,nan,nan,nan,nan,nan,0,nan,0,False,n/a,0.0,klt,healthy,normal,healthy,0.7114041987407617,n/a,317,33,0,0,0,0,0,0,0,0,0,0,0,0,0,0,0,0,0,0,0,0,0,0,0,0.0,0.0,0.0,654.5279687270522
2234,raw_data/images_sequence_6/frame002234.png,350,33,33,0.09428571428571429,350,317,0.7916666666666666,19,24,16.0,14.734285354614258,0.7542857142857143,0.02330154925584793,0.8486822843551636,0.3979632258415222,0.41081908345222473,1.5831937789916992,1.6808841228485107,0.0,nan,nan,93.05870819091797,36.604190826416016,18.480587005615234,562.13720703125,0.023828294910830796,0.0,0.30467064950980394,0.060508254915475845,0.25,0.6600209644862584,1.0,0.940429262722923,0.8134264628092448,0.26879044117647055,0.5442319925761584,0.9258553311222271,0.75,0.7191571199920156,0.2808428800079844,0.7191571199920156,0.9936908517350158,0.9779179810725552,0.21752891029533886,0.173456955212377,0.9841259937525714,klt,n/a,0,nan,n/a,nan,n/a,n/a,n/a,n/a,n/a,n/a,n/a,False,n/a,False,n/a,False,n/a,0,0,0,0,nan,nan,nan,nan,nan,nan,nan,nan,nan,nan,0,nan,0,False,n/a,0.0,klt,healthy,normal,healthy,0.7018852512032697,n/a,317,33,0,0,0,0,0,0,0,0,0,0,0,0,0,0,0,0,0,0,0,0,0,0,0,0.0,0.0,0.0,638.4962317533791
2235,raw_data/images_sequence_6/frame002235.png,350,28,28,0.08,350,322,0.7916666666666666,19,24,15.5,15.228571891784668,0.7914285714285715,0.02288633957505226,0.8450644016265869,0.3792705535888672,0.40246325731277466,1.6216418743133545,1.7027508020401,0.0,nan,nan,92.95704650878906,36.525779724121094,18.41621208190918,563.4556884765625,0.023804507394519357,0.0,0.30390205084108846,0.06040402129292488,0.25,0.657721860068185,1.0,0.9404887315137016,0.8116839938693576,0.27063507798138775,0.5431238635095081,0.9274365213136146,0.75,0.71866950207832,0.28133049792167997,0.71866950207832,0.9875776397515528,0.9875776397515528,0.1350129408441928,0.18321671820713026,0.9999989874224089,klt,n/a,0,nan,n/a,nan,n/a,n/a,n/a,n/a,n/a,n/a,n/a,False,n/a,False,n/a,False,n/a,0,0,0,0,nan,nan,nan,nan,nan,nan,nan,nan,nan,nan,0,nan,0,False,n/a,0.0,klt,healthy,normal,healthy,0.7014948606834795,n/a,322,28,0,0,0,0,0,0,0,0,0,0,0,0,0,0,0,0,0,0,0,0,0,0,0,0.0,0.0,0.0,631.413312163204
2236,raw_data/images_sequence_6/frame002236.png,350,29,29,0.08285714285714285,350,321,0.8333333333333334,20,24,16.0,15.742856979370117,0.7971428571428572,0.02406519465148449,0.8435695171356201,0.39504873752593994,0.4024534523487091,1.5890071392059326,1.6952688694000244,0.0,nan,nan,92.86344909667969,36.53933334350586,18.441679000854492,564.2764282226562,0.023897958351457155,0.0,0.30466693803375844,0.06030666083097458,0.2916666666666667,0.6586313928876605,1.0,0.9402551041213572,0.8119851854112413,0.2687993487189798,0.5430531855032902,0.9268462510874294,0.7083333333333333,0.7160768073254948,0.28392319267450516,0.7160768073254948,0.9844236760124611,0.9875389408099688,0.17383043520429972,0.1535523938948769,1.0031635379256465,klt,n/a,0,nan,n/a,nan,n/a,n/a,n/a,n/a,n/a,n/a,n/a,False,n/a,False,n/a,False,n/a,0,0,0,0,nan,nan,nan,nan,nan,nan,nan,nan,nan,nan,0,nan,0,False,n/a,0.0,klt,healthy,normal,healthy,0.7124853552245971,n/a,321,29,0,0,0,0,0,0,0,0,0,0,0,0,0,0,0,0,0,0,0,0,0,0,0,0.0,0.0,0.0,639.7525044158101
2237,raw_data/images_sequence_6/frame002237.png,350,25,25,0.07142857142857142,350,325,0.8333333333333334,20,24,15.5,16.131427764892578,0.8057142857142857,0.02651122212409973,0.8477643728256226,0.3838751018047333,0.3992220163345337,1.6119076013565063,1.700494408607483,0.0,nan,nan,92.84222412109375,36.515995025634766,18.416671752929688,561.7338256835938,0.023850383318834274,0.0,0.3051663552078546,0.060059092938899994,0.2916666666666667,0.657738276890346,1.0,0.9403740417029143,0.811466556125217,0.26760074750114893,0.5422312165601085,0.9269869372553284,0.7083333333333333,0.7155743595279453,0.28442564047205465,0.7155743595279453,0.9907692307692307,0.9938461538461538,0.11835245687938757,0.16213020119291377,1.0031045776118392,klt,n/a,0,nan,n/a,nan,n/a,n/a,n/a,n/a,n/a,n/a,n/a,False,n/a,False,n/a,False,n/a,0,0,0,0,nan,nan,nan,nan,nan,nan,nan,nan,nan,nan,0,nan,0,False,n/a,0.0,klt,healthy,normal,healthy,0.7121422429326756,n/a,325,25,0,0,0,0,0,0,0,0,0,0,0,0,0,0,0,0,0,0,0,0,0,0,0,0.0,0.0,0.0,648.3412720263004
2238,raw_data/images_sequence_6/frame002238.png,350,21,21,0.06,350,329,0.8333333333333334,20,24,16.0,16.96285629272461,0.8314285714285714,0.026437271386384964,0.8440460562705994,0.3834456205368042,0.39442846179008484,1.6128108501434326,1.7115551233291626,0.0,nan,nan,92.88409423828125,36.54344940185547,18.450098037719727,564.6481323242188,0.023957427142235754,0.0,0.30496643066406254,0.06026787310838699,0.2916666666666667,0.6589320727757045,1.0,0.9401064321444106,0.812076653374566,0.2680805664062499,0.5430107655699807,0.9261856377772945,0.7083333333333333,0.7159907357048424,0.2840092642951576,0.7159907357048424,0.9665653495440729,0.9878419452887538,0.20819546188557256,0.17209594206493087,1.0220115212522312,klt,n/a,0,nan,n/a,nan,n/a,n/a,n/a,n/a,n/a,n/a,n/a,False,n/a,False,n/a,False,n/a,0,0,0,0,nan,nan,nan,nan,nan,nan,nan,nan,nan,nan,0,nan,0,False,n/a,0.0,klt,healthy,normal,healthy,0.711743613297795,n/a,329,21,0,0,0,0,0,0,0,0,0,0,0,0,0,0,0,0,0,0,0,0,0,0,0,0.0,0.0,0.0,647.8525688871741
2239,raw_data/images_sequence_6/frame002239.png,350,25,25,0.07142857142857142,350,325,0.875,21,24,17.0,17.334285736083984,0.8257142857142857,0.025248244404792786,0.8477821350097656,0.39113572239875793,0.406100869178772,1.5969302654266357,1.68096923828125,0.0,nan,nan,92.8622817993164,36.5139045715332,18.441862106323242,566.4921875,0.023804507394519357,0.0,0.30485873203651587,0.06008904427289963,0.2916666666666667,0.6586379323686872,1.0,0.9404887315137016,0.8114201015896267,0.2683390431123619,0.5422760605059489,0.9265159444323618,0.7083333333333333,0.7158609550558969,0.28413904494410314,0.7158609550558969,0.9846153846153847,0.9815384615384616,0.18059965604141628,0.17313608620734866,0.9968739875498563,klt,n/a,0,nan,n/a,nan,n/a,n/a,n/a,n/a,n/a,n/a,n/a,False,n/a,False,n/a,False,n/a,0,0,0,0,nan,nan,nan,nan,nan,nan,nan,nan,nan,nan,0,nan,0,False,n/a,0.0,klt,healthy,normal,healthy,0.7117020075320982,n/a,325,25,0,0,0,0,0,0,0,0,0,0,0,0,0,0,0,0,0,0,0,0,0,0,0,0.0,0.0,0.0,644.5495476946235
2240,raw_data/images_sequence_6/frame002240.png,350,24,24,0.06857142857142857,350,326,0.875,21,24,17.0,17.694286346435547,0.8285714285714286,0.026084374636411667,0.8469048738479614,0.39610397815704346,0.4034874141216278,1.586894154548645,1.6815283298492432,0.0,nan,nan,92.70439910888672,36.47050094604492,18.433095932006836,566.9225463867188,0.023751835036972598,0.0,0.30467169817756196,0.06016342714428902,0.2916666666666667,0.6583248547145298,1.0,0.9406204124075686,0.8104555765787761,0.26878792437385135,0.541962849980954,0.9261672874075685,0.7083333333333333,0.7156964753700656,0.28430352462993436,0.7156964753700656,0.99079754601227,0.9447852760736196,0.16867645947940385,0.17186003188795618,0.9535594091010298,klt,n/a,0,nan,n/a,nan,n/a,n/a,n/a,n/a,n/a,n/a,n/a,False,n/a,False,n/a,False,n/a,0,0,0,0,nan,nan,nan,nan,nan,nan,nan,nan,nan,nan,0,nan,0,False,n/a,0.0,klt,healthy,normal,healthy,0.7071901662692911,n/a,326,24,0,0,0,0,0,0,0,0,0,0,0,0,0,0,0,0,0,0,0,0,0,0,0,0.0,0.0,0.0,652.0911939442158
2241,raw_data/images_sequence_6/frame002241.png,350,24,24,0.06857142857142857,350,326,0.875,21,24,16.0,17.920000076293945,0.8142857142857143,0.023967597633600235,0.8412446975708008,0.3829754590988159,0.40167951583862305,1.6137946844100952,1.691056489944458,0.0,nan,nan,92.687744140625,36.5144157409668,18.450550079345703,565.29736328125,0.024006701283166593,0.0,0.3056472404330384,0.06017057225108147,0.2916666666666667,0.6589482171194894,1.0,0.9399832467920836,0.8114314609103732,0.26644662296070776,0.5424670310258263,0.9261428202479338,0.7083333333333333,0.7156055128430568,0.28439448715694315,0.7156055128430568,0.99079754601227,0.99079754601227,0.14655586159418077,0.17177341390710826,0.999998990713093,klt,n/a,0,nan,n/a,nan,n/a,n/a,n/a,n/a,n/a,n/a,n/a,False,n/a,False,n/a,False,n/a,0,0,0,0,nan,nan,nan,nan,nan,nan,nan,nan,nan,nan,0,nan,0,False,n/a,0.0,klt,healthy,normal,healthy,0.7117565144241078,n/a,326,24,0,0,0,0,0,0,0,0,0,0,0,0,0,0,0,0,0,0,0,0,0,0,0,0.0,0.0,0.0,636.7470119148493
2242,raw_data/images_sequence_6/frame002242.png,350,24,24,0.06857142857142857,350,326,0.875,21,24,16.0,18.428571701049805,0.8171428571428572,0.02321280911564827,0.8505239486694336,0.3908891975879669,0.40904614329338074,1.5974172353744507,1.6713082790374756,0.0,nan,nan,92.53740692138672,36.41765213012695,18.43480682373047,565.2257690429688,0.023933639625924315,0.0,0.30495603075214456,0.06033647060394287,0.25,0.6583859579903739,1.0,0.9401659009351893,0.8092811584472657,0.26810552619485306,0.5417689215053212,0.9266138130709004,0.75,0.7179224309159488,0.28207756908405124,0.7179224309159488,0.9877300613496932,0.9877300613496932,0.16326725015990906,0.17066475296833117,0.9999989875786647,klt,n/a,0,nan,n/a,nan,n/a,n/a,n/a,n/a,n/a,n/a,n/a,False,n/a,False,n/a,False,n/a,0,0,0,0,nan,nan,nan,nan,nan,nan,nan,nan,nan,nan,0,nan,0,False,n/a,0.0,klt,healthy,normal,healthy,0.7019969392930315,n/a,326,24,0,0,0,0,0,0,0,0,0,0,0,0,0,0,0,0,0,0,0,0,0,0,0,0.0,0.0,0.0,639.857972972095
2243,raw_data/images_sequence_6/frame002243.png,350,28,28,0.08,350,322,0.875,21,24,16.0,18.72857093811035,0.82,0.021610744297504425,0.8535783886909485,0.39653176069259644,0.4141872823238373,1.5860412120819092,1.6628456115722656,0.0,nan,nan,92.531982421875,36.485321044921875,18.483718872070312,568.3726806640625,0.024005002174858635,0.0,0.30590197993259804,0.06038360670208931,0.25,0.660132816859654,1.0,0.9399874945628535,0.810784912109375,0.26583524816176474,0.5426279258321631,0.9270358715745977,0.75,0.7182763466467738,0.28172365335322624,0.7182763466467738,0.9906832298136646,0.9875776397515528,0.16564295239956878,0.1662524542493461,0.9968641975226594,klt,n/a,0,nan,n/a,nan,n/a,n/a,n/a,n/a,n/a,n/a,n/a,False,n/a,False,n/a,False,n/a,0,0,0,0,nan,nan,nan,nan,nan,nan,nan,nan,nan,nan,0,nan,0,False,n/a,0.0,klt,healthy,normal,healthy,0.7021734312417909,n/a,322,28,0,0,0,0,0,0,0,0,0,0,0,0,0,0,0,0,0,0,0,0,0,0,0,0.0,0.0,0.0,649.860561825335
2244,raw_data/images_sequence_6/frame002244.png,350,25,25,0.07142857142857142,350,325,0.875,21,24,17.0,19.2742862701416,0.8314285714285714,0.02401634491980076,0.8537085056304932,0.3998788595199585,0.40857160091400146,1.5794066190719604,1.6736143827438354,0.0,nan,nan,92.4449234008789,36.46337890625,18.45812225341797,567.1365356445312,0.023984612875163114,0.0,0.3061299163219976,0.06027194857597351,0.25,0.6592186519077846,1.0,0.9400384678120922,0.8102973090277777,0.26528820082720583,0.5421303558229196,0.9268615430622009,0.75,0.7178760800387883,0.28212391996121167,0.7178760800387883,0.9815384615384616,0.9692307692307692,0.18901863822621343,0.18041186162920314,0.9874598090143011,klt,n/a,0,nan,n/a,nan,n/a,n/a,n/a,n/a,n/a,n/a,n/a,False,n/a,False,n/a,False,n/a,0,0,0,0,nan,nan,nan,nan,nan,nan,nan,nan,nan,nan,0,nan,0,False,n/a,0.0,klt,healthy,normal,healthy,0.7016070549465967,n/a,325,25,0,0,0,0,0,0,0,0,0,0,0,0,0,0,0,0,0,0,0,0,0,0,0,0.0,0.0,0.0,643.9849771559238
2245,raw_data/images_sequence_6/frame002245.png,350,26,26,0.07428571428571429,350,324,0.8333333333333334,20,24,17.5,19.799999237060547,0.84,0.02194291353225708,0.8512263298034668,0.40108662843704224,0.4111868143081665,1.577030897140503,1.6531760692596436,0.0,nan,nan,92.35326385498047,36.41227722167969,18.436511993408203,566.371337890625,0.023996506633318836,0.0,0.3058823125502643,0.060263000428676605,0.2916666666666667,0.6584468569074359,1.0,0.9400087334167029,0.8091617160373263,0.2658824498793656,0.5415422226292919,0.9275282731622445,0.7083333333333333,0.7151190685424802,0.2848809314575198,0.7151190685424802,0.9907407407407407,0.9907407407407407,0.1944270248107169,0.1650604189326027,0.9999989906552244,klt,n/a,0,nan,n/a,nan,n/a,n/a,n/a,n/a,n/a,n/a,n/a,False,n/a,False,n/a,False,n/a,0,0,0,0,nan,nan,nan,nan,nan,nan,nan,nan,nan,nan,0,nan,0,False,n/a,0.0,klt,healthy,normal,healthy,0.712025034223088,n/a,324,26,0,0,0,0,0,0,0,0,0,0,0,0,0,0,0,0,0,0,0,0,0,0,0,0.0,0.0,0.0,630.9182620607316
2246,raw_data/images_sequence_6/frame002246.png,350,31,31,0.08857142857142856,350,319,0.8333333333333334,20,24,18.0,20.139999389648438,0.82,0.021503832191228867,0.8594945669174194,0.4233836233615875,0.4197339713573456,1.5350435972213745,1.6438699960708618,0.0,nan,nan,92.32884979248047,36.301170349121094,18.37977409362793,568.0555419921875,0.023923444976076555,0.0,0.3045597031537224,0.06013554334640503,0.2916666666666667,0.6564205033438546,1.0,0.9401913875598086,0.8066926744249132,0.2690567124310663,0.5400180266361044,0.9264608933231839,0.7083333333333333,0.7145963547098876,0.2854036452901124,0.7145963547098876,0.9937304075235109,0.987460815047022,0.15223589463783796,0.16876351594243835,0.9936898517758275,klt,n/a,0,nan,n/a,nan,n/a,n/a,n/a,n/a,n/a,n/a,n/a,False,n/a,False,n/a,False,n/a,0,0,0,0,nan,nan,nan,nan,nan,nan,nan,nan,nan,nan,0,nan,0,False,n/a,0.0,klt,healthy,normal,healthy,0.7118769103426946,n/a,319,31,0,0,0,0,0,0,0,0,0,0,0,0,0,0,0,0,0,0,0,0,0,0,0,0.0,0.0,0.0,647.8466331027448
2247,raw_data/images_sequence_6/frame002247.png,350,28,28,0.08,350,322,0.8333333333333334,20,24,18.5,20.657142639160156,0.8257142857142857,0.02134907804429531,0.8455266952514648,0.4156489670276642,0.4161608815193176,1.5492267608642578,1.6505677700042725,0.0,nan,nan,92.25794982910156,36.40864562988281,18.384641647338867,567.5543212890625,0.023911551217920834,0.0,0.305661423627068,0.06040509045124054,0.2916666666666667,0.6565943445478167,1.0,0.9402211219551979,0.8090810139973958,0.2664125832950368,0.54182480347879,0.9261091779034363,0.7083333333333333,0.7147503008677971,0.2852496991322029,0.7147503008677971,0.9875776397515528,0.9906832298136646,0.15017424438717228,0.16940089500805972,1.003143638326253,klt,n/a,0,nan,n/a,nan,n/a,n/a,n/a,n/a,n/a,n/a,n/a,False,n/a,False,n/a,False,n/a,0,0,0,0,nan,nan,nan,nan,nan,nan,nan,nan,nan,nan,0,nan,0,False,n/a,0.0,klt,healthy,normal,healthy,0.7118514151800698,n/a,322,28,0,0,0,0,0,0,0,0,0,0,0,0,0,0,0,0,0,0,0,0,0,0,0,0.0,0.0,0.0,635.6680868193507
2248,raw_data/images_sequence_6/frame002248.png,350,34,34,0.09714285714285714,350,316,0.8333333333333334,20,24,19.0,20.91428565979004,0.8114285714285714,0.02079755812883377,0.8521637916564941,0.4283332824707031,0.4256543815135956,1.5261695384979248,1.6322578191757202,0.0,nan,nan,92.17659759521484,36.400794982910156,18.39094352722168,566.5827026367188,0.023875869943453674,0.0,0.30584911720425473,0.060047540813684464,0.2916666666666667,0.6568194116864886,1.0,0.9403103251413658,0.8089065551757812,0.2659621187097887,0.5409249612553553,0.9254118638538495,0.7083333333333333,0.7145767000103291,0.28542329998967086,0.7145767000103291,0.990506329113924,0.990506329113924,0.11185077619597426,0.15584738271242052,0.9999989904163546,klt,n/a,0,nan,n/a,nan,n/a,n/a,n/a,n/a,n/a,n/a,n/a,False,n/a,False,n/a,False,n/a,0,0,0,0,nan,nan,nan,nan,nan,nan,nan,nan,nan,nan,0,nan,0,False,n/a,0.0,klt,healthy,normal,healthy,0.7123935556718953,n/a,316,34,0,0,0,0,0,0,0,0,0,0,0,0,0,0,0,0,0,0,0,0,0,0,0,0.0,0.0,0.0,637.5176138244569
2249,raw_data/images_sequence_6/frame002249.png,350,28,28,0.08,350,322,0.7916666666666666,19,24,19.5,21.325714111328125,0.8028571428571428,0.019181370735168457,0.8510252237319946,0.41256362199783325,0.41547974944114685,1.5549960136413574,1.6524513959884644,0.0,nan,nan,92.23391723632812,36.46824264526367,18.433900833129883,568.4954223632812,0.023804507394519357,0.0,0.30659130021637565,0.06021629646420479,0.2916666666666667,0.6583536011832101,1.0,0.9404887315137016,0.8104053921169705,0.26418087948069846,0.5420579152953143,0.9266291050456721,0.7083333333333333,0.7150751063614625,0.28492489363853746,0.7150751063614625,0.9875776397515528,0.968944099378882,0.15640366667039313,0.1562417062099739,0.9811310819993447,klt,n/a,0,nan,n/a,nan,n/a,n/a,n/a,n/a,n/a,n/a,n/a,False,n/a,False,n/a,False,n/a,0,0,0,0,nan,nan,nan,nan,nan,nan,nan,nan,nan,nan,0,nan,0,False,n/a,0.0,klt,healthy,normal,healthy,0.7123777827319933,n/a,322,28,0,0,0,0,0,0,0,0,0,0,0,0,0,0,0,0,0,0,0,0,0,0,0,0.0,0.0,0.0,639.2332380637527
2250,raw_data/images_sequence_6/frame002250.png,350,16,16,0.045714285714285714,350,334,0.9583333333333334,23,24,19.5,21.96285629272461,0.8142857142857143,0.02324526011943817,0.8495427370071411,0.39806926250457764,0.3999726176261902,1.5829826593399048,1.6895231008529663,0.0,nan,nan,92.17207336425781,36.48105239868164,18.3966064453125,566.2249145507812,0.023965922683775554,0.0,0.30694031360102636,0.06018427014350891,0.2916666666666667,0.6570216587611607,1.0,0.9400851932905612,0.8106900533040364,0.2633432473575368,0.5421274587963567,0.9258369807525011,0.7083333333333333,0.7146113630495752,0.2853886369504248,0.7146113630495752,0.9880239520958084,0.9670658682634731,0.15036665825939038,0.16512069040450916,0.9787868881369072,klt,n/a,0,nan,n/a,nan,n/a,n/a,n/a,n/a,n/a,n/a,n/a,False,n/a,False,n/a,False,n/a,0,0,0,0,nan,nan,nan,nan,nan,nan,nan,nan,nan,nan,0,nan,0,False,n/a,0.0,klt,healthy,normal,healthy,0.7120226233642118,n/a,334,16,0,0,0,0,0,0,0,0,0,0,0,0,0,0,0,0,0,0,0,0,0,0,0,0.0,0.0,0.0,642.6717019639909
2251,raw_data/images_sequence_6/frame002251.png,350,26,26,0.07428571428571429,350,324,0.9166666666666666,22,24,19.0,21.885713577270508,0.8,0.02043014019727707,0.858860969543457,0.41170647740364075,0.4160116910934448,1.5566086769104004,1.6596845388412476,0.0,nan,nan,92.14481353759766,36.472557067871094,18.378334045410156,565.9534301757812,0.023903055676381034,0.0,0.3069681773466223,0.05993688851594925,0.2916666666666667,0.6563690730503627,1.0,0.9402423608090474,0.8105012681749132,0.26327637436810647,0.5414708352600686,0.9253996302740322,0.7083333333333333,0.7143496020083402,0.2856503979916598,0.7143496020083402,0.9783950617283951,0.9506172839506173,0.24440274440866921,0.15661313424068823,0.9716078397446685,klt,n/a,0,nan,n/a,nan,n/a,n/a,n/a,n/a,n/a,n/a,n/a,False,n/a,False,n/a,False,n/a,0,0,0,0,nan,nan,nan,nan,nan,nan,nan,nan,nan,nan,0,nan,0,False,n/a,0.0,klt,healthy,normal,healthy,0.7123629256107646,n/a,324,26,0,0,0,0,0,0,0,0,0,0,0,0,0,0,0,0,0,0,0,0,0,0,0,0.0,0.0,0.0,635.3746568784118
2252,raw_data/images_sequence_6/frame002252.png,350,28,28,0.08,350,322,0.9166666666666666,22,24,19.5,22.02857208251953,0.8085714285714286,0.021065112203359604,0.847909688949585,0.3954739570617676,0.41078588366508484,1.5881545543670654,1.6701480150222778,0.0,nan,nan,92.19680786132812,36.51015853881836,18.409793853759766,567.21240234375,0.023848684210526317,0.0,0.3069011089848538,0.06005845218896866,0.2916666666666667,0.6574926376342773,1.0,0.9403782894736842,0.8113368564181858,0.263437338436351,0.542164910456749,0.9254944405176163,0.7083333333333333,0.7148248808535214,0.28517511914647864,0.7148248808535214,0.9813664596273292,0.984472049689441,0.1216189655038042,0.16181819390909752,1.0031635347510817,klt,n/a,0,nan,n/a,nan,n/a,n/a,n/a,n/a,n/a,n/a,n/a,False,n/a,False,n/a,False,n/a,0,0,0,0,nan,nan,nan,nan,nan,nan,nan,nan,nan,nan,0,nan,0,False,n/a,0.0,klt,healthy,normal,healthy,0.7121547232240283,n/a,322,28,0,0,0,0,0,0,0,0,0,0,0,0,0,0,0,0,0,0,0,0,0,0,0,0.0,0.0,0.0,643.5474250465631
2253,raw_data/images_sequence_6/frame002253.png,350,27,27,0.07714285714285714,350,323,0.9166666666666666,22,24,20.0,22.42571449279785,0.8314285714285714,0.021174222230911255,0.8500100374221802,0.4193029999732971,0.4144403040409088,1.5424773693084717,1.667640209197998,0.0,nan,nan,92.21041870117188,36.503143310546875,18.39921760559082,568.3030395507812,0.023784118094823836,0.0,0.3074896270153569,0.06019047647714615,0.2916666666666667,0.6571149144853864,1.0,0.9405397047629405,0.8111809624565972,0.2620248951631434,0.542387018676358,0.9260204844497608,0.7083333333333333,0.7146029178841182,0.2853970821158818,0.7146029178841182,0.9845201238390093,0.9876160990712074,0.12708059445577274,0.18022955618835337,1.0031436351717165,klt,n/a,0,nan,n/a,nan,n/a,n/a,n/a,n/a,n/a,n/a,n/a,False,n/a,False,n/a,False,n/a,0,0,0,0,nan,nan,nan,nan,nan,nan,nan,nan,nan,nan,0,nan,0,False,n/a,0.0,klt,healthy,normal,healthy,0.7114182687328581,n/a,323,27,0,0,0,0,0,0,0,0,0,0,0,0,0,0,0,0,0,0,0,0,0,0,0,0.0,0.0,0.0,632.266229018569
2254,raw_data/images_sequence_6/frame002254.png,350,17,17,0.04857142857142857,350,333,0.9166666666666666,22,24,20.0,22.871429443359375,0.8285714285714286,0.021605338901281357,0.8432152271270752,0.39803916215896606,0.39759448170661926,1.5830414295196533,1.7030056715011597,0.0,nan,nan,92.22652435302734,36.50638961791992,18.37921714782715,570.8487548828125,0.023982913766855154,0.0,0.30685396231857,0.06005461886525154,0.2916666666666667,0.6564006124223981,1.0,0.9400427155828621,0.8112531026204427,0.2635504904354321,0.5421143214585203,0.9268370759025664,0.7083333333333333,0.7146246447074611,0.2853753552925389,0.7146246447074611,0.978978978978979,0.9819819819819819,0.09904403102100996,0.15592020967669754,1.0030664600578796,klt,n/a,0,nan,n/a,nan,n/a,n/a,n/a,n/a,n/a,n/a,n/a,False,n/a,False,n/a,False,n/a,0,0,0,0,nan,nan,nan,nan,nan,nan,nan,nan,nan,nan,0,nan,0,False,n/a,0.0,klt,healthy,normal,healthy,0.7123906425933243,n/a,333,17,0,0,0,0,0,0,0,0,0,0,0,0,0,0,0,0,0,0,0,0,0,0,0,0.0,0.0,0.0,642.7295543253422
2255,raw_data/images_sequence_6/frame002255.png,350,24,24,0.06857142857142857,350,326,0.9166666666666666,22,24,21.0,23.26285743713379,0.8257142857142857,0.020605050027370453,0.8532431125640869,0.4054153263568878,0.41431549191474915,1.5686099529266357,1.6637451648712158,0.0,nan,nan,92.18195343017578,36.53053665161133,18.40888023376465,571.6078491210938,0.0236753751631144,0.0,0.3070832869585822,0.06024790555238724,0.2916666666666667,0.6574600083487374,1.0,0.940811562092214,0.8117897033691406,0.2630001112994027,0.5428219097581777,0.9265098276424533,0.7083333333333333,0.7150025881035298,0.2849974118964702,0.7150025881035298,0.9815950920245399,0.9723926380368099,0.1313102757093733,0.15557659209596442,0.9906239908018094,klt,n/a,0,nan,n/a,nan,n/a,n/a,n/a,n/a,n/a,n/a,n/a,False,n/a,False,n/a,False,n/a,0,0,0,0,nan,nan,nan,nan,nan,nan,nan,nan,nan,nan,0,nan,0,False,n/a,0.0,klt,healthy,normal,healthy,0.7124043872965536,n/a,326,24,0,0,0,0,0,0,0,0,0,0,0,0,0,0,0,0,0,0,0,0,0,0,0,0.0,0.0,0.0,642.8631260059774
2256,raw_data/images_sequence_6/frame002256.png,350,32,32,0.09142857142857143,350,318,0.875,21,24,21.0,23.34000015258789,0.8057142857142857,0.020204365253448486,0.858659565448761,0.4247697591781616,0.4238632619380951,1.5325429439544678,1.6407783031463623,0.0,nan,nan,92.16188049316406,36.5592041015625,18.375234603881836,571.0936279296875,0.023952329817311876,0.0,0.3075587957045611,0.05983913317322731,0.2916666666666667,0.6562583787100655,1.0,0.9401191754567203,0.8124267578125,0.2618588903090533,0.542211408845403,0.9248521775772075,0.7083333333333333,0.714399099667869,0.28560090033213104,0.714399099667869,0.9779874213836478,0.9779874213836478,0.17808216570843233,0.14883582923643401,0.9999989774930069,klt,n/a,0,nan,n/a,nan,n/a,n/a,n/a,n/a,n/a,n/a,n/a,False,n/a,False,n/a,False,n/a,0,0,0,0,nan,nan,nan,nan,nan,nan,nan,nan,nan,nan,0,nan,0,False,n/a,0.0,klt,healthy,normal,healthy,0.7126740178109349,n/a,318,32,0,0,0,0,0,0,0,0,0,0,0,0,0,0,0,0,0,0,0,0,0,0,0,0.0,0.0,0.0,631.1413608491421
2257,raw_data/images_sequence_6/frame002257.png,350,29,29,0.08285714285714285,350,321,0.875,21,24,22.0,23.862857818603516,0.82,0.019102424383163452,0.8502589464187622,0.40643078088760376,0.42112335562705994,1.5666651725769043,1.6448838710784912,0.0,nan,nan,92.14301300048828,36.555274963378906,18.39534568786621,570.9493408203125,0.023972719117007393,0.0,0.30715165530934047,0.059867069125175476,0.2916666666666667,0.6569766317095075,1.0,0.9400682022074816,0.8123394436306424,0.2628360272575829,0.5422312425543564,0.9253384623749457,0.7083333333333333,0.7147088771417477,0.2852911228582523,0.7147088771417477,0.9875389408099688,0.9844236760124611,0.1939436048302798,0.15217430980222071,0.996844416444613,klt,n/a,0,nan,n/a,nan,n/a,n/a,n/a,n/a,n/a,n/a,n/a,False,n/a,False,n/a,False,n/a,0,0,0,0,nan,nan,nan,nan,nan,nan,nan,nan,nan,nan,0,nan,0,False,n/a,0.0,klt,healthy,normal,healthy,0.7125404785883034,n/a,321,29,0,0,0,0,0,0,0,0,0,0,0,0,0,0,0,0,0,0,0,0,0,0,0,0.0,0.0,0.0,640.4210398904979
2258,raw_data/images_sequence_6/frame002258.png,350,32,32,0.09142857142857143,350,318,0.875,21,24,22.0,24.1971435546875,0.8028571428571428,0.019141308963298798,0.8613827228546143,0.4237309694290161,0.42564383149147034,1.5344159603118896,1.6403989791870117,0.0,nan,nan,92.1938705444336,36.5966796875,18.381637573242188,568.2813720703125,0.023933639625924315,0.0,0.30747526131424247,0.05994071438908577,0.2916666666666667,0.656487056187221,1.0,0.9401659009351893,0.8132595486111112,0.26205937284581815,0.5428586706443869,0.9258216887777294,0.7083333333333333,0.7147188603091494,0.28528113969085056,0.7147188603091494,0.9874213836477987,0.9905660377358491,0.22990482389809036,0.14246133207560252,1.0031836974126886,klt,n/a,0,nan,n/a,nan,n/a,n/a,n/a,n/a,n/a,n/a,n/a,False,n/a,False,n/a,False,n/a,0,0,0,0,nan,nan,nan,nan,nan,nan,nan,nan,nan,nan,0,nan,0,False,n/a,0.0,klt,healthy,normal,healthy,0.7129289976973681,n/a,318,32,0,0,0,0,0,0,0,0,0,0,0,0,0,0,0,0,0,0,0,0,0,0,0,0.0,0.0,0.0,635.8516840264201
2259,raw_data/images_sequence_6/frame002259.png,350,19,19,0.054285714285714284,350,331,0.875,21,24,22.5,24.808570861816406,0.8142857142857143,0.019873445853590965,0.8505752086639404,0.39984291791915894,0.41320016980171204,1.5794909000396729,1.6532751321792603,0.0,nan,nan,92.1949462890625,36.5599479675293,18.39632797241211,569.1937866210938,0.023836790452370596,0.0,0.30656867831361057,0.0598423108458519,0.2916666666666667,0.6570117133004325,1.0,0.9404080238690735,0.8124432881673177,0.2642351720473347,0.5422268960060496,0.9253170536102653,0.7083333333333333,0.7149639091944309,0.28503609080556913,0.7149639091944309,0.9909365558912386,0.9818731117824774,0.12996817063503785,0.17281037077963046,0.99085265862125,klt,n/a,0,nan,n/a,nan,n/a,n/a,n/a,n/a,n/a,n/a,n/a,False,n/a,False,n/a,False,n/a,0,0,0,0,nan,nan,nan,nan,nan,nan,nan,nan,nan,nan,0,nan,0,False,n/a,0.0,klt,healthy,normal,healthy,0.711715036149207,n/a,331,19,0,0,0,0,0,0,0,0,0,0,0,0,0,0,0,0,0,0,0,0,0,0,0,0.0,0.0,0.0,636.0174054279923
2260,raw_data/images_sequence_6/frame002260.png,350,32,32,0.09142857142857143,350,318,0.875,21,24,22.0,24.559999465942383,0.8028571428571428,0.019088607281446457,0.8558187484741211,0.41920411586761475,0.4247218072414398,1.542661428451538,1.6386767625808716,0.0,nan,nan,92.26080322265625,36.58173370361328,18.407520294189453,570.2056274414062,0.023743339495432798,0.0,0.3066755212522021,0.059848058968782425,0.2916666666666667,0.6574114390781948,1.0,0.940641651261418,0.8129274156358507,0.26397874899471496,0.5424820236560672,0.9262131633318834,0.7083333333333333,0.7151864621227763,0.28481353787722374,0.7151864621227763,0.9874213836477987,0.9874213836477987,0.14795389654262697,0.1475812138186356,0.9999989872621721,klt,n/a,0,nan,n/a,nan,n/a,n/a,n/a,n/a,n/a,n/a,n/a,False,n/a,False,n/a,False,n/a,0,0,0,0,nan,nan,nan,nan,nan,nan,nan,nan,nan,nan,0,nan,0,False,n/a,0.0,klt,healthy,normal,healthy,0.7127242024276468,n/a,318,32,0,0,0,0,0,0,0,0,0,0,0,0,0,0,0,0,0,0,0,0,0,0,0,0.0,0.0,0.0,632.1445531211793
2261,raw_data/images_sequence_6/frame002261.png,350,19,19,0.054285714285714284,350,331,0.875,21,24,22.0,25.145713806152344,0.8257142857142857,0.01821482554078102,0.8559777736663818,0.4099884033203125,0.41138437390327454,1.5598640441894531,1.665311336517334,0.0,nan,nan,92.24968719482422,36.57291030883789,18.463918685913086,572.18212890625,0.023823197585906918,0.0,0.3066104485006893,0.05996027588844299,0.2916666666666667,0.6594256673540387,1.0,0.9404420060352328,0.8127313401963976,0.2641349235983457,0.5426390243901147,0.9260755355589387,0.7083333333333333,0.7156145527298025,0.28438544727019754,0.7156145527298025,0.9909365558912386,0.9848942598187311,0.16218683117314822,0.15949382522509076,0.9939014360323923,klt,n/a,0,nan,n/a,nan,n/a,n/a,n/a,n/a,n/a,n/a,n/a,False,n/a,False,n/a,False,n/a,0,0,0,0,nan,nan,nan,nan,nan,nan,nan,nan,nan,nan,0,nan,0,False,n/a,0.0,klt,healthy,normal,healthy,0.7122476979713885,n/a,331,19,0,0,0,0,0,0,0,0,0,0,0,0,0,0,0,0,0,0,0,0,0,0,0,0.0,0.0,0.0,637.3740108683705
2262,raw_data/images_sequence_6/frame002262.png,350,17,17,0.04857142857142857,350,333,0.875,21,24,23.0,25.662857055664062,0.8257142857142857,0.0195657629519701,0.8488435745239258,0.4035723805427551,0.40625035762786865,1.5721840858459473,1.681339979171753,0.0,nan,nan,92.29882049560547,36.56377410888672,18.514236450195312,574.6192626953125,0.023794312744671597,0.0,0.306495869954427,0.060082852840423584,0.2916666666666667,0.6612227303641183,1.0,0.940514218138321,0.812528313530816,0.26440991210937514,0.542816095039098,0.9264731269030013,0.7083333333333333,0.7160778111945867,0.2839221888054133,0.7160778111945867,0.9819819819819819,0.978978978978979,0.13245111221525635,0.1450935716556716,0.9969408807910909,klt,n/a,0,nan,n/a,nan,n/a,n/a,n/a,n/a,n/a,n/a,n/a,False,n/a,False,n/a,False,n/a,0,0,0,0,nan,nan,nan,nan,nan,nan,nan,nan,nan,nan,0,nan,0,False,n/a,0.0,klt,healthy,normal,healthy,0.7128237081141653,n/a,333,17,0,0,0,0,0,0,0,0,0,0,0,0,0,0,0,0,0,0,0,0,0,0,0,0.0,0.0,0.0,634.4666290096939
2263,raw_data/images_sequence_6/frame002263.png,350,23,23,0.06571428571428571,350,327,0.875,21,24,23.0,25.954286575317383,0.8171428571428572,0.01754322089254856,0.8539043664932251,0.4138650894165039,0.41239842772483826,1.5525537729263306,1.662705659866333,0.0,nan,nan,92.3630599975586,36.605281829833984,18.49306869506836,571.279296875,0.023546242931709437,0.0,0.3068239982455384,0.05988485738635063,0.2916666666666667,0.6604667391095843,1.0,0.9411343926707264,0.8134507073296441,0.2636224042107078,0.5428273022701644,0.9269257693562418,0.7083333333333333,0.7160148536274462,0.2839851463725538,0.7160148536274462,0.9847094801223242,0.9174311926605505,0.13151846417694824,0.14417740138623858,0.9316760724904481,klt,n/a,0,nan,n/a,nan,n/a,n/a,n/a,n/a,n/a,n/a,n/a,False,n/a,False,n/a,False,n/a,0,0,0,0,nan,nan,nan,nan,nan,nan,nan,nan,nan,nan,0,nan,0,False,n/a,0.0,klt,healthy,normal,healthy,0.6805049795535449,n/a,327,23,0,0,0,0,0,0,0,0,0,0,0,0,0,0,0,0,0,0,0,0,0,0,0,0.0,0.0,0.0,641.7194069363177
2264,raw_data/images_sequence_6/frame002264.png,350,22,22,0.06285714285714286,350,328,0.875,21,24,24.0,26.54857063293457,0.8485714285714285,0.018067236989736557,0.8523691892623901,0.41134077310562134,0.41808977723121643,1.557300090789795,1.6595624685287476,0.0,nan,nan,92.27561950683594,36.54996109008789,18.500659942626953,573.6687622070312,0.023739941278816876,0.0,0.30618608362534466,0.05989928916096687,0.25,0.6607378550938198,1.0,0.9406501468029578,0.8122213575575087,0.2651533992991728,0.5422454268718608,0.9261734041974772,0.75,0.7184682400222525,0.2815317599777475,0.7184682400222525,0.9817073170731707,0.9817073170731707,0.1173381849229723,0.15771824470370072,0.9999989813674972,klt,n/a,0,nan,n/a,nan,n/a,n/a,n/a,n/a,n/a,n/a,n/a,False,n/a,False,n/a,False,n/a,0,0,0,0,nan,nan,nan,nan,nan,nan,nan,nan,nan,nan,0,nan,0,False,n/a,0.0,klt,healthy,normal,healthy,0.7025147996236167,n/a,328,22,0,0,0,0,0,0,0,0,0,0,0,0,0,0,0,0,0,0,0,0,0,0,0,0.0,0.0,0.0,641.2990060634911
2265,raw_data/images_sequence_6/frame002265.png,350,27,27,0.07714285714285714,350,323,0.8333333333333334,20,24,24.5,26.868572235107422,0.8371428571428572,0.01502005010843277,0.8460901975631714,0.41855835914611816,0.42471209168434143,1.5438556671142578,1.6356167793273926,0.0,nan,nan,92.32865142822266,36.49534225463867,18.461458206176758,571.604736328125,0.023780719878207915,0.0,0.305465877757353,0.05979333072900772,0.25,0.6593377930777413,1.0,0.9405482003044802,0.8110076056586372,0.2668818933823528,0.5413977363043361,0.9277423608090474,0.75,0.7182367462712698,0.28176325372873023,0.7182367462712698,0.9907120743034056,0.9876160990712074,0.10556717070497161,0.14121457820303518,0.9968739937803125,klt,n/a,0,nan,n/a,nan,n/a,n/a,n/a,n/a,n/a,n/a,n/a,False,n/a,False,n/a,False,n/a,0,0,0,0,nan,nan,nan,nan,nan,nan,nan,nan,nan,nan,0,nan,0,False,n/a,0.0,klt,healthy,normal,healthy,0.7031749462836434,n/a,323,27,0,0,0,0,0,0,0,0,0,0,0,0,0,0,0,0,0,0,0,0,0,0,0,0.0,0.0,0.0,648.9117830060422
2266,raw_data/images_sequence_6/frame002266.png,350,23,23,0.06571428571428571,350,327,0.8333333333333334,20,24,24.0,27.28285789489746,0.8285714285714286,0.017118167132139206,0.860012948513031,0.4213498532772064,0.42231225967407227,1.5387349128723145,1.6359106302261353,0.0,nan,nan,92.25419616699219,36.47534942626953,18.501117706298828,571.6058959960938,0.023767127011744237,0.0,0.30520919351016773,0.06001221016049385,0.25,0.6607542037963867,1.0,0.9405821824706394,0.8105633205837673,0.2674979355755974,0.5416730470202789,0.9271459737929535,0.75,0.7185826202523283,0.28141737974767167,0.7185826202523283,0.9877675840978594,0.9908256880733946,0.1371210355503014,0.14462131240235643,1.0030949597150098,klt,n/a,0,nan,n/a,nan,n/a,n/a,n/a,n/a,n/a,n/a,n/a,False,n/a,False,n/a,False,n/a,0,0,0,0,nan,nan,nan,nan,nan,nan,nan,nan,nan,nan,0,nan,0,False,n/a,0.0,klt,healthy,normal,healthy,0.7030386769156705,n/a,327,23,0,0,0,0,0,0,0,0,0,0,0,0,0,0,0,0,0,0,0,0,0,0,0,0.0,0.0,0.0,631.7530442029238
2267,raw_data/images_sequence_6/frame002267.png,350,23,23,0.06571428571428571,350,327,0.8333333333333334,20,24,23.5,27.868572235107422,0.8342857142857143,0.020224858075380325,0.848214864730835,0.414323091506958,0.4191635549068451,1.5517029762268066,1.6494935750961304,0.0,nan,nan,92.26455688476562,36.48062515258789,18.461124420166016,573.6115112304688,0.023699162679425838,0.0,0.3050485364128562,0.060190923511981964,0.20833333333333334,0.6593258721487862,1.0,0.9407520933014354,0.8106805589463976,0.2678835126091452,0.5421378329095214,0.9264394845585037,0.7916666666666666,0.7208702109304059,0.27912978906959407,0.7208702109304059,0.9847094801223242,0.9877675840978594,0.1410048183651081,0.13089681717333793,1.0031045713813824,klt,n/a,0,nan,n/a,nan,n/a,n/a,n/a,n/a,n/a,n/a,n/a,False,n/a,False,n/a,False,n/a,0,0,0,0,nan,nan,nan,nan,nan,nan,nan,nan,nan,nan,0,nan,0,False,n/a,0.0,klt,healthy,normal,healthy,0.6937837351562038,n/a,327,23,0,0,0,0,0,0,0,0,0,0,0,0,0,0,0,0,0,0,0,0,0,0,0,0.0,0.0,0.0,625.6555453874171
2268,raw_data/images_sequence_6/frame002268.png,350,28,28,0.08,350,322,0.875,21,24,24.0,28.520000457763672,0.84,0.016801433637738228,0.8461443185806274,0.4280763864517212,0.4251368045806885,1.5266263484954834,1.6266906261444092,0.0,nan,nan,92.23970031738281,36.48476028442383,18.46885108947754,573.0188598632812,0.02359721618094824,0.0,0.3050009828455308,0.06039445102214813,0.20833333333333334,0.6596018246241978,1.0,0.9410069595476294,0.810772450764974,0.2679976411707261,0.5426463413419146,0.9270603387342322,0.7916666666666666,0.7210867817038211,0.2789132182961789,0.7210867817038211,0.9937888198757764,0.9906832298136646,0.10231462757423465,0.15085443741643878,0.9968739968955407,klt,n/a,0,nan,n/a,nan,n/a,n/a,n/a,n/a,n/a,n/a,n/a,False,n/a,False,n/a,False,n/a,0,0,0,0,nan,nan,nan,nan,nan,nan,nan,nan,nan,nan,0,nan,0,False,n/a,0.0,klt,healthy,normal,healthy,0.6929854303464797,n/a,322,28,0,0,0,0,0,0,0,0,0,0,0,0,0,0,0,0,0,0,0,0,0,0,0,0.0,0.0,0.0,630.8376248925924
2269,raw_data/images_sequence_6/frame002269.png,350,29,29,0.08285714285714285,350,321,0.875,21,24,25.0,29.071428298950195,0.8485714285714285,0.020132334902882576,0.8453137874603271,0.42450469732284546,0.42522111535072327,1.5330209732055664,1.6280057430267334,0.0,nan,nan,92.22942352294922,36.47834396362305,18.459203720092773,570.2442626953125,0.023694065354501956,0.0,0.304089989755668,0.060517579317092896,0.25,0.6592572757175991,1.0,0.9407648366137451,0.8106298658582899,0.2701840245863969,0.5428548859225379,0.9264211341887777,0.75,0.7187575827586428,0.28124241724135723,0.7187575827586428,0.9875389408099688,0.9906542056074766,0.1670933292427306,0.15128761607023122,1.0031535583208446,klt,n/a,0,nan,n/a,nan,n/a,n/a,n/a,n/a,n/a,n/a,n/a,False,n/a,False,n/a,False,n/a,0,0,0,0,nan,nan,nan,nan,nan,nan,nan,nan,nan,nan,0,nan,0,False,n/a,0.0,klt,healthy,normal,healthy,0.7027720247689555,n/a,321,29,0,0,0,0,0,0,0,0,0,0,0,0,0,0,0,0,0,0,0,0,0,0,0,0.0,0.0,0.0,629.8967530019581
2270,raw_data/images_sequence_6/frame002270.png,350,25,25,0.07142857142857142,350,325,0.875,21,24,24.0,29.34857177734375,0.8342857142857143,0.016147533431649208,0.851690411567688,0.4273238778114319,0.42688146233558655,1.527967929840088,1.626539707183838,0.0,nan,nan,92.29376220703125,36.49479675292969,18.536209106445312,573.5211181640625,0.023663481404958678,0.0,0.3034676914589078,0.06065739691257477,0.25,0.6620074680873326,1.0,0.9408412964876033,0.8109954833984375,0.27167754049862136,0.5433554619550705,0.9268737766420183,0.75,0.7197119942684747,0.28028800573152535,0.7197119942684747,0.9846153846153847,0.9661538461538461,0.11912404530058587,0.14341643868941853,0.9812490034189808,klt,n/a,0,nan,n/a,nan,n/a,n/a,n/a,n/a,n/a,n/a,n/a,False,n/a,False,n/a,False,n/a,0,0,0,0,nan,nan,nan,nan,nan,nan,nan,nan,nan,nan,0,nan,0,False,n/a,0.0,klt,healthy,normal,healthy,0.7030868718641881,n/a,325,25,0,0,0,0,0,0,0,0,0,0,0,0,0,0,0,0,0,0,0,0,0,0,0,0.0,0.0,0.0,648.1282408349216
2271,raw_data/images_sequence_6/frame002271.png,350,24,24,0.06857142857142857,350,326,0.875,21,24,24.0,29.459999084472656,0.82,0.017185064032673836,0.848932147026062,0.42250490188598633,0.42171046137809753,1.5366413593292236,1.641538381576538,0.0,nan,nan,92.32086944580078,36.43855667114258,18.533527374267578,571.61865234375,0.023615906372335797,0.0,0.3035310588163488,0.060689233243465424,0.20833333333333334,0.6619116919381278,1.0,0.9409602340691605,0.8097457038031683,0.27152545884076296,0.5428029274549147,0.9269502365158765,0.7916666666666666,0.7219722144943167,0.2780277855056833,0.7219722144943167,0.9815950920245399,0.9815950920245399,0.14752681896789774,0.13526040490053565,0.9999989812510378,klt,n/a,0,nan,n/a,nan,n/a,n/a,n/a,n/a,n/a,n/a,n/a,False,n/a,False,n/a,False,n/a,0,0,0,0,nan,nan,nan,nan,nan,nan,nan,nan,nan,nan,0,nan,0,False,n/a,0.0,klt,healthy,normal,healthy,0.6936091916471159,n/a,326,24,0,0,0,0,0,0,0,0,0,0,0,0,0,0,0,0,0,0,0,0,0,0,0,0.0,0.0,0.0,639.3185066990554
2272,raw_data/images_sequence_6/frame002272.png,350,22,22,0.06285714285714286,350,328,0.875,21,24,24.0,29.968570709228516,0.8285714285714286,0.01925898715853691,0.8460303544998169,0.42597854137420654,0.4222695529460907,1.5303738117218018,1.635288953781128,0.0,nan,nan,92.34841918945312,36.425575256347656,18.50157356262207,570.6010131835938,0.0236583840800348,0.0,0.3036724868475221,0.06060236692428589,0.20833333333333334,0.6607704843793597,1.0,0.940854039799913,0.8094572279188368,0.2711860315659469,0.5424612660600682,0.9262284553066551,0.7916666666666666,0.7215419623545491,0.27845803764545085,0.7215419623545491,0.9878048780487805,0.9847560975609756,0.1265569627004606,0.14200416183816894,0.9969125710267799,klt,n/a,0,nan,n/a,nan,n/a,n/a,n/a,n/a,n/a,n/a,n/a,False,n/a,False,n/a,False,n/a,0,0,0,0,nan,nan,nan,nan,nan,nan,nan,nan,nan,nan,0,nan,0,False,n/a,0.0,klt,healthy,normal,healthy,0.6933394413696106,n/a,328,22,0,0,0,0,0,0,0,0,0,0,0,0,0,0,0,0,0,0,0,0,0,0,0,0.0,0.0,0.0,627.474837936461
2273,raw_data/images_sequence_6/frame002273.png,350,22,22,0.06285714285714286,350,328,0.875,21,24,25.0,30.299999237060547,0.8428571428571429,0.017648126929998398,0.8494442701339722,0.42087846994400024,0.41786569356918335,1.539595365524292,1.6480695009231567,0.0,nan,nan,92.31108856201172,36.3963623046875,18.487688064575195,572.3565673828125,0.023539446498477598,0.0,0.30390788209204583,0.06061064451932907,0.20833333333333334,0.6602745737348285,1.0,0.941151383753806,0.8088080512152778,0.27062108297909004,0.5421554904242959,0.9267575576337538,0.7916666666666666,0.7213066023439657,0.2786933976560343,0.7213066023439657,0.9725609756097561,0.9725609756097561,0.13264926668969776,0.16726778023097716,0.9999989717878911,klt,n/a,0,nan,n/a,nan,n/a,n/a,n/a,n/a,n/a,n/a,n/a,False,n/a,False,n/a,False,n/a,0,0,0,0,nan,nan,nan,nan,nan,nan,nan,nan,nan,nan,0,nan,0,False,n/a,0.0,klt,healthy,normal,healthy,0.6923288966338983,n/a,328,22,0,0,0,0,0,0,0,0,0,0,0,0,0,0,0,0,0,0,0,0,0,0,0,0.0,0.0,0.0,631.6798836924136
2274,raw_data/images_sequence_6/frame002274.png,350,18,18,0.05142857142857143,350,332,0.875,21,24,26.0,30.84857177734375,0.8485714285714285,0.018490642309188843,0.8437448143959045,0.40960586071014404,0.41591519117355347,1.5605850219726562,1.6483553647994995,0.0,nan,nan,92.30095672607422,36.335880279541016,18.46561050415039,570.6184692382812,0.023717852870813398,0.0,0.30325655469707413,0.06061181798577309,0.20833333333333334,0.6594860894339425,1.0,0.9407053678229665,0.8074640062120225,0.27218426872702206,0.5414861348918591,0.9270970394736842,0.7916666666666666,0.7210772207368933,0.2789227792631067,0.7210772207368933,0.9668674698795181,0.9608433734939759,0.16336164531959244,0.13274120047620913,0.9937684425821715,klt,n/a,0,nan,n/a,nan,n/a,n/a,n/a,n/a,n/a,n/a,n/a,False,n/a,False,n/a,False,n/a,0,0,0,0,nan,nan,nan,nan,nan,nan,nan,nan,nan,nan,0,nan,0,False,n/a,0.0,klt,healthy,normal,healthy,0.693709959824089,n/a,332,18,0,0,0,0,0,0,0,0,0,0,0,0,0,0,0,0,0,0,0,0,0,0,0,0.0,0.0,0.0,633.4919491782784
2275,raw_data/images_sequence_6/frame002275.png,350,21,21,0.06,350,329,0.875,21,24,26.0,31.345714569091797,0.8542857142857143,0.018919415771961212,0.8466810584068298,0.4203159809112549,0.41932395100593567,1.5406291484832764,1.6501004695892334,0.0,nan,nan,92.27996063232422,36.350791931152344,18.46491813659668,571.19873046875,0.023809604719443236,0.0,0.30326150781968064,0.06069648265838623,0.25,0.65946136202131,1.0,0.9404759882013919,0.8077953762478298,0.27217238123276644,0.5418442396202472,0.9277270688342758,0.75,0.7186631296356685,0.2813368703643315,0.7186631296356685,0.9726443768996961,0.9635258358662614,0.1206381143073169,0.17218294283886237,0.990623981514719,klt,n/a,0,nan,n/a,nan,n/a,n/a,n/a,n/a,n/a,n/a,n/a,False,n/a,False,n/a,False,n/a,0,0,0,0,nan,nan,nan,nan,nan,nan,nan,nan,nan,nan,0,nan,0,False,n/a,0.0,klt,healthy,normal,healthy,0.7019362116982103,n/a,329,21,0,0,0,0,0,0,0,0,0,0,0,0,0,0,0,0,0,0,0,0,0,0,0,0.0,0.0,0.0,631.7363912239671
2276,raw_data/images_sequence_6/frame002276.png,350,24,24,0.06857142857142857,350,326,0.875,21,24,26.0,31.459999084472656,0.8542857142857143,0.018637560307979584,0.8446211218833923,0.42375558614730835,0.4196772575378418,1.5343756675720215,1.644797682762146,0.0,nan,nan,92.27801513671875,36.33072280883789,18.46532440185547,567.7435913085938,0.023634596563723357,0.0,0.3030109315759996,0.060295380651950836,0.25,0.6594758714948382,1.0,0.9409135085906916,0.8073493957519531,0.2727737642176009,0.5407096539031375,0.9268951854066986,0.75,0.7185634368332244,0.28143656316677557,0.7185634368332244,0.9785276073619632,0.9754601226993865,0.12425443054603753,0.13822075402689749,0.9968641850228078,klt,n/a,0,nan,n/a,nan,n/a,n/a,n/a,n/a,n/a,n/a,n/a,False,n/a,False,n/a,False,n/a,0,0,0,0,nan,nan,nan,nan,nan,nan,nan,nan,nan,nan,0,nan,0,False,n/a,0.0,klt,healthy,normal,healthy,0.7032946992506889,n/a,326,24,0,0,0,0,0,0,0,0,0,0,0,0,0,0,0,0,0,0,0,0,0,0,0,0.0,0.0,0.0,647.0036078244448
2277,raw_data/images_sequence_6/frame002277.png,350,27,27,0.07714285714285714,350,323,0.875,21,24,27.0,32.00857162475586,0.8571428571428571,0.017762664705514908,0.8537726402282715,0.4382191300392151,0.43004652857780457,1.5088980197906494,1.6269290447235107,0.0,nan,nan,92.28954315185547,36.331626892089844,18.434852600097656,571.50439453125,0.023643092105263157,0.0,0.3028483072916667,0.06036727875471115,0.2916666666666667,0.6583875928606305,1.0,0.9408922697368421,0.8073694864908855,0.2731640625,0.5408831040516044,0.9269563533057851,0.7083333333333333,0.7159030036112057,0.28409699638879427,0.7159030036112057,0.978328173374613,0.9721362229102167,0.17025092518106413,0.14213940894246624,0.9936698703944047,klt,n/a,0,nan,n/a,nan,n/a,n/a,n/a,n/a,n/a,n/a,n/a,False,n/a,False,n/a,False,n/a,0,0,0,0,nan,nan,nan,nan,nan,nan,nan,nan,nan,nan,0,nan,0,False,n/a,0.0,klt,healthy,normal,healthy,0.7129418746226935,n/a,323,27,0,0,0,0,0,0,0,0,0,0,0,0,0,0,0,0,0,0,0,0,0,0,0,0.0,0.0,0.0,632.9461629502475
2278,raw_data/images_sequence_6/frame002278.png,350,27,27,0.07714285714285714,350,323,0.875,21,24,27.5,32.531429290771484,0.8371428571428572,0.018573462963104248,0.8522086143493652,0.4290076494216919,0.430869460105896,1.5249724388122559,1.6155508756637573,0.0,nan,nan,92.26396942138672,36.28697204589844,18.446685791015625,568.8233032226562,0.023668578729882556,0.0,0.30245155783260574,0.06041611731052399,0.2916666666666667,0.6588102068219867,1.0,0.9408285531752936,0.8063771565755208,0.27411626120174626,0.5404979358116786,0.926778966398434,0.7083333333333333,0.7159456975204868,0.28405430247951324,0.7159456975204868,0.978328173374613,0.9752321981424149,0.19970753054299828,0.14054052369320225,0.9968344241217754,klt,n/a,0,nan,n/a,nan,n/a,n/a,n/a,n/a,n/a,n/a,n/a,False,n/a,False,n/a,False,n/a,0,0,0,0,nan,nan,nan,nan,nan,nan,nan,nan,nan,nan,0,nan,0,False,n/a,0.0,klt,healthy,normal,healthy,0.713005830032664,n/a,323,27,0,0,0,0,0,0,0,0,0,0,0,0,0,0,0,0,0,0,0,0,0,0,0,0.0,0.0,0.0,628.5484503023326
2279,raw_data/images_sequence_6/frame002279.png,350,26,26,0.07428571428571429,350,324,0.875,21,24,28.0,33.119998931884766,0.8428571428571429,0.01915557123720646,0.8461171388626099,0.424777626991272,0.42570286989212036,1.5325291156768799,1.6318306922912598,0.0,nan,nan,92.3576431274414,36.25101852416992,18.468473434448242,569.1173095703125,0.023619304588951718,0.0,0.3025297950295842,0.06031306833028793,0.25,0.6595883369445801,1.0,0.9409517385276207,0.8055781894259982,0.27392849192899793,0.5398642500091081,0.9274242877337973,0.75,0.7184721816174223,0.2815278183825777,0.7184721816174223,0.9814814814814815,0.9814814814814815,0.12710354614419786,0.13716887251178775,0.9999989811331136,klt,n/a,0,nan,n/a,nan,n/a,n/a,n/a,n/a,n/a,n/a,n/a,False,n/a,False,n/a,False,n/a,0,0,0,0,nan,nan,nan,nan,nan,nan,nan,nan,nan,nan,0,nan,0,False,n/a,0.0,klt,healthy,normal,healthy,0.7033367745112933,n/a,324,26,0,0,0,0,0,0,0,0,0,0,0,0,0,0,0,0,0,0,0,0,0,0,0,0.0,0.0,0.0,628.5586687736213
2280,raw_data/images_sequence_6/frame002280.png,350,27,27,0.07714285714285714,350,323,0.875,21,24,28.5,33.43714141845703,0.8342857142857143,0.017778929322957993,0.8465180397033691,0.43632978200912476,0.4282018542289734,1.5121526718139648,1.626234769821167,0.0,nan,nan,92.33970642089844,36.321529388427734,18.491355895996094,569.3237915039062,0.023680472488038277,0.0,0.30285608628216903,0.06019310653209686,0.25,0.6604055677141462,1.0,0.9407988187799043,0.8071450975206164,0.2731453929227944,0.5403750636059829,0.9264547765332753,0.75,0.7187151440870804,0.28128485591291963,0.7187151440870804,0.9690402476780186,0.9721362229102167,0.12592043190394034,0.15909219482839188,1.003193852934139,klt,n/a,0,nan,n/a,nan,n/a,n/a,n/a,n/a,n/a,n/a,n/a,False,n/a,False,n/a,False,n/a,0,0,0,0,nan,nan,nan,nan,nan,nan,nan,nan,nan,nan,0,nan,0,False,n/a,0.0,klt,healthy,normal,healthy,0.7024598416186291,n/a,323,27,0,0,0,0,0,0,0,0,0,0,0,0,0,0,0,0,0,0,0,0,0,0,0,0.0,0.0,0.0,643.2870621792972
2281,raw_data/images_sequence_6/frame002281.png,350,27,27,0.07714285714285714,350,323,0.875,21,24,28.0,33.38571548461914,0.8228571428571428,0.017625268548727036,0.8426046371459961,0.42369183897972107,0.42181962728500366,1.534489393234253,1.6417282819747925,0.0,nan,nan,92.29993438720703,36.33251953125,18.488466262817383,569.0089111328125,0.023806206502827318,0.0,0.30309954175762105,0.05994946509599686,0.25,0.6603023665291923,1.0,0.9404844837429317,0.8073893229166667,0.2725610997817095,0.539943445767417,0.9259470829708569,0.75,0.7185199698753549,0.28148003012464506,0.7185199698753549,0.9721362229102167,0.9721362229102167,0.11607039800971013,0.16125179849600355,0.9999989713386377,klt,n/a,0,nan,n/a,nan,n/a,n/a,n/a,n/a,n/a,n/a,n/a,False,n/a,False,n/a,False,n/a,0,0,0,0,nan,nan,nan,nan,nan,nan,nan,nan,nan,nan,0,nan,0,False,n/a,0.0,klt,healthy,normal,healthy,0.7023734574719246,n/a,323,27,0,0,0,0,0,0,0,0,0,0,0,0,0,0,0,0,0,0,0,0,0,0,0,0.0,0.0,0.0,650.9027988649905
2282,raw_data/images_sequence_6/frame002282.png,350,24,24,0.06857142857142857,350,326,0.875,21,24,28.0,33.53714370727539,0.8142857142857143,0.018255379050970078,0.8427480459213257,0.414630651473999,0.41401633620262146,1.5511229038238525,1.6613459587097168,0.0,nan,nan,92.31681060791016,36.311763763427734,18.41415786743164,569.6994018554688,0.023583623314484558,0.0,0.303037000169941,0.0594431608915329,0.25,0.6576484952654157,1.0,0.9410409417137886,0.8069280836317274,0.27271119959214163,0.5385621347511658,0.9258155719878208,0.75,0.7177949104321624,0.28220508956783763,0.7177949104321624,0.9601226993865031,0.9754601226993865,0.2978396833378962,0.16200340746576847,1.0159733827242083,klt,n/a,0,nan,n/a,nan,n/a,n/a,n/a,n/a,n/a,n/a,n/a,False,n/a,False,n/a,False,n/a,0,0,0,0,nan,nan,nan,nan,nan,nan,nan,nan,nan,nan,0,nan,0,False,n/a,0.0,klt,healthy,normal,healthy,0.702343393113134,n/a,326,24,0,0,0,0,0,0,0,0,0,0,0,0,0,0,0,0,0,0,0,0,0,0,0,0.0,0.0,0.0,638.51029984653
2283,raw_data/images_sequence_6/frame002283.png,350,24,24,0.06857142857142857,350,326,0.875,21,24,28.0,34.051429748535156,0.8285714285714286,0.020304623991250992,0.8446646928787231,0.4036167860031128,0.41341063380241394,1.5720925331115723,1.6514537334442139,0.0,nan,nan,92.34004211425781,36.31501770019531,18.385778427124023,568.0777587890625,0.0235139598738582,0.0,0.30327370737113196,0.05984681844711304,0.25,0.656634943825858,1.0,0.9412151003153545,0.8070003933376736,0.2721431023092833,0.5395156931395483,0.925668769030013,0.75,0.7176275905218984,0.2823724094781016,0.7176275905218984,0.9785276073619632,0.9785276073619632,0.09923197815947231,0.1457880468328625,0.9999989780574706,klt,n/a,0,nan,n/a,nan,n/a,n/a,n/a,n/a,n/a,n/a,n/a,False,n/a,False,n/a,False,n/a,0,0,0,0,nan,nan,nan,nan,nan,nan,nan,nan,nan,nan,0,nan,0,False,n/a,0.0,klt,healthy,normal,healthy,0.7029920075384503,n/a,326,24,0,0,0,0,0,0,0,0,0,0,0,0,0,0,0,0,0,0,0,0,0,0,0,0.0,0.0,0.0,639.8477349430323
2284,raw_data/images_sequence_6/frame002284.png,350,17,17,0.04857142857142857,350,333,0.875,21,24,28.0,34.248573303222656,0.8428571428571429,0.02184588648378849,0.8472164869308472,0.40893128514289856,0.4100705683231354,1.56186842918396,1.656211495399475,0.0,nan,nan,92.33314514160156,36.26282501220703,18.377666473388672,565.8994140625,0.02365668497172684,0.0,0.3025998238956226,0.059667736291885376,0.25,0.6563452311924526,1.0,0.9408582875706829,0.8058405558268229,0.2737604226505057,0.5385287694858782,0.9249592214006089,0.75,0.717447276863453,0.282552723136547,0.717447276863453,0.963963963963964,0.96996996996997,0.10583982214464403,0.1560017479142714,1.0062294857494742,klt,n/a,0,nan,n/a,nan,n/a,n/a,n/a,n/a,n/a,n/a,n/a,False,n/a,False,n/a,False,n/a,0,0,0,0,nan,nan,nan,nan,nan,nan,nan,nan,nan,nan,0,nan,0,False,n/a,0.0,klt,healthy,normal,healthy,0.7025834594951939,n/a,333,17,0,0,0,0,0,0,0,0,0,0,0,0,0,0,0,0,0,0,0,0,0,0,0,0.0,0.0,0.0,636.1460071057081
2285,raw_data/images_sequence_6/frame002285.png,350,22,22,0.06285714285714286,350,328,0.875,21,24,28.0,34.50285720825195,0.8428571428571429,0.021167650818824768,0.8453966379165649,0.3947347402572632,0.41313135623931885,1.5896393060684204,1.6596397161483765,0.0,nan,nan,92.34040069580078,36.29002380371094,18.350326538085938,566.9183959960938,0.0234544910830796,0.0,0.303245532465916,0.05929989367723465,0.25,0.6553688049316406,1.0,0.941363772292301,0.8064449734157986,0.27221072208180164,0.537994972337978,0.9248338272074815,0.75,0.7170771139743914,0.28292288602560856,0.7170771139743914,0.9695121951219512,0.9664634146341463,0.2344472670322178,0.1480412507159542,0.9968543177100119,klt,n/a,0,nan,n/a,nan,n/a,n/a,n/a,n/a,n/a,n/a,n/a,False,n/a,False,n/a,False,n/a,0,0,0,0,nan,nan,nan,nan,nan,nan,nan,nan,nan,nan,0,nan,0,False,n/a,0.0,klt,healthy,normal,healthy,0.7029018793831265,n/a,328,22,0,0,0,0,0,0,0,0,0,0,0,0,0,0,0,0,0,0,0,0,0,0,0,0.0,0.0,0.0,636.5445340052247
2286,raw_data/images_sequence_6/frame002286.png,350,35,35,0.1,350,315,0.875,21,24,28.0,34.665714263916016,0.84,0.018467366695404053,0.8410341739654541,0.4107756018638611,0.42310380935668945,1.5583672523498535,1.6383754014968872,0.0,nan,nan,92.28125762939453,36.26752471923828,18.32509994506836,563.2024536132812,0.023760330578512397,0.0,0.3029801970837163,0.05948765575885773,0.25,0.6544678551810128,1.0,0.940599173553719,0.8059449937608507,0.2728475269990809,0.5381717145141929,0.9242802577207482,0.75,0.7168043032023905,0.2831956967976095,0.7168043032023905,0.9841269841269841,0.9777777777777777,0.0862327054461685,0.13886617064093407,0.993547377524439,klt,n/a,0,nan,n/a,nan,n/a,n/a,n/a,n/a,n/a,n/a,n/a,False,n/a,False,n/a,False,n/a,0,0,0,0,nan,nan,nan,nan,nan,nan,nan,nan,nan,nan,0,nan,0,False,n/a,0.0,klt,healthy,normal,healthy,0.7032688825861274,n/a,315,35,0,0,0,0,0,0,0,0,0,0,0,0,0,0,0,0,0,0,0,0,0,0,0,0.0,0.0,0.0,644.3061358295381
2287,raw_data/images_sequence_6/frame002287.png,350,28,28,0.08,350,322,0.8333333333333334,20,24,28.0,34.85714340209961,0.8342857142857143,0.019282521679997444,0.8448960781097412,0.4114501476287842,0.41589686274528503,1.5570921897888184,1.6574604511260986,0.0,nan,nan,92.28850555419922,36.17931365966797,18.293140411376953,561.6484375,0.0236583840800348,0.0,0.3019997540642234,0.05910112336277962,0.25,0.6533264432634626,1.0,0.940854039799913,0.8039847479926215,0.27520059024586385,0.536313108911719,0.9254974989125707,0.75,0.7165279776916474,0.28347202230835256,0.7165279776916474,0.9782608695652174,0.9813664596273292,0.08983611542120201,0.16088728792674561,1.0031735777082793,klt,n/a,0,nan,n/a,nan,n/a,n/a,n/a,n/a,n/a,n/a,n/a,False,n/a,False,n/a,False,n/a,0,0,0,0,nan,nan,nan,nan,nan,nan,nan,nan,nan,nan,0,nan,0,False,n/a,0.0,klt,healthy,normal,healthy,0.702388037894695,n/a,322,28,0,0,0,0,0,0,0,0,0,0,0,0,0,0,0,0,0,0,0,0,0,0,0,0.0,0.0,0.0,642.2221618704498
2288,raw_data/images_sequence_6/frame002288.png,350,31,31,0.08857142857142856,350,319,0.8333333333333334,20,24,29.0,35.174285888671875,0.8171428571428572,0.01811567321419716,0.8490195274353027,0.40811359882354736,0.4229000508785248,1.563429594039917,1.6371102333068848,0.0,nan,nan,92.24311828613281,36.17876434326172,18.285579681396484,562.3895263671875,0.02354454382340148,0.0,0.3023667055017808,0.05923385173082352,0.25,0.6530564171927316,1.0,0.9411386404414963,0.8039725409613715,0.27431990679572615,0.536608660778012,0.925286469660722,0.75,0.7164007679751516,0.2835992320248484,0.7164007679751516,0.9811912225705329,0.9811912225705329,0.14534601964256766,0.1654104838118191,0.9999989808317096,klt,n/a,0,nan,n/a,nan,n/a,n/a,n/a,n/a,n/a,n/a,n/a,False,n/a,False,n/a,False,n/a,0,0,0,0,nan,nan,nan,nan,nan,nan,nan,nan,nan,nan,0,nan,0,False,n/a,0.0,klt,healthy,normal,healthy,0.702207110059292,n/a,319,31,0,0,0,0,0,0,0,0,0,0,0,0,0,0,0,0,0,0,0,0,0,0,0,0.0,0.0,0.0,654.3850819580257
2289,raw_data/images_sequence_6/frame002289.png,350,30,30,0.08571428571428572,350,320,0.8333333333333334,20,24,30.0,35.60857009887695,0.8,0.021211162209510803,0.8480309247970581,0.41515669226646423,0.4155839681625366,1.5501480102539062,1.6610080003738403,0.0,nan,nan,92.31658935546875,36.18898391723633,18.23162841796875,562.7428588867188,0.02343410178338408,0.0,0.3024595851524204,0.05913705378770828,0.25,0.6511295863560268,1.0,0.9414147455415398,0.8041996426052518,0.2740969956341911,0.5365022162746902,0.9254546813832101,0.75,0.7160033618006831,0.28399663819931686,0.7160033618006831,0.984375,0.984375,0.16756098620757265,0.15739610276046667,0.9999989841280161,klt,n/a,0,nan,n/a,nan,n/a,n/a,n/a,n/a,n/a,n/a,n/a,False,n/a,False,n/a,False,n/a,0,0,0,0,nan,nan,nan,nan,nan,nan,nan,nan,nan,nan,0,nan,0,False,n/a,0.0,klt,healthy,normal,healthy,0.7025276853013461,n/a,320,30,0,0,0,0,0,0,0,0,0,0,0,0,0,0,0,0,0,0,0,0,0,0,0,0.0,0.0,0.0,637.3011250980198
2290,raw_data/images_sequence_6/frame002290.png,350,28,28,0.08,350,322,0.875,21,24,29.0,36.11714172363281,0.8285714285714286,0.01825549080967903,0.8470876216888428,0.4001768231391907,0.4104939103126526,1.5788180828094482,1.6716482639312744,0.0,nan,nan,92.2474594116211,36.1130256652832,18.17806053161621,559.5274047851562,0.02357172955632884,0.0,0.3013738699520335,0.059138961136341095,0.2916666666666667,0.6492164475577218,1.0,0.9410706761091779,0.8025116814507378,0.27670271211511954,0.5356625705806896,0.925723820139191,0.7083333333333333,0.7131188187440396,0.2868811812559604,0.7131188187440396,0.9813664596273292,0.968944099378882,0.17916011963901354,0.16334983937878583,0.9873407660641561,klt,n/a,0,nan,n/a,nan,n/a,n/a,n/a,n/a,n/a,n/a,n/a,False,n/a,False,n/a,False,n/a,0,0,0,0,nan,nan,nan,nan,nan,nan,nan,nan,nan,nan,0,nan,0,False,n/a,0.0,klt,healthy,normal,healthy,0.7120934574052408,n/a,322,28,0,0,0,0,0,0,0,0,0,0,0,0,0,0,0,0,0,0,0,0,0,0,0,0.0,0.0,0.0,654.5799020677805
2291,raw_data/images_sequence_6/frame002291.png,350,30,30,0.08571428571428572,350,320,0.875,21,24,28.0,36.09428405761719,0.8142857142857143,0.019435537979006767,0.8485043048858643,0.40040573477745056,0.4125079810619354,1.5783751010894775,1.6636847257614136,0.0,nan,nan,92.2469482421875,36.13173294067383,18.17676544189453,559.8013916015625,0.02350036700739452,0.0,0.3015271400002872,0.05892813578248024,0.2916666666666667,0.6491701943533761,1.0,0.9412490824815137,0.8029273986816406,0.27633486399931073,0.535391280664639,0.9256381850804698,0.7083333333333333,0.7130907462418096,0.28690925375819043,0.7130907462418096,0.978125,0.984375,0.11591079525567546,0.1711268645440586,1.0063887474619835,klt,n/a,0,nan,n/a,nan,n/a,n/a,n/a,n/a,n/a,n/a,n/a,False,n/a,False,n/a,False,n/a,0,0,0,0,nan,nan,nan,nan,nan,nan,nan,nan,nan,nan,0,nan,0,False,n/a,0.0,klt,healthy,normal,healthy,0.7117823763986298,n/a,320,30,0,0,0,0,0,0,0,0,0,0,0,0,0,0,0,0,0,0,0,0,0,0,0,0.0,0.0,0.0,644.9449709616601
2292,raw_data/images_sequence_6/frame002292.png,350,20,20,0.05714285714285714,350,330,0.875,21,24,28.0,36.49142837524414,0.8342857142857143,0.020445886999368668,0.8451967835426331,0.40311115980148315,0.4050273001194,1.5730791091918945,1.6789919137954712,0.0,nan,nan,92.25111389160156,36.06034469604492,18.164846420288086,557.8712768554688,0.02346978305785124,0.0,0.3012753310858035,0.0587085597217083,0.25,0.6487445150102887,1.0,0.9413255423553719,0.8013409932454427,0.2769392053940716,0.5340990414447857,0.9264547765332753,0.75,0.7152944378949021,0.2847055621050979,0.7152944378949021,0.9787878787878788,0.9787878787878788,0.1548283380922118,0.16571417392023696,0.9999989783292171,klt,n/a,0,nan,n/a,nan,n/a,n/a,n/a,n/a,n/a,n/a,n/a,False,n/a,False,n/a,False,n/a,0,0,0,0,nan,nan,nan,nan,nan,nan,nan,nan,nan,nan,0,nan,0,False,n/a,0.0,klt,healthy,normal,healthy,0.7021949624549553,n/a,330,20,0,0,0,0,0,0,0,0,0,0,0,0,0,0,0,0,0,0,0,0,0,0,0,0.0,0.0,0.0,647.5211419165134
2293,raw_data/images_sequence_6/frame002293.png,350,21,21,0.06,350,329,0.875,21,24,29.0,37.00285720825195,0.8371428571428572,0.0201268270611763,0.8430261015892029,0.40843212604522705,0.4062376320362091,1.5628204345703125,1.6644264459609985,0.0,nan,nan,92.19564819335938,36.00898361206055,18.201234817504883,558.8428955078125,0.02342730535015224,0.0,0.30063829459396063,0.05855778232216835,0.2916666666666667,0.6500441006251744,1.0,0.9414317366246194,0.8001996358235677,0.2784680929744945,0.5331856868258028,0.9263966670291431,0.7083333333333333,0.7130570822885949,0.2869429177114051,0.7130570822885949,0.9787234042553191,0.9817629179331308,0.12666305782276194,0.16532304757426786,1.0031045651509258,klt,n/a,0,nan,n/a,nan,n/a,n/a,n/a,n/a,n/a,n/a,n/a,False,n/a,False,n/a,False,n/a,0,0,0,0,nan,nan,nan,nan,nan,nan,nan,nan,nan,nan,0,nan,0,False,n/a,0.0,klt,healthy,normal,healthy,0.7120145290774215,n/a,329,21,0,0,0,0,0,0,0,0,0,0,0,0,0,0,0,0,0,0,0,0,0,0,0,0.0,0.0,0.0,643.6838507652283
2294,raw_data/images_sequence_6/frame002294.png,350,18,18,0.05142857142857143,350,332,0.875,21,24,30.0,37.51714324951172,0.8371428571428572,0.021593963727355003,0.8360713720321655,0.39671385288238525,0.39920714497566223,1.5856786966323853,1.688071846961975,0.0,nan,nan,92.169189453125,36.06761932373047,18.225130081176758,562.4777221679688,0.0234884732492388,0.0,0.30142306458716306,0.058810800313949585,0.25,0.6508975028991699,1.0,0.941278816876903,0.8015026516384549,0.2765846449908087,0.5344122356236584,0.9269961124401914,0.75,0.715802312179624,0.284197687820376,0.715802312179624,0.9759036144578314,0.927710843373494,0.12104853607364346,0.15503299265407347,0.9506163098622997,klt,n/a,0,nan,n/a,nan,n/a,n/a,n/a,n/a,n/a,n/a,n/a,False,n/a,False,n/a,False,n/a,0,0,0,0,nan,nan,nan,nan,nan,nan,nan,nan,nan,nan,0,nan,0,False,n/a,0.0,klt,healthy,normal,healthy,0.6831191976574089,n/a,332,18,0,0,0,0,0,0,0,0,0,0,0,0,0,0,0,0,0,0,0,0,0,0,0,0.0,0.0,0.0,639.9721233174205
2295,raw_data/images_sequence_6/frame002295.png,350,23,23,0.06571428571428571,350,327,0.875,21,24,30.0,37.58856964111328,0.8428571428571429,0.019082162529230118,0.8377142548561096,0.4055413007736206,0.4050482213497162,1.5683671236038208,1.6755435466766357,0.0,nan,nan,92.14273834228516,35.943748474121094,18.171817779541016,560.7532348632812,0.02349017235754676,0.0,0.3002957332835479,0.05893876776099205,0.25,0.6489934921264648,1.0,0.941274569106133,0.7987499660915799,0.279290240119485,0.5333267279571355,0.9269869372553284,0.75,0.7153005696984517,0.2846994303015483,0.7153005696984517,0.9847094801223242,0.9724770642201835,0.2209076198313293,0.16525622446573549,0.9875766368398751,klt,n/a,0,nan,n/a,nan,n/a,n/a,n/a,n/a,n/a,n/a,n/a,False,n/a,False,n/a,False,n/a,0,0,0,0,nan,nan,nan,nan,nan,nan,nan,nan,nan,nan,0,nan,0,False,n/a,0.0,klt,healthy,normal,healthy,0.7022132804331354,n/a,327,23,0,0,0,0,0,0,0,0,0,0,0,0,0,0,0,0,0,0,0,0,0,0,0,0.0,0.0,0.0,635.801044292748
2296,raw_data/images_sequence_6/frame002296.png,350,33,33,0.09428571428571429,350,317,0.875,21,24,28.0,37.23143005371094,0.8257142857142857,0.019831646233797073,0.8474433422088623,0.41391322016716003,0.4139532446861267,1.5524669885635376,1.6565970182418823,0.0,nan,nan,92.16517639160156,35.915592193603516,18.163740158081055,558.646728515625,0.02363969388864724,0.0,0.299807996562883,0.058916591107845306,0.2916666666666667,0.648705005645752,1.0,0.9409007652783818,0.798124270968967,0.2804608082490808,0.5329634789114046,0.9272040832970857,0.7083333333333333,0.7127504812138123,0.28724951878618765,0.7127504812138123,0.9810725552050473,0.9684542586750788,0.19367315567887852,0.16302717673725936,0.9871372574838886,klt,n/a,0,nan,n/a,nan,n/a,n/a,n/a,n/a,n/a,n/a,n/a,False,n/a,False,n/a,False,n/a,0,0,0,0,nan,nan,nan,nan,nan,nan,nan,nan,nan,nan,0,nan,0,False,n/a,0.0,klt,healthy,normal,healthy,0.7121063639109018,n/a,317,33,0,0,0,0,0,0,0,0,0,0,0,0,0,0,0,0,0,0,0,0,0,0,0,0.0,0.0,0.0,655.4115079343319
2297,raw_data/images_sequence_6/frame002297.png,350,24,24,0.06857142857142857,350,326,0.875,21,24,29.0,37.5485725402832,0.8285714285714286,0.01916201040148735,0.8383514285087585,0.39096301794052124,0.4047372043132782,1.5972669124603271,1.6852591037750244,0.0,nan,nan,92.05464172363281,35.86949920654297,18.150596618652344,557.8814697265625,0.0233865267507612,0.0,0.2995340339810241,0.05887072533369064,0.25,0.648235593523298,1.0,0.941533683123097,0.7970999823676215,0.28111831844554225,0.5323470942149259,0.9273875869943453,0.75,0.7151293415418396,0.2848706584581604,0.7151293415418396,0.9785276073619632,0.9815950920245399,0.10600858993646026,0.16890969652474963,1.0031337710921335,klt,n/a,0,nan,n/a,nan,n/a,n/a,n/a,n/a,n/a,n/a,n/a,False,n/a,False,n/a,False,n/a,0,0,0,0,nan,nan,nan,nan,nan,nan,nan,nan,nan,nan,0,nan,0,False,n/a,0.0,klt,healthy,normal,healthy,0.7020671415507748,n/a,326,24,0,0,0,0,0,0,0,0,0,0,0,0,0,0,0,0,0,0,0,0,0,0,0,0.0,0.0,0.0,663.2778593339026
2298,raw_data/images_sequence_6/frame002298.png,350,31,31,0.08857142857142856,350,319,0.8333333333333334,20,24,29.0,37.448570251464844,0.7971428571428572,0.01922076940536499,0.848750114440918,0.4138456881046295,0.41460004448890686,1.5525906085968018,1.6649490594863892,0.0,nan,nan,92.06969451904297,35.949283599853516,18.17398452758789,559.5046997070312,0.02344769464984776,0.0,0.2993484093161191,0.058854881674051285,0.25,0.6490708759852818,1.0,0.9413807633753806,0.7988729688856336,0.2815638176413141,0.5331975791565697,0.9241793306872553,0.75,0.7154794443978915,0.28452055560210854,0.7154794443978915,0.9780564263322884,0.9341692789968652,0.09397196559799367,0.16208209989569575,0.95512722857184,klt,n/a,0,nan,n/a,nan,n/a,n/a,n/a,n/a,n/a,n/a,n/a,False,n/a,False,n/a,False,n/a,0,0,0,0,nan,nan,nan,nan,nan,nan,nan,nan,nan,nan,0,nan,0,False,n/a,0.0,klt,healthy,normal,healthy,0.688488364538194,n/a,319,31,0,0,0,0,0,0,0,0,0,0,0,0,0,0,0,0,0,0,0,0,0,0,0,0.0,0.0,0.0,652.1770879626274
2299,raw_data/images_sequence_6/frame002299.png,350,28,28,0.08,350,322,0.875,21,24,29.0,37.854286193847656,0.7971428571428572,0.01920747384428978,0.8377907276153564,0.3950875401496887,0.4061105251312256,1.5889520645141602,1.68353271484375,0.0,nan,nan,92.0210952758789,35.93352127075195,18.100122451782227,557.0347290039062,0.023644791213571117,0.0,0.29947224486107926,0.05853869020938873,0.2916666666666667,0.6464329447065081,1.0,0.9408880219660722,0.7985226949055989,0.28126661233340977,0.5323038252014102,0.9273631198347108,0.7083333333333333,0.7123401058009614,0.2876598941990386,0.7123401058009614,0.9751552795031055,0.9813664596273292,0.14440350747813305,0.15593441033377714,1.0063683947432385,klt,n/a,0,nan,n/a,nan,n/a,n/a,n/a,n/a,n/a,n/a,n/a,False,n/a,False,n/a,False,n/a,0,0,0,0,nan,nan,nan,nan,nan,nan,nan,nan,nan,nan,0,nan,0,False,n/a,0.0,klt,healthy,normal,healthy,0.7123900745670411,n/a,322,28,0,0,0,0,0,0,0,0,0,0,0,0,0,0,0,0,0,0,0,0,0,0,0,0.0,0.0,0.0,654.9871037714183
2300,raw_data/images_sequence_6/frame002300.png,350,29,29,0.08285714285714285,350,321,0.875,21,24,28.0,37.96571350097656,0.7971428571428572,0.018833275884389877,0.8343958258628845,0.39731454849243164,0.4028850793838501,1.5844959020614624,1.688798189163208,0.0,nan,nan,92.00128173828125,35.94123458862305,18.066553115844727,556.4306640625,0.023653286755110917,0.0,0.3002167870016659,0.05853314697742462,0.2916666666666667,0.6452340398515973,1.0,0.9408667831122227,0.798694101969401,0.2794797111960019,0.5323769304788474,0.9277362440191388,0.7083333333333333,0.7118753608431967,0.2881246391568033,0.7118753608431967,0.9844236760124611,0.9813084112149533,0.17605683277044148,0.15393196659347913,0.9968344304308475,klt,n/a,0,nan,n/a,nan,n/a,n/a,n/a,n/a,n/a,n/a,n/a,False,n/a,False,n/a,False,n/a,0,0,0,0,nan,nan,nan,nan,nan,nan,nan,nan,nan,nan,0,nan,0,False,n/a,0.0,klt,healthy,normal,healthy,0.712470172316653,n/a,321,29,0,0,0,0,0,0,0,0,0,0,0,0,0,0,0,0,0,0,0,0,0,0,0,0.0,0.0,0.0,645.2881717123091
2301,raw_data/images_sequence_6/frame002301.png,350,28,28,0.08,350,322,0.9166666666666666,22,24,29.0,38.47999954223633,0.7914285714285715,0.020595621317625046,0.838264524936676,0.4014606177806854,0.4007503390312195,1.576302409172058,1.6923757791519165,0.0,nan,nan,92.20948791503906,36.02394485473633,18.0650634765625,557.306640625,0.023692366246194,0.0,0.3018296080944585,0.0581747367978096,0.2916666666666667,0.6451808384486607,1.0,0.940769084384515,0.8005321078830295,0.27560894057329954,0.5324813648456275,0.9268646014571553,0.7083333333333333,0.7114908190799772,0.28850918092002276,0.7114908190799772,0.9813664596273292,0.984472049689441,0.15645213379229178,0.17109028869551182,1.0031635347510817,klt,n/a,0,nan,n/a,nan,n/a,n/a,n/a,n/a,n/a,n/a,n/a,False,n/a,False,n/a,False,n/a,0,0,0,0,nan,nan,nan,nan,nan,nan,nan,nan,nan,nan,0,nan,0,False,n/a,0.0,klt,healthy,normal,healthy,0.7117838394325717,n/a,322,28,0,0,0,0,0,0,0,0,0,0,0,0,0,0,0,0,0,0,0,0,0,0,0,0.0,0.0,0.0,635.4737658984959
2302,raw_data/images_sequence_6/frame002302.png,350,26,26,0.07428571428571429,350,324,0.9166666666666666,22,24,28.0,38.83142852783203,0.8114285714285714,0.018495526164770126,0.8355704545974731,0.40053892135620117,0.4018189311027527,1.578108310699463,1.6933330297470093,0.0,nan,nan,92.16262817382812,35.90504837036133,18.03196907043457,555.1770629882812,0.023704260004349716,0.0,0.30049890106799554,0.05848220735788345,0.2916666666666667,0.6439988953726632,1.0,0.9407393499891257,0.7978899637858073,0.2788026374368108,0.531859089524457,0.9270358715745977,0.7083333333333333,0.711292886913542,0.288707113086458,0.711292886913542,0.9814814814814815,0.9691358024691358,0.12274038851310479,0.15936608919833078,0.9874203775968479,klt,n/a,0,nan,n/a,nan,n/a,n/a,n/a,n/a,n/a,n/a,n/a,False,n/a,False,n/a,False,n/a,0,0,0,0,nan,nan,nan,nan,nan,nan,nan,nan,nan,nan,0,nan,0,False,n/a,0.0,klt,healthy,normal,healthy,0.712252807412459,n/a,324,26,0,0,0,0,0,0,0,0,0,0,0,0,0,0,0,0,0,0,0,0,0,0,0,0.0,0.0,0.0,632.1597257629037
2303,raw_data/images_sequence_6/frame002303.png,350,22,22,0.06285714285714286,350,328,0.9166666666666666,22,24,28.5,39.54571533203125,0.8428571428571429,0.01816880702972412,0.8361871242523193,0.3833213448524475,0.39366188645362854,1.6130770444869995,1.7082511186599731,0.0,nan,nan,92.17268371582031,35.87834930419922,18.074586868286133,555.1581420898438,0.023653286755110917,0.0,0.2999014775893268,0.05844203755259514,0.25,0.6455209595816476,1.0,0.9408667831122227,0.797296651204427,0.2802364537856158,0.531471138221748,0.927626141800783,0.75,0.7142614318506033,0.2857385681493967,0.7142614318506033,0.9908536585365854,0.9878048780487805,0.2053669525190786,0.15848070877030535,0.9969220707986485,klt,n/a,0,nan,n/a,nan,n/a,n/a,n/a,n/a,n/a,n/a,n/a,False,n/a,False,n/a,False,n/a,0,0,0,0,nan,nan,nan,nan,nan,nan,nan,nan,nan,nan,0,nan,0,False,n/a,0.0,klt,healthy,normal,healthy,0.7024843010609525,n/a,328,22,0,0,0,0,0,0,0,0,0,0,0,0,0,0,0,0,0,0,0,0,0,0,0,0.0,0.0,0.0,641.8386548757553
2304,raw_data/images_sequence_6/frame002304.png,350,29,29,0.08285714285714285,350,321,0.9166666666666666,22,24,27.0,39.099998474121094,0.8314285714285714,0.017820727080106735,0.8343290090560913,0.38889580965042114,0.4013043940067291,1.601496696472168,1.693971872329712,0.0,nan,nan,92.04711151123047,35.86482620239258,18.074617385864258,554.974853515625,0.023712755545889516,0.0,0.3001395386340571,0.058478690683841705,0.25,0.645522049495152,1.0,0.9407181111352763,0.7969961378309461,0.2796651072782629,0.5314041841060224,0.9265618203566768,0.75,0.7140558870979602,0.2859441129020398,0.7140558870979602,0.9844236760124611,0.9813084112149533,0.1510652602772713,0.15006621875138282,0.9968344304308475,klt,n/a,0,nan,n/a,nan,n/a,n/a,n/a,n/a,n/a,n/a,n/a,False,n/a,False,n/a,False,n/a,0,0,0,0,nan,nan,nan,nan,nan,nan,nan,nan,nan,nan,0,nan,0,False,n/a,0.0,klt,healthy,normal,healthy,0.7028208806617094,n/a,321,29,0,0,0,0,0,0,0,0,0,0,0,0,0,0,0,0,0,0,0,0,0,0,0,0.0,0.0,0.0,640.2757642790675
2305,raw_data/images_sequence_6/frame002305.png,350,25,25,0.07142857142857142,350,325,0.9166666666666666,22,24,26.5,39.05714416503906,0.8228571428571428,0.018024876713752747,0.8373023271560669,0.39485108852386475,0.4020689129829407,1.5894033908843994,1.6933428049087524,0.0,nan,nan,91.91873931884766,35.83727264404297,18.087051391601562,555.52783203125,0.0237093573292736,0.0,0.2998670989391851,0.0589606836438179,0.25,0.6459661211286273,1.0,0.940726606676816,0.7963838365342882,0.2803189625459558,0.5321934720030939,0.9263416159199652,0.75,0.7142541681856336,0.2857458318143664,0.7142541681856336,0.9846153846153847,0.9815384615384616,0.18055313661665523,0.1475259660785082,0.9968739875498563,klt,n/a,0,nan,n/a,nan,n/a,n/a,n/a,n/a,n/a,n/a,n/a,False,n/a,False,n/a,False,n/a,0,0,0,0,nan,nan,nan,nan,nan,nan,nan,nan,nan,nan,0,nan,0,False,n/a,0.0,klt,healthy,normal,healthy,0.7029224907686245,n/a,325,25,0,0,0,0,0,0,0,0,0,0,0,0,0,0,0,0,0,0,0,0,0,0,0,0.0,0.0,0.0,652.8558628633618
2306,raw_data/images_sequence_6/frame002306.png,350,26,26,0.07428571428571429,350,324,0.9166666666666666,22,24,27.0,39.38285827636719,0.8228571428571428,0.018767332658171654,0.8425002694129944,0.38809484243392944,0.39954516291618347,1.6031429767608643,1.6976287364959717,0.0,nan,nan,91.8259506225586,35.828163146972656,18.076038360595703,554.5048828125,0.02365668497172684,0.0,0.3000770568847656,0.05903463810682297,0.25,0.6455727985927037,1.0,0.9408582875706829,0.796181403266059,0.2798150634765626,0.5322603336939908,0.9265801707264028,0.75,0.7141109377643857,0.2858890622356143,0.7141109377643857,0.9783950617283951,0.9814814814814815,0.1811437605371954,0.14390004569834725,1.0031535488272876,klt,n/a,0,nan,n/a,nan,n/a,n/a,n/a,n/a,n/a,n/a,n/a,False,n/a,False,n/a,False,n/a,0,0,0,0,nan,nan,nan,nan,nan,nan,nan,nan,nan,nan,0,nan,0,False,n/a,0.0,klt,healthy,normal,healthy,0.7030675275838308,n/a,324,26,0,0,0,0,0,0,0,0,0,0,0,0,0,0,0,0,0,0,0,0,0,0,0,0.0,0.0,0.0,643.3237949386239
2307,raw_data/images_sequence_6/frame002307.png,350,35,35,0.1,350,315,0.9166666666666666,22,24,26.5,39.52000045776367,0.82,0.017076730728149414,0.8481144905090332,0.4148511290550232,0.4166822135448456,1.550711750984192,1.6446728706359863,0.0,nan,nan,91.725341796875,35.79669189453125,18.058773040771484,553.5455932617188,0.023590419747716397,0.0,0.29971630769617413,0.05890292674303055,0.25,0.6449561800275531,1.0,0.941023950630709,0.7954820421006944,0.28068086152918215,0.5316113091026894,0.9260021340800348,0.75,0.7139198844850403,0.2860801155149597,0.7139198844850403,0.9904761904761905,0.9904761904761905,0.10309145121342178,0.14689816609031617,0.9999989903856347,klt,n/a,0,nan,n/a,nan,n/a,n/a,n/a,n/a,n/a,n/a,n/a,False,n/a,False,n/a,False,n/a,0,0,0,0,nan,nan,nan,nan,nan,nan,nan,nan,nan,nan,0,nan,0,False,n/a,0.0,klt,healthy,normal,healthy,0.7029476027681522,n/a,315,35,0,0,0,0,0,0,0,0,0,0,0,0,0,0,0,0,0,0,0,0,0,0,0,0.0,0.0,0.0,640.9887541085482
2308,raw_data/images_sequence_6/frame002308.png,350,31,31,0.08857142857142856,350,319,0.9166666666666666,22,24,26.0,39.702857971191406,0.82,0.0182889886200428,0.8501592874526978,0.393069326877594,0.4097404181957245,1.59299635887146,1.6667609214782715,0.0,nan,nan,91.67939758300781,35.81768798828125,18.003501892089844,553.5398559570312,0.023627800130491518,0.0,0.3003403398102405,0.05866102874279022,0.25,0.6429822104317802,1.0,0.9409304996737712,0.7959486219618056,0.2791831844554228,0.5312948308508806,0.9256167763157894,0.75,0.713259612996073,0.286740387003927,0.713259612996073,0.9780564263322884,0.9435736677115988,0.2228015446406278,0.2196097978586569,0.9647426033561203,klt,n/a,0,nan,n/a,nan,n/a,n/a,n/a,n/a,n/a,n/a,n/a,False,n/a,False,n/a,False,n/a,0,0,0,0,nan,nan,nan,nan,nan,nan,nan,nan,nan,nan,0,nan,0,False,n/a,0.0,klt,healthy,normal,healthy,0.6944160967450673,n/a,319,31,0,0,0,0,0,0,0,0,0,0,0,0,0,0,0,0,0,0,0,0,0,0,0,0.0,0.0,0.0,643.3410909958184
2309,raw_data/images_sequence_6/frame002309.png,350,20,20,0.05714285714285714,350,330,0.9166666666666666,22,24,27.0,40.3514289855957,0.8171428571428572,0.01968061923980713,0.8439502716064453,0.38526853919029236,0.3954305648803711,1.6090102195739746,1.6984716653823853,0.0,nan,nan,91.49927520751953,35.70784378051758,17.96969223022461,551.6788940429688,0.023607410830795997,0.0,0.2989486290426816,0.058739036321640015,0.25,0.6417747225080218,1.0,0.94098147292301,0.7935076395670573,0.2825232902975642,0.5302516296054378,0.9247023162244454,0.75,0.7129947276183511,0.28700527238164886,0.7129947276183511,0.9878787878787879,0.9515151515151515,0.09983481224052848,0.1647012770234488,0.9631892090415982,klt,n/a,0,nan,n/a,nan,n/a,n/a,n/a,n/a,n/a,n/a,n/a,False,n/a,False,n/a,False,n/a,0,0,0,0,nan,nan,nan,nan,nan,nan,nan,nan,nan,nan,0,nan,0,False,n/a,0.0,klt,healthy,normal,healthy,0.7022354783308268,n/a,330,20,0,0,0,0,0,0,0,0,0,0,0,0,0,0,0,0,0,0,0,0,0,0,0,0.0,0.0,0.0,666.441067121923
2310,raw_data/images_sequence_6/frame002310.png,350,16,16,0.045714285714285714,350,334,0.9166666666666666,22,24,27.5,40.92856979370117,0.8314285714285714,0.019214659929275513,0.8431267738342285,0.38507601618766785,0.39614880084991455,1.6094011068344116,1.6951652765274048,0.0,nan,nan,91.54796600341797,35.76387405395508,17.944164276123047,550.2256469726562,0.0237008617877338,0.0,0.29972772186877683,0.05885164812207222,0.25,0.6408630098615374,1.0,0.9407478455306655,0.7947527567545573,0.2806534675149356,0.531130124109261,0.924567746846455,0.75,0.7127510995997546,0.2872489004002454,0.7127510995997546,0.9820359281437125,0.9880239520958084,0.12327686415134237,0.16597672769058563,1.0060965364748684,klt,n/a,0,nan,n/a,nan,n/a,n/a,n/a,n/a,n/a,n/a,n/a,False,n/a,False,n/a,False,n/a,0,0,0,0,nan,nan,nan,nan,nan,nan,nan,nan,nan,nan,0,nan,0,False,n/a,0.0,klt,healthy,normal,healthy,0.7021844603041414,n/a,334,16,0,0,0,0,0,0,0,0,0,0,0,0,0,0,0,0,0,0,0,0,0,0,0,0.0,0.0,0.0,660.2645269595087
2311,raw_data/images_sequence_6/frame002311.png,350,20,20,0.05714285714285714,350,330,0.9166666666666666,22,24,28.0,41.61714172363281,0.8542857142857143,0.017732473090291023,0.8448094129562378,0.4018229842185974,0.40468570590019226,1.5755889415740967,1.6741321086883545,0.0,nan,nan,91.51319885253906,35.75352478027344,17.96963119506836,551.0256958007812,0.023615906372335797,0.0,0.2992215668921378,0.05898197740316391,0.25,0.6417725426810128,1.0,0.9409602340691605,0.7945227728949653,0.2818682394588693,0.531311335091037,0.9243475424097434,0.75,0.7131276865052687,0.2868723134947313,0.7131276865052687,0.9848484848484849,0.9848484848484849,0.12173612719021314,0.1541542542890547,0.9999989846164156,klt,n/a,0,nan,n/a,nan,n/a,n/a,n/a,n/a,n/a,n/a,n/a,False,n/a,False,n/a,False,n/a,0,0,0,0,nan,nan,nan,nan,nan,nan,nan,nan,nan,nan,0,nan,0,False,n/a,0.0,klt,healthy,normal,healthy,0.7026573592402026,n/a,330,20,0,0,0,0,0,0,0,0,0,0,0,0,0,0,0,0,0,0,0,0,0,0,0,0.0,0.0,0.0,655.0795589573681
2312,raw_data/images_sequence_6/frame002312.png,350,25,25,0.07142857142857142,350,325,0.9166666666666666,22,24,26.5,41.6485710144043,0.8542857142857143,0.02091086283326149,0.8452781438827515,0.4066796898841858,0.4117553234100342,1.566176414489746,1.6582584381103516,0.0,nan,nan,91.42268371582031,35.75544357299805,17.965347290039062,550.6486206054688,0.023678773379730317,0.0,0.2994415163526347,0.05886171758174896,0.25,0.6416195460728237,1.0,0.9408030665506742,0.79456541273329,0.28134036075367674,0.5310593372342562,0.9238153816876903,0.75,0.7129442115249839,0.2870557884750161,0.7129442115249839,0.9815384615384616,0.9753846153846154,0.093276655324367,0.15692589890543804,0.9937293951032808,klt,n/a,0,nan,n/a,nan,n/a,n/a,n/a,n/a,n/a,n/a,n/a,False,n/a,False,n/a,False,n/a,0,0,0,0,nan,nan,nan,nan,nan,nan,nan,nan,nan,nan,0,nan,0,False,n/a,0.0,klt,healthy,normal,healthy,0.7025464934555472,n/a,325,25,0,0,0,0,0,0,0,0,0,0,0,0,0,0,0,0,0,0,0,0,0,0,0,0.0,0.0,0.0,666.9385023415089
2313,raw_data/images_sequence_6/frame002313.png,350,21,21,0.06,350,329,0.9166666666666666,22,24,27.0,42.342857360839844,0.8685714285714285,0.01915442943572998,0.8455018997192383,0.4006863236427307,0.4038775563240051,1.5778164863586426,1.681166648864746,0.0,nan,nan,91.32935333251953,35.68394088745117,17.92258644104004,550.1063232421875,0.023734843953892998,0.0,0.29873365813610603,0.05878685414791107,0.25,0.6400923728942871,1.0,0.9406628901152675,0.7929764641655817,0.2830392204733455,0.5300947187825887,0.9239407758808178,0.75,0.712530348223473,0.28746965177652695,0.712530348223473,0.9848024316109423,0.9726443768996961,0.2468877785516888,0.16206988724100596,0.9876533180927727,klt,n/a,0,nan,n/a,nan,n/a,n/a,n/a,n/a,n/a,n/a,n/a,False,n/a,False,n/a,False,n/a,0,0,0,0,nan,nan,nan,nan,nan,nan,nan,nan,nan,nan,0,nan,0,False,n/a,0.0,klt,healthy,normal,healthy,0.7023407339221246,n/a,329,21,0,0,0,0,0,0,0,0,0,0,0,0,0,0,0,0,0,0,0,0,0,0,0,0.0,0.0,0.0,639.7686377167702
2314,raw_data/images_sequence_6/frame002314.png,350,22,22,0.06285714285714286,350,328,0.9166666666666666,22,24,27.0,42.762855529785156,0.8657142857142858,0.01897464133799076,0.8476623296737671,0.3927077054977417,0.4044055938720703,1.5937249660491943,1.672664999961853,0.0,nan,nan,91.2121810913086,35.70439529418945,17.931310653686523,550.0225830078125,0.023908153001304916,0.0,0.29903703577378216,0.059035710990428925,0.2916666666666667,0.6404039519173759,1.0,0.9402296174967377,0.7934310065375434,0.28231111414292287,0.5308875737015647,0.9234789582427142,0.7083333333333333,0.7100669466246963,0.28993305337530373,0.7100669466246963,0.9817073170731707,0.9695121951219512,0.11522320080183135,0.15972050704319785,0.9875766337728699,klt,n/a,0,nan,n/a,nan,n/a,n/a,n/a,n/a,n/a,n/a,n/a,False,n/a,False,n/a,False,n/a,0,0,0,0,nan,nan,nan,nan,nan,nan,nan,nan,nan,nan,0,nan,0,False,n/a,0.0,klt,healthy,normal,healthy,0.7122386306986643,n/a,328,22,0,0,0,0,0,0,0,0,0,0,0,0,0,0,0,0,0,0,0,0,0,0,0,0.0,0.0,0.0,646.6373289003968
2315,raw_data/images_sequence_6/frame002315.png,350,20,20,0.05714285714285714,350,330,0.9166666666666666,22,24,27.0,42.77714157104492,0.8485714285714285,0.01914825662970543,0.8451513051986694,0.39455854892730713,0.4062018394470215,1.5899951457977295,1.682588815689087,0.0,nan,nan,91.18193054199219,35.6373291015625,17.930767059326172,549.9557495117188,0.023787516311439758,0.0,0.2983878969678692,0.058971256017684937,0.25,0.6403845378330776,1.0,0.9405312092214007,0.7919406467013889,0.28386904727711393,0.5299959052090693,0.923980535015224,0.75,0.7125612283788095,0.28743877162119047,0.7125612283788095,0.9727272727272728,0.9696969696969697,0.16250085667252523,0.1445536083053811,0.9968837103687712,klt,n/a,0,nan,n/a,nan,n/a,n/a,n/a,n/a,n/a,n/a,n/a,False,n/a,False,n/a,False,n/a,0,0,0,0,nan,nan,nan,nan,nan,nan,nan,nan,nan,nan,0,nan,0,False,n/a,0.0,klt,healthy,normal,healthy,0.7030413850795495,n/a,330,20,0,0,0,0,0,0,0,0,0,0,0,0,0,0,0,0,0,0,0,0,0,0,0,0.0,0.0,0.0,644.1949363797903
2316,raw_data/images_sequence_6/frame002316.png,350,20,20,0.05714285714285714,350,330,0.9166666666666666,22,24,27.5,43.07428741455078,0.8485714285714285,0.019264481961727142,0.8482258319854736,0.40955692529678345,0.40868058800697327,1.5606787204742432,1.677450180053711,0.0,nan,nan,91.07770538330078,35.52384567260742,17.959047317504883,550.84912109375,0.023746737712048716,0.0,0.29705529755237065,0.05892445147037506,0.25,0.6413945470537458,1.0,0.9406331557198782,0.7894187927246094,0.2870672858743105,0.5286286042495207,0.9244668198129622,0.75,0.7128058958862862,0.2871941041137138,0.7128058958862862,0.9727272727272728,0.9757575757575757,0.1799075626943651,0.15785061587194604,1.0031142335585759,klt,n/a,0,nan,n/a,nan,n/a,n/a,n/a,n/a,n/a,n/a,n/a,False,n/a,False,n/a,False,n/a,0,0,0,0,nan,nan,nan,nan,nan,nan,nan,nan,nan,nan,0,nan,0,False,n/a,0.0,klt,healthy,normal,healthy,0.7025095047768869,n/a,330,20,0,0,0,0,0,0,0,0,0,0,0,0,0,0,0,0,0,0,0,0,0,0,0,0.0,0.0,0.0,634.5279249362648
2317,raw_data/images_sequence_6/frame002317.png,350,20,20,0.05714285714285714,350,330,0.9166666666666666,22,24,28.0,43.514286041259766,0.8514285714285714,0.021337468177080154,0.8472630977630615,0.4069802761077881,0.41149866580963135,1.5656020641326904,1.6664767265319824,0.0,nan,nan,90.9250717163086,35.525543212890625,17.975189208984375,551.0264892578125,0.023741640387124837,0.0,0.29703808503992424,0.05913892388343811,0.25,0.6419710431780133,1.0,0.9406458990321879,0.7894565158420139,0.2871085959041818,0.529134903110639,0.9225767317311875,0.75,0.7128919149878005,0.28710808501219953,0.7128919149878005,0.9757575757575757,0.9727272727272728,0.20582849851036883,0.1434966897215167,0.9968933882769624,klt,n/a,0,nan,n/a,nan,n/a,n/a,n/a,n/a,n/a,n/a,n/a,False,n/a,False,n/a,False,n/a,0,0,0,0,nan,nan,nan,nan,nan,nan,nan,nan,nan,nan,0,nan,0,False,n/a,0.0,klt,healthy,normal,healthy,0.7030836618229042,n/a,330,20,0,0,0,0,0,0,0,0,0,0,0,0,0,0,0,0,0,0,0,0,0,0,0,0.0,0.0,0.0,645.9492491558194
2318,raw_data/images_sequence_6/frame002318.png,350,19,19,0.054285714285714284,350,331,0.9166666666666666,22,24,29.0,43.95428466796875,0.8542857142857143,0.018403716385364532,0.8509944677352905,0.39960867166519165,0.407705694437027,1.57993745803833,1.6678625345230103,0.0,nan,nan,90.78265380859375,35.43531036376953,17.91670036315918,547.3330078125,0.023751835036972598,0.0,0.29611660527248,0.05910462141036987,0.25,0.6398821558271136,1.0,0.9406204124075686,0.7874513414171007,0.28932014734604794,0.5280543557321182,0.9243873015441496,0.75,0.7124772661498753,0.2875227338501247,0.7124772661498753,0.9818731117824774,0.9788519637462235,0.17345541702351272,0.16094481497622415,0.9969220615963003,klt,n/a,0,nan,n/a,nan,n/a,n/a,n/a,n/a,n/a,n/a,n/a,False,n/a,False,n/a,False,n/a,0,0,0,0,nan,nan,nan,nan,nan,nan,nan,nan,nan,nan,0,nan,0,False,n/a,0.0,klt,healthy,normal,healthy,0.7023857368127158,n/a,331,19,0,0,0,0,0,0,0,0,0,0,0,0,0,0,0,0,0,0,0,0,0,0,0,0.0,0.0,0.0,640.8005119301379
2319,raw_data/images_sequence_6/frame002319.png,350,20,20,0.05714285714285714,350,330,0.9583333333333334,23,24,28.5,43.977142333984375,0.86,0.019552960991859436,0.8503153920173645,0.3978942930698395,0.41130101680755615,1.5833334922790527,1.648560643196106,0.0,nan,nan,90.69501495361328,35.391021728515625,17.918569564819336,551.0363159179688,0.023590419747716397,0.0,0.2950445332246669,0.05911753326654434,0.2916666666666667,0.639948913029262,1.0,0.941023950630709,0.7864671495225695,0.2918931202607995,0.5275916049125219,0.9252742360809048,0.7083333333333333,0.7102801764756999,0.28971982352430015,0.7102801764756999,0.9727272727272728,0.9757575757575757,0.17892686503660435,0.15474362216349233,1.0031142335585759,klt,n/a,0,nan,n/a,nan,n/a,n/a,n/a,n/a,n/a,n/a,n/a,False,n/a,False,n/a,False,n/a,0,0,0,0,nan,nan,nan,nan,nan,nan,nan,nan,nan,nan,0,nan,0,False,n/a,0.0,klt,healthy,normal,healthy,0.7124377060938525,n/a,330,20,0,0,0,0,0,0,0,0,0,0,0,0,0,0,0,0,0,0,0,0,0,0,0,0.0,0.0,0.0,640.842238906771
2320,raw_data/images_sequence_6/frame002320.png,350,13,13,0.037142857142857144,350,337,0.9583333333333334,23,24,29.0,44.58285903930664,0.8771428571428571,0.017280833795666695,0.845177412033081,0.38085296750068665,0.4008372724056244,1.6182734966278076,1.6811919212341309,0.0,nan,nan,90.55741882324219,35.37360763549805,17.875648498535156,547.5833129882812,0.02360571172248804,0.0,0.2951257249420765,0.05897529423236847,0.2916666666666667,0.638416017804827,1.0,0.94098572069378,0.7860801696777344,0.29169826013901645,0.5270748444578864,0.9258002800130491,0.7083333333333333,0.7098341853168353,0.2901658146831647,0.7098341853168353,0.9762611275964391,0.9762611275964391,0.19591841807195534,0.1644858017406138,0.9999989756849398,klt,n/a,0,nan,n/a,nan,n/a,n/a,n/a,n/a,n/a,n/a,n/a,False,n/a,False,n/a,False,n/a,0,0,0,0,nan,nan,nan,nan,nan,nan,nan,nan,nan,nan,0,nan,0,False,n/a,0.0,klt,healthy,normal,healthy,0.7120480189107676,n/a,337,13,0,0,0,0,0,0,0,0,0,0,0,0,0,0,0,0,0,0,0,0,0,0,0,0.0,0.0,0.0,637.0924417860806
2321,raw_data/images_sequence_6/frame002321.png,350,15,15,0.04285714285714286,350,335,0.9166666666666666,22,24,29.5,45.02857208251953,0.88,0.018231119960546494,0.8472363948822021,0.3979884088039398,0.4047829210758209,1.5831420421600342,1.672285795211792,0.0,nan,nan,90.51243591308594,35.33778762817383,17.841808319091797,546.785888671875,0.023573428664636797,0.0,0.29548738217821313,0.058729175478219986,0.2916666666666667,0.6372074399675641,1.0,0.941066428338408,0.7852841695149739,0.2908302827722885,0.5261174835716234,0.9258889734667246,0.7083333333333333,0.7092513845599887,0.2907486154400113,0.7092513845599887,0.9791044776119403,0.9194029850746268,0.16341642483010152,0.15069776240859808,0.9390234311803369,klt,n/a,0,nan,n/a,nan,n/a,n/a,n/a,n/a,n/a,n/a,n/a,False,n/a,False,n/a,False,n/a,0,0,0,0,nan,nan,nan,nan,nan,nan,nan,nan,nan,nan,0,nan,0,False,n/a,0.0,klt,healthy,normal,healthy,0.6835162958307334,n/a,335,15,0,0,0,0,0,0,0,0,0,0,0,0,0,0,0,0,0,0,0,0,0,0,0,0.0,0.0,0.0,643.835118971765
2322,raw_data/images_sequence_6/frame002322.png,350,21,21,0.06,350,329,0.9166666666666666,22,24,28.0,45.325714111328125,0.8742857142857143,0.01864820532500744,0.8442872762680054,0.3987962007522583,0.41267743706703186,1.581541895866394,1.653074026107788,0.0,nan,nan,90.35308837890625,35.28711700439453,17.828548431396484,544.9560546875,0.023590419747716397,0.0,0.29501875335094974,0.058610375970602036,0.2916666666666667,0.6367338725498745,1.0,0.941023950630709,0.7841581556532118,0.2919549919577207,0.5252844777597924,0.925528082862114,0.7083333333333333,0.7090428258920256,0.2909571741079744,0.7090428258920256,0.9696048632218845,0.9635258358662614,0.13835546724863648,0.1643599476381525,0.9937293826427369,klt,n/a,0,nan,n/a,nan,n/a,n/a,n/a,n/a,n/a,n/a,n/a,False,n/a,False,n/a,False,n/a,0,0,0,0,nan,nan,nan,nan,nan,nan,nan,nan,nan,nan,0,nan,0,False,n/a,0.0,klt,healthy,normal,healthy,0.7120530530748661,n/a,329,21,0,0,0,0,0,0,0,0,0,0,0,0,0,0,0,0,0,0,0,0,0,0,0,0.0,0.0,0.0,633.5443891584873
2323,raw_data/images_sequence_6/frame002323.png,350,22,22,0.06285714285714286,350,328,0.9166666666666666,22,24,28.0,45.2457160949707,0.8714285714285714,0.018700435757637024,0.8510948419570923,0.4067741632461548,0.412923663854599,1.56600022315979,1.6616336107254028,0.0,nan,nan,90.2838134765625,35.28409194946289,17.819570541381836,547.0030517578125,0.023607410830795997,0.0,0.2950733469046799,0.0586964413523674,0.2916666666666667,0.6364132336207798,1.0,0.94098147292301,0.7840909322102865,0.29182396742876826,0.5254464691787055,0.9261030611135276,0.7083333333333333,0.708994715420851,0.291005284579149,0.708994715420851,0.9817073170731707,0.975609756097561,0.13687481047072203,0.15287073339762353,0.9937878075701836,klt,n/a,0,nan,n/a,nan,n/a,n/a,n/a,n/a,n/a,n/a,n/a,False,n/a,False,n/a,False,n/a,0,0,0,0,nan,nan,nan,nan,nan,nan,nan,nan,nan,nan,0,nan,0,False,n/a,0.0,klt,healthy,normal,healthy,0.7125126216444873,n/a,328,22,0,0,0,0,0,0,0,0,0,0,0,0,0,0,0,0,0,0,0,0,0,0,0,0.0,0.0,0.0,637.5394989736378
2324,raw_data/images_sequence_6/frame002324.png,350,31,31,0.08857142857142856,350,319,0.9583333333333334,23,24,27.0,44.62285614013672,0.8342857142857143,0.01731354370713234,0.8565136790275574,0.4137706160545349,0.42119845747947693,1.5527437925338745,1.643174171447754,0.0,nan,nan,90.12635803222656,35.1619873046875,17.810043334960938,547.3670654296875,0.02357172955632884,0.0,0.2937189349006204,0.05879791080951691,0.2916666666666667,0.6360729762486049,1.0,0.9410706761091779,0.7813774956597223,0.2950745562385111,0.5243203633060359,0.9247848928882123,0.7083333333333333,0.7088458104303696,0.29115418956963035,0.7088458104303696,0.9811912225705329,0.9749216300940439,0.09355415385295938,0.1535542151881767,0.9936092109861395,klt,n/a,0,nan,n/a,nan,n/a,n/a,n/a,n/a,n/a,n/a,n/a,False,n/a,False,n/a,False,n/a,0,0,0,0,nan,nan,nan,nan,nan,nan,nan,nan,nan,nan,0,nan,0,False,n/a,0.0,klt,healthy,normal,healthy,0.7124852823728651,n/a,319,31,0,0,0,0,0,0,0,0,0,0,0,0,0,0,0,0,0,0,0,0,0,0,0,0.0,0.0,0.0,642.080282792449
2325,raw_data/images_sequence_6/frame002325.png,350,23,23,0.06571428571428571,350,327,0.9583333333333334,23,24,27.5,44.93428421020508,0.8285714285714286,0.01797512359917164,0.8602416515350342,0.41204583644866943,0.41286176443099976,1.555969476699829,1.6574687957763672,0.0,nan,nan,90.01338958740234,35.1278076171875,17.775705337524414,546.5350341796875,0.023954028925619833,0.0,0.29412511189778645,0.05873121693730354,0.3333333333333333,0.6348466191973005,1.0,0.9401149276859504,0.7806179470486111,0.29409973144531254,0.5237890120181772,0.9252314185515441,0.6666666666666667,0.7056967301491711,0.2943032698508289,0.7056967301491711,0.9755351681957186,0.9755351681957186,0.2450242525119885,0.1411953343607254,0.9999989749226809,klt,n/a,0,nan,n/a,nan,n/a,n/a,n/a,n/a,n/a,n/a,n/a,False,n/a,False,n/a,False,n/a,0,0,0,0,nan,nan,nan,nan,nan,nan,nan,nan,nan,nan,0,nan,0,False,n/a,0.0,klt,healthy,normal,healthy,0.7227835591745906,n/a,327,23,0,0,0,0,0,0,0,0,0,0,0,0,0,0,0,0,0,0,0,0,0,0,0,0.0,0.0,0.0,636.030136141926
2326,raw_data/images_sequence_6/frame002326.png,350,24,24,0.06857142857142857,350,326,0.9583333333333334,23,24,27.5,45.005714416503906,0.8171428571428572,0.04032492637634277,0.8561892509460449,0.4132048785686493,0.41687971353530884,1.5537903308868408,1.6557446718215942,0.0,nan,nan,92.38615417480469,36.17042922973633,18.33536720275879,576.1881713867188,0.02329817311874728,0.0,0.30377911137599584,0.058998119086027145,0.20833333333333334,0.654834542955671,1.0,0.9417545672031318,0.8037873162163629,0.27093013269761,0.5359802923946068,0.9250693236189648,0.7916666666666666,0.7187806385427431,0.2812193614572569,0.7187806385427431,0.9723926380368099,0.9754601226993865,0.27442732518168916,0.26477540368821617,1.0031535424982496,klt,n/a,0,nan,n/a,nan,n/a,n/a,n/a,n/a,n/a,n/a,n/a,False,n/a,False,n/a,False,n/a,0,0,0,0,nan,nan,nan,nan,nan,nan,nan,nan,nan,nan,0,nan,0,False,n/a,0.0,klt,healthy,normal,healthy,0.6884285916956088,n/a,326,24,0,0,0,0,0,0,0,0,0,0,0,0,0,0,0,0,0,0,0,0,0,0,0,0.0,0.0,0.0,651.7694378271699
2327,raw_data/images_sequence_6/frame002327.png,350,15,15,0.04285714285714286,350,335,0.9583333333333334,23,24,27.5,45.02857208251953,0.8285714285714286,0.02121713012456894,0.8554236888885498,0.41282108426094055,0.4156380891799927,1.5545109510421753,1.6545699834823608,0.0,nan,nan,92.25350952148438,36.027870178222656,18.27593421936035,573.43994140625,0.02339162407568508,0.0,0.30109054864621626,0.05868149176239967,0.20833333333333334,0.6527119364057269,1.0,0.9415209398107873,0.8006193372938368,0.277382683249081,0.5336766953796449,0.9282439375815572,0.7916666666666666,0.718722874617137,0.281277125382863,0.718722874617137,0.9671641791044776,0.9671641791044776,0.18681587391949772,0.14418036935401293,0.9999989660504517,klt,n/a,0,nan,n/a,nan,n/a,n/a,n/a,n/a,n/a,n/a,n/a,False,n/a,False,n/a,False,n/a,0,0,0,0,nan,nan,nan,nan,nan,nan,nan,nan,nan,nan,0,nan,0,False,n/a,0.0,klt,healthy,normal,healthy,0.6932523930689769,n/a,335,15,0,0,0,0,0,0,0,0,0,0,0,0,0,0,0,0,0,0,0,0,0,0,0,0.0,0.0,0.0,651.3842777349055
2328,raw_data/images_sequence_6/frame002328.png,350,17,17,0.04857142857142857,350,333,0.9583333333333334,23,24,28.5,45.84857177734375,0.8542857142857143,0.018771490082144737,0.8520382046699524,0.41167527437210083,0.41797345876693726,1.5566673278808594,1.6436526775360107,0.0,nan,nan,92.070068359375,35.939353942871094,18.225622177124023,572.7982788085938,0.02324380165289256,0.0,0.30022071987974874,0.058586351573467255,0.2916666666666667,0.6509150777544294,1.0,0.9418904958677686,0.7986523098415799,0.279470272288603,0.5324769539513974,0.9245952724010439,0.7083333333333333,0.713065242729731,0.28693475727026896,0.713065242729731,0.963963963963964,0.948948948948949,0.1407820329886672,0.20086989002045938,0.9844226547889593,klt,n/a,0,nan,n/a,nan,n/a,n/a,n/a,n/a,n/a,n/a,n/a,False,n/a,False,n/a,False,n/a,0,0,0,0,nan,nan,nan,nan,nan,nan,nan,nan,nan,nan,0,nan,0,False,n/a,0.0,klt,healthy,normal,healthy,0.7096729857099041,n/a,333,17,0,0,0,0,0,0,0,0,0,0,0,0,0,0,0,0,0,0,0,0,0,0,0,0.0,0.0,0.0,641.107764095068
2329,raw_data/images_sequence_6/frame002329.png,350,25,25,0.07142857142857142,350,325,0.9583333333333334,23,24,27.5,45.67142868041992,0.8485714285714285,0.01772390678524971,0.8562905788421631,0.41288769245147705,0.42822030186653137,1.5543861389160156,1.6184455156326294,0.0,nan,nan,91.9766845703125,35.87745666503906,18.191556930541992,570.410400390625,0.02340011961722488,0.0,0.29967361001407394,0.05851250886917114,0.2916666666666667,0.6496984618050712,1.0,0.9414997009569378,0.7972768147786459,0.2807833359662225,0.5316213820919846,0.9284152076989995,0.7083333333333333,0.7128959888336349,0.2871040111663651,0.7128959888336349,0.9784615384615385,0.9784615384615385,0.12886434337139177,0.1588048418551222,0.9999989779884658,klt,n/a,0,nan,n/a,nan,n/a,n/a,n/a,n/a,n/a,n/a,n/a,False,n/a,False,n/a,False,n/a,0,0,0,0,nan,nan,nan,nan,nan,nan,nan,nan,nan,nan,0,nan,0,False,n/a,0.0,klt,healthy,normal,healthy,0.7122752573061872,n/a,325,25,0,0,0,0,0,0,0,0,0,0,0,0,0,0,0,0,0,0,0,0,0,0,0,0.0,0.0,0.0,641.3538376800716
2330,raw_data/images_sequence_6/frame002330.png,350,15,15,0.04285714285714286,350,335,0.9583333333333334,23,24,28.0,46.4571418762207,0.8657142857142858,0.01811992935836315,0.8511248230934143,0.41196340322494507,0.4156017601490021,1.5561329126358032,1.6508510112762451,0.0,nan,nan,91.81217956542969,35.78321838378906,18.152183532714844,570.4633178710938,0.02330496955197912,0.0,0.2988287488151999,0.05861521512269974,0.25,0.6482922690255302,1.0,0.9417375761200522,0.795182630750868,0.28281100284352034,0.5308077133815698,0.9289106676816007,0.75,0.7150798300749043,0.2849201699250957,0.7150798300749043,0.9761194029850746,0.9492537313432836,0.15377809524835856,0.1443441906680054,0.9724760679526522,klt,n/a,0,nan,n/a,nan,n/a,n/a,n/a,n/a,n/a,n/a,n/a,False,n/a,False,n/a,False,n/a,0,0,0,0,nan,nan,nan,nan,nan,nan,nan,nan,nan,nan,0,nan,0,False,n/a,0.0,klt,healthy,normal,healthy,0.7023967767104177,n/a,335,15,0,0,0,0,0,0,0,0,0,0,0,0,0,0,0,0,0,0,0,0,0,0,0,0.0,0.0,0.0,646.4900830760598
2331,raw_data/images_sequence_6/frame002331.png,350,27,27,0.07714285714285714,350,323,0.9166666666666666,22,24,29.0,46.46285629272461,0.8342857142857143,0.015314401127398014,0.8586368560791016,0.4237811267375946,0.4275640845298767,1.534327745437622,1.622896671295166,0.0,nan,nan,91.6366958618164,35.739112854003906,18.066974639892578,567.9219970703125,0.0234629866246194,0.0,0.29830369837143844,0.05858403444290161,0.25,0.6452490942818778,1.0,0.9413425334384515,0.7942025078667535,0.2840711239085477,0.5302467867581532,0.9282378207916485,0.75,0.7143140467043116,0.28568595329568836,0.7143140467043116,0.9721362229102167,0.9752321981424149,0.14119952941453545,0.15850891918991986,1.0031836814384423,klt,n/a,0,nan,n/a,nan,n/a,n/a,n/a,n/a,n/a,n/a,n/a,False,n/a,False,n/a,False,n/a,0,0,0,0,nan,nan,nan,nan,nan,nan,nan,nan,nan,nan,0,nan,0,False,n/a,0.0,klt,healthy,normal,healthy,0.702483172644168,n/a,323,27,0,0,0,0,0,0,0,0,0,0,0,0,0,0,0,0,0,0,0,0,0,0,0,0.0,0.0,0.0,636.2944198772311
2332,raw_data/images_sequence_6/frame002332.png,350,26,26,0.07428571428571429,350,324,0.9166666666666666,22,24,28.0,45.95428466796875,0.8285714285714286,0.01721564494073391,0.8509684205055237,0.4160051941871643,0.42089539766311646,1.548565149307251,1.6356600522994995,0.0,nan,nan,91.50714111328125,35.756614685058594,18.0581111907959,566.3948974609375,0.023293075793823403,0.0,0.2997332434560739,0.05883131921291351,0.2916666666666667,0.6449325425284249,1.0,0.9417673105154415,0.7945914374457466,0.28064021570542275,0.5310032623885859,0.927589441061331,0.7083333333333333,0.7114135972606654,0.28858640273933456,0.7114135972606654,0.9783950617283951,0.9845679012345679,0.09884413645142964,0.16068478248069729,1.0063081197355495,klt,n/a,0,nan,n/a,nan,n/a,n/a,n/a,n/a,n/a,n/a,n/a,False,n/a,False,n/a,False,n/a,0,0,0,0,nan,nan,nan,nan,nan,nan,nan,nan,nan,nan,0,nan,0,False,n/a,0.0,klt,healthy,normal,healthy,0.7122000596811643,n/a,324,26,0,0,0,0,0,0,0,0,0,0,0,0,0,0,0,0,0,0,0,0,0,0,0,0.0,0.0,0.0,644.781953189522
2333,raw_data/images_sequence_6/frame002333.png,350,30,30,0.08571428571428572,350,320,0.9166666666666666,22,24,27.0,44.948570251464844,0.8228571428571428,0.017355451360344887,0.8546227216720581,0.41607609391212463,0.4206991493701935,1.5484426021575928,1.6495187282562256,0.0,nan,nan,91.3785629272461,35.723941802978516,18.024181365966797,568.088134765625,0.02337463299260548,0.0,0.2994217263016047,0.058823250234127045,0.2916666666666667,0.6437207630702427,1.0,0.9415634175184863,0.7938653733995226,0.28138785687614876,0.5306218917773228,0.9280757258590692,0.7083333333333333,0.7111234933130982,0.2888765066869018,0.7111234933130982,0.98125,0.984375,0.15910528868056312,0.1490921403382897,1.00318369102299,klt,n/a,0,nan,n/a,nan,n/a,n/a,n/a,n/a,n/a,n/a,n/a,False,n/a,False,n/a,False,n/a,0,0,0,0,nan,nan,nan,nan,nan,nan,nan,nan,nan,nan,0,nan,0,False,n/a,0.0,klt,healthy,normal,healthy,0.7126637653668606,n/a,320,30,0,0,0,0,0,0,0,0,0,0,0,0,0,0,0,0,0,0,0,0,0,0,0,0.0,0.0,0.0,643.9014030620456
2334,raw_data/images_sequence_6/frame002334.png,350,25,25,0.07142857142857142,350,325,0.9166666666666666,22,24,28.0,45.59714126586914,0.82,0.0176357664167881,0.8530334830284119,0.41850733757019043,0.41269272565841675,1.5439395904541016,1.656577706336975,0.0,nan,nan,91.4294204711914,35.740577697753906,17.958492279052734,564.3966674804688,0.02335594280121792,0.0,0.29963078816731775,0.0587642639875412,0.25,0.6413747242518834,1.0,0.9416101429969552,0.7942350599500868,0.2808861083984374,0.5306726754012734,0.9277484775989561,0.75,0.7130735485689308,0.2869264514310692,0.7130735485689308,0.9876923076923076,0.9846153846153847,0.10671319410607427,0.1516896173052635,0.9968837258965393,klt,n/a,0,nan,n/a,nan,n/a,n/a,n/a,n/a,n/a,n/a,n/a,False,n/a,False,n/a,False,n/a,0,0,0,0,nan,nan,nan,nan,nan,nan,nan,nan,nan,nan,0,nan,0,False,n/a,0.0,klt,healthy,normal,healthy,0.7027559447195543,n/a,325,25,0,0,0,0,0,0,0,0,0,0,0,0,0,0,0,0,0,0,0,0,0,0,0,0.0,0.0,0.0,647.1082377247512
2335,raw_data/images_sequence_6/frame002335.png,350,17,17,0.04857142857142857,350,333,0.9166666666666666,22,24,29.0,46.06571578979492,0.8371428571428572,0.01759801246225834,0.8451385498046875,0.3905245363712311,0.39818382263183594,1.5981616973876953,1.6965388059616089,0.0,nan,nan,91.2543716430664,35.625335693359375,17.956790924072266,562.984130859375,0.02335764190952588,0.0,0.2993193084118413,0.05849936604499817,0.2916666666666667,0.6413139615740094,1.0,0.9416058952261853,0.7916741265190972,0.28163365981158095,0.5287901679072717,0.928409090909091,0.7083333333333333,0.7101707521327554,0.2898292478672446,0.7101707521327554,0.987987987987988,0.984984984984985,0.10913828237817308,0.15428769301025824,0.9969594772416233,klt,n/a,0,nan,n/a,nan,n/a,n/a,n/a,n/a,n/a,n/a,n/a,False,n/a,False,n/a,False,n/a,0,0,0,0,nan,nan,nan,nan,nan,nan,nan,nan,nan,nan,0,nan,0,False,n/a,0.0,klt,healthy,normal,healthy,0.7124559432599818,n/a,333,17,0,0,0,0,0,0,0,0,0,0,0,0,0,0,0,0,0,0,0,0,0,0,0,0.0,0.0,0.0,645.3928709961474
2336,raw_data/images_sequence_6/frame002336.png,350,15,15,0.04285714285714286,350,335,0.9166666666666666,22,24,29.0,46.4571418762207,0.84,0.019862953573465347,0.8446597456932068,0.4088672697544098,0.3997689485549927,1.561990737915039,1.6973741054534912,0.0,nan,nan,91.18122863769531,35.62321090698242,17.946308135986328,563.3942260742188,0.02346468573292736,0.0,0.29856736127068023,0.05844002962112427,0.2916666666666667,0.640939576285226,1.0,0.9413382856676816,0.7916269090440539,0.28343833295036747,0.5286317036609457,0.9282684047411918,0.7083333333333333,0.7102758054849944,0.28972419451500564,0.7102758054849944,0.9761194029850746,0.9761194029850746,0.158202525514322,0.15056792309093733,0.9999989755362176,klt,n/a,0,nan,n/a,nan,n/a,n/a,n/a,n/a,n/a,n/a,n/a,False,n/a,False,n/a,False,n/a,0,0,0,0,nan,nan,nan,nan,nan,nan,nan,nan,nan,nan,0,nan,0,False,n/a,0.0,klt,healthy,normal,healthy,0.7126047340567547,n/a,335,15,0,0,0,0,0,0,0,0,0,0,0,0,0,0,0,0,0,0,0,0,0,0,0,0.0,0.0,0.0,640.5435698106885
2337,raw_data/images_sequence_6/frame002337.png,350,21,21,0.06,350,329,0.9166666666666666,22,24,30.0,46.9514274597168,0.8571428571428571,0.019600268453359604,0.8411439061164856,0.3939160108566284,0.40146276354789734,1.5912845134735107,1.6908799409866333,0.0,nan,nan,91.1374282836914,35.5677490234375,17.911544799804688,560.4550170898438,0.0234969687907786,0.0,0.29894928277707566,0.058353908360004425,0.3333333333333333,0.6396980285644531,1.0,0.9412575780230535,0.7903944227430556,0.2825217213350184,0.5278197303715378,0.9280849010439322,0.6666666666666667,0.7071083090702358,0.2928916909297642,0.7071083090702358,0.9817629179331308,0.9817629179331308,0.10986623701663453,0.15539842673629775,0.9999989814251861,klt,n/a,0,nan,n/a,nan,n/a,n/a,n/a,n/a,n/a,n/a,n/a,False,n/a,False,n/a,False,n/a,0,0,0,0,nan,nan,nan,nan,nan,nan,nan,nan,nan,nan,0,nan,0,False,n/a,0.0,klt,healthy,normal,healthy,0.7222154354795677,n/a,329,21,0,0,0,0,0,0,0,0,0,0,0,0,0,0,0,0,0,0,0,0,0,0,0,0.0,0.0,0.0,662.9948900081217
2338,raw_data/images_sequence_6/frame002338.png,350,18,18,0.05142857142857143,350,332,0.9166666666666666,22,24,30.0,46.86000061035156,0.8657142857142858,0.016727738082408905,0.8408087491989136,0.4032104015350342,0.3947919011116028,1.5728893280029297,1.7069450616836548,0.0,nan,nan,91.01870727539062,35.525943756103516,17.911828994750977,560.8589477539062,0.02343070356676816,0.0,0.2986547866522097,0.05831722170114517,0.3333333333333333,0.6397081783839634,1.0,0.9414232410830796,0.7894654168023003,0.2832285120346968,0.5272718486310255,0.9284763755980862,0.6666666666666667,0.7070756342471833,0.29292436575281666,0.7070756342471833,0.9819277108433735,0.9789156626506024,0.12079557181041903,0.15332235444794584,0.9969315000574906,klt,n/a,0,nan,n/a,nan,n/a,n/a,n/a,n/a,n/a,n/a,n/a,False,n/a,False,n/a,False,n/a,0,0,0,0,nan,nan,nan,nan,nan,nan,nan,nan,nan,nan,0,nan,0,False,n/a,0.0,klt,healthy,normal,healthy,0.7222984783711017,n/a,332,18,0,0,0,0,0,0,0,0,0,0,0,0,0,0,0,0,0,0,0,0,0,0,0,0.0,0.0,0.0,640.7680111005902
2339,raw_data/images_sequence_6/frame002339.png,350,27,27,0.07714285714285714,350,323,0.9166666666666666,22,24,28.0,47.04571533203125,0.8485714285714285,0.01706748455762863,0.8495692610740662,0.4096556305885315,0.40825340151786804,1.5605024099349976,1.6738265752792358,0.0,nan,nan,90.81956481933594,35.437721252441406,17.883712768554688,557.3832397460938,0.02350036700739452,0.0,0.2972456479540058,0.058419011533260345,0.3333333333333333,0.6387040274483817,1.0,0.9412490824815137,0.7875049167209202,0.286610444910386,0.52652293911787,0.928913726076555,0.6666666666666667,0.7070084044891278,0.29299159551087217,0.7070084044891278,0.9690402476780186,0.9814241486068112,0.0984476652850547,0.14197132982271451,1.0127785075800066,klt,n/a,0,nan,n/a,nan,n/a,n/a,n/a,n/a,n/a,n/a,n/a,False,n/a,False,n/a,False,n/a,0,0,0,0,nan,nan,nan,nan,nan,nan,nan,nan,nan,nan,0,nan,0,False,n/a,0.0,klt,healthy,normal,healthy,0.7227525193561111,n/a,323,27,0,0,0,0,0,0,0,0,0,0,0,0,0,0,0,0,0,0,0,0,0,0,0,0.0,0.0,0.0,649.1869930177927
2340,raw_data/images_sequence_6/frame002340.png,350,21,21,0.06,350,329,0.9166666666666666,22,24,28.0,47.32857131958008,0.8342857142857143,0.038681186735630035,0.8357515335083008,0.39091092348098755,0.402889221906662,1.597395896911621,1.6922388076782227,0.0,nan,nan,93.11212921142578,36.42231369018555,18.340862274169922,587.3778686523438,0.022948156807307524,0.0,0.3062675909902535,0.058608680963516235,0.16666666666666666,0.6550307955060687,1.0,0.9426296079817312,0.8093847486707899,0.26495778162339156,0.5378939219797501,0.9299382883862549,0.8333333333333334,0.7217861551776578,0.27821384482234224,0.7217861551776578,0.9787234042553191,0.9848024316109423,0.14410984587442963,0.2679392198120084,1.0062101520399378,klt,n/a,0,nan,n/a,nan,n/a,n/a,n/a,n/a,n/a,n/a,n/a,False,n/a,False,n/a,False,n/a,0,0,0,0,nan,nan,nan,nan,nan,nan,nan,nan,nan,nan,0,nan,0,False,n/a,0.0,klt,healthy,normal,healthy,0.6784981174820295,n/a,329,21,0,0,0,0,0,0,0,0,0,0,0,0,0,0,0,0,0,0,0,0,0,0,0,0.0,0.0,0.0,639.9033037014306
2341,raw_data/images_sequence_6/frame002341.png,350,24,24,0.06857142857142857,350,326,0.9166666666666666,22,24,28.0,47.72285842895508,0.8457142857142858,0.018522847443819046,0.8406616449356079,0.4056662619113922,0.4104599356651306,1.5681259632110596,1.6724696159362793,0.0,nan,nan,93.05309295654297,36.39039993286133,18.27688217163086,582.49658203125,0.022988935406698566,0.0,0.3055155421238319,0.058313675224781036,0.25,0.6527457918439593,1.0,0.9425276614832536,0.808675554063585,0.26676269890280346,0.536868857088113,0.9298098357981731,0.75,0.7163080909161482,0.2836919090838518,0.7163080909161482,0.9785276073619632,0.9785276073619632,0.19282374597739393,0.15859464820044486,0.9999989780574706,klt,n/a,0,nan,n/a,nan,n/a,n/a,n/a,n/a,n/a,n/a,n/a,False,n/a,False,n/a,False,n/a,0,0,0,0,nan,nan,nan,nan,nan,nan,nan,nan,nan,nan,0,nan,0,False,n/a,0.0,klt,healthy,normal,healthy,0.702479743483747,n/a,326,24,0,0,0,0,0,0,0,0,0,0,0,0,0,0,0,0,0,0,0,0,0,0,0,0.0,0.0,0.0,648.6207107082009
2342,raw_data/images_sequence_6/frame002342.png,350,31,31,0.08857142857142856,350,319,0.9166666666666666,22,24,27.0,46.605712890625,0.8114285714285714,0.018186956644058228,0.8436098098754883,0.397816002368927,0.4115983247756958,1.583486557006836,1.6752443313598633,0.0,nan,nan,92.8750991821289,36.24179458618164,18.241100311279297,581.42333984375,0.022827520117442365,0.0,0.3046768008961398,0.058165840804576874,0.25,0.6514678682599749,1.0,0.942931199706394,0.8053732130262586,0.2687756778492645,0.5348816992508041,0.9295162298825577,0.75,0.7157048331470598,0.2842951668529402,0.7157048331470598,0.9843260188087775,0.9843260188087775,0.1060491082522246,0.1529908047281482,0.9999989840774652,klt,n/a,0,nan,n/a,nan,n/a,n/a,n/a,n/a,n/a,n/a,n/a,False,n/a,False,n/a,False,n/a,0,0,0,0,nan,nan,nan,nan,nan,nan,nan,nan,nan,nan,0,nan,0,False,n/a,0.0,klt,healthy,normal,healthy,0.7027038972226388,n/a,319,31,0,0,0,0,0,0,0,0,0,0,0,0,0,0,0,0,0,0,0,0,0,0,0,0.0,0.0,0.0,638.2221062667668
2343,raw_data/images_sequence_6/frame002343.png,350,33,33,0.09428571428571429,350,317,0.9166666666666666,22,24,24.0,45.29142761230469,0.8085714285714286,0.01819930598139763,0.8389157652854919,0.40671902894973755,0.4151424169540405,1.566100835800171,1.659504771232605,0.0,nan,nan,92.7469482421875,36.3106803894043,18.249971389770508,583.1166381835938,0.022893785341452807,0.0,0.30479683520747164,0.058586087077856064,0.25,0.6517846924918038,1.0,0.942765536646368,0.8069040086534288,0.26848759550206813,0.5366022022309327,0.9295162298825577,0.75,0.7161044792151274,0.28389552078487257,0.7161044792151274,0.9842271293375394,0.9905362776025236,0.1395997677955974,0.16249437596489877,1.0064092338726693,klt,n/a,0,nan,n/a,nan,n/a,n/a,n/a,n/a,n/a,n/a,n/a,False,n/a,False,n/a,False,n/a,0,0,0,0,nan,nan,nan,nan,nan,nan,nan,nan,nan,nan,0,nan,0,False,n/a,0.0,klt,healthy,normal,healthy,0.7023237543731689,n/a,317,33,0,0,0,0,0,0,0,0,0,0,0,0,0,0,0,0,0,0,0,0,0,0,0,0.0,0.0,0.0,652.282312978059
2344,raw_data/images_sequence_6/frame002344.png,350,30,30,0.08571428571428572,350,320,0.875,21,24,22.0,44.56285858154297,0.8,0.017151840031147003,0.8388622999191284,0.39653491973876953,0.4084804356098175,1.5860345363616943,1.6751370429992676,0.0,nan,nan,92.58525085449219,36.28619384765625,18.202545166015625,581.837890625,0.022859803175293607,0.0,0.30593493442909386,0.05882123485207558,0.25,0.6500908987862724,1.0,0.942850492061766,0.80635986328125,0.2657561573701748,0.5368645563044331,0.9297700766637669,0.75,0.7153410537623244,0.2846589462376756,0.7153410537623244,0.9875,0.9625,0.10193741268108153,0.16891497942811412,0.9746825572834863,klt,n/a,0,nan,n/a,nan,n/a,n/a,n/a,n/a,n/a,n/a,n/a,False,n/a,False,n/a,False,n/a,0,0,0,0,nan,nan,nan,nan,nan,nan,nan,nan,nan,nan,0,nan,0,False,n/a,0.0,klt,healthy,normal,healthy,0.7020669302346402,n/a,320,30,0,0,0,0,0,0,0,0,0,0,0,0,0,0,0,0,0,0,0,0,0,0,0,0.0,0.0,0.0,639.7079327143729
2345,raw_data/images_sequence_6/frame002345.png,350,20,20,0.05714285714285714,350,330,0.875,21,24,22.0,44.182857513427734,0.8,0.01649603247642517,0.8339376449584961,0.3863878548145294,0.3985569179058075,1.6066789627075195,1.703169584274292,0.0,nan,nan,92.55178833007812,36.19586181640625,18.22315788269043,582.5853881835938,0.022875095150065246,0.0,0.3041460598216337,0.05882663279771805,0.20833333333333334,0.6508270672389439,1.0,0.9428122621248369,0.8043524848090278,0.2700494564280792,0.5358731351266004,0.9294795291431057,0.7916666666666666,0.7182221962883408,0.28177780371165917,0.7182221962883408,0.9787878787878788,0.996969696969697,0.15827980360561117,0.16846896174470113,1.0185748107440014,klt,n/a,0,nan,n/a,nan,n/a,n/a,n/a,n/a,n/a,n/a,n/a,False,n/a,False,n/a,False,n/a,0,0,0,0,nan,nan,nan,nan,nan,nan,nan,nan,nan,nan,0,nan,0,False,n/a,0.0,klt,healthy,normal,healthy,0.6922808493733493,n/a,330,20,0,0,0,0,0,0,0,0,0,0,0,0,0,0,0,0,0,0,0,0,0,0,0,0.0,0.0,0.0,641.4448479190469
2346,raw_data/images_sequence_6/frame002346.png,350,17,17,0.04857142857142857,350,333,0.875,21,24,23.0,44.939998626708984,0.82,0.01670873537659645,0.8395427465438843,0.3847837448120117,0.39600569009780884,1.610012173652649,1.7097234725952148,0.0,nan,nan,92.41348266601562,36.13101577758789,18.217945098876953,582.1243286132812,0.022893785341452807,0.0,0.30430635040881593,0.05872545391321182,0.25,0.6506408963884626,1.0,0.942765536646368,0.8029114617241754,0.2696647590188418,0.5349226715739328,0.9289381932361896,0.75,0.7153023154556082,0.2846976845443918,0.7153023154556082,0.993993993993994,0.996996996996997,0.18033416472958108,0.15481445177132636,1.0030201389555702,klt,n/a,0,nan,n/a,nan,n/a,n/a,n/a,n/a,n/a,n/a,n/a,False,n/a,False,n/a,False,n/a,0,0,0,0,nan,nan,nan,nan,nan,nan,nan,nan,nan,nan,0,nan,0,False,n/a,0.0,klt,healthy,normal,healthy,0.7026309513409117,n/a,333,17,0,0,0,0,0,0,0,0,0,0,0,0,0,0,0,0,0,0,0,0,0,0,0,0.0,0.0,0.0,638.235829770565
2347,raw_data/images_sequence_6/frame002347.png,350,18,18,0.05142857142857143,350,332,0.875,21,24,24.0,45.49714279174805,0.84,0.01650671847164631,0.8385670781135559,0.3889530897140503,0.3962272107601166,1.6013779640197754,1.708342432975769,0.0,nan,nan,92.24469757080078,36.08186340332031,18.191144943237305,581.4247436523438,0.023034811331013483,0.0,0.3036528164732691,0.05864952504634857,0.25,0.6496837479727608,1.0,0.9424129716724663,0.8018191867404514,0.2712332404641542,0.5342039684755634,0.9296202153110048,0.75,0.7150926263642672,0.2849073736357328,0.7150926263642672,0.9879518072289156,0.9789156626506024,0.12233773512896881,0.14428499522159688,0.9908526556003607,klt,n/a,0,nan,n/a,nan,n/a,n/a,n/a,n/a,n/a,n/a,n/a,False,n/a,False,n/a,False,n/a,0,0,0,0,nan,nan,nan,nan,nan,nan,nan,nan,nan,nan,0,nan,0,False,n/a,0.0,klt,healthy,normal,healthy,0.7030521296029009,n/a,332,18,0,0,0,0,0,0,0,0,0,0,0,0,0,0,0,0,0,0,0,0,0,0,0,0.0,0.0,0.0,652.5574927218258
2348,raw_data/images_sequence_6/frame002348.png,350,21,21,0.06,350,329,0.875,21,24,25.0,45.63999938964844,0.8571428571428571,0.015742352232336998,0.8349419832229614,0.39683449268341064,0.3988201320171356,1.5854490995407104,1.6984080076217651,0.0,nan,nan,92.17850494384766,35.99736022949219,18.1182918548584,577.5609741210938,0.022953254132231406,0.0,0.3033239626416973,0.058553297072649,0.25,0.6470818519592285,1.0,0.9426168646694215,0.7999413384331597,0.2720224896599265,0.5330463443816913,0.9297731350587212,0.75,0.7143000897850561,0.2856999102149439,0.7143000897850561,0.9969604863221885,0.993920972644377,0.13331636727936183,0.13592353158439194,0.9969502195224932,klt,n/a,0,nan,n/a,nan,n/a,n/a,n/a,n/a,n/a,n/a,n/a,False,n/a,False,n/a,False,n/a,0,0,0,0,nan,nan,nan,nan,nan,nan,nan,nan,nan,nan,0,nan,0,False,n/a,0.0,klt,healthy,normal,healthy,0.7033865881483891,n/a,329,21,0,0,0,0,0,0,0,0,0,0,0,0,0,0,0,0,0,0,0,0,0,0,0,0.0,0.0,0.0,640.646496322006
2349,raw_data/images_sequence_6/frame002349.png,350,24,24,0.06857142857142857,350,326,0.875,21,24,25.0,46.191429138183594,0.8628571428571429,0.016810256987810135,0.8374215960502625,0.40100938081741333,0.40722420811653137,1.577184796333313,1.673134446144104,0.0,nan,nan,92.11518859863281,36.03878402709961,18.10797882080078,575.9234619140625,0.023009324706394083,0.0,0.30388065712124696,0.05852387472987175,0.25,0.6467135293143136,1.0,0.9424766882340148,0.8008618672688802,0.27068642290900735,0.5334397398386941,0.9296416240756851,0.75,0.7141649685419418,0.2858350314580582,0.7141649685419418,0.9969325153374233,0.9969325153374233,0.14727045449547796,0.14622152694887686,0.999998996924083,klt,n/a,0,nan,n/a,nan,n/a,n/a,n/a,n/a,n/a,n/a,n/a,False,n/a,False,n/a,False,n/a,0,0,0,0,nan,nan,nan,nan,nan,nan,nan,nan,nan,nan,0,nan,0,False,n/a,0.0,klt,healthy,normal,healthy,0.7029746683338097,n/a,326,24,0,0,0,0,0,0,0,0,0,0,0,0,0,0,0,0,0,0,0,0,0,0,0,0.0,0.0,0.0,637.1569619514048
2350,raw_data/images_sequence_6/frame002350.png,350,20,20,0.05714285714285714,350,330,0.875,21,24,25.5,46.84000015258789,0.8685714285714285,0.016336314380168915,0.8353452682495117,0.3907927870750427,0.39997225999832153,1.597614049911499,1.6901942491531372,0.0,nan,nan,92.06163024902344,36.08629608154297,18.0628662109375,575.07470703125,0.023131660504567202,0.0,0.30539806739956726,0.058403827250003815,0.25,0.6451023646763393,1.0,0.942170848738582,0.8019176907009549,0.26704463824103863,0.5336948163732134,0.9306600695954763,0.75,0.7134823764557986,0.2865176235442014,0.7134823764557986,0.996969696969697,1.0,0.17866747763854152,0.15880220882376084,1.0030385075905548,klt,n/a,0,nan,n/a,nan,n/a,n/a,n/a,n/a,n/a,n/a,n/a,False,n/a,False,n/a,False,n/a,0,0,0,0,nan,nan,nan,nan,nan,nan,nan,nan,nan,nan,0,nan,0,False,n/a,0.0,klt,healthy,normal,healthy,0.7024714410588143,n/a,330,20,0,0,0,0,0,0,0,0,0,0,0,0,0,0,0,0,0,0,0,0,0,0,0,0.0,0.0,0.0,645.6180238164961
2351,raw_data/images_sequence_6/frame002351.png,350,22,22,0.06285714285714286,350,328,0.875,21,24,26.0,46.591426849365234,0.8514285714285714,0.017857881262898445,0.8417282104492188,0.39923033118247986,0.40498098731040955,1.580686330795288,1.6852909326553345,0.0,nan,nan,91.98582458496094,36.133785247802734,18.03015899658203,577.6292724609375,0.023060297955632882,0.0,0.3052892722335516,0.05856990069150925,0.25,0.6439342498779297,1.0,0.9423492551109178,0.8029730055067275,0.26730574663947615,0.5345999134158848,0.9296293904958678,0.75,0.7134567638164468,0.28654323618355315,0.7134567638164468,0.9969512195121951,0.9786585365853658,0.1219699225548003,0.15325333531278448,0.9816503914944085,klt,n/a,0,nan,n/a,nan,n/a,n/a,n/a,n/a,n/a,n/a,n/a,False,n/a,False,n/a,False,n/a,0,0,0,0,nan,nan,nan,nan,nan,nan,nan,nan,nan,nan,0,nan,0,False,n/a,0.0,klt,healthy,normal,healthy,0.7026933959992534,n/a,328,22,0,0,0,0,0,0,0,0,0,0,0,0,0,0,0,0,0,0,0,0,0,0,0,0.0,0.0,0.0,635.4388548061252
2352,raw_data/images_sequence_6/frame002352.png,350,19,19,0.054285714285714284,350,331,0.9166666666666666,22,24,26.0,46.84857177734375,0.8428571428571429,0.01799047365784645,0.8356873989105225,0.39595091342926025,0.4020920991897583,1.5872011184692383,1.6874818801879883,0.0,nan,nan,91.90953826904297,36.07938003540039,18.036195755004883,572.7281494140625,0.022939661265767724,0.0,0.30458025913612513,0.058605778962373734,0.25,0.6441498483930316,1.0,0.9426508468355806,0.8017640007866753,0.26900737807329966,0.5340769525805507,0.9298006606133101,0.75,0.7135810552378643,0.2864189447621357,0.7135810552378643,0.9969788519637462,1.0,0.09648408913107917,0.14314453508697753,1.0030292969615233,klt,n/a,0,nan,n/a,nan,n/a,n/a,n/a,n/a,n/a,n/a,n/a,False,n/a,False,n/a,False,n/a,0,0,0,0,nan,nan,nan,nan,nan,nan,nan,nan,nan,nan,0,nan,0,False,n/a,0.0,klt,healthy,normal,healthy,0.7030977480082856,n/a,331,19,0,0,0,0,0,0,0,0,0,0,0,0,0,0,0,0,0,0,0,0,0,0,0,0.0,0.0,0.0,637.6096261665225
2353,raw_data/images_sequence_6/frame002353.png,350,15,15,0.04285714285714286,350,335,0.875,21,24,26.0,46.90571594238281,0.8542857142857143,0.017415236681699753,0.8406302332878113,0.3955356478691101,0.40065881609916687,1.5880309343338013,1.6853702068328857,0.0,nan,nan,91.96356201171875,36.13152313232422,18.046281814575195,573.0538940429688,0.023175837320574162,0.0,0.3054493474025352,0.05851197987794876,0.25,0.6445100648062569,1.0,0.9420604066985646,0.8029227362738716,0.2669215662339155,0.5344431405868193,0.9291828648325359,0.75,0.7134433594471876,0.2865566405528124,0.7134433594471876,0.991044776119403,0.9641791044776119,0.13016043407953837,0.15794781679046552,0.9728905845832956,klt,n/a,0,nan,n/a,nan,n/a,n/a,n/a,n/a,n/a,n/a,n/a,False,n/a,False,n/a,False,n/a,0,0,0,0,nan,nan,nan,nan,nan,nan,nan,nan,nan,nan,0,nan,0,False,n/a,0.0,klt,healthy,normal,healthy,0.7025056167401461,n/a,335,15,0,0,0,0,0,0,0,0,0,0,0,0,0,0,0,0,0,0,0,0,0,0,0,0.0,0.0,0.0,642.0834083110094
2354,raw_data/images_sequence_6/frame002354.png,350,16,16,0.045714285714285714,350,334,0.875,21,24,26.0,47.14285659790039,0.8571428571428571,0.017428558319807053,0.8400799036026001,0.3918408453464508,0.3985554575920105,1.5954813957214355,1.700660228729248,0.0,nan,nan,91.88279724121094,36.15848922729492,17.967714309692383,572.3831176757812,0.023182633753806,0.0,0.30588643840715013,0.058436617255210876,0.25,0.6417040824890137,1.0,0.942043415615485,0.8035219828287761,0.26587254782283976,0.5345714851762309,0.93030223738582,0.75,0.7128316151203888,0.28716838487961116,0.7128316151203888,0.9880239520958084,0.9790419161676647,0.19561940951322612,0.13905957433583255,0.9909080879899957,klt,n/a,0,nan,n/a,nan,n/a,n/a,n/a,n/a,n/a,n/a,n/a,False,n/a,False,n/a,False,n/a,0,0,0,0,nan,nan,nan,nan,nan,nan,nan,nan,nan,nan,0,nan,0,False,n/a,0.0,klt,healthy,normal,healthy,0.7032611464383315,n/a,334,16,0,0,0,0,0,0,0,0,0,0,0,0,0,0,0,0,0,0,0,0,0,0,0,0.0,0.0,0.0,632.6571628451347
2355,raw_data/images_sequence_6/frame002355.png,350,15,15,0.04285714285714286,350,335,0.875,21,24,27.0,47.459999084472656,0.8628571428571429,0.017841674387454987,0.833558976650238,0.39047348499298096,0.39607059955596924,1.598266363143921,1.7102336883544922,0.0,nan,nan,91.77753448486328,36.11836242675781,17.957046508789062,570.1710815429688,0.023160545345802523,0.0,0.3056612815108954,0.05840625613927841,0.25,0.6413230895996094,1.0,0.9420986366354936,0.8026302761501736,0.2664129243738511,0.5340566293007195,0.9301340256633319,0.75,0.7126511957144196,0.2873488042855804,0.7126511957144196,0.9940298507462687,0.9940298507462687,0.1434372186136316,0.15786721926838468,0.999998993995006,klt,n/a,0,nan,n/a,nan,n/a,n/a,n/a,n/a,n/a,n/a,n/a,False,n/a,False,n/a,False,n/a,0,0,0,0,nan,nan,nan,nan,nan,nan,nan,nan,nan,nan,0,nan,0,False,n/a,0.0,klt,healthy,normal,healthy,0.7025088406410294,n/a,335,15,0,0,0,0,0,0,0,0,0,0,0,0,0,0,0,0,0,0,0,0,0,0,0,0.0,0.0,0.0,643.2020869106054
2356,raw_data/images_sequence_6/frame002356.png,350,21,21,0.06,350,329,0.875,21,24,25.5,47.51142883300781,0.86,0.01609586551785469,0.8431483507156372,0.41170942783355713,0.40936920046806335,1.5566028356552124,1.6720038652420044,0.0,nan,nan,91.67877197265625,35.98967742919922,17.947956085205078,572.8035278320312,0.023085784580252285,0.0,0.3044286825142655,0.05822648108005524,0.25,0.6409984316144671,1.0,0.9422855385493693,0.7997706095377605,0.2693711619657627,0.5322182163144603,0.9306998287298826,0.75,0.7124865310823734,0.28751346891762664,0.7124865310823734,0.9908814589665653,0.993920972644377,0.14362492685913575,0.1621681132555158,1.0030664723654312,klt,n/a,0,nan,n/a,nan,n/a,n/a,n/a,n/a,n/a,n/a,n/a,False,n/a,False,n/a,False,n/a,0,0,0,0,nan,nan,nan,nan,nan,nan,nan,nan,nan,nan,0,nan,0,False,n/a,0.0,klt,healthy,normal,healthy,0.7023368048815442,n/a,329,21,0,0,0,0,0,0,0,0,0,0,0,0,0,0,0,0,0,0,0,0,0,0,0,0.0,0.0,0.0,655.1021109335124
2357,raw_data/images_sequence_6/frame002357.png,350,16,16,0.045714285714285714,350,334,0.875,21,24,25.5,47.72285842895508,0.8657142857142858,0.016682330518960953,0.8415233492851257,0.4120357930660248,0.4023264944553375,1.5559916496276855,1.6920080184936523,0.0,nan,nan,91.52225494384766,35.982765197753906,17.911636352539062,568.2532348632812,0.023121465854719442,0.0,0.30373745637781474,0.05813679099082947,0.25,0.6397012983049665,1.0,0.9421963353632014,0.7996170043945312,0.2710301046932446,0.531937572630969,0.9305652593518922,0.75,0.7123625253319046,0.2876374746680954,0.7123625253319046,0.9850299401197605,0.9401197604790419,0.20897760330516618,0.14955747089260218,0.9544063259218453,klt,n/a,0,nan,n/a,nan,n/a,n/a,n/a,n/a,n/a,n/a,n/a,False,n/a,False,n/a,False,n/a,0,0,0,0,nan,nan,nan,nan,nan,nan,nan,nan,nan,nan,0,nan,0,False,n/a,0.0,klt,healthy,normal,healthy,0.6941960209952223,n/a,334,16,0,0,0,0,0,0,0,0,0,0,0,0,0,0,0,0,0,0,0,0,0,0,0,0.0,0.0,0.0,655.5872266180813
2358,raw_data/images_sequence_6/frame002358.png,350,19,19,0.054285714285714284,350,331,0.875,21,24,26.0,48.342857360839844,0.8685714285714285,0.017061015591025352,0.8449727296829224,0.4064022898674011,0.4087171256542206,1.566709041595459,1.6699180603027344,0.0,nan,nan,91.4970932006836,36.01008987426758,17.929716110229492,570.2963256835938,0.023072191713788603,0.0,0.30352725010292203,0.05816240236163139,0.25,0.6403470039367676,1.0,0.9423195207155285,0.8002242194281683,0.2715345997529871,0.532299387808701,0.9304153979991301,0.75,0.7126972840657425,0.2873027159342575,0.7126972840657425,0.9969788519637462,1.0,0.09936119513695434,0.1406060639893361,1.0030292969615233,klt,n/a,0,nan,n/a,nan,n/a,n/a,n/a,n/a,n/a,n/a,n/a,False,n/a,False,n/a,False,n/a,0,0,0,0,nan,nan,nan,nan,nan,nan,nan,nan,nan,nan,0,nan,0,False,n/a,0.0,klt,healthy,normal,healthy,0.7031992868521914,n/a,331,19,0,0,0,0,0,0,0,0,0,0,0,0,0,0,0,0,0,0,0,0,0,0,0,0.0,0.0,0.0,648.4097233042121
2359,raw_data/images_sequence_6/frame002359.png,350,14,14,0.04,350,336,0.875,21,24,27.0,48.98285675048828,0.8714285714285714,0.016693970188498497,0.8454551696777344,0.4092516303062439,0.4057144224643707,1.5612597465515137,1.6775896549224854,0.0,nan,nan,91.43983459472656,35.96471405029297,17.886455535888672,566.6695556640625,0.023182633753806,0.0,0.3034298795812271,0.0578576922416687,0.25,0.6388019834245954,1.0,0.942043415615485,0.7992158677842882,0.271768289005055,0.5311026889868458,0.9304398651587646,0.75,0.7120938254100387,0.28790617458996126,0.7120938254100387,0.9940476190476191,0.9970238095238095,0.09844286796460605,0.1388351714246121,1.0029930029770988,klt,n/a,0,nan,n/a,nan,n/a,n/a,n/a,n/a,n/a,n/a,n/a,False,n/a,False,n/a,False,n/a,0,0,0,0,nan,nan,nan,nan,nan,nan,nan,nan,nan,nan,0,nan,0,False,n/a,0.0,klt,healthy,normal,healthy,0.7032701225547803,n/a,336,14,0,0,0,0,0,0,0,0,0,0,0,0,0,0,0,0,0,0,0,0,0,0,0,0.0,0.0,0.0,635.8613939955831
2360,raw_data/images_sequence_6/frame002360.png,350,26,26,0.07428571428571429,350,324,0.875,21,24,27.0,49.08571243286133,0.8485714285714285,0.03605768084526062,0.8531252145767212,0.4260181784629822,0.4199454188346863,1.5303010940551758,1.6602511405944824,0.0,nan,nan,93.7159194946289,36.94618225097656,18.38381576538086,602.299072265625,0.02256076011309265,0.0,0.3113658022413067,0.058055173605680466,0.25,0.6565648487636021,1.0,0.9435980997172684,0.8210262722439237,0.25272207462086393,0.5424567124985084,0.9337826908438451,0.75,0.7177020487607082,0.2822979512392918,0.7177020487607082,0.9845679012345679,0.9382716049382716,0.1495634762717981,0.26371174106480955,0.9529770885122987,klt,n/a,0,nan,n/a,nan,n/a,n/a,n/a,n/a,n/a,n/a,n/a,False,n/a,False,n/a,False,n/a,0,0,0,0,nan,nan,nan,nan,nan,nan,nan,nan,nan,nan,0,nan,0,False,n/a,0.0,klt,healthy,normal,healthy,0.6880127140901598,n/a,324,26,0,0,0,0,0,0,0,0,0,0,0,0,0,0,0,0,0,0,0,0,0,0,0,0.0,0.0,0.0,649.870241060853
2361,raw_data/images_sequence_6/frame002361.png,350,18,18,0.05142857142857143,350,332,0.875,21,24,27.0,49.69428634643555,0.8457142857142858,0.0168316587805748,0.8482117652893066,0.412284255027771,0.4142608642578125,1.5555315017700195,1.6592515707015991,0.0,nan,nan,93.57401275634766,36.970855712890625,18.310562133789062,597.1351928710938,0.022722175402348846,0.0,0.3123800180472579,0.057907141745090485,0.25,0.6539486476353237,1.0,0.9431945614941278,0.8215745713975694,0.2502879566865811,0.5423944260285358,0.9335991871465855,0.75,0.7167845947151157,0.2832154052848843,0.7167845947151157,0.9909638554216867,0.9849397590361446,0.10868231597414743,0.14900229198237513,0.9939199696613072,klt,n/a,0,nan,n/a,nan,n/a,n/a,n/a,n/a,n/a,n/a,n/a,False,n/a,False,n/a,False,n/a,0,0,0,0,nan,nan,nan,nan,nan,nan,nan,nan,nan,nan,0,nan,0,False,n/a,0.0,klt,healthy,normal,healthy,0.7028634377324697,n/a,332,18,0,0,0,0,0,0,0,0,0,0,0,0,0,0,0,0,0,0,0,0,0,0,0,0.0,0.0,0.0,629.9472795799375
2362,raw_data/images_sequence_6/frame002362.png,350,12,12,0.03428571428571429,350,338,0.875,21,24,27.5,50.228572845458984,0.8685714285714285,0.017157983034849167,0.8421458601951599,0.39959052205085754,0.40838754177093506,1.579988718032837,1.6703885793685913,0.0,nan,nan,93.53742980957031,36.95650100708008,18.374120712280273,596.7550048828125,0.022599839604175727,0.0,0.31199087703929235,0.05818857252597809,0.25,0.6562185968671527,1.0,0.9435004009895607,0.8212555779351128,0.25122189510569837,0.5428745447084157,0.9336756470204437,0.75,0.7174753582827688,0.28252464171723124,0.7174753582827688,0.9970414201183432,0.9940828402366864,0.13450941034279335,0.15098910259220877,0.997031640959363,klt,n/a,0,nan,n/a,nan,n/a,n/a,n/a,n/a,n/a,n/a,n/a,False,n/a,False,n/a,False,n/a,0,0,0,0,nan,nan,nan,nan,nan,nan,nan,nan,nan,nan,0,nan,0,False,n/a,0.0,klt,healthy,normal,healthy,0.7027839653080764,n/a,338,12,0,0,0,0,0,0,0,0,0,0,0,0,0,0,0,0,0,0,0,0,0,0,0,0.0,0.0,0.0,619.2746488377452
2363,raw_data/images_sequence_6/frame002363.png,350,19,19,0.054285714285714284,350,331,0.875,21,24,27.0,50.128570556640625,0.8571428571428571,0.016641421243548393,0.8402200937271118,0.4083968997001648,0.41573622822761536,1.5628914833068848,1.6511316299438477,0.0,nan,nan,93.50142669677734,36.95750045776367,18.34517478942871,595.5422973632812,0.022790139734667248,0.0,0.31245993520699294,0.058664821088314056,0.25,0.6551848139081683,1.0,0.9430246506633319,0.8212777879503038,0.25009615550321695,0.5439680328122293,0.9328101212483688,0.75,0.7171151846762533,0.28288481532374665,0.7171151846762533,0.9939577039274925,1.0,0.1963364458953292,0.15826809651822987,1.006078015161632,klt,n/a,0,nan,n/a,nan,n/a,n/a,n/a,n/a,n/a,n/a,n/a,False,n/a,False,n/a,False,n/a,0,0,0,0,nan,nan,nan,nan,nan,nan,nan,nan,nan,nan,0,nan,0,False,n/a,0.0,klt,healthy,normal,healthy,0.7024928055510355,n/a,331,19,0,0,0,0,0,0,0,0,0,0,0,0,0,0,0,0,0,0,0,0,0,0,0,0.0,0.0,0.0,649.1146101616323
2364,raw_data/images_sequence_6/frame002364.png,350,15,15,0.04285714285714286,350,335,0.9583333333333334,23,24,27.5,50.619998931884766,0.8657142857142858,0.018503062427043915,0.8495221138000488,0.4151451587677002,0.41280847787857056,1.5501642227172852,1.6600069999694824,0.0,nan,nan,93.47369384765625,36.94001770019531,18.36372947692871,594.0106201171875,0.022644016420182687,0.0,0.31223966561111743,0.058790452778339386,0.25,0.6558474813188825,1.0,0.9433899589495433,0.8208892822265625,0.2506248025333182,0.544059306518598,0.9338897346672467,0.75,0.717407928048218,0.28259207195178204,0.717407928048218,0.9850746268656716,0.9940298507462687,0.14048551139776738,0.16386044297233548,1.0090898847117837,klt,n/a,0,nan,n/a,nan,n/a,n/a,n/a,n/a,n/a,n/a,n/a,False,n/a,False,n/a,False,n/a,0,0,0,0,nan,nan,nan,nan,nan,nan,nan,nan,nan,nan,0,nan,0,False,n/a,0.0,klt,healthy,normal,healthy,0.7022691116928713,n/a,335,15,0,0,0,0,0,0,0,0,0,0,0,0,0,0,0,0,0,0,0,0,0,0,0,0.0,0.0,0.0,636.292465031147
2365,raw_data/images_sequence_6/frame002365.png,350,15,15,0.04285714285714286,350,335,0.9583333333333334,23,24,27.5,50.97428512573242,0.8857142857142857,0.019551970064640045,0.8478844165802002,0.40582436323165894,0.41185903549194336,1.5678222179412842,1.6605857610702515,0.0,nan,nan,93.45320129394531,37.010704040527344,18.372051239013672,598.701416015625,0.022817325467594605,0.0,0.31316468332328057,0.05885011702775955,0.25,0.6561446871076312,1.0,0.9429566863310135,0.8224600897894965,0.2484047600241267,0.544980310866929,0.9332107709873858,0.75,0.7173687942647924,0.2826312057352076,0.7173687942647924,0.9940298507462687,0.9880597014925373,0.14429773950995878,0.15871726798201827,0.993992994031072,klt,n/a,0,nan,n/a,nan,n/a,n/a,n/a,n/a,n/a,n/a,n/a,False,n/a,False,n/a,False,n/a,0,0,0,0,nan,nan,nan,nan,nan,nan,nan,nan,nan,nan,0,nan,0,False,n/a,0.0,klt,healthy,normal,healthy,0.7024748386924841,n/a,335,15,0,0,0,0,0,0,0,0,0,0,0,0,0,0,0,0,0,0,0,0,0,0,0,0.0,0.0,0.0,648.7997891381383
2366,raw_data/images_sequence_6/frame002366.png,350,19,19,0.054285714285714284,350,331,0.9583333333333334,23,24,28.0,51.11714172363281,0.8714285714285714,0.017842065542936325,0.8446528911590576,0.41334250569343567,0.4174292981624603,1.553537130355835,1.6452381610870361,0.0,nan,nan,93.271484375,36.94996643066406,18.362062454223633,597.0528564453125,0.022866599608525447,0.0,0.3127856774423637,0.05893341824412346,0.25,0.6557879447937012,1.0,0.9428335009786863,0.8211103651258681,0.24931437413832713,0.5444947694813964,0.9328070628534145,0.75,0.7171584202754989,0.2828415797245011,0.7171584202754989,0.9758308157099698,0.9879154078549849,0.2623178206280171,0.1525352635336686,1.012382863471431,klt,n/a,0,nan,n/a,nan,n/a,n/a,n/a,n/a,n/a,n/a,n/a,False,n/a,False,n/a,False,n/a,0,0,0,0,nan,nan,nan,nan,nan,nan,nan,nan,nan,nan,0,nan,0,False,n/a,0.0,klt,healthy,normal,healthy,0.702722118870418,n/a,331,19,0,0,0,0,0,0,0,0,0,0,0,0,0,0,0,0,0,0,0,0,0,0,0,0.0,0.0,0.0,651.1747380718589
2367,raw_data/images_sequence_6/frame002367.png,350,18,18,0.05142857142857143,350,332,0.9583333333333334,23,24,29.0,51.70857238769531,0.8771428571428571,0.01579010859131813,0.8384237289428711,0.4121571183204651,0.41570383310317993,1.5557596683502197,1.6519848108291626,0.0,nan,nan,93.25637817382812,36.91876983642578,18.371732711791992,599.1705932617188,0.022776546868203566,0.0,0.31219579509660317,0.05887863039970398,0.25,0.6561333111354283,1.0,0.9430586328294911,0.8204171074761285,0.2507300917681524,0.5440236228283006,0.9324461722488038,0.75,0.7172982352083342,0.28270176479166576,0.7172982352083342,0.9969879518072289,0.9608433734939759,0.159373102698587,0.1504451106455214,0.9637452569080807,klt,n/a,0,nan,n/a,nan,n/a,n/a,n/a,n/a,n/a,n/a,n/a,False,n/a,False,n/a,False,n/a,0,0,0,0,nan,nan,nan,nan,nan,nan,nan,nan,nan,nan,0,nan,0,False,n/a,0.0,klt,healthy,normal,healthy,0.7028057249859438,n/a,332,18,0,0,0,0,0,0,0,0,0,0,0,0,0,0,0,0,0,0,0,0,0,0,0,0.0,0.0,0.0,678.20990877226
2368,raw_data/images_sequence_6/frame002368.png,350,18,18,0.05142857142857143,350,332,0.9583333333333334,23,24,29.0,51.78285598754883,0.8657142857142858,0.015923622995615005,0.8347971439361572,0.4054067134857178,0.41555288434028625,1.568626880645752,1.6493788957595825,0.0,nan,nan,93.06353759765625,36.862060546875,18.341501235961914,595.8226928710938,0.022591344062635927,0.0,0.31131944693771074,0.0589771494269371,0.25,0.6550536155700684,1.0,0.9435216398434102,0.8191569010416667,0.25283332734949426,0.543617426491145,0.9323972379295346,0.75,0.717207811615263,0.28279218838473696,0.717207811615263,0.9969879518072289,0.9969879518072289,0.09920643802160248,0.14894234831183162,0.999998996979858,klt,n/a,0,nan,n/a,nan,n/a,n/a,n/a,n/a,n/a,n/a,n/a,False,n/a,False,n/a,False,n/a,0,0,0,0,nan,nan,nan,nan,nan,nan,nan,nan,nan,nan,0,nan,0,False,n/a,0.0,klt,healthy,normal,healthy,0.7028658354792915,n/a,332,18,0,0,0,0,0,0,0,0,0,0,0,0,0,0,0,0,0,0,0,0,0,0,0,0.0,0.0,0.0,667.0419499278069
2369,raw_data/images_sequence_6/frame002369.png,350,18,18,0.05142857142857143,350,332,0.9583333333333334,23,24,29.0,51.72285842895508,0.8628571428571429,0.018030986189842224,0.8431422710418701,0.4093027710914612,0.4177343249320984,1.5611886978149414,1.6453958749771118,0.0,nan,nan,93.03174591064453,36.86458206176758,18.312089920043945,592.6323852539062,0.022647414636798608,0.0,0.31105539957682293,0.059104517102241516,0.25,0.654003211430141,1.0,0.9433814634080034,0.8192129347059461,0.253467041015625,0.5439349153126128,0.9326357927359722,0.75,0.7171077574321643,0.28289224256783574,0.7171077574321643,0.9939759036144579,1.0,0.17827973989429496,0.1633378283751537,1.0060595939036812,klt,n/a,0,nan,n/a,nan,n/a,n/a,n/a,n/a,n/a,n/a,n/a,False,n/a,False,n/a,False,n/a,0,0,0,0,nan,nan,nan,nan,nan,nan,nan,nan,nan,nan,0,nan,0,False,n/a,0.0,klt,healthy,normal,healthy,0.7022900162767586,n/a,332,18,0,0,0,0,0,0,0,0,0,0,0,0,0,0,0,0,0,0,0,0,0,0,0,0.0,0.0,0.0,655.754626262933
2370,raw_data/images_sequence_6/frame002370.png,350,19,19,0.054285714285714284,350,331,0.875,21,24,30.0,52.077144622802734,0.8628571428571429,0.01629573106765747,0.8479323983192444,0.4146510362625122,0.421389639377594,1.5510849952697754,1.639076590538025,0.0,nan,nan,93.08049774169922,36.90800476074219,18.320953369140625,595.3906860351562,0.022820723684210526,0.0,0.31072214313581886,0.05913722515106201,0.25,0.6543197631835938,1.0,0.9429481907894737,0.8201778835720486,0.2542668564740348,0.5444917262202561,0.9330762016093954,0.75,0.7174464159731327,0.28255358402686725,0.7174464159731327,0.9879154078549849,0.9939577039274925,0.13362265952753788,0.15417880494667835,1.0061151895286613,klt,n/a,0,nan,n/a,nan,n/a,n/a,n/a,n/a,n/a,n/a,n/a,False,n/a,False,n/a,False,n/a,0,0,0,0,nan,nan,nan,nan,nan,nan,nan,nan,nan,nan,0,nan,0,False,n/a,0.0,klt,healthy,normal,healthy,0.7026563772138976,n/a,331,19,0,0,0,0,0,0,0,0,0,0,0,0,0,0,0,0,0,0,0,0,0,0,0,0.0,0.0,0.0,678.7001038901508
2371,raw_data/images_sequence_6/frame002371.png,350,20,20,0.05714285714285714,350,330,0.875,21,24,29.5,51.60857009887695,0.8571428571428571,0.016489151865243912,0.8428363800048828,0.423759400844574,0.4215100109577179,1.5343658924102783,1.6408588886260986,0.0,nan,nan,92.90791320800781,36.89646530151367,18.27208709716797,596.2982177734375,0.022796936167899087,0.0,0.3107554087919347,0.059151969850063324,0.25,0.6525745391845703,1.0,0.9430076595802522,0.8199214511447482,0.2541870188993568,0.5443970206861544,0.9330119753153545,0.75,0.7170124355547753,0.28298756444522466,0.7170124355547753,0.990909090909091,0.9666666666666667,0.19031637829150844,0.141029409423141,0.97553418371168,klt,n/a,0,nan,n/a,nan,n/a,n/a,n/a,n/a,n/a,n/a,n/a,False,n/a,False,n/a,False,n/a,0,0,0,0,nan,nan,nan,nan,nan,nan,nan,nan,nan,nan,0,nan,0,False,n/a,0.0,klt,healthy,normal,healthy,0.7031823530348391,n/a,330,20,0,0,0,0,0,0,0,0,0,0,0,0,0,0,0,0,0,0,0,0,0,0,0,0.0,0.0,0.0,668.0741040036082
2372,raw_data/images_sequence_6/frame002372.png,350,16,16,0.045714285714285714,350,334,0.875,21,24,30.0,52.06571578979492,0.8628571428571429,0.017878739163279533,0.8411140441894531,0.40667176246643066,0.4143781065940857,1.566195011138916,1.6545463800430298,0.0,nan,nan,92.82846069335938,36.84379959106445,18.290891647338867,596.63671875,0.02267629947803393,0.0,0.3105947322471469,0.05935388803482056,0.20833333333333334,0.6532461302621024,1.0,0.9433092513049152,0.8187511020236545,0.2545726426068474,0.5442707510909649,0.9327795372988256,0.7916666666666666,0.7195808233908949,0.2804191766091051,0.7195808233908949,0.9940119760479041,0.9760479041916168,0.15263975171094762,0.15307633999792158,0.9819267230014294,klt,n/a,0,nan,n/a,nan,n/a,n/a,n/a,n/a,n/a,n/a,n/a,False,n/a,False,n/a,False,n/a,0,0,0,0,nan,nan,nan,nan,nan,nan,nan,nan,nan,nan,0,nan,0,False,n/a,0.0,klt,healthy,normal,healthy,0.6928965542432205,n/a,334,16,0,0,0,0,0,0,0,0,0,0,0,0,0,0,0,0,0,0,0,0,0,0,0,0.0,0.0,0.0,670.3795809298754
2373,raw_data/images_sequence_6/frame002373.png,350,14,14,0.04,350,336,0.875,21,24,31.0,52.59428405761719,0.8542857142857143,0.017784276977181435,0.8424856662750244,0.41457024216651917,0.41269776225090027,1.5512359142303467,1.6631263494491577,0.0,nan,nan,92.70198059082031,36.819759368896484,18.25737190246582,594.2650756835938,0.022732370052196606,0.0,0.31049406612620634,0.059257008135318756,0.20833333333333334,0.6520489965166364,1.0,0.9431690748695085,0.8182168748643663,0.25481424129710484,0.543783455921544,0.9325746248368856,0.7916666666666666,0.7191995791841179,0.2808004208158821,0.7191995791841179,0.9880952380952381,0.9940476190476191,0.1517345290633509,0.1517918540385516,1.006023078241704,klt,n/a,0,nan,n/a,nan,n/a,n/a,n/a,n/a,n/a,n/a,n/a,False,n/a,False,n/a,False,n/a,0,0,0,0,nan,nan,nan,nan,nan,nan,nan,nan,nan,nan,0,nan,0,False,n/a,0.0,klt,healthy,normal,healthy,0.6929479336815954,n/a,336,14,0,0,0,0,0,0,0,0,0,0,0,0,0,0,0,0,0,0,0,0,0,0,0,0.0,0.0,0.0,679.017414804548
2374,raw_data/images_sequence_6/frame002374.png,350,14,14,0.04,350,336,0.875,21,24,32.0,53.00285720825195,0.86,0.017944004386663437,0.8456918001174927,0.40891095995903015,0.40935900807380676,1.5619072914123535,1.6723277568817139,0.0,nan,nan,92.62833404541016,36.74531555175781,18.249597549438477,593.40380859375,0.022740865593736406,0.0,0.3097876320633233,0.059344951063394547,0.20833333333333334,0.6517713410513741,1.0,0.943147836015659,0.8165625678168402,0.256509683048024,0.5431561726888623,0.9319201283166594,0.7916666666666666,0.7190602475395886,0.28093975246041136,0.7190602475395886,0.9940476190476191,0.9910714285714286,0.15076182916609004,0.15929176866528927,0.9970049850488772,klt,n/a,0,nan,n/a,nan,n/a,n/a,n/a,n/a,n/a,n/a,n/a,False,n/a,False,n/a,False,n/a,0,0,0,0,nan,nan,nan,nan,nan,nan,nan,nan,nan,nan,0,nan,0,False,n/a,0.0,klt,healthy,normal,healthy,0.6926479370965257,n/a,336,14,0,0,0,0,0,0,0,0,0,0,0,0,0,0,0,0,0,0,0,0,0,0,0,0.0,0.0,0.0,675.8600692264736
2375,raw_data/images_sequence_6/frame002375.png,350,26,26,0.07428571428571429,350,324,0.875,21,24,32.5,53.279998779296875,0.86,0.015431409701704979,0.8505686521530151,0.42256689071655273,0.42699524760246277,1.5365228652954102,1.623909592628479,0.0,nan,nan,92.58734130859375,36.77324295043945,18.234580993652344,593.0360107421875,0.02255226457155285,0.0,0.31015608544443163,0.05935902148485184,0.25,0.6512350354875837,1.0,0.9436193385711179,0.8171831766764323,0.2556253949333641,0.543498455349243,0.9319690626359287,0.75,0.7164935233277103,0.2835064766722897,0.7164935233277103,0.9938271604938271,1.0,0.09957380425014653,0.13550581888860352,1.0062101676643034,klt,n/a,0,nan,n/a,nan,n/a,n/a,n/a,n/a,n/a,n/a,n/a,False,n/a,False,n/a,False,n/a,0,0,0,0,nan,nan,nan,nan,nan,nan,nan,nan,nan,nan,0,nan,0,False,n/a,0.0,klt,healthy,normal,healthy,0.7034032966562206,n/a,324,26,0,0,0,0,0,0,0,0,0,0,0,0,0,0,0,0,0,0,0,0,0,0,0,0.0,0.0,0.0,672.2342916764319
2376,raw_data/images_sequence_6/frame002376.png,350,17,17,0.04857142857142857,350,333,0.875,21,24,33.0,53.15999984741211,0.86,0.01727566123008728,0.844178318977356,0.40830475091934204,0.41255319118499756,1.5630635023117065,1.6513420343399048,0.0,nan,nan,92.53445434570312,36.73283004760742,18.218347549438477,591.1292114257812,0.022783343301435405,0.0,0.3095692129696117,0.05920632928609848,0.20833333333333334,0.6506552696228027,1.0,0.9430416417464115,0.8162851121690539,0.2570338888729319,0.5427023953711144,0.9315928800565463,0.7916666666666666,0.7187679744770094,0.28123202552299065,0.7187679744770094,0.987987987987988,0.996996996996997,0.11659142227094003,0.151838607002269,1.0091175196470088,klt,n/a,0,nan,n/a,nan,n/a,n/a,n/a,n/a,n/a,n/a,n/a,False,n/a,False,n/a,False,n/a,0,0,0,0,nan,nan,nan,nan,nan,nan,nan,nan,nan,nan,0,nan,0,False,n/a,0.0,klt,healthy,normal,healthy,0.6929460635630466,n/a,333,17,0,0,0,0,0,0,0,0,0,0,0,0,0,0,0,0,0,0,0,0,0,0,0,0.0,0.0,0.0,706.9441461935639
2377,raw_data/images_sequence_6/frame002377.png,350,14,14,0.04,350,336,0.875,21,24,34.0,53.96285629272461,0.8657142857142858,0.017688162624835968,0.8515875339508057,0.4137679934501648,0.4141356647014618,1.552735447883606,1.654327392578125,0.0,nan,nan,92.52735900878906,36.780799865722656,18.207162857055664,590.560302734375,0.022949855915615484,0.0,0.3102520976347082,0.05932695418596268,0.25,0.6502558163234166,1.0,0.9426253602109613,0.8173511081271702,0.2553949656767004,0.5435095408498639,0.9312319894519356,0.75,0.7161038152555654,0.28389618474443457,0.7161038152555654,1.0,0.9940476190476191,0.13310252394233277,0.14357279630584724,0.9940466250009942,klt,n/a,0,nan,n/a,nan,n/a,n/a,n/a,n/a,n/a,n/a,n/a,False,n/a,False,n/a,False,n/a,0,0,0,0,nan,nan,nan,nan,nan,nan,nan,nan,nan,nan,0,nan,0,False,n/a,0.0,klt,healthy,normal,healthy,0.7030806175595309,n/a,336,14,0,0,0,0,0,0,0,0,0,0,0,0,0,0,0,0,0,0,0,0,0,0,0,0.0,0.0,0.0,688.2029301486909
2378,raw_data/images_sequence_6/frame002378.png,350,17,17,0.04857142857142857,350,333,0.875,21,24,35.0,54.08856964111328,0.8571428571428571,0.0169544517993927,0.853918194770813,0.41722139716148376,0.41411149501800537,1.5463123321533203,1.6597535610198975,0.0,nan,nan,92.55655670166016,36.715702056884766,18.214488983154297,594.201904296875,0.022968546107003045,0.0,0.30987008337881045,0.05919931083917618,0.25,0.650517463684082,1.0,0.9425786347324924,0.8159044901529948,0.25631179989085495,0.5424961333473524,0.9309995514354067,0.75,0.715974978069283,0.284025021930717,0.715974978069283,0.993993993993994,0.990990990990991,0.10604937051483698,0.15364381828943469,0.9969778489618618,klt,n/a,0,nan,n/a,nan,n/a,n/a,n/a,n/a,n/a,n/a,n/a,False,n/a,False,n/a,False,n/a,0,0,0,0,nan,nan,nan,nan,nan,nan,nan,nan,nan,nan,0,nan,0,False,n/a,0.0,klt,healthy,normal,healthy,0.7026777766801874,n/a,333,17,0,0,0,0,0,0,0,0,0,0,0,0,0,0,0,0,0,0,0,0,0,0,0,0.0,0.0,0.0,678.2301142811775
2379,raw_data/images_sequence_6/frame002379.png,350,17,17,0.04857142857142857,350,333,0.875,21,24,35.5,54.26571273803711,0.8828571428571429,0.017258189618587494,0.8413693308830261,0.39345136284828186,0.4098089635372162,1.5922231674194336,1.6648151874542236,0.0,nan,nan,92.43804931640625,36.63433074951172,18.169095993041992,589.0193481445312,0.02277314865158765,0.0,0.3094384690827015,0.059233568608760834,0.20833333333333334,0.6488962854657855,1.0,0.9430671283710309,0.8140962388780382,0.2573476742015164,0.5416698662771119,0.9310148434101784,0.7916666666666666,0.7180067358184377,0.28199326418156234,0.7180067358184377,0.993993993993994,0.990990990990991,0.09547288167427348,0.15862403924915905,0.9969778489618618,klt,n/a,0,nan,n/a,nan,n/a,n/a,n/a,n/a,n/a,n/a,n/a,False,n/a,False,n/a,False,n/a,0,0,0,0,nan,nan,nan,nan,nan,nan,nan,nan,nan,nan,0,nan,0,False,n/a,0.0,klt,healthy,normal,healthy,0.692674646273171,n/a,333,17,0,0,0,0,0,0,0,0,0,0,0,0,0,0,0,0,0,0,0,0,0,0,0,0.0,0.0,0.0,673.0193672701716
2380,raw_data/images_sequence_6/frame002380.png,350,15,15,0.04285714285714286,350,335,0.9166666666666666,22,24,36.0,54.59714126586914,0.8885714285714286,0.016812849789857864,0.8490119576454163,0.4044727087020874,0.40890127420425415,1.570434808731079,1.6673575639724731,0.0,nan,nan,92.32492065429688,36.59113311767578,18.161718368530273,590.5886840820312,0.022781644193127448,0.0,0.3086608617446002,0.0591207817196846,0.20833333333333334,0.6486327988760812,1.0,0.9430458895171814,0.8131362915039062,0.2592139318129595,0.5409335587512363,0.9318008509134406,0.7916666666666666,0.7180511060340374,0.28194889396596257,0.7180511060340374,0.9970149253731343,0.9970149253731343,0.09668954746259902,0.16626746679512605,0.999998997006994,klt,n/a,0,nan,n/a,nan,n/a,n/a,n/a,n/a,n/a,n/a,n/a,False,n/a,False,n/a,False,n/a,0,0,0,0,nan,nan,nan,nan,nan,nan,nan,nan,nan,nan,0,nan,0,False,n/a,0.0,klt,healthy,normal,healthy,0.6923689091713323,n/a,335,15,0,0,0,0,0,0,0,0,0,0,0,0,0,0,0,0,0,0,0,0,0,0,0,0.0,0.0,0.0,659.1902221553028
2381,raw_data/images_sequence_6/frame002381.png,350,16,16,0.045714285714285714,350,334,0.875,21,24,36.0,54.92856979370117,0.8857142857142857,0.016104772686958313,0.8418257832527161,0.40404802560806274,0.40995344519615173,1.5712553262710571,1.658888339996338,0.0,nan,nan,92.26074981689453,36.56523513793945,18.16779136657715,589.7183837890625,0.022853006742061765,0.0,0.3078042662377451,0.05931028723716736,0.20833333333333334,0.6488496916634696,1.0,0.9428674831448456,0.8125607808430989,0.2612697610294118,0.541076497778748,0.9310760113092649,0.7916666666666666,0.7182698308006401,0.2817301691993599,0.7182698308006401,0.9940119760479041,0.9940119760479041,0.12565163135472124,0.1481507635490293,0.9999989939769157,klt,n/a,0,nan,n/a,nan,n/a,n/a,n/a,n/a,n/a,n/a,n/a,False,n/a,False,n/a,False,n/a,0,0,0,0,nan,nan,nan,nan,nan,nan,nan,nan,nan,nan,0,nan,0,False,n/a,0.0,klt,healthy,normal,healthy,0.6930935773011762,n/a,334,16,0,0,0,0,0,0,0,0,0,0,0,0,0,0,0,0,0,0,0,0,0,0,0,0.0,0.0,0.0,667.0687808655202
2382,raw_data/images_sequence_6/frame002382.png,350,15,15,0.04285714285714286,350,335,0.875,21,24,36.0,55.400001525878906,0.8828571428571429,0.017596419900655746,0.8438500165939331,0.40845972299575806,0.41161221265792847,1.562767744064331,1.6591684818267822,0.0,nan,nan,92.14762115478516,36.53373336791992,18.155628204345703,587.9935302734375,0.022798635276207048,0.0,0.3074749381869447,0.05947559326887131,0.20833333333333334,0.6484152930123466,1.0,0.9430034118094823,0.8118607415093316,0.26206014835133273,0.5411021736384642,0.9307059455197912,0.7916666666666666,0.7181981011979636,0.28180189880203643,0.7181981011979636,0.9970149253731343,0.9970149253731343,0.11974947732344741,0.14676085106368467,0.999998997006994,klt,n/a,0,nan,n/a,nan,n/a,n/a,n/a,n/a,n/a,n/a,n/a,False,n/a,False,n/a,False,n/a,0,0,0,0,nan,nan,nan,nan,nan,nan,nan,nan,nan,nan,0,nan,0,False,n/a,0.0,klt,healthy,normal,healthy,0.6931491738005899,n/a,335,15,0,0,0,0,0,0,0,0,0,0,0,0,0,0,0,0,0,0,0,0,0,0,0,0.0,0.0,0.0,660.2537091821432
2383,raw_data/images_sequence_6/frame002383.png,350,17,17,0.04857142857142857,350,333,0.875,21,24,35.0,55.44571304321289,0.8742857142857143,0.016601119190454483,0.8490679860115051,0.42118075489997864,0.41559308767318726,1.53904390335083,1.648205041885376,0.0,nan,nan,92.08740234375,36.52091979980469,18.08012580871582,585.9451904296875,0.022727272727272728,0.0,0.3075495551614201,0.05944085866212845,0.25,0.6457187788827079,1.0,0.9431818181818181,0.8115759955512153,0.2618810676125919,0.5408808583713541,0.9289993611352763,0.75,0.7149380831406018,0.2850619168593982,0.7149380831406018,0.996996996996997,0.996996996996997,0.1183490334787812,0.13954488362602552,0.9999989969889578,klt,n/a,0,nan,n/a,nan,n/a,n/a,n/a,n/a,n/a,n/a,n/a,False,n/a,False,n/a,False,n/a,0,0,0,0,nan,nan,nan,nan,nan,nan,nan,nan,nan,nan,0,nan,0,False,n/a,0.0,klt,healthy,normal,healthy,0.7032417340667237,n/a,333,17,0,0,0,0,0,0,0,0,0,0,0,0,0,0,0,0,0,0,0,0,0,0,0,0.0,0.0,0.0,670.8780559711158
2384,raw_data/images_sequence_6/frame002384.png,350,16,16,0.045714285714285714,350,334,0.875,21,24,35.0,55.65142822265625,0.8714285714285714,0.017494384199380875,0.8463571071624756,0.41718077659606934,0.4147002398967743,1.5463874340057373,1.6481964588165283,0.0,nan,nan,92.03594970703125,36.545562744140625,18.100543975830078,585.9923095703125,0.02258624673771205,0.0,0.3082797241210937,0.05937458574771881,0.20833333333333334,0.6464479991367885,1.0,0.9435343831557199,0.8121236165364584,0.26012866210937513,0.5410040486039538,0.9293419013701609,0.7916666666666666,0.7174965323831515,0.2825034676168485,0.7174965323831515,0.9910179640718563,0.9970059880239521,0.18407323138797124,0.1465571266943925,1.0060412809130277,klt,n/a,0,nan,n/a,nan,n/a,n/a,n/a,n/a,n/a,n/a,n/a,False,n/a,False,n/a,False,n/a,0,0,0,0,nan,nan,nan,nan,nan,nan,nan,nan,nan,nan,0,nan,0,False,n/a,0.0,klt,healthy,normal,healthy,0.6931573227753617,n/a,334,16,0,0,0,0,0,0,0,0,0,0,0,0,0,0,0,0,0,0,0,0,0,0,0,0.0,0.0,0.0,682.1934650652111
2385,raw_data/images_sequence_6/frame002385.png,350,22,22,0.06285714285714286,350,328,0.875,21,24,35.0,54.8457145690918,0.8628571428571429,0.015871744602918625,0.8523153066635132,0.4155083894729614,0.4223939776420593,1.5494928359985352,1.639949917793274,0.0,nan,nan,92.0428237915039,36.497718811035156,18.077228546142578,585.6963500976562,0.022861502283601565,0.0,0.30824099821202894,0.059294458478689194,0.20833333333333334,0.6456153052193778,1.0,0.9428462442909961,0.8110604180230034,0.2602216042911306,0.5402903419176135,0.9285130763375381,0.7916666666666666,0.7169808168370673,0.28301918316293273,0.7169808168370673,1.0,0.9969512195121951,0.1248658356607999,0.1334363725413827,0.9969502225619726,klt,n/a,0,nan,n/a,nan,n/a,n/a,n/a,n/a,n/a,n/a,n/a,False,n/a,False,n/a,False,n/a,0,0,0,0,nan,nan,nan,nan,nan,nan,nan,nan,nan,nan,0,nan,0,False,n/a,0.0,klt,healthy,normal,healthy,0.693682152941482,n/a,328,22,0,0,0,0,0,0,0,0,0,0,0,0,0,0,0,0,0,0,0,0,0,0,0,0.0,0.0,0.0,680.2986562252045
2386,raw_data/images_sequence_6/frame002386.png,350,25,25,0.07142857142857142,350,325,0.875,21,24,35.0,55.248573303222656,0.8628571428571429,0.0163943562656641,0.8523083925247192,0.43299490213394165,0.42637860774993896,1.517951250076294,1.6277375221252441,0.0,nan,nan,91.90802001953125,36.4018440246582,18.071853637695312,586.464599609375,0.02259644138755981,0.0,0.3072771364099839,0.059237152338027954,0.25,0.645423344203404,1.0,0.9435088965311005,0.8089298672146268,0.2625348726160387,0.5390948252846497,0.928167477707699,0.75,0.7144220972371016,0.2855779027628984,0.7144220972371016,1.0,1.0,0.11076173227975235,0.1504872324792878,0.9999990000010001,klt,n/a,0,nan,n/a,nan,n/a,n/a,n/a,n/a,n/a,n/a,n/a,False,n/a,False,n/a,False,n/a,0,0,0,0,nan,nan,nan,nan,nan,nan,nan,nan,nan,nan,0,nan,0,False,n/a,0.0,klt,healthy,normal,healthy,0.7028040401125932,n/a,325,25,0,0,0,0,0,0,0,0,0,0,0,0,0,0,0,0,0,0,0,0,0,0,0,0.0,0.0,0.0,691.7687081731856
2387,raw_data/images_sequence_6/frame002387.png,350,22,22,0.06285714285714286,350,328,0.875,21,24,34.5,55.12571334838867,0.8657142857142858,0.01716219261288643,0.8531396389007568,0.4145267605781555,0.4203263521194458,1.5513181686401367,1.6339519023895264,0.0,nan,nan,91.94279479980469,36.457916259765625,17.97357940673828,581.71630859375,0.022669503044802086,0.0,0.30760252260694315,0.05900632590055466,0.25,0.6419135502406529,1.0,0.9433262423879948,0.8101759168836805,0.26175394574333644,0.5391932445794645,0.93155312092214,0.75,0.713883169174476,0.28611683082552397,0.713883169174476,1.0,0.9725609756097561,0.12685036532201016,0.15259036518649102,0.9725600030497531,klt,n/a,0,nan,n/a,nan,n/a,n/a,n/a,n/a,n/a,n/a,n/a,False,n/a,False,n/a,False,n/a,0,0,0,0,nan,nan,nan,nan,nan,nan,nan,nan,nan,nan,0,nan,0,False,n/a,0.0,klt,healthy,normal,healthy,0.7027199148043051,n/a,328,22,0,0,0,0,0,0,0,0,0,0,0,0,0,0,0,0,0,0,0,0,0,0,0,0.0,0.0,0.0,675.0166327692568
2388,raw_data/images_sequence_6/frame002388.png,350,12,12,0.03428571428571429,350,338,0.875,21,24,35.0,55.62571334838867,0.8542857142857143,0.02013443224132061,0.8496261835098267,0.3996468782424927,0.4091107249259949,1.5798662900924683,1.6620962619781494,0.0,nan,nan,92.01077270507812,36.519996643066406,18.045991897583008,585.1619873046875,0.02260493692909961,0.0,0.3077542922076057,0.05908630043268204,0.25,0.6444997106279645,1.0,0.943487657677251,0.8115554809570312,0.26138969870174633,0.5400647869164293,0.9287455143540669,0.75,0.7145221760837261,0.28547782391627385,0.7145221760837261,0.9970414201183432,0.9822485207100592,0.1579566801418364,0.15599195546995095,0.9851622166622278,klt,n/a,0,nan,n/a,nan,n/a,n/a,n/a,n/a,n/a,n/a,n/a,False,n/a,False,n/a,False,n/a,0,0,0,0,nan,nan,nan,nan,nan,nan,nan,nan,nan,nan,0,nan,0,False,n/a,0.0,klt,healthy,normal,healthy,0.7025838511929667,n/a,338,12,0,0,0,0,0,0,0,0,0,0,0,0,0,0,0,0,0,0,0,0,0,0,0,0.0,0.0,0.0,677.980462089181
2389,raw_data/images_sequence_6/frame002389.png,350,16,16,0.045714285714285714,350,334,0.875,21,24,35.0,55.40571594238281,0.8571428571428571,0.017949022352695465,0.8508691787719727,0.4117591977119446,0.4167908728122711,1.5565091371536255,1.6363178491592407,0.0,nan,nan,91.94561004638672,36.56516647338867,18.059654235839844,584.3388671875,0.022757856676816006,0.0,0.30877129648246016,0.0591198205947876,0.20833333333333334,0.6449876512799945,1.0,0.9431053583079599,0.8125592549641927,0.2589488884420956,0.5406428561066137,0.9284396748586342,0.7916666666666666,0.7169134044804623,0.28308659551953774,0.7169134044804623,0.9940119760479041,0.9970059880239521,0.14276665307695174,0.15030489639768677,1.0030110391394969,klt,n/a,0,nan,n/a,nan,n/a,n/a,n/a,n/a,n/a,n/a,n/a,False,n/a,False,n/a,False,n/a,0,0,0,0,nan,nan,nan,nan,nan,nan,nan,nan,nan,nan,0,nan,0,False,n/a,0.0,klt,healthy,normal,healthy,0.6930074119872299,n/a,334,16,0,0,0,0,0,0,0,0,0,0,0,0,0,0,0,0,0,0,0,0,0,0,0,0.0,0.0,0.0,672.4037858657539
2390,raw_data/images_sequence_6/frame002390.png,350,20,20,0.05714285714285714,350,330,0.875,21,24,33.5,54.6971435546875,0.8542857142857143,0.016299769282341003,0.8491373062133789,0.4104357957839966,0.4209827482700348,1.5590109825134277,1.6336809396743774,0.0,nan,nan,91.95116424560547,36.56389236450195,18.028505325317383,582.68603515625,0.02267629947803393,0.0,0.30900664535223266,0.05906547233462334,0.20833333333333334,0.6438751901899066,1.0,0.9433092513049152,0.8125309414333768,0.2583840511546417,0.540505180568105,0.9287424559591126,0.7916666666666666,0.7166123011577438,0.28338769884225623,0.7166123011577438,1.0,1.0,0.10469474845624513,0.14532420708963617,0.9999990000010001,klt,n/a,0,nan,n/a,nan,n/a,n/a,n/a,n/a,n/a,n/a,n/a,False,n/a,False,n/a,False,n/a,0,0,0,0,nan,nan,nan,nan,nan,nan,nan,nan,nan,nan,0,nan,0,False,n/a,0.0,klt,healthy,normal,healthy,0.6932066395595519,n/a,330,20,0,0,0,0,0,0,0,0,0,0,0,0,0,0,0,0,0,0,0,0,0,0,0,0.0,0.0,0.0,677.603819873184
2391,raw_data/images_sequence_6/frame002391.png,350,11,11,0.03142857142857143,350,339,0.875,21,24,34.0,55.40285873413086,0.8771428571428571,0.019005289301276207,0.8485487699508667,0.39979445934295654,0.4125273823738098,1.57957124710083,1.6500895023345947,0.0,nan,nan,91.84828186035156,36.55340576171875,18.038406372070312,583.4290771484375,0.02258114941278817,0.0,0.308728708005419,0.05899910628795624,0.25,0.6442287990025112,1.0,0.9435471264680295,0.8122979058159723,0.25905110078699434,0.5402378308351594,0.9289596020008699,0.75,0.7142650095850831,0.2857349904149169,0.7142650095850831,0.9970501474926253,0.9026548672566371,0.12804751325677366,0.14511228126745268,0.9053245357839714,klt,n/a,0,nan,n/a,nan,n/a,n/a,n/a,n/a,n/a,n/a,n/a,False,n/a,False,n/a,False,n/a,0,0,0,0,nan,nan,nan,nan,nan,nan,nan,nan,nan,nan,0,nan,0,False,n/a,0.0,klt,healthy,normal,healthy,0.6521866861230391,n/a,339,11,0,0,0,0,0,0,0,0,0,0,0,0,0,0,0,0,0,0,0,0,0,0,0,0.0,0.0,0.0,683.9752299711108
2392,raw_data/images_sequence_6/frame002392.png,350,13,13,0.037142857142857144,350,337,0.875,21,24,33.5,55.41714096069336,0.8771428571428571,0.0184924378991127,0.8460862636566162,0.4046030342578888,0.41058149933815,1.5701841115951538,1.6568083763122559,0.0,nan,nan,91.86437225341797,36.566856384277344,17.98629379272461,582.38720703125,0.02268479501957373,0.0,0.3091931660970053,0.05889077112078667,0.25,0.6423676354544503,1.0,0.9432880124510656,0.8125968085394966,0.2579364013671873,0.5401410659078998,0.9292990838408004,0.75,0.7137130274496488,0.2862869725503512,0.7137130274496488,1.0,1.0,0.14514134917470262,0.15877964014314852,0.9999990000010001,klt,n/a,0,nan,n/a,nan,n/a,n/a,n/a,n/a,n/a,n/a,n/a,False,n/a,False,n/a,False,n/a,0,0,0,0,nan,nan,nan,nan,nan,nan,nan,nan,nan,nan,0,nan,0,False,n/a,0.0,klt,healthy,normal,healthy,0.7024723438060388,n/a,337,13,0,0,0,0,0,0,0,0,0,0,0,0,0,0,0,0,0,0,0,0,0,0,0,0.0,0.0,0.0,671.443231869489
2393,raw_data/images_sequence_6/frame002393.png,350,14,14,0.04,350,336,0.875,21,24,34.0,56.00285720825195,0.8914285714285715,0.017432712018489838,0.8552699089050293,0.4050179123878479,0.41274118423461914,1.5693786144256592,1.6583548784255981,0.0,nan,nan,91.86990356445312,36.52741241455078,17.970190048217773,581.8173828125,0.022671202153110047,0.0,0.3089660195743336,0.0586901418864727,0.25,0.6417925017220634,1.0,0.9433219946172249,0.8117202758789063,0.25848155302159936,0.539246824045073,0.9289443100260983,0.75,0.7134331177483881,0.28656688225161187,0.7134331177483881,0.9821428571428571,0.9940476190476191,0.18294029763232933,0.1527549697033509,1.0121201815988454,klt,n/a,0,nan,n/a,nan,n/a,n/a,n/a,n/a,n/a,n/a,n/a,False,n/a,False,n/a,False,n/a,0,0,0,0,nan,nan,nan,nan,nan,nan,nan,nan,nan,nan,0,nan,0,False,n/a,0.0,klt,healthy,normal,healthy,0.7027133306236307,n/a,336,14,0,0,0,0,0,0,0,0,0,0,0,0,0,0,0,0,0,0,0,0,0,0,0,0.0,0.0,0.0,683.0865382216871
2394,raw_data/images_sequence_6/frame002394.png,350,24,24,0.06857142857142857,350,326,0.875,21,24,35.0,55.83714294433594,0.8771428571428571,0.01664493791759014,0.8499190807342529,0.42296111583709717,0.42732203006744385,1.5358083248138428,1.6165231466293335,0.0,nan,nan,91.86949157714844,36.5267219543457,18.02645492553711,581.8462524414062,0.022932864832535885,0.0,0.30876450781728704,0.058665018528699875,0.20833333333333334,0.6438019616263253,1.0,0.9426678379186603,0.8117049323187934,0.2589651812385111,0.5391820537246237,0.9291492224880382,0.7916666666666666,0.7163670891559147,0.28363291084408526,0.7163670891559147,0.9969325153374233,0.9938650306748467,0.13664268060468882,0.14724047495449444,0.9969220769335474,klt,n/a,0,nan,n/a,nan,n/a,n/a,n/a,n/a,n/a,n/a,n/a,False,n/a,False,n/a,False,n/a,0,0,0,0,nan,nan,nan,nan,nan,nan,nan,nan,nan,nan,0,nan,0,False,n/a,0.0,klt,healthy,normal,healthy,0.6931299888449576,n/a,326,24,0,0,0,0,0,0,0,0,0,0,0,0,0,0,0,0,0,0,0,0,0,0,0,0.0,0.0,0.0,680.1793412305415
2395,raw_data/images_sequence_6/frame002395.png,350,14,14,0.04,350,336,0.875,21,24,36.0,55.91999816894531,0.8742857142857143,0.015578002668917179,0.8495274782180786,0.4089444875717163,0.413732647895813,1.561861515045166,1.649183750152588,0.0,nan,nan,91.77111053466797,36.48963165283203,18.00364112854004,580.5831298828125,0.022708582535885168,0.0,0.3087928442861519,0.05875638872385025,0.20833333333333334,0.6429871831621442,1.0,0.9432285436602871,0.8108807033962674,0.2588971737132355,0.5389775987977934,0.9290207698999565,0.7916666666666666,0.7161144523120437,0.28388554768795626,0.7161144523120437,0.9851190476190477,0.9940476190476191,0.14740670124465755,0.1506549935415631,1.0090624198037068,klt,n/a,0,nan,n/a,nan,n/a,n/a,n/a,n/a,n/a,n/a,n/a,False,n/a,False,n/a,False,n/a,0,0,0,0,nan,nan,nan,nan,nan,nan,nan,nan,nan,nan,0,nan,0,False,n/a,0.0,klt,healthy,normal,healthy,0.6929934081014748,n/a,336,14,0,0,0,0,0,0,0,0,0,0,0,0,0,0,0,0,0,0,0,0,0,0,0,0.0,0.0,0.0,677.5775463320315
2396,raw_data/images_sequence_6/frame002396.png,350,20,20,0.05714285714285714,350,330,0.875,21,24,35.5,55.88571548461914,0.86,0.03454943001270294,0.8485773801803589,0.4144213795661926,0.4161521792411804,1.5515141487121582,1.655052661895752,0.0,nan,nan,94.14961242675781,37.422698974609375,18.496826171875,611.2177124023438,0.022040832970856895,0.0,0.3165668457629634,0.059292055666446686,0.16666666666666666,0.6606009347098214,1.0,0.9448979175728578,0.8316155327690973,0.24023957016888786,0.5505624383537456,0.9329263402566333,0.8333333333333334,0.724190432518687,0.275809567481313,0.724190432518687,0.9848484848484849,0.9939393939393939,0.22937686445899685,0.2673201802831563,1.0092297444744132,klt,n/a,0,nan,n/a,nan,n/a,n/a,n/a,n/a,n/a,n/a,n/a,False,n/a,False,n/a,False,n/a,0,0,0,0,nan,nan,nan,nan,nan,nan,nan,nan,nan,nan,0,nan,0,False,n/a,0.0,klt,healthy,normal,healthy,0.6785228790631835,n/a,330,20,0,0,0,0,0,0,0,0,0,0,0,0,0,0,0,0,0,0,0,0,0,0,0,0.0,0.0,0.0,701.0012012906373
2397,raw_data/images_sequence_6/frame002397.png,350,24,24,0.06857142857142857,350,326,0.875,21,24,34.0,55.51142883300781,0.8314285714285714,0.015991775318980217,0.8537089228630066,0.437084823846817,0.43291905522346497,1.5108489990234375,1.617464303970337,0.0,nan,nan,94.1109848022461,37.355735778808594,18.53068733215332,612.0645141601562,0.022079912461939973,0.0,0.31615877188888253,0.059151120483875275,0.16666666666666666,0.6618102618626186,1.0,0.9448002188451501,0.830127461751302,0.24121894746668193,0.5494980956117312,0.9330517344497608,0.8333333333333334,0.7242831074670795,0.27571689253292053,0.7242831074670795,0.9969325153374233,0.9969325153374233,0.13129512878744262,0.14323579028857447,0.999998996924083,klt,n/a,0,nan,n/a,nan,n/a,n/a,n/a,n/a,n/a,n/a,n/a,False,n/a,False,n/a,False,n/a,0,0,0,0,nan,nan,nan,nan,nan,nan,nan,nan,nan,nan,0,nan,0,False,n/a,0.0,klt,healthy,normal,healthy,0.6834862546629669,n/a,326,24,0,0,0,0,0,0,0,0,0,0,0,0,0,0,0,0,0,0,0,0,0,0,0,0.0,0.0,0.0,693.1749698705971
2398,raw_data/images_sequence_6/frame002398.png,350,19,19,0.054285714285714284,350,331,0.875,21,24,33.0,55.93714141845703,0.8514285714285714,0.017210252583026886,0.85507732629776,0.4319525361061096,0.43496912717819214,1.5197772979736328,1.5953179597854614,0.0,nan,nan,94.00726318359375,37.2795295715332,18.559080123901367,611.8351440429688,0.022226035776424534,0.0,0.31529303307626755,0.05920862406492233,0.16666666666666666,0.6628242901393345,1.0,0.9444349105589387,0.8284339904785156,0.24329672061695795,0.5487820499322631,0.9327153110047847,0.8333333333333334,0.724443917493681,0.275556082506319,0.724443917493681,0.9939577039274925,0.9909365558912386,0.21429868875610958,0.1410262425533987,0.9969594833021611,klt,n/a,0,nan,n/a,nan,n/a,n/a,n/a,n/a,n/a,n/a,n/a,False,n/a,False,n/a,False,n/a,0,0,0,0,nan,nan,nan,nan,nan,nan,nan,nan,nan,nan,0,nan,0,False,n/a,0.0,klt,healthy,normal,healthy,0.6835746365723738,n/a,331,19,0,0,0,0,0,0,0,0,0,0,0,0,0,0,0,0,0,0,0,0,0,0,0,0.0,0.0,0.0,686.7675678804517
2399,raw_data/images_sequence_6/frame002399.png,350,18,18,0.05142857142857143,350,332,0.875,21,24,32.5,56.23143005371094,0.8428571428571429,0.01831899583339691,0.8523050546646118,0.42259716987609863,0.42318931221961975,1.5364689826965332,1.6379526853561401,0.0,nan,nan,93.94813537597656,37.236995697021484,18.5014591217041,608.526611328125,0.022231133101348412,0.0,0.31492745792164517,0.05867758020758629,0.16666666666666666,0.6607663972037179,1.0,0.944422167246629,0.8274887932671441,0.2441741009880516,0.5471025334689954,0.931999646585472,0.8333333333333334,0.7237545795962057,0.2762454204037943,0.7237545795962057,0.9939759036144579,0.9939759036144579,0.10548575140394521,0.13753472684983242,0.999998993940406,klt,n/a,0,nan,n/a,nan,n/a,n/a,n/a,n/a,n/a,n/a,n/a,False,n/a,False,n/a,False,n/a,0,0,0,0,nan,nan,nan,nan,nan,nan,nan,nan,nan,nan,0,nan,0,False,n/a,0.0,klt,healthy,normal,healthy,0.6837142972005166,n/a,332,18,0,0,0,0,0,0,0,0,0,0,0,0,0,0,0,0,0,0,0,0,0,0,0,0.0,0.0,0.0,672.0431759022176
2400,raw_data/images_sequence_6/frame002400.png,350,26,26,0.07428571428571429,350,324,0.8333333333333334,20,24,31.0,54.20000076293945,0.8371428571428572,0.017805010080337524,0.8554149866104126,0.42501795291900635,0.4337662160396576,1.5321089029312134,1.611409068107605,0.0,nan,nan,93.97628021240234,37.30724334716797,18.500661849975586,607.6583862304688,0.02223792953458025,0.0,0.3161927391501033,0.059020474553108215,0.16666666666666666,0.6607379232134137,1.0,0.9444051761635494,0.8290498521592882,0.24113742603975208,0.5486623682457992,0.932718369399739,0.8333333333333334,0.7237387725047371,0.27626122749526294,0.7237387725047371,0.9938271604938271,0.9938271604938271,0.16109706532030665,0.15030672899698166,0.9999989937898323,klt,n/a,0,nan,n/a,nan,n/a,n/a,n/a,n/a,n/a,n/a,n/a,False,n/a,False,n/a,False,n/a,0,0,0,0,nan,nan,nan,nan,nan,nan,nan,nan,nan,nan,0,nan,0,False,n/a,0.0,klt,healthy,normal,healthy,0.6832034171146306,n/a,324,26,0,0,0,0,0,0,0,0,0,0,0,0,0,0,0,0,0,0,0,0,0,0,0,0.0,0.0,0.0,657.1258008480072
2401,raw_data/images_sequence_6/frame002401.png,350,24,24,0.06857142857142857,350,326,0.8333333333333334,20,24,31.0,53.605712890625,0.84,0.018460314720869064,0.8536511659622192,0.41376835107803345,0.42843127250671387,1.552740454673767,1.6208715438842773,0.0,nan,nan,93.85555267333984,37.207515716552734,18.455799102783203,610.0264282226562,0.02235346889952153,0.0,0.31480808183258646,0.058768704533576965,0.16666666666666666,0.6591356822422573,1.0,0.9441163277511961,0.8268336825900607,0.24446060360179256,0.5469820788713416,0.9308527484775989,0.8333333333333334,0.7232373502117153,0.2767626497882847,0.7232373502117153,0.9938650306748467,0.9938650306748467,0.1338287451190887,0.14926054043889264,0.9999989938281728,klt,n/a,0,nan,n/a,nan,n/a,n/a,n/a,n/a,n/a,n/a,n/a,False,n/a,False,n/a,False,n/a,0,0,0,0,nan,nan,nan,nan,nan,nan,nan,nan,nan,nan,0,nan,0,False,n/a,0.0,klt,healthy,normal,healthy,0.6832452646569541,n/a,326,24,0,0,0,0,0,0,0,0,0,0,0,0,0,0,0,0,0,0,0,0,0,0,0,0.0,0.0,0.0,657.8044625930488
2402,raw_data/images_sequence_6/frame002402.png,350,20,20,0.05714285714285714,350,330,0.875,21,24,32.0,53.62571334838867,0.8485714285714285,0.015990734100341797,0.8566436171531677,0.41156497597694397,0.4291366934776306,1.5568759441375732,1.6152479648590088,0.0,nan,nan,93.9281997680664,37.14748001098633,18.512027740478516,611.370849609375,0.02233987603305785,0.0,0.3129303277707568,0.059088822454214096,0.16666666666666666,0.6611438478742327,1.0,0.9441503099173554,0.8254995557996961,0.24896721335018368,0.5470425562048801,0.9318773107872989,0.8333333333333334,0.7242227856792266,0.2757772143207734,0.7242227856792266,0.9939393939393939,0.9939393939393939,0.14981791294652796,0.14631949287396648,0.9999989939034513,klt,n/a,0,nan,n/a,nan,n/a,n/a,n/a,n/a,n/a,n/a,n/a,False,n/a,False,n/a,False,n/a,0,0,0,0,nan,nan,nan,nan,nan,nan,nan,nan,nan,nan,0,nan,0,False,n/a,0.0,klt,healthy,normal,healthy,0.6833629065595512,n/a,330,20,0,0,0,0,0,0,0,0,0,0,0,0,0,0,0,0,0,0,0,0,0,0,0,0.0,0.0,0.0,682.838920969516
2403,raw_data/images_sequence_6/frame002403.png,350,17,17,0.04857142857142857,350,333,0.875,21,24,31.0,52.948570251464844,0.8371428571428572,0.01615452766418457,0.8507235050201416,0.4115794897079468,0.42229562997817993,1.5568490028381348,1.6323821544647217,0.0,nan,nan,93.98418426513672,37.18528747558594,18.545761108398438,613.2754516601562,0.022249823292735973,0.0,0.3126274916704963,0.059121474623680115,0.16666666666666666,0.6623486110142299,1.0,0.94437544176816,0.8263397216796875,0.24969401999080887,0.5475368486209349,0.9321923254675946,0.8333333333333334,0.7247956381981534,0.2752043618018466,0.7247956381981534,0.993993993993994,0.993993993993994,0.10278547698342759,0.14330732170360325,0.999998993958716,klt,n/a,0,nan,n/a,nan,n/a,n/a,n/a,n/a,n/a,n/a,n/a,False,n/a,False,n/a,False,n/a,0,0,0,0,nan,nan,nan,nan,nan,nan,nan,nan,nan,nan,0,nan,0,False,n/a,0.0,klt,healthy,normal,healthy,0.6834833934063657,n/a,333,17,0,0,0,0,0,0,0,0,0,0,0,0,0,0,0,0,0,0,0,0,0,0,0,0.0,0.0,0.0,664.900163654238
2404,raw_data/images_sequence_6/frame002404.png,350,27,27,0.07714285714285714,350,323,0.9166666666666666,22,24,29.5,50.58285903930664,0.84,0.01591462269425392,0.8501384258270264,0.41625165939331055,0.4314054250717163,1.5481083393096924,1.6228818893432617,0.0,nan,nan,93.94625091552734,37.14274597167969,18.53764533996582,613.4041748046875,0.02232628316659417,0.0,0.31178526485667507,0.05864957720041275,0.16666666666666666,0.6620587621416364,1.0,0.9441842920835146,0.8253943549262153,0.2517153643439799,0.5459916711004094,0.9315164201826881,0.8333333333333334,0.7246525020634951,0.2753474979365049,0.7246525020634951,0.9907120743034056,0.9907120743034056,0.089288839589226,0.12967075639326966,0.9999989906260188,klt,n/a,0,nan,n/a,nan,n/a,n/a,n/a,n/a,n/a,n/a,n/a,False,n/a,False,n/a,False,n/a,0,0,0,0,nan,nan,nan,nan,nan,nan,nan,nan,nan,nan,0,nan,0,False,n/a,0.0,klt,healthy,normal,healthy,0.684028856018779,n/a,323,27,0,0,0,0,0,0,0,0,0,0,0,0,0,0,0,0,0,0,0,0,0,0,0,0.0,0.0,0.0,692.068955861032
2405,raw_data/images_sequence_6/frame002405.png,350,24,24,0.06857142857142857,350,326,0.9166666666666666,22,24,27.0,48.91143035888672,0.8342857142857143,0.016437292098999023,0.8553412556648254,0.42233771085739136,0.42571142315864563,1.536940336227417,1.6334726810455322,0.0,nan,nan,93.912841796875,37.16335678100586,18.56355857849121,614.4181518554688,0.02233987603305785,0.0,0.31197207282571227,0.05865807086229324,0.16666666666666666,0.6629842349461147,1.0,0.9441503099173554,0.8258523729112414,0.2512670252182906,0.5462399838699235,0.9316265224010439,0.8333333333333334,0.724880626566591,0.275119373433409,0.724880626566591,0.99079754601227,0.99079754601227,0.12395320190113855,0.1394118204274153,0.999998990713093,klt,n/a,0,nan,n/a,nan,n/a,n/a,n/a,n/a,n/a,n/a,n/a,False,n/a,False,n/a,False,n/a,0,0,0,0,nan,nan,nan,nan,nan,nan,nan,nan,nan,nan,0,nan,0,False,n/a,0.0,klt,healthy,normal,healthy,0.6836392134574132,n/a,326,24,0,0,0,0,0,0,0,0,0,0,0,0,0,0,0,0,0,0,0,0,0,0,0,0.0,0.0,0.0,702.4703961797059
2406,raw_data/images_sequence_6/frame002406.png,350,18,18,0.05142857142857143,350,332,0.9166666666666666,22,24,27.0,49.577144622802734,0.8571428571428571,0.016085058450698853,0.8508865833282471,0.4007314443588257,0.41972264647483826,1.5777292251586914,1.6469330787658691,0.0,nan,nan,93.917236328125,37.174835205078125,18.55537223815918,611.6627807617188,0.022265115267507612,0.0,0.3116926754222197,0.05874218791723251,0.16666666666666666,0.6626918656485421,1.0,0.944337211831231,0.8261074490017362,0.2519375789866728,0.5465586970400329,0.9310423689647673,0.8333333333333334,0.7249664165834594,0.2750335834165406,0.7249664165834594,0.9969879518072289,0.9427710843373494,0.23568699402369944,0.12941451936477522,0.945618386872192,klt,n/a,0,nan,n/a,nan,n/a,n/a,n/a,n/a,n/a,n/a,n/a,False,n/a,False,n/a,False,n/a,0,0,0,0,nan,nan,nan,nan,nan,nan,nan,nan,nan,nan,0,nan,0,False,n/a,0.0,klt,healthy,normal,healthy,0.6767913594260873,n/a,332,18,0,0,0,0,0,0,0,0,0,0,0,0,0,0,0,0,0,0,0,0,0,0,0,0.0,0.0,0.0,689.1888729296625
2407,raw_data/images_sequence_6/frame002407.png,350,23,23,0.06571428571428571,350,327,0.875,21,24,27.0,49.39714431762695,0.8314285714285714,0.015975775197148323,0.8484294414520264,0.41903913021087646,0.4211123287677765,1.5429632663726807,1.6494464874267578,0.0,nan,nan,93.76693725585938,37.125572204589844,18.525571823120117,613.9112548828125,0.022256619725967812,0.0,0.31189691431382116,0.058788638561964035,0.16666666666666666,0.6616275651114327,1.0,0.9443584506850805,0.8250127156575521,0.2514474056468292,0.546116900015058,0.9310882448890823,0.8333333333333334,0.7244845637713391,0.2755154362286609,0.7244845637713391,0.9969418960244648,0.9694189602446484,0.07852476014166385,0.12803003235811816,0.9723916626623507,klt,n/a,0,nan,n/a,nan,n/a,n/a,n/a,n/a,n/a,n/a,n/a,False,n/a,False,n/a,False,n/a,0,0,0,0,nan,nan,nan,nan,nan,nan,nan,nan,nan,nan,0,nan,0,False,n/a,0.0,klt,healthy,normal,healthy,0.6840944849801851,n/a,327,23,0,0,0,0,0,0,0,0,0,0,0,0,0,0,0,0,0,0,0,0,0,0,0,0.0,0.0,0.0,701.3537702150643
2408,raw_data/images_sequence_6/frame002408.png,350,19,19,0.054285714285714284,350,331,0.875,21,24,27.0,50.02000045776367,0.84,0.014506785199046135,0.8398274183273315,0.3992982506752014,0.4149838984012604,1.5805504322052002,1.655681848526001,0.0,nan,nan,93.79473114013672,37.03841781616211,18.504013061523438,612.8386840820312,0.02240444214876033,0.0,0.3103344816320082,0.05876599997282028,0.16666666666666666,0.6608576093401227,1.0,0.9439888946280992,0.8230759514702691,0.25519724408318034,0.5450970665824534,0.9318406100478469,0.8333333333333334,0.7244861543510417,0.2755138456489583,0.7244861543510417,0.9909365558912386,0.9909365558912386,0.12052380643662876,0.12936983241564223,0.9999989908546769,klt,n/a,0,nan,n/a,nan,n/a,n/a,n/a,n/a,n/a,n/a,n/a,False,n/a,False,n/a,False,n/a,0,0,0,0,nan,nan,nan,nan,nan,nan,nan,nan,nan,nan,0,nan,0,False,n/a,0.0,klt,healthy,normal,healthy,0.6840408929778842,n/a,331,19,0,0,0,0,0,0,0,0,0,0,0,0,0,0,0,0,0,0,0,0,0,0,0,0.0,0.0,0.0,705.1110551692545
2409,raw_data/images_sequence_6/frame002409.png,350,18,18,0.05142857142857143,350,332,0.9166666666666666,22,24,27.5,50.308570861816406,0.86,0.015601974911987782,0.839535653591156,0.41139906644821167,0.4126133620738983,1.5571883916854858,1.6611851453781128,0.0,nan,nan,93.6983871459961,37.04746627807617,18.47614860534668,612.6611328125,0.022346672466289692,0.0,0.3094894379260493,0.05905170738697052,0.16666666666666666,0.6598624501909528,1.0,0.9441333188342758,0.8232770284016927,0.2572253489774816,0.5458469400803247,0.9317060406698564,0.8333333333333334,0.7246745248170037,0.2753254751829963,0.7246745248170037,0.9909638554216867,0.9909638554216867,0.24806562856606953,0.15011921137767575,0.9999989908824772,klt,n/a,0,nan,n/a,nan,n/a,n/a,n/a,n/a,n/a,n/a,n/a,False,n/a,False,n/a,False,n/a,0,0,0,0,nan,nan,nan,nan,nan,nan,nan,nan,nan,nan,0,nan,0,False,n/a,0.0,klt,healthy,normal,healthy,0.6832109178194028,n/a,332,18,0,0,0,0,0,0,0,0,0,0,0,0,0,0,0,0,0,0,0,0,0,0,0,0.0,0.0,0.0,706.4064797013998
2410,raw_data/images_sequence_6/frame002410.png,350,19,19,0.054285714285714284,350,331,0.9166666666666666,22,24,28.0,50.431427001953125,0.8571428571428571,0.016606811434030533,0.8368861675262451,0.40300241112709045,0.41216209530830383,1.5732877254486084,1.6625638008117676,0.0,nan,nan,93.75670623779297,37.09498596191406,18.57486915588379,616.125732421875,0.022285504567203133,0.0,0.30947832144942944,0.05920219421386719,0.20833333333333334,0.6633881841387067,1.0,0.9442862385819921,0.8243330213758681,0.2572520285213694,0.5467169520830868,0.9319568290561113,0.7916666666666666,0.7232184396917873,0.27678156030821266,0.7232184396917873,0.9788519637462235,0.9033232628398792,0.3268745543613239,0.14904621216061434,0.9228385633964059,klt,n/a,0,nan,n/a,nan,n/a,n/a,n/a,n/a,n/a,n/a,n/a,False,n/a,False,n/a,False,n/a,0,0,0,0,nan,nan,nan,nan,nan,nan,nan,nan,nan,nan,0,nan,0,False,n/a,0.0,klt,healthy,normal,healthy,0.646497417161903,n/a,331,19,0,0,0,0,0,0,0,0,0,0,0,0,0,0,0,0,0,0,0,0,0,0,0,0.0,0.0,0.0,697.857344057411
2411,raw_data/images_sequence_6/frame002411.png,350,19,19,0.054285714285714284,350,331,0.9166666666666666,22,24,27.5,49.4571418762207,0.8685714285714285,0.016895374283194542,0.8335937261581421,0.3986378312110901,0.41366443037986755,1.5818581581115723,1.6485679149627686,0.0,nan,nan,93.66097259521484,37.053714752197266,18.548282623291016,613.2328491210938,0.022234531317964334,0.0,0.3093126424153646,0.059350673109292984,0.20833333333333334,0.6624386651175362,1.0,0.9444136717050892,0.8234158833821614,0.257649658203125,0.5465958351212921,0.9313267996955198,0.7916666666666666,0.7229181132810517,0.2770818867189483,0.7229181132810517,0.9939577039274925,0.9939577039274925,0.14602600457208398,0.13926786244137543,0.9999989939219848,klt,n/a,0,nan,n/a,nan,n/a,n/a,n/a,n/a,n/a,n/a,n/a,False,n/a,False,n/a,False,n/a,0,0,0,0,nan,nan,nan,nan,nan,nan,nan,nan,nan,nan,0,nan,0,False,n/a,0.0,klt,healthy,normal,healthy,0.6934488933454823,n/a,331,19,0,0,0,0,0,0,0,0,0,0,0,0,0,0,0,0,0,0,0,0,0,0,0,0.0,0.0,0.0,685.1965039968491
2412,raw_data/images_sequence_6/frame002412.png,350,14,14,0.04,350,336,0.9166666666666666,22,24,27.5,49.81999969482422,0.8885714285714286,0.017999393865466118,0.829189658164978,0.39943927526474,0.4086368978023529,1.5802805423736572,1.6557167768478394,0.0,nan,nan,93.53733825683594,37.040130615234375,18.520164489746094,614.5042724609375,0.022295699217050893,0.0,0.3092330214556526,0.05922085791826248,0.20833333333333334,0.6614344460623605,1.0,0.9442607519573728,0.823114013671875,0.2578407485064337,0.5461498657410795,0.9303725804697695,0.7916666666666666,0.7225585935172455,0.2774414064827545,0.7225585935172455,1.0,0.9940476190476191,0.13554281153421763,0.12438866544393365,0.9940466250009942,klt,n/a,0,nan,n/a,nan,n/a,n/a,n/a,n/a,n/a,n/a,n/a,False,n/a,False,n/a,False,n/a,0,0,0,0,nan,nan,nan,nan,nan,nan,nan,nan,nan,nan,0,nan,0,False,n/a,0.0,klt,healthy,normal,healthy,0.69404406122538,n/a,336,14,0,0,0,0,0,0,0,0,0,0,0,0,0,0,0,0,0,0,0,0,0,0,0,0.0,0.0,0.0,668.6623399145901
2413,raw_data/images_sequence_6/frame002413.png,350,14,14,0.04,350,336,0.9166666666666666,22,24,28.0,50.262855529785156,0.8857142857142857,0.015931386500597,0.834775447845459,0.40567904710769653,0.4101901650428772,1.568103551864624,1.6636273860931396,0.0,nan,nan,93.52819061279297,37.05482864379883,18.489013671875,615.1090087890625,0.022336477816441932,0.0,0.3095189203000536,0.05920999124646187,0.20833333333333334,0.6603219168526786,1.0,0.9441588054588952,0.8234406365288629,0.2571545912798713,0.5462884801882084,0.9301799015876469,0.7916666666666666,0.722249809243146,0.27775019075685403,0.722249809243146,0.9940476190476191,0.9940476190476191,0.08131739118533013,0.1399511527010937,0.9999989940129881,klt,n/a,0,nan,n/a,nan,n/a,n/a,n/a,n/a,n/a,n/a,n/a,False,n/a,False,n/a,False,n/a,0,0,0,0,nan,nan,nan,nan,nan,nan,nan,nan,nan,nan,0,nan,0,False,n/a,0.0,klt,healthy,normal,healthy,0.6934215617350936,n/a,336,14,0,0,0,0,0,0,0,0,0,0,0,0,0,0,0,0,0,0,0,0,0,0,0,0.0,0.0,0.0,687.3108083382249
2414,raw_data/images_sequence_6/frame002414.png,350,15,15,0.04285714285714286,350,335,0.9166666666666666,22,24,28.0,50.505714416503906,0.88,0.015713080763816833,0.8430508375167847,0.42391058802604675,0.4154028296470642,1.5340914726257324,1.6465039253234863,0.0,nan,nan,93.4235610961914,37.013587951660156,18.495698928833008,617.3619995117188,0.022229433993040452,0.0,0.30905868081485516,0.05922241881489754,0.20833333333333334,0.6605606760297503,1.0,0.9444264150173989,0.822524176703559,0.2582591660443476,0.545858494749274,0.929696675184863,0.7916666666666666,0.7222985228602734,0.2777014771397266,0.7222985228602734,0.9940298507462687,0.9940298507462687,0.08872587952564474,0.1353321061474109,0.999998993995006,klt,n/a,0,nan,n/a,nan,n/a,n/a,n/a,n/a,n/a,n/a,n/a,False,n/a,False,n/a,False,n/a,0,0,0,0,nan,nan,nan,nan,nan,nan,nan,nan,nan,nan,0,nan,0,False,n/a,0.0,klt,healthy,normal,healthy,0.693606323597241,n/a,335,15,0,0,0,0,0,0,0,0,0,0,0,0,0,0,0,0,0,0,0,0,0,0,0,0.0,0.0,0.0,684.0829611755908
2415,raw_data/images_sequence_6/frame002415.png,350,11,11,0.03142857142857143,350,339,0.9166666666666666,22,24,29.0,51.211429595947266,0.8857142857142857,0.014979066327214241,0.8375310897827148,0.417868971824646,0.41217800974845886,1.5451304912567139,1.6539071798324585,0.0,nan,nan,93.34230041503906,36.98976135253906,18.460102081298828,612.2244873046875,0.022390849282296652,0.0,0.30899248908547794,0.05891907960176468,0.20833333333333334,0.6592893600463867,1.0,0.9440228767942583,0.8219946967230902,0.258418026194853,0.5449043474564649,0.9291706312527186,0.7916666666666666,0.7217830512695053,0.27821694873049474,0.7217830512695053,0.9852507374631269,0.9882005899705014,0.18608820369499418,0.13489773969943727,1.0029929939681888,klt,n/a,0,nan,n/a,nan,n/a,n/a,n/a,n/a,n/a,n/a,n/a,False,n/a,False,n/a,False,n/a,0,0,0,0,nan,nan,nan,nan,nan,nan,nan,nan,nan,nan,0,nan,0,False,n/a,0.0,klt,healthy,normal,healthy,0.6936236982551599,n/a,339,11,0,0,0,0,0,0,0,0,0,0,0,0,0,0,0,0,0,0,0,0,0,0,0,0.0,0.0,0.0,682.3449940420687
2416,raw_data/images_sequence_6/frame002416.png,350,21,21,0.06,350,329,0.9166666666666666,22,24,29.0,51.27428436279297,0.8714285714285714,0.016714008525013924,0.8449652194976807,0.427873432636261,0.42877256870269775,1.5269899368286133,1.6161582469940186,0.0,nan,nan,93.29067993164062,36.96259307861328,18.42906951904297,611.037109375,0.02252677794693345,2.0389299695519792e-05,0.30803696576286765,0.05873342975974083,0.20833333333333334,0.6581810542515346,1.0,0.9436320818834276,0.8213909573025173,0.26071128216911765,0.5441805462870333,0.9289810107655503,0.7916666666666666,0.7216427023417044,0.27835729765829564,0.7216427023417044,0.9908814589665653,0.9908814589665653,0.15689971261318558,0.13398389802784078,0.9999989907985645,klt,n/a,0,nan,n/a,nan,n/a,n/a,n/a,n/a,n/a,n/a,n/a,False,n/a,False,n/a,False,n/a,0,0,0,0,nan,nan,nan,nan,nan,nan,nan,nan,nan,nan,0,nan,0,False,n/a,0.0,klt,healthy,normal,healthy,0.6936602519220237,n/a,329,21,0,0,0,0,0,0,0,0,0,0,0,0,0,0,0,0,0,0,0,0,0,0,0,0.0,0.0,0.0,678.9121315814555
2417,raw_data/images_sequence_6/frame002417.png,350,17,17,0.04857142857142857,350,333,0.9166666666666666,22,24,29.0,51.78285598754883,0.8857142857142857,0.017026208341121674,0.8430113792419434,0.43185368180274963,0.4249931871891022,1.5199525356292725,1.6320360898971558,0.0,nan,nan,93.25138092041016,37.0468635559082,18.481353759765625,617.7437744140625,0.02253867170508917,8.325630709003915e-05,0.30863683513566553,0.05881289392709732,0.16666666666666666,0.660048348563058,1.0,0.943445179969552,0.8232636345757378,0.2592715956744027,0.5452974853039991,0.9279136309264898,0.8333333333333334,0.7246242339157932,0.2753757660842068,0.7246242339157932,0.996996996996997,0.990990990990991,0.12135308679933308,0.13152785746346593,0.9939749066456509,klt,n/a,0,nan,n/a,nan,n/a,n/a,n/a,n/a,n/a,n/a,n/a,False,n/a,False,n/a,False,n/a,0,0,0,0,nan,nan,nan,nan,nan,nan,nan,nan,nan,nan,0,nan,0,False,n/a,0.0,klt,healthy,normal,healthy,0.6839545719759712,n/a,333,17,0,0,0,0,0,0,0,0,0,0,0,0,0,0,0,0,0,0,0,0,0,0,0,0.0,0.0,0.0,675.3424569033086
2418,raw_data/images_sequence_6/frame002418.png,350,28,28,0.08,350,322,0.875,21,24,28.0,51.251426696777344,0.8514285714285714,0.0172942616045475,0.8463562726974487,0.44261717796325684,0.43555861711502075,1.5013980865478516,1.615261435508728,0.0,nan,nan,93.22496795654297,37.098880767822266,18.556793212890625,618.9185791015625,0.02266780393649413,0.00021918497172683776,0.30756981045592063,0.05900486558675766,0.16666666666666666,0.6627426147460938,1.0,0.9427825277294476,0.8244195726182726,0.26183245490579055,0.5463117535517673,0.9275099227925185,0.8333333333333334,0.7257321767664411,0.2742678232335589,0.7257321767664411,0.9813664596273292,0.9906832298136646,0.18572550339795768,0.13593809924884587,1.0094926422258519,klt,n/a,0,nan,n/a,nan,n/a,n/a,n/a,n/a,n/a,n/a,n/a,False,n/a,False,n/a,False,n/a,0,0,0,0,nan,nan,nan,nan,nan,nan,nan,nan,nan,nan,0,nan,0,False,n/a,0.0,klt,healthy,normal,healthy,0.683778162304556,n/a,322,28,0,0,0,0,0,0,0,0,0,0,0,0,0,0,0,0,0,0,0,0,0,0,0,0.0,0.0,0.0,671.5424391441047
2419,raw_data/images_sequence_6/frame002419.png,350,29,29,0.08285714285714285,350,321,0.875,21,24,28.0,51.37428665161133,0.8285714285714286,0.015357539057731628,0.8454490900039673,0.4387189447879791,0.4308019280433655,1.508040189743042,1.6305594444274902,0.0,nan,nan,93.19070434570312,37.063446044921875,18.4774227142334,611.473388671875,0.02267629947803393,9.005274032187907e-05,0.3085180903416054,0.05897292122244835,0.16666666666666666,0.6599079540797642,1.0,0.9430841194541105,0.8236321343315972,0.25955658318014707,0.5458454335804539,0.9269991708351457,0.8333333333333334,0.7246450242768168,0.27535497572318324,0.7246450242768168,0.9906542056074766,0.9813084112149533,0.0824784627755418,0.13508367361075949,0.990565037825858,klt,n/a,0,nan,n/a,nan,n/a,n/a,n/a,n/a,n/a,n/a,n/a,False,n/a,False,n/a,False,n/a,0,0,0,0,nan,nan,nan,nan,nan,nan,nan,nan,nan,nan,0,nan,0,False,n/a,0.0,klt,healthy,normal,healthy,0.6838123393300795,n/a,321,29,0,0,0,0,0,0,0,0,0,0,0,0,0,0,0,0,0,0,0,0,0,0,0,0.0,0.0,0.0,673.5235368832946
2420,raw_data/images_sequence_6/frame002420.png,350,29,29,0.08285714285714285,350,321,0.875,21,24,29.0,51.84000015258789,0.82,0.015040530823171139,0.8419102430343628,0.4291485548019409,0.42403939366340637,1.5247225761413574,1.6519646644592285,0.0,nan,nan,93.142333984375,36.9952507019043,18.424875259399414,612.5804443359375,0.023061997063940843,7.306165724227925e-05,0.3086625791063496,0.05877527967095375,0.20833333333333334,0.6580312592642648,1.0,0.9421623531970422,0.8221166822645399,0.25920981014476097,0.5446385222026194,0.9270328131796434,0.7916666666666666,0.7212483261688876,0.27875167383111243,0.7212483261688876,0.9844236760124611,0.9875389408099688,0.11743767778338363,0.14469126084714576,1.0031635379256465,klt,n/a,0,nan,n/a,nan,n/a,n/a,n/a,n/a,n/a,n/a,n/a,False,n/a,False,n/a,False,n/a,0,0,0,0,nan,nan,nan,nan,nan,nan,nan,nan,nan,nan,0,nan,0,False,n/a,0.0,klt,healthy,normal,healthy,0.6932319574092516,n/a,321,29,0,0,0,0,0,0,0,0,0,0,0,0,0,0,0,0,0,0,0,0,0,0,0,0.0,0.0,0.0,664.3848097883165
2421,raw_data/images_sequence_6/frame002421.png,350,31,31,0.08857142857142856,350,319,0.875,21,24,28.5,51.645713806152344,0.8028571428571428,0.015643667429685593,0.8440746665000916,0.42847496271133423,0.4293379485607147,1.5259275436401367,1.6341519355773926,0.0,nan,nan,92.99224853515625,36.99586486816406,18.43563461303711,611.7861328125,0.023158846237494563,4.0778599391039584e-05,0.30953833785711554,0.05892736837267876,0.16666666666666666,0.6584155218941825,1.0,0.942000937907786,0.8221303304036458,0.25710798914292277,0.5449910024124565,0.9269624700956938,0.8333333333333334,0.7235589539893376,0.27644104601066244,0.7235589539893376,0.9843260188087775,0.9717868338557993,0.10401378931820562,0.14404944233187864,0.9872601435159688,klt,n/a,0,nan,n/a,nan,n/a,n/a,n/a,n/a,n/a,n/a,n/a,False,n/a,False,n/a,False,n/a,0,0,0,0,nan,nan,nan,nan,nan,nan,nan,nan,nan,nan,0,nan,0,False,n/a,0.0,klt,healthy,normal,healthy,0.6834537085812347,n/a,319,31,0,0,0,0,0,0,0,0,0,0,0,0,0,0,0,0,0,0,0,0,0,0,0,0.0,0.0,0.0,670.3923610039055
2422,raw_data/images_sequence_6/frame002422.png,350,27,27,0.07714285714285714,350,323,0.875,21,24,29.0,51.08000183105469,0.8,0.01488562859594822,0.8371002674102783,0.4233654737472534,0.4226650893688202,1.5350769758224487,1.658254623413086,0.0,nan,nan,92.88995361328125,36.98761749267578,18.446260452270508,612.7760620117188,0.023012722923010005,5.267235754675946e-05,0.3092847322950177,0.05905769020318985,0.16666666666666666,0.6587950161525181,1.0,0.9423365117986081,0.8219470553927951,0.2577166424919576,0.5451955508854653,0.9264364261635494,0.8333333333333334,0.7237389132414653,0.27626108675853467,0.7237389132414653,0.9907120743034056,0.9690402476780186,0.11462906623587112,0.1512770609119808,0.9781240127060746,klt,n/a,0,nan,n/a,nan,n/a,n/a,n/a,n/a,n/a,n/a,n/a,False,n/a,False,n/a,False,n/a,0,0,0,0,nan,nan,nan,nan,nan,nan,nan,nan,nan,nan,0,nan,0,False,n/a,0.0,klt,healthy,normal,healthy,0.6831646038380306,n/a,323,27,0,0,0,0,0,0,0,0,0,0,0,0,0,0,0,0,0,0,0,0,0,0,0,0.0,0.0,0.0,666.8134359642863
2423,raw_data/images_sequence_6/frame002423.png,350,29,29,0.08285714285714285,350,321,0.875,21,24,28.0,50.880001068115234,0.7942857142857143,0.014592312276363373,0.8434104919433594,0.41985052824020386,0.4228740632534027,1.5414762496948242,1.6534087657928467,0.0,nan,nan,92.77107238769531,36.98093795776367,18.37577247619629,606.7086181640625,0.023150350695954763,1.8690191387559808e-05,0.30967252993116196,0.05895896255970001,0.20833333333333334,0.6562775884355817,1.0,0.9420773977816442,0.8217986212836371,0.2567859281652113,0.5448969528229549,0.9266138130709004,0.7916666666666666,0.7204806848097999,0.2795193151902001,0.7204806848097999,0.9906542056074766,0.9906542056074766,0.11888414338575759,0.15075107678359878,0.9999989905670567,klt,n/a,0,nan,n/a,nan,n/a,n/a,n/a,n/a,n/a,n/a,n/a,False,n/a,False,n/a,False,n/a,0,0,0,0,nan,nan,nan,nan,nan,nan,nan,nan,nan,nan,0,nan,0,False,n/a,0.0,klt,healthy,normal,healthy,0.6929895647717934,n/a,321,29,0,0,0,0,0,0,0,0,0,0,0,0,0,0,0,0,0,0,0,0,0,0,0,0.0,0.0,0.0,666.0162280313671
2424,raw_data/images_sequence_6/frame002424.png,350,23,23,0.06571428571428571,350,327,0.875,21,24,29.0,51.57428741455078,0.8,0.015254486352205276,0.8395445346832275,0.41937053203582764,0.4157659113407135,1.542353630065918,1.6650928258895874,0.0,nan,nan,92.61446380615234,36.858863830566406,18.27698516845703,604.6787719726562,0.023039908655937365,0.0,0.3095415496826172,0.058870114386081696,0.20833333333333334,0.6527494703020368,1.0,0.9424002283601566,0.8190858629014757,0.25710028076171876,0.5433386459645598,0.9265801707264028,0.7916666666666666,0.7192727014838157,0.2807272985161843,0.7192727014838157,0.9785932721712538,0.9938837920489296,0.1425924317577309,0.14786271728174627,1.0156239621592635,klt,n/a,0,nan,n/a,nan,n/a,n/a,n/a,n/a,n/a,n/a,n/a,False,n/a,False,n/a,False,n/a,0,0,0,0,nan,nan,nan,nan,nan,nan,nan,nan,nan,nan,0,nan,0,False,n/a,0.0,klt,healthy,normal,healthy,0.6931050991518675,n/a,327,23,0,0,0,0,0,0,0,0,0,0,0,0,0,0,0,0,0,0,0,0,0,0,0,0.0,0.0,0.0,663.9690552838147
2425,raw_data/images_sequence_6/frame002425.png,350,25,25,0.07142857142857142,350,325,0.9166666666666666,22,24,29.0,51.68000030517578,0.8257142857142857,0.017068617045879364,0.8429662585258484,0.42424458265304565,0.4179280400276184,1.5334887504577637,1.6560548543930054,0.0,nan,nan,92.46218872070312,36.84995651245117,18.304561614990234,604.9815063476562,0.022977041648542845,0.0,0.3094953664143879,0.05904103070497513,0.20833333333333334,0.6537343433925084,1.0,0.9425573958786428,0.818887922498915,0.257211120605469,0.5436281219425828,0.9250540316441931,0.7916666666666666,0.719443167168186,0.280556832831814,0.719443167168186,0.9938461538461538,0.9938461538461538,0.08329135574790031,0.15536135594413583,0.9999989938090619,klt,n/a,0,nan,n/a,nan,n/a,n/a,n/a,n/a,n/a,n/a,n/a,False,n/a,False,n/a,False,n/a,0,0,0,0,nan,nan,nan,nan,nan,nan,nan,nan,nan,nan,0,nan,0,False,n/a,0.0,klt,healthy,normal,healthy,0.6928051536053719,n/a,325,25,0,0,0,0,0,0,0,0,0,0,0,0,0,0,0,0,0,0,0,0,0,0,0,0.0,0.0,0.0,659.4962934032083
2426,raw_data/images_sequence_6/frame002426.png,350,23,23,0.06571428571428571,350,327,0.9583333333333334,23,24,30.0,52.022857666015625,0.8314285714285714,0.0180472694337368,0.8411059379577637,0.42489683628082275,0.4137532114982605,1.532324194908142,1.6758983135223389,0.0,nan,nan,92.47500610351562,36.93259048461914,18.267845153808594,604.2894897460938,0.022951555023923445,0.0,0.3109025424134497,0.05878858268260956,0.20833333333333334,0.6524230412074498,1.0,0.9426211124401914,0.8207242329915364,0.25383389820772073,0.5439725316835172,0.9273447694649848,0.7916666666666666,0.7190886462364484,0.2809113537635516,0.7190886462364484,0.9908256880733946,0.9908256880733946,0.12346033655680683,0.1517697019105032,0.9999989907417594,klt,n/a,0,nan,n/a,nan,n/a,n/a,n/a,n/a,n/a,n/a,n/a,False,n/a,False,n/a,False,n/a,0,0,0,0,nan,nan,nan,nan,nan,nan,nan,nan,nan,nan,0,nan,0,False,n/a,0.0,klt,healthy,normal,healthy,0.6929488197667172,n/a,327,23,0,0,0,0,0,0,0,0,0,0,0,0,0,0,0,0,0,0,0,0,0,0,0,0.0,0.0,0.0,674.5567782782018
2427,raw_data/images_sequence_6/frame002427.png,350,26,26,0.07428571428571429,350,324,0.9583333333333334,23,24,30.0,51.97428512573242,0.8257142857142857,0.01700756326317787,0.8480967879295349,0.44015079736709595,0.4214194118976593,1.505589485168457,1.658448338508606,0.0,nan,nan,92.34156036376953,36.785091400146484,18.232315063476562,602.0463256835938,0.022829219225750326,0.0,0.3083365945255055,0.05894231051206589,0.20833333333333334,0.6511541094098773,1.0,0.9429269519356241,0.8174464755588108,0.25999217313878686,0.5426830343977369,0.9270266963897347,0.7916666666666666,0.7191411855200478,0.2808588144799522,0.7191411855200478,0.9845679012345679,0.9444444444444444,0.12398107352870093,0.15621042999067244,0.9592466746209323,klt,n/a,0,nan,n/a,nan,n/a,n/a,n/a,n/a,n/a,n/a,n/a,False,n/a,False,n/a,False,n/a,0,0,0,0,nan,nan,nan,nan,nan,nan,nan,nan,nan,nan,0,nan,0,False,n/a,0.0,klt,healthy,normal,healthy,0.6879100795323992,n/a,324,26,0,0,0,0,0,0,0,0,0,0,0,0,0,0,0,0,0,0,0,0,0,0,0,0.0,0.0,0.0,678.212400060147
2428,raw_data/images_sequence_6/frame002428.png,350,20,20,0.05714285714285714,350,330,0.9583333333333334,23,24,31.0,51.908573150634766,0.8285714285714286,0.01729639619588852,0.8467710018157959,0.4048519432544708,0.41187596321105957,1.5696990489959717,1.6743110418319702,0.0,nan,nan,92.27554321289062,36.9383659362793,18.236040115356445,602.1672973632812,0.02323700521966072,0.0,0.30974372863769534,0.05859409272670746,0.20833333333333334,0.651287146977016,1.0,0.9419074869508481,0.8208525763617621,0.2566150512695312,0.5435946807415798,0.9215124102870813,0.7916666666666666,0.7187625934164055,0.28123740658359453,0.7187625934164055,0.9818181818181818,0.9878787878787879,0.09658455122640779,0.15413657570563477,1.0061718147015468,klt,n/a,0,nan,n/a,nan,n/a,n/a,n/a,n/a,n/a,n/a,n/a,False,n/a,False,n/a,False,n/a,0,0,0,0,nan,nan,nan,nan,nan,nan,nan,nan,nan,nan,0,nan,0,False,n/a,0.0,klt,healthy,normal,healthy,0.6928541448149119,n/a,330,20,0,0,0,0,0,0,0,0,0,0,0,0,0,0,0,0,0,0,0,0,0,0,0,0.0,0.0,0.0,659.8162250593305
2429,raw_data/images_sequence_6/frame002429.png,350,25,25,0.07142857142857142,350,325,0.9583333333333334,23,24,31.5,52.47999954223633,0.8428571428571429,0.01575455442070961,0.8463112115859985,0.4227309823036194,0.42537742853164673,1.5362253189086914,1.6448265314102173,0.0,nan,nan,92.15780639648438,36.921226501464844,18.25870132446289,603.2469482421875,0.02324550076120052,0.0,0.3101760654823454,0.059089042246341705,0.25,0.6520964758736747,1.0,0.9418862480969987,0.8204717000325521,0.25557744284237105,0.5445291278488709,0.92151852707699,0.75,0.7163596274321704,0.2836403725678296,0.7163596274321704,0.9907692307692307,0.9907692307692307,0.08733003167503264,0.15051749246954962,0.9999989906842485,klt,n/a,0,nan,n/a,nan,n/a,n/a,n/a,n/a,n/a,n/a,n/a,False,n/a,False,n/a,False,n/a,0,0,0,0,nan,nan,nan,nan,nan,nan,nan,nan,nan,nan,0,nan,0,False,n/a,0.0,klt,healthy,normal,healthy,0.7028028297129828,n/a,325,25,0,0,0,0,0,0,0,0,0,0,0,0,0,0,0,0,0,0,0,0,0,0,0,0.0,0.0,0.0,665.6809207051992
2430,raw_data/images_sequence_6/frame002430.png,350,20,20,0.05714285714285714,350,330,0.9583333333333334,23,24,32.0,52.51142883300781,0.8457142857142858,0.017640050500631332,0.8527077436447144,0.42365261912345886,0.427077978849411,1.5345573425292969,1.638797402381897,0.0,nan,nan,92.0964584350586,37.00276565551758,18.338314056396484,613.0471801757812,0.023225111461505,8.495541539799914e-05,0.3104528913310931,0.059116918593645096,0.20833333333333334,0.6549397877284459,1.0,0.9417248328077426,0.822283681233724,0.25491306080537657,0.5454984737842372,0.9206377093301435,0.7916666666666666,0.7196536829119039,0.2803463170880961,0.7196536829119039,0.9787878787878788,0.9848484848484849,0.0889666349274709,0.14505638283562816,1.0061909224674785,klt,n/a,0,nan,n/a,nan,n/a,n/a,n/a,n/a,n/a,n/a,n/a,False,n/a,False,n/a,False,n/a,0,0,0,0,nan,nan,nan,nan,nan,nan,nan,nan,nan,nan,0,nan,0,False,n/a,0.0,klt,healthy,normal,healthy,0.6932173525297123,n/a,330,20,0,0,0,0,0,0,0,0,0,0,0,0,0,0,0,0,0,0,0,0,0,0,0,0.0,0.0,0.0,674.440492875874
2431,raw_data/images_sequence_6/frame002431.png,350,20,20,0.05714285714285714,350,330,0.9583333333333334,23,24,33.0,53.26571273803711,0.86,0.015359582379460335,0.8510206341743469,0.422230064868927,0.42385175824165344,1.5371342897415161,1.649997353553772,0.0,nan,nan,91.97470092773438,36.985694885253906,18.230432510375977,604.417724609375,0.02331686331013484,2.0389299695519792e-05,0.3109332754097733,0.05910775810480118,0.20833333333333334,0.6510868753705706,1.0,0.9416568684754241,0.8219043307834202,0.25376013901654415,0.5452879792662582,0.9236624619399739,0.7916666666666666,0.7187471811832524,0.2812528188167476,0.7187471811832524,0.9848484848484849,0.9878787878787879,0.10618143546959984,0.1447361132972033,1.0030759045690816,klt,n/a,0,nan,n/a,nan,n/a,n/a,n/a,n/a,n/a,n/a,n/a,False,n/a,False,n/a,False,n/a,0,0,0,0,nan,nan,nan,nan,nan,nan,nan,nan,nan,nan,0,nan,0,False,n/a,0.0,klt,healthy,normal,healthy,0.6932301633112492,n/a,330,20,0,0,0,0,0,0,0,0,0,0,0,0,0,0,0,0,0,0,0,0,0,0,0,0.0,0.0,0.0,684.8079618066549
2432,raw_data/images_sequence_6/frame002432.png,350,21,21,0.06,350,329,0.9583333333333334,23,24,33.0,53.605712890625,0.8514285714285714,0.01562970131635666,0.8508310914039612,0.42406725883483887,0.4222482740879059,1.533808708190918,1.6478142738342285,0.0,nan,nan,91.7855224609375,36.94993209838867,18.164194107055664,600.9271850585938,0.023112970313179642,0.0,0.3112303715126187,0.05888151749968529,0.25,0.6487212181091309,1.0,0.9422175742170509,0.8211096021864149,0.2530471083697152,0.5443764317743104,0.9197691251631144,0.75,0.715255843646889,0.284744156353111,0.715255843646889,0.9848024316109423,0.8875379939209727,0.20825914962753875,0.16838906369171716,0.9012336527596551,klt,n/a,0,nan,n/a,nan,n/a,n/a,n/a,n/a,n/a,n/a,n/a,False,n/a,False,n/a,False,n/a,0,0,0,0,nan,nan,nan,nan,nan,nan,nan,nan,nan,nan,0,nan,0,False,n/a,0.0,klt,healthy,normal,healthy,0.637167112125927,n/a,329,21,0,0,0,0,0,0,0,0,0,0,0,0,0,0,0,0,0,0,0,0,0,0,0,0.0,0.0,0.0,708.4981808438897
2433,raw_data/images_sequence_6/frame002433.png,350,20,20,0.05714285714285714,350,330,0.9583333333333334,23,24,34.0,54.42856979370117,0.8742857142857143,0.016983021050691605,0.8463489413261414,0.41779547929763794,0.41557812690734863,1.5452618598937988,1.6691495180130005,0.0,nan,nan,91.61795806884766,37.00083923339844,18.14657974243164,600.7110595703125,0.02356323401478904,0.0,0.31190881616928995,0.058813512325286865,0.25,0.6480921336582729,1.0,0.9410919149630274,0.8222408718532986,0.25141884119370417,0.5447875093932104,0.9234820166376686,0.75,0.7151622637153432,0.2848377362846568,0.7151622637153432,0.9757575757575757,0.9878787878787879,0.12737695405149865,0.1439129496097023,1.0124213226737997,klt,n/a,0,nan,n/a,nan,n/a,n/a,n/a,n/a,n/a,n/a,n/a,False,n/a,False,n/a,False,n/a,0,0,0,0,nan,nan,nan,nan,nan,nan,nan,nan,nan,nan,0,nan,0,False,n/a,0.0,klt,healthy,normal,healthy,0.7030670114273767,n/a,330,20,0,0,0,0,0,0,0,0,0,0,0,0,0,0,0,0,0,0,0,0,0,0,0,0.0,0.0,0.0,673.5743209719658
2434,raw_data/images_sequence_6/frame002434.png,350,20,20,0.05714285714285714,350,330,0.9166666666666666,22,24,35.0,54.880001068115234,0.86,0.016214989125728607,0.8389378786087036,0.4062432646751404,0.40987634658813477,1.5670174360275269,1.6752623319625854,0.0,nan,nan,91.47097778320312,37.028568267822266,18.160972595214844,600.039306640625,0.023651587646802957,0.0,0.31332074333639703,0.05876282975077629,0.25,0.6486061641148159,1.0,0.9408710308829926,0.8228570726182726,0.24803021599264718,0.5449804221063551,0.9185335336015659,0.75,0.7145746214332386,0.2854253785667614,0.7145746214332386,0.9848484848484849,0.9848484848484849,0.13070997241453763,0.1528911683368705,0.9999989846164156,klt,n/a,0,nan,n/a,nan,n/a,n/a,n/a,n/a,n/a,n/a,n/a,False,n/a,False,n/a,False,n/a,0,0,0,0,nan,nan,nan,nan,nan,nan,nan,nan,nan,nan,0,nan,0,False,n/a,0.0,klt,healthy,normal,healthy,0.70270788267829,n/a,330,20,0,0,0,0,0,0,0,0,0,0,0,0,0,0,0,0,0,0,0,0,0,0,0,0.0,0.0,0.0,677.4140866473317
2435,raw_data/images_sequence_6/frame002435.png,350,24,24,0.06857142857142857,350,326,0.9166666666666666,22,24,35.5,55.2457160949707,0.8571428571428571,0.014640260487794876,0.8406935930252075,0.4162563681602478,0.4131072163581848,1.5481098890304565,1.6729371547698975,0.0,nan,nan,91.35363006591797,37.00518035888672,18.124631881713867,599.8404541015625,0.023870772618529795,0.0,0.3122934244193283,0.0588800385594368,0.25,0.6473082814897809,1.0,0.9403230684536755,0.8223373413085937,0.25049578139361217,0.5449869401075623,0.922842812092214,0.75,0.7147654820327701,0.2852345179672299,0.7147654820327701,0.9846625766871165,0.9723926380368099,0.1272615430353371,0.1568918862835641,0.9875379378898201,klt,n/a,0,nan,n/a,nan,n/a,n/a,n/a,n/a,n/a,n/a,n/a,False,n/a,False,n/a,False,n/a,0,0,0,0,nan,nan,nan,nan,nan,nan,nan,nan,nan,nan,0,nan,0,False,n/a,0.0,klt,healthy,normal,healthy,0.7025478539604222,n/a,326,24,0,0,0,0,0,0,0,0,0,0,0,0,0,0,0,0,0,0,0,0,0,0,0,0.0,0.0,0.0,678.5038178786635
2436,raw_data/images_sequence_6/frame002436.png,350,23,23,0.06571428571428571,350,327,0.875,21,24,36.5,55.97142791748047,0.8571428571428571,0.03373356908559799,0.835038423538208,0.4225844144821167,0.413836270570755,1.536494493484497,1.6701359748840332,0.0,nan,nan,93.30686950683594,37.900421142578125,18.60814094543457,631.9959716796875,0.02339162407568508,0.0,0.31932068918265555,0.05902848392724991,0.20833333333333334,0.6645764623369489,1.0,0.9415209398107873,0.8422315809461806,0.23363034596162668,0.5552714357622947,0.9227724690082645,0.7916666666666666,0.7224642930715639,0.2775357069284361,0.7224642930715639,0.981651376146789,0.9847094801223242,0.20650934556089892,0.2346928261221735,1.0031142429334658,klt,n/a,0,nan,n/a,nan,n/a,n/a,n/a,n/a,n/a,n/a,n/a,False,n/a,False,n/a,False,n/a,0,0,0,0,nan,nan,nan,nan,nan,nan,nan,nan,nan,nan,0,nan,0,False,n/a,0.0,klt,healthy,normal,healthy,0.6896318947982504,n/a,327,23,0,0,0,0,0,0,0,0,0,0,0,0,0,0,0,0,0,0,0,0,0,0,0,0.0,0.0,0.0,690.4612984508276
2437,raw_data/images_sequence_6/frame002437.png,350,25,25,0.07142857142857142,350,325,0.875,21,24,37.0,56.2542839050293,0.84,0.016039129346609116,0.8442899584770203,0.43940508365631104,0.42747053503990173,1.5068652629852295,1.6359598636627197,0.0,nan,nan,93.22433471679688,37.919395446777344,18.614736557006836,631.0588989257812,0.02354284471509352,0.0,0.320414908914005,0.059549666941165924,0.20833333333333334,0.6648120198931012,1.0,0.9411428882122662,0.8426532321506076,0.2310042186063881,0.5566667682143173,0.9230966588734232,0.7916666666666666,0.722340581143045,0.277659418856955,0.722340581143045,0.9876923076923076,0.9876923076923076,0.12871545885194208,0.1419965896492632,0.9999989875399659,klt,n/a,0,nan,n/a,nan,n/a,n/a,n/a,n/a,n/a,n/a,n/a,False,n/a,False,n/a,False,n/a,0,0,0,0,nan,nan,nan,nan,nan,nan,nan,nan,nan,nan,0,nan,0,False,n/a,0.0,klt,healthy,normal,healthy,0.6933397442571668,n/a,325,25,0,0,0,0,0,0,0,0,0,0,0,0,0,0,0,0,0,0,0,0,0,0,0,0.0,0.0,0.0,675.231178291142
2438,raw_data/images_sequence_6/frame002438.png,350,20,20,0.05714285714285714,350,330,0.875,21,24,38.0,56.72285842895508,0.8457142857142858,0.016767241060733795,0.838302493095398,0.4140019416809082,0.42141035199165344,1.552297830581665,1.6481785774230957,0.0,nan,nan,93.09695434570312,37.95252990722656,18.589405059814453,629.7479248046875,0.023733144845585037,0.0,0.32121756160960474,0.05895359814167023,0.20833333333333334,0.6639073235648019,1.0,0.9406671378860374,0.8433895534939236,0.22907785213694865,0.5556802270689396,0.9235217757720748,0.7916666666666666,0.7218102472436219,0.27818975275637814,0.7218102472436219,0.9878787878787879,0.9878787878787879,0.1309260152805753,0.15233774211629497,0.999998987731086,klt,n/a,0,nan,n/a,nan,n/a,n/a,n/a,n/a,n/a,n/a,n/a,False,n/a,False,n/a,False,n/a,0,0,0,0,nan,nan,nan,nan,nan,nan,nan,nan,nan,nan,0,nan,0,False,n/a,0.0,klt,healthy,normal,healthy,0.6929260981584855,n/a,330,20,0,0,0,0,0,0,0,0,0,0,0,0,0,0,0,0,0,0,0,0,0,0,0,0.0,0.0,0.0,690.0125755928457
2439,raw_data/images_sequence_6/frame002439.png,350,26,26,0.07428571428571429,350,324,0.875,21,24,36.5,56.43714141845703,0.8314285714285714,0.014635622501373291,0.8405056595802307,0.4281497597694397,0.42355093359947205,1.5264956951141357,1.648389220237732,0.0,nan,nan,92.95049285888672,37.92189407348633,18.581647872924805,627.1195678710938,0.023688968029578077,0.0,0.3211746619729435,0.05910724401473999,0.20833333333333334,0.6636302811758858,1.0,0.9407775799260548,0.8427087571885851,0.22918081126493572,0.555689024082338,0.9227847025880818,0.7916666666666666,0.7216521009347081,0.2783478990652919,0.7216521009347081,0.9845679012345679,0.9506172839506173,0.09542443659465494,0.1445335383438538,0.9655162607295659,klt,n/a,0,nan,n/a,nan,n/a,n/a,n/a,n/a,n/a,n/a,n/a,False,n/a,False,n/a,False,n/a,0,0,0,0,nan,nan,nan,nan,nan,nan,nan,nan,nan,nan,0,nan,0,False,n/a,0.0,klt,healthy,normal,healthy,0.6932382663093832,n/a,324,26,0,0,0,0,0,0,0,0,0,0,0,0,0,0,0,0,0,0,0,0,0,0,0,0.0,0.0,0.0,686.3386100158095
2440,raw_data/images_sequence_6/frame002440.png,350,22,22,0.06285714285714286,350,328,0.875,21,24,36.0,56.31428527832031,0.8371428571428572,0.015628322958946228,0.8438217639923096,0.42491257190704346,0.42117834091186523,1.5322911739349365,1.651167631149292,0.0,nan,nan,92.81378936767578,37.90743637084961,18.52182388305664,626.5992431640625,0.023722950195737277,0.0,0.3217956901999081,0.05877343937754631,0.20833333333333334,0.6614937101091657,1.0,0.9406926245106568,0.8423874749077691,0.22769034352022055,0.5547697360392171,0.923011023814702,0.7916666666666666,0.7208279060006465,0.2791720939993535,0.7208279060006465,0.9908536585365854,0.9847560975609756,0.19708262173996283,0.16153015950598587,0.9938451508270477,klt,n/a,0,nan,n/a,nan,n/a,n/a,n/a,n/a,n/a,n/a,n/a,False,n/a,False,n/a,False,n/a,0,0,0,0,nan,nan,nan,nan,nan,nan,nan,nan,nan,nan,0,nan,0,False,n/a,0.0,klt,healthy,normal,healthy,0.6925584014628979,n/a,328,22,0,0,0,0,0,0,0,0,0,0,0,0,0,0,0,0,0,0,0,0,0,0,0,0.0,0.0,0.0,672.4102259613574
2441,raw_data/images_sequence_6/frame002441.png,350,18,18,0.05142857142857143,350,332,0.9166666666666666,22,24,36.5,57.111427307128906,0.86,0.014720174483954906,0.8423755168914795,0.4128909707069397,0.41949889063835144,1.5543804168701172,1.6538258790969849,0.0,nan,nan,92.6565933227539,37.848533630371094,18.49602508544922,626.6325073242188,0.023792613636363636,0.0,0.32167192795697375,0.05858927220106125,0.25,0.6605723244803292,1.0,0.9405184659090909,0.8410785251193577,0.22798737290326299,0.5536966993802726,0.9225155638321009,0.75,0.7178303202711019,0.28216967972889806,0.7178303202711019,0.9879518072289156,0.9909638554216867,0.32762000502647326,0.13508934911086334,1.0030477652077499,klt,n/a,0,nan,n/a,nan,n/a,n/a,n/a,n/a,n/a,n/a,n/a,False,n/a,False,n/a,False,n/a,0,0,0,0,nan,nan,nan,nan,nan,nan,nan,nan,nan,nan,0,nan,0,False,n/a,0.0,klt,healthy,normal,healthy,0.7034199554473303,n/a,332,18,0,0,0,0,0,0,0,0,0,0,0,0,0,0,0,0,0,0,0,0,0,0,0,0.0,0.0,0.0,664.3512011505663
2442,raw_data/images_sequence_6/frame002442.png,350,20,20,0.05714285714285714,350,330,0.9166666666666666,22,24,36.0,57.248573303222656,0.8485714285714285,0.017715010792016983,0.8435038328170776,0.42865657806396484,0.4188202917575836,1.5255951881408691,1.660745620727539,0.0,nan,nan,92.54537963867188,37.81095504760742,18.49236488342285,626.22265625,0.023753534145280558,0.0,0.3220315312404259,0.058537669479846954,0.25,0.6604416029793876,1.0,0.9406161646367986,0.8402434455023872,0.22712432502297786,0.5531618806599367,0.922292301000435,0.75,0.717514675114603,0.282485324885397,0.717514675114603,0.996969696969697,0.990909090909091,0.11477919587612044,0.15647646115522207,0.9939199757033679,klt,n/a,0,nan,n/a,nan,n/a,n/a,n/a,n/a,n/a,n/a,n/a,False,n/a,False,n/a,False,n/a,0,0,0,0,nan,nan,nan,nan,nan,nan,nan,nan,nan,nan,0,nan,0,False,n/a,0.0,klt,healthy,normal,healthy,0.7025644709655559,n/a,330,20,0,0,0,0,0,0,0,0,0,0,0,0,0,0,0,0,0,0,0,0,0,0,0,0.0,0.0,0.0,679.7440513037145
2443,raw_data/images_sequence_6/frame002443.png,350,27,27,0.07714285714285714,350,323,0.9166666666666666,22,24,32.0,56.880001068115234,0.8514285714285714,0.014621851965785027,0.8485813140869141,0.4369845688343048,0.43311622738838196,1.5110244750976562,1.6190354824066162,0.0,nan,nan,92.34830474853516,37.81553268432617,18.486143112182617,624.2174072265625,0.023858878860374074,0.0,0.32227275025610835,0.058168135583400726,0.25,0.6602193968636649,1.0,0.9403528028490649,0.8403451707628038,0.22654539938534002,0.5523728935254945,0.9211484612875163,0.75,0.7172020349576885,0.28279796504231147,0.7172020349576885,0.9876160990712074,0.9876160990712074,0.15266281785095814,0.14488441200619587,0.9999989874618402,klt,n/a,0,nan,n/a,nan,n/a,n/a,n/a,n/a,n/a,n/a,n/a,False,n/a,False,n/a,False,n/a,0,0,0,0,nan,nan,nan,nan,nan,nan,nan,nan,nan,nan,0,nan,0,False,n/a,0.0,klt,healthy,normal,healthy,0.703028152931517,n/a,323,27,0,0,0,0,0,0,0,0,0,0,0,0,0,0,0,0,0,0,0,0,0,0,0,0.0,0.0,0.0,688.5505192913115
2444,raw_data/images_sequence_6/frame002444.png,350,18,18,0.05142857142857143,350,332,0.9166666666666666,22,24,32.0,57.1971435546875,0.8457142857142858,0.016860518604516983,0.8490467667579651,0.4246785044670105,0.4199611246585846,1.532710075378418,1.6529828310012817,0.0,nan,nan,92.13536834716797,37.8039665222168,18.428104400634766,621.8170776367188,0.023904754784688995,0.0,0.3221479827282476,0.057930804789066315,0.25,0.658146585736956,1.0,0.9402381130382775,0.8400881449381511,0.22684484145220585,0.5517049924442263,0.9213564321444107,0.75,0.7166756626445824,0.2833243373554176,0.7166756626445824,0.9879518072289156,0.9849397590361446,0.11365397959907005,0.13833084269918333,0.9969502104040554,klt,n/a,0,nan,n/a,nan,n/a,n/a,n/a,n/a,n/a,n/a,n/a,False,n/a,False,n/a,False,n/a,0,0,0,0,nan,nan,nan,nan,nan,nan,nan,nan,nan,nan,0,nan,0,False,n/a,0.0,klt,healthy,normal,healthy,0.7032902957037974,n/a,332,18,0,0,0,0,0,0,0,0,0,0,0,0,0,0,0,0,0,0,0,0,0,0,0,0.0,0.0,0.0,678.055324126035
2445,raw_data/images_sequence_6/frame002445.png,350,19,19,0.054285714285714284,350,331,0.9166666666666666,22,24,33.0,57.40571594238281,0.8485714285714285,0.016104744747281075,0.8424636125564575,0.4225299656391144,0.4201298654079437,1.5365910530090332,1.6572637557983398,0.0,nan,nan,92.07591247558594,37.7089729309082,18.468162536621094,621.3970947265625,0.023731445737277077,0.0,0.321100773530848,0.05835053324699402,0.25,0.6595772334507534,1.0,0.9406713856568073,0.8379771762424045,0.22935814352596484,0.551603436409825,0.9220537461939974,0.75,0.7171705960215251,0.2828294039784749,0.7171705960215251,0.9818731117824774,0.9848942598187311,0.12535338291094125,0.1459359012202714,1.003075901482697,klt,n/a,0,nan,n/a,nan,n/a,n/a,n/a,n/a,n/a,n/a,n/a,False,n/a,False,n/a,False,n/a,0,0,0,0,nan,nan,nan,nan,nan,nan,nan,nan,nan,nan,0,nan,0,False,n/a,0.0,klt,healthy,normal,healthy,0.7029860933629539,n/a,331,19,0,0,0,0,0,0,0,0,0,0,0,0,0,0,0,0,0,0,0,0,0,0,0,0.0,0.0,0.0,668.0702399462461
2446,raw_data/images_sequence_6/frame002446.png,350,27,27,0.07714285714285714,350,323,0.9166666666666666,22,24,32.5,57.45428466796875,0.84,0.01566215604543686,0.8441793918609619,0.4351406991481781,0.42765748500823975,1.5142124891281128,1.6367851495742798,0.0,nan,nan,91.86152648925781,37.64458465576172,18.433256149291992,621.6617431640625,0.023734843953892998,0.0,0.3206466600006702,0.05851276218891144,0.25,0.6583305767604283,1.0,0.9406628901152675,0.8365463256835938,0.2304480159983915,0.551256713271141,0.9211668116572422,0.75,0.7167813693149039,0.2832186306850961,0.7167813693149039,0.9876160990712074,0.9907120743034056,0.10826100456487989,0.13692215084306678,1.003133780525984,klt,n/a,0,nan,n/a,nan,n/a,n/a,n/a,n/a,n/a,n/a,n/a,False,n/a,False,n/a,False,n/a,0,0,0,0,nan,nan,nan,nan,nan,nan,nan,nan,nan,nan,0,nan,0,False,n/a,0.0,klt,healthy,normal,healthy,0.7033466433780421,n/a,323,27,0,0,0,0,0,0,0,0,0,0,0,0,0,0,0,0,0,0,0,0,0,0,0,0.0,0.0,0.0,679.2702148668468
2447,raw_data/images_sequence_6/frame002447.png,350,25,25,0.07142857142857142,350,325,0.9166666666666666,22,24,32.0,57.91714096069336,0.8457142857142858,0.01573203317821026,0.8435652852058411,0.42340731620788574,0.4214155673980713,1.535001277923584,1.6601223945617676,0.0,nan,nan,91.78881072998047,37.61684799194336,18.399450302124023,620.0450439453125,0.023734843953892998,0.0,0.32081685982498465,0.05820063501596451,0.25,0.657123225075858,1.0,0.9406628901152675,0.8359299553765192,0.23003953642003683,0.550239148179088,0.9221577316224445,0.75,0.7163219477533457,0.2836780522466543,0.7163219477533457,0.9846153846153847,0.9907692307692307,0.09724097504039039,0.14080590247841737,1.0062489780283816,klt,n/a,0,nan,n/a,nan,n/a,n/a,n/a,n/a,n/a,n/a,n/a,False,n/a,False,n/a,False,n/a,0,0,0,0,nan,nan,nan,nan,nan,nan,nan,nan,nan,nan,0,nan,0,False,n/a,0.0,klt,healthy,normal,healthy,0.7031912933126281,n/a,325,25,0,0,0,0,0,0,0,0,0,0,0,0,0,0,0,0,0,0,0,0,0,0,0,0.0,0.0,0.0,680.5242360569537
2448,raw_data/images_sequence_6/frame002448.png,350,29,29,0.08285714285714285,350,321,0.875,21,24,31.5,57.79999923706055,0.8371428571428572,0.015391724184155464,0.8519943952560425,0.42124438285827637,0.4213014543056488,1.538928508758545,1.6591657400131226,0.0,nan,nan,91.54812622070312,37.520206451416016,18.351350784301758,617.9512329101562,0.023981214658547193,0.0,0.3195312081131281,0.05820675194263458,0.25,0.6554053851536342,1.0,0.940046963353632,0.8337823655870226,0.23312510052849267,0.549179255390408,0.9214359504132231,0.75,0.7158738859523094,0.2841261140476906,0.7158738859523094,0.9937694704049844,0.8130841121495327,0.14224243796131752,0.14963558409312036,0.8181809948711618,klt,n/a,0,nan,n/a,nan,n/a,n/a,n/a,n/a,n/a,n/a,n/a,False,n/a,False,n/a,False,n/a,0,0,0,0,nan,nan,nan,nan,nan,nan,nan,nan,nan,nan,0,nan,0,False,n/a,0.0,klt,healthy,normal,healthy,0.555285334678073,n/a,321,29,0,0,0,0,0,0,0,0,0,0,0,0,0,0,0,0,0,0,0,0,0,0,0,0.0,0.0,0.0,672.9672499932349
2449,raw_data/images_sequence_6/frame002449.png,350,23,23,0.06571428571428571,350,327,0.875,21,24,31.5,57.78571319580078,0.8285714285714286,0.015164507552981377,0.8401791453361511,0.4001181423664093,0.41120827198028564,1.5789340734481812,1.6789655685424805,0.0,nan,nan,91.32218933105469,37.49831008911133,18.310441970825195,614.9896850585938,0.023818100260983036,0.0,0.3199724429261451,0.058020494878292084,0.25,0.6539443561008998,1.0,0.9404547493475424,0.8332957797580295,0.23206613697725187,0.5485126509660422,0.9227143595041323,0.75,0.7153914606978549,0.28460853930214514,0.7153914606978549,0.9877675840978594,0.9908256880733946,0.14196986225971991,0.13856578816839094,1.0030949597150098,klt,n/a,0,nan,n/a,nan,n/a,n/a,n/a,n/a,n/a,n/a,n/a,False,n/a,False,n/a,False,n/a,0,0,0,0,nan,nan,nan,nan,nan,nan,nan,nan,nan,nan,0,nan,0,False,n/a,0.0,klt,healthy,normal,healthy,0.7032808978850291,n/a,327,23,0,0,0,0,0,0,0,0,0,0,0,0,0,0,0,0,0,0,0,0,0,0,0,0.0,0.0,0.0,667.3479252494872
2450,raw_data/images_sequence_6/frame002450.png,350,27,27,0.07714285714285714,350,323,0.875,21,24,32.0,57.99142837524414,0.8257142857142857,0.014447858557105064,0.8479876518249512,0.41779404878616333,0.4170563220977783,1.545258641242981,1.6640021800994873,0.0,nan,nan,91.15746307373047,37.506187438964844,18.280250549316406,619.8469848632812,0.023846985102218356,0.0,0.3207712360456878,0.05799274146556854,0.25,0.6528660910470145,1.0,0.9403825372444541,0.8334708319769966,0.23014903349034932,0.5485371011375177,0.9225033302522836,0.75,0.7148884609772054,0.2851115390227946,0.7148884609772054,0.9907120743034056,0.9814241486068112,0.09902663411350322,0.14342302553540479,0.9906240000888998,klt,n/a,0,nan,n/a,nan,n/a,n/a,n/a,n/a,n/a,n/a,n/a,False,n/a,False,n/a,False,n/a,0,0,0,0,nan,nan,nan,nan,nan,nan,nan,nan,nan,nan,0,nan,0,False,n/a,0.0,klt,healthy,normal,healthy,0.7030866083903486,n/a,323,27,0,0,0,0,0,0,0,0,0,0,0,0,0,0,0,0,0,0,0,0,0,0,0,0.0,0.0,0.0,694.6684061549604
2451,raw_data/images_sequence_6/frame002451.png,350,30,30,0.08571428571428572,350,320,0.8333333333333334,20,24,31.0,57.31428527832031,0.8057142857142857,0.015044495463371277,0.8409820795059204,0.41505706310272217,0.4179500341415405,1.5503294467926025,1.6712619066238403,0.0,nan,nan,90.94345092773438,37.44146728515625,18.313945770263672,622.3472290039062,0.023779020769899958,6.456611570247934e-05,0.32064557842179847,0.05820067971944809,0.25,0.6540694917951312,1.0,0.9403910327859939,0.8320326063368055,0.23045061178768367,0.5482905752580576,0.9222647754458461,0.75,0.7149799660976582,0.28502003390234176,0.7149799660976582,0.984375,0.9875,0.09917345965236071,0.13314866732959216,1.0031735840776288,klt,n/a,0,nan,n/a,nan,n/a,n/a,n/a,n/a,n/a,n/a,n/a,False,n/a,False,n/a,False,n/a,0,0,0,0,nan,nan,nan,nan,nan,nan,nan,nan,nan,nan,0,nan,0,False,n/a,0.0,klt,healthy,normal,healthy,0.7034975827185811,n/a,320,30,0,0,0,0,0,0,0,0,0,0,0,0,0,0,0,0,0,0,0,0,0,0,0,0.0,0.0,0.0,670.079895760864
2452,raw_data/images_sequence_6/frame002452.png,350,31,31,0.08857142857142856,350,319,0.8333333333333334,20,24,31.5,57.45428466796875,0.8171428571428572,0.0140452329069376,0.8407142162322998,0.40284743905067444,0.41541677713394165,1.5735949277877808,1.67085862159729,0.0,nan,nan,90.6908950805664,37.34077835083008,18.182024002075195,614.2098999023438,0.024035586124401914,3.568127446715963e-05,0.3202484699324066,0.05835176631808281,0.25,0.6493580000741142,1.0,0.9398218315028273,0.8297950744628906,0.23140367216222424,0.5475151879543607,0.9224024032187907,0.75,0.7136552695825534,0.28634473041744657,0.7136552695825534,0.9811912225705329,0.9937304075235109,0.3302131481137788,0.1513292816341735,1.0127785205228497,klt,n/a,0,nan,n/a,nan,n/a,n/a,n/a,n/a,n/a,n/a,n/a,False,n/a,False,n/a,False,n/a,0,0,0,0,nan,nan,nan,nan,nan,nan,nan,nan,nan,nan,0,nan,0,False,n/a,0.0,klt,healthy,normal,healthy,0.7027703581463978,n/a,319,31,0,0,0,0,0,0,0,0,0,0,0,0,0,0,0,0,0,0,0,0,0,0,0,0.0,0.0,0.0,679.2056602425873
2453,raw_data/images_sequence_6/frame002453.png,350,25,25,0.07142857142857142,350,325,0.7916666666666666,19,24,31.5,57.5,0.82,0.016374722123146057,0.833040714263916,0.3889773190021515,0.4062526226043701,1.6013288497924805,1.6947977542877197,0.0,nan,nan,90.50259399414062,37.307071685791016,18.147247314453125,614.586181640625,0.024035586124401914,0.0,0.3202729079302619,0.05849727243185043,0.25,0.648115975516183,1.0,0.9399110346889952,0.8290460374620225,0.23134502096737142,0.547471365167035,0.923775622553284,0.75,0.7133717673803557,0.2866282326196443,0.7133717673803557,0.9876923076923076,0.9907692307692307,0.16754885640970046,0.131846748062557,1.0031142491833926,klt,n/a,0,nan,n/a,nan,n/a,n/a,n/a,n/a,n/a,n/a,n/a,False,n/a,False,n/a,False,n/a,0,0,0,0,nan,nan,nan,nan,nan,nan,nan,nan,nan,nan,0,nan,0,False,n/a,0.0,klt,healthy,normal,healthy,0.7035496594892625,n/a,325,25,0,0,0,0,0,0,0,0,0,0,0,0,0,0,0,0,0,0,0,0,0,0,0,0.0,0.0,0.0,699.8879658058286
2454,raw_data/images_sequence_6/frame002454.png,350,23,23,0.06571428571428571,350,327,0.8333333333333334,20,24,32.0,56.71714401245117,0.82,0.016046922653913498,0.8341507911682129,0.39022332429885864,0.399231493473053,1.5987763404846191,1.7124031782150269,0.0,nan,nan,90.41167449951172,37.19913101196289,18.132593154907227,610.8847045898438,0.023755233253588515,2.5486624619399737e-05,0.31970618752872243,0.058283478021621704,0.25,0.6475926126752581,1.0,0.9405482003044802,0.8266473558213976,0.23270514993106617,0.545786127959839,0.9242190898216616,0.75,0.7130600432584918,0.2869399567415082,0.7130600432584918,0.9877675840978594,0.9847094801223242,0.11495202086070522,0.14562024466510318,0.9969030155192381,klt,n/a,0,nan,n/a,nan,n/a,n/a,n/a,n/a,n/a,n/a,n/a,False,n/a,False,n/a,False,n/a,0,0,0,0,nan,nan,nan,nan,nan,nan,nan,nan,nan,nan,0,nan,0,False,n/a,0.0,klt,healthy,normal,healthy,0.7029987196251606,n/a,327,23,0,0,0,0,0,0,0,0,0,0,0,0,0,0,0,0,0,0,0,0,0,0,0,0.0,0.0,0.0,701.1238699778914
2455,raw_data/images_sequence_6/frame002455.png,350,28,28,0.08,350,322,0.8333333333333334,20,24,30.5,55.737144470214844,0.8142857142857143,0.016665324568748474,0.8382908701896667,0.40388408303260803,0.4081079959869385,1.5715736150741577,1.6967719793319702,0.0,nan,nan,90.26011657714844,37.17588424682617,18.085044860839844,607.63623046875,0.023857179752066117,0.0,0.32001704197303926,0.058266617357730865,0.25,0.6458944593157087,1.0,0.9403570506198347,0.8261307610405816,0.23195909926470581,0.5454895108787701,0.924026410939539,0.75,0.7124499183075895,0.2875500816924105,0.7124499183075895,0.9875776397515528,0.9875776397515528,0.17779055634891205,0.13483610066656015,0.9999989874224089,klt,n/a,0,nan,n/a,nan,n/a,n/a,n/a,n/a,n/a,n/a,n/a,False,n/a,False,n/a,False,n/a,0,0,0,0,nan,nan,nan,nan,nan,nan,nan,nan,nan,nan,0,nan,0,False,n/a,0.0,klt,healthy,normal,healthy,0.7034300853851023,n/a,322,28,0,0,0,0,0,0,0,0,0,0,0,0,0,0,0,0,0,0,0,0,0,0,0,0.0,0.0,0.0,689.2768191173673
2456,raw_data/images_sequence_6/frame002456.png,350,32,32,0.09142857142857143,350,318,0.8333333333333334,20,24,30.0,55.888572692871094,0.8,0.02294836938381195,0.8438053131103516,0.41383570432662964,0.41615766286849976,1.552668571472168,1.6777706146240234,0.0,nan,nan,91.62274169921875,37.8392219543457,18.431392669677734,633.208251953125,0.02343070356676816,7.136254893431926e-05,0.3262827884449679,0.0584697425365448,0.25,0.658264023917062,1.0,0.9412448347107438,0.84087159898546,0.21692130773207707,0.5533215779848772,0.9231792355371901,0.75,0.7158303838782055,0.2841696161217945,0.7158303838782055,0.9779874213836478,0.9779874213836478,0.12256746619639902,0.19818170069109148,0.9999989774930069,klt,n/a,0,nan,n/a,nan,n/a,n/a,n/a,n/a,n/a,n/a,n/a,False,n/a,False,n/a,False,n/a,0,0,0,0,nan,nan,nan,nan,nan,nan,nan,nan,nan,nan,0,nan,0,False,n/a,0.0,klt,healthy,normal,healthy,0.7008962613841211,n/a,318,32,0,0,0,0,0,0,0,0,0,0,0,0,0,0,0,0,0,0,0,0,0,0,0,0.0,0.0,0.0,675.6809009239078
2457,raw_data/images_sequence_6/frame002457.png,350,26,26,0.07428571428571429,350,324,0.8333333333333334,20,24,29.5,55.97428512573242,0.8028571428571428,0.015310993418097496,0.848598301410675,0.40557861328125,0.41460296511650085,1.568296194076538,1.6818617582321167,0.0,nan,nan,91.35922241210938,37.83249282836914,18.356727600097656,627.5848388671875,0.02339672140060896,0.0,0.32708541720521217,0.058760400861501694,0.25,0.655597414289202,1.0,0.9415081964984776,0.8407220628526476,0.21499499870749084,0.5539073970206458,0.9223840528490648,0.75,0.7150102928982295,0.2849897071017705,0.7150102928982295,0.9814814814814815,0.9475308641975309,0.11702441878987974,0.14239496574811267,0.9654078214083831,klt,n/a,0,nan,n/a,nan,n/a,n/a,n/a,n/a,n/a,n/a,n/a,False,n/a,False,n/a,False,n/a,0,0,0,0,nan,nan,nan,nan,nan,nan,nan,nan,nan,nan,0,nan,0,False,n/a,0.0,klt,healthy,normal,healthy,0.7009672369546796,n/a,324,26,0,0,0,0,0,0,0,0,0,0,0,0,0,0,0,0,0,0,0,0,0,0,0,0.0,0.0,0.0,682.7600537799299
2458,raw_data/images_sequence_6/frame002458.png,350,29,29,0.08285714285714285,350,321,0.8333333333333334,20,24,28.5,56.211429595947266,0.8028571428571428,0.014076648280024529,0.8418915271759033,0.3922646641731262,0.4114246368408203,1.5946667194366455,1.6769970655441284,0.0,nan,nan,91.2586898803711,37.796417236328125,18.309236526489258,625.9009399414062,0.02325399630274032,0.0,0.32719175450942095,0.058448709547519684,0.25,0.6539013045174735,1.0,0.9418650092431492,0.8399203830295139,0.21473978917738978,0.5527981677591198,0.9222188995215311,0.75,0.7144050186537847,0.2855949813462153,0.7144050186537847,0.9844236760124611,0.9844236760124611,0.16702184132686143,0.14835017854683358,0.9999989841782471,klt,n/a,0,nan,n/a,nan,n/a,n/a,n/a,n/a,n/a,n/a,n/a,False,n/a,False,n/a,False,n/a,0,0,0,0,nan,nan,nan,nan,nan,nan,nan,nan,nan,nan,0,nan,0,False,n/a,0.0,klt,healthy,normal,healthy,0.7028895222698914,n/a,321,29,0,0,0,0,0,0,0,0,0,0,0,0,0,0,0,0,0,0,0,0,0,0,0,0.0,0.0,0.0,695.4828109592199
2459,raw_data/images_sequence_6/frame002459.png,350,31,31,0.08857142857142856,350,319,0.8333333333333334,20,24,29.0,55.92856979370117,0.8,0.013548517599701881,0.8473049402236938,0.4269862174987793,0.4205325245857239,1.5285698175430298,1.6532052755355835,0.0,nan,nan,91.1723861694336,37.80064010620117,18.27350616455078,620.7041625976562,0.023060297955632882,0.0,0.3271813411338656,0.05867975950241089,0.25,0.6526252201625279,1.0,0.9423492551109178,0.8400142245822483,0.21476478127872256,0.5533702020693307,0.9222433666811657,0.75,0.7142672616271469,0.28573273837285307,0.7142672616271469,0.9811912225705329,0.987460815047022,0.1896255260851653,0.1445176952347676,1.0063887506772797,klt,n/a,0,nan,n/a,nan,n/a,n/a,n/a,n/a,n/a,n/a,n/a,False,n/a,False,n/a,False,n/a,0,0,0,0,nan,nan,nan,nan,nan,nan,nan,nan,nan,nan,0,nan,0,False,n/a,0.0,klt,healthy,normal,healthy,0.7030428216023741,n/a,319,31,0,0,0,0,0,0,0,0,0,0,0,0,0,0,0,0,0,0,0,0,0,0,0,0.0,0.0,0.0,689.8277243599296
2460,raw_data/images_sequence_6/frame002460.png,350,23,23,0.06571428571428571,350,327,0.7916666666666666,19,24,27.5,56.262855529785156,0.82,0.014741459861397743,0.8383347988128662,0.4032557010650635,0.40674448013305664,1.5727943181991577,1.6941111087799072,0.0,nan,nan,91.088623046875,37.781436920166016,18.25769805908203,623.0106201171875,0.023017820247933883,0.0,0.32739001105813426,0.05855951085686684,0.25,0.6520606449672154,1.0,0.9424554493801653,0.8395874871148004,0.21426397346047776,0.5528835409593702,0.921882476076555,0.75,0.7139544240363679,0.2860455759636321,0.7139544240363679,0.981651376146789,0.9847094801223242,0.10198464501230539,0.13894730305438033,1.0031142429334658,klt,n/a,0,nan,n/a,nan,n/a,n/a,n/a,n/a,n/a,n/a,n/a,False,n/a,False,n/a,False,n/a,0,0,0,0,nan,nan,nan,nan,nan,nan,nan,nan,nan,nan,0,nan,0,False,n/a,0.0,klt,healthy,normal,healthy,0.7032656372895896,n/a,327,23,0,0,0,0,0,0,0,0,0,0,0,0,0,0,0,0,0,0,0,0,0,0,0,0.0,0.0,0.0,691.9411742128432
