frame_index,frame_name,num_features,added_features,dropped_features,dropout_ratio,tracked_before_filter,tracked_after_filter,grid_coverage,grid_occupied,grid_total,median_track_age,mean_track_age,long_track_ratio,median_fb_error,median_ncc,median_quality,mean_quality,median_visual_sigma,mean_visual_sigma,low_texture_feature_ratio,low_texture_track_age_median,low_texture_quality_median,mean_intensity,contrast,gradient_mean,laplacian_var,underexposed_ratio,overexposed_ratio,illumination_nonuniformity,local_contrast,flat_region_ratio,texture_score,blur_score,exposure_score,contrast_score,illumination_score,backscatter_score,highlight_shadow_score,grid_texture_score,underwater_score,degradation_score,image_quality,fundamental_inlier_ratio,homography_inlier_ratio,median_epipolar_error,median_homography_error,planar_score,tracker_mode,tracker_recovery_reason,tracker_recovered_count,track_health_score,track_health_reason,frontend_state_score,frontend_state_reason,semidense_acceptance,geometry_safe_acceptance,learned_mode_before_sparse_homography,learned_mode_after_sparse_homography,base_learned_mode_before_sparse_override,learned_mode_after_sparse_override,learned_mode_sparse_homography_allowed,learned_mode_sparse_homography_reason,last_loftr_sparse_homography_check_allowed,last_loftr_sparse_homography_check_reason,loftr_sparse_homography_allowed,loftr_sparse_homography_reason,semidense_raw_candidates,semidense_post_validate_candidates,semidense_accepted_candidates,semidense_queued_pending,semidense_grid_gain,semidense_new_cell_ratio,semidense_before_f_inlier,semidense_after_f_inlier,semidense_before_h_inlier,semidense_after_h_inlier,semidense_before_epipolar,semidense_after_epipolar,semidense_before_homography,semidense_after_homography,pending_loftr_count,pending_loftr_age_median,loftr_confirmed_promoted,klt_degeneracy_loftr_allowed,klt_degeneracy_loftr_reason,klt_degeneracy_loftr_score,scheduler_mode,scheduler_reason,geometry_mode,geometry_reason,planar_confidence,adaptive_geometry_model,klt_tracks,gftt_tracks,orb_tracks,orb_match_tracks,orb_recovery_tracks,lk_recovery_tracks,homography_recovery_tracks,xfeat_tracks,xfeat_recovery_tracks,xfeat_init_tracks,xfeat_confirmed_tracks,xfeat_star_tracks,xfeat_star_recovery_tracks,xfeat_star_init_tracks,xfeat_star_confirmed_tracks,superpoint_lightglue_tracks,superpoint_lightglue_recovery_tracks,superpoint_lightglue_init_tracks,superpoint_lightglue_confirmed_tracks,learned_memory_tracks,loftr_tracks,loftr_recovery_tracks,loftr_init_tracks,loftr_confirmed_tracks,candidate_bank_count,candidate_bank_coverage,candidate_bank_grid_gain,stable_candidate_grid_coverage,runtime_ms
2280,raw_data/harbor_images_sequence_06/frame002280.png,350,350,0,0.0,0,0,0.9583333333333334,23,24,1.0,1.0,0.0,0.0,1.0,0.8429933786392212,0.842993438243866,1.0885051488876343,1.0885051488876343,0.0,nan,nan,93.2223129272461,27.149425506591797,37.61581039428711,1997.2750244140625,0.000128173828125,0.0015960693359375,0.1667107795266547,0.11427679657936096,0.0,1.0,1.0,0.9956893920898438,0.603320566813151,0.5998941291360287,0.5613802756323959,0.99602294921875,1.0,0.8429933831764158,0.1570066168235842,0.8429933831764158,0.0,0.0,nan,nan,0.0,klt,n/a,0,nan,n/a,nan,n/a,n/a,n/a,n/a,n/a,n/a,n/a,False,n/a,False,n/a,False,n/a,0,0,0,0,nan,nan,nan,nan,nan,nan,nan,nan,nan,nan,0,nan,0,False,n/a,0.0,klt,healthy,normal,healthy,0.0,n/a,0,350,0,0,0,0,0,0,0,0,0,0,0,0,0,0,0,0,0,0,0,0,0,0,0,0.0,0.0,0.0,212.8687328658998
2281,raw_data/harbor_images_sequence_06/frame002281.png,350,69,69,0.19714285714285715,350,281,0.9583333333333334,23,24,2.0,1.8028571605682373,0.0,0.00884670577943325,0.9130620956420898,0.37960565090179443,0.43862879276275635,1.6209243535995483,1.621535301208496,0.0,nan,nan,93.49311828613281,27.241857528686523,37.824214935302734,2017.09375,0.0001190185546875,0.001556396484375,0.16818662157245734,0.11466547846794128,0.0,1.0,1.0,0.9958114624023438,0.6053746117485894,0.5963521082261024,0.5632906660287067,0.9960284423828125,1.0,0.8429882105161799,0.1570117894838201,0.8429882105161799,1.0,0.9928825622775801,0.14089050531486938,0.18532407419517752,0.9928815693960108,klt,n/a,0,nan,n/a,nan,n/a,n/a,n/a,n/a,n/a,n/a,n/a,False,n/a,False,n/a,False,n/a,0,0,0,0,nan,nan,nan,nan,nan,nan,nan,nan,nan,nan,0,nan,0,False,n/a,0.0,klt,healthy,normal,healthy,0.6425870370321929,n/a,281,69,0,0,0,0,0,0,0,0,0,0,0,0,0,0,0,0,0,0,0,0,0,0,0,0.0,0.0,0.0,290.46847904101014
2282,raw_data/harbor_images_sequence_06/frame002282.png,350,70,70,0.2,350,280,0.9166666666666666,22,24,3.0,2.5514285564422607,0.0,0.0075666289776563644,0.8847079277038574,0.3684263229370117,0.43035170435905457,1.6452665328979492,1.650528073310852,0.0,nan,nan,93.92345428466797,27.359912872314453,37.96672821044922,2035.5052490234375,0.0001190185546875,0.001568603515625,0.16673654294481471,0.114691823720932,0.0,1.0,1.0,0.9957809448242188,0.6079980638292101,0.5998322969324448,0.564662267643996,0.99602294921875,1.0,0.8439508516793581,0.15604914832064187,0.8439508516793581,0.9964285714285714,0.9964285714285714,0.10652638246183319,0.1960560463754229,0.9999989964167778,klt,n/a,0,nan,n/a,nan,n/a,n/a,n/a,n/a,n/a,n/a,n/a,False,n/a,False,n/a,False,n/a,0,0,0,0,nan,nan,nan,nan,nan,nan,nan,nan,nan,nan,0,nan,0,False,n/a,0.0,klt,healthy,normal,healthy,0.6421577581449831,n/a,280,70,0,0,0,0,0,0,0,0,0,0,0,0,0,0,0,0,0,0,0,0,0,0,0,0.0,0.0,0.0,245.57023122906685
2283,raw_data/harbor_images_sequence_06/frame002283.png,350,59,59,0.16857142857142857,350,291,0.875,21,24,4.0,3.325714349746704,0.0,0.007336994167417288,0.8910648822784424,0.38811051845550537,0.4344291388988495,1.603110671043396,1.6252472400665283,0.0,nan,nan,93.68054962158203,27.511016845703125,38.24753952026367,2061.76220703125,0.0001312255859375,0.0015655517578125,0.16567541384229478,0.1158214658498764,0.0,1.0,1.0,0.995758056640625,0.6113559299045139,0.6023790067784925,0.5689085691565214,0.9961163330078125,1.0,0.8452227476136569,0.1547772523863431,0.8452227476136569,0.993127147766323,0.993127147766323,0.12173072958783601,0.1848795324505951,0.9999989930805986,klt,n/a,0,nan,n/a,nan,n/a,n/a,n/a,n/a,n/a,n/a,n/a,False,n/a,False,n/a,False,n/a,0,0,0,0,nan,nan,nan,nan,nan,nan,nan,nan,nan,nan,0,nan,0,False,n/a,0.0,klt,healthy,normal,healthy,0.6426048187019763,n/a,291,59,0,0,0,0,0,0,0,0,0,0,0,0,0,0,0,0,0,0,0,0,0,0,0,0.0,0.0,0.0,244.48893871158361
2284,raw_data/harbor_images_sequence_06/frame002284.png,350,59,59,0.16857142857142857,350,291,0.9166666666666666,22,24,5.0,4.034285545349121,0.6914285714285714,0.0064057474955916405,0.8872491717338562,0.40202540159225464,0.44359090924263,1.575193166732788,1.6025917530059814,0.0,nan,nan,94.03471374511719,27.209571838378906,38.10166549682617,2057.109375,0.0001190185546875,0.001495361328125,0.16136926987591937,0.1147787943482399,0.0,1.0,1.0,0.9959640502929688,0.6046571519639757,0.6127137522977935,0.5631894722279877,0.9961767578125,1.0,0.845207811728633,0.15479218827136698,0.845207811728633,0.9759450171821306,0.9484536082474226,0.16184837192537552,0.19189483237923205,0.9718299901319467,klt,n/a,0,nan,n/a,nan,n/a,n/a,n/a,n/a,n/a,n/a,n/a,False,n/a,False,n/a,False,n/a,0,0,0,0,nan,nan,nan,nan,nan,nan,nan,nan,nan,nan,0,nan,0,False,n/a,0.0,klt,healthy,normal,healthy,0.6409711139213254,n/a,291,59,0,0,0,0,0,0,0,0,0,0,0,0,0,0,0,0,0,0,0,0,0,0,0,0.0,0.0,0.0,237.87324037402868
2285,raw_data/harbor_images_sequence_06/frame002285.png,350,57,57,0.16285714285714287,350,293,0.9583333333333334,23,24,6.0,4.6914286613464355,0.6885714285714286,0.007721181958913803,0.8854731321334839,0.4138157367706299,0.4487641155719757,1.5526483058929443,1.5948179960250854,0.0,nan,nan,94.7216796875,27.446704864501953,38.36787033081055,2079.20166015625,0.0001129150390625,0.001531982421875,0.1626273660098805,0.11422248929738998,0.0,1.0,1.0,0.9958877563476562,0.6099267747667101,0.6096943215762868,0.5645599539683324,0.99619873046875,1.0,0.8455740670587291,0.15442593294127094,0.8455740670587291,0.9897610921501706,0.9931740614334471,0.1417008686559384,0.19005470937560934,1.003447262034318,klt,n/a,0,nan,n/a,nan,n/a,n/a,n/a,n/a,n/a,n/a,n/a,False,n/a,False,n/a,False,n/a,0,0,0,0,nan,nan,nan,nan,nan,nan,nan,nan,nan,nan,0,nan,0,False,n/a,0.0,klt,healthy,normal,healthy,0.6423978116249757,n/a,293,57,0,0,0,0,0,0,0,0,0,0,0,0,0,0,0,0,0,0,0,0,0,0,0,0.0,0.0,0.0,213.34867971017957
2286,raw_data/harbor_images_sequence_06/frame002286.png,350,55,55,0.15714285714285714,350,295,0.9583333333333334,23,24,7.0,5.374285697937012,0.7,0.00750917661935091,0.8843036890029907,0.42809194326400757,0.45902490615844727,1.5265986919403076,1.567581295967102,0.0,nan,nan,94.72007751464844,27.645193099975586,38.74814224243164,2130.78466796875,0.000115966796875,0.00147705078125,0.1637472653856464,0.11496628820896149,0.0,1.0,1.0,0.9960174560546875,0.6143376244439019,0.6070065630744486,0.5684558308786816,0.99619873046875,1.0,0.8462101520238203,0.15378984797617967,0.8462101520238203,0.976271186440678,0.9966101694915255,0.11270587766189626,0.1851230945134242,1.0208322876891498,klt,n/a,0,nan,n/a,nan,n/a,n/a,n/a,n/a,n/a,n/a,n/a,False,n/a,False,n/a,False,n/a,0,0,0,0,nan,nan,nan,nan,nan,nan,nan,nan,nan,nan,0,nan,0,False,n/a,0.0,klt,healthy,normal,healthy,0.6425950762194631,n/a,295,55,0,0,0,0,0,0,0,0,0,0,0,0,0,0,0,0,0,0,0,0,0,0,0,0.0,0.0,0.0,208.27334094792604
2287,raw_data/harbor_images_sequence_06/frame002287.png,350,52,52,0.14857142857142858,350,298,0.9583333333333334,23,24,8.0,6.097142696380615,0.7171428571428572,0.00722080934792757,0.8900030851364136,0.44257867336273193,0.4711548388004303,1.5014655590057373,1.5432641506195068,0.0,nan,nan,94.72077178955078,27.71922492980957,38.930633544921875,2142.26708984375,0.0001190185546875,0.0014801025390625,0.16335399552887567,0.11606352031230927,0.0,1.0,1.0,0.996002197265625,0.6159827762179905,0.6079504107306983,0.5717721160915163,0.9961822509765625,1.0,0.8469348433099073,0.15306515669009269,0.8469348433099073,0.9966442953020134,0.9932885906040269,0.15167772098276683,0.17580563372345848,0.9966319966453367,klt,n/a,0,nan,n/a,nan,n/a,n/a,n/a,n/a,n/a,n/a,n/a,False,n/a,False,n/a,False,n/a,0,0,0,0,nan,nan,nan,nan,nan,nan,nan,nan,nan,nan,0,nan,0,False,n/a,0.0,klt,healthy,normal,healthy,0.6429677746510617,n/a,298,52,0,0,0,0,0,0,0,0,0,0,0,0,0,0,0,0,0,0,0,0,0,0,0,0.0,0.0,0.0,231.2736101448536
2288,raw_data/harbor_images_sequence_06/frame002288.png,350,57,57,0.16285714285714287,350,293,0.9166666666666666,22,24,9.0,6.708571434020996,0.7257142857142858,0.007084656041115522,0.8991276621818542,0.4727634787559509,0.4869545102119446,1.4528450965881348,1.5144461393356323,0.0,nan,nan,95.31013488769531,27.881925582885742,39.13826370239258,2169.563720703125,0.0001129150390625,0.001446533203125,0.16464013193167898,0.1161670982837677,0.0,1.0,1.0,0.9961013793945312,0.6195983462863498,0.6048636833639705,0.5738153056062834,0.9962261962890625,1.0,0.8471962912027593,0.1528037087972407,0.8471962912027593,0.9965870307167235,0.9897610921501706,0.1719324755042789,0.17480236679363204,0.9931496883806209,klt,n/a,0,nan,n/a,nan,n/a,n/a,n/a,n/a,n/a,n/a,n/a,False,n/a,False,n/a,False,n/a,0,0,0,0,nan,nan,nan,nan,nan,nan,nan,nan,nan,nan,0,nan,0,False,n/a,0.0,klt,healthy,normal,healthy,0.6430079053282548,n/a,293,57,0,0,0,0,0,0,0,0,0,0,0,0,0,0,0,0,0,0,0,0,0,0,0,0.0,0.0,0.0,254.80611994862556
2289,raw_data/harbor_images_sequence_06/frame002289.png,350,55,55,0.15714285714285714,350,295,0.9166666666666666,22,24,10.0,7.325714111328125,0.7342857142857143,0.007146776188164949,0.899012565612793,0.47562462091445923,0.49384185671806335,1.448479175567627,1.5076351165771484,0.0,nan,nan,93.99515533447266,27.601354598999023,38.818199157714844,2142.260009765625,0.0001190185546875,0.00130615234375,0.16406353520412081,0.1161634624004364,0.0,1.0,1.0,0.9964370727539062,0.6133634355333116,0.6062475155101101,0.5706895868585568,0.996473388671875,1.0,0.846321866909221,0.15367813309077905,0.846321866909221,0.9966101694915255,0.9966101694915255,0.1632228298421804,0.18576188000173305,0.9999989965996462,klt,n/a,0,nan,n/a,nan,n/a,n/a,n/a,n/a,n/a,n/a,n/a,False,n/a,False,n/a,False,n/a,0,0,0,0,nan,nan,nan,nan,nan,nan,nan,nan,nan,nan,0,nan,0,False,n/a,0.0,klt,healthy,normal,healthy,0.6425695247999308,n/a,295,55,0,0,0,0,0,0,0,0,0,0,0,0,0,0,0,0,0,0,0,0,0,0,0,0.0,0.0,0.0,264.10344196483493
2290,raw_data/harbor_images_sequence_06/frame002290.png,350,46,46,0.13142857142857142,350,304,0.9166666666666666,22,24,11.0,8.031428337097168,0.74,0.00668918713927269,0.8934065103530884,0.4863458275794983,0.49459755420684814,1.4324564933776855,1.503173828125,0.0,nan,nan,94.00277709960938,27.64336585998535,39.15080642700195,2172.75341796875,0.0001220703125,0.0012969970703125,0.16260436114142932,0.11664234846830368,0.0,1.0,1.0,0.9964523315429688,0.6142970191107856,0.6097495332605696,0.5722447560742647,0.99650634765625,1.0,0.847114608323217,0.15288539167678294,0.847114608323217,0.9967105263157895,0.9967105263157895,0.15775894473646357,0.17808940522518657,0.9999989967006766,klt,n/a,0,nan,n/a,nan,n/a,n/a,n/a,n/a,n/a,n/a,n/a,False,n/a,False,n/a,False,n/a,0,0,0,0,nan,nan,nan,nan,nan,nan,nan,nan,nan,nan,0,nan,0,False,n/a,0.0,klt,healthy,normal,healthy,0.6428764237909925,n/a,304,46,0,0,0,0,0,0,0,0,0,0,0,0,0,0,0,0,0,0,0,0,0,0,0,0.0,0.0,0.0,251.6432679258287
2291,raw_data/harbor_images_sequence_06/frame002291.png,350,41,41,0.11714285714285715,350,309,0.9166666666666666,22,24,12.0,8.739999771118164,0.7514285714285714,0.007731730118393898,0.8895816802978516,0.490407258272171,0.497387170791626,1.4265245199203491,1.5068321228027344,0.0,nan,nan,94.44718170166016,27.936742782592773,39.2443733215332,2196.16357421875,0.0001129150390625,0.0012725830078125,0.1651178935929842,0.1164245754480362,0.0,1.0,1.0,0.9965362548828125,0.6208165062798394,0.6037170553768378,0.5750095609763657,0.996495361328125,1.0,0.847393588089127,0.15260641191087299,0.847393588089127,0.9935275080906149,0.9935275080906149,0.12790276689791677,0.19955503351067225,0.999998993486355,klt,n/a,0,nan,n/a,nan,n/a,n/a,n/a,n/a,n/a,n/a,n/a,False,n/a,False,n/a,False,n/a,0,0,0,0,nan,nan,nan,nan,nan,nan,nan,nan,nan,nan,0,nan,0,False,n/a,0.0,klt,healthy,normal,healthy,0.6420177986595732,n/a,309,41,0,0,0,0,0,0,0,0,0,0,0,0,0,0,0,0,0,0,0,0,0,0,0,0.0,0.0,0.0,226.5037070028484
2292,raw_data/harbor_images_sequence_06/frame002292.png,350,46,46,0.13142857142857142,350,304,0.9166666666666666,22,24,13.0,9.388571739196777,0.7685714285714286,0.007175181061029434,0.8980259299278259,0.5236367583274841,0.5223931670188904,1.3806114196777344,1.4539259672164917,0.0,nan,nan,94.48246002197266,28.075693130493164,39.50210189819336,2213.50244140625,0.000115966796875,0.001251220703125,0.1654867224599801,0.11726062744855881,0.0,1.0,1.0,0.99658203125,0.623904291788737,0.6028318660960477,0.5784535719138203,0.9965887451171875,1.0,0.8480645733547849,0.1519354266452151,0.8480645733547849,0.9835526315789473,0.9539473684210527,0.31576779250536247,0.187211570251477,0.9698986794341186,klt,n/a,0,nan,n/a,nan,n/a,n/a,n/a,n/a,n/a,n/a,n/a,False,n/a,False,n/a,False,n/a,0,0,0,0,nan,nan,nan,nan,nan,nan,nan,nan,nan,nan,0,nan,0,False,n/a,0.0,klt,healthy,normal,healthy,0.642511537189941,n/a,304,46,0,0,0,0,0,0,0,0,0,0,0,0,0,0,0,0,0,0,0,0,0,0,0,0.0,0.0,0.0,233.86718006804585
2293,raw_data/harbor_images_sequence_06/frame002293.png,350,47,47,0.13428571428571429,350,303,0.9166666666666666,22,24,14.0,10.065713882446289,0.78,0.007165144197642803,0.8936139345169067,0.5275322198867798,0.5299450755119324,1.375511646270752,1.4461169242858887,0.0,nan,nan,94.29426574707031,28.371469497680664,39.775577545166016,2250.4794921875,0.0001220703125,0.001214599609375,0.16833659751742497,0.11851785331964493,0.0,1.0,1.0,0.9966583251953125,0.6304770999484592,0.5959921659581802,0.5845973075188772,0.996517333984375,1.0,0.8486378711927256,0.1513621288072744,0.8486378711927256,0.9933993399339934,0.9900990099009901,0.17307154994488477,0.19005490979494802,0.996676737564613,klt,n/a,0,nan,n/a,nan,n/a,n/a,n/a,n/a,n/a,n/a,n/a,False,n/a,False,n/a,False,n/a,0,0,0,0,nan,nan,nan,nan,nan,nan,nan,nan,nan,nan,0,nan,0,False,n/a,0.0,klt,healthy,normal,healthy,0.6423978036082021,n/a,303,47,0,0,0,0,0,0,0,0,0,0,0,0,0,0,0,0,0,0,0,0,0,0,0,0.0,0.0,0.0,223.20642229169607
2294,raw_data/harbor_images_sequence_06/frame002294.png,350,46,46,0.13142857142857142,350,304,0.9166666666666666,22,24,15.0,10.685714721679688,0.7771428571428571,0.008282586932182312,0.8854402899742126,0.533171534538269,0.5340498089790344,1.3682342767715454,1.4407281875610352,0.0,nan,nan,92.39251708984375,28.062145233154297,39.30309295654297,2209.877197265625,0.00013427734375,0.0010589599609375,0.16587431963752303,0.11857489496469498,0.0,1.0,1.0,0.9970169067382812,0.6236032274034288,0.6019016328699447,0.5812900113487485,0.9969842529296875,1.0,0.8483145012364286,0.1516854987635714,0.8483145012364286,0.9769736842105263,0.993421052631579,0.20916472347474052,0.19777919524514362,1.016833976035257,klt,n/a,0,nan,n/a,nan,n/a,n/a,n/a,n/a,n/a,n/a,n/a,False,n/a,False,n/a,False,n/a,0,0,0,0,nan,nan,nan,nan,nan,nan,nan,nan,nan,nan,0,nan,0,False,n/a,0.0,klt,healthy,normal,healthy,0.6420888321901943,n/a,304,46,0,0,0,0,0,0,0,0,0,0,0,0,0,0,0,0,0,0,0,0,0,0,0,0.0,0.0,0.0,221.54267830774188
2295,raw_data/harbor_images_sequence_06/frame002295.png,350,42,42,0.12,350,308,0.9166666666666666,22,24,16.0,11.497142791748047,0.7914285714285715,0.006157061085104942,0.8895217180252075,0.5390902757644653,0.5453141331672668,1.3607139587402344,1.4176803827285767,0.0,nan,nan,92.55052185058594,28.4157772064209,39.71009063720703,2250.90283203125,0.0001373291015625,0.0010467529296875,0.16856012680951288,0.11955676972866058,0.0,1.0,1.0,0.997039794921875,0.6314617156982422,0.595455695657169,0.5874507890506224,0.99694580078125,1.0,0.8490948213993674,0.15090517860063257,0.8490948213993674,0.9967532467532467,0.9935064935064936,0.1518714593816949,0.18837293491483123,0.9967416710213854,klt,n/a,0,nan,n/a,nan,n/a,n/a,n/a,n/a,n/a,n/a,n/a,False,n/a,False,n/a,False,n/a,0,0,0,0,nan,nan,nan,nan,nan,nan,nan,nan,nan,nan,0,nan,0,False,n/a,0.0,klt,healthy,normal,healthy,0.6424650826034068,n/a,308,42,0,0,0,0,0,0,0,0,0,0,0,0,0,0,0,0,0,0,0,0,0,0,0,0.0,0.0,0.0,208.9476832188666
2296,raw_data/harbor_images_sequence_06/frame002296.png,350,43,43,0.12285714285714286,350,307,0.9166666666666666,22,24,17.0,12.19428539276123,0.7942857142857143,0.007717578671872616,0.8845652341842651,0.5645828247070312,0.55414217710495,1.3296946287155151,1.4123164415359497,0.0,nan,nan,93.18583679199219,28.527353286743164,40.02710723876953,2312.00146484375,0.000128173828125,0.0010528564453125,0.16973934098786003,0.11909590661525726,0.0,1.0,1.0,0.9970474243164062,0.6339411841498481,0.5926255816291359,0.5876431071095997,0.99694580078125,1.0,0.8490201353440565,0.15097986465594349,0.8490201353440565,1.0,0.9739413680781759,0.10357280260302934,0.18201117458373336,0.9739403941377818,klt,n/a,0,nan,n/a,nan,n/a,n/a,n/a,n/a,n/a,n/a,n/a,False,n/a,False,n/a,False,n/a,0,0,0,0,nan,nan,nan,nan,nan,nan,nan,nan,nan,nan,0,nan,0,False,n/a,0.0,klt,healthy,normal,healthy,0.6427195530166507,n/a,307,43,0,0,0,0,0,0,0,0,0,0,0,0,0,0,0,0,0,0,0,0,0,0,0,0.0,0.0,0.0,208.86171190068126
2297,raw_data/harbor_images_sequence_06/frame002297.png,350,35,35,0.1,350,315,0.9583333333333334,23,24,18.0,13.011428833007812,0.8057142857142857,0.006705704145133495,0.8923449516296387,0.5874571800231934,0.5585914254188538,1.3035945892333984,1.414717197418213,0.0,nan,nan,93.02229309082031,28.785615921020508,40.37366485595703,2336.53515625,0.000140380859375,0.0010101318359375,0.17067214965820315,0.12035249173641205,0.0,1.0,1.0,0.9971237182617188,0.6396803538004557,0.5903868408203125,0.5933685672102553,0.9969677734375,1.0,0.8500929408337854,0.1499070591662146,0.8500929408337854,0.9968253968253968,0.9968253968253968,0.15877781436192218,0.18428396814226594,0.999998996816293,klt,n/a,0,nan,n/a,nan,n/a,n/a,n/a,n/a,n/a,n/a,n/a,False,n/a,False,n/a,False,n/a,0,0,0,0,nan,nan,nan,nan,nan,nan,nan,nan,nan,nan,0,nan,0,False,n/a,0.0,klt,healthy,normal,healthy,0.6426286412743094,n/a,315,35,0,0,0,0,0,0,0,0,0,0,0,0,0,0,0,0,0,0,0,0,0,0,0,0.0,0.0,0.0,217.7573349326849
2298,raw_data/harbor_images_sequence_06/frame002298.png,350,43,43,0.12285714285714286,350,307,0.9583333333333334,23,24,19.0,13.597143173217773,0.8,0.006013357080519199,0.8967969417572021,0.5969556570053101,0.5790704488754272,1.293199896812439,1.387491226196289,0.0,nan,nan,93.2510757446289,28.978031158447266,40.67518615722656,2389.10498046875,0.0001312255859375,0.0010101318359375,0.17250602871763945,0.12100560963153839,0.0,1.0,1.0,0.9971466064453125,0.6439562479654948,0.5859855310776654,0.5969908731453346,0.9970501708984375,1.0,0.8504322319115165,0.1495677680884835,0.8504322319115165,0.993485342019544,0.9869706840390879,0.12134620524657082,0.19057483880494394,0.9934416229948253,klt,n/a,0,nan,n/a,nan,n/a,n/a,n/a,n/a,n/a,n/a,n/a,False,n/a,False,n/a,False,n/a,0,0,0,0,nan,nan,nan,nan,nan,nan,nan,nan,nan,nan,0,nan,0,False,n/a,0.0,klt,healthy,normal,healthy,0.6423770064478023,n/a,307,43,0,0,0,0,0,0,0,0,0,0,0,0,0,0,0,0,0,0,0,0,0,0,0,0.0,0.0,0.0,218.97710906341672
2299,raw_data/harbor_images_sequence_06/frame002299.png,350,42,42,0.12,350,308,0.9166666666666666,22,24,20.0,14.079999923706055,0.7914285714285715,0.0066316993907094,0.8921138048171997,0.6148145198822021,0.5928962230682373,1.2743102312088013,1.3680545091629028,0.0,nan,nan,93.22822570800781,29.111454010009766,40.92087936401367,2421.335693359375,0.0001312255859375,0.001031494140625,0.1744699754901961,0.12143705785274506,0.0,1.0,1.0,0.9970932006835938,0.6469212002224393,0.5812720588235294,0.5994539134129129,0.996956787109375,1.0,0.85041169318013,0.14958830681987,0.85041169318013,0.987012987012987,0.987012987012987,0.23166963702879406,0.16694940291010724,0.9999989868431317,klt,n/a,0,nan,n/a,nan,n/a,n/a,n/a,n/a,n/a,n/a,n/a,False,n/a,False,n/a,False,n/a,0,0,0,0,nan,nan,nan,nan,nan,nan,nan,nan,nan,nan,0,nan,0,False,n/a,0.0,klt,healthy,normal,healthy,0.6433220238835957,n/a,308,42,0,0,0,0,0,0,0,0,0,0,0,0,0,0,0,0,0,0,0,0,0,0,0,0.0,0.0,0.0,221.9533659517765
2300,raw_data/harbor_images_sequence_06/frame002300.png,350,40,40,0.11428571428571428,350,310,0.9166666666666666,22,24,20.5,14.668571472167969,0.7885714285714286,0.00589792151004076,0.894188404083252,0.618375301361084,0.5867071747779846,1.2706421613693237,1.3802844285964966,0.0,nan,nan,93.25814819335938,29.266727447509766,41.318782806396484,2468.03271484375,0.0001251220703125,0.0010223388671875,0.17639969769646144,0.1219274252653122,0.0,1.0,1.0,0.99713134765625,0.6503717210557726,0.5766407255284925,0.6022936452217776,0.9969403076171875,1.0,0.8505217257030762,0.14947827429692384,0.8505217257030762,0.9935483870967742,1.0,0.1386112596217336,0.17573066410091517,1.0064924934653474,klt,n/a,0,nan,n/a,nan,n/a,n/a,n/a,n/a,n/a,n/a,n/a,False,n/a,False,n/a,False,n/a,0,0,0,0,nan,nan,nan,nan,nan,nan,nan,nan,nan,nan,0,nan,0,False,n/a,0.0,klt,healthy,normal,healthy,0.6429707734359634,n/a,310,40,0,0,0,0,0,0,0,0,0,0,0,0,0,0,0,0,0,0,0,0,0,0,0,0.0,0.0,0.0,208.03472539409995
2301,raw_data/harbor_images_sequence_06/frame002301.png,350,41,41,0.11714285714285715,350,309,0.9166666666666666,22,24,21.0,15.331428527832031,0.7857142857142857,0.006279779598116875,0.8843933343887329,0.6159309148788452,0.5885396003723145,1.2731564044952393,1.380821943283081,0.0,nan,nan,93.22291564941406,29.510738372802734,41.5787467956543,2489.73046875,0.000128173828125,0.0010467529296875,0.17932871500651046,0.12255173921585083,0.0,1.0,1.0,0.9970626831054688,0.655794186062283,0.5696110839843749,0.6064237730671661,0.9969183349609375,1.0,0.8506743289236589,0.1493256710763411,0.8506743289236589,1.0,1.0,0.1678117937191084,0.1781889939458133,0.9999990000010001,klt,n/a,0,nan,n/a,nan,n/a,n/a,n/a,n/a,n/a,n/a,n/a,False,n/a,False,n/a,False,n/a,0,0,0,0,nan,nan,nan,nan,nan,nan,nan,nan,nan,nan,0,nan,0,False,n/a,0.0,klt,healthy,normal,healthy,0.6428724402421675,n/a,309,41,0,0,0,0,0,0,0,0,0,0,0,0,0,0,0,0,0,0,0,0,0,0,0,0.0,0.0,0.0,205.42333321645856
2302,raw_data/harbor_images_sequence_06/frame002302.png,350,45,45,0.12857142857142856,350,305,0.9583333333333334,23,24,22.0,15.954285621643066,0.7971428571428572,0.0050214845687150955,0.8901972770690918,0.6331813335418701,0.5975480675697327,1.2557213306427002,1.3695361614227295,0.0,nan,nan,93.29191589355469,29.608522415161133,41.87616729736328,2544.7373046875,0.00013427734375,0.001080322265625,0.1796982050876992,0.12294092774391174,0.0,1.0,1.0,0.9969635009765625,0.6579671647813585,0.5687243077895219,0.6083947818086606,0.99690185546875,1.0,0.8510345681266478,0.1489654318733522,0.8510345681266478,0.9967213114754099,1.0,0.06369639966013538,0.17401819541713748,1.0032884670954523,klt,n/a,0,nan,n/a,nan,n/a,n/a,n/a,n/a,n/a,n/a,n/a,False,n/a,False,n/a,False,n/a,0,0,0,0,nan,nan,nan,nan,nan,nan,nan,nan,nan,nan,0,nan,0,False,n/a,0.0,klt,healthy,normal,healthy,0.6430392721833146,n/a,305,45,0,0,0,0,0,0,0,0,0,0,0,0,0,0,0,0,0,0,0,0,0,0,0,0.0,0.0,0.0,208.69574695825577
2303,raw_data/harbor_images_sequence_06/frame002303.png,350,41,41,0.11714285714285715,350,309,0.9583333333333334,23,24,22.5,16.60285758972168,0.8,0.005775244906544685,0.8889349102973938,0.6204986572265625,0.593501091003418,1.268470048904419,1.3667198419570923,0.0,nan,nan,93.46855926513672,29.618392944335938,42.08536148071289,2576.88916015625,0.0001312255859375,0.0010772705078125,0.17947370641371785,0.1233169436454773,0.0,1.0,1.0,0.996978759765625,0.658186509874132,0.5692631046070772,0.6093590359495145,0.9968963623046875,1.0,0.8512535330539845,0.14874646694601545,0.8512535330539845,0.9935275080906149,0.9967637540453075,0.08336592600273993,0.1709800070440637,1.003256319198037,klt,n/a,0,nan,n/a,nan,n/a,n/a,n/a,n/a,n/a,n/a,n/a,False,n/a,False,n/a,False,n/a,0,0,0,0,nan,nan,nan,nan,nan,nan,nan,nan,nan,nan,0,nan,0,False,n/a,0.0,klt,healthy,normal,healthy,0.6431607997182375,n/a,309,41,0,0,0,0,0,0,0,0,0,0,0,0,0,0,0,0,0,0,0,0,0,0,0,0.0,0.0,0.0,225.43764393776655
2304,raw_data/harbor_images_sequence_06/frame002304.png,350,36,36,0.10285714285714286,350,314,0.9583333333333334,23,24,23.0,17.27142906188965,0.8028571428571428,0.005697581917047501,0.8940454721450806,0.6461117267608643,0.5963451862335205,1.2431143522262573,1.3704602718353271,0.0,nan,nan,93.72406768798828,29.85609245300293,42.470458984375,2598.94970703125,0.00013427734375,0.001068115234375,0.1818572758693321,0.12370455265045166,0.0,1.0,1.0,0.9969940185546875,0.6634687211778428,0.563542537913603,0.6128810711581297,0.996737060546875,1.0,0.8515014362475961,0.1484985637524039,0.8515014362475961,1.0,1.0,0.13828976912839677,0.17335120241140772,0.9999990000010001,klt,n/a,0,nan,n/a,nan,n/a,n/a,n/a,n/a,n/a,n/a,n/a,False,n/a,False,n/a,False,n/a,0,0,0,0,nan,nan,nan,nan,nan,nan,nan,nan,nan,nan,0,nan,0,False,n/a,0.0,klt,healthy,normal,healthy,0.6430659519035438,n/a,314,36,0,0,0,0,0,0,0,0,0,0,0,0,0,0,0,0,0,0,0,0,0,0,0,0.0,0.0,0.0,215.79256607219577
2305,raw_data/harbor_images_sequence_06/frame002305.png,350,38,38,0.10857142857142857,350,312,0.9583333333333334,23,24,24.0,17.87714195251465,0.8057142857142857,0.005665439181029797,0.8897160291671753,0.6317346096038818,0.6008455753326416,1.2571600675582886,1.357145071029663,0.0,nan,nan,93.60337829589844,30.012258529663086,42.78284454345703,2650.54345703125,0.000128173828125,0.001055908203125,0.18323233211741732,0.12476873397827148,0.0,1.0,1.0,0.997039794921875,0.6669390784369574,0.5602424029181985,0.6170348437145503,0.996759033203125,1.0,0.8519611244495413,0.1480388755504587,0.8519611244495413,0.9935897435897436,1.0,0.18005455384445573,0.1686570826060187,1.006450599959396,klt,n/a,0,nan,n/a,nan,n/a,n/a,n/a,n/a,n/a,n/a,n/a,False,n/a,False,n/a,False,n/a,0,0,0,0,nan,nan,nan,nan,nan,nan,nan,nan,nan,nan,0,nan,0,False,n/a,0.0,klt,healthy,normal,healthy,0.6432537166957593,n/a,312,38,0,0,0,0,0,0,0,0,0,0,0,0,0,0,0,0,0,0,0,0,0,0,0,0.0,0.0,0.0,217.2313528135419
2306,raw_data/harbor_images_sequence_06/frame002306.png,350,39,39,0.11142857142857143,350,311,0.9583333333333334,23,24,24.0,18.288572311401367,0.8,0.005285297520458698,0.8989112377166748,0.637498140335083,0.5992882251739502,1.251469373703003,1.3688207864761353,0.0,nan,nan,93.6619873046875,30.188732147216797,43.097015380859375,2672.03173828125,0.000128173828125,0.0011138916015625,0.18466026455748327,0.12508654594421387,0.0,1.0,1.0,0.9968948364257812,0.6708607143825955,0.5568153650620402,0.6197179616099657,0.996802978515625,1.0,0.8522591513098243,0.14774084869017567,0.8522591513098243,0.9839228295819936,1.0,0.09412633503486659,0.16848554933259274,1.0163388363353656,klt,n/a,0,nan,n/a,nan,n/a,n/a,n/a,n/a,n/a,n/a,n/a,False,n/a,False,n/a,False,n/a,0,0,0,0,nan,nan,nan,nan,nan,nan,nan,nan,nan,nan,0,nan,0,False,n/a,0.0,klt,healthy,normal,healthy,0.6432605780266963,n/a,311,39,0,0,0,0,0,0,0,0,0,0,0,0,0,0,0,0,0,0,0,0,0,0,0,0.0,0.0,0.0,214.4468086771667
2307,raw_data/harbor_images_sequence_06/frame002307.png,350,41,41,0.11714285714285715,350,309,0.9583333333333334,23,24,25.0,18.808570861816406,0.8028571428571428,0.005669014528393745,0.8941382169723511,0.6506195664405823,0.6051661968231201,1.2388049364089966,1.3517223596572876,0.0,nan,nan,93.93431091308594,30.38828468322754,43.333343505859375,2709.59814453125,0.0001373291015625,0.001104736328125,0.18594879449582574,0.12558001279830933,0.0,1.0,1.0,0.9968948364257812,0.6752952151828342,0.5537228932100182,0.6230567275875747,0.9967425537109375,1.0,0.8527553717756016,0.14724462822439843,0.8527553717756016,0.9967637540453075,1.0,0.1250230272900009,0.16727093317146405,1.003245746743715,klt,n/a,0,nan,n/a,nan,n/a,n/a,n/a,n/a,n/a,n/a,n/a,False,n/a,False,n/a,False,n/a,0,0,0,0,nan,nan,nan,nan,nan,nan,nan,nan,nan,nan,0,nan,0,False,n/a,0.0,klt,healthy,normal,healthy,0.6433091626731415,n/a,309,41,0,0,0,0,0,0,0,0,0,0,0,0,0,0,0,0,0,0,0,0,0,0,0,0.0,0.0,0.0,222.9583957232535
2308,raw_data/harbor_images_sequence_06/frame002308.png,350,41,41,0.11714285714285715,350,309,0.9583333333333334,23,24,25.5,19.157142639160156,0.7828571428571428,0.005450735799968243,0.8979940414428711,0.6315099596977234,0.6020244359970093,1.2573912143707275,1.3640203475952148,0.0,nan,nan,93.92950439453125,30.41332244873047,43.57642364501953,2741.24072265625,0.000140380859375,0.001068115234375,0.18496835147633275,0.12619665265083313,0.0,1.0,1.0,0.996978759765625,0.6758516099717882,0.5560759564568014,0.624736379192333,0.9967205810546875,1.0,0.8533618786388029,0.14663812136119714,0.8533618786388029,1.0,1.0,0.11861451708311775,0.16227402888064205,0.9999990000010001,klt,n/a,0,nan,n/a,nan,n/a,n/a,n/a,n/a,n/a,n/a,n/a,False,n/a,False,n/a,False,n/a,0,0,0,0,nan,nan,nan,nan,nan,nan,nan,nan,nan,nan,0,nan,0,False,n/a,0.0,klt,healthy,normal,healthy,0.6435090388447744,n/a,309,41,0,0,0,0,0,0,0,0,0,0,0,0,0,0,0,0,0,0,0,0,0,0,0,0.0,0.0,0.0,211.99201000854373
2309,raw_data/harbor_images_sequence_06/frame002309.png,350,36,36,0.10285714285714286,350,314,0.9166666666666666,22,24,26.0,19.739999771118164,0.7857142857142857,0.006694594398140907,0.8921758532524109,0.6428128480911255,0.5976365804672241,1.246293067932129,1.3639459609985352,0.0,nan,nan,91.77311706542969,30.291749954223633,43.26116180419922,2723.82763671875,0.0001678466796875,0.000946044921875,0.18607397939644613,0.12766867876052856,0.0,1.0,1.0,0.9972152709960938,0.6731499989827474,0.5534224494485294,0.6267310875834841,0.99698974609375,1.0,0.852950090595898,0.147049909404102,0.852950090595898,1.0,0.9968152866242038,0.17190086275139965,0.18669416969899005,0.996814289809914,klt,n/a,0,nan,n/a,nan,n/a,n/a,n/a,n/a,n/a,n/a,n/a,False,n/a,False,n/a,False,n/a,0,0,0,0,nan,nan,nan,nan,nan,nan,nan,nan,nan,nan,0,nan,0,False,n/a,0.0,klt,healthy,normal,healthy,0.6425322332120404,n/a,314,36,0,0,0,0,0,0,0,0,0,0,0,0,0,0,0,0,0,0,0,0,0,0,0,0.0,0.0,0.0,223.4108648262918
2310,raw_data/harbor_images_sequence_06/frame002310.png,350,39,39,0.11142857142857143,350,311,0.9166666666666666,22,24,27.0,20.454286575317383,0.8028571428571428,0.005823107436299324,0.8936623334884644,0.6379371285438538,0.6072375774383545,1.2510393857955933,1.3447520732879639,0.0,nan,nan,92.48230743408203,30.44095230102539,43.475547790527344,2733.73486328125,0.000140380859375,0.000946044921875,0.18822962443033855,0.12698009610176086,0.0,1.0,1.0,0.997283935546875,0.6764656066894531,0.5482489013671875,0.6268239308487285,0.9970556640625,1.0,0.852647002805363,0.14735299719463701,0.852647002805363,0.9967845659163987,1.0,0.07657239458391299,0.16231732676934305,1.0032247999906039,klt,n/a,0,nan,n/a,nan,n/a,n/a,n/a,n/a,n/a,n/a,n/a,False,n/a,False,n/a,False,n/a,0,0,0,0,nan,nan,nan,nan,nan,nan,nan,nan,nan,nan,0,nan,0,False,n/a,0.0,klt,healthy,normal,healthy,0.6435073069292263,n/a,311,39,0,0,0,0,0,0,0,0,0,0,0,0,0,0,0,0,0,0,0,0,0,0,0,0.0,0.0,0.0,209.89342080429196
2311,raw_data/harbor_images_sequence_06/frame002311.png,350,40,40,0.11428571428571428,350,310,0.9166666666666666,22,24,28.0,21.002857208251953,0.8057142857142857,0.005219477694481611,0.9047636985778809,0.6594682931900024,0.6140502691268921,1.2304785251617432,1.3380975723266602,0.0,nan,nan,92.7267074584961,30.602100372314453,43.80752182006836,2759.09814453125,0.0001495361328125,0.0009246826171875,0.18980914545994185,0.127538800239563,0.0,1.0,1.0,0.997314453125,0.6800466749403212,0.5444580508961396,0.629884247105531,0.997000732421875,1.0,0.8529136160912745,0.14708638390872553,0.8529136160912745,0.9967741935483871,1.0,0.2952749038555328,0.17144088500121574,1.003235239472737,klt,n/a,0,nan,n/a,nan,n/a,n/a,n/a,n/a,n/a,n/a,n/a,False,n/a,False,n/a,False,n/a,0,0,0,0,nan,nan,nan,nan,nan,nan,nan,nan,nan,nan,0,nan,0,False,n/a,0.0,klt,healthy,normal,healthy,0.6431423645999514,n/a,310,40,0,0,0,0,0,0,0,0,0,0,0,0,0,0,0,0,0,0,0,0,0,0,0,0.0,0.0,0.0,210.558891762048
2312,raw_data/harbor_images_sequence_06/frame002312.png,350,40,40,0.11428571428571428,350,310,0.9166666666666666,22,24,29.0,21.70857048034668,0.8114285714285714,0.005283815320581198,0.8930491209030151,0.628974437713623,0.606824517250061,1.2599071264266968,1.3468503952026367,0.0,nan,nan,92.72737121582031,30.75092887878418,44.09565734863281,2792.4013671875,0.000128173828125,0.0009246826171875,0.19036480772729014,0.12814673781394958,0.0,1.0,1.0,0.9973678588867188,0.6833539750840929,0.5431244614545037,0.632919573482841,0.997022705078125,1.0,0.8534957558027563,0.14650424419724373,0.8534957558027563,0.9903225806451613,0.9967741935483871,0.08053912575916283,0.1596276986519699,1.0065136416311762,klt,n/a,0,nan,n/a,nan,n/a,n/a,n/a,n/a,n/a,n/a,n/a,False,n/a,False,n/a,False,n/a,0,0,0,0,nan,nan,nan,nan,nan,nan,nan,nan,nan,nan,0,nan,0,False,n/a,0.0,klt,healthy,normal,healthy,0.6436148920539213,n/a,310,40,0,0,0,0,0,0,0,0,0,0,0,0,0,0,0,0,0,0,0,0,0,0,0,0.0,0.0,0.0,216.4158266969025
2313,raw_data/harbor_images_sequence_06/frame002313.png,350,42,42,0.12,350,308,0.9166666666666666,22,24,29.0,22.034286499023438,0.7971428571428572,0.005430368706583977,0.8932433128356934,0.6406847238540649,0.6122796535491943,1.2483580112457275,1.3364607095718384,0.0,nan,nan,92.95768737792969,30.940654754638672,44.2310676574707,2827.870849609375,0.00013427734375,0.0009490966796875,0.19289281807693778,0.12841880321502686,0.0,1.0,1.0,0.9972915649414062,0.6875701056586372,0.5370572366153493,0.6356459692271069,0.9969732666015625,1.0,0.8534673259015007,0.14653267409849935,0.8534673259015007,0.9772727272727273,0.9967532467532467,0.16812188891227592,0.15582785175241343,1.0199325111654038,klt,n/a,0,nan,n/a,nan,n/a,n/a,n/a,n/a,n/a,n/a,n/a,False,n/a,False,n/a,False,n/a,0,0,0,0,nan,nan,nan,nan,nan,nan,nan,nan,nan,nan,0,nan,0,False,n/a,0.0,klt,healthy,normal,healthy,0.6437668859299035,n/a,308,42,0,0,0,0,0,0,0,0,0,0,0,0,0,0,0,0,0,0,0,0,0,0,0,0.0,0.0,0.0,212.51992089673877
2314,raw_data/harbor_images_sequence_06/frame002314.png,350,36,36,0.10285714285714286,350,314,0.9166666666666666,22,24,30.0,22.757143020629883,0.8028571428571428,0.005492231342941523,0.8970354199409485,0.6405453681945801,0.6054466962814331,1.2484962940216064,1.3479849100112915,0.0,nan,nan,92.99896240234375,31.108938217163086,44.43639373779297,2838.30615234375,0.000146484375,0.0009185791015625,0.19349820006127452,0.12856367230415344,0.0,1.0,1.0,0.9973373413085938,0.6913097381591797,0.5356043198529412,0.6378450334072113,0.9970062255859375,1.0,0.8539840318595662,0.14601596814043383,0.8539840318595662,0.9936305732484076,0.9968152866242038,0.08228272599067138,0.14917051464866676,1.003204118570214,klt,n/a,0,nan,n/a,nan,n/a,n/a,n/a,n/a,n/a,n/a,n/a,False,n/a,False,n/a,False,n/a,0,0,0,0,nan,nan,nan,nan,nan,nan,nan,nan,nan,nan,0,nan,0,False,n/a,0.0,klt,healthy,normal,healthy,0.6440331794140534,n/a,314,36,0,0,0,0,0,0,0,0,0,0,0,0,0,0,0,0,0,0,0,0,0,0,0,0.0,0.0,0.0,211.8730079382658
2315,raw_data/harbor_images_sequence_06/frame002315.png,350,32,32,0.09142857142857143,350,318,0.875,21,24,31.0,23.54857063293457,0.8085714285714286,0.005741932895034552,0.8983228206634521,0.6292151212692261,0.6024783849716187,1.2596672773361206,1.351161241531372,0.0,nan,nan,92.9277114868164,31.26032829284668,44.78853225708008,2872.4677734375,0.000146484375,0.0008880615234375,0.19305016012752768,0.12970304489135742,0.0,1.0,1.0,0.9974136352539062,0.6946739620632596,0.5366796156939335,0.6421166285119876,0.9968194580078125,1.0,0.8550488207771179,0.14495117922288214,0.8550488207771179,0.9968553459119497,1.0,0.16039349214593557,0.16919258228596887,1.003153567814402,klt,n/a,0,nan,n/a,nan,n/a,n/a,n/a,n/a,n/a,n/a,n/a,False,n/a,False,n/a,False,n/a,0,0,0,0,nan,nan,nan,nan,nan,nan,nan,nan,nan,nan,0,nan,0,False,n/a,0.0,klt,healthy,normal,healthy,0.6432322967085613,n/a,318,32,0,0,0,0,0,0,0,0,0,0,0,0,0,0,0,0,0,0,0,0,0,0,0,0.0,0.0,0.0,220.41368391364813
2316,raw_data/harbor_images_sequence_06/frame002316.png,350,47,47,0.13428571428571429,350,303,0.9583333333333334,23,24,32.0,23.77142906188965,0.7971428571428572,0.004464528523385525,0.9041924476623535,0.6536535620689392,0.6210412383079529,1.235931158065796,1.3253463506698608,0.0,nan,nan,93.05570983886719,31.469411849975586,44.96916580200195,2892.1123046875,0.0001434326171875,0.0008819580078125,0.19503930783739276,0.12983407080173492,0.0,1.0,1.0,0.9974365234375,0.6993202633327908,0.5319056611902574,0.644737565306702,0.9968414306640625,1.0,0.855256600655719,0.14474339934428104,0.855256600655719,1.0,0.9966996699669967,0.1504616674308908,0.16578110108009456,0.9966986732683235,klt,n/a,0,nan,n/a,nan,n/a,n/a,n/a,n/a,n/a,n/a,n/a,False,n/a,False,n/a,False,n/a,0,0,0,0,nan,nan,nan,nan,nan,nan,nan,nan,nan,nan,0,nan,0,False,n/a,0.0,klt,healthy,normal,healthy,0.6433687559567962,n/a,303,47,0,0,0,0,0,0,0,0,0,0,0,0,0,0,0,0,0,0,0,0,0,0,0,0.0,0.0,0.0,231.2076659873128
2317,raw_data/harbor_images_sequence_06/frame002317.png,350,39,39,0.11142857142857143,350,311,0.9583333333333334,23,24,33.0,24.368572235107422,0.7914285714285715,0.005377816967666149,0.9047544002532959,0.6571093797683716,0.6179961562156677,1.2326819896697998,1.3341679573059082,0.0,nan,nan,93.27644348144531,31.61215591430664,45.16473388671875,2924.08056640625,0.0001434326171875,0.0008575439453125,0.1947865624521293,0.12955746054649353,0.0,1.0,1.0,0.99749755859375,0.7024923536512587,0.5325122501148897,0.6456949507949328,0.996956787109375,1.0,0.85585130580744,0.14414869419256005,0.85585130580744,0.9935691318327974,1.0,0.08283283984908009,0.16112951085530386,1.0064714789235276,klt,n/a,0,nan,n/a,nan,n/a,n/a,n/a,n/a,n/a,n/a,n/a,False,n/a,False,n/a,False,n/a,0,0,0,0,nan,nan,nan,nan,nan,nan,nan,nan,nan,nan,0,nan,0,False,n/a,0.0,klt,healthy,normal,healthy,0.6435548195657879,n/a,311,39,0,0,0,0,0,0,0,0,0,0,0,0,0,0,0,0,0,0,0,0,0,0,0,0.0,0.0,0.0,250.61589432880282
2318,raw_data/harbor_images_sequence_06/frame002318.png,350,34,34,0.09714285714285714,350,316,0.9166666666666666,22,24,34.0,25.24571418762207,0.8142857142857143,0.0054402342066168785,0.9014256000518799,0.6499392986297607,0.6090101599693298,1.2394521236419678,1.3380781412124634,0.0,nan,nan,93.51727294921875,31.78962516784668,45.358543395996094,2932.9599609375,0.0001495361328125,0.0008697509765625,0.1951608246447994,0.13004839420318604,0.0,1.0,1.0,0.9974517822265625,0.7064361148410373,0.5316140208524816,0.6487825897004869,0.9968963623046875,1.0,0.856560203069799,0.14343979693020104,0.856560203069799,0.9936708860759493,0.9715189873417721,0.1219781640363447,0.16223186784998228,0.9777060224359774,klt,n/a,0,nan,n/a,nan,n/a,n/a,n/a,n/a,n/a,n/a,n/a,False,n/a,False,n/a,False,n/a,0,0,0,0,nan,nan,nan,nan,nan,nan,nan,nan,nan,nan,0,nan,0,False,n/a,0.0,klt,healthy,normal,healthy,0.6435107252860007,n/a,316,34,0,0,0,0,0,0,0,0,0,0,0,0,0,0,0,0,0,0,0,0,0,0,0,0.0,0.0,0.0,254.18794387951493
2319,raw_data/harbor_images_sequence_06/frame002319.png,350,30,30,0.08571428571428572,350,320,0.9166666666666666,22,24,34.5,25.817142486572266,0.82,0.005329892970621586,0.8962353467941284,0.6379387378692627,0.599082887172699,1.2510391473770142,1.3667716979980469,0.0,nan,nan,93.63329315185547,31.847810745239258,45.47281265258789,2945.0048828125,0.000146484375,0.0008331298828125,0.1959269026214002,0.13044020533561707,0.0,1.0,1.0,0.9975509643554688,0.7077291276719835,0.5297754337086396,0.6503195759623941,0.9968304443359375,1.0,0.8566503475381473,0.14334965246185272,0.8566503475381473,0.98125,0.99375,0.12996187311752355,0.16439047936714574,1.0127378214136853,klt,n/a,0,nan,n/a,nan,n/a,n/a,n/a,n/a,n/a,n/a,n/a,False,n/a,False,n/a,False,n/a,0,0,0,0,nan,nan,nan,nan,nan,nan,nan,nan,nan,nan,0,nan,0,False,n/a,0.0,klt,healthy,normal,healthy,0.6434243808253142,n/a,320,30,0,0,0,0,0,0,0,0,0,0,0,0,0,0,0,0,0,0,0,0,0,0,0,0.0,0.0,0.0,264.5442262291908
2320,raw_data/harbor_images_sequence_06/frame002320.png,350,37,37,0.10571428571428572,350,313,0.9583333333333334,23,24,34.5,26.325714111328125,0.8257142857142857,0.005241028033196926,0.8965224027633667,0.6529638767242432,0.6178926229476929,1.2365827560424805,1.3285577297210693,0.0,nan,nan,93.4820556640625,31.885955810546875,45.40631866455078,2954.763427734375,0.00015869140625,0.00078125,0.19508025225471054,0.1304616928100586,0.0,1.0,1.0,0.997650146484375,0.7085767957899306,0.5318073945886947,0.650792245190553,0.9968963623046875,1.0,0.8571091194764815,0.1428908805235185,0.8571091194764815,0.9936102236421726,0.9968051118210862,0.10650106990245888,0.14433689735484137,1.003214424417637,klt,n/a,0,nan,n/a,nan,n/a,n/a,n/a,n/a,n/a,n/a,n/a,False,n/a,False,n/a,False,n/a,0,0,0,0,nan,nan,nan,nan,nan,nan,nan,nan,nan,nan,0,nan,0,False,n/a,0.0,klt,healthy,normal,healthy,0.6442265241058064,n/a,313,37,0,0,0,0,0,0,0,0,0,0,0,0,0,0,0,0,0,0,0,0,0,0,0,0.0,0.0,0.0,219.54730711877346
2321,raw_data/harbor_images_sequence_06/frame002321.png,350,42,42,0.12,350,308,0.9583333333333334,23,24,35.0,26.77142906188965,0.8285714285714286,0.005285048391669989,0.9020023345947266,0.6681159734725952,0.6276445388793945,1.222501277923584,1.3217395544052124,0.0,nan,nan,93.826904296875,31.916383743286133,45.63568878173828,2969.383056640625,0.000146484375,0.00078125,0.19515966677198227,0.13010621070861816,0.0,1.0,1.0,0.9976806640625,0.7092529720730252,0.5316167997472425,0.6503224194651902,0.9969842529296875,1.0,0.8571161338124811,0.14288386618751892,0.8571161338124811,0.9935064935064936,0.9935064935064936,0.10273065899437557,0.15694687787331332,0.9999989934650654,klt,n/a,0,nan,n/a,nan,n/a,n/a,n/a,n/a,n/a,n/a,n/a,False,n/a,False,n/a,False,n/a,0,0,0,0,nan,nan,nan,nan,nan,nan,nan,nan,nan,nan,0,nan,0,False,n/a,0.0,klt,healthy,normal,healthy,0.6437221248850675,n/a,308,42,0,0,0,0,0,0,0,0,0,0,0,0,0,0,0,0,0,0,0,0,0,0,0,0.0,0.0,0.0,213.1937723606825
2322,raw_data/harbor_images_sequence_06/frame002322.png,350,34,34,0.09714285714285714,350,316,0.9583333333333334,23,24,36.0,27.317142486572266,0.8142857142857143,0.004893466830253601,0.8977328538894653,0.652923583984375,0.6141422986984253,1.2366230487823486,1.3368911743164062,0.0,nan,nan,93.75980377197266,32.0099983215332,45.51602554321289,2934.0654296875,0.0001556396484375,0.0007049560546875,0.19541386024624696,0.13009028136730194,0.0,1.0,1.0,0.9978485107421875,0.7113332960340711,0.5310067354090073,0.6513263783972673,0.997088623046875,1.0,0.8574272425608966,0.14257275743910336,0.8574272425608966,0.9936708860759493,0.9968354430379747,0.1031230206212072,0.17305724740239564,1.0031837038023872,klt,n/a,0,nan,n/a,nan,n/a,n/a,n/a,n/a,n/a,n/a,n/a,False,n/a,False,n/a,False,n/a,0,0,0,0,nan,nan,nan,nan,nan,nan,nan,nan,nan,nan,0,nan,0,False,n/a,0.0,klt,healthy,normal,healthy,0.6430777101039042,n/a,316,34,0,0,0,0,0,0,0,0,0,0,0,0,0,0,0,0,0,0,0,0,0,0,0,0.0,0.0,0.0,215.1512410491705
2323,raw_data/harbor_images_sequence_06/frame002323.png,350,32,32,0.09142857142857143,350,318,0.9583333333333334,23,24,36.5,27.908571243286133,0.8142857142857143,0.004910784773528576,0.8968428373336792,0.6416312456130981,0.6109678149223328,1.247440218925476,1.33785080909729,0.0,nan,nan,93.87944030761719,32.056419372558594,45.54190444946289,2948.45361328125,0.000164794921875,0.0006500244140625,0.19538588280771302,0.1298879086971283,0.0,1.0,1.0,0.9979629516601562,0.7123648749457465,0.5310738812614888,0.6513822299663466,0.9970556640625,1.0,0.8575788900090282,0.1424211099909718,0.8575788900090282,0.9937106918238994,0.9937106918238994,0.08763747535446223,0.17233660206361276,0.9999989936718987,klt,n/a,0,nan,n/a,nan,n/a,n/a,n/a,n/a,n/a,n/a,n/a,False,n/a,False,n/a,False,n/a,0,0,0,0,nan,nan,nan,nan,nan,nan,nan,nan,nan,nan,0,nan,0,False,n/a,0.0,klt,healthy,normal,healthy,0.6431065359174555,n/a,318,32,0,0,0,0,0,0,0,0,0,0,0,0,0,0,0,0,0,0,0,0,0,0,0,0.0,0.0,0.0,237.00059717521071
2324,raw_data/harbor_images_sequence_06/frame002324.png,350,31,31,0.08857142857142856,350,319,0.9583333333333334,23,24,37.0,28.55714225769043,0.82,0.00618765177205205,0.9038535356521606,0.6585429906845093,0.6193351745605469,1.2313413619995117,1.3282582759857178,0.0,nan,nan,93.96766662597656,32.0848388671875,45.465240478515625,2901.154541015625,0.0001678466796875,0.00064697265625,0.19668205111634499,0.1293148696422577,0.0,1.0,1.0,0.9979629516601562,0.7129964192708333,0.5279630773207721,0.6503956406405478,0.9971600341796875,1.0,0.8571070342642739,0.14289296573572607,0.8571070342642739,1.0,0.987460815047022,0.16625941999266658,0.184795413076131,0.9874598275871945,klt,n/a,0,nan,n/a,nan,n/a,n/a,n/a,n/a,n/a,n/a,n/a,False,n/a,False,n/a,False,n/a,0,0,0,0,nan,nan,nan,nan,nan,nan,nan,nan,nan,nan,0,nan,0,False,n/a,0.0,klt,healthy,normal,healthy,0.6426081834769548,n/a,319,31,0,0,0,0,0,0,0,0,0,0,0,0,0,0,0,0,0,0,0,0,0,0,0,0.0,0.0,0.0,225.97546176984906
2325,raw_data/harbor_images_sequence_06/frame002325.png,350,29,29,0.08285714285714285,350,321,0.9583333333333334,23,24,38.0,29.214284896850586,0.8342857142857143,0.005913711152970791,0.901936948299408,0.6574091911315918,0.6120180487632751,1.2324011325836182,1.3397903442382812,0.0,nan,nan,93.86454772949219,32.15607452392578,45.41643524169922,2907.393798828125,0.0001739501953125,0.0005950927734375,0.19646943933823532,0.12937672436237335,0.0,1.0,1.0,0.998077392578125,0.7145794338650173,0.5284733455882352,0.6513277268469935,0.9972314453125,1.0,0.8574983014959192,0.1425016985040808,0.8574983014959192,0.9968847352024922,1.0,0.06509242171597923,0.19279484720218884,1.0031239937412437,klt,n/a,0,nan,n/a,nan,n/a,n/a,n/a,n/a,n/a,n/a,n/a,False,n/a,False,n/a,False,n/a,0,0,0,0,nan,nan,nan,nan,nan,nan,nan,nan,nan,nan,0,nan,0,False,n/a,0.0,klt,healthy,normal,healthy,0.6422882061119125,n/a,321,29,0,0,0,0,0,0,0,0,0,0,0,0,0,0,0,0,0,0,0,0,0,0,0,0.0,0.0,0.0,232.06334980204701
2326,raw_data/harbor_images_sequence_06/frame002326.png,350,27,27,0.07714285714285714,350,323,0.9583333333333334,23,24,39.0,29.948572158813477,0.8428571428571429,0.005659337155520916,0.905174970626831,0.6496067047119141,0.6142994165420532,1.2397725582122803,1.3390074968338013,0.0,nan,nan,93.92748260498047,32.2672004699707,45.276031494140625,2872.455078125,0.0001739501953125,0.0005523681640625,0.19747323129691335,0.12911389768123627,0.0,1.0,1.0,0.9981842041015625,0.7170488993326823,0.526064244887408,0.6519651262146053,0.9971600341796875,1.0,0.8575423838928804,0.1424576161071196,0.8575423838928804,0.9969040247678018,0.9907120743034056,0.23835219560785095,0.18793602358324876,0.9937878230016558,klt,n/a,0,nan,n/a,nan,n/a,n/a,n/a,n/a,n/a,n/a,n/a,False,n/a,False,n/a,False,n/a,0,0,0,0,nan,nan,nan,nan,nan,nan,nan,nan,nan,nan,0,nan,0,False,n/a,0.0,klt,healthy,normal,healthy,0.6424825590566701,n/a,323,27,0,0,0,0,0,0,0,0,0,0,0,0,0,0,0,0,0,0,0,0,0,0,0,0.0,0.0,0.0,227.61859418824315
2327,raw_data/harbor_images_sequence_06/frame002327.png,350,24,24,0.06857142857142857,350,326,0.9583333333333334,23,24,40.0,30.768571853637695,0.8485714285714285,0.00550199905410409,0.898250162601471,0.6388216018676758,0.6067929267883301,1.2501742839813232,1.3516920804977417,0.0,nan,nan,93.55474853515625,32.386497497558594,45.17994689941406,2873.82958984375,0.0001800537109375,0.00052490234375,0.19807405658796723,0.12975221872329712,0.0,1.0,1.0,0.9982376098632812,0.719699944390191,0.5246222641888787,0.6547413783844072,0.9971875,1.0,0.8579998389029886,0.1420001610970114,0.8579998389029886,0.9969325153374233,0.9938650306748467,0.14805364575717428,0.18243705312084152,0.9969220769335474,klt,n/a,0,nan,n/a,nan,n/a,n/a,n/a,n/a,n/a,n/a,n/a,False,n/a,False,n/a,False,n/a,0,0,0,0,nan,nan,nan,nan,nan,nan,nan,nan,nan,nan,0,nan,0,False,n/a,0.0,klt,healthy,normal,healthy,0.6427025178751664,n/a,326,24,0,0,0,0,0,0,0,0,0,0,0,0,0,0,0,0,0,0,0,0,0,0,0,0.0,0.0,0.0,237.6896101050079
2328,raw_data/harbor_images_sequence_06/frame002328.png,350,20,20,0.05714285714285714,350,330,0.9583333333333334,23,24,41.0,31.371429443359375,0.8485714285714285,0.006066600792109966,0.8993526697158813,0.6334502696990967,0.6072234511375427,1.255455493927002,1.3469316959381104,0.0,nan,nan,93.57135009765625,32.40987014770508,45.112205505371094,2861.57958984375,0.00018310546875,0.00047607421875,0.19631251017252607,0.12938030064105988,0.0,1.0,1.0,0.99835205078125,0.7202193366156684,0.5288499755859375,0.6541558061284248,0.9972698974609375,1.0,0.8586024536527288,0.1413975463472712,0.8586024536527288,0.9939393939393939,1.0,0.07354838246069254,0.17545225311500723,1.0060965487443259,klt,n/a,0,nan,n/a,nan,n/a,n/a,n/a,n/a,n/a,n/a,n/a,False,n/a,False,n/a,False,n/a,0,0,0,0,nan,nan,nan,nan,nan,nan,nan,nan,nan,nan,0,nan,0,False,n/a,0.0,klt,healthy,normal,healthy,0.6429819098753997,n/a,330,20,0,0,0,0,0,0,0,0,0,0,0,0,0,0,0,0,0,0,0,0,0,0,0,0.0,0.0,0.0,252.49755010008812
2329,raw_data/harbor_images_sequence_06/frame002329.png,350,22,22,0.06285714285714286,350,328,1.0,24,24,42.0,31.96285629272461,0.8457142857142858,0.006033143028616905,0.8958069086074829,0.6330075860023499,0.6065950393676758,1.2558956146240234,1.347965121269226,0.0,nan,nan,93.69189453125,32.2726936340332,45.018638610839844,2861.379150390625,0.000189208984375,0.0004791259765625,0.19310258753159482,0.12862414121627808,0.0,1.0,1.0,0.9983291625976562,0.7171709696451823,0.5365537899241725,0.6509130784959505,0.9972808837890625,1.0,0.8589239689053827,0.1410760310946173,0.8589239689053827,0.9939024390243902,0.9878048780487805,0.14161252084297032,0.18282902733072043,0.9938640307134905,klt,n/a,0,nan,n/a,nan,n/a,n/a,n/a,n/a,n/a,n/a,n/a,False,n/a,False,n/a,False,n/a,0,0,0,0,nan,nan,nan,nan,nan,nan,nan,nan,nan,nan,0,nan,0,False,n/a,0.0,klt,healthy,normal,healthy,0.6426868389067713,n/a,328,22,0,0,0,0,0,0,0,0,0,0,0,0,0,0,0,0,0,0,0,0,0,0,0,0.0,0.0,0.0,225.4860121756792
2330,raw_data/harbor_images_sequence_06/frame002330.png,350,20,20,0.05714285714285714,350,330,0.9583333333333334,23,24,41.5,32.11428451538086,0.8485714285714285,0.006012544967234135,0.8878881335258484,0.6315428018569946,0.5978016257286072,1.2573550939559937,1.3577096462249756,0.0,nan,nan,93.58213806152344,32.24687576293945,44.82056427001953,2848.25537109375,0.0001800537109375,0.0004486083984375,0.19368766335880067,0.1282140463590622,0.0,1.0,1.0,0.9984283447265625,0.7165972391764323,0.5351496079388784,0.6496941794951756,0.99720947265625,1.0,0.8585198850785984,0.14148011492140156,0.8585198850785984,0.9939393939393939,0.9878787878787879,0.16790900334432748,0.1741147066605408,0.9939014390625766,klt,n/a,0,nan,n/a,nan,n/a,n/a,n/a,n/a,n/a,n/a,n/a,False,n/a,False,n/a,False,n/a,0,0,0,0,nan,nan,nan,nan,nan,nan,nan,nan,nan,nan,0,nan,0,False,n/a,0.0,klt,healthy,normal,healthy,0.6430354117335784,n/a,330,20,0,0,0,0,0,0,0,0,0,0,0,0,0,0,0,0,0,0,0,0,0,0,0,0.0,0.0,0.0,233.36731595918536
2331,raw_data/harbor_images_sequence_06/frame002331.png,350,23,23,0.06571428571428571,350,327,0.9583333333333334,23,24,42.0,32.79428482055664,0.8542857142857143,0.005909403786063194,0.8899665474891663,0.6384283304214478,0.5963717699050903,1.250558614730835,1.3637654781341553,0.0,nan,nan,93.46548461914062,32.12577819824219,44.700687408447266,2839.853759765625,0.0001861572265625,0.0003936767578125,0.1926674038756128,0.12832972407341003,0.0,1.0,1.0,0.9985504150390625,0.7139061821831597,0.5375982306985293,0.6486115548947845,0.99734130859375,1.0,0.85843240906746,0.14156759093254,0.85843240906746,0.9969418960244648,1.0,0.11848012988153547,0.175370796631134,1.0030664785192072,klt,n/a,0,nan,n/a,nan,n/a,n/a,n/a,n/a,n/a,n/a,n/a,False,n/a,False,n/a,False,n/a,0,0,0,0,nan,nan,nan,nan,nan,nan,nan,nan,nan,nan,0,nan,0,False,n/a,0.0,klt,healthy,normal,healthy,0.6429851681347547,n/a,327,23,0,0,0,0,0,0,0,0,0,0,0,0,0,0,0,0,0,0,0,0,0,0,0,0.0,0.0,0.0,215.74343089014292
2332,raw_data/harbor_images_sequence_06/frame002332.png,350,25,25,0.07142857142857142,350,325,0.9583333333333334,23,24,43.0,33.2400016784668,0.8485714285714285,0.005911157466471195,0.8929586410522461,0.6453227400779724,0.6024897694587708,1.2438708543777466,1.3470957279205322,0.0,nan,nan,93.18930053710938,31.95011329650879,44.43721008300781,2810.675048828125,0.0001922607421875,0.00040283203125,0.1935527457442938,0.12808331847190857,0.0,1.0,1.0,0.9985122680664062,0.7100025177001953,0.5354734102136949,0.6460997099226171,0.9974346923828125,1.0,0.8573660984555922,0.1426339015444078,0.8573660984555922,0.9907692307692307,0.9969230769230769,0.19312690104392594,0.17272094112413228,1.0062101645394301,klt,n/a,0,nan,n/a,nan,n/a,n/a,n/a,n/a,n/a,n/a,n/a,False,n/a,False,n/a,False,n/a,0,0,0,0,nan,nan,nan,nan,nan,nan,nan,nan,nan,nan,0,nan,0,False,n/a,0.0,klt,healthy,normal,healthy,0.6430911623550347,n/a,325,25,0,0,0,0,0,0,0,0,0,0,0,0,0,0,0,0,0,0,0,0,0,0,0,0.0,0.0,0.0,230.70190427824855
2333,raw_data/harbor_images_sequence_06/frame002333.png,350,21,21,0.06,350,329,0.9583333333333334,23,24,44.0,33.922855377197266,0.8714285714285714,0.006769134197384119,0.8993216753005981,0.6459324359893799,0.6042118668556213,1.2432847023010254,1.352249026298523,0.0,nan,nan,93.44087219238281,31.866870880126953,44.22832489013672,2807.979248046875,0.000177001953125,0.0003662109375,0.19377013860964312,0.12758395075798035,0.0,1.0,1.0,0.9986419677734375,0.7081526862250433,0.5349516673368565,0.644039867562477,0.9975115966796875,1.0,0.8568440718152561,0.14315592818474387,0.8568440718152561,0.9908814589665653,1.0,0.3251972977817337,0.16226928672171217,1.0092014354991647,klt,n/a,0,nan,n/a,nan,n/a,n/a,n/a,n/a,n/a,n/a,n/a,False,n/a,False,n/a,False,n/a,0,0,0,0,nan,nan,nan,nan,nan,nan,nan,nan,nan,nan,0,nan,0,False,n/a,0.0,klt,healthy,normal,healthy,0.6435092285311316,n/a,329,21,0,0,0,0,0,0,0,0,0,0,0,0,0,0,0,0,0,0,0,0,0,0,0,0.0,0.0,0.0,228.22678508237004
2334,raw_data/harbor_images_sequence_06/frame002334.png,350,20,20,0.05714285714285714,350,330,0.9583333333333334,23,24,44.0,34.362857818603516,0.8685714285714285,0.006383881904184818,0.8961504101753235,0.6405361890792847,0.6016070246696472,1.2485102415084839,1.3538312911987305,0.0,nan,nan,92.81993103027344,31.77587127685547,44.035240173339844,2763.591064453125,0.0002044677734375,0.000341796875,0.1949006802428003,0.12781551480293274,0.0,1.0,1.0,0.9986343383789062,0.7061304728190104,0.5322383674172793,0.6435550427798069,0.9974896240234375,1.0,0.8561611313571522,0.14383886864284778,0.8561611313571522,0.996969696969697,0.996969696969697,0.11473972065936953,0.15681806581482127,0.9999989969614924,klt,n/a,0,nan,n/a,nan,n/a,n/a,n/a,n/a,n/a,n/a,n/a,False,n/a,False,n/a,False,n/a,0,0,0,0,nan,nan,nan,nan,nan,nan,nan,nan,nan,nan,0,nan,0,False,n/a,0.0,klt,healthy,normal,healthy,0.6437272773674072,n/a,330,20,0,0,0,0,0,0,0,0,0,0,0,0,0,0,0,0,0,0,0,0,0,0,0,0.0,0.0,0.0,218.54860614985228
2335,raw_data/harbor_images_sequence_06/frame002335.png,350,19,19,0.054285714285714284,350,331,0.9583333333333334,23,24,44.0,34.931427001953125,0.8714285714285714,0.0058403899893164635,0.8900038599967957,0.6292521953582764,0.5963918566703796,1.259629487991333,1.357011079788208,0.0,nan,nan,92.83827209472656,31.746475219726562,43.85383224487305,2767.1826171875,0.0001922607421875,0.0003509521484375,0.1961731585334329,0.1272590160369873,0.0,1.0,1.0,0.9986419677734375,0.7054772271050347,0.529184419519761,0.6419636500002157,0.9975665283203125,1.0,0.8554697518174279,0.1445302481825721,0.8554697518174279,0.9969788519637462,1.0,0.08609577930379864,0.15631605825955583,1.0030292969615233,klt,n/a,0,nan,n/a,nan,n/a,n/a,n/a,n/a,n/a,n/a,n/a,False,n/a,False,n/a,False,n/a,0,0,0,0,nan,nan,nan,nan,nan,nan,nan,nan,nan,nan,0,nan,0,False,n/a,0.0,klt,healthy,normal,healthy,0.6437473576696178,n/a,331,19,0,0,0,0,0,0,0,0,0,0,0,0,0,0,0,0,0,0,0,0,0,0,0,0.0,0.0,0.0,218.98075472563505
2336,raw_data/harbor_images_sequence_06/frame002336.png,350,20,20,0.05714285714285714,350,330,0.9583333333333334,23,24,44.5,35.1542854309082,0.8714285714285714,0.0068739028647542,0.8912895917892456,0.6380218267440796,0.5959165096282959,1.2509565353393555,1.355542540550232,0.0,nan,nan,92.87303924560547,31.58169174194336,43.50581741333008,2726.99853515625,0.0001922607421875,0.000341796875,0.1967494500852099,0.1263115406036377,0.0,1.0,1.0,0.9986648559570312,0.7018153720431858,0.5278013197954963,0.6379793692116786,0.9975885009765625,1.0,0.8543626464953908,0.14563735350460916,0.8543626464953908,0.9636363636363636,0.9757575757575757,0.3330019601684543,0.15062412588599045,1.0125775655641616,klt,n/a,0,nan,n/a,nan,n/a,n/a,n/a,n/a,n/a,n/a,n/a,False,n/a,False,n/a,False,n/a,0,0,0,0,nan,nan,nan,nan,nan,nan,nan,nan,nan,nan,0,nan,0,False,n/a,0.0,klt,healthy,normal,healthy,0.6439750349645604,n/a,330,20,0,0,0,0,0,0,0,0,0,0,0,0,0,0,0,0,0,0,0,0,0,0,0,0.0,0.0,0.0,222.24193764850497
2337,raw_data/harbor_images_sequence_06/frame002337.png,350,22,22,0.06285714285714286,350,328,0.9583333333333334,23,24,45.5,35.58571243286133,0.8628571428571429,0.00660103652626276,0.9013708829879761,0.6374490261077881,0.6026552319526672,1.2515180110931396,1.3462295532226562,0.0,nan,nan,92.72990417480469,31.486555099487305,43.18573760986328,2707.89697265625,0.000189208984375,0.0003143310546875,0.1977807377833947,0.12591473758220673,0.0,1.0,1.0,0.9987411499023438,0.6997012244330512,0.5253262293198527,0.6360204703579044,0.997703857421875,1.0,0.8535434449132879,0.14645655508671207,0.8535434449132879,1.0,0.9847560975609756,0.11554886800180653,0.17573484275667334,0.9847551128058629,klt,n/a,0,nan,n/a,nan,n/a,n/a,n/a,n/a,n/a,n/a,n/a,False,n/a,False,n/a,False,n/a,0,0,0,0,nan,nan,nan,nan,nan,nan,nan,nan,nan,nan,0,nan,0,False,n/a,0.0,klt,healthy,normal,healthy,0.6429706062897331,n/a,328,22,0,0,0,0,0,0,0,0,0,0,0,0,0,0,0,0,0,0,0,0,0,0,0,0.0,0.0,0.0,205.9803199954331
2338,raw_data/harbor_images_sequence_06/frame002338.png,350,20,20,0.05714285714285714,350,330,0.9583333333333334,23,24,42.5,35.96285629272461,0.8685714285714285,0.006382010877132416,0.8844918012619019,0.6289935111999512,0.5921180248260498,1.2598897218704224,1.3642058372497559,0.0,nan,nan,92.678955078125,31.30437660217285,42.88117980957031,2657.91796875,0.0001953125,0.00037841796875,0.1962405963972503,0.12477362155914307,0.0,1.0,1.0,0.998565673828125,0.6956528133816189,0.5290225686465992,0.6314028193252255,0.9976708984375,1.0,0.8529979703009702,0.14700202969902976,0.8529979703009702,0.9818181818181818,1.0,0.12710030853014634,0.17392533947153715,1.0185174811396025,klt,n/a,0,nan,n/a,nan,n/a,n/a,n/a,n/a,n/a,n/a,n/a,False,n/a,False,n/a,False,n/a,0,0,0,0,nan,nan,nan,nan,nan,nan,nan,nan,nan,nan,0,nan,0,False,n/a,0.0,klt,healthy,normal,healthy,0.6430429864211386,n/a,330,20,0,0,0,0,0,0,0,0,0,0,0,0,0,0,0,0,0,0,0,0,0,0,0,0.0,0.0,0.0,204.82473727315664
2339,raw_data/harbor_images_sequence_06/frame002339.png,350,17,17,0.04857142857142857,350,333,0.9583333333333334,23,24,43.5,36.80571365356445,0.8828571428571429,0.006438780575990677,0.891065239906311,0.6358370780944824,0.591630220413208,1.253104329109192,1.3613955974578857,0.0,nan,nan,92.77745056152344,31.274921417236328,42.55725860595703,2622.869873046875,0.00018310546875,0.0004058837890625,0.19611541448854933,0.12386035174131393,0.0,1.0,1.0,0.9985275268554688,0.6949982537163628,0.5293230052274817,0.6289999262702586,0.9976544189453125,1.0,0.852667570689617,0.14733242931038304,0.852667570689617,0.993993993993994,1.0,0.14158301993003783,0.16801610150537322,1.0060412839524242,klt,n/a,0,nan,n/a,nan,n/a,n/a,n/a,n/a,n/a,n/a,n/a,False,n/a,False,n/a,False,n/a,0,0,0,0,nan,nan,nan,nan,nan,nan,nan,nan,nan,nan,0,nan,0,False,n/a,0.0,klt,healthy,normal,healthy,0.6432793559397851,n/a,333,17,0,0,0,0,0,0,0,0,0,0,0,0,0,0,0,0,0,0,0,0,0,0,0,0.0,0.0,0.0,222.77575684711337
2340,raw_data/harbor_images_sequence_06/frame002340.png,350,21,21,0.06,350,329,0.9583333333333334,23,24,43.5,37.388572692871094,0.8857142857142857,0.006807468365877867,0.8915374279022217,0.6249541640281677,0.5974750518798828,1.2639487981796265,1.3466490507125854,0.0,nan,nan,92.61195373535156,31.324018478393555,42.23529815673828,2591.65771484375,0.0001953125,0.0004638671875,0.19790644926183365,0.12290826439857483,0.0,1.0,1.0,0.99835205078125,0.6960892995198568,0.5250245217715992,0.6273816143021439,0.9975994873046875,1.0,0.8519781580386951,0.14802184196130486,0.8519781580386951,0.9969604863221885,0.9969604863221885,0.1429002050573861,0.18897602082806164,0.9999989969522256,klt,n/a,0,nan,n/a,nan,n/a,n/a,n/a,n/a,n/a,n/a,n/a,False,n/a,False,n/a,False,n/a,0,0,0,0,nan,nan,nan,nan,nan,nan,nan,nan,nan,nan,0,nan,0,False,n/a,0.0,klt,healthy,normal,healthy,0.6424409591668776,n/a,329,21,0,0,0,0,0,0,0,0,0,0,0,0,0,0,0,0,0,0,0,0,0,0,0,0.0,0.0,0.0,216.4553953334689
2341,raw_data/harbor_images_sequence_06/frame002341.png,350,22,22,0.06285714285714286,350,328,0.9583333333333334,23,24,44.0,37.82857131958008,0.8885714285714286,0.006199805531650782,0.8918311595916748,0.6321186423301697,0.600063145160675,1.25677490234375,1.347593069076538,0.0,nan,nan,92.4372787475586,31.3048095703125,41.892845153808594,2547.939453125,0.000189208984375,0.0004852294921875,0.19971204271503523,0.12187018990516663,0.0,1.0,1.0,0.9983139038085938,0.6956624348958333,0.5206910974839154,0.6248089217778408,0.9976214599609375,1.0,0.8510082725032766,0.1489917274967234,0.8510082725032766,0.9908536585365854,0.9939024390243902,0.21314778498234133,0.20387151707743034,1.00307591074185,klt,n/a,0,nan,n/a,nan,n/a,n/a,n/a,n/a,n/a,n/a,n/a,False,n/a,False,n/a,False,n/a,0,0,0,0,nan,nan,nan,nan,nan,nan,nan,nan,nan,nan,0,nan,0,False,n/a,0.0,klt,healthy,normal,healthy,0.6418451393169029,n/a,328,22,0,0,0,0,0,0,0,0,0,0,0,0,0,0,0,0,0,0,0,0,0,0,0,0.0,0.0,0.0,209.55836912617087
2342,raw_data/harbor_images_sequence_06/frame002342.png,350,17,17,0.04857142857142857,350,333,0.9583333333333334,23,24,44.0,38.33142852783203,0.8914285714285715,0.007559845689684153,0.8891352415084839,0.6193411350250244,0.5988031625747681,1.2696521282196045,1.344686508178711,0.0,nan,nan,92.34830474853516,31.290115356445312,41.51275634765625,2497.900146484375,0.00018310546875,0.000482177734375,0.20101628023035387,0.1210859939455986,0.0,1.0,1.0,0.9983367919921875,0.6953358968098958,0.5175609274471508,0.6228633891903993,0.99769287109375,1.0,0.850304431467324,0.14969556853267596,0.850304431467324,1.0,1.0,0.09236638288388493,0.1931736548492617,0.9999990000010001,klt,n/a,0,nan,n/a,nan,n/a,n/a,n/a,n/a,n/a,n/a,n/a,False,n/a,False,n/a,False,n/a,0,0,0,0,nan,nan,nan,nan,nan,nan,nan,nan,nan,nan,0,nan,0,False,n/a,0.0,klt,healthy,normal,healthy,0.6422730538060296,n/a,333,17,0,0,0,0,0,0,0,0,0,0,0,0,0,0,0,0,0,0,0,0,0,0,0,0.0,0.0,0.0,215.20027006044984
2343,raw_data/harbor_images_sequence_06/frame002343.png,350,21,21,0.06,350,329,0.9583333333333334,23,24,45.0,38.83142852783203,0.8714285714285714,0.00667428458109498,0.8840122222900391,0.6142615079879761,0.5960106253623962,1.2748889923095703,1.3474769592285156,0.0,nan,nan,92.05870056152344,31.148555755615234,41.090885162353516,2418.264404296875,0.0001922607421875,0.000482177734375,0.19816145055434284,0.12045536935329437,0.0,1.0,1.0,0.9983139038085938,0.6921901279025607,0.5244125186695772,0.6198572670269493,0.9975665283203125,1.0,0.8505151001615321,0.1494848998384679,0.8505151001615321,1.0,0.9969604863221885,0.10421406112159382,0.22011139370294994,0.9969594893626992,klt,n/a,0,nan,n/a,nan,n/a,n/a,n/a,n/a,n/a,n/a,n/a,False,n/a,False,n/a,False,n/a,0,0,0,0,nan,nan,nan,nan,nan,nan,nan,nan,nan,nan,0,nan,0,False,n/a,0.0,klt,healthy,normal,healthy,0.6411955442518821,n/a,329,21,0,0,0,0,0,0,0,0,0,0,0,0,0,0,0,0,0,0,0,0,0,0,0,0.0,0.0,0.0,209.54914903268218
2344,raw_data/harbor_images_sequence_06/frame002344.png,350,22,22,0.06285714285714286,350,328,0.9583333333333334,23,24,44.5,39.27714157104492,0.8628571428571429,0.007393195293843746,0.8898611068725586,0.622677206993103,0.5966625809669495,1.266251802444458,1.3507239818572998,0.0,nan,nan,91.69266510009766,31.02088165283203,40.77595138549805,2383.409912109375,0.0001983642578125,0.000469970703125,0.1981202308804382,0.11953632533550262,0.0,1.0,1.0,0.9983291625976562,0.6893529256184896,0.5245114458869483,0.6163499294808417,0.997703857421875,1.0,0.8497776759931239,0.15022232400687607,0.8497776759931239,0.9939024390243902,1.0,0.22052625806777126,0.22515602401300716,1.0061339570185954,klt,n/a,0,nan,n/a,nan,n/a,n/a,n/a,n/a,n/a,n/a,n/a,False,n/a,False,n/a,False,n/a,0,0,0,0,nan,nan,nan,nan,nan,nan,nan,nan,nan,nan,0,nan,0,False,n/a,0.0,klt,healthy,normal,healthy,0.6409937590394797,n/a,328,22,0,0,0,0,0,0,0,0,0,0,0,0,0,0,0,0,0,0,0,0,0,0,0,0.0,0.0,0.0,205.33066662028432
2345,raw_data/harbor_images_sequence_06/frame002345.png,350,25,25,0.07142857142857142,350,325,0.9166666666666666,22,24,43.0,39.11714172363281,0.86,0.0072504254058003426,0.8960565328598022,0.6375423073768616,0.6038442254066467,1.2514259815216064,1.3419866561889648,0.0,nan,nan,91.90083312988281,30.79594612121582,40.454933166503906,2343.354248046875,0.0001708984375,0.000518798828125,0.19185517554189643,0.11858761310577393,0.0,1.0,1.0,0.9982757568359375,0.6843543582492404,0.5395475786994486,0.6116944816377428,0.99771484375,1.0,0.8507185032496734,0.14928149675032665,0.8507185032496734,0.9876923076923076,0.963076923076923,0.16581056557551135,0.25201298515104414,0.9750768943925524,klt,n/a,0,nan,n/a,nan,n/a,n/a,n/a,n/a,n/a,n/a,n/a,False,n/a,False,n/a,False,n/a,0,0,0,0,nan,nan,nan,nan,nan,nan,nan,nan,nan,nan,0,nan,0,False,n/a,0.0,klt,healthy,normal,healthy,0.6399194805939583,n/a,325,25,0,0,0,0,0,0,0,0,0,0,0,0,0,0,0,0,0,0,0,0,0,0,0,0.0,0.0,0.0,214.70211911946535
2346,raw_data/harbor_images_sequence_06/frame002346.png,350,20,20,0.05714285714285714,350,330,0.9166666666666666,22,24,44.0,39.65999984741211,0.86,0.0076744575053453445,0.8875544667243958,0.6260584592819214,0.5917062163352966,1.2628333568572998,1.3588109016418457,0.0,nan,nan,91.75972747802734,30.78482437133789,40.03418731689453,2297.699462890625,0.0001800537109375,0.0005706787109375,0.19312964645086547,0.11827561259269714,0.0,1.0,1.0,0.9981231689453125,0.6841072082519531,0.5364888485179229,0.6108618145639246,0.9975775146484375,1.0,0.8501341526827582,0.14986584731724184,0.8501341526827582,0.9848484848484849,0.9090909090909091,0.15477434654046057,0.2835921891296297,0.9230759857997682,klt,n/a,0,nan,n/a,nan,n/a,n/a,n/a,n/a,n/a,n/a,n/a,False,n/a,False,n/a,False,n/a,0,0,0,0,nan,nan,nan,nan,nan,nan,nan,nan,nan,nan,0,nan,0,False,n/a,0.0,klt,healthy,normal,healthy,0.5971926443735218,n/a,330,20,0,0,0,0,0,0,0,0,0,0,0,0,0,0,0,0,0,0,0,0,0,0,0,0.0,0.0,0.0,208.90933694317937
2347,raw_data/harbor_images_sequence_06/frame002347.png,350,22,22,0.06285714285714286,350,328,0.9583333333333334,23,24,45.0,40.10857009887695,0.8628571428571429,0.007638324052095413,0.8908364772796631,0.6374671459197998,0.5915938019752502,1.2514996528625488,1.3643205165863037,0.0,nan,nan,91.72943115234375,30.830921173095703,39.625675201416016,2244.45458984375,0.0001708984375,0.0006134033203125,0.1938766120461857,0.11712916940450668,0.0,1.0,1.0,0.9980392456054688,0.685131581624349,0.5346961310891544,0.6087684485496896,0.9975006103515625,1.0,0.8497402080671161,0.15025979193288386,0.8497402080671161,0.9908536585365854,0.9878048780487805,0.2018357833447174,0.26855353781336977,0.9969220707986485,klt,n/a,0,nan,n/a,nan,n/a,n/a,n/a,n/a,n/a,n/a,n/a,False,n/a,False,n/a,False,n/a,0,0,0,0,nan,nan,nan,nan,nan,nan,nan,nan,nan,nan,0,nan,0,False,n/a,0.0,klt,healthy,normal,healthy,0.6392578584874653,n/a,328,22,0,0,0,0,0,0,0,0,0,0,0,0,0,0,0,0,0,0,0,0,0,0,0,0.0,0.0,0.0,215.98050417378545
2348,raw_data/harbor_images_sequence_06/frame002348.png,350,21,21,0.06,350,329,0.9583333333333334,23,24,43.0,40.45428466796875,0.8628571428571429,0.008558657020330429,0.8928349018096924,0.6290304064750671,0.5895052552223206,1.2598512172698975,1.368457555770874,0.0,nan,nan,91.55416107177734,30.506561279296875,39.259437561035156,2210.795166015625,0.000164794921875,0.0006744384765625,0.19136615229587925,0.11624810099601746,0.0,1.0,1.0,0.9979019165039062,0.677923583984375,0.5407212344898898,0.6031620215285909,0.997418212890625,1.0,0.8490245682440467,0.1509754317559533,0.8490245682440467,1.0,0.9726443768996961,0.13884599642734233,0.28018482451319693,0.9726434042562919,klt,n/a,0,nan,n/a,nan,n/a,n/a,n/a,n/a,n/a,n/a,n/a,False,n/a,False,n/a,False,n/a,0,0,0,0,nan,nan,nan,nan,nan,nan,nan,nan,nan,nan,0,nan,0,False,n/a,0.0,klt,healthy,normal,healthy,0.6387926070194722,n/a,329,21,0,0,0,0,0,0,0,0,0,0,0,0,0,0,0,0,0,0,0,0,0,0,0,0.0,0.0,0.0,206.11008210107684
2349,raw_data/harbor_images_sequence_06/frame002349.png,350,23,23,0.06571428571428571,350,327,0.9583333333333334,23,24,44.0,41.040000915527344,0.8542857142857143,0.008883194997906685,0.8865375518798828,0.6175687313079834,0.5960851907730103,1.2714698314666748,1.349459171295166,0.0,nan,nan,91.33546447753906,30.42152976989746,38.98677062988281,2173.580810546875,0.00015869140625,0.0006866455078125,0.1890536439185049,0.11513958126306534,0.0,1.0,1.0,0.9978866577148438,0.6760339948866102,0.5462712545955882,0.5996978639502718,0.9973358154296875,1.0,0.8491523465553708,0.15084765344462925,0.8491523465553708,1.0,1.0,0.18753891260700034,0.2934621672105598,0.9999990000010001,klt,n/a,0,nan,n/a,nan,n/a,n/a,n/a,n/a,n/a,n/a,n/a,False,n/a,False,n/a,False,n/a,0,0,0,0,nan,nan,nan,nan,nan,nan,nan,nan,nan,nan,0,nan,0,False,n/a,0.0,klt,healthy,normal,healthy,0.6382615133115777,n/a,327,23,0,0,0,0,0,0,0,0,0,0,0,0,0,0,0,0,0,0,0,0,0,0,0,0.0,0.0,0.0,209.81276407837868
2350,raw_data/harbor_images_sequence_06/frame002350.png,350,23,23,0.06571428571428571,350,327,0.9583333333333334,23,24,43.5,41.388572692871094,0.8485714285714285,0.009307087399065495,0.8920265436172485,0.6385968923568726,0.5993350744247437,1.2503941059112549,1.352107286453247,0.0,nan,nan,91.07476806640625,30.405607223510742,38.5756950378418,2136.2021484375,0.0001678466796875,0.00072021484375,0.18682134890088845,0.11447411775588989,0.0,1.0,1.0,0.9977798461914062,0.6756801605224609,0.5516287626378678,0.5980085297064348,0.9971820068359375,1.0,0.849635171549894,0.15036482845010601,0.849635171549894,0.9938837920489296,1.0,0.1164456690307738,0.29616564728041156,1.0061528338093026,klt,n/a,0,nan,n/a,nan,n/a,n/a,n/a,n/a,n/a,n/a,n/a,False,n/a,False,n/a,False,n/a,0,0,0,0,nan,nan,nan,nan,nan,nan,nan,nan,nan,nan,0,nan,0,False,n/a,0.0,klt,healthy,normal,healthy,0.6381533741087836,n/a,327,23,0,0,0,0,0,0,0,0,0,0,0,0,0,0,0,0,0,0,0,0,0,0,0,0.0,0.0,0.0,208.9384770952165
2351,raw_data/harbor_images_sequence_06/frame002351.png,350,25,25,0.07142857142857142,350,325,0.9583333333333334,23,24,43.5,41.66285705566406,0.8485714285714285,0.00928457546979189,0.8932337760925293,0.6358155012130737,0.5912137031555176,1.253122091293335,1.3627561330795288,0.0,nan,nan,90.67213439941406,30.25371742248535,38.34949493408203,2133.488037109375,0.000164794921875,0.0007598876953125,0.18434578989066333,0.1136021614074707,0.0,1.0,1.0,0.9976882934570312,0.6723048316107856,0.5575701042624079,0.5943391462769172,0.9971490478515626,1.0,0.849608630029199,0.15039136997080105,0.849608630029199,0.9538461538461539,0.9969230769230769,0.16573418456762049,0.33833805352715685,1.0451601945901186,klt,n/a,0,nan,n/a,nan,n/a,n/a,n/a,n/a,n/a,n/a,n/a,False,n/a,False,n/a,False,n/a,0,0,0,0,nan,nan,nan,nan,nan,nan,nan,nan,nan,nan,0,nan,0,False,n/a,0.0,klt,healthy,normal,healthy,0.6364664778589137,n/a,325,25,0,0,0,0,0,0,0,0,0,0,0,0,0,0,0,0,0,0,0,0,0,0,0,0.0,0.0,0.0,210.68600099533796
2352,raw_data/harbor_images_sequence_06/frame002352.png,350,21,21,0.06,350,329,0.9583333333333334,23,24,44.0,42.2542839050293,0.86,0.008282870054244995,0.8848729133605957,0.6260864734649658,0.5816930532455444,1.2628059387207031,1.3831764459609985,0.0,nan,nan,91.26663970947266,29.93041229248047,38.04926300048828,2099.0185546875,0.000140380859375,0.0008819580078125,0.176372169045841,0.11103684455156326,0.0,1.0,1.0,0.9974441528320312,0.6651202731662327,0.5767067942899816,0.5849166014730329,0.997000732421875,1.0,0.8502567184424656,0.14974328155753436,0.8502567184424656,0.9635258358662614,1.0,0.18936660776595923,0.30838227824848546,1.0378538124482515,klt,n/a,0,nan,n/a,nan,n/a,n/a,n/a,n/a,n/a,n/a,n/a,False,n/a,False,n/a,False,n/a,0,0,0,0,nan,nan,nan,nan,nan,nan,nan,nan,nan,nan,0,nan,0,False,n/a,0.0,klt,healthy,normal,healthy,0.6376647088700607,n/a,329,21,0,0,0,0,0,0,0,0,0,0,0,0,0,0,0,0,0,0,0,0,0,0,0,0.0,0.0,0.0,223.95163029432297
2353,raw_data/harbor_images_sequence_06/frame002353.png,350,17,17,0.04857142857142857,350,333,0.9583333333333334,23,24,45.0,42.751426696777344,0.8685714285714285,0.00952321570366621,0.8812998533248901,0.612415075302124,0.5768899917602539,1.2768070697784424,1.3918185234069824,0.0,nan,nan,91.1847152709961,29.795215606689453,37.7051887512207,2061.00927734375,0.0001495361328125,0.0009033203125,0.17360011979645376,0.10967938601970673,0.0,1.0,1.0,0.9973678588867188,0.6621159023708767,0.583359712488511,0.5803292830484081,0.996978759765625,1.0,0.8502666506510494,0.14973334934895055,0.8502666506510494,0.993993993993994,0.993993993993994,0.15108263500908103,0.2996141171217711,0.999998993958716,klt,n/a,0,nan,n/a,nan,n/a,n/a,n/a,n/a,n/a,n/a,n/a,False,n/a,False,n/a,False,n/a,0,0,0,0,nan,nan,nan,nan,nan,nan,nan,nan,nan,nan,0,nan,0,False,n/a,0.0,klt,healthy,normal,healthy,0.6380154353151292,n/a,333,17,0,0,0,0,0,0,0,0,0,0,0,0,0,0,0,0,0,0,0,0,0,0,0,0.0,0.0,0.0,219.4705018773675
2354,raw_data/harbor_images_sequence_06/frame002354.png,350,24,24,0.06857142857142857,350,326,0.9583333333333334,23,24,46.0,43.42571258544922,0.8657142857142858,0.00887223705649376,0.885252058506012,0.6125366687774658,0.5971497297286987,1.2766742706298828,1.3538779020309448,0.0,nan,nan,90.96403503417969,29.790498733520508,37.31194305419922,2016.3046875,0.0001434326171875,0.000927734375,0.17353515026616123,0.10855519771575928,0.0,1.0,1.0,0.9973220825195312,0.6620110829671224,0.5835156393612131,0.5777218999284687,0.997000732421875,1.0,0.8499588413056969,0.15004115869430312,0.8499588413056969,0.9877300613496932,0.9754601226993865,0.09320847917983623,0.3096189543925012,0.9875766399068802,klt,n/a,0,nan,n/a,nan,n/a,n/a,n/a,n/a,n/a,n/a,n/a,False,n/a,False,n/a,False,n/a,0,0,0,0,nan,nan,nan,nan,nan,nan,nan,nan,nan,nan,0,nan,0,False,n/a,0.0,klt,healthy,normal,healthy,0.6376152418243,n/a,326,24,0,0,0,0,0,0,0,0,0,0,0,0,0,0,0,0,0,0,0,0,0,0,0,0.0,0.0,0.0,215.18210787326097
2355,raw_data/harbor_images_sequence_06/frame002355.png,350,23,23,0.06571428571428571,350,327,0.9583333333333334,23,24,46.5,44.051429748535156,0.8742857142857143,0.008537586778402328,0.8896363973617554,0.6302341222763062,0.5979712605476379,1.258650779724121,1.354658603668213,0.0,nan,nan,91.3670883178711,29.817407608032227,37.11736297607422,2012.815185546875,0.00013427734375,0.0009765625,0.17451802571614586,0.10727262496948242,0.0,1.0,1.0,0.997222900390625,0.6626090579562717,0.5811567382812499,0.5751059493633232,0.9969073486328125,1.0,0.84936893320257,0.15063106679743,0.84936893320257,1.0,0.9908256880733946,0.24308887896905879,0.30907989050058,0.9908246972486974,klt,n/a,0,nan,n/a,nan,n/a,n/a,n/a,n/a,n/a,n/a,n/a,False,n/a,False,n/a,False,n/a,0,0,0,0,nan,nan,nan,nan,nan,nan,nan,nan,nan,nan,0,nan,0,False,n/a,0.0,klt,healthy,normal,healthy,0.6376368043799768,n/a,327,23,0,0,0,0,0,0,0,0,0,0,0,0,0,0,0,0,0,0,0,0,0,0,0,0.0,0.0,0.0,210.33746423199773
2356,raw_data/harbor_images_sequence_06/frame002356.png,350,21,21,0.06,350,329,0.9583333333333334,23,24,45.0,44.15999984741211,0.8714285714285714,0.010317666456103325,0.8846868276596069,0.6197142004966736,0.5857223272323608,1.269273281097412,1.371690034866333,0.0,nan,nan,90.79774475097656,29.608592987060547,36.93736267089844,2017.703857421875,0.00015869140625,0.0009918212890625,0.17532403684129902,0.10686050355434418,0.0,1.0,1.0,0.9971237182617188,0.65796873304579,0.5792223115808823,0.5718491473282227,0.9968359375,1.0,0.8481342717076112,0.15186572829238876,0.8481342717076112,0.9665653495440729,0.9969604863221885,0.28433943589956856,0.32821969034520493,1.0314454737560979,klt,n/a,0,nan,n/a,nan,n/a,n/a,n/a,n/a,n/a,n/a,n/a,False,n/a,False,n/a,False,n/a,0,0,0,0,nan,nan,nan,nan,nan,nan,nan,nan,nan,nan,0,nan,0,False,n/a,0.0,klt,healthy,normal,healthy,0.6368712123861918,n/a,329,21,0,0,0,0,0,0,0,0,0,0,0,0,0,0,0,0,0,0,0,0,0,0,0,0.0,0.0,0.0,213.73896999284625
2357,raw_data/harbor_images_sequence_06/frame002357.png,350,28,28,0.08,350,322,0.9583333333333334,23,24,46.0,44.6485710144043,0.8571428571428571,0.010090988129377365,0.8931935429573059,0.6295753717422485,0.6019092798233032,1.259307861328125,1.3439602851867676,0.0,nan,nan,90.73664855957031,29.66055679321289,36.78566360473633,2034.2203369140625,0.000146484375,0.001007080078125,0.17588629329905792,0.10646988451480865,0.0,1.0,1.0,0.9971160888671875,0.6591234842936198,0.577872896082261,0.5715387524077387,0.996824951171875,1.0,0.8480451015900545,0.15195489840994547,0.8480451015900545,0.9720496894409938,1.0,0.3030479181572442,0.3123517949624531,1.028752935276533,klt,n/a,0,nan,n/a,nan,n/a,n/a,n/a,n/a,n/a,n/a,n/a,False,n/a,False,n/a,False,n/a,0,0,0,0,nan,nan,nan,nan,nan,nan,nan,nan,nan,nan,0,nan,0,False,n/a,0.0,klt,healthy,normal,healthy,0.6375059282015019,n/a,322,28,0,0,0,0,0,0,0,0,0,0,0,0,0,0,0,0,0,0,0,0,0,0,0,0.0,0.0,0.0,205.0517899915576
2358,raw_data/harbor_images_sequence_06/frame002358.png,350,28,28,0.08,350,322,0.9583333333333334,23,24,47.0,45.09714126586914,0.8485714285714285,0.010466119274497032,0.8934036493301392,0.6286026239395142,0.5986503958702087,1.2602795362472534,1.3520561456680298,0.0,nan,nan,90.85416412353516,29.55260467529297,36.708839416503906,2039.849365234375,0.0001434326171875,0.001080322265625,0.1768182821834789,0.10578453540802002,0.0,1.0,1.0,0.9969406127929688,0.6567245483398437,0.5756361227596507,0.5687816728245128,0.9967205810546875,1.0,0.8470859121245113,0.15291408787548866,0.8470859121245113,0.9813664596273292,0.9503105590062112,0.17048886757255358,0.303605266245715,0.9683534436398454,klt,n/a,0,nan,n/a,nan,n/a,n/a,n/a,n/a,n/a,n/a,n/a,False,n/a,False,n/a,False,n/a,0,0,0,0,nan,nan,nan,nan,nan,nan,nan,nan,nan,nan,0,nan,0,False,n/a,0.0,klt,healthy,normal,healthy,0.6378557893501715,n/a,322,28,0,0,0,0,0,0,0,0,0,0,0,0,0,0,0,0,0,0,0,0,0,0,0,0.0,0.0,0.0,205.04342019557953
2359,raw_data/harbor_images_sequence_06/frame002359.png,350,26,26,0.07428571428571429,350,324,0.9583333333333334,23,24,48.0,45.91143035888672,0.8685714285714285,0.011348763480782509,0.8886202573776245,0.6201969385147095,0.5935404896736145,1.268777847290039,1.3601528406143188,0.0,nan,nan,90.27091979980469,29.588167190551758,36.520225524902344,2043.813232421875,0.000140380859375,0.0011505126953125,0.177166176590265,0.10663051903247833,0.0,1.0,1.0,0.9967727661132812,0.6575148264567058,0.574801176183364,0.571099501938531,0.996671142578125,1.0,0.8473188845613806,0.1526811154386194,0.8473188845613806,0.9907407407407407,1.0,0.15230438176765393,0.31793257023733057,1.009344775614619,klt,n/a,0,nan,n/a,nan,n/a,n/a,n/a,n/a,n/a,n/a,n/a,False,n/a,False,n/a,False,n/a,0,0,0,0,nan,nan,nan,nan,nan,nan,nan,nan,nan,nan,0,nan,0,False,n/a,0.0,klt,healthy,normal,healthy,0.6372826971905068,n/a,324,26,0,0,0,0,0,0,0,0,0,0,0,0,0,0,0,0,0,0,0,0,0,0,0,0.0,0.0,0.0,199.5797329582274
2360,raw_data/harbor_images_sequence_06/frame002360.png,350,24,24,0.06857142857142857,350,326,0.9583333333333334,23,24,49.0,46.49714279174805,0.86,0.010221081785857677,0.8849512338638306,0.6282070279121399,0.5879902839660645,1.260676383972168,1.3693684339523315,0.0,nan,nan,89.9234848022461,29.51285171508789,36.476539611816406,2055.741943359375,0.0001373291015625,0.0011688232421875,0.17617022346047798,0.10672643780708313,0.0,1.0,1.0,0.996734619140625,0.6558411492241754,0.5771914636948529,0.5704806605372766,0.996539306640625,1.0,0.8473659347839662,0.15263406521603384,0.8473659347839662,0.9785276073619632,1.0,0.12375656658487216,0.30368380975118603,1.021942529300111,klt,n/a,0,nan,n/a,nan,n/a,n/a,n/a,n/a,n/a,n/a,n/a,False,n/a,False,n/a,False,n/a,0,0,0,0,nan,nan,nan,nan,nan,nan,nan,nan,nan,nan,0,nan,0,False,n/a,0.0,klt,healthy,normal,healthy,0.6378526476099526,n/a,326,24,0,0,0,0,0,0,0,0,0,0,0,0,0,0,0,0,0,0,0,0,0,0,0,0.0,0.0,0.0,208.90215504914522
2361,raw_data/harbor_images_sequence_06/frame002361.png,350,27,27,0.07714285714285714,350,323,0.9583333333333334,23,24,49.5,47.051429748535156,0.8685714285714285,0.009700659662485123,0.8822952508926392,0.6256837248802185,0.5884312987327576,1.2632107734680176,1.3607234954833984,0.0,nan,nan,90.226806640625,29.345890045166016,36.266815185546875,2050.00634765625,0.000128173828125,0.001226806640625,0.17410322301528036,0.10574765503406525,0.0,1.0,1.0,0.996612548828125,0.6521308898925782,0.5821522647633272,0.5664010245691646,0.9964569091796875,1.0,0.8471060672124313,0.1528939327875687,0.8471060672124313,1.0,1.0,0.11528284404955326,0.28499132744871153,0.9999990000010001,klt,n/a,0,nan,n/a,nan,n/a,n/a,n/a,n/a,n/a,n/a,n/a,False,n/a,False,n/a,False,n/a,0,0,0,0,nan,nan,nan,nan,nan,nan,nan,nan,nan,nan,0,nan,0,False,n/a,0.0,klt,healthy,normal,healthy,0.6386003469020516,n/a,323,27,0,0,0,0,0,0,0,0,0,0,0,0,0,0,0,0,0,0,0,0,0,0,0,0.0,0.0,0.0,219.4093195721507
2362,raw_data/harbor_images_sequence_06/frame002362.png,350,28,28,0.08,350,322,0.9583333333333334,23,24,50.5,47.69428634643555,0.8685714285714285,0.009858223609626293,0.8845633268356323,0.6255748271942139,0.5980949401855469,1.2633204460144043,1.3468470573425293,0.0,nan,nan,89.83802795410156,29.434001922607422,36.18584442138672,2070.42431640625,0.00013427734375,0.0012939453125,0.17695571001838248,0.10603402554988861,0.0,1.0,1.0,0.996429443359375,0.6540889316134982,0.5753062959558821,0.5680308875110414,0.9964788818359375,1.0,0.8465575258420495,0.15344247415795054,0.8465575258420495,0.9968944099378882,0.9937888198757764,0.15656329288551063,0.28767613435884287,0.9968837352132001,klt,n/a,0,nan,n/a,nan,n/a,n/a,n/a,n/a,n/a,n/a,n/a,False,n/a,False,n/a,False,n/a,0,0,0,0,nan,nan,nan,nan,nan,nan,nan,nan,nan,nan,0,nan,0,False,n/a,0.0,klt,healthy,normal,healthy,0.6384929546256464,n/a,322,28,0,0,0,0,0,0,0,0,0,0,0,0,0,0,0,0,0,0,0,0,0,0,0,0.0,0.0,0.0,209.44333588704467
2363,raw_data/harbor_images_sequence_06/frame002363.png,350,37,37,0.10571428571428572,350,313,0.9583333333333334,23,24,50.5,47.61428451538086,0.8571428571428571,0.007695245556533337,0.8871805667877197,0.6330568790435791,0.6104846000671387,1.2558462619781494,1.328294038772583,0.0,nan,nan,90.31391906738281,29.332056045532227,36.11705780029297,2098.3525390625,0.00013427734375,0.0013458251953125,0.17547586478439048,0.10441157966852188,0.0,1.0,1.0,0.9962997436523438,0.651823467678494,0.5788579245174629,0.5632107785404331,0.99630859375,1.0,0.8461787038419972,0.15382129615800277,0.8461787038419972,0.9616613418530351,1.0,0.37082200259647097,0.25279030305628786,1.0398660283120702,klt,n/a,0,nan,n/a,nan,n/a,n/a,n/a,n/a,n/a,n/a,n/a,False,n/a,False,n/a,False,n/a,0,0,0,0,nan,nan,nan,nan,nan,nan,nan,nan,nan,nan,0,nan,0,False,n/a,0.0,klt,healthy,normal,healthy,0.6398883878777486,n/a,313,37,0,0,0,0,0,0,0,0,0,0,0,0,0,0,0,0,0,0,0,0,0,0,0,0.0,0.0,0.0,201.4375999569893
2364,raw_data/harbor_images_sequence_06/frame002364.png,350,31,31,0.08857142857142856,350,319,0.9583333333333334,23,24,50.5,48.137142181396484,0.8485714285714285,0.009343713521957397,0.8863182067871094,0.6248778700828552,0.5953618884086609,1.2640273571014404,1.352339744567871,0.0,nan,nan,90.17335510253906,29.338760375976562,35.99663543701172,2092.2294921875,0.0001312255859375,0.0014190673828125,0.17625662710152423,0.10382315516471863,0.0,1.0,1.0,0.996124267578125,0.6519724527994791,0.5769840949563418,0.561947942683191,0.9962042236328125,1.0,0.845755386279152,0.15424461372084797,0.845755386279152,0.9843260188087775,0.9905956112852664,0.1613636931154022,0.2480712398784009,1.0063684043582133,klt,n/a,0,nan,n/a,nan,n/a,n/a,n/a,n/a,n/a,n/a,n/a,False,n/a,False,n/a,False,n/a,0,0,0,0,nan,nan,nan,nan,nan,nan,nan,nan,nan,nan,0,nan,0,False,n/a,0.0,klt,healthy,normal,healthy,0.640077150404864,n/a,319,31,0,0,0,0,0,0,0,0,0,0,0,0,0,0,0,0,0,0,0,0,0,0,0,0.0,0.0,0.0,201.87514694407582
2365,raw_data/harbor_images_sequence_06/frame002365.png,350,31,31,0.08857142857142856,350,319,0.9583333333333334,23,24,51.0,48.60857009887695,0.8485714285714285,0.008578596636652946,0.8805620670318604,0.6115772724151611,0.5885021090507507,1.2776774168014526,1.372976303100586,0.0,nan,nan,89.82868957519531,29.345014572143555,35.947723388671875,2102.3486328125,0.0001434326171875,0.0014251708984375,0.17835318471871173,0.10371217131614685,0.0,1.0,1.0,0.9960784912109375,0.6521114349365235,0.5719523566750919,0.5617651977322319,0.9961328125,1.0,0.845035913550076,0.154964086449924,0.845035913550076,0.9811912225705329,0.9968652037617555,0.17438083873902976,0.24117523926596834,1.0159734054456346,klt,n/a,0,nan,n/a,nan,n/a,n/a,n/a,n/a,n/a,n/a,n/a,False,n/a,False,n/a,False,n/a,0,0,0,0,nan,nan,nan,nan,nan,nan,nan,nan,nan,nan,0,nan,0,False,n/a,0.0,klt,healthy,normal,healthy,0.6403529904293613,n/a,319,31,0,0,0,0,0,0,0,0,0,0,0,0,0,0,0,0,0,0,0,0,0,0,0,0.0,0.0,0.0,205.79751301556826
2366,raw_data/harbor_images_sequence_06/frame002366.png,350,41,41,0.11714285714285715,350,309,0.9583333333333334,23,24,51.0,48.31428527832031,0.8342857142857143,0.007759308908134699,0.884406566619873,0.6228647232055664,0.6037033796310425,1.2660738229751587,1.346240758895874,0.0,nan,nan,90.14127349853516,29.286540985107422,35.849830627441406,2106.92626953125,0.0001312255859375,0.00150146484375,0.17661668964460783,0.10331970453262329,0.0,1.0,1.0,0.9959182739257812,0.6508120218912761,0.5761199448529413,0.5602235212470545,0.996055908203125,1.0,0.8452546048192928,0.15474539518070718,0.8452546048192928,0.9676375404530745,0.9741100323624595,0.1535521539546313,0.2121583182483555,1.0066879228542869,klt,n/a,0,nan,n/a,nan,n/a,n/a,n/a,n/a,n/a,n/a,n/a,False,n/a,False,n/a,False,n/a,0,0,0,0,nan,nan,nan,nan,nan,nan,nan,nan,nan,nan,0,nan,0,False,n/a,0.0,klt,healthy,normal,healthy,0.6415136672700659,n/a,309,41,0,0,0,0,0,0,0,0,0,0,0,0,0,0,0,0,0,0,0,0,0,0,0,0.0,0.0,0.0,211.77959069609642
2367,raw_data/harbor_images_sequence_06/frame002367.png,350,39,39,0.11142857142857143,350,311,0.9583333333333334,23,24,51.0,48.297142028808594,0.8371428571428572,0.006454972550272942,0.8866599798202515,0.6327329874038696,0.600908637046814,1.2561655044555664,1.354337215423584,0.0,nan,nan,90.11321258544922,29.33173942565918,35.68513488769531,2101.490234375,0.0001312255859375,0.0015411376953125,0.17768321317784933,0.1022752895951271,0.0,1.0,1.0,0.995819091796875,0.6518164316813151,0.5735602883731616,0.5583520558295828,0.9958856201171875,1.0,0.8447700870962065,0.1552299129037935,0.8447700870962065,0.9871382636655949,1.0,0.09956970674798815,0.19446842714376442,1.0130282897335565,klt,n/a,0,nan,n/a,nan,n/a,n/a,n/a,n/a,n/a,n/a,n/a,False,n/a,False,n/a,False,n/a,0,0,0,0,nan,nan,nan,nan,nan,nan,nan,nan,nan,nan,0,nan,0,False,n/a,0.0,klt,healthy,normal,healthy,0.6422212629142494,n/a,311,39,0,0,0,0,0,0,0,0,0,0,0,0,0,0,0,0,0,0,0,0,0,0,0,0.0,0.0,0.0,207.26079307496548
2368,raw_data/harbor_images_sequence_06/frame002368.png,350,38,38,0.10857142857142857,350,312,0.9583333333333334,23,24,52.0,48.84857177734375,0.8257142857142857,0.00784585252404213,0.890688419342041,0.6312896609306335,0.6040862202644348,1.2575984001159668,1.3538331985473633,0.0,nan,nan,90.19831848144531,29.356801986694336,35.58472442626953,2105.9814453125,0.0001312255859375,0.00162353515625,0.1774284183277804,0.10150732100009918,0.0,1.0,1.0,0.9956130981445312,0.6523733774820963,0.574171796013327,0.5568851455594555,0.9956878662109375,1.0,0.844709917956852,0.15529008204314798,0.844709917956852,1.0,1.0,0.15688810024111743,0.21255675371297816,0.9999990000010001,klt,n/a,0,nan,n/a,nan,n/a,n/a,n/a,n/a,n/a,n/a,n/a,False,n/a,False,n/a,False,n/a,0,0,0,0,nan,nan,nan,nan,nan,nan,nan,nan,nan,nan,0,nan,0,False,n/a,0.0,klt,healthy,normal,healthy,0.6414977298514809,n/a,312,38,0,0,0,0,0,0,0,0,0,0,0,0,0,0,0,0,0,0,0,0,0,0,0,0.0,0.0,0.0,205.1325300708413
2369,raw_data/harbor_images_sequence_06/frame002369.png,350,38,38,0.10857142857142857,350,312,0.9583333333333334,23,24,53.0,49.58856964111328,0.8285714285714286,0.007491331547498703,0.8843987584114075,0.6102540493011475,0.5928562879562378,1.279054880142212,1.3664350509643555,0.0,nan,nan,90.38783264160156,29.393272399902344,35.60524368286133,2097.225830078125,0.0001220703125,0.00167236328125,0.17827706430472579,0.10154704749584198,0.0,1.0,1.0,0.995513916015625,0.653183831108941,0.5721350456686581,0.5573806598632023,0.995550537109375,1.0,0.8445613474587068,0.1554386525412932,0.8445613474587068,0.9967948717948718,0.9743589743589743,0.13012396755244035,0.21713434232352402,0.9774909807807524,klt,n/a,0,nan,n/a,nan,n/a,n/a,n/a,n/a,n/a,n/a,n/a,False,n/a,False,n/a,False,n/a,0,0,0,0,nan,nan,nan,nan,nan,nan,nan,nan,nan,nan,0,nan,0,False,n/a,0.0,klt,healthy,normal,healthy,0.641314626307059,n/a,312,38,0,0,0,0,0,0,0,0,0,0,0,0,0,0,0,0,0,0,0,0,0,0,0,0.0,0.0,0.0,211.9231829419732
2370,raw_data/harbor_images_sequence_06/frame002370.png,350,39,39,0.11142857142857143,350,311,0.9583333333333334,23,24,53.0,50.077144622802734,0.8314285714285714,0.009161295369267464,0.8830890655517578,0.6175843477249146,0.5974984169006348,1.2714537382125854,1.3590972423553467,0.0,nan,nan,89.6950912475586,29.42859649658203,35.406044006347656,2091.798828125,0.000128173828125,0.001763916015625,0.17900220085592836,0.10174733400344849,0.0,1.0,1.0,0.995269775390625,0.6539688110351562,0.570394717945772,0.5582283464345065,0.995418701171875,1.0,0.8444764145259551,0.15552358547404488,0.8444764145259551,0.9871382636655949,0.9903536977491961,0.11860596101097311,0.22604335302633763,1.0032563126621719,klt,n/a,0,nan,n/a,nan,n/a,n/a,n/a,n/a,n/a,n/a,n/a,False,n/a,False,n/a,False,n/a,0,0,0,0,nan,nan,nan,nan,nan,nan,nan,nan,nan,nan,0,nan,0,False,n/a,0.0,klt,healthy,normal,healthy,0.6409582658789466,n/a,311,39,0,0,0,0,0,0,0,0,0,0,0,0,0,0,0,0,0,0,0,0,0,0,0,0.0,0.0,0.0,221.46747913211584
2371,raw_data/harbor_images_sequence_06/frame002371.png,350,43,43,0.12285714285714286,350,307,0.9583333333333334,23,24,54.0,50.6542854309082,0.84,0.0073622362688183784,0.878276526927948,0.6130704879760742,0.5943768620491028,1.2761256694793701,1.3602478504180908,0.0,nan,nan,89.9920883178711,29.363855361938477,35.32024383544922,2090.92529296875,0.0001220703125,0.0018798828125,0.17869092455097277,0.10078702121973038,0.0,1.0,1.0,0.9949951171875,0.6525301191541883,0.5711417810776653,0.5553264714401178,0.9952154541015625,1.0,0.8440149815307838,0.1559850184692162,0.8440149815307838,1.0,0.9153094462540716,0.1657164613659876,0.19838927990015562,0.9153085309455408,klt,n/a,0,nan,n/a,nan,n/a,n/a,n/a,n/a,n/a,n/a,n/a,False,n/a,False,n/a,False,n/a,0,0,0,0,nan,nan,nan,nan,nan,nan,nan,nan,nan,nan,0,nan,0,False,n/a,0.0,klt,healthy,normal,healthy,0.6044067271069465,n/a,307,43,0,0,0,0,0,0,0,0,0,0,0,0,0,0,0,0,0,0,0,0,0,0,0,0.0,0.0,0.0,215.9060798585415
2372,raw_data/harbor_images_sequence_06/frame002372.png,350,39,39,0.11142857142857143,350,311,0.9583333333333334,23,24,52.0,50.75714111328125,0.8285714285714286,0.007236296311020851,0.8891889452934265,0.6387631893157959,0.5984055995941162,1.2502315044403076,1.3610469102859497,0.0,nan,nan,89.91030883789062,29.324596405029297,35.311283111572266,2097.47705078125,0.0001251220703125,0.001910400390625,0.17858049280503216,0.10030992329120636,0.0,1.0,1.0,0.9949111938476562,0.65165769788954,0.5714068172679228,0.5538059473338753,0.9950726318359375,1.0,0.8437462930161941,0.15625370698380592,0.8437462930161941,0.9967845659163987,1.0,0.15408390793048946,0.20382544661044122,1.0032247999906039,klt,n/a,0,nan,n/a,nan,n/a,n/a,n/a,n/a,n/a,n/a,n/a,False,n/a,False,n/a,False,n/a,0,0,0,0,nan,nan,nan,nan,nan,nan,nan,nan,nan,nan,0,nan,0,False,n/a,0.0,klt,healthy,normal,healthy,0.6418469821355824,n/a,311,39,0,0,0,0,0,0,0,0,0,0,0,0,0,0,0,0,0,0,0,0,0,0,0,0.0,0.0,0.0,223.09742029756308
2373,raw_data/harbor_images_sequence_06/frame002373.png,350,44,44,0.12571428571428572,350,306,0.9583333333333334,23,24,51.5,50.80571365356445,0.8114285714285714,0.0064372834749519825,0.8895303010940552,0.6331913471221924,0.6012394428253174,1.255711317062378,1.3505150079727173,0.0,nan,nan,90.37933349609375,29.34328269958496,35.183616638183594,2085.5,0.0001190185546875,0.0020355224609375,0.1790866088867188,0.09945069253444672,0.0,1.0,1.0,0.9946136474609375,0.6520729488796658,0.5701921386718749,0.5520607756544845,0.9948968505859375,1.0,0.8433703950886293,0.15662960491137068,0.8433703950886293,0.9934640522875817,0.9673202614379085,0.1942188698948773,0.19558255707382632,0.9736832304372746,klt,n/a,0,nan,n/a,nan,n/a,n/a,n/a,n/a,n/a,n/a,n/a,False,n/a,False,n/a,False,n/a,0,0,0,0,nan,nan,nan,nan,nan,nan,nan,nan,nan,nan,0,nan,0,False,n/a,0.0,klt,healthy,normal,healthy,0.642176697717047,n/a,306,44,0,0,0,0,0,0,0,0,0,0,0,0,0,0,0,0,0,0,0,0,0,0,0,0.0,0.0,0.0,202.19316333532333
2374,raw_data/harbor_images_sequence_06/frame002374.png,350,45,45,0.12857142857142856,350,305,0.9583333333333334,23,24,52.5,51.58285903930664,0.82,0.006339382380247116,0.8866933584213257,0.6359846591949463,0.6060537099838257,1.252955436706543,1.3412415981292725,0.0,nan,nan,90.15000915527344,29.277912139892578,35.163429260253906,2099.865478515625,0.0001251220703125,0.0021148681640625,0.17921664668064496,0.09953843802213669,0.0,1.0,1.0,0.9944000244140625,0.6506202697753907,0.5698800479664521,0.5515338576652787,0.994759521484375,1.0,0.8430552762269337,0.15694472377306634,0.8430552762269337,1.0,1.0,0.21400219502161674,0.18844775545639264,0.9999990000010001,klt,n/a,0,nan,n/a,nan,n/a,n/a,n/a,n/a,n/a,n/a,n/a,False,n/a,False,n/a,False,n/a,0,0,0,0,nan,nan,nan,nan,nan,nan,nan,nan,nan,nan,0,nan,0,False,n/a,0.0,klt,healthy,normal,healthy,0.6424620897817443,n/a,305,45,0,0,0,0,0,0,0,0,0,0,0,0,0,0,0,0,0,0,0,0,0,0,0,0.0,0.0,0.0,192.38540204241872
2375,raw_data/harbor_images_sequence_06/frame002375.png,350,39,39,0.11142857142857143,350,311,0.9583333333333334,23,24,53.5,52.29142761230469,0.8257142857142857,0.0068313973024487495,0.8819142580032349,0.6123523712158203,0.5910201668739319,1.2768653631210327,1.3695471286773682,0.0,nan,nan,89.86601257324219,29.3646183013916,35.144012451171875,2077.66455078125,0.0001220703125,0.002215576171875,0.18034315819833796,0.09945820271968842,0.0,1.0,1.0,0.9941558837890625,0.6525470733642578,0.5671764203239889,0.5523149064996026,0.994539794921875,1.0,0.8429592301790216,0.15704076982097837,0.8429592301790216,1.0,1.0,0.1785601994299902,0.1803192799153985,0.9999990000010001,klt,n/a,0,nan,n/a,nan,n/a,n/a,n/a,n/a,n/a,n/a,n/a,False,n/a,False,n/a,False,n/a,0,0,0,0,nan,nan,nan,nan,nan,nan,nan,nan,nan,nan,0,nan,0,False,n/a,0.0,klt,healthy,normal,healthy,0.6427872288033841,n/a,311,39,0,0,0,0,0,0,0,0,0,0,0,0,0,0,0,0,0,0,0,0,0,0,0,0.0,0.0,0.0,197.2112562507391
2376,raw_data/harbor_images_sequence_06/frame002376.png,350,43,43,0.12285714285714286,350,307,0.9583333333333334,23,24,53.5,52.51714324951172,0.82,0.007402067072689533,0.8903732299804688,0.6262232065200806,0.5963950753211975,1.2626674175262451,1.3652760982513428,0.0,nan,nan,90.04572296142578,29.23946762084961,35.059024810791016,2091.1689453125,0.000128173828125,0.002276611328125,0.17935853546740962,0.09909150004386902,0.0,1.0,1.0,0.993988037109375,0.6497659471299914,0.569539514878217,0.5500909282101525,0.9944244384765625,1.0,0.8426623878854864,0.15733761211451358,0.8426623878854864,0.9869706840390879,0.9348534201954397,0.19511070569436234,0.2050141442677013,0.9471937597739793,klt,n/a,0,nan,n/a,nan,n/a,n/a,n/a,n/a,n/a,n/a,n/a,False,n/a,False,n/a,False,n/a,0,0,0,0,nan,nan,nan,nan,nan,nan,nan,nan,nan,nan,0,nan,0,False,n/a,0.0,klt,healthy,normal,healthy,0.6279553894842973,n/a,307,43,0,0,0,0,0,0,0,0,0,0,0,0,0,0,0,0,0,0,0,0,0,0,0,0.0,0.0,0.0,206.8045516498387
2377,raw_data/harbor_images_sequence_06/frame002377.png,350,43,43,0.12285714285714286,350,307,0.9583333333333334,23,24,50.5,52.540000915527344,0.82,0.006437855772674084,0.8838269710540771,0.621432900428772,0.5978288054466248,1.267516851425171,1.3603596687316895,0.0,nan,nan,89.80944061279297,29.146345138549805,35.03333282470703,2078.6552734375,0.0001220703125,0.002294921875,0.17872613944259355,0.09923092275857925,0.0,1.0,1.0,0.99395751953125,0.6476965586344401,0.5710572653377755,0.5493731037685365,0.99439697265625,1.0,0.8425350973387706,0.15746490266122937,0.8425350973387706,0.996742671009772,0.996742671009772,0.08400214994997156,0.18922511309857434,0.9999989967330326,klt,n/a,0,nan,n/a,nan,n/a,n/a,n/a,n/a,n/a,n/a,n/a,False,n/a,False,n/a,False,n/a,0,0,0,0,nan,nan,nan,nan,nan,nan,nan,nan,nan,nan,0,nan,0,False,n/a,0.0,klt,healthy,normal,healthy,0.6424309954760571,n/a,307,43,0,0,0,0,0,0,0,0,0,0,0,0,0,0,0,0,0,0,0,0,0,0,0,0.0,0.0,0.0,193.31553811207414
2378,raw_data/harbor_images_sequence_06/frame002378.png,350,40,40,0.11428571428571428,350,310,0.9583333333333334,23,24,50.0,52.92571258544922,0.82,0.00669518020004034,0.8828129768371582,0.6216913461685181,0.5951105952262878,1.2672545909881592,1.3610482215881348,0.0,nan,nan,89.70079040527344,29.286808013916016,34.883968353271484,2072.612548828125,0.000128173828125,0.0024017333984375,0.18142143698299637,0.09938307106494904,0.0,1.0,1.0,0.9936752319335938,0.6508179558648004,0.5645885512408086,0.5512795939891025,0.9942431640625,1.0,0.8421897208319629,0.15781027916803714,0.8421897208319629,1.0,1.0,0.24699845325820138,0.19775510993401302,0.9999990000010001,klt,n/a,0,nan,n/a,nan,n/a,n/a,n/a,n/a,n/a,n/a,n/a,False,n/a,False,n/a,False,n/a,0,0,0,0,nan,nan,nan,nan,nan,nan,nan,nan,nan,nan,0,nan,0,False,n/a,0.0,klt,healthy,normal,healthy,0.6420897956026396,n/a,310,40,0,0,0,0,0,0,0,0,0,0,0,0,0,0,0,0,0,0,0,0,0,0,0,0.0,0.0,0.0,204.7067009843886
2379,raw_data/harbor_images_sequence_06/frame002379.png,350,43,43,0.12285714285714286,350,307,0.9583333333333334,23,24,49.0,52.477142333984375,0.8114285714285714,0.006909476593136787,0.8790721893310547,0.6207010746002197,0.5876184701919556,1.2682626247406006,1.3779367208480835,0.0,nan,nan,90.30850982666016,29.304443359375,34.85552978515625,2065.27734375,0.0001251220703125,0.00250244140625,0.1839625549316407,0.09866258502006531,0.0,1.0,1.0,0.9934310913085938,0.6512098524305555,0.5584898681640623,0.5498380739881534,0.9940838623046875,1.0,0.8411710954085263,0.1588289045914737,0.8411710954085263,0.993485342019544,0.9739413680781759,0.10382703902756044,0.18997304906086604,0.9803268820972039,klt,n/a,0,nan,n/a,nan,n/a,n/a,n/a,n/a,n/a,n/a,n/a,False,n/a,False,n/a,False,n/a,0,0,0,0,nan,nan,nan,nan,nan,nan,nan,nan,nan,nan,0,nan,0,False,n/a,0.0,klt,healthy,normal,healthy,0.6424010780375654,n/a,307,43,0,0,0,0,0,0,0,0,0,0,0,0,0,0,0,0,0,0,0,0,0,0,0,0.0,0.0,0.0,202.33971485868096
2380,raw_data/harbor_images_sequence_06/frame002380.png,350,43,43,0.12285714285714286,350,307,0.9583333333333334,23,24,49.5,53.077144622802734,0.8228571428571428,0.007514582946896553,0.8852350115776062,0.6265177130699158,0.597082257270813,1.2623710632324219,1.3587586879730225,0.0,nan,nan,89.9288101196289,29.33639144897461,34.74164581298828,2055.983642578125,0.000128173828125,0.002569580078125,0.18550434785730713,0.09879262745380402,0.0,1.0,1.0,0.993255615234375,0.6519198099772135,0.5547895651424629,0.5504886037472523,0.99400146484375,1.0,0.8407903104856307,0.1592096895143693,0.8407903104856307,0.996742671009772,0.996742671009772,0.10649683366503908,0.19343570167636087,0.9999989967330326,klt,n/a,0,nan,n/a,nan,n/a,n/a,n/a,n/a,n/a,n/a,n/a,False,n/a,False,n/a,False,n/a,0,0,0,0,nan,nan,nan,nan,nan,nan,nan,nan,nan,nan,0,nan,0,False,n/a,0.0,klt,healthy,normal,healthy,0.6422625719329456,n/a,307,43,0,0,0,0,0,0,0,0,0,0,0,0,0,0,0,0,0,0,0,0,0,0,0,0.0,0.0,0.0,211.7682881653309
2381,raw_data/harbor_images_sequence_06/frame002381.png,350,40,40,0.11428571428571428,350,310,0.9583333333333334,23,24,49.0,53.38285827636719,0.8228571428571428,0.007945388555526733,0.882328987121582,0.6198102235794067,0.5867934823036194,1.2691726684570312,1.370686411857605,0.0,nan,nan,90.1572036743164,29.237070083618164,34.783729553222656,2071.745849609375,0.0001251220703125,0.002642822265625,0.18525785857555918,0.09851205348968506,0.0,1.0,1.0,0.9930801391601562,0.6497126685248481,0.555381139418658,0.5487473649207992,0.9938970947265625,1.0,0.8403720059149022,0.15962799408509776,0.8403720059149022,0.9935483870967742,0.9935483870967742,0.08846481079066185,0.19129042889907086,0.9999989935075065,klt,n/a,0,nan,n/a,nan,n/a,n/a,n/a,n/a,n/a,n/a,n/a,False,n/a,False,n/a,False,n/a,0,0,0,0,nan,nan,nan,nan,nan,nan,nan,nan,nan,nan,0,nan,0,False,n/a,0.0,klt,healthy,normal,healthy,0.6423483828440373,n/a,310,40,0,0,0,0,0,0,0,0,0,0,0,0,0,0,0,0,0,0,0,0,0,0,0,0.0,0.0,0.0,210.9514819458127
2382,raw_data/harbor_images_sequence_06/frame002382.png,350,42,42,0.12,350,308,0.9583333333333334,23,24,50.0,53.76856994628906,0.8142857142857143,0.006816022098064423,0.8863611817359924,0.6133167743682861,0.5908783078193665,1.275862693786621,1.3707475662231445,0.0,nan,nan,90.1433334350586,29.35141372680664,34.795066833496094,2087.58349609375,0.0001312255859375,0.0027130126953125,0.18810483745500162,0.09840013086795807,0.0,1.0,1.0,0.992889404296875,0.6522536383734809,0.5485483901079962,0.5497634802502815,0.9937542724609375,1.0,0.8398108137132523,0.16018918628674772,0.8398108137132523,0.9837662337662337,0.9935064935064936,0.1796625421254135,0.18590901274802507,1.0098999635340304,klt,n/a,0,nan,n/a,nan,n/a,n/a,n/a,n/a,n/a,n/a,n/a,False,n/a,False,n/a,False,n/a,0,0,0,0,nan,nan,nan,nan,nan,nan,nan,nan,nan,nan,0,nan,0,False,n/a,0.0,klt,healthy,normal,healthy,0.6425636394900791,n/a,308,42,0,0,0,0,0,0,0,0,0,0,0,0,0,0,0,0,0,0,0,0,0,0,0,0.0,0.0,0.0,206.751330755651
2383,raw_data/harbor_images_sequence_06/frame002383.png,350,43,43,0.12285714285714286,350,307,0.9583333333333334,23,24,49.0,53.27428436279297,0.8,0.006810055114328861,0.8826333284378052,0.6174192428588867,0.5840984582901001,1.2716259956359863,1.3799535036087036,0.0,nan,nan,90.00428771972656,29.284170150756836,34.76381301879883,2090.2333984375,0.0001251220703125,0.0027984619140625,0.18712543861538758,0.0987432524561882,0.0,1.0,1.0,0.9926910400390625,0.6507593366834853,0.5508989473230699,0.5497961511967158,0.9935784912109376,1.0,0.8399301454481976,0.16006985455180245,0.8399301454481976,1.0,0.9315960912052117,0.08159707890024082,0.18683050539786497,0.9315951596100521,klt,n/a,0,nan,n/a,nan,n/a,n/a,n/a,n/a,n/a,n/a,n/a,False,n/a,False,n/a,False,n/a,0,0,0,0,nan,nan,nan,nan,nan,nan,nan,nan,nan,nan,0,nan,0,False,n/a,0.0,klt,healthy,normal,healthy,0.6225486563486566,n/a,307,43,0,0,0,0,0,0,0,0,0,0,0,0,0,0,0,0,0,0,0,0,0,0,0,0.0,0.0,0.0,205.5937689729035
2384,raw_data/harbor_images_sequence_06/frame002384.png,350,40,40,0.11428571428571428,350,310,0.9583333333333334,23,24,48.0,53.468570709228516,0.8028571428571428,0.007957154884934425,0.8757636547088623,0.5922869443893433,0.5755122900009155,1.2982897758483887,1.3910681009292603,0.0,nan,nan,89.98323059082031,29.242046356201172,34.73234176635742,2105.88525390625,0.0001312255859375,0.0028594970703125,0.1872218951056985,0.09841146320104599,0.0,1.0,1.0,0.992523193359375,0.649823252360026,0.5506674517463236,0.5485740425460266,0.993507080078125,1.0,0.8396143266410241,0.1603856733589759,0.8396143266410241,1.0,1.0,0.230512373302747,0.17822376968950188,0.9999990000010001,klt,n/a,0,nan,n/a,nan,n/a,n/a,n/a,n/a,n/a,n/a,n/a,False,n/a,False,n/a,False,n/a,0,0,0,0,nan,nan,nan,nan,nan,nan,nan,nan,nan,nan,0,nan,0,False,n/a,0.0,klt,healthy,normal,healthy,0.64287104921242,n/a,310,40,0,0,0,0,0,0,0,0,0,0,0,0,0,0,0,0,0,0,0,0,0,0,0,0.0,0.0,0.0,208.1745290197432
2385,raw_data/harbor_images_sequence_06/frame002385.png,350,41,41,0.11714285714285715,350,309,0.9583333333333334,23,24,48.5,53.77428436279297,0.8028571428571428,0.007680755108594894,0.8740500211715698,0.6018538475036621,0.5771452784538269,1.2879388332366943,1.3876006603240967,0.0,nan,nan,89.51490783691406,29.18207359313965,34.71683883666992,2107.3505859375,0.0001373291015625,0.0028717041015625,0.18824472165575218,0.09903174638748169,0.0,1.0,1.0,0.9924774169921875,0.6484905242919922,0.5482126680261947,0.5493174130266363,0.9934466552734375,1.0,0.8391908153573715,0.1608091846426285,0.8391908153573715,1.0,0.9935275080906149,0.09358008642491795,0.19104002948055526,0.9935265145641003,klt,n/a,0,nan,n/a,nan,n/a,n/a,n/a,n/a,n/a,n/a,n/a,False,n/a,False,n/a,False,n/a,0,0,0,0,nan,nan,nan,nan,nan,nan,nan,nan,nan,nan,0,nan,0,False,n/a,0.0,klt,healthy,normal,healthy,0.6423583988207778,n/a,309,41,0,0,0,0,0,0,0,0,0,0,0,0,0,0,0,0,0,0,0,0,0,0,0,0.0,0.0,0.0,202.45303632691503
2386,raw_data/harbor_images_sequence_06/frame002386.png,350,42,42,0.12,350,308,0.9583333333333334,23,24,49.0,54.28571319580078,0.8057142857142857,0.006660620216280222,0.8770961761474609,0.5963711142539978,0.5800958871841431,1.2938321828842163,1.3872618675231934,0.0,nan,nan,89.73226165771484,29.209217071533203,34.77798080444336,2116.013671875,0.0001373291015625,0.0029571533203125,0.18865548825731468,0.09877239912748337,0.0,1.0,1.0,0.9922637939453125,0.6490937127007379,0.5472268281824448,0.5490295816401038,0.9933203125,1.0,0.8390574252898808,0.1609425747101192,0.8390574252898808,0.9902597402597403,0.9902597402597403,0.1722290331752379,0.1831487168296336,0.9999989901649542,klt,n/a,0,nan,n/a,nan,n/a,n/a,n/a,n/a,n/a,n/a,n/a,False,n/a,False,n/a,False,n/a,0,0,0,0,nan,nan,nan,nan,nan,nan,nan,nan,nan,nan,0,nan,0,False,n/a,0.0,klt,healthy,normal,healthy,0.6426740513268148,n/a,308,42,0,0,0,0,0,0,0,0,0,0,0,0,0,0,0,0,0,0,0,0,0,0,0,0.0,0.0,0.0,201.01567916572094
2387,raw_data/harbor_images_sequence_06/frame002387.png,350,48,48,0.13714285714285715,350,302,0.9583333333333334,23,24,49.0,54.19428634643555,0.8142857142857143,0.006984224077314138,0.8866783380508423,0.6121709942817688,0.5911338329315186,1.2770540714263916,1.3704631328582764,0.0,nan,nan,89.79625701904297,29.2338809967041,34.82671356201172,2135.90087890625,0.00013427734375,0.0030426025390625,0.19014770807004439,0.0984310507774353,0.0,1.0,1.0,0.9920578002929688,0.6496417999267579,0.5436455006318934,0.5485278335484591,0.993199462890625,1.0,0.838529629914085,0.16147037008591503,0.838529629914085,1.0,1.0,0.1256274945878482,0.18062416594519545,0.9999990000010001,klt,n/a,0,nan,n/a,nan,n/a,n/a,n/a,n/a,n/a,n/a,n/a,False,n/a,False,n/a,False,n/a,0,0,0,0,nan,nan,nan,nan,nan,nan,nan,nan,nan,nan,0,nan,0,False,n/a,0.0,klt,healthy,normal,healthy,0.6427750333621922,n/a,302,48,0,0,0,0,0,0,0,0,0,0,0,0,0,0,0,0,0,0,0,0,0,0,0,0.0,0.0,0.0,220.12883005663753
2388,raw_data/harbor_images_sequence_06/frame002388.png,350,46,46,0.13142857142857142,350,304,0.9583333333333334,23,24,50.0,54.93714141845703,0.8171428571428572,0.0074805160984396935,0.884437084197998,0.6174346804618835,0.5874038934707642,1.271607518196106,1.3712186813354492,0.0,nan,nan,89.9966812133789,29.277311325073242,34.81148147583008,2151.76708984375,0.0001434326171875,0.0031341552734375,0.19189827114928001,0.09832295775413513,0.0,1.0,1.0,0.9918060302734375,0.650606918334961,0.539444149241728,0.5487647267905149,0.9930072021484375,1.0,0.8380439340706178,0.16195606592938216,0.8380439340706178,0.9967105263157895,0.9967105263157895,0.08713949523748057,0.1778717181295662,0.9999989967006766,klt,n/a,0,nan,n/a,nan,n/a,n/a,n/a,n/a,n/a,n/a,n/a,False,n/a,False,n/a,False,n/a,0,0,0,0,nan,nan,nan,nan,nan,nan,nan,nan,nan,nan,0,nan,0,False,n/a,0.0,klt,healthy,normal,healthy,0.6428851312748174,n/a,304,46,0,0,0,0,0,0,0,0,0,0,0,0,0,0,0,0,0,0,0,0,0,0,0,0.0,0.0,0.0,201.93568570539355
2389,raw_data/harbor_images_sequence_06/frame002389.png,350,44,44,0.12571428571428572,350,306,0.9583333333333334,23,24,51.0,55.514286041259766,0.82,0.007478496991097927,0.875251293182373,0.594401478767395,0.5797850489616394,1.2959704399108887,1.3705153465270996,0.0,nan,nan,90.2475814819336,29.340726852416992,34.82712173461914,2154.00048828125,0.00013427734375,0.0032073974609375,0.19186248180912993,0.0978480875492096,0.0,1.0,1.0,0.9916458129882812,0.6520161522759331,0.5395300436580882,0.5483900932952611,0.9929193115234375,1.0,0.8381556118306757,0.16184438816932434,0.8381556118306757,0.9934640522875817,0.9967320261437909,0.20558825629284583,0.190663097942686,1.0032884637951647,klt,n/a,0,nan,n/a,nan,n/a,n/a,n/a,n/a,n/a,n/a,n/a,False,n/a,False,n/a,False,n/a,0,0,0,0,nan,nan,nan,nan,nan,nan,nan,nan,nan,nan,0,nan,0,False,n/a,0.0,klt,healthy,normal,healthy,0.6423734760822926,n/a,306,44,0,0,0,0,0,0,0,0,0,0,0,0,0,0,0,0,0,0,0,0,0,0,0,0.0,0.0,0.0,216.10893309116364
2390,raw_data/harbor_images_sequence_06/frame002390.png,350,49,49,0.14,350,301,0.9583333333333334,23,24,51.0,55.51142883300781,0.8057142857142857,0.007020948454737663,0.8788882493972778,0.6027013063430786,0.5864394903182983,1.287030816078186,1.3679258823394775,0.0,nan,nan,90.198486328125,29.403371810913086,34.74577713012695,2128.34375,0.00013427734375,0.0032958984375,0.1937179774864047,0.09784792363643646,0.0,1.0,1.0,0.991424560546875,0.6534082624647353,0.5350768540326287,0.5490857758606323,0.992781982421875,1.0,0.8377479103745498,0.16225208962545024,0.8377479103745498,0.9933554817275747,0.9966777408637874,0.1401695126115294,0.1799393440385618,1.003343471550552,klt,n/a,0,nan,n/a,nan,n/a,n/a,n/a,n/a,n/a,n/a,n/a,False,n/a,False,n/a,False,n/a,0,0,0,0,nan,nan,nan,nan,nan,nan,nan,nan,nan,nan,0,nan,0,False,n/a,0.0,klt,healthy,normal,healthy,0.6428024262384575,n/a,301,49,0,0,0,0,0,0,0,0,0,0,0,0,0,0,0,0,0,0,0,0,0,0,0,0.0,0.0,0.0,214.77341605350375
2391,raw_data/harbor_images_sequence_06/frame002391.png,350,48,48,0.13714285714285715,350,302,0.9583333333333334,23,24,52.0,56.03428649902344,0.8028571428571428,0.007349112536758184,0.8791066408157349,0.5983093976974487,0.5852296948432922,1.2917382717132568,1.37201726436615,0.0,nan,nan,90.14263916015625,29.507572174072266,34.68417739868164,2118.79931640625,0.0001373291015625,0.0033599853515625,0.1952973937988281,0.09752816706895828,0.0,1.0,1.0,0.9912567138671875,0.6557238260904948,0.5312862548828126,0.5495168382019708,0.9926776123046875,1.0,0.8375204178010334,0.16247958219896663,0.8375204178010334,0.9834437086092715,0.9966887417218543,0.15469859713021758,0.1838131947392826,1.0134669829392968,klt,n/a,0,nan,n/a,nan,n/a,n/a,n/a,n/a,n/a,n/a,n/a,False,n/a,False,n/a,False,n/a,0,0,0,0,nan,nan,nan,nan,nan,nan,nan,nan,nan,nan,0,nan,0,False,n/a,0.0,klt,healthy,normal,healthy,0.6426474722104287,n/a,302,48,0,0,0,0,0,0,0,0,0,0,0,0,0,0,0,0,0,0,0,0,0,0,0,0.0,0.0,0.0,212.53810171037912
2392,raw_data/harbor_images_sequence_06/frame002392.png,350,44,44,0.12571428571428572,350,306,0.9583333333333334,23,24,52.0,56.468570709228516,0.8142857142857143,0.007112305611371994,0.8782922029495239,0.6139823198318481,0.5827112793922424,1.275173544883728,1.3860135078430176,0.0,nan,nan,90.19439697265625,29.486387252807617,34.608131408691406,2093.20751953125,0.0001373291015625,0.0034271240234375,0.19469118305281102,0.09727313369512558,0.0,1.0,1.0,0.9910888671875,0.6552530500623915,0.5327411606732535,0.548701828883754,0.9924578857421875,1.0,0.8375364851748242,0.16246351482517585,0.8375364851748242,0.9836601307189542,0.9771241830065359,0.16769195368554213,0.18026179547164028,0.993354471872198,klt,n/a,0,nan,n/a,nan,n/a,n/a,n/a,n/a,n/a,n/a,n/a,False,n/a,False,n/a,False,n/a,0,0,0,0,nan,nan,nan,nan,nan,nan,nan,nan,nan,nan,0,nan,0,False,n/a,0.0,klt,healthy,normal,healthy,0.6427895281811344,n/a,306,44,0,0,0,0,0,0,0,0,0,0,0,0,0,0,0,0,0,0,0,0,0,0,0,0.0,0.0,0.0,215.0926128961146
2393,raw_data/harbor_images_sequence_06/frame002393.png,350,50,50,0.14285714285714285,350,300,0.9583333333333334,23,24,51.0,56.06285858154297,0.7942857142857143,0.0073654730804264545,0.8831962943077087,0.6058439016342163,0.5864441990852356,1.2836940288543701,1.3692196607589722,0.0,nan,nan,89.92964935302734,29.67157745361328,34.58448028564453,2087.232666015625,0.0001373291015625,0.0035125732421875,0.19616387460746018,0.09741373360157013,0.0,1.0,1.0,0.990875244140625,0.659368387858073,0.5292067009420955,0.5510790430235141,0.9923260498046875,1.0,0.8377872221228402,0.16221277787715982,0.8377872221228402,0.9966666666666667,0.91,0.1533268818302843,0.19816505143867597,0.9130425621646533,klt,n/a,0,nan,n/a,nan,n/a,n/a,n/a,n/a,n/a,n/a,n/a,False,n/a,False,n/a,False,n/a,0,0,0,0,nan,nan,nan,nan,nan,nan,nan,nan,nan,nan,0,nan,0,False,n/a,0.0,klt,healthy,normal,healthy,0.5992928847139589,n/a,300,50,0,0,0,0,0,0,0,0,0,0,0,0,0,0,0,0,0,0,0,0,0,0,0,0.0,0.0,0.0,203.35761411115527
2394,raw_data/harbor_images_sequence_06/frame002394.png,350,42,42,0.12,350,308,0.9583333333333334,23,24,51.0,56.29999923706055,0.8,0.008630257099866867,0.8699886798858643,0.5825203657150269,0.5646027326583862,1.309110164642334,1.40898859500885,0.0,nan,nan,90.06241607666016,29.66682243347168,34.484981536865234,2088.29345703125,0.000140380859375,0.003607177734375,0.19650450463388483,0.09719514846801758,0.0,1.0,1.0,0.990631103515625,0.6592627207438151,0.5283891888786765,0.5505294250719475,0.992232666015625,1.0,0.8375592363237188,0.16244076367628124,0.8375592363237188,0.9967532467532467,0.9967532467532467,0.12568274171992955,0.19693219699846654,0.9999989967436775,klt,n/a,0,nan,n/a,nan,n/a,n/a,n/a,n/a,n/a,n/a,n/a,False,n/a,False,n/a,False,n/a,0,0,0,0,nan,nan,nan,nan,nan,nan,nan,nan,nan,nan,0,nan,0,False,n/a,0.0,klt,healthy,normal,healthy,0.6421227121200614,n/a,308,42,0,0,0,0,0,0,0,0,0,0,0,0,0,0,0,0,0,0,0,0,0,0,0,0.0,0.0,0.0,206.27928990870714
2395,raw_data/harbor_images_sequence_06/frame002395.png,350,40,40,0.11428571428571428,350,310,0.9583333333333334,23,24,49.0,55.82857131958008,0.7971428571428572,0.007377546280622482,0.871612012386322,0.5887895822525024,0.5680302381515503,1.302121877670288,1.407853364944458,0.0,nan,nan,90.20337677001953,29.664127349853516,34.52513122558594,2074.39306640625,0.00013427734375,0.003662109375,0.196371229583142,0.09700896590948105,0.0,1.0,1.0,0.990509033203125,0.6592028299967448,0.5287090490004592,0.5500763375199202,0.9920843505859375,1.0,0.8375189119815953,0.16248108801840466,0.8375189119815953,0.9903225806451613,0.9838709677419355,0.18043861585406484,0.1971482121971031,0.9934843388268891,klt,n/a,0,nan,n/a,nan,n/a,n/a,n/a,n/a,n/a,n/a,n/a,False,n/a,False,n/a,False,n/a,0,0,0,0,nan,nan,nan,nan,nan,nan,nan,nan,nan,nan,0,nan,0,False,n/a,0.0,klt,healthy,normal,healthy,0.642114071512116,n/a,310,40,0,0,0,0,0,0,0,0,0,0,0,0,0,0,0,0,0,0,0,0,0,0,0,0.0,0.0,0.0,201.16766029968858
2396,raw_data/harbor_images_sequence_06/frame002396.png,350,46,46,0.13142857142857142,350,304,0.9583333333333334,23,24,50.0,56.51714324951172,0.8057142857142857,0.00683016050606966,0.8815319538116455,0.6110184192657471,0.5895705223083496,1.2782564163208008,1.3732773065567017,0.0,nan,nan,90.33235168457031,29.839763641357422,34.52130889892578,2066.62646484375,0.0001373291015625,0.003753662109375,0.19766388238645072,0.09689576923847198,0.0,1.0,1.0,0.9902725219726562,0.6631058586968316,0.5256066822725183,0.5517705867085794,0.9918975830078125,1.0,0.8377166665839895,0.16228333341601053,0.8377166665839895,1.0,0.9736842105263158,0.07036621550147831,0.20208005115547498,0.973683236843079,klt,n/a,0,nan,n/a,nan,n/a,n/a,n/a,n/a,n/a,n/a,n/a,False,n/a,False,n/a,False,n/a,0,0,0,0,nan,nan,nan,nan,nan,nan,nan,nan,nan,nan,0,nan,0,False,n/a,0.0,klt,healthy,normal,healthy,0.6419167979537811,n/a,304,46,0,0,0,0,0,0,0,0,0,0,0,0,0,0,0,0,0,0,0,0,0,0,0,0.0,0.0,0.0,206.9301321171224
2397,raw_data/harbor_images_sequence_06/frame002397.png,350,49,49,0.14,350,301,0.9583333333333334,23,24,51.0,57.02000045776367,0.82,0.006795370019972324,0.8926753997802734,0.6235824823379517,0.5927925109863281,1.2653371095657349,1.3638157844543457,0.0,nan,nan,90.4119644165039,29.976665496826172,34.408939361572266,2038.143310546875,0.0001251220703125,0.0038299560546875,0.19773676853553926,0.09668105095624924,0.0,1.0,1.0,0.9901123046875,0.6661481221516927,0.5254317555147058,0.5528037223400492,0.9916888427734375,1.0,0.838149474239974,0.161850525760026,0.838149474239974,1.0,0.9136212624584718,0.16067980789378833,0.21009813923956436,0.913620348838123,klt,n/a,0,nan,n/a,nan,n/a,n/a,n/a,n/a,n/a,n/a,n/a,False,n/a,False,n/a,False,n/a,0,0,0,0,nan,nan,nan,nan,nan,nan,nan,nan,nan,nan,0,nan,0,False,n/a,0.0,klt,healthy,normal,healthy,0.6021058051527639,n/a,301,49,0,0,0,0,0,0,0,0,0,0,0,0,0,0,0,0,0,0,0,0,0,0,0,0.0,0.0,0.0,203.64152919501066
2398,raw_data/harbor_images_sequence_06/frame002398.png,350,43,43,0.12285714285714286,350,307,0.9583333333333334,23,24,50.5,57.28571319580078,0.8228571428571428,0.008053630590438843,0.8758211135864258,0.597048282623291,0.5736570358276367,1.293100118637085,1.3990795612335205,0.0,nan,nan,90.16123962402344,30.061080932617188,34.43842315673828,2042.7210693359375,0.0001312255859375,0.003900146484375,0.19863530776079966,0.09704532474279404,0.0,1.0,1.0,0.9899215698242188,0.6680240207248264,0.5232752613740809,0.554569566596036,0.9915899658203124,1.0,0.8382557533989998,0.16174424660100017,0.8382557533989998,0.996742671009772,0.996742671009772,0.09174621855090065,0.22015012524003785,0.9999989967330326,klt,n/a,0,nan,n/a,nan,n/a,n/a,n/a,n/a,n/a,n/a,n/a,False,n/a,False,n/a,False,n/a,0,0,0,0,nan,nan,nan,nan,nan,nan,nan,nan,nan,nan,0,nan,0,False,n/a,0.0,klt,healthy,normal,healthy,0.6411939949903985,n/a,307,43,0,0,0,0,0,0,0,0,0,0,0,0,0,0,0,0,0,0,0,0,0,0,0,0.0,0.0,0.0,217.90137607604265
2399,raw_data/harbor_images_sequence_06/frame002399.png,350,40,40,0.11428571428571428,350,310,0.9583333333333334,23,24,51.0,57.75714111328125,0.8114285714285714,0.008484819903969765,0.8687130808830261,0.6011713743209839,0.5664100050926208,1.2886648178100586,1.4100651741027832,0.0,nan,nan,90.55833435058594,30.10589599609375,34.324134826660156,2008.029052734375,0.0001220703125,0.0039825439453125,0.19846959431966155,0.09644408524036407,0.0,1.0,1.0,0.9897384643554688,0.6690199110243056,0.5236729736328123,0.553701058331162,0.991397705078125,1.0,0.8382932106585936,0.16170678934140637,0.8382932106585936,0.9774193548387097,0.9967741935483871,0.13647793396777846,0.22308989980314536,1.0198009368373253,klt,n/a,0,nan,n/a,nan,n/a,n/a,n/a,n/a,n/a,n/a,n/a,False,n/a,False,n/a,False,n/a,0,0,0,0,nan,nan,nan,nan,nan,nan,nan,nan,nan,nan,0,nan,0,False,n/a,0.0,klt,healthy,normal,healthy,0.6410764040078742,n/a,310,40,0,0,0,0,0,0,0,0,0,0,0,0,0,0,0,0,0,0,0,0,0,0,0,0.0,0.0,0.0,212.41397922858596
2400,raw_data/harbor_images_sequence_06/frame002400.png,350,50,50,0.14285714285714285,350,300,0.9583333333333334,23,24,50.0,57.191429138183594,0.8114285714285714,0.0068532973527908325,0.8784006834030151,0.6027534008026123,0.5849007964134216,1.286975383758545,1.3782404661178589,0.0,nan,nan,91.03565979003906,30.187288284301758,34.288795471191406,1998.5386962890625,0.0001251220703125,0.0040771484375,0.19813764385148594,0.0963200032711029,0.0,1.0,1.0,0.9894943237304688,0.6708286285400391,0.5244696547564338,0.5543234126134352,0.9912548828125,1.0,0.8386586084207239,0.16134139157927607,0.8386586084207239,1.0,0.9966666666666667,0.11112484645633348,0.22231736456886447,0.9966656700009968,klt,n/a,0,nan,n/a,nan,n/a,n/a,n/a,n/a,n/a,n/a,n/a,False,n/a,False,n/a,False,n/a,0,0,0,0,nan,nan,nan,nan,nan,nan,nan,nan,nan,nan,0,nan,0,False,n/a,0.0,klt,healthy,normal,healthy,0.6411073054172455,n/a,300,50,0,0,0,0,0,0,0,0,0,0,0,0,0,0,0,0,0,0,0,0,0,0,0,0.0,0.0,0.0,215.9913689829409
2401,raw_data/harbor_images_sequence_06/frame002401.png,350,41,41,0.11714285714285715,350,309,0.9583333333333334,23,24,51.0,57.53714370727539,0.8171428571428572,0.008439570665359497,0.8793917894363403,0.6020801067352295,0.577964723110199,1.2876935005187988,1.388496994972229,0.0,nan,nan,91.1864013671875,30.389141082763672,34.26740264892578,1989.7542724609375,0.00013427734375,0.004168701171875,0.20020303165211403,0.09627209603786469,0.0,1.0,1.0,0.9892425537109375,0.6753142462836371,0.5195127240349263,0.5564573414096928,0.9910791015625,1.0,0.8387182244271518,0.16128177557284817,0.8387182244271518,0.9967637540453075,0.9676375404530745,0.09384735356386932,0.22028720147584488,0.9707782468490965,klt,n/a,0,nan,n/a,nan,n/a,n/a,n/a,n/a,n/a,n/a,n/a,False,n/a,False,n/a,False,n/a,0,0,0,0,nan,nan,nan,nan,nan,nan,nan,nan,nan,nan,0,nan,0,False,n/a,0.0,klt,healthy,normal,healthy,0.6411885119409663,n/a,309,41,0,0,0,0,0,0,0,0,0,0,0,0,0,0,0,0,0,0,0,0,0,0,0,0.0,0.0,0.0,208.48592231050134
2402,raw_data/harbor_images_sequence_06/frame002402.png,350,42,42,0.12,350,308,0.9583333333333334,23,24,50.0,57.751426696777344,0.8228571428571428,0.008213119581341743,0.8779906034469604,0.6081352233886719,0.5756246447563171,1.2812798023223877,1.3981800079345703,0.0,nan,nan,91.22935485839844,30.315006256103516,34.32757568359375,2012.7220458984375,0.00013427734375,0.00421142578125,0.1975915796616498,0.09596563875675201,0.0,1.0,1.0,0.9891357421875,0.6736668056911892,0.5257802088120405,0.5549371272927582,0.99096923828125,1.0,0.8391961445511342,0.16080385544886577,0.8391961445511342,0.9772727272727273,0.9935064935064936,0.14095203787256189,0.22947670668031991,1.0166102554287086,klt,n/a,0,nan,n/a,nan,n/a,n/a,n/a,n/a,n/a,n/a,n/a,False,n/a,False,n/a,False,n/a,0,0,0,0,nan,nan,nan,nan,nan,nan,nan,nan,nan,nan,0,nan,0,False,n/a,0.0,klt,healthy,normal,healthy,0.6408209317327873,n/a,308,42,0,0,0,0,0,0,0,0,0,0,0,0,0,0,0,0,0,0,0,0,0,0,0,0.0,0.0,0.0,208.8554697111249
2403,raw_data/harbor_images_sequence_06/frame002403.png,350,43,43,0.12285714285714286,350,307,0.9583333333333334,23,24,48.5,57.611427307128906,0.8028571428571428,0.008633164688944817,0.8836687803268433,0.6106825470924377,0.5800228714942932,1.278606653213501,1.3932253122329712,0.0,nan,nan,90.92561340332031,30.328712463378906,34.39340591430664,2017.8394775390625,0.000128173828125,0.0042999267578125,0.19686894435508584,0.09639420360326767,0.0,1.0,1.0,0.9889297485351562,0.6739713880750868,0.527514533547794,0.5560634294995154,0.9908978271484375,1.0,0.8395816522587685,0.16041834774123154,0.8395816522587685,0.990228013029316,0.990228013029316,0.13286689839088642,0.23731556534649093,0.9999989901325987,klt,n/a,0,nan,n/a,nan,n/a,n/a,n/a,n/a,n/a,n/a,n/a,False,n/a,False,n/a,False,n/a,0,0,0,0,nan,nan,nan,nan,nan,nan,nan,nan,nan,nan,0,nan,0,False,n/a,0.0,klt,healthy,normal,healthy,0.6405073773861404,n/a,307,43,0,0,0,0,0,0,0,0,0,0,0,0,0,0,0,0,0,0,0,0,0,0,0,0.0,0.0,0.0,217.4729979597032
2404,raw_data/harbor_images_sequence_06/frame002404.png,350,43,43,0.12285714285714286,350,307,0.9583333333333334,23,24,48.5,58.11714172363281,0.8028571428571428,0.008977130055427551,0.8788717985153198,0.6060923337936401,0.5762766599655151,1.283432126045227,1.4053457975387573,0.0,nan,nan,91.45396423339844,30.309051513671875,34.51349639892578,2040.8873291015625,0.0001251220703125,0.0043670654296875,0.19579848046396292,0.0961233600974083,0.0,1.0,1.0,0.98876953125,0.6735344780815973,0.530083646886489,0.555229421080363,0.990716552734375,1.0,0.8397587153776063,0.16024128462239373,0.8397587153776063,0.9837133550488599,1.0,0.0949685399381415,0.21323879096509205,1.0165552580050854,klt,n/a,0,nan,n/a,nan,n/a,n/a,n/a,n/a,n/a,n/a,n/a,False,n/a,False,n/a,False,n/a,0,0,0,0,nan,nan,nan,nan,nan,nan,nan,nan,nan,nan,0,nan,0,False,n/a,0.0,klt,healthy,normal,healthy,0.6414704483613963,n/a,307,43,0,0,0,0,0,0,0,0,0,0,0,0,0,0,0,0,0,0,0,0,0,0,0,0.0,0.0,0.0,203.19439889863133
2405,raw_data/harbor_images_sequence_06/frame002405.png,350,43,43,0.12285714285714286,350,307,0.9583333333333334,23,24,47.5,58.30571365356445,0.7942857142857143,0.007745723240077496,0.8830742835998535,0.6139285564422607,0.5790177583694458,1.2752275466918945,1.3923683166503906,0.0,nan,nan,91.04137420654297,30.177560806274414,34.48516082763672,2041.9302978515625,0.000128173828125,0.004400634765625,0.1935037829829198,0.09629079699516296,0.0,1.0,1.0,0.988677978515625,0.6706124623616536,0.5355909208409926,0.5541489516243789,0.990716552734375,1.0,0.8400384491820003,0.15996155081799968,0.8400384491820003,0.9869706840390879,0.9869706840390879,0.1084662156148099,0.24298134540998445,0.9999989867997064,klt,n/a,0,nan,n/a,nan,n/a,n/a,n/a,n/a,n/a,n/a,n/a,False,n/a,False,n/a,False,n/a,0,0,0,0,nan,nan,nan,nan,nan,nan,nan,nan,nan,nan,0,nan,0,False,n/a,0.0,klt,healthy,normal,healthy,0.6402807461836006,n/a,307,43,0,0,0,0,0,0,0,0,0,0,0,0,0,0,0,0,0,0,0,0,0,0,0,0.0,0.0,0.0,211.8832883425057
2406,raw_data/harbor_images_sequence_06/frame002406.png,350,41,41,0.11714285714285715,350,309,0.9583333333333334,23,24,48.5,59.02857208251953,0.7942857142857143,0.007692263461649418,0.8871153593063354,0.6134213209152222,0.5828286409378052,1.2757538557052612,1.3880919218063354,0.0,nan,nan,91.56941223144531,30.06913185119629,34.457366943359375,2047.3486328125,0.0001190185546875,0.00450439453125,0.1925023725921033,0.09551937878131866,0.0,1.0,1.0,0.9884414672851562,0.6682029300265842,0.5379943057789521,0.5511909622435618,0.9905902099609375,1.0,0.8396948585533459,0.1603051414466541,0.8396948585533459,0.9902912621359223,0.9935275080906149,0.09639827802837453,0.22555970522553678,1.0032669607532978,klt,n/a,0,nan,n/a,nan,n/a,n/a,n/a,n/a,n/a,n/a,n/a,False,n/a,False,n/a,False,n/a,0,0,0,0,nan,nan,nan,nan,nan,nan,nan,nan,nan,nan,0,nan,0,False,n/a,0.0,klt,healthy,normal,healthy,0.6409776117909786,n/a,309,41,0,0,0,0,0,0,0,0,0,0,0,0,0,0,0,0,0,0,0,0,0,0,0,0.0,0.0,0.0,210.09177435189486
2407,raw_data/harbor_images_sequence_06/frame002407.png,350,50,50,0.14285714285714285,350,300,0.9583333333333334,23,24,47.0,57.894287109375,0.78,0.008047744631767273,0.8835210800170898,0.6197600364685059,0.5857783555984497,1.269223690032959,1.3859809637069702,0.0,nan,nan,91.32048034667969,30.131601333618164,34.54752731323242,2052.93798828125,0.0001220703125,0.0045989990234375,0.19129348455690875,0.09610146284103394,0.0,1.0,1.0,0.9881973266601562,0.6695911407470703,0.540895637063419,0.5532079859213396,0.9903814697265625,1.0,0.8404678517719004,0.15953214822809958,0.8404678517719004,0.9933333333333333,0.9766666666666667,0.15973695661773796,0.2290814651504507,0.9832204866907852,klt,n/a,0,nan,n/a,nan,n/a,n/a,n/a,n/a,n/a,n/a,n/a,False,n/a,False,n/a,False,n/a,0,0,0,0,nan,nan,nan,nan,nan,nan,nan,nan,nan,nan,0,nan,0,False,n/a,0.0,klt,healthy,normal,healthy,0.6408367413939821,n/a,300,50,0,0,0,0,0,0,0,0,0,0,0,0,0,0,0,0,0,0,0,0,0,0,0,0.0,0.0,0.0,205.81907965242863
2408,raw_data/harbor_images_sequence_06/frame002408.png,350,53,53,0.15142857142857144,350,297,0.9583333333333334,23,24,44.5,57.18571472167969,0.7771428571428571,0.007045102771371603,0.8894122242927551,0.6343726515769958,0.5947080850601196,1.254543662071228,1.3773983716964722,0.0,nan,nan,91.1013412475586,30.18302345275879,34.539310455322266,2049.27734375,0.0001251220703125,0.0046722412109375,0.19125373391544118,0.09626710414886475,0.0,1.0,1.0,0.988006591796875,0.6707338545057508,0.5409910386029412,0.5541558003184771,0.9902606201171875,1.0,0.8407019322059752,0.15929806779402478,0.8407019322059752,0.9932659932659933,0.9393939393939394,0.15993525654735025,0.23711297714390364,0.945761759690703,klt,n/a,0,nan,n/a,nan,n/a,n/a,n/a,n/a,n/a,n/a,n/a,False,n/a,False,n/a,False,n/a,0,0,0,0,nan,nan,nan,nan,nan,nan,nan,nan,nan,nan,0,nan,0,False,n/a,0.0,klt,healthy,normal,healthy,0.6303429167661941,n/a,297,53,0,0,0,0,0,0,0,0,0,0,0,0,0,0,0,0,0,0,0,0,0,0,0,0.0,0.0,0.0,203.15592782571912
2409,raw_data/harbor_images_sequence_06/frame002409.png,350,47,47,0.13428571428571429,350,303,0.9583333333333334,23,24,45.0,57.63999938964844,0.7885714285714286,0.008008692413568497,0.8746404647827148,0.59967041015625,0.5742933750152588,1.2902755737304688,1.4062933921813965,0.0,nan,nan,91.77700805664062,30.148115158081055,34.51356887817383,2066.46533203125,0.0001190185546875,0.00478515625,0.18982315961052393,0.09578639268875122,0.0,1.0,1.0,0.9877395629882812,0.6699581146240234,0.5444244169347425,0.5526754043319009,0.9901287841796875,1.0,0.84087191525495,0.15912808474505002,0.84087191525495,0.9867986798679867,0.9867986798679867,0.18304578943503377,0.21881825243645978,0.9999989866231005,klt,n/a,0,nan,n/a,nan,n/a,n/a,n/a,n/a,n/a,n/a,n/a,False,n/a,False,n/a,False,n/a,0,0,0,0,nan,nan,nan,nan,nan,nan,nan,nan,nan,nan,0,nan,0,False,n/a,0.0,klt,healthy,normal,healthy,0.6412472699025417,n/a,303,47,0,0,0,0,0,0,0,0,0,0,0,0,0,0,0,0,0,0,0,0,0,0,0,0.0,0.0,0.0,211.11060306429863
2410,raw_data/harbor_images_sequence_06/frame002410.png,350,56,56,0.16,350,294,0.9583333333333334,23,24,45.0,57.762855529785156,0.7857142857142857,0.00790080614387989,0.8886286020278931,0.6220285892486572,0.5957464575767517,1.266911506652832,1.364713191986084,0.0,nan,nan,91.58675384521484,30.24949073791504,34.515296936035156,2078.423095703125,0.0001190185546875,0.00484619140625,0.19077228022556683,0.09626814723014832,0.0,1.0,1.0,0.9875869750976562,0.6722109052870009,0.5421465274586397,0.554896696348383,0.9900079345703126,1.0,0.841064339126393,0.158935660873607,0.841064339126393,0.9931972789115646,0.9931972789115646,0.11238266864861193,0.23635810471987484,0.9999989931516986,klt,n/a,0,nan,n/a,nan,n/a,n/a,n/a,n/a,n/a,n/a,n/a,False,n/a,False,n/a,False,n/a,0,0,0,0,nan,nan,nan,nan,nan,nan,nan,nan,nan,nan,0,nan,0,False,n/a,0.0,klt,healthy,normal,healthy,0.640545675811205,n/a,294,56,0,0,0,0,0,0,0,0,0,0,0,0,0,0,0,0,0,0,0,0,0,0,0,0.0,0.0,0.0,196.2807639501989
2411,raw_data/harbor_images_sequence_06/frame002411.png,350,53,53,0.15142857142857144,350,297,0.9583333333333334,23,24,41.0,56.90571594238281,0.7742857142857142,0.006747967563569546,0.8754111528396606,0.6041825413703918,0.5815474390983582,1.2854559421539307,1.3920727968215942,0.0,nan,nan,91.90947723388672,30.345081329345703,34.690956115722656,2085.466796875,0.0001129150390625,0.0049591064453125,0.19173385320925249,0.09641005843877792,0.0,1.0,1.0,0.9873199462890625,0.6743351406521267,0.5398387522977941,0.556281339505104,0.9897882080078125,1.0,0.8411170889757151,0.15888291102428487,0.8411170889757151,0.9865319865319865,0.98989898989899,0.21433009237533543,0.2133478948635607,1.0034119521728677,klt,n/a,0,nan,n/a,nan,n/a,n/a,n/a,n/a,n/a,n/a,n/a,False,n/a,False,n/a,False,n/a,0,0,0,0,nan,nan,nan,nan,nan,nan,nan,nan,nan,nan,0,nan,0,False,n/a,0.0,klt,healthy,normal,healthy,0.6414660842054576,n/a,297,53,0,0,0,0,0,0,0,0,0,0,0,0,0,0,0,0,0,0,0,0,0,0,0,0.0,0.0,0.0,209.4387705437839
2412,raw_data/harbor_images_sequence_06/frame002412.png,350,53,53,0.15142857142857144,350,297,0.9583333333333334,23,24,41.5,57.165714263916016,0.78,0.007679520174860954,0.8756918907165527,0.6123859882354736,0.5816789269447327,1.2768299579620361,1.3869932889938354,0.0,nan,nan,92.01718139648438,30.333498001098633,34.697425842285156,2099.60400390625,0.0001129150390625,0.004998779296875,0.1908630401012945,0.09647846221923828,0.0,1.0,1.0,0.9872207641601562,0.6740777333577473,0.5419287037568932,0.5563080989953243,0.98973876953125,1.0,0.8413671362794275,0.1586328637205725,0.8413671362794275,1.0,0.9966329966329966,0.0958823604792029,0.21131433389010557,0.9966320000009967,klt,n/a,0,nan,n/a,nan,n/a,n/a,n/a,n/a,n/a,n/a,n/a,False,n/a,False,n/a,False,n/a,0,0,0,0,nan,nan,nan,nan,nan,nan,nan,nan,nan,nan,0,nan,0,False,n/a,0.0,klt,healthy,normal,healthy,0.6415474266443958,n/a,297,53,0,0,0,0,0,0,0,0,0,0,0,0,0,0,0,0,0,0,0,0,0,0,0,0.0,0.0,0.0,203.33943096920848
2413,raw_data/harbor_images_sequence_06/frame002413.png,350,56,56,0.16,350,294,0.9583333333333334,23,24,40.5,56.605712890625,0.7657142857142857,0.007154327817261219,0.8800526261329651,0.6148902177810669,0.5896317958831787,1.2742316722869873,1.375375747680664,0.0,nan,nan,92.33671569824219,30.484643936157227,34.88931655883789,2133.339599609375,0.0001068115234375,0.0051239013671875,0.19123989030426627,0.09656825661659241,0.0,1.0,1.0,0.9869232177734375,0.6774365319146051,0.5410242632697609,0.558191576449558,0.989453125,1.0,0.8418167434942787,0.1581832565057213,0.8418167434942787,0.9727891156462585,0.9727891156462585,0.17603377703958845,0.21952748356853546,0.9999989720290288,klt,n/a,0,nan,n/a,nan,n/a,n/a,n/a,n/a,n/a,n/a,n/a,False,n/a,False,n/a,False,n/a,0,0,0,0,nan,nan,nan,nan,nan,nan,nan,nan,nan,nan,0,nan,0,False,n/a,0.0,klt,healthy,normal,healthy,0.6412189006572586,n/a,294,56,0,0,0,0,0,0,0,0,0,0,0,0,0,0,0,0,0,0,0,0,0,0,0,0.0,0.0,0.0,206.32830914109945
2414,raw_data/harbor_images_sequence_06/frame002414.png,350,59,59,0.16857142857142857,350,291,0.9583333333333334,23,24,39.0,56.2457160949707,0.76,0.008442370221018791,0.8779956698417664,0.5950299501419067,0.5836743116378784,1.2952868938446045,1.384041428565979,0.0,nan,nan,91.706787109375,30.610157012939453,34.904029846191406,2132.214599609375,0.0001190185546875,0.00513916015625,0.1905283131318934,0.09697455912828445,0.0,1.0,1.0,0.9868545532226562,0.6802257113986545,0.5427320484834559,0.5605095809908829,0.989453125,1.0,0.842660455761147,0.157339544238853,0.842660455761147,0.9896907216494846,0.993127147766323,0.12136322132122505,0.20697707623028266,1.0034712082981887,klt,n/a,0,nan,n/a,nan,n/a,n/a,n/a,n/a,n/a,n/a,n/a,False,n/a,False,n/a,False,n/a,0,0,0,0,nan,nan,nan,nan,nan,nan,nan,nan,nan,nan,0,nan,0,False,n/a,0.0,klt,healthy,normal,healthy,0.6417209169507887,n/a,291,59,0,0,0,0,0,0,0,0,0,0,0,0,0,0,0,0,0,0,0,0,0,0,0,0.0,0.0,0.0,212.52226969227195
2415,raw_data/harbor_images_sequence_06/frame002415.png,350,60,60,0.17142857142857143,350,290,0.9583333333333334,23,24,37.5,56.22571563720703,0.7485714285714286,0.00756020238623023,0.886676549911499,0.6199109554290771,0.5988032221794128,1.2690694332122803,1.3593482971191406,0.0,nan,nan,92.26103210449219,30.79588508605957,34.89887619018555,2122.198974609375,0.0001190185546875,0.0053070068359375,0.19140925089518232,0.09708604216575623,0.0,1.0,1.0,0.9864349365234375,0.6843530019124349,0.5406177978515625,0.5628265967874816,0.989156494140625,1.0,0.8430696255744587,0.15693037442554125,0.8430696255744587,0.993103448275862,0.993103448275862,0.14346443533096082,0.20273843948889236,0.9999989930565695,klt,n/a,0,nan,n/a,nan,n/a,n/a,n/a,n/a,n/a,n/a,n/a,False,n/a,False,n/a,False,n/a,0,0,0,0,nan,nan,nan,nan,nan,nan,nan,nan,nan,nan,0,nan,0,False,n/a,0.0,klt,healthy,normal,healthy,0.6418904624204443,n/a,290,60,0,0,0,0,0,0,0,0,0,0,0,0,0,0,0,0,0,0,0,0,0,0,0,0.0,0.0,0.0,201.36240310966969
2416,raw_data/harbor_images_sequence_06/frame002416.png,350,61,61,0.1742857142857143,350,289,0.9583333333333334,23,24,37.5,56.41999816894531,0.7428571428571429,0.006763731129467487,0.8902616500854492,0.6249901056289673,0.6007450819015503,1.2639102935791016,1.3590006828308105,0.0,nan,nan,92.29890441894531,30.992307662963867,35.029476165771484,2142.3232421875,0.000115966796875,0.005377197265625,0.19261999392041973,0.09713905304670334,0.0,1.0,1.0,0.98626708984375,0.6887179480658637,0.5377120145909926,0.5651295491390758,0.9890576171875,1.0,0.8434368895198316,0.15656311048016835,0.8434368895198316,0.9930795847750865,0.9930795847750865,0.08134475847367019,0.1973566982011306,0.9999989930323728,klt,n/a,0,nan,n/a,nan,n/a,n/a,n/a,n/a,n/a,n/a,n/a,False,n/a,False,n/a,False,n/a,0,0,0,0,nan,nan,nan,nan,nan,nan,nan,nan,nan,nan,0,nan,0,False,n/a,0.0,klt,healthy,normal,healthy,0.6421057320719548,n/a,289,61,0,0,0,0,0,0,0,0,0,0,0,0,0,0,0,0,0,0,0,0,0,0,0,0.0,0.0,0.0,204.24838783219457
2417,raw_data/harbor_images_sequence_06/frame002417.png,350,58,58,0.1657142857142857,350,292,0.9583333333333334,23,24,35.5,56.03428649902344,0.7485714285714286,0.007462651468813419,0.8836728930473328,0.6124886274337769,0.5905721783638,1.2767231464385986,1.3773527145385742,0.0,nan,nan,92.55473327636719,31.095441818237305,35.0174560546875,2143.65478515625,0.0001129150390625,0.0054534912109375,0.1930527152267157,0.09718072414398193,0.0,1.0,1.0,0.986083984375,0.6910098181830512,0.5366734834558824,0.5663701912369391,0.9888983154296875,1.0,0.8436838658650037,0.15631613413499634,0.8436838658650037,0.9657534246575342,0.9965753424657534,0.2115016559068208,0.21229403120586127,1.0319138251105073,klt,n/a,0,nan,n/a,nan,n/a,n/a,n/a,n/a,n/a,n/a,n/a,False,n/a,False,n/a,False,n/a,0,0,0,0,nan,nan,nan,nan,nan,nan,nan,nan,nan,nan,0,nan,0,False,n/a,0.0,klt,healthy,normal,healthy,0.6415082387517657,n/a,292,58,0,0,0,0,0,0,0,0,0,0,0,0,0,0,0,0,0,0,0,0,0,0,0,0.0,0.0,0.0,207.07019371911883
2418,raw_data/harbor_images_sequence_06/frame002418.png,350,60,60,0.17142857142857143,350,290,0.9583333333333334,23,24,33.5,55.762855529785156,0.7571428571428571,0.006359046325087547,0.8857319355010986,0.6137102246284485,0.5949336290359497,1.275454044342041,1.3659950494766235,0.0,nan,nan,92.2839584350586,31.20967674255371,35.097412109375,2158.30419921875,0.0001068115234375,0.005535888671875,0.19320317586263022,0.09798839688301086,0.0,1.0,1.0,0.9858932495117188,0.6935483720567491,0.5363123779296874,0.5694750880352174,0.98864013671875,1.0,0.8442721462657234,0.15572785373427656,0.8442721462657234,0.996551724137931,0.9137931034482759,0.06259462008675831,0.19544299350648975,0.9169540971740894,klt,n/a,0,nan,n/a,nan,n/a,n/a,n/a,n/a,n/a,n/a,n/a,False,n/a,False,n/a,False,n/a,0,0,0,0,nan,nan,nan,nan,nan,nan,nan,nan,nan,nan,0,nan,0,False,n/a,0.0,klt,healthy,normal,healthy,0.6035442136031058,n/a,290,60,0,0,0,0,0,0,0,0,0,0,0,0,0,0,0,0,0,0,0,0,0,0,0,0.0,0.0,0.0,214.1818916425109
2419,raw_data/harbor_images_sequence_06/frame002419.png,350,60,60,0.17142857142857143,350,290,0.9583333333333334,23,24,33.0,55.33714294433594,0.76,0.008107457309961319,0.8936780691146851,0.6160815358161926,0.5932899117469788,1.2730013132095337,1.3719018697738647,0.0,nan,nan,91.16856384277344,30.92073631286621,34.77267837524414,2113.84716796875,0.000103759765625,0.0054595947265625,0.1906448124904259,0.09748809784650803,0.0,1.0,1.0,0.9860916137695312,0.6871274736192491,0.5424524500229779,0.5651275955516882,0.988782958984375,1.0,0.8438719224951357,0.15612807750486435,0.8438719224951357,0.9827586206896551,0.9896551724137931,0.12865767638344647,0.19716183609619703,1.0070165191761735,klt,n/a,0,nan,n/a,nan,n/a,n/a,n/a,n/a,n/a,n/a,n/a,False,n/a,False,n/a,False,n/a,0,0,0,0,nan,nan,nan,nan,nan,nan,nan,nan,nan,nan,0,nan,0,False,n/a,0.0,klt,healthy,normal,healthy,0.6421135265561522,n/a,290,60,0,0,0,0,0,0,0,0,0,0,0,0,0,0,0,0,0,0,0,0,0,0,0,0.0,0.0,0.0,229.58535188809037
2420,raw_data/harbor_images_sequence_06/frame002420.png,350,59,59,0.16857142857142857,350,291,0.9583333333333334,23,24,33.0,54.88571548461914,0.7685714285714286,0.008116273209452629,0.8879141807556152,0.6056811809539795,0.5919615626335144,1.2838661670684814,1.376084327697754,0.0,nan,nan,91.10699462890625,31.10004425048828,34.74755096435547,2135.451904296875,0.000115966796875,0.0055084228515625,0.19159775977041207,0.09799554944038391,0.0,1.0,1.0,0.9859390258789062,0.6911120944552951,0.540165376551011,0.5682732050467019,0.988782958984375,1.0,0.8443890493019124,0.1556109506980876,0.8443890493019124,0.9896907216494846,0.9896907216494846,0.15540307984877832,0.19915289294726854,0.9999989895843543,klt,n/a,0,nan,n/a,nan,n/a,n/a,n/a,n/a,n/a,n/a,n/a,False,n/a,False,n/a,False,n/a,0,0,0,0,nan,nan,nan,nan,nan,nan,nan,nan,nan,nan,0,nan,0,False,n/a,0.0,klt,healthy,normal,healthy,0.6420338842821093,n/a,291,59,0,0,0,0,0,0,0,0,0,0,0,0,0,0,0,0,0,0,0,0,0,0,0,0.0,0.0,0.0,215.50739789381623
2421,raw_data/harbor_images_sequence_06/frame002421.png,350,65,65,0.18571428571428572,350,285,0.9583333333333334,23,24,29.5,53.71428680419922,0.7571428571428571,0.007489028852432966,0.8879249095916748,0.6192334890365601,0.5964897871017456,1.2697622776031494,1.3627485036849976,0.0,nan,nan,91.3199234008789,31.2623233795166,34.7818489074707,2117.34765625,0.0001068115234375,0.005621337890625,0.1936743852203968,0.09807714819908142,0.0,1.0,1.0,0.9856796264648438,0.6947182973225912,0.5351814754710478,0.5702617582046624,0.9885906982421875,1.0,0.8443200102995296,0.15567998970047037,0.8443200102995296,0.9894736842105263,0.9929824561403509,0.0939549870825244,0.21240986787760305,1.0035450850696834,klt,n/a,0,nan,n/a,nan,n/a,n/a,n/a,n/a,n/a,n/a,n/a,False,n/a,False,n/a,False,n/a,0,0,0,0,nan,nan,nan,nan,nan,nan,nan,nan,nan,nan,0,nan,0,False,n/a,0.0,klt,healthy,normal,healthy,0.6415036052848959,n/a,285,65,0,0,0,0,0,0,0,0,0,0,0,0,0,0,0,0,0,0,0,0,0,0,0,0.0,0.0,0.0,219.60631664842367
2422,raw_data/harbor_images_sequence_06/frame002422.png,350,59,59,0.16857142857142857,350,291,0.9583333333333334,23,24,30.0,53.3028564453125,0.7485714285714286,0.006939840968698263,0.8881111145019531,0.6129240393638611,0.5955230593681335,1.2762737274169922,1.369601845741272,0.0,nan,nan,91.35868835449219,31.489274978637695,34.90292739868164,2139.06982421875,0.000115966796875,0.005743408203125,0.19547927557253372,0.0985909253358841,0.0,1.0,1.0,0.9853515625,0.6997616661919488,0.5308497386259191,0.5739511179502564,0.988299560546875,1.0,0.8447046586375058,0.15529534136249423,0.8447046586375058,0.9828178694158075,0.9828178694158075,0.163084305045534,0.1866921806904949,0.9999989825185177,klt,n/a,0,nan,n/a,nan,n/a,n/a,n/a,n/a,n/a,n/a,n/a,False,n/a,False,n/a,False,n/a,0,0,0,0,nan,nan,nan,nan,nan,nan,nan,nan,nan,nan,0,nan,0,False,n/a,0.0,klt,healthy,normal,healthy,0.6425323127723803,n/a,291,59,0,0,0,0,0,0,0,0,0,0,0,0,0,0,0,0,0,0,0,0,0,0,0,0.0,0.0,0.0,219.23238970339298
2423,raw_data/harbor_images_sequence_06/frame002423.png,350,55,55,0.15714285714285714,350,295,0.9583333333333334,23,24,28.5,53.02857208251953,0.7457142857142857,0.007531055249273777,0.8875112533569336,0.6155165433883667,0.5866352319717407,1.2735905647277832,1.388485074043274,0.0,nan,nan,91.0055160522461,31.47332763671875,34.90415573120117,2129.7421875,0.0001129150390625,0.0057708740234375,0.19411521163641254,0.09928128123283386,0.0,1.0,1.0,0.98529052734375,0.6994072808159723,0.5341234920726099,0.575342915937154,0.9882171630859375,1.0,0.8452752055669468,0.1547247944330532,0.8452752055669468,0.9898305084745763,0.8915254237288136,0.07171356410943171,0.19924739684574708,0.9006840215692248,klt,n/a,0,nan,n/a,nan,n/a,n/a,n/a,n/a,n/a,n/a,n/a,False,n/a,False,n/a,False,n/a,0,0,0,0,nan,nan,nan,nan,nan,nan,nan,nan,nan,nan,0,nan,0,False,n/a,0.0,klt,healthy,normal,healthy,0.5804825386402978,n/a,295,55,0,0,0,0,0,0,0,0,0,0,0,0,0,0,0,0,0,0,0,0,0,0,0,0.0,0.0,0.0,206.86463778838515
2424,raw_data/harbor_images_sequence_06/frame002424.png,350,58,58,0.1657142857142857,350,292,0.9583333333333334,23,24,29.0,53.58285903930664,0.7485714285714286,0.006843422539532185,0.8816717267036438,0.6027982234954834,0.5889154672622681,1.2869277000427246,1.3819228410720825,0.0,nan,nan,91.54426574707031,31.70685577392578,34.91411590576172,2129.21337890625,0.000115966796875,0.0058990478515625,0.19618052164713545,0.09900979697704315,0.0,1.0,1.0,0.9849624633789062,0.7045967949761285,0.5291667480468749,0.5773206633449806,0.98793701171875,1.0,0.8453851560336894,0.15461484396631064,0.8453851560336894,0.9794520547945206,0.9726027397260274,0.15671506621658973,0.1966494333211805,0.9930059791687205,klt,n/a,0,nan,n/a,nan,n/a,n/a,n/a,n/a,n/a,n/a,n/a,False,n/a,False,n/a,False,n/a,0,0,0,0,nan,nan,nan,nan,nan,nan,nan,nan,nan,nan,0,nan,0,False,n/a,0.0,klt,healthy,normal,healthy,0.6421340226671528,n/a,292,58,0,0,0,0,0,0,0,0,0,0,0,0,0,0,0,0,0,0,0,0,0,0,0,0.0,0.0,0.0,226.40381939709187
2425,raw_data/harbor_images_sequence_06/frame002425.png,350,60,60,0.17142857142857143,350,290,0.9583333333333334,23,24,27.5,53.022857666015625,0.7542857142857143,0.006469042040407658,0.891900360584259,0.617965579032898,0.5942030549049377,1.2710816860198975,1.3793284893035889,0.0,nan,nan,91.30590057373047,31.862232208251953,35.07160568237305,2138.47900390625,0.00010986328125,0.0059906005859375,0.1971194128896677,0.099659264087677,0.0,1.0,1.0,0.9847488403320312,0.7080496046278212,0.5269134090647976,0.5805231297859038,0.9877667236328125,1.0,0.8458324696565311,0.15416753034346886,0.8458324696565311,0.9793103448275862,0.9758620689655172,0.07424469314769533,0.18519240051730163,0.9964778557092319,klt,n/a,0,nan,n/a,nan,n/a,n/a,n/a,n/a,n/a,n/a,n/a,False,n/a,False,n/a,False,n/a,0,0,0,0,nan,nan,nan,nan,nan,nan,nan,nan,nan,nan,0,nan,0,False,n/a,0.0,klt,healthy,normal,healthy,0.642592303979308,n/a,290,60,0,0,0,0,0,0,0,0,0,0,0,0,0,0,0,0,0,0,0,0,0,0,0,0.0,0.0,0.0,212.3414552770555
2426,raw_data/harbor_images_sequence_06/frame002426.png,350,59,59,0.16857142857142857,350,291,0.9583333333333334,23,24,27.0,52.72571563720703,0.7485714285714286,0.006788051687180996,0.8868498802185059,0.6137412190437317,0.5926768183708191,1.2754223346710205,1.387155532836914,0.0,nan,nan,91.92683410644531,32.023345947265625,35.14809799194336,2141.26025390625,0.0001129150390625,0.006109619140625,0.19822474760167738,0.09898510575294495,0.0,1.0,1.0,0.9844436645507812,0.7116299099392361,0.5242606057559743,0.5807811044081292,0.9875579833984375,1.0,0.8458725252775201,0.1541274747224799,0.8458725252775201,0.9896907216494846,0.9759450171821306,0.25077767564905373,0.19376917615857586,0.9861101147290159,klt,n/a,0,nan,n/a,nan,n/a,n/a,n/a,n/a,n/a,n/a,n/a,False,n/a,False,n/a,False,n/a,0,0,0,0,nan,nan,nan,nan,nan,nan,nan,nan,nan,nan,0,nan,0,False,n/a,0.0,klt,healthy,normal,healthy,0.642249232953657,n/a,291,59,0,0,0,0,0,0,0,0,0,0,0,0,0,0,0,0,0,0,0,0,0,0,0,0.0,0.0,0.0,199.3633722886443
2427,raw_data/harbor_images_sequence_06/frame002427.png,350,55,55,0.15714285714285714,350,295,0.9583333333333334,23,24,28.0,52.67714309692383,0.7485714285714286,0.006547671742737293,0.8847959637641907,0.6210044622421265,0.5921602249145508,1.267953634262085,1.3838963508605957,0.0,nan,nan,91.69416809082031,32.25627136230469,35.18549728393555,2143.527099609375,0.0001220703125,0.006243896484375,0.20102455887140022,0.0997808575630188,0.0,1.0,1.0,0.9840850830078125,0.7168060302734375,0.5175410587086395,0.5851776914163069,0.987354736328125,1.0,0.8460252889626039,0.15397471103739613,0.8460252889626039,0.9966101694915255,0.9694915254237289,0.13271437266406125,0.17168898674452054,0.9727881395493158,klt,n/a,0,nan,n/a,nan,n/a,n/a,n/a,n/a,n/a,n/a,n/a,False,n/a,False,n/a,False,n/a,0,0,0,0,nan,nan,nan,nan,nan,nan,nan,nan,nan,nan,0,nan,0,False,n/a,0.0,klt,healthy,normal,healthy,0.6431324405302192,n/a,295,55,0,0,0,0,0,0,0,0,0,0,0,0,0,0,0,0,0,0,0,0,0,0,0,0.0,0.0,0.0,194.9727856554091
2428,raw_data/harbor_images_sequence_06/frame002428.png,350,62,62,0.17714285714285713,350,288,0.9583333333333334,23,24,29.0,53.39714431762695,0.7657142857142857,0.007374348118901253,0.8925831913948059,0.6399103403091431,0.6072353720664978,1.2491120100021362,1.358961582183838,0.0,nan,nan,91.99446868896484,32.49848175048828,35.31682205200195,2166.775634765625,0.0001129150390625,0.0063507080078125,0.20292870315850955,0.09984403848648071,0.0,1.0,1.0,0.9838409423828125,0.7221884833441841,0.512971112419577,0.5880125109595482,0.987091064453125,1.0,0.8463264520083136,0.15367354799168642,0.8463264520083136,0.9930555555555556,0.9861111111111112,0.14474106339873619,0.18455917004564315,0.9930059930569021,klt,n/a,0,nan,n/a,nan,n/a,n/a,n/a,n/a,n/a,n/a,n/a,False,n/a,False,n/a,False,n/a,0,0,0,0,nan,nan,nan,nan,nan,nan,nan,nan,nan,nan,0,nan,0,False,n/a,0.0,klt,healthy,normal,healthy,0.6426176331981743,n/a,288,62,0,0,0,0,0,0,0,0,0,0,0,0,0,0,0,0,0,0,0,0,0,0,0,0.0,0.0,0.0,206.2828871421516
2429,raw_data/harbor_images_sequence_06/frame002429.png,350,52,52,0.14857142857142858,350,298,0.9583333333333334,23,24,30.0,54.12285614013672,0.7685714285714286,0.00646244827657938,0.8841111660003662,0.6214396953582764,0.5905791521072388,1.2675113677978516,1.3806480169296265,0.0,nan,nan,92.12642669677734,32.58292007446289,35.520511627197266,2187.474609375,0.000115966796875,0.006439208984375,0.20297648111979166,0.10019891709089279,0.0,1.0,1.0,0.983612060546875,0.7240648905436198,0.5128564453125,0.5897572568420207,0.9868438720703125,1.0,0.8467026396198707,0.1532973603801293,0.8467026396198707,0.9765100671140939,0.9697986577181208,0.09376038338241612,0.18299822581684405,0.9931261307505602,klt,n/a,0,nan,n/a,nan,n/a,n/a,n/a,n/a,n/a,n/a,n/a,False,n/a,False,n/a,False,n/a,0,0,0,0,nan,nan,nan,nan,nan,nan,nan,nan,nan,nan,0,nan,0,False,n/a,0.0,klt,healthy,normal,healthy,0.6426800709673263,n/a,298,52,0,0,0,0,0,0,0,0,0,0,0,0,0,0,0,0,0,0,0,0,0,0,0,0.0,0.0,0.0,206.40179887413979
2430,raw_data/harbor_images_sequence_06/frame002430.png,350,48,48,0.13714285714285715,350,302,0.9583333333333334,23,24,30.5,54.37428665161133,0.7742857142857142,0.0067417495884001255,0.885678231716156,0.6192508935928345,0.5853387117385864,1.269744873046875,1.3992481231689453,0.0,nan,nan,91.98445129394531,32.72344970703125,35.54043197631836,2197.06005859375,0.0001190185546875,0.00654296875,0.203413636450674,0.10007058084011078,0.0,1.0,1.0,0.9833450317382812,0.7271877712673611,0.5118072725183824,0.5910270239066596,0.9867669677734375,1.0,0.8470462154484559,0.15295378455154407,0.8470462154484559,1.0,0.9735099337748344,0.1345938705342621,0.17872627041508476,0.9735089602658742,klt,n/a,0,nan,n/a,nan,n/a,n/a,n/a,n/a,n/a,n/a,n/a,False,n/a,False,n/a,False,n/a,0,0,0,0,nan,nan,nan,nan,nan,nan,nan,nan,nan,nan,0,nan,0,False,n/a,0.0,klt,healthy,normal,healthy,0.6428509491833967,n/a,302,48,0,0,0,0,0,0,0,0,0,0,0,0,0,0,0,0,0,0,0,0,0,0,0,0.0,0.0,0.0,216.63823816925287
2431,raw_data/harbor_images_sequence_06/frame002431.png,350,56,56,0.16,350,294,0.9583333333333334,23,24,31.0,54.514286041259766,0.76,0.006656229496002197,0.8889021277427673,0.6383031010627747,0.601274311542511,1.2506814002990723,1.368491768836975,0.0,nan,nan,91.91250610351562,32.90583419799805,35.628902435302734,2208.889892578125,0.000115966796875,0.0065704345703125,0.20528501922009043,0.10060349106788635,0.0,1.0,1.0,0.9832839965820312,0.7312407599555122,0.507315953871783,0.594264677859316,0.986563720703125,1.0,0.8472727889118603,0.1527272110881397,0.8472727889118603,0.9897959183673469,0.9761904761904762,0.15251426541230734,0.1826515061845193,0.9862532991117872,klt,n/a,0,nan,n/a,nan,n/a,n/a,n/a,n/a,n/a,n/a,n/a,False,n/a,False,n/a,False,n/a,0,0,0,0,nan,nan,nan,nan,nan,nan,nan,nan,nan,nan,0,nan,0,False,n/a,0.0,klt,healthy,normal,healthy,0.6426939397526192,n/a,294,56,0,0,0,0,0,0,0,0,0,0,0,0,0,0,0,0,0,0,0,0,0,0,0,0.0,0.0,0.0,209.1364930383861
2432,raw_data/harbor_images_sequence_06/frame002432.png,350,51,51,0.1457142857142857,350,299,1.0,24,24,30.5,54.42571258544922,0.7771428571428571,0.006644132547080517,0.8865925073623657,0.6232627630233765,0.5966585278511047,1.2656583786010742,1.3727514743804932,0.0,nan,nan,91.857666015625,33.099639892578125,35.825069427490234,2229.648193359375,0.0001220703125,0.0067291259765625,0.20592875162760413,0.10115967690944672,0.0,1.0,1.0,0.9828720092773438,0.7355475531684028,0.5057709960937501,0.5976821331965803,0.9864208984375,1.0,0.8479253968364542,0.15207460316354582,0.8479253968364542,0.9899665551839465,0.9732441471571907,0.05709215588791793,0.1783073109354216,0.9831071150370696,klt,n/a,0,nan,n/a,nan,n/a,n/a,n/a,n/a,n/a,n/a,n/a,False,n/a,False,n/a,False,n/a,0,0,0,0,nan,nan,nan,nan,nan,nan,nan,nan,nan,nan,0,nan,0,False,n/a,0.0,klt,healthy,normal,healthy,0.6428677075625832,n/a,299,51,0,0,0,0,0,0,0,0,0,0,0,0,0,0,0,0,0,0,0,0,0,0,0,0.0,0.0,0.0,215.59402765706182
2433,raw_data/harbor_images_sequence_06/frame002433.png,350,54,54,0.15428571428571428,350,296,1.0,24,24,31.0,54.371429443359375,0.7828571428571428,0.006974976509809494,0.8849564790725708,0.6246781349182129,0.5995218753814697,1.2642282247543335,1.3707698583602905,0.0,nan,nan,92.24363708496094,33.19497299194336,35.93103790283203,2238.435791015625,0.0001190185546875,0.0068084716796875,0.20666450949276202,0.10101950168609619,0.0,1.0,1.0,0.9826812744140625,0.7376660664876302,0.5040051772173711,0.5984228098031247,0.986190185546875,1.0,0.8479845540278226,0.15201544597217742,0.8479845540278226,1.0,0.972972972972973,0.05197343654689461,0.17781817460204552,0.9729720000009731,klt,n/a,0,nan,n/a,nan,n/a,n/a,n/a,n/a,n/a,n/a,n/a,False,n/a,False,n/a,False,n/a,0,0,0,0,nan,nan,nan,nan,nan,nan,nan,nan,nan,nan,0,nan,0,False,n/a,0.0,klt,healthy,normal,healthy,0.6428872730159182,n/a,296,54,0,0,0,0,0,0,0,0,0,0,0,0,0,0,0,0,0,0,0,0,0,0,0,0.0,0.0,0.0,228.96844800561666
2434,raw_data/harbor_images_sequence_06/frame002434.png,350,50,50,0.14285714285714285,350,300,1.0,24,24,30.0,54.2457160949707,0.7714285714285715,0.007116825319826603,0.8938999176025391,0.6335083842277527,0.6000786423683167,1.2553982734680176,1.3703628778457642,0.0,nan,nan,92.14451599121094,33.35191345214844,36.0908203125,2251.647216796875,0.0001251220703125,0.006903076171875,0.20729835061465993,0.10190550982952118,0.0,1.0,1.0,0.9824295043945312,0.7411536322699652,0.5024839585248162,0.6021802475657125,0.9860089111328125,1.0,0.8485998949690681,0.15140010503093193,0.8485998949690681,1.0,0.97,0.08096913014566538,0.17432182372733884,0.9699990300009701,klt,n/a,0,nan,n/a,nan,n/a,n/a,n/a,n/a,n/a,n/a,n/a,False,n/a,False,n/a,False,n/a,0,0,0,0,nan,nan,nan,nan,nan,nan,nan,nan,nan,nan,0,nan,0,False,n/a,0.0,klt,healthy,normal,healthy,0.6430271270509065,n/a,300,50,0,0,0,0,0,0,0,0,0,0,0,0,0,0,0,0,0,0,0,0,0,0,0,0.0,0.0,0.0,225.65083298832178
2435,raw_data/harbor_images_sequence_06/frame002435.png,350,52,52,0.14857142857142858,350,298,1.0,24,24,30.0,53.31428527832031,0.7742857142857142,0.0065900301560759544,0.8897925615310669,0.629867434501648,0.6002945303916931,1.2590177059173584,1.3655169010162354,0.0,nan,nan,92.31649017333984,33.47211456298828,36.1955451965332,2264.002685546875,0.000115966796875,0.0070404052734375,0.20820288564644612,0.1025947630405426,0.0,1.0,1.0,0.9821090698242188,0.7438247680664063,0.5003130744485293,0.6050823000344363,0.9857562255859375,1.0,0.8489111405089578,0.15108885949104223,0.8489111405089578,0.9832214765100671,0.9664429530201343,0.06528012986826694,0.17832105632785344,0.9829341538758436,klt,n/a,0,nan,n/a,nan,n/a,n/a,n/a,n/a,n/a,n/a,n/a,False,n/a,False,n/a,False,n/a,0,0,0,0,nan,nan,nan,nan,nan,nan,nan,nan,nan,nan,0,nan,0,False,n/a,0.0,klt,healthy,normal,healthy,0.6428671577468859,n/a,298,52,0,0,0,0,0,0,0,0,0,0,0,0,0,0,0,0,0,0,0,0,0,0,0,0.0,0.0,0.0,225.6117220968008
2436,raw_data/harbor_images_sequence_06/frame002436.png,350,56,56,0.16,350,294,1.0,24,24,30.5,53.39142990112305,0.7714285714285715,0.006489915773272514,0.8975180387496948,0.6481348872184753,0.6058397889137268,1.2411789894104004,1.3583128452301025,0.0,nan,nan,92.46083068847656,33.658714294433594,36.40970230102539,2300.85791015625,0.000115966796875,0.0071533203125,0.21030177995270394,0.10329897701740265,0.0,1.0,1.0,0.9818267822265625,0.747971428765191,0.4952757281135106,0.6087561166948743,0.9856134033203126,1.0,0.8491019254575056,0.15089807454249438,0.8491019254575056,0.9965986394557823,0.9931972789115646,0.18318637564101564,0.19126540466166808,0.9965860307293752,klt,n/a,0,nan,n/a,nan,n/a,n/a,n/a,n/a,n/a,n/a,n/a,False,n/a,False,n/a,False,n/a,0,0,0,0,nan,nan,nan,nan,nan,nan,nan,nan,nan,nan,0,nan,0,False,n/a,0.0,klt,healthy,normal,healthy,0.6423493838135333,n/a,294,56,0,0,0,0,0,0,0,0,0,0,0,0,0,0,0,0,0,0,0,0,0,0,0,0.0,0.0,0.0,209.84193496406078
2437,raw_data/harbor_images_sequence_06/frame002437.png,350,47,47,0.13428571428571429,350,303,1.0,24,24,31.5,54.13142776489258,0.7685714285714286,0.006553317420184612,0.8919684886932373,0.6374741196632385,0.5932987928390503,1.251495599746704,1.3873897790908813,0.0,nan,nan,92.46990966796875,33.56251907348633,36.43121337890625,2303.223388671875,0.000115966796875,0.0072906494140625,0.21027445475260415,0.10327032208442688,0.0,1.0,1.0,0.9814834594726562,0.745833757188585,0.49534130859375003,0.607622156058899,0.9854046630859375,1.0,0.848664787714698,0.151335212285302,0.848664787714698,0.9966996699669967,0.9603960396039604,0.08878743122415478,0.18039377296682638,0.9635751921745588,klt,n/a,0,nan,n/a,nan,n/a,n/a,n/a,n/a,n/a,n/a,n/a,False,n/a,False,n/a,False,n/a,0,0,0,0,nan,nan,nan,nan,nan,nan,nan,nan,nan,nan,0,nan,0,False,n/a,0.0,klt,healthy,normal,healthy,0.642784249081327,n/a,303,47,0,0,0,0,0,0,0,0,0,0,0,0,0,0,0,0,0,0,0,0,0,0,0,0.0,0.0,0.0,209.2565237544477
2438,raw_data/harbor_images_sequence_06/frame002438.png,350,55,55,0.15714285714285714,350,295,1.0,24,24,32.0,54.448570251464844,0.7742857142857142,0.006232383660972118,0.8962022662162781,0.6484435796737671,0.6088192462921143,1.2408785820007324,1.3530200719833374,0.0,nan,nan,92.8111572265625,33.59931182861328,36.64168930053711,2314.2587890625,0.0001129150390625,0.0073577880859375,0.21087964824601718,0.10340524464845657,0.0,1.0,1.0,0.9813232421875,0.746651373969184,0.4938888442095588,0.6083376066401751,0.98516845703125,1.0,0.8486120123468364,0.15138798765316364,0.8486120123468364,0.9966101694915255,0.976271186440678,0.12246577200344075,0.17004733025410632,0.9795908538118984,klt,n/a,0,nan,n/a,nan,n/a,n/a,n/a,n/a,n/a,n/a,n/a,False,n/a,False,n/a,False,n/a,0,0,0,0,nan,nan,nan,nan,nan,nan,nan,nan,nan,nan,0,nan,0,False,n/a,0.0,klt,healthy,normal,healthy,0.6431981067898358,n/a,295,55,0,0,0,0,0,0,0,0,0,0,0,0,0,0,0,0,0,0,0,0,0,0,0,0.0,0.0,0.0,208.89381598681211
2439,raw_data/harbor_images_sequence_06/frame002439.png,350,59,59,0.16857142857142857,350,291,1.0,24,24,32.5,54.145713806152344,0.7685714285714286,0.00601579062640667,0.90022873878479,0.6576197147369385,0.6141600012779236,1.2322041988372803,1.345235824584961,0.0,nan,nan,93.05363464355469,33.7315673828125,36.70155334472656,2335.6533203125,0.0001129150390625,0.0075042724609375,0.21271566054400287,0.10338550806045532,0.0,1.0,1.0,0.98095703125,0.7495903862847222,0.48948241469439313,0.6097622569161232,0.985003662109375,1.0,0.848464918717879,0.151535081282121,0.848464918717879,0.9965635738831615,0.9862542955326461,0.1399382184411579,0.18655617246650705,0.9896541793470132,klt,n/a,0,nan,n/a,nan,n/a,n/a,n/a,n/a,n/a,n/a,n/a,False,n/a,False,n/a,False,n/a,0,0,0,0,nan,nan,nan,nan,nan,nan,nan,nan,nan,nan,0,nan,0,False,n/a,0.0,klt,healthy,normal,healthy,0.6425377531013398,n/a,291,59,0,0,0,0,0,0,0,0,0,0,0,0,0,0,0,0,0,0,0,0,0,0,0,0.0,0.0,0.0,211.12463995814323
2440,raw_data/harbor_images_sequence_06/frame002440.png,350,54,54,0.15428571428571428,350,296,1.0,24,24,32.5,54.505714416503906,0.7714285714285715,0.006536421366035938,0.8981610536575317,0.6528396606445312,0.609039306640625,1.2367000579833984,1.3524187803268433,0.0,nan,nan,93.10808563232422,33.815887451171875,36.90857696533203,2359.062255859375,0.000115966796875,0.0075836181640625,0.21358298208199303,0.10430347919464111,0.0,1.0,1.0,0.9807510375976562,0.7514641655815972,0.48740084300321673,0.6127854445968012,0.9847784423828125,1.0,0.8487229022965457,0.15127709770345432,0.8487229022965457,0.9763513513513513,0.9797297297297297,0.11962297496974636,0.17576802767543037,1.0034591798480372,klt,n/a,0,nan,n/a,nan,n/a,n/a,n/a,n/a,n/a,n/a,n/a,False,n/a,False,n/a,False,n/a,0,0,0,0,nan,nan,nan,nan,nan,nan,nan,nan,nan,nan,0,nan,0,False,n/a,0.0,klt,healthy,normal,healthy,0.6429692788929828,n/a,296,54,0,0,0,0,0,0,0,0,0,0,0,0,0,0,0,0,0,0,0,0,0,0,0,0.0,0.0,0.0,215.42552299797535
2441,raw_data/harbor_images_sequence_06/frame002441.png,350,53,53,0.15142857142857144,350,297,1.0,24,24,32.5,54.47142791748047,0.7542857142857143,0.006585609167814255,0.8988938927650452,0.6575706005096436,0.6103155612945557,1.2322505712509155,1.3534114360809326,0.0,nan,nan,92.90028381347656,33.91133499145508,37.00995635986328,2359.011962890625,0.000115966796875,0.007659912109375,0.21532710655062806,0.10524901747703552,0.0,1.0,1.0,0.980560302734375,0.753585222032335,0.48321494427849265,0.6159949234639756,0.9845697021484375,1.0,0.8487411281155774,0.15125887188442255,0.8487411281155774,0.9831649831649831,0.9932659932659933,0.13152396733299102,0.19640356944644566,1.0102729450306005,klt,n/a,0,nan,n/a,nan,n/a,n/a,n/a,n/a,n/a,n/a,n/a,False,n/a,False,n/a,False,n/a,0,0,0,0,nan,nan,nan,nan,nan,nan,nan,nan,nan,nan,0,nan,0,False,n/a,0.0,klt,healthy,normal,healthy,0.6421438572221423,n/a,297,53,0,0,0,0,0,0,0,0,0,0,0,0,0,0,0,0,0,0,0,0,0,0,0,0.0,0.0,0.0,213.37497420608997
2442,raw_data/harbor_images_sequence_06/frame002442.png,350,48,48,0.13714285714285715,350,302,1.0,24,24,33.0,55.022857666015625,0.7571428571428571,0.007412340492010117,0.8934153318405151,0.6318031549453735,0.5939577221870422,1.2570881843566895,1.3720818758010864,0.0,nan,nan,93.35037231445312,34.0072021484375,37.2099723815918,2370.34130859375,0.000115966796875,0.00777587890625,0.21675866818895526,0.10562291741371155,0.0,1.0,1.0,0.9802703857421875,0.7557156032986111,0.47977919634650745,0.6179098866804682,0.9843719482421875,1.0,0.8486989094695943,0.15130109053040575,0.8486989094695943,0.9966887417218543,0.9834437086092715,0.07970997088052525,0.20338571273198586,0.9867099734670698,klt,n/a,0,nan,n/a,nan,n/a,n/a,n/a,n/a,n/a,n/a,n/a,False,n/a,False,n/a,False,n/a,0,0,0,0,nan,nan,nan,nan,nan,nan,nan,nan,nan,nan,0,nan,0,False,n/a,0.0,klt,healthy,normal,healthy,0.6418645714907206,n/a,302,48,0,0,0,0,0,0,0,0,0,0,0,0,0,0,0,0,0,0,0,0,0,0,0,0.0,0.0,0.0,217.53349481150508
2443,raw_data/harbor_images_sequence_06/frame002443.png,350,52,52,0.14857142857142858,350,298,1.0,24,24,34.0,55.39714431762695,0.7714285714285715,0.005611887201666832,0.8957785964012146,0.6442282199859619,0.6054048538208008,1.2449284791946411,1.359203815460205,0.0,nan,nan,93.38981628417969,34.10936737060547,37.37149429321289,2382.325439453125,0.000115966796875,0.007861328125,0.2175178767185587,0.10621365159749985,0.0,1.0,1.0,0.9800567626953125,0.7579859415690104,0.4779570958754591,0.6203876335060958,0.9841082763671875,1.0,0.8489721305370457,0.15102786946295432,0.8489721305370457,0.9798657718120806,0.9630872483221476,0.14404569952665258,0.17083893493218405,0.9828757092569815,klt,n/a,0,nan,n/a,nan,n/a,n/a,n/a,n/a,n/a,n/a,n/a,False,n/a,False,n/a,False,n/a,0,0,0,0,nan,nan,nan,nan,nan,nan,nan,nan,nan,nan,0,nan,0,False,n/a,0.0,klt,healthy,normal,healthy,0.6431664426027127,n/a,298,52,0,0,0,0,0,0,0,0,0,0,0,0,0,0,0,0,0,0,0,0,0,0,0,0.0,0.0,0.0,205.88388806208968
2444,raw_data/harbor_images_sequence_06/frame002444.png,350,54,54,0.15428571428571428,350,296,1.0,24,24,34.5,55.62571334838867,0.7714285714285715,0.006302660331130028,0.8931776285171509,0.6407421827316284,0.6030247807502747,1.2483046054840088,1.3609789609909058,0.0,nan,nan,92.08895111083984,33.96536636352539,37.04154586791992,2386.944580078125,0.000115966796875,0.0077972412109375,0.2169496962603401,0.10643307864665985,0.0,1.0,1.0,0.9802169799804688,0.7547859191894531,0.47932072897518374,0.6192863201553171,0.984410400390625,1.0,0.8486842323989918,0.15131576760100818,0.8486842323989918,0.9966216216216216,0.9864864864864865,0.10868593957496708,0.21158269442633365,0.9898295152897068,klt,n/a,0,nan,n/a,nan,n/a,n/a,n/a,n/a,n/a,n/a,n/a,False,n/a,False,n/a,False,n/a,0,0,0,0,nan,nan,nan,nan,nan,nan,nan,nan,nan,nan,0,nan,0,False,n/a,0.0,klt,healthy,normal,healthy,0.6415366922229467,n/a,296,54,0,0,0,0,0,0,0,0,0,0,0,0,0,0,0,0,0,0,0,0,0,0,0,0.0,0.0,0.0,206.65669301524758
2445,raw_data/harbor_images_sequence_06/frame002445.png,350,56,56,0.16,350,294,1.0,24,24,35.0,56.24285888671875,0.7857142857142857,0.005856183357536793,0.9000245332717896,0.6525919437408447,0.6160720586776733,1.2369345426559448,1.335160255432129,0.0,nan,nan,92.56169128417969,34.074806213378906,37.212745666503906,2397.038818359375,0.0001190185546875,0.007958984375,0.21811900419347427,0.10652697086334229,0.0,1.0,1.0,0.9798049926757812,0.7572179158528646,0.47651438993566175,0.6207157098885738,0.984190673828125,1.0,0.8486920892307463,0.15130791076925365,0.8486920892307463,0.9897959183673469,0.9965986394557823,0.15758126766574776,0.17125545070679454,1.00687183498172,klt,n/a,0,nan,n/a,nan,n/a,n/a,n/a,n/a,n/a,n/a,n/a,False,n/a,False,n/a,False,n/a,0,0,0,0,nan,nan,nan,nan,nan,nan,nan,nan,nan,nan,0,nan,0,False,n/a,0.0,klt,healthy,normal,healthy,0.6431497819717282,n/a,294,56,0,0,0,0,0,0,0,0,0,0,0,0,0,0,0,0,0,0,0,0,0,0,0,0.0,0.0,0.0,212.29241183027625
2446,raw_data/harbor_images_sequence_06/frame002446.png,350,53,53,0.15142857142857144,350,297,1.0,24,24,35.0,56.42856979370117,0.7828571428571428,0.005647875834256411,0.8950504064559937,0.6510832905769348,0.6148526668548584,1.2383644580841064,1.3403995037078857,0.0,nan,nan,92.56401062011719,34.208621978759766,37.53311538696289,2441.7041015625,0.0001220703125,0.0080322265625,0.21861673990885422,0.10745089501142502,0.0,1.0,1.0,0.9796142578125,0.7601915995279948,0.47531982421874985,0.6243023793354179,0.98393798828125,1.0,0.8492740430886097,0.15072595691139035,0.8492740430886097,1.0,0.9865319865319865,0.07609348448344479,0.20103108985803037,0.9865310000009866,klt,n/a,0,nan,n/a,nan,n/a,n/a,n/a,n/a,n/a,n/a,n/a,False,n/a,False,n/a,False,n/a,0,0,0,0,nan,nan,nan,nan,nan,nan,nan,nan,nan,nan,0,nan,0,False,n/a,0.0,klt,healthy,normal,healthy,0.6419587564056788,n/a,297,53,0,0,0,0,0,0,0,0,0,0,0,0,0,0,0,0,0,0,0,0,0,0,0,0.0,0.0,0.0,208.61798990517855
2447,raw_data/harbor_images_sequence_06/frame002447.png,350,43,43,0.12285714285714286,350,307,1.0,24,24,35.5,56.58571243286133,0.7828571428571428,0.00611672131344676,0.8956071138381958,0.6336961984634399,0.6027131080627441,1.2552123069763184,1.3634382486343384,0.0,nan,nan,92.24012756347656,34.373741149902344,37.771446228027344,2488.550048828125,0.0001312255859375,0.0081146240234375,0.21916488049077062,0.10887186229228973,0.0,1.0,1.0,0.9793853759765625,0.7638609144422743,0.47400428682215057,0.629366507885432,0.9837237548828125,1.0,0.850097561244582,0.14990243875541798,0.850097561244582,0.993485342019544,0.9511400651465798,0.10335247705169848,0.22245860747573065,0.9573760855263663,klt,n/a,0,nan,n/a,nan,n/a,n/a,n/a,n/a,n/a,n/a,n/a,False,n/a,False,n/a,False,n/a,0,0,0,0,nan,nan,nan,nan,nan,nan,nan,nan,nan,nan,0,nan,0,False,n/a,0.0,klt,healthy,normal,healthy,0.6411016557009708,n/a,307,43,0,0,0,0,0,0,0,0,0,0,0,0,0,0,0,0,0,0,0,0,0,0,0,0.0,0.0,0.0,217.44527202099562
2448,raw_data/harbor_images_sequence_06/frame002448.png,350,39,39,0.11142857142857143,350,311,1.0,24,24,36.0,57.271427154541016,0.7942857142857143,0.005534736439585686,0.8929053544998169,0.629569411277771,0.5967280864715576,1.2593183517456055,1.374281644821167,0.0,nan,nan,92.53868103027344,34.4710807800293,38.02701950073242,2517.21484375,0.0001312255859375,0.0082550048828125,0.21954963534486066,0.10950534790754318,0.0,1.0,1.0,0.979034423828125,0.7660240173339844,0.47308087517233444,0.631887799365954,0.983487548828125,1.0,0.8504741243171818,0.14952587568281817,0.8504741243171818,0.9935691318327974,0.9742765273311897,0.07821965141247743,0.20804213136369165,0.9805815373435013,klt,n/a,0,nan,n/a,nan,n/a,n/a,n/a,n/a,n/a,n/a,n/a,False,n/a,False,n/a,False,n/a,0,0,0,0,nan,nan,nan,nan,nan,nan,nan,nan,nan,nan,0,nan,0,False,n/a,0.0,klt,healthy,normal,healthy,0.6416783147454523,n/a,311,39,0,0,0,0,0,0,0,0,0,0,0,0,0,0,0,0,0,0,0,0,0,0,0,0.0,0.0,0.0,209.02138808742166
2449,raw_data/harbor_images_sequence_06/frame002449.png,350,33,33,0.09428571428571429,350,317,1.0,24,24,37.0,57.29142761230469,0.7914285714285715,0.006707991473376751,0.8846974968910217,0.6115067005157471,0.5833391547203064,1.2777483463287354,1.391515851020813,0.0,nan,nan,93.03150939941406,34.638824462890625,38.24517822265625,2534.74462890625,0.0001220703125,0.0084320068359375,0.22054052614698225,0.10995393246412277,0.0,1.0,1.0,0.9786148071289062,0.7697516547309028,0.47070273724724265,0.6347711284202759,0.9831854248046875,1.0,0.8508660195365054,0.14913398046349458,0.8508660195365054,0.9495268138801262,0.9842271293375394,0.18254469569181847,0.2545634148625622,1.0365437588559083,klt,n/a,0,nan,n/a,nan,n/a,n/a,n/a,n/a,n/a,n/a,n/a,False,n/a,False,n/a,False,n/a,0,0,0,0,nan,nan,nan,nan,nan,nan,nan,nan,nan,nan,0,nan,0,False,n/a,0.0,klt,healthy,normal,healthy,0.6398174634054976,n/a,317,33,0,0,0,0,0,0,0,0,0,0,0,0,0,0,0,0,0,0,0,0,0,0,0,0.0,0.0,0.0,202.33033830299973
2450,raw_data/harbor_images_sequence_06/frame002450.png,350,31,31,0.08857142857142856,350,319,1.0,24,24,38.0,57.939998626708984,0.8,0.007456977851688862,0.8878781795501709,0.6236705780029297,0.5818926692008972,1.2652448415756226,1.3884859085083008,0.0,nan,nan,92.87125396728516,34.71091842651367,38.37344741821289,2533.70849609375,0.0001190185546875,0.0086181640625,0.21921736174938727,0.11045050621032715,0.0,1.0,1.0,0.9781570434570312,0.7713537428114149,0.47387833180147054,0.6367007491564509,0.9827789306640625,1.0,0.8516550865430375,0.14834491345696255,0.8516550865430375,0.9498432601880877,0.9780564263322884,0.19272813678219716,0.25675143381132953,1.0297018862214464,klt,n/a,0,nan,n/a,nan,n/a,n/a,n/a,n/a,n/a,n/a,n/a,False,n/a,False,n/a,False,n/a,0,0,0,0,nan,nan,nan,nan,nan,nan,nan,nan,nan,nan,0,nan,0,False,n/a,0.0,klt,healthy,normal,healthy,0.6397299426475469,n/a,319,31,0,0,0,0,0,0,0,0,0,0,0,0,0,0,0,0,0,0,0,0,0,0,0,0.0,0.0,0.0,204.1134531609714
2451,raw_data/harbor_images_sequence_06/frame002451.png,350,34,34,0.09714285714285714,350,316,1.0,24,24,38.5,58.12571334838867,0.8057142857142857,0.006825611460953951,0.8923945426940918,0.635485053062439,0.5964599847793579,1.2534468173980713,1.3648180961608887,0.0,nan,nan,92.79032897949219,34.86731719970703,38.52519989013672,2546.422607421875,0.0001373291015625,0.0088165283203125,0.22028013939950983,0.11144070327281952,0.0,1.0,1.0,0.9776153564453125,0.7748292711046006,0.47132766544117644,0.6406889611723448,0.98253173828125,1.0,0.8521138081053108,0.1478861918946892,0.8521138081053108,0.9430379746835443,0.930379746835443,0.22416534054277704,0.22842107400676026,0.9865761350400715,klt,n/a,0,nan,n/a,nan,n/a,n/a,n/a,n/a,n/a,n/a,n/a,False,n/a,False,n/a,False,n/a,0,0,0,0,nan,nan,nan,nan,nan,nan,nan,nan,nan,nan,0,nan,0,False,n/a,0.0,klt,healthy,normal,healthy,0.6236954355207421,n/a,316,34,0,0,0,0,0,0,0,0,0,0,0,0,0,0,0,0,0,0,0,0,0,0,0,0.0,0.0,0.0,228.14415022730827
2452,raw_data/harbor_images_sequence_06/frame002452.png,350,32,32,0.09142857142857143,350,318,1.0,24,24,38.0,57.862857818603516,0.8142857142857143,0.008068675175309181,0.8834900856018066,0.6205700635910034,0.5879525542259216,1.2684067487716675,1.3746041059494019,0.0,nan,nan,93.17759704589844,34.930686950683594,38.757572174072266,2567.76318359375,0.0001251220703125,0.008978271484375,0.22059806674134502,0.11183589696884155,0.0,1.0,1.0,0.9772415161132812,0.7762374877929688,0.470564639820772,0.6422912370074879,0.982147216796875,1.0,0.8523003114923691,0.14769968850763093,0.8523003114923691,0.9716981132075472,0.9779874213836478,0.16557866892211637,0.2777160961952826,1.0064714561232264,klt,n/a,0,nan,n/a,nan,n/a,n/a,n/a,n/a,n/a,n/a,n/a,False,n/a,False,n/a,False,n/a,0,0,0,0,nan,nan,nan,nan,nan,nan,nan,nan,nan,nan,0,nan,0,False,n/a,0.0,klt,healthy,normal,healthy,0.6388913561521887,n/a,318,32,0,0,0,0,0,0,0,0,0,0,0,0,0,0,0,0,0,0,0,0,0,0,0,0.0,0.0,0.0,213.0779572762549
2453,raw_data/harbor_images_sequence_06/frame002453.png,350,33,33,0.09428571428571429,350,317,1.0,24,24,39.0,58.10285568237305,0.82,0.007254484109580517,0.8870894908905029,0.6259610056877136,0.5897110104560852,1.2629314661026,1.3732801675796509,0.0,nan,nan,93.5665512084961,35.077754974365234,39.047508239746094,2606.421875,0.00013427734375,0.0091583251953125,0.2227982943665748,0.11217941343784332,0.0,1.0,1.0,0.9767684936523438,0.7795056660970052,0.4652840935202205,0.6447060454072374,0.9817901611328125,1.0,0.85216480737959,0.14783519262041,0.85216480737959,0.9495268138801262,0.9779179810725552,0.18296292106794504,0.2714535463328831,1.029899247581191,klt,n/a,0,nan,n/a,nan,n/a,n/a,n/a,n/a,n/a,n/a,n/a,False,n/a,False,n/a,False,n/a,0,0,0,0,nan,nan,nan,nan,nan,nan,nan,nan,nan,nan,0,nan,0,False,n/a,0.0,klt,healthy,normal,healthy,0.6391418581466848,n/a,317,33,0,0,0,0,0,0,0,0,0,0,0,0,0,0,0,0,0,0,0,0,0,0,0,0.0,0.0,0.0,202.48490991070867
2454,raw_data/harbor_images_sequence_06/frame002454.png,350,37,37,0.10571428571428572,350,313,1.0,24,24,39.0,58.10285568237305,0.8228571428571428,0.006926570553332567,0.8897583484649658,0.6304490566253662,0.5943014025688171,1.2584359645843506,1.3700926303863525,0.0,nan,nan,93.66748046875,35.247894287109375,39.25466537475586,2619.192626953125,0.0001312255859375,0.009368896484375,0.22281290091720285,0.11238424479961395,0.0,1.0,1.0,0.9762496948242188,0.7832865397135417,0.4652490377987132,0.6470620080377116,0.981466064453125,1.0,0.852814618268064,0.14718538173193596,0.852814618268064,0.9968051118210862,0.9840255591054313,0.09031667216847747,0.3033484020599886,0.9871784968369567,klt,n/a,0,nan,n/a,nan,n/a,n/a,n/a,n/a,n/a,n/a,n/a,False,n/a,False,n/a,False,n/a,0,0,0,0,nan,nan,nan,nan,nan,nan,nan,nan,nan,nan,0,nan,0,False,n/a,0.0,klt,healthy,normal,healthy,0.6378660639176005,n/a,313,37,0,0,0,0,0,0,0,0,0,0,0,0,0,0,0,0,0,0,0,0,0,0,0,0.0,0.0,0.0,201.45347015932202
2455,raw_data/harbor_images_sequence_06/frame002455.png,350,26,26,0.07428571428571429,350,324,1.0,24,24,38.5,58.30571365356445,0.8428571428571429,0.008279433473944664,0.8844491243362427,0.6205062866210938,0.5747057795524597,1.2684619426727295,1.4069530963897705,0.0,nan,nan,93.97834014892578,35.43055725097656,39.456932067871094,2638.299560546875,0.0001373291015625,0.0096282958984375,0.22494652841605395,0.11250265687704086,0.0,1.0,1.0,0.9755859375,0.7873457166883681,0.4601283318014705,0.6493607148829132,0.98099365234375,1.0,0.8527526698813848,0.14724733011861524,0.8527526698813848,0.9691358024691358,0.9660493827160493,0.18090218910610978,0.28922915257290877,0.9968142580642687,klt,n/a,0,nan,n/a,nan,n/a,n/a,n/a,n/a,n/a,n/a,n/a,False,n/a,False,n/a,False,n/a,0,0,0,0,nan,nan,nan,nan,nan,nan,nan,nan,nan,nan,0,nan,0,False,n/a,0.0,klt,healthy,normal,healthy,0.6384308338970837,n/a,324,26,0,0,0,0,0,0,0,0,0,0,0,0,0,0,0,0,0,0,0,0,0,0,0,0.0,0.0,0.0,200.7484962232411
2456,raw_data/harbor_images_sequence_06/frame002456.png,350,30,30,0.08571428571428572,350,320,1.0,24,24,39.5,59.0,0.8314285714285714,0.006782981567084789,0.8823556303977966,0.6172442436218262,0.5856491327285767,1.271803379058838,1.3763707876205444,0.0,nan,nan,94.04423522949219,35.405845642089844,39.77903747558594,2672.054443359375,0.0001434326171875,0.0097625732421875,0.22463502173330274,0.11276215314865112,0.0,1.0,1.0,0.9752349853515625,0.7867965698242188,0.46087594784007346,0.6496759057044983,0.9807025146484375,1.0,0.8527696788821499,0.14723032111785006,0.8527696788821499,0.975,0.925,0.0976404141539356,0.28153180903216823,0.9487169756748968,klt,n/a,0,nan,n/a,nan,n/a,n/a,n/a,n/a,n/a,n/a,n/a,False,n/a,False,n/a,False,n/a,0,0,0,0,nan,nan,nan,nan,nan,nan,nan,nan,nan,nan,0,nan,0,False,n/a,0.0,klt,healthy,normal,healthy,0.616593617254481,n/a,320,30,0,0,0,0,0,0,0,0,0,0,0,0,0,0,0,0,0,0,0,0,0,0,0,0.0,0.0,0.0,208.29726429656148
2457,raw_data/harbor_images_sequence_06/frame002457.png,350,35,35,0.1,350,315,1.0,24,24,40.5,59.477142333984375,0.8114285714285714,0.006616853177547455,0.8925602436065674,0.6312086582183838,0.5966868996620178,1.2576806545257568,1.3663069009780884,0.0,nan,nan,94.1573486328125,35.61499786376953,40.00772476196289,2702.2119140625,0.000146484375,0.0099700927734375,0.22649218091777737,0.1130870133638382,0.0,1.0,1.0,0.9747085571289062,0.7914443969726562,0.4564187657973343,0.6527381379495967,0.9803125,1.0,0.8529843082577659,0.14701569174223406,0.8529843082577659,0.9904761904761905,0.9873015873015873,0.14418456672508104,0.2894312510841856,0.99679386541645,klt,n/a,0,nan,n/a,nan,n/a,n/a,n/a,n/a,n/a,n/a,n/a,False,n/a,False,n/a,False,n/a,0,0,0,0,nan,nan,nan,nan,nan,nan,nan,nan,nan,nan,0,nan,0,False,n/a,0.0,klt,healthy,normal,healthy,0.6384227499566326,n/a,315,35,0,0,0,0,0,0,0,0,0,0,0,0,0,0,0,0,0,0,0,0,0,0,0,0.0,0.0,0.0,213.33991177380085
2458,raw_data/harbor_images_sequence_06/frame002458.png,350,33,33,0.09428571428571429,350,317,1.0,24,24,39.5,59.37714385986328,0.8085714285714286,0.007847461849451065,0.8901393413543701,0.6201198101043701,0.5912299752235413,1.2688559293746948,1.3723174333572388,0.0,nan,nan,93.93792724609375,35.862709045410156,40.30816650390625,2715.98779296875,0.000146484375,0.0101409912109375,0.22954956653071387,0.1142861545085907,0.0,1.0,1.0,0.9742813110351562,0.7969490898980035,0.4490810403262867,0.6582158051957988,0.979906005859375,1.0,0.8531992507327177,0.14680074926728226,0.8531992507327177,0.9621451104100947,0.9842271293375394,0.15484558068452356,0.27661431494085714,1.022949756475171,klt,n/a,0,nan,n/a,nan,n/a,n/a,n/a,n/a,n/a,n/a,n/a,False,n/a,False,n/a,False,n/a,0,0,0,0,nan,nan,nan,nan,nan,nan,nan,nan,nan,nan,0,nan,0,False,n/a,0.0,klt,healthy,normal,healthy,0.6389354274023658,n/a,317,33,0,0,0,0,0,0,0,0,0,0,0,0,0,0,0,0,0,0,0,0,0,0,0,0.0,0.0,0.0,212.684519123286
2459,raw_data/harbor_images_sequence_06/frame002459.png,350,37,37,0.10571428571428572,350,313,1.0,24,24,39.0,59.79999923706055,0.7971428571428572,0.007292727008461952,0.8897934556007385,0.635053277015686,0.5931015610694885,1.2538728713989258,1.3745903968811035,0.0,nan,nan,93.52008056640625,35.42613220214844,40.12921905517578,2710.343505859375,0.0001434326171875,0.010162353515625,0.22356953639610144,0.11331349611282349,0.0,1.0,1.0,0.9742355346679688,0.7872473822699653,0.4634331126493566,0.6511543641186723,0.9799774169921875,1.0,0.853195754517234,0.14680424548276605,0.853195754517234,0.9840255591054313,0.9776357827476039,0.1037971129955009,0.2795467435363103,0.9935054838726739,klt,n/a,0,nan,n/a,nan,n/a,n/a,n/a,n/a,n/a,n/a,n/a,False,n/a,False,n/a,False,n/a,0,0,0,0,nan,nan,nan,nan,nan,nan,nan,nan,nan,nan,0,nan,0,False,n/a,0.0,klt,healthy,normal,healthy,0.6388181302585476,n/a,313,37,0,0,0,0,0,0,0,0,0,0,0,0,0,0,0,0,0,0,0,0,0,0,0,0.0,0.0,0.0,204.2164341546595
2460,raw_data/harbor_images_sequence_06/frame002460.png,350,36,36,0.10285714285714286,350,314,1.0,24,24,40.0,59.36571502685547,0.7857142857142857,0.00727324141189456,0.8949819803237915,0.6419080495834351,0.5956003069877625,1.2471704483032227,1.3711601495742798,0.0,nan,nan,94.07412719726562,35.47211837768555,40.3056755065918,2717.28466796875,0.000146484375,0.01038818359375,0.22261107800053612,0.11310651898384094,0.0,1.0,1.0,0.973663330078125,0.7882692972819011,0.4657334127987134,0.6511949190587709,0.979576416015625,1.0,0.853552568323013,0.14644743167698704,0.853552568323013,0.9840764331210191,0.9808917197452229,0.1178598212274582,0.27039534472774024,0.9967627411537193,klt,n/a,0,nan,n/a,nan,n/a,n/a,n/a,n/a,n/a,n/a,n/a,False,n/a,False,n/a,False,n/a,0,0,0,0,nan,nan,nan,nan,nan,nan,nan,nan,nan,nan,0,nan,0,False,n/a,0.0,klt,healthy,normal,healthy,0.6391841862108905,n/a,314,36,0,0,0,0,0,0,0,0,0,0,0,0,0,0,0,0,0,0,0,0,0,0,0,0.0,0.0,0.0,205.83082595840096
2461,raw_data/harbor_images_sequence_06/frame002461.png,350,29,29,0.08285714285714285,350,321,1.0,24,24,40.5,58.771427154541016,0.7971428571428572,0.0061292690224945545,0.8918532133102417,0.6370442509651184,0.5859913229942322,1.2519149780273438,1.3932068347930908,0.0,nan,nan,94.1469497680664,35.58489990234375,40.57130432128906,2728.36279296875,0.0001434326171875,0.0106201171875,0.2224080463484222,0.11352421343326569,0.0,1.0,1.0,0.9730911254882812,0.7907755533854167,0.46622068876378675,0.6533973526774031,0.9791424560546875,1.0,0.8540911275763436,0.14590887242365636,0.8540911275763436,0.9937694704049844,0.9719626168224299,0.10829676644019548,0.25883913126256275,0.9780554421448372,klt,n/a,0,nan,n/a,nan,n/a,n/a,n/a,n/a,n/a,n/a,n/a,False,n/a,False,n/a,False,n/a,0,0,0,0,nan,nan,nan,nan,nan,nan,nan,nan,nan,nan,0,nan,0,False,n/a,0.0,klt,healthy,normal,healthy,0.6396464347494976,n/a,321,29,0,0,0,0,0,0,0,0,0,0,0,0,0,0,0,0,0,0,0,0,0,0,0,0.0,0.0,0.0,210.2767708711326
2462,raw_data/harbor_images_sequence_06/frame002462.png,350,29,29,0.08285714285714285,350,321,1.0,24,24,40.5,58.71714401245117,0.8142857142857143,0.006709203589707613,0.8924831748008728,0.6314374208450317,0.5926500558853149,1.2574526071548462,1.3696284294128418,0.0,nan,nan,94.18862915039062,35.899349212646484,40.824485778808594,2740.015625,0.00015869140625,0.0107666015625,0.22692514756146606,0.11423331499099731,0.0,1.0,1.0,0.972686767578125,0.7977633158365885,0.4553796458524815,0.658502828352379,0.9788238525390625,1.0,0.8539569309837423,0.14604306901625774,0.8539569309837423,0.9750778816199377,0.9657320872274143,0.11760788160719372,0.24976145251836906,0.990414319734835,klt,n/a,0,nan,n/a,nan,n/a,n/a,n/a,n/a,n/a,n/a,n/a,False,n/a,False,n/a,False,n/a,0,0,0,0,nan,nan,nan,nan,nan,nan,nan,nan,nan,nan,0,nan,0,False,n/a,0.0,klt,healthy,normal,healthy,0.6400095418992653,n/a,321,29,0,0,0,0,0,0,0,0,0,0,0,0,0,0,0,0,0,0,0,0,0,0,0,0.0,0.0,0.0,214.21811683103442
2463,raw_data/harbor_images_sequence_06/frame002463.png,350,29,29,0.08285714285714285,350,321,1.0,24,24,41.5,59.50285720825195,0.8342857142857143,0.007532442919909954,0.8859472870826721,0.6120932102203369,0.5894032716751099,1.2771356105804443,1.378883957862854,0.0,nan,nan,94.17344665527344,35.933204650878906,40.89545440673828,2732.011962890625,0.0001434326171875,0.011004638671875,0.2246580236098346,0.11464418470859528,0.0,1.0,1.0,0.9721298217773438,0.7985156589084201,0.460820743336397,0.6598127947010175,0.9782965087890625,1.0,0.854867687640853,0.14513231235914703,0.854867687640853,0.9781931464174455,0.9781931464174455,0.21907733797148368,0.2667583775870108,0.9999989777080515,klt,n/a,0,nan,n/a,nan,n/a,n/a,n/a,n/a,n/a,n/a,n/a,False,n/a,False,n/a,False,n/a,0,0,0,0,nan,nan,nan,nan,nan,nan,nan,nan,nan,nan,0,nan,0,False,n/a,0.0,klt,healthy,normal,healthy,0.6393296648965197,n/a,321,29,0,0,0,0,0,0,0,0,0,0,0,0,0,0,0,0,0,0,0,0,0,0,0,0.0,0.0,0.0,204.62993206456304
2464,raw_data/harbor_images_sequence_06/frame002464.png,350,30,30,0.08571428571428572,350,320,1.0,24,24,42.0,59.862857818603516,0.8542857142857143,0.008352259173989296,0.89281165599823,0.6198533773422241,0.5933808088302612,1.2691283226013184,1.366808533668518,0.0,nan,nan,93.08756256103516,35.91621780395508,40.66059112548828,2712.7958984375,0.00015869140625,0.0110076904296875,0.22536011340571382,0.11460424214601517,0.0,1.0,1.0,0.9720840454101562,0.798138173421224,0.45913572782628687,0.659533273406101,0.9782855224609375,1.0,0.854546792311834,0.14545320768816605,0.854546792311834,0.98125,0.971875,0.1335153931252446,0.2829970454477455,0.9904448505020632,klt,n/a,0,nan,n/a,nan,n/a,n/a,n/a,n/a,n/a,n/a,n/a,False,n/a,False,n/a,False,n/a,0,0,0,0,nan,nan,nan,nan,nan,nan,nan,nan,nan,nan,0,nan,0,False,n/a,0.0,klt,healthy,normal,healthy,0.6386801181820903,n/a,320,30,0,0,0,0,0,0,0,0,0,0,0,0,0,0,0,0,0,0,0,0,0,0,0,0.0,0.0,0.0,206.6967822611332
2465,raw_data/harbor_images_sequence_06/frame002465.png,350,29,29,0.08285714285714285,350,321,1.0,24,24,42.5,60.362857818603516,0.8485714285714285,0.007465260103344917,0.8820990324020386,0.6165279746055603,0.5936883687973022,1.2725414037704468,1.3657183647155762,0.0,nan,nan,93.4286880493164,36.000762939453125,40.878395080566406,2722.942138671875,0.00015869140625,0.0112274169921875,0.22402455348594524,0.11490963399410248,0.0,1.0,1.0,0.9715347290039062,0.8000169542100695,0.4623410716337314,0.6611667361825404,0.977752685546875,1.0,0.8553191214891169,0.14468087851088307,0.8553191214891169,0.9937694704049844,0.9781931464174455,0.09240932084030598,0.2698837897071471,0.9843250283124323,klt,n/a,0,nan,n/a,nan,n/a,n/a,n/a,n/a,n/a,n/a,n/a,False,n/a,False,n/a,False,n/a,0,0,0,0,nan,nan,nan,nan,nan,nan,nan,nan,nan,nan,0,nan,0,False,n/a,0.0,klt,healthy,normal,healthy,0.6392046484117142,n/a,321,29,0,0,0,0,0,0,0,0,0,0,0,0,0,0,0,0,0,0,0,0,0,0,0,0.0,0.0,0.0,210.94905491918325
2466,raw_data/harbor_images_sequence_06/frame002466.png,350,31,31,0.08857142857142856,350,319,1.0,24,24,42.0,60.41999816894531,0.8428571428571429,0.006977667100727558,0.8915805220603943,0.6253101825714111,0.6015929579734802,1.2635927200317383,1.352992296218872,0.0,nan,nan,93.15260314941406,36.21529769897461,40.922542572021484,2723.43701171875,0.0001708984375,0.0113922119140625,0.22512791353113512,0.1157163456082344,0.0,1.0,1.0,0.9710922241210938,0.8047843933105469,0.45969300752527575,0.6653838912194425,0.977489013671875,1.0,0.855957622911981,0.14404237708801904,0.855957622911981,0.987460815047022,0.987460815047022,0.11061174395849475,0.2675204627118271,0.9999989873026128,klt,n/a,0,nan,n/a,nan,n/a,n/a,n/a,n/a,n/a,n/a,n/a,False,n/a,False,n/a,False,n/a,0,0,0,0,nan,nan,nan,nan,nan,nan,nan,nan,nan,nan,0,nan,0,False,n/a,0.0,klt,healthy,normal,healthy,0.639299181491527,n/a,319,31,0,0,0,0,0,0,0,0,0,0,0,0,0,0,0,0,0,0,0,0,0,0,0,0.0,0.0,0.0,204.04083980247378
2467,raw_data/harbor_images_sequence_06/frame002467.png,350,30,30,0.08571428571428572,350,320,1.0,24,24,42.5,60.73143005371094,0.84,0.007049246691167355,0.8976069688796997,0.6467345952987671,0.6129509806632996,1.2425146102905273,1.3325636386871338,0.0,nan,nan,93.44281768798828,36.43596649169922,41.25836944580078,2759.619140625,0.0001678466796875,0.0116546630859375,0.22711720485313264,0.11632829904556274,0.0,1.0,1.0,0.9704437255859375,0.8096881442599826,0.4549187083524817,0.6692265699608158,0.97697265625,1.0,0.8562299913211557,0.14377000867884426,0.8562299913211557,0.978125,0.9875,0.21569917265138341,0.2698817422362762,1.009583632374561,klt,n/a,0,nan,n/a,nan,n/a,n/a,n/a,n/a,n/a,n/a,n/a,False,n/a,False,n/a,False,n/a,0,0,0,0,nan,nan,nan,nan,nan,nan,nan,nan,nan,nan,0,nan,0,False,n/a,0.0,klt,healthy,normal,healthy,0.639204730310549,n/a,320,30,0,0,0,0,0,0,0,0,0,0,0,0,0,0,0,0,0,0,0,0,0,0,0,0.0,0.0,0.0,223.32708491012454
2468,raw_data/harbor_images_sequence_06/frame002468.png,350,28,28,0.08,350,322,1.0,24,24,43.5,61.38285827636719,0.8371428571428572,0.006841971538960934,0.9016679525375366,0.6519556045532227,0.6022711396217346,1.2375372648239136,1.3546115159988403,0.0,nan,nan,93.68060302734375,36.71025466918945,41.423545837402344,2776.58447265625,0.0001678466796875,0.011871337890625,0.22927761900658702,0.11711044609546661,0.0,1.0,1.0,0.9699020385742188,0.815783437093099,0.4497337143841912,0.6740518233089736,0.9764837646484374,1.0,0.856720221769848,0.14327977823015203,0.856720221769848,0.9968944099378882,0.9782608695652174,0.1786526108262592,0.24289001030764418,0.9813074268504939,klt,n/a,0,nan,n/a,nan,n/a,n/a,n/a,n/a,n/a,n/a,n/a,False,n/a,False,n/a,False,n/a,0,0,0,0,nan,nan,nan,nan,nan,nan,nan,nan,nan,nan,0,nan,0,False,n/a,0.0,klt,healthy,normal,healthy,0.6402843995876943,n/a,322,28,0,0,0,0,0,0,0,0,0,0,0,0,0,0,0,0,0,0,0,0,0,0,0,0.0,0.0,0.0,212.6827472820878
2469,raw_data/harbor_images_sequence_06/frame002469.png,350,32,32,0.09142857142857143,350,318,1.0,24,24,40.5,61.08856964111328,0.84,0.00641922652721405,0.8970481753349304,0.6344945430755615,0.6122967600822449,1.2544231414794922,1.3336646556854248,0.0,nan,nan,93.42254638671875,36.91438674926758,41.661476135253906,2813.03369140625,0.0001617431640625,0.0120574951171875,0.22846475937787225,0.11887335777282715,0.0,1.0,1.0,0.969451904296875,0.8203197055392795,0.45168457749310664,0.6803265749806104,0.9761102294921875,1.0,0.8582142367965779,0.14178576320342207,0.8582142367965779,0.9905660377358491,0.9905660377358491,0.08667737603136205,0.25313978644540375,0.9999989904772096,klt,n/a,0,nan,n/a,nan,n/a,n/a,n/a,n/a,n/a,n/a,n/a,False,n/a,False,n/a,False,n/a,0,0,0,0,nan,nan,nan,nan,nan,nan,nan,nan,nan,nan,0,nan,0,False,n/a,0.0,klt,healthy,normal,healthy,0.6398744085421839,n/a,318,32,0,0,0,0,0,0,0,0,0,0,0,0,0,0,0,0,0,0,0,0,0,0,0,0.0,0.0,0.0,209.27500119432807
2470,raw_data/harbor_images_sequence_06/frame002470.png,350,25,25,0.07142857142857142,350,325,1.0,24,24,41.5,61.79428482055664,0.8514285714285714,0.006805472541600466,0.8962068557739258,0.6423127055168152,0.6036084890365601,1.246781587600708,1.348185420036316,0.0,nan,nan,93.97140502929688,37.14976501464844,41.80731964111328,2819.355712890625,0.0001617431640625,0.012261962890625,0.22941512463139566,0.11937585473060608,0.0,1.0,1.0,0.9689407348632812,0.8255503336588542,0.4494037008846504,0.6840839275808046,0.9756378173828125,1.0,0.8588837866991725,0.14111621330082746,0.8588837866991725,0.9815384615384616,0.9815384615384616,0.11847363878066218,0.25595988535241865,0.9999989811922605,klt,n/a,0,nan,n/a,nan,n/a,n/a,n/a,n/a,n/a,n/a,n/a,False,n/a,False,n/a,False,n/a,0,0,0,0,nan,nan,nan,nan,nan,nan,nan,nan,nan,nan,0,nan,0,False,n/a,0.0,klt,healthy,normal,healthy,0.6397616045859034,n/a,325,25,0,0,0,0,0,0,0,0,0,0,0,0,0,0,0,0,0,0,0,0,0,0,0,0.0,0.0,0.0,203.80994491279125
2471,raw_data/harbor_images_sequence_06/frame002471.png,350,22,22,0.06285714285714286,350,328,1.0,24,24,41.0,61.46571350097656,0.8514285714285714,0.007632980588823557,0.8948086500167847,0.6477826237678528,0.605398952960968,1.2415106296539307,1.3490049839019775,0.0,nan,nan,93.84049224853516,37.38029861450195,42.097938537597656,2836.66357421875,0.0001800537109375,0.0124969482421875,0.22756880816291364,0.12047195434570312,0.0,1.0,1.0,0.9683074951171875,0.8306733025444879,0.45383486040900733,0.6891365475124783,0.975302734375,1.0,0.8606291259406595,0.13937087405934045,0.8606291259406595,0.9847560975609756,0.9817073170731707,0.11314635757139482,0.2588363048577797,0.9969030124328542,klt,n/a,0,nan,n/a,nan,n/a,n/a,n/a,n/a,n/a,n/a,n/a,False,n/a,False,n/a,False,n/a,0,0,0,0,nan,nan,nan,nan,nan,nan,nan,nan,nan,nan,0,nan,0,False,n/a,0.0,klt,healthy,normal,healthy,0.6396465478056889,n/a,328,22,0,0,0,0,0,0,0,0,0,0,0,0,0,0,0,0,0,0,0,0,0,0,0,0.0,0.0,0.0,199.3991993367672
2472,raw_data/harbor_images_sequence_06/frame002472.png,350,26,26,0.07428571428571429,350,324,1.0,24,24,39.0,60.06571578979492,0.8485714285714285,0.006539138033986092,0.8993520736694336,0.6507235765457153,0.6093031764030457,1.2387068271636963,1.340734839439392,0.0,nan,nan,93.89095306396484,37.57963180541992,42.33409881591797,2854.7490234375,0.00015869140625,0.012689208984375,0.22599139045266542,0.12174956500530243,0.0,1.0,1.0,0.9678802490234375,0.8351029290093316,0.45762066291360304,0.6942550213348986,0.974775390625,1.0,0.8622220001695247,0.13777799983047534,0.8622220001695247,0.9907407407407407,0.8641975308641975,0.1382203189119564,0.25786531652596273,0.8722732628768312,klt,n/a,0,nan,n/a,nan,n/a,n/a,n/a,n/a,n/a,n/a,n/a,False,n/a,False,n/a,False,n/a,0,0,0,0,nan,nan,nan,nan,nan,nan,nan,nan,nan,nan,0,nan,0,False,n/a,0.0,klt,healthy,normal,healthy,0.5482447032402566,n/a,324,26,0,0,0,0,0,0,0,0,0,0,0,0,0,0,0,0,0,0,0,0,0,0,0,0.0,0.0,0.0,199.63333383202553
2473,raw_data/harbor_images_sequence_06/frame002473.png,350,24,24,0.06857142857142857,350,326,1.0,24,24,39.5,60.31999969482422,0.8571428571428571,0.007019363343715668,0.9023555517196655,0.653553307056427,0.6121926307678223,1.2360256910324097,1.3367253541946411,0.0,nan,nan,94.2821044921875,37.86118698120117,42.55023956298828,2848.3173828125,0.0001922607421875,0.0129669189453125,0.22602370318244483,0.12261177599430084,0.0,1.0,1.0,0.96710205078125,0.8413597106933594,0.4575431123621324,0.6993429826064543,0.9742425537109375,1.0,0.8634471582430825,0.1365528417569175,0.8634471582430825,0.9877300613496932,0.9877300613496932,0.1526071530049835,0.2712374826429957,0.9999989875786647,klt,n/a,0,nan,n/a,nan,n/a,n/a,n/a,n/a,n/a,n/a,n/a,False,n/a,False,n/a,False,n/a,0,0,0,0,nan,nan,nan,nan,nan,nan,nan,nan,nan,nan,0,nan,0,False,n/a,0.0,klt,healthy,normal,healthy,0.6391505006942803,n/a,326,24,0,0,0,0,0,0,0,0,0,0,0,0,0,0,0,0,0,0,0,0,0,0,0,0.0,0.0,0.0,195.65035589039326
2474,raw_data/harbor_images_sequence_06/frame002474.png,350,25,25,0.07142857142857142,350,325,1.0,24,24,37.0,59.522857666015625,0.8514285714285714,0.006638215389102697,0.8985837697982788,0.6565568447113037,0.6105924844741821,1.233201265335083,1.3423423767089844,0.0,nan,nan,94.13972473144531,38.060203552246094,42.70988082885742,2890.2294921875,0.0001953125,0.0131500244140625,0.22472987156288304,0.12394066154956818,0.0,1.0,1.0,0.9666366577148438,0.8457823011610243,0.46064830824908076,0.7045744722840761,0.973896484375,1.0,0.8649637639565646,0.1350362360434354,0.8649637639565646,0.9907692307692307,0.9907692307692307,0.08787785716476891,0.24200583109500032,0.9999989906842485,klt,n/a,0,nan,n/a,nan,n/a,n/a,n/a,n/a,n/a,n/a,n/a,False,n/a,False,n/a,False,n/a,0,0,0,0,nan,nan,nan,nan,nan,nan,nan,nan,nan,nan,0,nan,0,False,n/a,0.0,klt,healthy,normal,healthy,0.6403197667562001,n/a,325,25,0,0,0,0,0,0,0,0,0,0,0,0,0,0,0,0,0,0,0,0,0,0,0,0.0,0.0,0.0,197.2614978440106
2475,raw_data/harbor_images_sequence_06/frame002475.png,350,23,23,0.06571428571428571,350,327,1.0,24,24,38.0,60.29428482055664,0.86,0.006749084684997797,0.8926430940628052,0.6421288251876831,0.6082509160041809,1.2469565868377686,1.339903712272644,0.0,nan,nan,94.24836730957031,38.38236999511719,42.862220764160156,2916.414306640625,0.0001922607421875,0.013330078125,0.22606158686619182,0.12474202364683151,0.0,1.0,1.0,0.9661941528320312,0.8529415554470486,0.4574521915211397,0.7099753769208687,0.973599853515625,1.0,0.8659526282478909,0.13404737175210912,0.8659526282478909,0.9877675840978594,0.9908256880733946,0.2315272083093536,0.24516093283261575,1.0030949597150098,klt,n/a,0,nan,n/a,nan,n/a,n/a,n/a,n/a,n/a,n/a,n/a,False,n/a,False,n/a,False,n/a,0,0,0,0,nan,nan,nan,nan,nan,nan,nan,nan,nan,nan,0,nan,0,False,n/a,0.0,klt,healthy,normal,healthy,0.6401935626866955,n/a,327,23,0,0,0,0,0,0,0,0,0,0,0,0,0,0,0,0,0,0,0,0,0,0,0,0.0,0.0,0.0,214.7616776637733
2476,raw_data/harbor_images_sequence_06/frame002476.png,350,29,29,0.08285714285714285,350,321,0.9583333333333334,23,24,37.5,60.36857223510742,0.8514285714285714,0.006949197966605425,0.9006749391555786,0.646721363067627,0.6183522939682007,1.2425272464752197,1.3283475637435913,0.0,nan,nan,94.13827514648438,38.455711364746094,43.110626220703125,2923.441162109375,0.0001922607421875,0.0135589599609375,0.2231912859748392,0.12532126903533936,0.0,1.0,1.0,0.9656219482421875,0.8545713636610243,0.464340913660386,0.7121067478199198,0.97303955078125,1.0,0.8672661081261046,0.1327338918738954,0.8672661081261046,0.9937694704049844,0.9968847352024922,0.14281137544124312,0.24099970476135568,1.0031337868152177,klt,n/a,0,nan,n/a,nan,n/a,n/a,n/a,n/a,n/a,n/a,n/a,False,n/a,False,n/a,False,n/a,0,0,0,0,nan,nan,nan,nan,nan,nan,nan,nan,nan,nan,0,nan,0,False,n/a,0.0,klt,healthy,normal,healthy,0.6403600118095458,n/a,321,29,0,0,0,0,0,0,0,0,0,0,0,0,0,0,0,0,0,0,0,0,0,0,0,0.0,0.0,0.0,205.5238583125174
2477,raw_data/harbor_images_sequence_06/frame002477.png,350,25,25,0.07142857142857142,350,325,0.9583333333333334,23,24,37.5,59.80571365356445,0.8428571428571429,0.006332856602966785,0.8974739909172058,0.6535159349441528,0.6133716106414795,1.2360610961914062,1.3365761041641235,0.0,nan,nan,94.27337646484375,38.73955535888672,43.2512321472168,2933.650634765625,0.00018310546875,0.01380615234375,0.2246189970128677,0.12552329897880554,0.0,1.0,1.0,0.96502685546875,0.8608790079752604,0.4609144071691176,0.715719728939461,0.9726055908203125,1.0,0.8678794235389118,0.1321205764610882,0.8678794235389118,0.9938461538461538,0.9753846153846154,0.0945444481200246,0.2224140918312656,0.9814231611067264,klt,n/a,0,nan,n/a,nan,n/a,n/a,n/a,n/a,n/a,n/a,n/a,False,n/a,False,n/a,False,n/a,0,0,0,0,nan,nan,nan,nan,nan,nan,nan,nan,nan,nan,0,nan,0,False,n/a,0.0,klt,healthy,normal,healthy,0.6411034363267494,n/a,325,25,0,0,0,0,0,0,0,0,0,0,0,0,0,0,0,0,0,0,0,0,0,0,0,0.0,0.0,0.0,210.1818290539086
2478,raw_data/harbor_images_sequence_06/frame002478.png,350,22,22,0.06285714285714286,350,328,0.9583333333333334,23,24,38.0,60.38285827636719,0.8542857142857143,0.0063412124291062355,0.898598313331604,0.6452536582946777,0.612733781337738,1.24393892288208,1.3344253301620483,0.0,nan,nan,94.71818542480469,38.86403274536133,43.423274993896484,2949.90185546875,0.0001678466796875,0.014019775390625,0.224478328929228,0.125381201505661,0.0,1.0,1.0,0.9645309448242188,0.8636451721191406,0.46125201056985277,0.7167798622087999,0.97194091796875,1.0,0.8682864540561634,0.13171354594383655,0.8682864540561634,0.9939024390243902,0.9908536585365854,0.13473141005403672,0.2229274872042694,0.9969315122897667,klt,n/a,0,nan,n/a,nan,n/a,n/a,n/a,n/a,n/a,n/a,n/a,False,n/a,False,n/a,False,n/a,0,0,0,0,nan,nan,nan,nan,nan,nan,nan,nan,nan,nan,0,nan,0,False,n/a,0.0,klt,healthy,normal,healthy,0.6410829005118293,n/a,328,22,0,0,0,0,0,0,0,0,0,0,0,0,0,0,0,0,0,0,0,0,0,0,0,0.0,0.0,0.0,213.28322822228074
2479,raw_data/harbor_images_sequence_06/frame002479.png,350,22,22,0.06285714285714286,350,328,0.9583333333333334,23,24,39.0,61.15142822265625,0.8514285714285714,0.006602733861654997,0.8978757262229919,0.6385769248008728,0.6077231764793396,1.250413417816162,1.3416086435317993,0.0,nan,nan,93.77583312988281,38.873268127441406,43.060569763183594,2925.26611328125,0.00015869140625,0.0139801025390625,0.2246865246342678,0.12539070844650269,0.0,1.0,1.0,0.9646530151367188,0.8638504028320313,0.4607523408777573,0.7169040842489762,0.9722540283203125,1.0,0.868289469688232,0.13171053031176805,0.868289469688232,0.9969512195121951,0.9969512195121951,0.10949047941327548,0.2415856076027032,0.9999989969429022,klt,n/a,0,nan,n/a,nan,n/a,n/a,n/a,n/a,n/a,n/a,n/a,False,n/a,False,n/a,False,n/a,0,0,0,0,nan,nan,nan,nan,nan,nan,nan,nan,nan,nan,0,nan,0,False,n/a,0.0,klt,healthy,normal,healthy,0.6403365756958919,n/a,328,22,0,0,0,0,0,0,0,0,0,0,0,0,0,0,0,0,0,0,0,0,0,0,0,0.0,0.0,0.0,221.69664222747087
2480,raw_data/harbor_images_sequence_06/frame002480.png,350,25,25,0.07142857142857142,350,325,0.9583333333333334,23,24,40.0,61.07428741455078,0.8685714285714285,0.007137970998883247,0.8999993205070496,0.6558572053909302,0.6222012042999268,1.233856201171875,1.3187849521636963,0.0,nan,nan,94.00434112548828,39.01416778564453,43.15243148803711,2941.111328125,0.0001708984375,0.0140838623046875,0.22530276728611368,0.12552927434444427,0.0,1.0,1.0,0.9643630981445312,0.8669815063476562,0.4592733585133272,0.7187845585021106,0.97158935546875,1.0,0.8686091310793065,0.13139086892069352,0.8686091310793065,0.9969230769230769,0.9969230769230769,0.17242691072751978,0.24173398833872778,0.9999989969145864,klt,n/a,0,nan,n/a,nan,n/a,n/a,n/a,n/a,n/a,n/a,n/a,False,n/a,False,n/a,False,n/a,0,0,0,0,nan,nan,nan,nan,nan,nan,nan,nan,nan,nan,0,nan,0,False,n/a,0.0,klt,healthy,normal,healthy,0.6403306404664509,n/a,325,25,0,0,0,0,0,0,0,0,0,0,0,0,0,0,0,0,0,0,0,0,0,0,0,0.0,0.0,0.0,201.41717791557312
2481,raw_data/harbor_images_sequence_06/frame002481.png,350,26,26,0.07428571428571429,350,324,1.0,24,24,40.5,61.44285583496094,0.8685714285714285,0.006447668187320232,0.8924583196640015,0.6512547731399536,0.6209936738014221,1.2382020950317383,1.3225009441375732,0.0,nan,nan,93.9745101928711,39.12628173828125,43.2926139831543,2938.09423828125,0.000177001953125,0.0143402099609375,0.22591695448931523,0.1263260692358017,0.0,1.0,1.0,0.9637069702148438,0.8694729275173612,0.4577993092256435,0.7218411665673208,0.971248779296875,1.0,0.8689693577653457,0.13103064223465433,0.8689693577653457,0.9969135802469136,1.0,0.11766931518852776,0.23554530513547428,1.003094969031672,klt,n/a,0,nan,n/a,nan,n/a,n/a,n/a,n/a,n/a,n/a,n/a,False,n/a,False,n/a,False,n/a,0,0,0,0,nan,nan,nan,nan,nan,nan,nan,nan,nan,nan,0,nan,0,False,n/a,0.0,klt,healthy,normal,healthy,0.6405781877945811,n/a,324,26,0,0,0,0,0,0,0,0,0,0,0,0,0,0,0,0,0,0,0,0,0,0,0,0.0,0.0,0.0,213.66199618205428
2482,raw_data/harbor_images_sequence_06/frame002482.png,350,24,24,0.06857142857142857,350,326,1.0,24,24,41.0,62.031429290771484,0.8742857142857143,0.006740317679941654,0.9022096395492554,0.6502687931060791,0.6186729073524475,1.2391388416290283,1.3245376348495483,0.0,nan,nan,94.28639221191406,39.220516204833984,43.37312698364258,2955.81298828125,0.0001556396484375,0.0145233154296875,0.22599642286113666,0.1260880082845688,0.0,1.0,1.0,0.9633026123046875,0.8715670267740886,0.45760858513327207,0.7223471685792461,0.97062255859375,1.0,0.8691685723532456,0.13083142764675437,0.8691685723532456,0.9785276073619632,1.0,0.21642949648745496,0.21964200769127967,1.021942529300111,klt,n/a,0,nan,n/a,nan,n/a,n/a,n/a,n/a,n/a,n/a,n/a,False,n/a,False,n/a,False,n/a,0,0,0,0,nan,nan,nan,nan,nan,nan,nan,nan,nan,nan,0,nan,0,False,n/a,0.0,klt,healthy,normal,healthy,0.6412143196923489,n/a,326,24,0,0,0,0,0,0,0,0,0,0,0,0,0,0,0,0,0,0,0,0,0,0,0,0.0,0.0,0.0,210.32904973253608
2483,raw_data/harbor_images_sequence_06/frame002483.png,350,23,23,0.06571428571428571,350,327,0.9583333333333334,23,24,40.5,62.31999969482422,0.8657142857142858,0.006701948586851358,0.8982875347137451,0.6584908962249756,0.6247365474700928,1.2313902378082275,1.3129818439483643,0.0,nan,nan,94.37374877929688,39.33550262451172,43.4501953125,2961.965087890625,0.0001708984375,0.0146728515625,0.22725085389380367,0.12611573934555054,0.0,1.0,1.0,0.962890625,0.8741222805447049,0.4545979506548712,0.7236878206031492,0.970216064453125,1.0,0.869140764096612,0.130859235903388,0.869140764096612,1.0,1.0,0.0924427547191427,0.2350363642910499,0.9999990000010001,klt,n/a,0,nan,n/a,nan,n/a,n/a,n/a,n/a,n/a,n/a,n/a,False,n/a,False,n/a,False,n/a,0,0,0,0,nan,nan,nan,nan,nan,nan,nan,nan,nan,nan,0,nan,0,False,n/a,0.0,klt,healthy,normal,healthy,0.640598545428358,n/a,327,23,0,0,0,0,0,0,0,0,0,0,0,0,0,0,0,0,0,0,0,0,0,0,0,0.0,0.0,0.0,213.718397077173
2484,raw_data/harbor_images_sequence_06/frame002484.png,350,27,27,0.07714285714285714,350,323,1.0,24,24,39.5,61.4571418762207,0.8542857142857143,0.009244687855243683,0.9007810354232788,0.6604204177856445,0.6199018955230713,1.2295966148376465,1.3214329481124878,0.0,nan,nan,92.33345031738281,39.26318359375,42.93120574951172,2880.2470703125,0.0001922607421875,0.014398193359375,0.2262695432176777,0.12683123350143433,0.0,1.0,1.0,0.9635238647460938,0.8725151909722222,0.4569530962775735,0.7245103988984618,0.97101806640625,1.0,0.8695004520172487,0.13049954798275132,0.8695004520172487,0.9938080495356038,0.9938080495356038,0.17467787268433563,0.2643350282190066,0.9999989937704828,klt,n/a,0,nan,n/a,nan,n/a,n/a,n/a,n/a,n/a,n/a,n/a,False,n/a,False,n/a,False,n/a,0,0,0,0,nan,nan,nan,nan,nan,nan,nan,nan,nan,nan,0,nan,0,False,n/a,0.0,klt,healthy,normal,healthy,0.6394265988712398,n/a,323,27,0,0,0,0,0,0,0,0,0,0,0,0,0,0,0,0,0,0,0,0,0,0,0,0.0,0.0,0.0,210.2230479940772
2485,raw_data/harbor_images_sequence_06/frame002485.png,350,24,24,0.06857142857142857,350,326,1.0,24,24,40.0,62.01142883300781,0.86,0.006460531614720821,0.8996384143829346,0.6678483486175537,0.6209722757339478,1.2227461338043213,1.3191039562225342,0.0,nan,nan,92.67726135253906,39.352012634277344,43.13945770263672,2908.495849609375,0.0001861572265625,0.0146209716796875,0.22733245550417444,0.1264420449733734,0.0,1.0,1.0,0.962982177734375,0.8744891696506076,0.4544021067899814,0.7246128688556979,0.970457763671875,1.0,0.8692938667197916,0.13070613328020841,0.8692938667197916,0.9938650306748467,0.9938650306748467,0.13326561110309715,0.21069550947252785,0.9999989938281728,klt,n/a,0,nan,n/a,nan,n/a,n/a,n/a,n/a,n/a,n/a,n/a,False,n/a,False,n/a,False,n/a,0,0,0,0,nan,nan,nan,nan,nan,nan,nan,nan,nan,nan,0,nan,0,False,n/a,0.0,klt,healthy,normal,healthy,0.6415721796210989,n/a,326,24,0,0,0,0,0,0,0,0,0,0,0,0,0,0,0,0,0,0,0,0,0,0,0,0.0,0.0,0.0,213.9526503160596
2486,raw_data/harbor_images_sequence_06/frame002486.png,350,26,26,0.07428571428571429,350,324,0.9583333333333334,23,24,41.0,62.42856979370117,0.8571428571428571,0.0068893106654286385,0.9035015106201172,0.6587063670158386,0.6307204365730286,1.2311890125274658,1.3100042343139648,0.0,nan,nan,92.4450454711914,39.57054138183594,43.02347946166992,2910.218017578125,0.000201416015625,0.0146697998046875,0.22823685290766701,0.12664112448692322,0.0,1.0,1.0,0.9628219604492188,0.8793453640407987,0.45223155302159923,0.7274934194906794,0.9701995849609375,1.0,0.869883681798364,0.13011631820163605,0.869883681798364,0.9938271604938271,0.9938271604938271,0.13819356554065576,0.2184692285297663,0.9999989937898323,klt,n/a,0,nan,n/a,nan,n/a,n/a,n/a,n/a,n/a,n/a,n/a,False,n/a,False,n/a,False,n/a,0,0,0,0,nan,nan,nan,nan,nan,nan,nan,nan,nan,nan,0,nan,0,False,n/a,0.0,klt,healthy,normal,healthy,0.6412612308588094,n/a,324,26,0,0,0,0,0,0,0,0,0,0,0,0,0,0,0,0,0,0,0,0,0,0,0,0.0,0.0,0.0,206.50375494733453
2487,raw_data/harbor_images_sequence_06/frame002487.png,350,23,23,0.06571428571428571,350,327,0.9583333333333334,23,24,40.5,62.271427154541016,0.8514285714285714,0.005804694723337889,0.8937045931816101,0.6405776143074036,0.6160705089569092,1.2484626770019531,1.3263620138168335,0.0,nan,nan,92.84710693359375,39.61667251586914,43.08110809326172,2909.49169921875,0.0001953125,0.0149169921875,0.22803879980947458,0.12618297338485718,0.0,1.0,1.0,0.96221923828125,0.8803705003526475,0.45270688045726104,0.7269647351419082,0.9696942138671875,1.0,0.8699071529491444,0.13009284705085555,0.8699071529491444,0.9969418960244648,0.9938837920489296,0.10983631221813007,0.22364004247857966,0.9969315153478358,klt,n/a,0,nan,n/a,nan,n/a,n/a,n/a,n/a,n/a,n/a,n/a,False,n/a,False,n/a,False,n/a,0,0,0,0,nan,nan,nan,nan,nan,nan,nan,nan,nan,nan,0,nan,0,False,n/a,0.0,klt,healthy,normal,healthy,0.6410543983008569,n/a,327,23,0,0,0,0,0,0,0,0,0,0,0,0,0,0,0,0,0,0,0,0,0,0,0,0.0,0.0,0.0,216.59366227686405
2488,raw_data/harbor_images_sequence_06/frame002488.png,350,30,30,0.08571428571428572,350,320,1.0,24,24,41.5,62.985713958740234,0.8571428571428571,0.006994386203587055,0.9061436653137207,0.6769063472747803,0.6379912495613098,1.2145496606826782,1.2976621389389038,0.0,nan,nan,92.70909118652344,39.69358825683594,43.238487243652344,2918.79931640625,0.0002044677734375,0.015057373046875,0.22809945200003834,0.12662310898303986,0.0,1.0,1.0,0.9618453979492188,0.8820797390407986,0.45256131519990805,0.7288196626636717,0.96956787109375,1.0,0.8702620323520549,0.1297379676479451,0.8702620323520549,0.99375,0.984375,0.16293090566737112,0.23452813326804695,0.9905650409408393,klt,n/a,0,nan,n/a,nan,n/a,n/a,n/a,n/a,n/a,n/a,n/a,False,n/a,False,n/a,False,n/a,0,0,0,0,nan,nan,nan,nan,nan,nan,nan,nan,nan,nan,0,nan,0,False,n/a,0.0,klt,healthy,normal,healthy,0.6406188746692781,n/a,320,30,0,0,0,0,0,0,0,0,0,0,0,0,0,0,0,0,0,0,0,0,0,0,0,0.0,0.0,0.0,207.05437567085028
2489,raw_data/harbor_images_sequence_06/frame002489.png,350,24,24,0.06857142857142857,350,326,0.9583333333333334,23,24,42.0,63.514286041259766,0.8571428571428571,0.007188457064330578,0.9045735597610474,0.6596463918685913,0.6329502463340759,1.230312705039978,1.3043065071105957,0.0,nan,nan,92.93949890136719,39.69844055175781,43.236576080322266,2917.949951171875,0.0002197265625,0.015118408203125,0.228649549297258,0.1257592886686325,0.0,1.0,1.0,0.9616546630859375,0.8821875678168403,0.45124108168658084,0.7269103490644031,0.9692767333984375,1.0,0.8698206650360893,0.13017933496391065,0.8698206650360893,1.0,1.0,0.08182729238585582,0.22098411670881368,0.9999990000010001,klt,n/a,0,nan,n/a,nan,n/a,n/a,n/a,n/a,n/a,n/a,n/a,False,n/a,False,n/a,False,n/a,0,0,0,0,nan,nan,nan,nan,nan,nan,nan,nan,nan,nan,0,nan,0,False,n/a,0.0,klt,healthy,normal,healthy,0.6411606353316475,n/a,326,24,0,0,0,0,0,0,0,0,0,0,0,0,0,0,0,0,0,0,0,0,0,0,0,0.0,0.0,0.0,230.4802411235869
2490,raw_data/harbor_images_sequence_06/frame002490.png,350,23,23,0.06571428571428571,350,327,0.9583333333333334,23,24,41.5,63.74285888671875,0.8657142857142858,0.007042590528726578,0.9061780571937561,0.6772783994674683,0.6372387409210205,1.2142162322998047,1.3014918565750122,0.0,nan,nan,93.12944030761719,39.63591766357422,43.253360748291016,2944.81982421875,0.0001983642578125,0.015155029296875,0.22736787683823537,0.12526050209999084,0.0,1.0,1.0,0.9616165161132812,0.8807981703016493,0.4543170955882352,0.7250820444689856,0.9690185546875,1.0,0.8698451143696728,0.13015488563032718,0.8698451143696728,0.9969418960244648,0.9724770642201835,0.12017621954435324,0.24367193101348822,0.9754591442480364,klt,n/a,0,nan,n/a,nan,n/a,n/a,n/a,n/a,n/a,n/a,n/a,False,n/a,False,n/a,False,n/a,0,0,0,0,nan,nan,nan,nan,nan,nan,nan,nan,nan,nan,0,nan,0,False,n/a,0.0,klt,healthy,normal,healthy,0.6402531227594606,n/a,327,23,0,0,0,0,0,0,0,0,0,0,0,0,0,0,0,0,0,0,0,0,0,0,0,0.0,0.0,0.0,219.96379690244794
